{
  "type": "FeatureCollection",
  "name": "511ia_cameras",
  "features": [
    {
      "type": "Feature",
      "geometry": {
        "type": "Point",
        "coordinates": [
          -91.62111,
          42.0256
        ]
      },
      "properties": {
        "camera_uri": "camera/59545666",
        "title": "Collins Rd: CR - Collins Rd @ 1st Ave E (42)",
        "jpg_urls": [
          "https://iowadotsnapshot.us-east-1.skyvdn.com/thumbs/crtv42lb.flv.jpg"
        ],
        "m3u8_urls": [
          "https://iowadotsfs2.us-east-1.skyvdn.com:443/rtplive/crtv42lb/playlist.m3u8"
        ],
        "views": [
          {
            "uri": "camera/59545666/1859980849",
            "category": "VIDEO",
            "jpg_url": "https://iowadotsnapshot.us-east-1.skyvdn.com/thumbs/crtv42lb.flv.jpg",
            "m3u8_url": "https://iowadotsfs2.us-east-1.skyvdn.com:443/rtplive/crtv42lb/playlist.m3u8"
          }
        ]
      }
    },
    {
      "type": "Feature",
      "geometry": {
        "type": "Point",
        "coordinates": [
          -91.63894,
          42.0281
        ]
      },
      "properties": {
        "camera_uri": "camera/59545972",
        "title": "Collins Rd: CR - Collins Rd @ C Ave NE (40)",
        "jpg_urls": [
          "https://iowadotsnapshot.us-east-1.skyvdn.com/thumbs/crtv40lb.flv.jpg"
        ],
        "m3u8_urls": [
          "https://iowadotsfs2.us-east-1.skyvdn.com:443/rtplive/crtv40lb/playlist.m3u8"
        ],
        "views": [
          {
            "uri": "camera/59545972/3379403720",
            "category": "VIDEO",
            "jpg_url": "https://iowadotsnapshot.us-east-1.skyvdn.com/thumbs/crtv40lb.flv.jpg",
            "m3u8_url": "https://iowadotsfs2.us-east-1.skyvdn.com:443/rtplive/crtv40lb/playlist.m3u8"
          }
        ]
      }
    },
    {
      "type": "Feature",
      "geometry": {
        "type": "Point",
        "coordinates": [
          -91.6581,
          42.02824
        ]
      },
      "properties": {
        "camera_uri": "camera/59545822",
        "title": "Collins Rd: CR - Collins Rd @ Council St NE (37)",
        "jpg_urls": [
          "https://iowadotsnapshot.us-east-1.skyvdn.com/thumbs/crtv37lb.flv.jpg"
        ],
        "m3u8_urls": [
          "https://iowadotsfs2.us-east-1.skyvdn.com:443/rtplive/crtv37lb/playlist.m3u8"
        ],
        "views": [
          {
            "uri": "camera/59545822/3751370543",
            "category": "VIDEO",
            "jpg_url": "https://iowadotsnapshot.us-east-1.skyvdn.com/thumbs/crtv37lb.flv.jpg",
            "m3u8_url": "https://iowadotsfs2.us-east-1.skyvdn.com:443/rtplive/crtv37lb/playlist.m3u8"
          }
        ]
      }
    },
    {
      "type": "Feature",
      "geometry": {
        "type": "Point",
        "coordinates": [
          -91.64367,
          42.02846
        ]
      },
      "properties": {
        "camera_uri": "camera/59545870",
        "title": "Collins Rd: CR - Collins Rd @ F Ave NE (39)",
        "jpg_urls": [
          "https://iowadotsnapshot.us-east-1.skyvdn.com/thumbs/crtv39lb.flv.jpg"
        ],
        "m3u8_urls": [
          "https://iowadotsfs2.us-east-1.skyvdn.com:443/rtplive/crtv39lb/playlist.m3u8"
        ],
        "views": [
          {
            "uri": "camera/59545870/3179253923",
            "category": "VIDEO",
            "jpg_url": "https://iowadotsnapshot.us-east-1.skyvdn.com/thumbs/crtv39lb.flv.jpg",
            "m3u8_url": "https://iowadotsfs2.us-east-1.skyvdn.com:443/rtplive/crtv39lb/playlist.m3u8"
          }
        ]
      }
    },
    {
      "type": "Feature",
      "geometry": {
        "type": "Point",
        "coordinates": [
          -91.64913,
          42.02855
        ]
      },
      "properties": {
        "camera_uri": "camera/59545817",
        "title": "Collins Rd: CR - Collins Rd @ Rockwell Dr NE (38)",
        "jpg_urls": [
          "https://iowadotsnapshot.us-east-1.skyvdn.com/thumbs/crtv38lb.flv.jpg"
        ],
        "m3u8_urls": [
          "https://iowadotsfs2.us-east-1.skyvdn.com:443/rtplive/crtv38lb/playlist.m3u8"
        ],
        "views": [
          {
            "uri": "camera/59545817/3890596071",
            "category": "VIDEO",
            "jpg_url": "https://iowadotsnapshot.us-east-1.skyvdn.com/thumbs/crtv38lb.flv.jpg",
            "m3u8_url": "https://iowadotsfs2.us-east-1.skyvdn.com:443/rtplive/crtv38lb/playlist.m3u8"
          }
        ]
      }
    },
    {
      "type": "Feature",
      "geometry": {
        "type": "Point",
        "coordinates": [
          -96.3957,
          42.49004
        ]
      },
      "properties": {
        "camera_uri": "camera/59546053",
        "title": "Gordon Dr: SC - Gordon Dr @ Court St (42)",
        "jpg_urls": [
          "https://iowadotsnapshot.us-east-1.skyvdn.com/thumbs/sctv42lb.flv.jpg"
        ],
        "m3u8_urls": [
          "https://iowadotsfs2.us-east-1.skyvdn.com:443/rtplive/sctv42lb/playlist.m3u8"
        ],
        "views": [
          {
            "uri": "camera/59546053/1642767150",
            "category": "VIDEO",
            "jpg_url": "https://iowadotsnapshot.us-east-1.skyvdn.com/thumbs/sctv42lb.flv.jpg",
            "m3u8_url": "https://iowadotsfs2.us-east-1.skyvdn.com:443/rtplive/sctv42lb/playlist.m3u8"
          }
        ]
      }
    },
    {
      "type": "Feature",
      "geometry": {
        "type": "Point",
        "coordinates": [
          -96.40394,
          42.48961
        ]
      },
      "properties": {
        "camera_uri": "camera/59545893",
        "title": "Gordon Dr: SC - Gordon Dr @ Nebraska (19)",
        "jpg_urls": [
          "https://iowadotsnapshot.us-east-1.skyvdn.com/thumbs/sctv19lb.flv.jpg"
        ],
        "m3u8_urls": [
          "https://iowadotsfs2.us-east-1.skyvdn.com:443/rtplive/sctv19lb/playlist.m3u8"
        ],
        "views": [
          {
            "uri": "camera/59545893/4272171163",
            "category": "VIDEO",
            "jpg_url": "https://iowadotsnapshot.us-east-1.skyvdn.com/thumbs/sctv19lb.flv.jpg",
            "m3u8_url": "https://iowadotsfs2.us-east-1.skyvdn.com:443/rtplive/sctv19lb/playlist.m3u8"
          }
        ]
      }
    },
    {
      "type": "Feature",
      "geometry": {
        "type": "Point",
        "coordinates": [
          -96.39767,
          42.48973
        ]
      },
      "properties": {
        "camera_uri": "camera/59545668",
        "title": "Gordon Dr: SC - Gordon Dr @ Virginia (20)",
        "jpg_urls": [
          "https://iowadotsnapshot.us-east-1.skyvdn.com/thumbs/sctv20lb.flv.jpg"
        ],
        "m3u8_urls": [
          "https://iowadotsfs2.us-east-1.skyvdn.com:443/rtplive/sctv20lb/playlist.m3u8"
        ],
        "views": [
          {
            "uri": "camera/59545668/2603485239",
            "category": "VIDEO",
            "jpg_url": "https://iowadotsnapshot.us-east-1.skyvdn.com/thumbs/sctv20lb.flv.jpg",
            "m3u8_url": "https://iowadotsfs2.us-east-1.skyvdn.com:443/rtplive/sctv20lb/playlist.m3u8"
          }
        ]
      }
    },
    {
      "type": "Feature",
      "geometry": {
        "type": "Point",
        "coordinates": [
          -93.72684,
          41.59354
        ]
      },
      "properties": {
        "camera_uri": "camera/59546398",
        "title": "I-235: DM - I-235 @ 17th St (116)",
        "jpg_urls": [
          "https://iowadotsnapshot.us-east-1.skyvdn.com/thumbs/dmtv116lb.flv.jpg"
        ],
        "m3u8_urls": [
          "https://iowadotsfs1.us-east-1.skyvdn.com:443/rtplive/dmtv116lb/playlist.m3u8"
        ],
        "views": [
          {
            "uri": "camera/59546398/1447624603",
            "category": "VIDEO",
            "jpg_url": "https://iowadotsnapshot.us-east-1.skyvdn.com/thumbs/dmtv116lb.flv.jpg",
            "m3u8_url": "https://iowadotsfs1.us-east-1.skyvdn.com:443/rtplive/dmtv116lb/playlist.m3u8"
          }
        ]
      }
    },
    {
      "type": "Feature",
      "geometry": {
        "type": "Point",
        "coordinates": [
          -93.73567,
          41.59302
        ]
      },
      "properties": {
        "camera_uri": "camera/59546062",
        "title": "I-235: DM - I-235 @ 22nd St in WDM (16)",
        "jpg_urls": [
          "https://iowadotsnapshot.us-east-1.skyvdn.com/thumbs/dmtv016lb.flv.jpg"
        ],
        "m3u8_urls": [
          "https://iowadotsfs2.us-east-1.skyvdn.com:443/rtplive/dmtv016lb/playlist.m3u8"
        ],
        "views": [
          {
            "uri": "camera/59546062/370475555",
            "category": "VIDEO",
            "jpg_url": "https://iowadotsnapshot.us-east-1.skyvdn.com/thumbs/dmtv016lb.flv.jpg",
            "m3u8_url": "https://iowadotsfs2.us-east-1.skyvdn.com:443/rtplive/dmtv016lb/playlist.m3u8"
          }
        ]
      }
    },
    {
      "type": "Feature",
      "geometry": {
        "type": "Point",
        "coordinates": [
          -93.65452,
          41.59308
        ]
      },
      "properties": {
        "camera_uri": "camera/59546336",
        "title": "I-235: DM - I-235 @ 28th St (11)",
        "jpg_urls": [
          "https://iowadotsnapshot.us-east-1.skyvdn.com/thumbs/dmtv011lb.flv.jpg"
        ],
        "m3u8_urls": [
          "https://iowadotsfs2.us-east-1.skyvdn.com:443/rtplive/dmtv011lb/playlist.m3u8"
        ],
        "views": [
          {
            "uri": "camera/59546336/1300825857",
            "category": "VIDEO",
            "jpg_url": "https://iowadotsnapshot.us-east-1.skyvdn.com/thumbs/dmtv011lb.flv.jpg",
            "m3u8_url": "https://iowadotsfs2.us-east-1.skyvdn.com:443/rtplive/dmtv011lb/playlist.m3u8"
          }
        ]
      }
    },
    {
      "type": "Feature",
      "geometry": {
        "type": "Point",
        "coordinates": [
          -93.74369,
          41.59213
        ]
      },
      "properties": {
        "camera_uri": "camera/59546188",
        "title": "I-235: DM - I-235 @ 28th St (117)",
        "jpg_urls": [
          "https://iowadotsnapshot.us-east-1.skyvdn.com/thumbs/dmtv117lb.flv.jpg"
        ],
        "m3u8_urls": [
          "https://iowadotsfs1.us-east-1.skyvdn.com:443/rtplive/dmtv117lb/playlist.m3u8"
        ],
        "views": [
          {
            "uri": "camera/59546188/75063670",
            "category": "VIDEO",
            "jpg_url": "https://iowadotsnapshot.us-east-1.skyvdn.com/thumbs/dmtv117lb.flv.jpg",
            "m3u8_url": "https://iowadotsfs1.us-east-1.skyvdn.com:443/rtplive/dmtv117lb/playlist.m3u8"
          }
        ]
      }
    },
    {
      "type": "Feature",
      "geometry": {
        "type": "Point",
        "coordinates": [
          -93.61978,
          41.59572
        ]
      },
      "properties": {
        "camera_uri": "camera/59546004",
        "title": "I-235: DM - I-235 @ 2nd Ave (07)",
        "jpg_urls": [
          "https://iowadotsnapshot.us-east-1.skyvdn.com/thumbs/dmtv07lb.flv.jpg"
        ],
        "m3u8_urls": [
          "https://iowadotsfs2.us-east-1.skyvdn.com:443/rtplive/dmtv07lb/playlist.m3u8"
        ],
        "views": [
          {
            "uri": "camera/59546004/1240708957",
            "category": "VIDEO",
            "jpg_url": "https://iowadotsnapshot.us-east-1.skyvdn.com/thumbs/dmtv07lb.flv.jpg",
            "m3u8_url": "https://iowadotsfs2.us-east-1.skyvdn.com:443/rtplive/dmtv07lb/playlist.m3u8"
          }
        ]
      }
    },
    {
      "type": "Feature",
      "geometry": {
        "type": "Point",
        "coordinates": [
          -93.66572,
          41.59342
        ]
      },
      "properties": {
        "camera_uri": "camera/59545662",
        "title": "I-235: DM - I-235 @ 35th St (12)",
        "jpg_urls": [
          "https://iowadotsnapshot.us-east-1.skyvdn.com/thumbs/dmtv012lb.flv.jpg"
        ],
        "m3u8_urls": [
          "https://iowadotsfs2.us-east-1.skyvdn.com:443/rtplive/dmtv012lb/playlist.m3u8"
        ],
        "views": [
          {
            "uri": "camera/59545662/1332308110",
            "category": "VIDEO",
            "jpg_url": "https://iowadotsnapshot.us-east-1.skyvdn.com/thumbs/dmtv012lb.flv.jpg",
            "m3u8_url": "https://iowadotsfs2.us-east-1.skyvdn.com:443/rtplive/dmtv012lb/playlist.m3u8"
          }
        ]
      }
    },
    {
      "type": "Feature",
      "geometry": {
        "type": "Point",
        "coordinates": [
          -93.67437,
          41.59119
        ]
      },
      "properties": {
        "camera_uri": "camera/59546041",
        "title": "I-235: DM - I-235 @ 42nd St (13)",
        "jpg_urls": [
          "https://iowadotsnapshot.us-east-1.skyvdn.com/thumbs/dmtv013lb.flv.jpg"
        ],
        "m3u8_urls": [
          "https://iowadotsfs2.us-east-1.skyvdn.com:443/rtplive/dmtv013lb/playlist.m3u8"
        ],
        "views": [
          {
            "uri": "camera/59546041/2497100761",
            "category": "VIDEO",
            "jpg_url": "https://iowadotsnapshot.us-east-1.skyvdn.com/thumbs/dmtv013lb.flv.jpg",
            "m3u8_url": "https://iowadotsfs2.us-east-1.skyvdn.com:443/rtplive/dmtv013lb/playlist.m3u8"
          }
        ]
      }
    },
    {
      "type": "Feature",
      "geometry": {
        "type": "Point",
        "coordinates": [
          -93.76205,
          41.59207
        ]
      },
      "properties": {
        "camera_uri": "camera/59546155",
        "title": "I-235: DM - I-235 @ 42nd St (72)",
        "jpg_urls": [
          "https://iowadotsnapshot.us-east-1.skyvdn.com/thumbs/dmtv72lb.flv.jpg"
        ],
        "m3u8_urls": [
          "https://iowadotsfs1.us-east-1.skyvdn.com:443/rtplive/dmtv72lb/playlist.m3u8"
        ],
        "views": [
          {
            "uri": "camera/59546155/467656958",
            "category": "VIDEO",
            "jpg_url": "https://iowadotsnapshot.us-east-1.skyvdn.com/thumbs/dmtv72lb.flv.jpg",
            "m3u8_url": "https://iowadotsfs1.us-east-1.skyvdn.com:443/rtplive/dmtv72lb/playlist.m3u8"
          }
        ]
      }
    },
    {
      "type": "Feature",
      "geometry": {
        "type": "Point",
        "coordinates": [
          -93.70355,
          41.59299
        ]
      },
      "properties": {
        "camera_uri": "camera/59545909",
        "title": "I-235: DM - I-235 @ 63rd St (15)",
        "jpg_urls": [
          "https://iowadotsnapshot.us-east-1.skyvdn.com/thumbs/dmtv015lb.flv.jpg"
        ],
        "m3u8_urls": [
          "https://iowadotsfs2.us-east-1.skyvdn.com:443/rtplive/dmtv015lb/playlist.m3u8"
        ],
        "views": [
          {
            "uri": "camera/59545909/3763463808",
            "category": "VIDEO",
            "jpg_url": "https://iowadotsnapshot.us-east-1.skyvdn.com/thumbs/dmtv015lb.flv.jpg",
            "m3u8_url": "https://iowadotsfs2.us-east-1.skyvdn.com:443/rtplive/dmtv015lb/playlist.m3u8"
          }
        ]
      }
    },
    {
      "type": "Feature",
      "geometry": {
        "type": "Point",
        "coordinates": [
          -93.71568,
          41.59309
        ]
      },
      "properties": {
        "camera_uri": "camera/59546229",
        "title": "I-235: DM - I-235 @ 73rd St (121)",
        "jpg_urls": [
          "https://iowadotsnapshot.us-east-1.skyvdn.com/thumbs/dmtv121lb.flv.jpg"
        ],
        "m3u8_urls": [
          "https://iowadotsfs2.us-east-1.skyvdn.com:443/rtplive/dmtv121lb/playlist.m3u8"
        ],
        "views": [
          {
            "uri": "camera/59546229/1277336247",
            "category": "VIDEO",
            "jpg_url": "https://iowadotsnapshot.us-east-1.skyvdn.com/thumbs/dmtv121lb.flv.jpg",
            "m3u8_url": "https://iowadotsfs2.us-east-1.skyvdn.com:443/rtplive/dmtv121lb/playlist.m3u8"
          }
        ]
      }
    },
    {
      "type": "Feature",
      "geometry": {
        "type": "Point",
        "coordinates": [
          -93.62684,
          41.59578
        ]
      },
      "properties": {
        "camera_uri": "camera/59546212",
        "title": "I-235: DM - I-235 @ 7th Ave (08)",
        "jpg_urls": [
          "https://iowadotsnapshot.us-east-1.skyvdn.com/thumbs/dmtv08lb.flv.jpg"
        ],
        "m3u8_urls": [
          "https://iowadotsfs2.us-east-1.skyvdn.com:443/rtplive/dmtv08lb/playlist.m3u8"
        ],
        "views": [
          {
            "uri": "camera/59546212/135945089",
            "category": "VIDEO",
            "jpg_url": "https://iowadotsnapshot.us-east-1.skyvdn.com/thumbs/dmtv08lb.flv.jpg",
            "m3u8_url": "https://iowadotsfs2.us-east-1.skyvdn.com:443/rtplive/dmtv08lb/playlist.m3u8"
          }
        ]
      }
    },
    {
      "type": "Feature",
      "geometry": {
        "type": "Point",
        "coordinates": [
          -93.60287,
          41.59505
        ]
      },
      "properties": {
        "camera_uri": "camera/59545810",
        "title": "I-235: DM - I-235 @ E 12th (06)",
        "jpg_urls": [
          "https://iowadotsnapshot.us-east-1.skyvdn.com/thumbs/dmtv06lb.flv.jpg"
        ],
        "m3u8_urls": [
          "https://iowadotsfs2.us-east-1.skyvdn.com:443/rtplive/dmtv06lb/playlist.m3u8"
        ],
        "views": [
          {
            "uri": "camera/59545810/4047333644",
            "category": "VIDEO",
            "jpg_url": "https://iowadotsnapshot.us-east-1.skyvdn.com/thumbs/dmtv06lb.flv.jpg",
            "m3u8_url": "https://iowadotsfs2.us-east-1.skyvdn.com:443/rtplive/dmtv06lb/playlist.m3u8"
          }
        ]
      }
    },
    {
      "type": "Feature",
      "geometry": {
        "type": "Point",
        "coordinates": [
          -93.59886,
          41.59604
        ]
      },
      "properties": {
        "camera_uri": "camera/59545622",
        "title": "I-235: DM - I-235 @ E 14th (05)",
        "jpg_urls": [
          "https://iowadotsnapshot.us-east-1.skyvdn.com/thumbs/dmtv05lb.flv.jpg"
        ],
        "m3u8_urls": [
          "https://iowadotsfs2.us-east-1.skyvdn.com:443/rtplive/dmtv05lb/playlist.m3u8"
        ],
        "views": [
          {
            "uri": "camera/59545622/207605129",
            "category": "VIDEO",
            "jpg_url": "https://iowadotsnapshot.us-east-1.skyvdn.com/thumbs/dmtv05lb.flv.jpg",
            "m3u8_url": "https://iowadotsfs2.us-east-1.skyvdn.com:443/rtplive/dmtv05lb/playlist.m3u8"
          }
        ]
      }
    },
    {
      "type": "Feature",
      "geometry": {
        "type": "Point",
        "coordinates": [
          -93.58053,
          41.60288
        ]
      },
      "properties": {
        "camera_uri": "camera/59546442",
        "title": "I-235: DM - I-235 @ E 21st (04)",
        "jpg_urls": [
          "https://iowadotsnapshot.us-east-1.skyvdn.com/thumbs/dmtv04lb.flv.jpg"
        ],
        "m3u8_urls": [
          "https://iowadotsfs2.us-east-1.skyvdn.com:443/rtplive/dmtv04lb/playlist.m3u8"
        ],
        "views": [
          {
            "uri": "camera/59546442/1631845589",
            "category": "VIDEO",
            "jpg_url": "https://iowadotsnapshot.us-east-1.skyvdn.com/thumbs/dmtv04lb.flv.jpg",
            "m3u8_url": "https://iowadotsfs2.us-east-1.skyvdn.com:443/rtplive/dmtv04lb/playlist.m3u8"
          }
        ]
      }
    },
    {
      "type": "Feature",
      "geometry": {
        "type": "Point",
        "coordinates": [
          -93.57521,
          41.62786
        ]
      },
      "properties": {
        "camera_uri": "camera/59546410",
        "title": "I-235: DM - I-235 @ Euclid (02)",
        "jpg_urls": [
          "https://iowadotsnapshot.us-east-1.skyvdn.com/thumbs/dmtv02lb.flv.jpg"
        ],
        "m3u8_urls": [
          "https://iowadotsfs2.us-east-1.skyvdn.com:443/rtplive/dmtv02lb/playlist.m3u8"
        ],
        "views": [
          {
            "uri": "camera/59546410/2640153056",
            "category": "VIDEO",
            "jpg_url": "https://iowadotsnapshot.us-east-1.skyvdn.com/thumbs/dmtv02lb.flv.jpg",
            "m3u8_url": "https://iowadotsfs2.us-east-1.skyvdn.com:443/rtplive/dmtv02lb/playlist.m3u8"
          }
        ]
      }
    },
    {
      "type": "Feature",
      "geometry": {
        "type": "Point",
        "coordinates": [
          -93.57747,
          41.61505
        ]
      },
      "properties": {
        "camera_uri": "camera/59545958",
        "title": "I-235: DM - I-235 @ Guthrie (03)",
        "jpg_urls": [
          "https://iowadotsnapshot.us-east-1.skyvdn.com/thumbs/dmtv03lb.flv.jpg"
        ],
        "m3u8_urls": [
          "https://iowadotsfs2.us-east-1.skyvdn.com:443/rtplive/dmtv03lb/playlist.m3u8"
        ],
        "views": [
          {
            "uri": "camera/59545958/1258464515",
            "category": "VIDEO",
            "jpg_url": "https://iowadotsnapshot.us-east-1.skyvdn.com/thumbs/dmtv03lb.flv.jpg",
            "m3u8_url": "https://iowadotsfs2.us-east-1.skyvdn.com:443/rtplive/dmtv03lb/playlist.m3u8"
          }
        ]
      }
    },
    {
      "type": "Feature",
      "geometry": {
        "type": "Point",
        "coordinates": [
          -93.57619,
          41.6228
        ]
      },
      "properties": {
        "camera_uri": "camera/59546436",
        "title": "I-235: DM - I-235 @ Hull Ave (108)",
        "jpg_urls": [
          "https://iowadotsnapshot.us-east-1.skyvdn.com/thumbs/dmtv108lb.flv.jpg"
        ],
        "m3u8_urls": [
          "https://iowadotsfs2.us-east-1.skyvdn.com:443/rtplive/dmtv108lb/playlist.m3u8"
        ],
        "views": [
          {
            "uri": "camera/59546436/1634075686",
            "category": "VIDEO",
            "jpg_url": "https://iowadotsnapshot.us-east-1.skyvdn.com/thumbs/dmtv108lb.flv.jpg",
            "m3u8_url": "https://iowadotsfs2.us-east-1.skyvdn.com:443/rtplive/dmtv108lb/playlist.m3u8"
          }
        ]
      }
    },
    {
      "type": "Feature",
      "geometry": {
        "type": "Point",
        "coordinates": [
          -93.57544,
          41.65026
        ]
      },
      "properties": {
        "camera_uri": "camera/59545628",
        "title": "I-235: DM - I-235 @ I-80 (99)",
        "jpg_urls": [
          "https://iowadotsnapshot.us-east-1.skyvdn.com/thumbs/dmtv99lb.flv.jpg"
        ],
        "m3u8_urls": [
          "https://iowadotsfs1.us-east-1.skyvdn.com:443/rtplive/dmtv99lb/playlist.m3u8"
        ],
        "views": [
          {
            "uri": "camera/59545628/2131025372",
            "category": "VIDEO",
            "jpg_url": "https://iowadotsnapshot.us-east-1.skyvdn.com/thumbs/dmtv99lb.flv.jpg",
            "m3u8_url": "https://iowadotsfs1.us-east-1.skyvdn.com:443/rtplive/dmtv99lb/playlist.m3u8"
          }
        ]
      }
    },
    {
      "type": "Feature",
      "geometry": {
        "type": "Point",
        "coordinates": [
          -93.63604,
          41.59621
        ]
      },
      "properties": {
        "camera_uri": "camera/59545980",
        "title": "I-235: DM - I-235 @ Keo Way (09)",
        "jpg_urls": [
          "https://iowadotsnapshot.us-east-1.skyvdn.com/thumbs/dmtv09lb.flv.jpg"
        ],
        "m3u8_urls": [
          "https://iowadotsfs2.us-east-1.skyvdn.com:443/rtplive/dmtv09lb/playlist.m3u8"
        ],
        "views": [
          {
            "uri": "camera/59545980/1657274487",
            "category": "VIDEO",
            "jpg_url": "https://iowadotsnapshot.us-east-1.skyvdn.com/thumbs/dmtv09lb.flv.jpg",
            "m3u8_url": "https://iowadotsfs2.us-east-1.skyvdn.com:443/rtplive/dmtv09lb/playlist.m3u8"
          }
        ]
      }
    },
    {
      "type": "Feature",
      "geometry": {
        "type": "Point",
        "coordinates": [
          -93.64445,
          41.59635
        ]
      },
      "properties": {
        "camera_uri": "camera/59546348",
        "title": "I-235: DM - I-235 @ MLK (10)",
        "jpg_urls": [
          "https://iowadotsnapshot.us-east-1.skyvdn.com/thumbs/dmtv010lb.flv.jpg"
        ],
        "m3u8_urls": [
          "https://iowadotsfs2.us-east-1.skyvdn.com:443/rtplive/dmtv010lb/playlist.m3u8"
        ],
        "views": [
          {
            "uri": "camera/59546348/1961041531",
            "category": "VIDEO",
            "jpg_url": "https://iowadotsnapshot.us-east-1.skyvdn.com/thumbs/dmtv010lb.flv.jpg",
            "m3u8_url": "https://iowadotsfs2.us-east-1.skyvdn.com:443/rtplive/dmtv010lb/playlist.m3u8"
          }
        ]
      }
    },
    {
      "type": "Feature",
      "geometry": {
        "type": "Point",
        "coordinates": [
          -93.57871,
          41.60902
        ]
      },
      "properties": {
        "camera_uri": "camera/59546280",
        "title": "I-235: DM - I-235 @ MM 10.9 (107)",
        "jpg_urls": [
          "https://iowadotsnapshot.us-east-1.skyvdn.com/thumbs/dmtv107lb.flv.jpg"
        ],
        "m3u8_urls": [
          "https://iowadotsfs2.us-east-1.skyvdn.com:443/rtplive/dmtv107lb/playlist.m3u8"
        ],
        "views": [
          {
            "uri": "camera/59546280/3348024880",
            "category": "VIDEO",
            "jpg_url": "https://iowadotsnapshot.us-east-1.skyvdn.com/thumbs/dmtv107lb.flv.jpg",
            "m3u8_url": "https://iowadotsfs2.us-east-1.skyvdn.com:443/rtplive/dmtv107lb/playlist.m3u8"
          }
        ]
      }
    },
    {
      "type": "Feature",
      "geometry": {
        "type": "Point",
        "coordinates": [
          -93.57542,
          41.63523
        ]
      },
      "properties": {
        "camera_uri": "camera/59546418",
        "title": "I-235: DM - I-235 @ MM 13.1 (109)",
        "jpg_urls": [
          "https://iowadotsnapshot.us-east-1.skyvdn.com/thumbs/dmtv109lb.flv.jpg"
        ],
        "m3u8_urls": [
          "https://iowadotsfs2.us-east-1.skyvdn.com:443/rtplive/dmtv109lb/playlist.m3u8"
        ],
        "views": [
          {
            "uri": "camera/59546418/3302401109",
            "category": "VIDEO",
            "jpg_url": "https://iowadotsnapshot.us-east-1.skyvdn.com/thumbs/dmtv109lb.flv.jpg",
            "m3u8_url": "https://iowadotsfs2.us-east-1.skyvdn.com:443/rtplive/dmtv109lb/playlist.m3u8"
          }
        ]
      }
    },
    {
      "type": "Feature",
      "geometry": {
        "type": "Point",
        "coordinates": [
          -93.57598,
          41.6406
        ]
      },
      "properties": {
        "camera_uri": "camera/59546265",
        "title": "I-235: DM - I-235 @ MM 13.1 (98)",
        "jpg_urls": [
          "https://iowadotsnapshot.us-east-1.skyvdn.com/thumbs/dmtv098lb.flv.jpg"
        ],
        "m3u8_urls": [
          "https://iowadotsfs1.us-east-1.skyvdn.com:443/rtplive/dmtv098lb/playlist.m3u8"
        ],
        "views": [
          {
            "uri": "camera/59546265/3134177004",
            "category": "VIDEO",
            "jpg_url": "https://iowadotsnapshot.us-east-1.skyvdn.com/thumbs/dmtv098lb.flv.jpg",
            "m3u8_url": "https://iowadotsfs1.us-east-1.skyvdn.com:443/rtplive/dmtv098lb/playlist.m3u8"
          }
        ]
      }
    },
    {
      "type": "Feature",
      "geometry": {
        "type": "Point",
        "coordinates": [
          -93.69386,
          41.59261
        ]
      },
      "properties": {
        "camera_uri": "camera/59546070",
        "title": "I-235: DM - I-235 @ MM 4.4 (111)",
        "jpg_urls": [
          "https://iowadotsnapshot.us-east-1.skyvdn.com/thumbs/dmtv111lb.flv.jpg"
        ],
        "m3u8_urls": [
          "https://iowadotsfs1.us-east-1.skyvdn.com:443/rtplive/dmtv111lb/playlist.m3u8"
        ],
        "views": [
          {
            "uri": "camera/59546070/3668420463",
            "category": "VIDEO",
            "jpg_url": "https://iowadotsnapshot.us-east-1.skyvdn.com/thumbs/dmtv111lb.flv.jpg",
            "m3u8_url": "https://iowadotsfs1.us-east-1.skyvdn.com:443/rtplive/dmtv111lb/playlist.m3u8"
          }
        ]
      }
    },
    {
      "type": "Feature",
      "geometry": {
        "type": "Point",
        "coordinates": [
          -93.6483,
          41.59551
        ]
      },
      "properties": {
        "camera_uri": "camera/59546238",
        "title": "I-235: DM - I-235 @ MM 6.9 (112)",
        "jpg_urls": [
          "https://iowadotsnapshot.us-east-1.skyvdn.com/thumbs/dmtv112lb.flv.jpg"
        ],
        "m3u8_urls": [
          "https://iowadotsfs1.us-east-1.skyvdn.com:443/rtplive/dmtv112lb/playlist.m3u8"
        ],
        "views": [
          {
            "uri": "camera/59546238/4175436291",
            "category": "VIDEO",
            "jpg_url": "https://iowadotsnapshot.us-east-1.skyvdn.com/thumbs/dmtv112lb.flv.jpg",
            "m3u8_url": "https://iowadotsfs1.us-east-1.skyvdn.com:443/rtplive/dmtv112lb/playlist.m3u8"
          }
        ]
      }
    },
    {
      "type": "Feature",
      "geometry": {
        "type": "Point",
        "coordinates": [
          -93.6325,
          41.59605
        ]
      },
      "properties": {
        "camera_uri": "camera/59545857",
        "title": "I-235: DM - I-235 @ MM 7.7 (113)",
        "jpg_urls": [
          "https://iowadotsnapshot.us-east-1.skyvdn.com/thumbs/dmtv113lb.flv.jpg"
        ],
        "m3u8_urls": [
          "https://iowadotsfs2.us-east-1.skyvdn.com:443/rtplive/dmtv113lb/playlist.m3u8"
        ],
        "views": [
          {
            "uri": "camera/59545857/3587020845",
            "category": "VIDEO",
            "jpg_url": "https://iowadotsnapshot.us-east-1.skyvdn.com/thumbs/dmtv113lb.flv.jpg",
            "m3u8_url": "https://iowadotsfs2.us-east-1.skyvdn.com:443/rtplive/dmtv113lb/playlist.m3u8"
          }
        ]
      }
    },
    {
      "type": "Feature",
      "geometry": {
        "type": "Point",
        "coordinates": [
          -93.59239,
          41.59739
        ]
      },
      "properties": {
        "camera_uri": "camera/59546077",
        "title": "I-235: DM - I-235 @ MM 9.8 (106)",
        "jpg_urls": [
          "https://iowadotsnapshot.us-east-1.skyvdn.com/thumbs/dmtv106lb.flv.jpg"
        ],
        "m3u8_urls": [
          "https://iowadotsfs2.us-east-1.skyvdn.com:443/rtplive/dmtv106lb/playlist.m3u8"
        ],
        "views": [
          {
            "uri": "camera/59546077/3111306120",
            "category": "VIDEO",
            "jpg_url": "https://iowadotsnapshot.us-east-1.skyvdn.com/thumbs/dmtv106lb.flv.jpg",
            "m3u8_url": "https://iowadotsfs2.us-east-1.skyvdn.com:443/rtplive/dmtv106lb/playlist.m3u8"
          }
        ]
      }
    },
    {
      "type": "Feature",
      "geometry": {
        "type": "Point",
        "coordinates": [
          -93.60937,
          41.59477
        ]
      },
      "properties": {
        "camera_uri": "camera/59545878",
        "title": "I-235: DM - I-235 @ Penn Ave (115)",
        "jpg_urls": [
          "https://iowadotsnapshot.us-east-1.skyvdn.com/thumbs/dmtv115lb.flv.jpg"
        ],
        "m3u8_urls": [
          "https://iowadotsfs1.us-east-1.skyvdn.com:443/rtplive/dmtv115lb/playlist.m3u8"
        ],
        "views": [
          {
            "uri": "camera/59545878/3521746370",
            "category": "VIDEO",
            "jpg_url": "https://iowadotsnapshot.us-east-1.skyvdn.com/thumbs/dmtv115lb.flv.jpg",
            "m3u8_url": "https://iowadotsfs1.us-east-1.skyvdn.com:443/rtplive/dmtv115lb/playlist.m3u8"
          }
        ]
      }
    },
    {
      "type": "Feature",
      "geometry": {
        "type": "Point",
        "coordinates": [
          -93.6816,
          41.59175
        ]
      },
      "properties": {
        "camera_uri": "camera/59545670",
        "title": "I-235: DM - I-235 @ Polk Blvd (14)",
        "jpg_urls": [
          "https://iowadotsnapshot.us-east-1.skyvdn.com/thumbs/dmtv014lb.flv.jpg"
        ],
        "m3u8_urls": [
          "https://iowadotsfs2.us-east-1.skyvdn.com:443/rtplive/dmtv014lb/playlist.m3u8"
        ],
        "views": [
          {
            "uri": "camera/59545670/4252858961",
            "category": "VIDEO",
            "jpg_url": "https://iowadotsnapshot.us-east-1.skyvdn.com/thumbs/dmtv014lb.flv.jpg",
            "m3u8_url": "https://iowadotsfs2.us-east-1.skyvdn.com:443/rtplive/dmtv014lb/playlist.m3u8"
          }
        ]
      }
    },
    {
      "type": "Feature",
      "geometry": {
        "type": "Point",
        "coordinates": [
          -93.75179,
          41.59226
        ]
      },
      "properties": {
        "camera_uri": "camera/59545693",
        "title": "I-235: DM - I-235 @ Valley West in WDM (17)",
        "jpg_urls": [
          "https://iowadotsnapshot.us-east-1.skyvdn.com/thumbs/dmtv017lb.flv.jpg"
        ],
        "m3u8_urls": [
          "https://iowadotsfs2.us-east-1.skyvdn.com:443/rtplive/dmtv017lb/playlist.m3u8"
        ],
        "views": [
          {
            "uri": "camera/59545693/1553657233",
            "category": "VIDEO",
            "jpg_url": "https://iowadotsnapshot.us-east-1.skyvdn.com/thumbs/dmtv017lb.flv.jpg",
            "m3u8_url": "https://iowadotsfs2.us-east-1.skyvdn.com:443/rtplive/dmtv017lb/playlist.m3u8"
          }
        ]
      }
    },
    {
      "type": "Feature",
      "geometry": {
        "type": "Point",
        "coordinates": [
          -93.62455,
          41.59534
        ]
      },
      "properties": {
        "camera_uri": "camera/59545884",
        "title": "I-235: DM - I-235 E @ 5th Ave (114)",
        "jpg_urls": [
          "https://iowadotsnapshot.us-east-1.skyvdn.com/thumbs/dmtv114lb.flv.jpg"
        ],
        "m3u8_urls": [
          "https://iowadotsfs2.us-east-1.skyvdn.com:443/rtplive/dmtv114lb/playlist.m3u8"
        ],
        "views": [
          {
            "uri": "camera/59545884/3389348698",
            "category": "VIDEO",
            "jpg_url": "https://iowadotsnapshot.us-east-1.skyvdn.com/thumbs/dmtv114lb.flv.jpg",
            "m3u8_url": "https://iowadotsfs2.us-east-1.skyvdn.com:443/rtplive/dmtv114lb/playlist.m3u8"
          }
        ]
      }
    },
    {
      "type": "Feature",
      "geometry": {
        "type": "Point",
        "coordinates": [
          -93.77784,
          41.59225
        ]
      },
      "properties": {
        "camera_uri": "camera/59545712",
        "title": "I-235: DM - I-35/80/235 @ West Mixmaster (44Q)",
        "jpg_urls": [
          "https://iowadotsnapshot.us-east-1.skyvdn.com/thumbs/dmtv44qlb.flv.jpg"
        ],
        "m3u8_urls": [
          "https://iowadotsfs1.us-east-1.skyvdn.com:443/rtplive/dmtv44qlb/playlist.m3u8"
        ],
        "views": [
          {
            "uri": "camera/59545712/845103002",
            "category": "VIDEO",
            "jpg_url": "https://iowadotsnapshot.us-east-1.skyvdn.com/thumbs/dmtv44qlb.flv.jpg",
            "m3u8_url": "https://iowadotsfs1.us-east-1.skyvdn.com:443/rtplive/dmtv44qlb/playlist.m3u8"
          }
        ]
      }
    },
    {
      "type": "Feature",
      "geometry": {
        "type": "Point",
        "coordinates": [
          -93.73568,
          41.59301
        ]
      },
      "properties": {
        "camera_uri": "camera/59546452",
        "title": "I-235: WWD - I-235 @ 22nd St in WDM (26)",
        "jpg_urls": [
          "https://iowadotsnapshot.us-east-1.skyvdn.com/thumbs/wwdtv026lb.flv.jpg"
        ],
        "m3u8_urls": [
          "https://iowadotsfs1.us-east-1.skyvdn.com:443/rtplive/wwdtv026lb/playlist.m3u8"
        ],
        "views": [
          {
            "uri": "camera/59546452/3583653101",
            "category": "VIDEO",
            "jpg_url": "https://iowadotsnapshot.us-east-1.skyvdn.com/thumbs/wwdtv026lb.flv.jpg",
            "m3u8_url": "https://iowadotsfs1.us-east-1.skyvdn.com:443/rtplive/wwdtv026lb/playlist.m3u8"
          }
        ]
      }
    },
    {
      "type": "Feature",
      "geometry": {
        "type": "Point",
        "coordinates": [
          -93.59901,
          41.5959
        ]
      },
      "properties": {
        "camera_uri": "camera/59546399",
        "title": "I-235: WWD - I-235 @ E 14th St (24)",
        "jpg_urls": [
          "https://iowadotsnapshot.us-east-1.skyvdn.com/thumbs/wwdtv024lb.flv.jpg"
        ],
        "m3u8_urls": [
          "https://iowadotsfs1.us-east-1.skyvdn.com:443/rtplive/wwdtv024lb/playlist.m3u8"
        ],
        "views": [
          {
            "uri": "camera/59546399/3407905536",
            "category": "VIDEO",
            "jpg_url": "https://iowadotsnapshot.us-east-1.skyvdn.com/thumbs/wwdtv024lb.flv.jpg",
            "m3u8_url": "https://iowadotsfs1.us-east-1.skyvdn.com:443/rtplive/wwdtv024lb/playlist.m3u8"
          }
        ]
      }
    },
    {
      "type": "Feature",
      "geometry": {
        "type": "Point",
        "coordinates": [
          -93.58048,
          41.60282
        ]
      },
      "properties": {
        "camera_uri": "camera/59546412",
        "title": "I-235: WWD - I-235 @ MM 10.5 (68)",
        "jpg_urls": [
          "https://iowadotsnapshot.us-east-1.skyvdn.com/thumbs/wwd68lb.flv.jpg"
        ],
        "m3u8_urls": [
          "https://iowadotsfs1.us-east-1.skyvdn.com:443/rtplive/wwd68lb/playlist.m3u8"
        ],
        "views": [
          {
            "uri": "camera/59546412/990620329",
            "category": "VIDEO",
            "jpg_url": "https://iowadotsnapshot.us-east-1.skyvdn.com/thumbs/wwd68lb.flv.jpg",
            "m3u8_url": "https://iowadotsfs1.us-east-1.skyvdn.com:443/rtplive/wwd68lb/playlist.m3u8"
          }
        ]
      }
    },
    {
      "type": "Feature",
      "geometry": {
        "type": "Point",
        "coordinates": [
          -93.61956,
          41.59574
        ]
      },
      "properties": {
        "camera_uri": "camera/59546422",
        "title": "I-235: WWD - I-235 @ MM 8.3 (67)",
        "jpg_urls": [
          "https://iowadotsnapshot.us-east-1.skyvdn.com/thumbs/wwd67lb.flv.jpg"
        ],
        "m3u8_urls": [
          "https://iowadotsfs1.us-east-1.skyvdn.com:443/rtplive/wwd67lb/playlist.m3u8"
        ],
        "views": [
          {
            "uri": "camera/59546422/1111915257",
            "category": "VIDEO",
            "jpg_url": "https://iowadotsnapshot.us-east-1.skyvdn.com/thumbs/wwd67lb.flv.jpg",
            "m3u8_url": "https://iowadotsfs1.us-east-1.skyvdn.com:443/rtplive/wwd67lb/playlist.m3u8"
          }
        ]
      }
    },
    {
      "type": "Feature",
      "geometry": {
        "type": "Point",
        "coordinates": [
          -90.61432,
          41.4649
        ]
      },
      "properties": {
        "camera_uri": "camera/59545671",
        "title": "I-280: QC - I-280 @ Centennial Expwy - IL (50)",
        "jpg_urls": [
          "https://iowadotsnapshot.us-east-1.skyvdn.com/thumbs/qctv50lb.flv.jpg"
        ],
        "m3u8_urls": [
          "https://iowadotsfs1.us-east-1.skyvdn.com:443/rtplive/qctv50lb/playlist.m3u8"
        ],
        "views": [
          {
            "uri": "camera/59545671/2237971830",
            "category": "VIDEO",
            "jpg_url": "https://iowadotsnapshot.us-east-1.skyvdn.com/thumbs/qctv50lb.flv.jpg",
            "m3u8_url": "https://iowadotsfs1.us-east-1.skyvdn.com:443/rtplive/qctv50lb/playlist.m3u8"
          }
        ]
      }
    },
    {
      "type": "Feature",
      "geometry": {
        "type": "Point",
        "coordinates": [
          -90.67541,
          41.59152
        ]
      },
      "properties": {
        "camera_uri": "camera/59545963",
        "title": "I-280: QC - I-280 @ Kimberly Rd (22)",
        "jpg_urls": [
          "https://iowadotsnapshot.us-east-1.skyvdn.com/thumbs/qctv22lb.flv.jpg"
        ],
        "m3u8_urls": [
          "https://iowadotsfs2.us-east-1.skyvdn.com:443/rtplive/qctv22lb/playlist.m3u8"
        ],
        "views": [
          {
            "uri": "camera/59545963/2137150556",
            "category": "VIDEO",
            "jpg_url": "https://iowadotsnapshot.us-east-1.skyvdn.com/thumbs/qctv22lb.flv.jpg",
            "m3u8_url": "https://iowadotsfs2.us-east-1.skyvdn.com:443/rtplive/qctv22lb/playlist.m3u8"
          }
        ]
      }
    },
    {
      "type": "Feature",
      "geometry": {
        "type": "Point",
        "coordinates": [
          -90.6382,
          41.48335
        ]
      },
      "properties": {
        "camera_uri": "camera/59546205",
        "title": "I-280: QC - I-280 @ MM 9.25 (51)",
        "jpg_urls": [
          "https://iowadotsnapshot.us-east-1.skyvdn.com/thumbs/qctv51lb.flv.jpg"
        ],
        "m3u8_urls": [
          "https://iowadotsfs1.us-east-1.skyvdn.com:443/rtplive/qctv51lb/playlist.m3u8"
        ],
        "views": [
          {
            "uri": "camera/59546205/1641724369",
            "category": "VIDEO",
            "jpg_url": "https://iowadotsnapshot.us-east-1.skyvdn.com/thumbs/qctv51lb.flv.jpg",
            "m3u8_url": "https://iowadotsfs1.us-east-1.skyvdn.com:443/rtplive/qctv51lb/playlist.m3u8"
          }
        ]
      }
    },
    {
      "type": "Feature",
      "geometry": {
        "type": "Point",
        "coordinates": [
          -90.64725,
          41.49135
        ]
      },
      "properties": {
        "camera_uri": "camera/59545861",
        "title": "I-280: QC - I-280 @ Rockingham Rd (21)",
        "jpg_urls": [
          "https://iowadotsnapshot.us-east-1.skyvdn.com/thumbs/qctv21lb.flv.jpg"
        ],
        "m3u8_urls": [
          "https://iowadotsfs2.us-east-1.skyvdn.com:443/rtplive/qctv21lb/playlist.m3u8"
        ],
        "views": [
          {
            "uri": "camera/59545861/2697939777",
            "category": "VIDEO",
            "jpg_url": "https://iowadotsnapshot.us-east-1.skyvdn.com/thumbs/qctv21lb.flv.jpg",
            "m3u8_url": "https://iowadotsfs2.us-east-1.skyvdn.com:443/rtplive/qctv21lb/playlist.m3u8"
          }
        ]
      }
    },
    {
      "type": "Feature",
      "geometry": {
        "type": "Point",
        "coordinates": [
          -90.6777,
          41.60233
        ]
      },
      "properties": {
        "camera_uri": "camera/59545627",
        "title": "I-280: RWIS - I-280 MM 0 @ Davenport",
        "jpg_urls": [
          "https://atmsqf.iowadot.gov/snapshots/public/RWIS/RWIS_14-03.JPG?1774927320000",
          "https://atmsqf.iowadot.gov/snapshots/public/RWIS/RWIS_14-04.JPG?1774927320000",
          "https://atmsqf.iowadot.gov/snapshots/public/RWIS/RWIS_14-07.JPG?1774927320000",
          "https://atmsqf.iowadot.gov/snapshots/public/RWIS/RWIS_14-01.JPG?1774927320000",
          "https://atmsqf.iowadot.gov/snapshots/public/RWIS/RWIS_14-02.JPG?1774927320000"
        ],
        "m3u8_urls": [],
        "views": [
          {
            "uri": "camera/59545627/4125249814",
            "category": "IMAGE",
            "jpg_url": "https://atmsqf.iowadot.gov/snapshots/public/RWIS/RWIS_14-03.JPG?1774927320000"
          },
          {
            "uri": "camera/59545627/3698475241",
            "category": "IMAGE",
            "jpg_url": "https://atmsqf.iowadot.gov/snapshots/public/RWIS/RWIS_14-04.JPG?1774927320000"
          },
          {
            "uri": "camera/59545627/3650054414",
            "category": "IMAGE",
            "jpg_url": "https://atmsqf.iowadot.gov/snapshots/public/RWIS/RWIS_14-07.JPG?1774927320000"
          },
          {
            "uri": "camera/59545627/1472174851",
            "category": "IMAGE",
            "jpg_url": "https://atmsqf.iowadot.gov/snapshots/public/RWIS/RWIS_14-01.JPG?1774927320000"
          },
          {
            "uri": "camera/59545627/4002840660",
            "category": "IMAGE",
            "jpg_url": "https://atmsqf.iowadot.gov/snapshots/public/RWIS/RWIS_14-02.JPG?1774927320000"
          }
        ]
      }
    },
    {
      "type": "Feature",
      "geometry": {
        "type": "Point",
        "coordinates": [
          -90.67549,
          41.59122
        ]
      },
      "properties": {
        "camera_uri": "camera/59546292",
        "title": "I-280: WWD - I-280 @ Kimberly Rd (22)",
        "jpg_urls": [
          "https://iowadotsnapshot.us-east-1.skyvdn.com/thumbs/wwdtv022lb.flv.jpg"
        ],
        "m3u8_urls": [
          "https://iowadotsfs1.us-east-1.skyvdn.com:443/rtplive/wwdtv022lb/playlist.m3u8"
        ],
        "views": [
          {
            "uri": "camera/59546292/1806488522",
            "category": "VIDEO",
            "jpg_url": "https://iowadotsnapshot.us-east-1.skyvdn.com/thumbs/wwdtv022lb.flv.jpg",
            "m3u8_url": "https://iowadotsfs1.us-east-1.skyvdn.com:443/rtplive/wwdtv022lb/playlist.m3u8"
          }
        ]
      }
    },
    {
      "type": "Feature",
      "geometry": {
        "type": "Point",
        "coordinates": [
          -96.124,
          42.01699
        ]
      },
      "properties": {
        "camera_uri": "camera/59545802",
        "title": "I-29: 3AZ - I-29 @ MM 111.5 (IWZ3131N)",
        "jpg_urls": [
          "https://iowadotsnapshot.us-east-1.skyvdn.com/thumbs/iwz3131nlb.flv.jpg"
        ],
        "m3u8_urls": [
          "https://iowadotsfs2.us-east-1.skyvdn.com:443/rtplive/iwz3131nlb/playlist.m3u8"
        ],
        "views": [
          {
            "uri": "camera/59545802/2585810798",
            "category": "VIDEO",
            "jpg_url": "https://iowadotsnapshot.us-east-1.skyvdn.com/thumbs/iwz3131nlb.flv.jpg",
            "m3u8_url": "https://iowadotsfs2.us-east-1.skyvdn.com:443/rtplive/iwz3131nlb/playlist.m3u8"
          }
        ]
      }
    },
    {
      "type": "Feature",
      "geometry": {
        "type": "Point",
        "coordinates": [
          -96.124,
          42.017
        ]
      },
      "properties": {
        "camera_uri": "camera/59545753",
        "title": "I-29: 3AZ - I-29 @ MM 111.5 (IWZ3131S)",
        "jpg_urls": [
          "https://iowadotsnapshot.us-east-1.skyvdn.com/thumbs/iwz3131slb.flv.jpg"
        ],
        "m3u8_urls": [
          "https://iowadotsfs2.us-east-1.skyvdn.com:443/rtplive/iwz3131slb/playlist.m3u8"
        ],
        "views": [
          {
            "uri": "camera/59545753/2873828787",
            "category": "VIDEO",
            "jpg_url": "https://iowadotsnapshot.us-east-1.skyvdn.com/thumbs/iwz3131slb.flv.jpg",
            "m3u8_url": "https://iowadotsfs2.us-east-1.skyvdn.com:443/rtplive/iwz3131slb/playlist.m3u8"
          }
        ]
      }
    },
    {
      "type": "Feature",
      "geometry": {
        "type": "Point",
        "coordinates": [
          -96.141,
          42.0379
        ]
      },
      "properties": {
        "camera_uri": "camera/59546351",
        "title": "I-29: 3AZ - I-29 @ MM 113.25 (IWZ3114N)",
        "jpg_urls": [
          "https://iowadotsnapshot.us-east-1.skyvdn.com/thumbs/iwz3114nlb.flv.jpg"
        ],
        "m3u8_urls": [
          "https://iowadotsfs2.us-east-1.skyvdn.com:443/rtplive/iwz3114nlb/playlist.m3u8"
        ],
        "views": [
          {
            "uri": "camera/59546351/2167600569",
            "category": "VIDEO",
            "jpg_url": "https://iowadotsnapshot.us-east-1.skyvdn.com/thumbs/iwz3114nlb.flv.jpg",
            "m3u8_url": "https://iowadotsfs2.us-east-1.skyvdn.com:443/rtplive/iwz3114nlb/playlist.m3u8"
          }
        ]
      }
    },
    {
      "type": "Feature",
      "geometry": {
        "type": "Point",
        "coordinates": [
          -96.14099,
          42.0379
        ]
      },
      "properties": {
        "camera_uri": "camera/59546114",
        "title": "I-29: 3AZ - I-29 @ MM 113.25 (IWZ3114S)",
        "jpg_urls": [
          "https://iowadotsnapshot.us-east-1.skyvdn.com/thumbs/iwz3114slb.flv.jpg"
        ],
        "m3u8_urls": [
          "https://iowadotsfs2.us-east-1.skyvdn.com:443/rtplive/iwz3114slb/playlist.m3u8"
        ],
        "views": [
          {
            "uri": "camera/59546114/1592017156",
            "category": "VIDEO",
            "jpg_url": "https://iowadotsnapshot.us-east-1.skyvdn.com/thumbs/iwz3114slb.flv.jpg",
            "m3u8_url": "https://iowadotsfs2.us-east-1.skyvdn.com:443/rtplive/iwz3114slb/playlist.m3u8"
          }
        ]
      }
    },
    {
      "type": "Feature",
      "geometry": {
        "type": "Point",
        "coordinates": [
          -96.33734,
          42.35454
        ]
      },
      "properties": {
        "camera_uri": "camera/59546465",
        "title": "I-29: 3BA - I-29 @ MM 137.7 (IWZ3158)",
        "jpg_urls": [
          "https://iowadotsnapshot.us-east-1.skyvdn.com/thumbs/iwz3158lb.flv.jpg"
        ],
        "m3u8_urls": [
          "https://iowadotsfs2.us-east-1.skyvdn.com:443/rtplive/iwz3158lb/playlist.m3u8"
        ],
        "views": [
          {
            "uri": "camera/59546465/1675522609",
            "category": "VIDEO",
            "jpg_url": "https://iowadotsnapshot.us-east-1.skyvdn.com/thumbs/iwz3158lb.flv.jpg",
            "m3u8_url": "https://iowadotsfs2.us-east-1.skyvdn.com:443/rtplive/iwz3158lb/playlist.m3u8"
          }
        ]
      }
    },
    {
      "type": "Feature",
      "geometry": {
        "type": "Point",
        "coordinates": [
          -96.35752,
          42.37987
        ]
      },
      "properties": {
        "camera_uri": "camera/59546466",
        "title": "I-29: 3BA - I-29 @ MM 139.75 (IWZ3135)",
        "jpg_urls": [
          "https://iowadotsnapshot.us-east-1.skyvdn.com/thumbs/iwz3135lb.flv.jpg"
        ],
        "m3u8_urls": [
          "https://iowadotsfs2.us-east-1.skyvdn.com:443/rtplive/iwz3135lb/playlist.m3u8"
        ],
        "views": [
          {
            "uri": "camera/59546466/3024829121",
            "category": "VIDEO",
            "jpg_url": "https://iowadotsnapshot.us-east-1.skyvdn.com/thumbs/iwz3135lb.flv.jpg",
            "m3u8_url": "https://iowadotsfs2.us-east-1.skyvdn.com:443/rtplive/iwz3135lb/playlist.m3u8"
          }
        ]
      }
    },
    {
      "type": "Feature",
      "geometry": {
        "type": "Point",
        "coordinates": [
          -95.82391,
          41.1744
        ]
      },
      "properties": {
        "camera_uri": "camera/59545697",
        "title": "I-29: CB - I-29 @ 192nd Street (14)",
        "jpg_urls": [
          "https://iowadotsnapshot.us-east-1.skyvdn.com/thumbs/cbtv14lb.flv.jpg"
        ],
        "m3u8_urls": [
          "https://iowadotsfs1.us-east-1.skyvdn.com:443/rtplive/cbtv14lb/playlist.m3u8"
        ],
        "views": [
          {
            "uri": "camera/59545697/4225883251",
            "category": "VIDEO",
            "jpg_url": "https://iowadotsnapshot.us-east-1.skyvdn.com/thumbs/cbtv14lb.flv.jpg",
            "m3u8_url": "https://iowadotsfs1.us-east-1.skyvdn.com:443/rtplive/cbtv14lb/playlist.m3u8"
          }
        ]
      }
    },
    {
      "type": "Feature",
      "geometry": {
        "type": "Point",
        "coordinates": [
          -95.87811,
          41.27499
        ]
      },
      "properties": {
        "camera_uri": "camera/59545643",
        "title": "I-29: CB - I-29 @ 25th Street (22)",
        "jpg_urls": [
          "https://iowadotsnapshot.us-east-1.skyvdn.com/thumbs/cbtv22lb.flv.jpg"
        ],
        "m3u8_urls": [
          "https://iowadotsfs1.us-east-1.skyvdn.com:443/rtplive/cbtv22lb/playlist.m3u8"
        ],
        "views": [
          {
            "uri": "camera/59545643/843922045",
            "category": "VIDEO",
            "jpg_url": "https://iowadotsnapshot.us-east-1.skyvdn.com/thumbs/cbtv22lb.flv.jpg",
            "m3u8_url": "https://iowadotsfs1.us-east-1.skyvdn.com:443/rtplive/cbtv22lb/playlist.m3u8"
          }
        ]
      }
    },
    {
      "type": "Feature",
      "geometry": {
        "type": "Point",
        "coordinates": [
          -95.82265,
          41.18974
        ]
      },
      "properties": {
        "camera_uri": "camera/59545771",
        "title": "I-29: CB - I-29 @ Basswood Road (15)",
        "jpg_urls": [
          "https://iowadotsnapshot.us-east-1.skyvdn.com/thumbs/cbtv15lb.flv.jpg"
        ],
        "m3u8_urls": [
          "https://iowadotsfs1.us-east-1.skyvdn.com:443/rtplive/cbtv15lb/playlist.m3u8"
        ],
        "views": [
          {
            "uri": "camera/59545771/2118344203",
            "category": "VIDEO",
            "jpg_url": "https://iowadotsnapshot.us-east-1.skyvdn.com/thumbs/cbtv15lb.flv.jpg",
            "m3u8_url": "https://iowadotsfs1.us-east-1.skyvdn.com:443/rtplive/cbtv15lb/playlist.m3u8"
          }
        ]
      }
    },
    {
      "type": "Feature",
      "geometry": {
        "type": "Point",
        "coordinates": [
          -95.9001,
          41.23707
        ]
      },
      "properties": {
        "camera_uri": "camera/59545999",
        "title": "I-29: CB - I-29 @ I-80 EB Ramp (45)",
        "jpg_urls": [
          "https://iowadotsnapshot.us-east-1.skyvdn.com/thumbs/cbtv45lb.flv.jpg"
        ],
        "m3u8_urls": [
          "https://iowadotsfs1.us-east-1.skyvdn.com:443/rtplive/cbtv45lb/playlist.m3u8"
        ],
        "views": [
          {
            "uri": "camera/59545999/4242299203",
            "category": "VIDEO",
            "jpg_url": "https://iowadotsnapshot.us-east-1.skyvdn.com/thumbs/cbtv45lb.flv.jpg",
            "m3u8_url": "https://iowadotsfs1.us-east-1.skyvdn.com:443/rtplive/cbtv45lb/playlist.m3u8"
          }
        ]
      }
    },
    {
      "type": "Feature",
      "geometry": {
        "type": "Point",
        "coordinates": [
          -95.90118,
          41.49422
        ]
      },
      "properties": {
        "camera_uri": "camera/59546156",
        "title": "I-29: CB - I-29 @ I-880 Interchange (37)",
        "jpg_urls": [
          "https://iowadotsnapshot.us-east-1.skyvdn.com/thumbs/cbtv37lb.flv.jpg"
        ],
        "m3u8_urls": [
          "https://iowadotsfs1.us-east-1.skyvdn.com:443/rtplive/cbtv37lb/playlist.m3u8"
        ],
        "views": [
          {
            "uri": "camera/59546156/4240640245",
            "category": "VIDEO",
            "jpg_url": "https://iowadotsnapshot.us-east-1.skyvdn.com/thumbs/cbtv37lb.flv.jpg",
            "m3u8_url": "https://iowadotsfs1.us-east-1.skyvdn.com:443/rtplive/cbtv37lb/playlist.m3u8"
          }
        ]
      }
    },
    {
      "type": "Feature",
      "geometry": {
        "type": "Point",
        "coordinates": [
          -95.86627,
          41.28628
        ]
      },
      "properties": {
        "camera_uri": "camera/59546464",
        "title": "I-29: CB - I-29 @ IA 192 (23)",
        "jpg_urls": [
          "https://iowadotsnapshot.us-east-1.skyvdn.com/thumbs/cbtv23lb.flv.jpg"
        ],
        "m3u8_urls": [
          "https://iowadotsfs1.us-east-1.skyvdn.com:443/rtplive/cbtv23lb/playlist.m3u8"
        ],
        "views": [
          {
            "uri": "camera/59546464/2575881204",
            "category": "VIDEO",
            "jpg_url": "https://iowadotsnapshot.us-east-1.skyvdn.com/thumbs/cbtv23lb.flv.jpg",
            "m3u8_url": "https://iowadotsfs1.us-east-1.skyvdn.com:443/rtplive/cbtv23lb/playlist.m3u8"
          }
        ]
      }
    },
    {
      "type": "Feature",
      "geometry": {
        "type": "Point",
        "coordinates": [
          -95.82258,
          41.14938
        ]
      },
      "properties": {
        "camera_uri": "camera/59546461",
        "title": "I-29: CB - I-29 @ IA 370 (13)",
        "jpg_urls": [
          "https://iowadotsnapshot.us-east-1.skyvdn.com/thumbs/cbtv13lb.flv.jpg"
        ],
        "m3u8_urls": [
          "https://iowadotsfs1.us-east-1.skyvdn.com:443/rtplive/cbtv13lb/playlist.m3u8"
        ],
        "views": [
          {
            "uri": "camera/59546461/3563801785",
            "category": "VIDEO",
            "jpg_url": "https://iowadotsnapshot.us-east-1.skyvdn.com/thumbs/cbtv13lb.flv.jpg",
            "m3u8_url": "https://iowadotsfs1.us-east-1.skyvdn.com:443/rtplive/cbtv13lb/playlist.m3u8"
          }
        ]
      }
    },
    {
      "type": "Feature",
      "geometry": {
        "type": "Point",
        "coordinates": [
          -95.90591,
          41.24448
        ]
      },
      "properties": {
        "camera_uri": "camera/59546019",
        "title": "I-29: CB - I-29 @ Nebraska Ave DMS (16)",
        "jpg_urls": [
          "https://iowadotsnapshot.us-east-1.skyvdn.com/thumbs/cbtv16lb.flv.jpg"
        ],
        "m3u8_urls": [
          "https://iowadotsfs1.us-east-1.skyvdn.com:443/rtplive/cbtv16lb/playlist.m3u8"
        ],
        "views": [
          {
            "uri": "camera/59546019/965232555",
            "category": "VIDEO",
            "jpg_url": "https://iowadotsnapshot.us-east-1.skyvdn.com/thumbs/cbtv16lb.flv.jpg",
            "m3u8_url": "https://iowadotsfs1.us-east-1.skyvdn.com:443/rtplive/cbtv16lb/playlist.m3u8"
          }
        ]
      }
    },
    {
      "type": "Feature",
      "geometry": {
        "type": "Point",
        "coordinates": [
          -95.90411,
          41.24213
        ]
      },
      "properties": {
        "camera_uri": "camera/59546059",
        "title": "I-29: CB - I-29 @ Nebraska Avenue (17)",
        "jpg_urls": [
          "https://iowadotsnapshot.us-east-1.skyvdn.com/thumbs/cbtv17lb.flv.jpg"
        ],
        "m3u8_urls": [
          "https://iowadotsfs1.us-east-1.skyvdn.com:443/rtplive/cbtv17lb/playlist.m3u8"
        ],
        "views": [
          {
            "uri": "camera/59546059/2952053070",
            "category": "VIDEO",
            "jpg_url": "https://iowadotsnapshot.us-east-1.skyvdn.com/thumbs/cbtv17lb.flv.jpg",
            "m3u8_url": "https://iowadotsfs1.us-east-1.skyvdn.com:443/rtplive/cbtv17lb/playlist.m3u8"
          }
        ]
      }
    },
    {
      "type": "Feature",
      "geometry": {
        "type": "Point",
        "coordinates": [
          -95.90638,
          41.24805
        ]
      },
      "properties": {
        "camera_uri": "camera/59546056",
        "title": "I-29: CB - I-29 @ RR Crossing (68)",
        "jpg_urls": [
          "https://iowadotsnapshot.us-east-1.skyvdn.com/thumbs/cbtv68lb.flv.jpg"
        ],
        "m3u8_urls": [
          "https://iowadotsfs2.us-east-1.skyvdn.com:443/rtplive/cbtv68lb/playlist.m3u8"
        ],
        "views": [
          {
            "uri": "camera/59546056/3590553783",
            "category": "VIDEO",
            "jpg_url": "https://iowadotsnapshot.us-east-1.skyvdn.com/thumbs/cbtv68lb.flv.jpg",
            "m3u8_url": "https://iowadotsfs2.us-east-1.skyvdn.com:443/rtplive/cbtv68lb/playlist.m3u8"
          }
        ]
      }
    },
    {
      "type": "Feature",
      "geometry": {
        "type": "Point",
        "coordinates": [
          -95.88286,
          41.32222
        ]
      },
      "properties": {
        "camera_uri": "camera/59545734",
        "title": "I-29: CB - I-29 @ S of Hamilton Ln (34)",
        "jpg_urls": [
          "https://iowadotsnapshot.us-east-1.skyvdn.com/thumbs/cbtv34lb.flv.jpg"
        ],
        "m3u8_urls": [
          "https://iowadotsfs1.us-east-1.skyvdn.com:443/rtplive/cbtv34lb/playlist.m3u8"
        ],
        "views": [
          {
            "uri": "camera/59545734/2876054956",
            "category": "VIDEO",
            "jpg_url": "https://iowadotsnapshot.us-east-1.skyvdn.com/thumbs/cbtv34lb.flv.jpg",
            "m3u8_url": "https://iowadotsfs1.us-east-1.skyvdn.com:443/rtplive/cbtv34lb/playlist.m3u8"
          }
        ]
      }
    },
    {
      "type": "Feature",
      "geometry": {
        "type": "Point",
        "coordinates": [
          -95.8909,
          41.34413
        ]
      },
      "properties": {
        "camera_uri": "camera/59546333",
        "title": "I-29: CB - I-29 @ S of South I-680 Interchange (35)",
        "jpg_urls": [
          "https://iowadotsnapshot.us-east-1.skyvdn.com/thumbs/cbtv35lb.flv.jpg"
        ],
        "m3u8_urls": [
          "https://iowadotsfs1.us-east-1.skyvdn.com:443/rtplive/cbtv35lb/playlist.m3u8"
        ],
        "views": [
          {
            "uri": "camera/59546333/2861826198",
            "category": "VIDEO",
            "jpg_url": "https://iowadotsnapshot.us-east-1.skyvdn.com/thumbs/cbtv35lb.flv.jpg",
            "m3u8_url": "https://iowadotsfs1.us-east-1.skyvdn.com:443/rtplive/cbtv35lb/playlist.m3u8"
          }
        ]
      }
    },
    {
      "type": "Feature",
      "geometry": {
        "type": "Point",
        "coordinates": [
          -95.83092,
          41.21939
        ]
      },
      "properties": {
        "camera_uri": "camera/59546207",
        "title": "I-29: CB - I-29 @ S of US 275 (54)",
        "jpg_urls": [
          "https://iowadotsnapshot.us-east-1.skyvdn.com/thumbs/cbtv54lb.flv.jpg"
        ],
        "m3u8_urls": [
          "https://iowadotsfs1.us-east-1.skyvdn.com:443/rtplive/cbtv54lb/playlist.m3u8"
        ],
        "views": [
          {
            "uri": "camera/59546207/2896561578",
            "category": "VIDEO",
            "jpg_url": "https://iowadotsnapshot.us-east-1.skyvdn.com/thumbs/cbtv54lb.flv.jpg",
            "m3u8_url": "https://iowadotsfs1.us-east-1.skyvdn.com:443/rtplive/cbtv54lb/playlist.m3u8"
          }
        ]
      }
    },
    {
      "type": "Feature",
      "geometry": {
        "type": "Point",
        "coordinates": [
          -95.90056,
          41.35381
        ]
      },
      "properties": {
        "camera_uri": "camera/59545723",
        "title": "I-29: CB - I-29 @ South I-680 Interchange (36)",
        "jpg_urls": [
          "https://iowadotsnapshot.us-east-1.skyvdn.com/thumbs/cbtv36lb.flv.jpg"
        ],
        "m3u8_urls": [
          "https://iowadotsfs1.us-east-1.skyvdn.com:443/rtplive/cbtv36lb/playlist.m3u8"
        ],
        "views": [
          {
            "uri": "camera/59545723/1337540079",
            "category": "VIDEO",
            "jpg_url": "https://iowadotsnapshot.us-east-1.skyvdn.com/thumbs/cbtv36lb.flv.jpg",
            "m3u8_url": "https://iowadotsfs1.us-east-1.skyvdn.com:443/rtplive/cbtv36lb/playlist.m3u8"
          }
        ]
      }
    },
    {
      "type": "Feature",
      "geometry": {
        "type": "Point",
        "coordinates": [
          -95.90078,
          41.35399
        ]
      },
      "properties": {
        "camera_uri": "camera/59545967",
        "title": "I-29: CB - I-29 @ South I-680 Interchange (36Q)",
        "jpg_urls": [
          "https://iowadotsnapshot.us-east-1.skyvdn.com/thumbs/cbtv36qlb.flv.jpg"
        ],
        "m3u8_urls": [
          "https://iowadotsfs1.us-east-1.skyvdn.com:443/rtplive/cbtv36qlb/playlist.m3u8"
        ],
        "views": [
          {
            "uri": "camera/59545967/186402974",
            "category": "VIDEO",
            "jpg_url": "https://iowadotsnapshot.us-east-1.skyvdn.com/thumbs/cbtv36qlb.flv.jpg",
            "m3u8_url": "https://iowadotsfs1.us-east-1.skyvdn.com:443/rtplive/cbtv36qlb/playlist.m3u8"
          }
        ]
      }
    },
    {
      "type": "Feature",
      "geometry": {
        "type": "Point",
        "coordinates": [
          -95.83264,
          41.21984
        ]
      },
      "properties": {
        "camera_uri": "camera/59545725",
        "title": "I-29: CB - I-29 @ US 275 (53)",
        "jpg_urls": [
          "https://iowadotsnapshot.us-east-1.skyvdn.com/thumbs/cbtv53lb.flv.jpg"
        ],
        "m3u8_urls": [
          "https://iowadotsfs1.us-east-1.skyvdn.com:443/rtplive/cbtv53lb/playlist.m3u8"
        ],
        "views": [
          {
            "uri": "camera/59545725/1355725879",
            "category": "VIDEO",
            "jpg_url": "https://iowadotsnapshot.us-east-1.skyvdn.com/thumbs/cbtv53lb.flv.jpg",
            "m3u8_url": "https://iowadotsfs1.us-east-1.skyvdn.com:443/rtplive/cbtv53lb/playlist.m3u8"
          }
        ]
      }
    },
    {
      "type": "Feature",
      "geometry": {
        "type": "Point",
        "coordinates": [
          -95.91167,
          41.51308
        ]
      },
      "properties": {
        "camera_uri": "camera/59545748",
        "title": "I-29: CB - I-29 @ Weigh Station (43)",
        "jpg_urls": [
          "https://iowadotsnapshot.us-east-1.skyvdn.com/thumbs/cbtv43lb.flv.jpg"
        ],
        "m3u8_urls": [
          "https://iowadotsfs1.us-east-1.skyvdn.com:443/rtplive/cbtv43lb/playlist.m3u8"
        ],
        "views": [
          {
            "uri": "camera/59545748/1712185742",
            "category": "VIDEO",
            "jpg_url": "https://iowadotsnapshot.us-east-1.skyvdn.com/thumbs/cbtv43lb.flv.jpg",
            "m3u8_url": "https://iowadotsfs1.us-east-1.skyvdn.com:443/rtplive/cbtv43lb/playlist.m3u8"
          }
        ]
      }
    },
    {
      "type": "Feature",
      "geometry": {
        "type": "Point",
        "coordinates": [
          -95.90037,
          41.23805
        ]
      },
      "properties": {
        "camera_uri": "camera/59546296",
        "title": "I-29: CB - I-29 @ West I-80 Interchange (North) (52)",
        "jpg_urls": [
          "https://iowadotsnapshot.us-east-1.skyvdn.com/thumbs/cbtv52lb.flv.jpg"
        ],
        "m3u8_urls": [
          "https://iowadotsfs1.us-east-1.skyvdn.com:443/rtplive/cbtv52lb/playlist.m3u8"
        ],
        "views": [
          {
            "uri": "camera/59546296/2543839637",
            "category": "VIDEO",
            "jpg_url": "https://iowadotsnapshot.us-east-1.skyvdn.com/thumbs/cbtv52lb.flv.jpg",
            "m3u8_url": "https://iowadotsfs1.us-east-1.skyvdn.com:443/rtplive/cbtv52lb/playlist.m3u8"
          }
        ]
      }
    },
    {
      "type": "Feature",
      "geometry": {
        "type": "Point",
        "coordinates": [
          -95.90698,
          41.25837
        ]
      },
      "properties": {
        "camera_uri": "camera/59546441",
        "title": "I-29: CB - I-29 N @ MM 53.5 (73)",
        "jpg_urls": [
          "https://iowadotsnapshot.us-east-1.skyvdn.com/thumbs/cbtv73lb.flv.jpg"
        ],
        "m3u8_urls": [
          "https://iowadotsfs1.us-east-1.skyvdn.com:443/rtplive/cbtv73lb/playlist.m3u8"
        ],
        "views": [
          {
            "uri": "camera/59546441/1565712304",
            "category": "VIDEO",
            "jpg_url": "https://iowadotsnapshot.us-east-1.skyvdn.com/thumbs/cbtv73lb.flv.jpg",
            "m3u8_url": "https://iowadotsfs1.us-east-1.skyvdn.com:443/rtplive/cbtv73lb/playlist.m3u8"
          }
        ]
      }
    },
    {
      "type": "Feature",
      "geometry": {
        "type": "Point",
        "coordinates": [
          -95.89397,
          41.27396
        ]
      },
      "properties": {
        "camera_uri": "camera/59546349",
        "title": "I-29: CB - I-29 NB @ MM 55 (29)",
        "jpg_urls": [
          "https://iowadotsnapshot.us-east-1.skyvdn.com/thumbs/cbtv29lb.flv.jpg"
        ],
        "m3u8_urls": [
          "https://iowadotsfs1.us-east-1.skyvdn.com:443/rtplive/cbtv29lb/playlist.m3u8"
        ],
        "views": [
          {
            "uri": "camera/59546349/315520160",
            "category": "VIDEO",
            "jpg_url": "https://iowadotsnapshot.us-east-1.skyvdn.com/thumbs/cbtv29lb.flv.jpg",
            "m3u8_url": "https://iowadotsfs1.us-east-1.skyvdn.com:443/rtplive/cbtv29lb/playlist.m3u8"
          }
        ]
      }
    },
    {
      "type": "Feature",
      "geometry": {
        "type": "Point",
        "coordinates": [
          -95.90713,
          41.25453
        ]
      },
      "properties": {
        "camera_uri": "camera/59546023",
        "title": "I-29: CB - I-29 S @ MM 53 (18)",
        "jpg_urls": [
          "https://iowadotsnapshot.us-east-1.skyvdn.com/thumbs/cbtv18lb.flv.jpg"
        ],
        "m3u8_urls": [
          "https://iowadotsfs2.us-east-1.skyvdn.com:443/rtplive/cbtv18lb/playlist.m3u8"
        ],
        "views": [
          {
            "uri": "camera/59546023/715912443",
            "category": "VIDEO",
            "jpg_url": "https://iowadotsnapshot.us-east-1.skyvdn.com/thumbs/cbtv18lb.flv.jpg",
            "m3u8_url": "https://iowadotsfs2.us-east-1.skyvdn.com:443/rtplive/cbtv18lb/playlist.m3u8"
          }
        ]
      }
    },
    {
      "type": "Feature",
      "geometry": {
        "type": "Point",
        "coordinates": [
          -95.90732,
          41.25231
        ]
      },
      "properties": {
        "camera_uri": "camera/59545767",
        "title": "I-29: CB - I-29 SB @ 9th Ave DMS (69)",
        "jpg_urls": [
          "https://iowadotsnapshot.us-east-1.skyvdn.com/thumbs/cbtv69lb.flv.jpg"
        ],
        "m3u8_urls": [
          "https://iowadotsfs2.us-east-1.skyvdn.com:443/rtplive/cbtv69lb/playlist.m3u8"
        ],
        "views": [
          {
            "uri": "camera/59545767/3126837812",
            "category": "VIDEO",
            "jpg_url": "https://iowadotsnapshot.us-east-1.skyvdn.com/thumbs/cbtv69lb.flv.jpg",
            "m3u8_url": "https://iowadotsfs2.us-east-1.skyvdn.com:443/rtplive/cbtv69lb/playlist.m3u8"
          }
        ]
      }
    },
    {
      "type": "Feature",
      "geometry": {
        "type": "Point",
        "coordinates": [
          -95.87867,
          41.2318
        ]
      },
      "properties": {
        "camera_uri": "camera/59546159",
        "title": "I-29: CB - I-29/80 @ 24th Street (03)",
        "jpg_urls": [
          "https://iowadotsnapshot.us-east-1.skyvdn.com/thumbs/cbtv03lb.flv.jpg"
        ],
        "m3u8_urls": [
          "https://iowadotsfs1.us-east-1.skyvdn.com:443/rtplive/cbtv03lb/playlist.m3u8"
        ],
        "views": [
          {
            "uri": "camera/59546159/1041770328",
            "category": "VIDEO",
            "jpg_url": "https://iowadotsnapshot.us-east-1.skyvdn.com/thumbs/cbtv03lb.flv.jpg",
            "m3u8_url": "https://iowadotsfs1.us-east-1.skyvdn.com:443/rtplive/cbtv03lb/playlist.m3u8"
          }
        ]
      }
    },
    {
      "type": "Feature",
      "geometry": {
        "type": "Point",
        "coordinates": [
          -95.847,
          41.232
        ]
      },
      "properties": {
        "camera_uri": "camera/59546044",
        "title": "I-29: CB - I-29/80E @ E. of S. Expressway (65)",
        "jpg_urls": [
          "https://iowadotsnapshot.us-east-1.skyvdn.com/thumbs/cbtv65lb.flv.jpg"
        ],
        "m3u8_urls": [
          "https://iowadotsfs2.us-east-1.skyvdn.com:443/rtplive/cbtv65lb/playlist.m3u8"
        ],
        "views": [
          {
            "uri": "camera/59546044/431477100",
            "category": "VIDEO",
            "jpg_url": "https://iowadotsnapshot.us-east-1.skyvdn.com/thumbs/cbtv65lb.flv.jpg",
            "m3u8_url": "https://iowadotsfs2.us-east-1.skyvdn.com:443/rtplive/cbtv65lb/playlist.m3u8"
          }
        ]
      }
    },
    {
      "type": "Feature",
      "geometry": {
        "type": "Point",
        "coordinates": [
          -95.85513,
          41.23187
        ]
      },
      "properties": {
        "camera_uri": "camera/59545937",
        "title": "I-29: CB - I-29/80EB @ S Expressway (05)",
        "jpg_urls": [
          "https://iowadotsnapshot.us-east-1.skyvdn.com/thumbs/cbtv05lb.flv.jpg"
        ],
        "m3u8_urls": [
          "https://iowadotsfs2.us-east-1.skyvdn.com:443/rtplive/cbtv05lb/playlist.m3u8"
        ],
        "views": [
          {
            "uri": "camera/59545937/2978242468",
            "category": "VIDEO",
            "jpg_url": "https://iowadotsnapshot.us-east-1.skyvdn.com/thumbs/cbtv05lb.flv.jpg",
            "m3u8_url": "https://iowadotsfs2.us-east-1.skyvdn.com:443/rtplive/cbtv05lb/playlist.m3u8"
          }
        ]
      }
    },
    {
      "type": "Feature",
      "geometry": {
        "type": "Point",
        "coordinates": [
          -95.90966,
          41.26259
        ]
      },
      "properties": {
        "camera_uri": "camera/59546037",
        "title": "I-29: CB - I-29N @ I-480E Flyover (71)",
        "jpg_urls": [
          "https://iowadotsnapshot.us-east-1.skyvdn.com/thumbs/cbtv71lb.flv.jpg"
        ],
        "m3u8_urls": [
          "https://iowadotsfs1.us-east-1.skyvdn.com:443/rtplive/cbtv71lb/playlist.m3u8"
        ],
        "views": [
          {
            "uri": "camera/59546037/2666340911",
            "category": "VIDEO",
            "jpg_url": "https://iowadotsnapshot.us-east-1.skyvdn.com/thumbs/cbtv71lb.flv.jpg",
            "m3u8_url": "https://iowadotsfs1.us-east-1.skyvdn.com:443/rtplive/cbtv71lb/playlist.m3u8"
          }
        ]
      }
    },
    {
      "type": "Feature",
      "geometry": {
        "type": "Point",
        "coordinates": [
          -95.84237,
          41.23287
        ]
      },
      "properties": {
        "camera_uri": "camera/59546048",
        "title": "I-29: CB - I-29N @ I-80W Interchange (62)",
        "jpg_urls": [
          "https://iowadotsnapshot.us-east-1.skyvdn.com/thumbs/cbtv62lb.flv.jpg"
        ],
        "m3u8_urls": [
          "https://iowadotsfs1.us-east-1.skyvdn.com:443/rtplive/cbtv62lb/playlist.m3u8"
        ],
        "views": [
          {
            "uri": "camera/59546048/3947292372",
            "category": "VIDEO",
            "jpg_url": "https://iowadotsnapshot.us-east-1.skyvdn.com/thumbs/cbtv62lb.flv.jpg",
            "m3u8_url": "https://iowadotsfs1.us-east-1.skyvdn.com:443/rtplive/cbtv62lb/playlist.m3u8"
          }
        ]
      }
    },
    {
      "type": "Feature",
      "geometry": {
        "type": "Point",
        "coordinates": [
          -95.83881,
          41.22867
        ]
      },
      "properties": {
        "camera_uri": "camera/59545888",
        "title": "I-29: CB - I-29S @ I-29/80 Interchange (66)",
        "jpg_urls": [
          "https://iowadotsnapshot.us-east-1.skyvdn.com/thumbs/cbtv66lb.flv.jpg"
        ],
        "m3u8_urls": [
          "https://iowadotsfs1.us-east-1.skyvdn.com:443/rtplive/cbtv66lb/playlist.m3u8"
        ],
        "views": [
          {
            "uri": "camera/59545888/1254634270",
            "category": "VIDEO",
            "jpg_url": "https://iowadotsnapshot.us-east-1.skyvdn.com/thumbs/cbtv66lb.flv.jpg",
            "m3u8_url": "https://iowadotsfs1.us-east-1.skyvdn.com:443/rtplive/cbtv66lb/playlist.m3u8"
          }
        ]
      }
    },
    {
      "type": "Feature",
      "geometry": {
        "type": "Point",
        "coordinates": [
          -95.836,
          41.224
        ]
      },
      "properties": {
        "camera_uri": "camera/59545917",
        "title": "I-29: CB - I-29S @ North of US275 (67)",
        "jpg_urls": [
          "https://iowadotsnapshot.us-east-1.skyvdn.com/thumbs/cbtv67lb.flv.jpg"
        ],
        "m3u8_urls": [
          "https://iowadotsfs2.us-east-1.skyvdn.com:443/rtplive/cbtv67lb/playlist.m3u8"
        ],
        "views": [
          {
            "uri": "camera/59545917/336487205",
            "category": "VIDEO",
            "jpg_url": "https://iowadotsnapshot.us-east-1.skyvdn.com/thumbs/cbtv67lb.flv.jpg",
            "m3u8_url": "https://iowadotsfs2.us-east-1.skyvdn.com:443/rtplive/cbtv67lb/playlist.m3u8"
          }
        ]
      }
    },
    {
      "type": "Feature",
      "geometry": {
        "type": "Point",
        "coordinates": [
          -95.89656,
          41.27348
        ]
      },
      "properties": {
        "camera_uri": "camera/59546374",
        "title": "I-29: CB - I-29SB @ MM 54.9 (21)",
        "jpg_urls": [
          "https://iowadotsnapshot.us-east-1.skyvdn.com/thumbs/cbtv21lb.flv.jpg"
        ],
        "m3u8_urls": [
          "https://iowadotsfs1.us-east-1.skyvdn.com:443/rtplive/cbtv21lb/playlist.m3u8"
        ],
        "views": [
          {
            "uri": "camera/59546374/1201254787",
            "category": "VIDEO",
            "jpg_url": "https://iowadotsnapshot.us-east-1.skyvdn.com/thumbs/cbtv21lb.flv.jpg",
            "m3u8_url": "https://iowadotsfs1.us-east-1.skyvdn.com:443/rtplive/cbtv21lb/playlist.m3u8"
          }
        ]
      }
    },
    {
      "type": "Feature",
      "geometry": {
        "type": "Point",
        "coordinates": [
          -95.83976,
          41.2312
        ]
      },
      "properties": {
        "camera_uri": "camera/59546084",
        "title": "I-29: CB - I-80 @ East I-29 Interchange (57)",
        "jpg_urls": [
          "https://iowadotsnapshot.us-east-1.skyvdn.com/thumbs/cbtv57lb.flv.jpg"
        ],
        "m3u8_urls": [
          "https://iowadotsfs1.us-east-1.skyvdn.com:443/rtplive/cbtv57lb/playlist.m3u8"
        ],
        "views": [
          {
            "uri": "camera/59546084/3682867816",
            "category": "VIDEO",
            "jpg_url": "https://iowadotsnapshot.us-east-1.skyvdn.com/thumbs/cbtv57lb.flv.jpg",
            "m3u8_url": "https://iowadotsfs1.us-east-1.skyvdn.com:443/rtplive/cbtv57lb/playlist.m3u8"
          }
        ]
      }
    },
    {
      "type": "Feature",
      "geometry": {
        "type": "Point",
        "coordinates": [
          -95.90855,
          41.26545
        ]
      },
      "properties": {
        "camera_uri": "camera/59546424",
        "title": "I-29: CB I-29 N @ MM 54 (19)",
        "jpg_urls": [
          "https://iowadotsnapshot.us-east-1.skyvdn.com/thumbs/cbtv19lb.flv.jpg"
        ],
        "m3u8_urls": [
          "https://iowadotsfs2.us-east-1.skyvdn.com:443/rtplive/cbtv19lb/playlist.m3u8"
        ],
        "views": [
          {
            "uri": "camera/59546424/3099154445",
            "category": "VIDEO",
            "jpg_url": "https://iowadotsnapshot.us-east-1.skyvdn.com/thumbs/cbtv19lb.flv.jpg",
            "m3u8_url": "https://iowadotsfs2.us-east-1.skyvdn.com:443/rtplive/cbtv19lb/playlist.m3u8"
          }
        ]
      }
    },
    {
      "type": "Feature",
      "geometry": {
        "type": "Point",
        "coordinates": [
          -95.82548,
          41.07997
        ]
      },
      "properties": {
        "camera_uri": "camera/59545934",
        "title": "I-29: I-29:  Pacific Junction NB Rest Area",
        "jpg_urls": [
          "https://atmsqf.iowadot.gov/snapshots/Public/RestAreas/RA29NB37-01-CENTER.jpg?1774927320000",
          "https://atmsqf.iowadot.gov/snapshots/Public/RestAreas/RA29NB37-01-ENTRY.jpg?1774927320000",
          "https://atmsqf.iowadot.gov/snapshots/Public/RestAreas/RA29NB37-01-EXIT.jpg?1774927320000"
        ],
        "m3u8_urls": [],
        "views": [
          {
            "uri": "camera/59545934/1342583411",
            "category": "IMAGE",
            "jpg_url": "https://atmsqf.iowadot.gov/snapshots/Public/RestAreas/RA29NB37-01-CENTER.jpg?1774927320000"
          },
          {
            "uri": "camera/59545934/187610668",
            "category": "IMAGE",
            "jpg_url": "https://atmsqf.iowadot.gov/snapshots/Public/RestAreas/RA29NB37-01-ENTRY.jpg?1774927320000"
          },
          {
            "uri": "camera/59545934/44169771",
            "category": "IMAGE",
            "jpg_url": "https://atmsqf.iowadot.gov/snapshots/Public/RestAreas/RA29NB37-01-EXIT.jpg?1774927320000"
          }
        ]
      }
    },
    {
      "type": "Feature",
      "geometry": {
        "type": "Point",
        "coordinates": [
          -96.0548,
          41.8021
        ]
      },
      "properties": {
        "camera_uri": "camera/59546129",
        "title": "I-29: RWIS - I 29 MM 96 @ Little Sioux",
        "jpg_urls": [
          "https://atmsqf.iowadot.gov/snapshots/Public/RWIS/RWIS_76-00.jpg?1774927320000",
          "https://atmsqf.iowadot.gov/snapshots/Public/RWIS/RWIS_76-01.jpg?1774927320000",
          "https://atmsqf.iowadot.gov/snapshots/Public/RWIS/RWIS_76-02.jpg?1774927320000",
          "https://atmsqf.iowadot.gov/snapshots/Public/RWIS/RWIS_76-03.jpg?1774927320000",
          "https://atmsqf.iowadot.gov/snapshots/Public/RWIS/RWIS_76-05.jpg?1774927320000"
        ],
        "m3u8_urls": [],
        "views": [
          {
            "uri": "camera/59546129/3179876300",
            "category": "IMAGE",
            "jpg_url": "https://atmsqf.iowadot.gov/snapshots/Public/RWIS/RWIS_76-00.jpg?1774927320000"
          },
          {
            "uri": "camera/59546129/2440592443",
            "category": "IMAGE",
            "jpg_url": "https://atmsqf.iowadot.gov/snapshots/Public/RWIS/RWIS_76-01.jpg?1774927320000"
          },
          {
            "uri": "camera/59546129/152783254",
            "category": "IMAGE",
            "jpg_url": "https://atmsqf.iowadot.gov/snapshots/Public/RWIS/RWIS_76-02.jpg?1774927320000"
          },
          {
            "uri": "camera/59546129/2276081505",
            "category": "IMAGE",
            "jpg_url": "https://atmsqf.iowadot.gov/snapshots/Public/RWIS/RWIS_76-03.jpg?1774927320000"
          },
          {
            "uri": "camera/59546129/743682409",
            "category": "IMAGE",
            "jpg_url": "https://atmsqf.iowadot.gov/snapshots/Public/RWIS/RWIS_76-05.jpg?1774927320000"
          }
        ]
      }
    },
    {
      "type": "Feature",
      "geometry": {
        "type": "Point",
        "coordinates": [
          -95.7834,
          40.6895
        ]
      },
      "properties": {
        "camera_uri": "camera/59546171",
        "title": "I-29: RWIS - I-29 MM 10 @ Sidney",
        "jpg_urls": [
          "https://atmsqf.iowadot.gov/snapshots/public/RWIS/RWIS_39-06.JPG?1774927320000",
          "https://atmsqf.iowadot.gov/snapshots/public/RWIS/RWIS_39-05.JPG?1774927320000",
          "https://atmsqf.iowadot.gov/snapshots/public/RWIS/RWIS_39-01.JPG?1774927320000",
          "https://atmsqf.iowadot.gov/snapshots/public/RWIS/RWIS_39-04.JPG?1774927320000",
          "https://atmsqf.iowadot.gov/snapshots/public/RWIS/RWIS_39-00.JPG?1774927320000"
        ],
        "m3u8_urls": [],
        "views": [
          {
            "uri": "camera/59546171/400729161",
            "category": "IMAGE",
            "jpg_url": "https://atmsqf.iowadot.gov/snapshots/public/RWIS/RWIS_39-06.JPG?1774927320000"
          },
          {
            "uri": "camera/59546171/1861484036",
            "category": "IMAGE",
            "jpg_url": "https://atmsqf.iowadot.gov/snapshots/public/RWIS/RWIS_39-05.JPG?1774927320000"
          },
          {
            "uri": "camera/59546171/3075033107",
            "category": "IMAGE",
            "jpg_url": "https://atmsqf.iowadot.gov/snapshots/public/RWIS/RWIS_39-01.JPG?1774927320000"
          },
          {
            "uri": "camera/59546171/3042440528",
            "category": "IMAGE",
            "jpg_url": "https://atmsqf.iowadot.gov/snapshots/public/RWIS/RWIS_39-04.JPG?1774927320000"
          },
          {
            "uri": "camera/59546171/53908390",
            "category": "IMAGE",
            "jpg_url": "https://atmsqf.iowadot.gov/snapshots/public/RWIS/RWIS_39-00.JPG?1774927320000"
          }
        ]
      }
    },
    {
      "type": "Feature",
      "geometry": {
        "type": "Point",
        "coordinates": [
          -96.2295,
          42.1713
        ]
      },
      "properties": {
        "camera_uri": "camera/59546288",
        "title": "I-29: RWIS - I-29 MM 124 @ Sloan",
        "jpg_urls": [
          "https://atmsqf.iowadot.gov/snapshots/public/RWIS/RWIS_34-06.JPG?1774927320000",
          "https://atmsqf.iowadot.gov/snapshots/public/RWIS/RWIS_34-00.JPG?1774927320000",
          "https://atmsqf.iowadot.gov/snapshots/public/RWIS/RWIS_34-02.JPG?1774927320000",
          "https://atmsqf.iowadot.gov/snapshots/public/RWIS/RWIS_34-01.JPG?1774927320000",
          "https://atmsqf.iowadot.gov/snapshots/public/RWIS/RWIS_34-04.JPG?1774927320000"
        ],
        "m3u8_urls": [],
        "views": [
          {
            "uri": "camera/59546288/1681396378",
            "category": "IMAGE",
            "jpg_url": "https://atmsqf.iowadot.gov/snapshots/public/RWIS/RWIS_34-06.JPG?1774927320000"
          },
          {
            "uri": "camera/59546288/1236987921",
            "category": "IMAGE",
            "jpg_url": "https://atmsqf.iowadot.gov/snapshots/public/RWIS/RWIS_34-00.JPG?1774927320000"
          },
          {
            "uri": "camera/59546288/2440590525",
            "category": "IMAGE",
            "jpg_url": "https://atmsqf.iowadot.gov/snapshots/public/RWIS/RWIS_34-02.JPG?1774927320000"
          },
          {
            "uri": "camera/59546288/970164008",
            "category": "IMAGE",
            "jpg_url": "https://atmsqf.iowadot.gov/snapshots/public/RWIS/RWIS_34-01.JPG?1774927320000"
          },
          {
            "uri": "camera/59546288/788812978",
            "category": "IMAGE",
            "jpg_url": "https://atmsqf.iowadot.gov/snapshots/public/RWIS/RWIS_34-04.JPG?1774927320000"
          }
        ]
      }
    },
    {
      "type": "Feature",
      "geometry": {
        "type": "Point",
        "coordinates": [
          -95.9173,
          41.5495
        ]
      },
      "properties": {
        "camera_uri": "camera/59545898",
        "title": "I-29: RWIS - I-29 MM 76 @ Missouri Valley",
        "jpg_urls": [
          "https://atmsqf.iowadot.gov/snapshots/public/RWIS/RWIS_31-00.JPG?1774927320000",
          "https://atmsqf.iowadot.gov/snapshots/public/RWIS/RWIS_31-01.JPG?1774927320000",
          "https://atmsqf.iowadot.gov/snapshots/public/RWIS/RWIS_31-03.JPG?1774927320000",
          "https://atmsqf.iowadot.gov/snapshots/public/RWIS/RWIS_31-05.JPG?1774927320000",
          "https://atmsqf.iowadot.gov/snapshots/public/RWIS/RWIS_31-04.JPG?1774927320000"
        ],
        "m3u8_urls": [],
        "views": [
          {
            "uri": "camera/59545898/2023757811",
            "category": "IMAGE",
            "jpg_url": "https://atmsqf.iowadot.gov/snapshots/public/RWIS/RWIS_31-00.JPG?1774927320000"
          },
          {
            "uri": "camera/59545898/53917102",
            "category": "IMAGE",
            "jpg_url": "https://atmsqf.iowadot.gov/snapshots/public/RWIS/RWIS_31-01.JPG?1774927320000"
          },
          {
            "uri": "camera/59545898/152786645",
            "category": "IMAGE",
            "jpg_url": "https://atmsqf.iowadot.gov/snapshots/public/RWIS/RWIS_31-03.JPG?1774927320000"
          },
          {
            "uri": "camera/59545898/970165357",
            "category": "IMAGE",
            "jpg_url": "https://atmsqf.iowadot.gov/snapshots/public/RWIS/RWIS_31-05.JPG?1774927320000"
          },
          {
            "uri": "camera/59545898/3021026569",
            "category": "IMAGE",
            "jpg_url": "https://atmsqf.iowadot.gov/snapshots/public/RWIS/RWIS_31-04.JPG?1774927320000"
          }
        ]
      }
    },
    {
      "type": "Feature",
      "geometry": {
        "type": "Point",
        "coordinates": [
          -96.36719,
          42.40042
        ]
      },
      "properties": {
        "camera_uri": "camera/59546177",
        "title": "I-29: SC - I-29 @ 1st St in Sergeant Bluff (02)",
        "jpg_urls": [
          "https://iowadotsnapshot.us-east-1.skyvdn.com/thumbs/sctv02lb.flv.jpg"
        ],
        "m3u8_urls": [
          "https://iowadotsfs2.us-east-1.skyvdn.com:443/rtplive/sctv02lb/playlist.m3u8"
        ],
        "views": [
          {
            "uri": "camera/59546177/3817975364",
            "category": "VIDEO",
            "jpg_url": "https://iowadotsnapshot.us-east-1.skyvdn.com/thumbs/sctv02lb.flv.jpg",
            "m3u8_url": "https://iowadotsfs2.us-east-1.skyvdn.com:443/rtplive/sctv02lb/playlist.m3u8"
          }
        ]
      }
    },
    {
      "type": "Feature",
      "geometry": {
        "type": "Point",
        "coordinates": [
          -96.36503,
          42.40816
        ]
      },
      "properties": {
        "camera_uri": "camera/59546388",
        "title": "I-29: SC - I-29 @ 8th St in Sergeant Bluff (03)",
        "jpg_urls": [
          "https://iowadotsnapshot.us-east-1.skyvdn.com/thumbs/sctv03lb.flv.jpg"
        ],
        "m3u8_urls": [
          "https://iowadotsfs2.us-east-1.skyvdn.com:443/rtplive/sctv03lb/playlist.m3u8"
        ],
        "views": [
          {
            "uri": "camera/59546388/86305303",
            "category": "VIDEO",
            "jpg_url": "https://iowadotsnapshot.us-east-1.skyvdn.com/thumbs/sctv03lb.flv.jpg",
            "m3u8_url": "https://iowadotsfs2.us-east-1.skyvdn.com:443/rtplive/sctv03lb/playlist.m3u8"
          }
        ]
      }
    },
    {
      "type": "Feature",
      "geometry": {
        "type": "Point",
        "coordinates": [
          -96.41331,
          42.49291
        ]
      },
      "properties": {
        "camera_uri": "camera/59545880",
        "title": "I-29: SC - I-29 @ Bluff (26)",
        "jpg_urls": [
          "https://iowadotsnapshot.us-east-1.skyvdn.com/thumbs/sctv26lb.flv.jpg"
        ],
        "m3u8_urls": [
          "https://iowadotsfs2.us-east-1.skyvdn.com:443/rtplive/sctv26lb/playlist.m3u8"
        ],
        "views": [
          {
            "uri": "camera/59545880/3146473385",
            "category": "VIDEO",
            "jpg_url": "https://iowadotsnapshot.us-east-1.skyvdn.com/thumbs/sctv26lb.flv.jpg",
            "m3u8_url": "https://iowadotsfs2.us-east-1.skyvdn.com:443/rtplive/sctv26lb/playlist.m3u8"
          }
        ]
      }
    },
    {
      "type": "Feature",
      "geometry": {
        "type": "Point",
        "coordinates": [
          -96.39639,
          42.4878
        ]
      },
      "properties": {
        "camera_uri": "camera/59545863",
        "title": "I-29: SC - I-29 @ Floyd (09)",
        "jpg_urls": [
          "https://iowadotsnapshot.us-east-1.skyvdn.com/thumbs/sctv09lb.flv.jpg"
        ],
        "m3u8_urls": [
          "https://iowadotsfs2.us-east-1.skyvdn.com:443/rtplive/sctv09lb/playlist.m3u8"
        ],
        "views": [
          {
            "uri": "camera/59545863/145129479",
            "category": "VIDEO",
            "jpg_url": "https://iowadotsnapshot.us-east-1.skyvdn.com/thumbs/sctv09lb.flv.jpg",
            "m3u8_url": "https://iowadotsfs2.us-east-1.skyvdn.com:443/rtplive/sctv09lb/playlist.m3u8"
          }
        ]
      }
    },
    {
      "type": "Feature",
      "geometry": {
        "type": "Point",
        "coordinates": [
          -96.3914,
          42.48407
        ]
      },
      "properties": {
        "camera_uri": "camera/59545882",
        "title": "I-29: SC - I-29 @ Floyd River (44)",
        "jpg_urls": [
          "https://iowadotsnapshot.us-east-1.skyvdn.com/thumbs/sctv44lb.flv.jpg"
        ],
        "m3u8_urls": [
          "https://iowadotsfs1.us-east-1.skyvdn.com:443/rtplive/sctv44lb/playlist.m3u8"
        ],
        "views": [
          {
            "uri": "camera/59545882/2373457396",
            "category": "VIDEO",
            "jpg_url": "https://iowadotsnapshot.us-east-1.skyvdn.com/thumbs/sctv44lb.flv.jpg",
            "m3u8_url": "https://iowadotsfs1.us-east-1.skyvdn.com:443/rtplive/sctv44lb/playlist.m3u8"
          }
        ]
      }
    },
    {
      "type": "Feature",
      "geometry": {
        "type": "Point",
        "coordinates": [
          -96.42381,
          42.49226
        ]
      },
      "properties": {
        "camera_uri": "camera/59545701",
        "title": "I-29: SC - I-29 @ Hamilton (11)",
        "jpg_urls": [
          "https://iowadotsnapshot.us-east-1.skyvdn.com/thumbs/sctv11lb.flv.jpg"
        ],
        "m3u8_urls": [
          "https://iowadotsfs2.us-east-1.skyvdn.com:443/rtplive/sctv11lb/playlist.m3u8"
        ],
        "views": [
          {
            "uri": "camera/59545701/1050423010",
            "category": "VIDEO",
            "jpg_url": "https://iowadotsnapshot.us-east-1.skyvdn.com/thumbs/sctv11lb.flv.jpg",
            "m3u8_url": "https://iowadotsfs2.us-east-1.skyvdn.com:443/rtplive/sctv11lb/playlist.m3u8"
          }
        ]
      }
    },
    {
      "type": "Feature",
      "geometry": {
        "type": "Point",
        "coordinates": [
          -96.47557,
          42.49502
        ]
      },
      "properties": {
        "camera_uri": "camera/59546089",
        "title": "I-29: SC - I-29 @ IA-SD border (30)",
        "jpg_urls": [
          "https://iowadotsnapshot.us-east-1.skyvdn.com/thumbs/sctv30lb.flv.jpg"
        ],
        "m3u8_urls": [
          "https://iowadotsfs2.us-east-1.skyvdn.com:443/rtplive/sctv30lb/playlist.m3u8"
        ],
        "views": [
          {
            "uri": "camera/59546089/1273039115",
            "category": "VIDEO",
            "jpg_url": "https://iowadotsnapshot.us-east-1.skyvdn.com/thumbs/sctv30lb.flv.jpg",
            "m3u8_url": "https://iowadotsfs2.us-east-1.skyvdn.com:443/rtplive/sctv30lb/playlist.m3u8"
          }
        ]
      }
    },
    {
      "type": "Feature",
      "geometry": {
        "type": "Point",
        "coordinates": [
          -96.37878,
          42.4597
        ]
      },
      "properties": {
        "camera_uri": "camera/59546020",
        "title": "I-29: SC - I-29 @ MM 145.4 (46)",
        "jpg_urls": [
          "https://iowadotsnapshot.us-east-1.skyvdn.com/thumbs/sctv46lb.flv.jpg"
        ],
        "m3u8_urls": [
          "https://iowadotsfs1.us-east-1.skyvdn.com:443/rtplive/sctv46lb/playlist.m3u8"
        ],
        "views": [
          {
            "uri": "camera/59546020/1188555550",
            "category": "VIDEO",
            "jpg_url": "https://iowadotsnapshot.us-east-1.skyvdn.com/thumbs/sctv46lb.flv.jpg",
            "m3u8_url": "https://iowadotsfs1.us-east-1.skyvdn.com:443/rtplive/sctv46lb/playlist.m3u8"
          }
        ]
      }
    },
    {
      "type": "Feature",
      "geometry": {
        "type": "Point",
        "coordinates": [
          -96.38563,
          42.47778
        ]
      },
      "properties": {
        "camera_uri": "camera/59545704",
        "title": "I-29: SC - I-29 @ MM 147 (31)",
        "jpg_urls": [
          "https://iowadotsnapshot.us-east-1.skyvdn.com/thumbs/sctv31lb.flv.jpg"
        ],
        "m3u8_urls": [
          "https://iowadotsfs1.us-east-1.skyvdn.com:443/rtplive/sctv31lb/playlist.m3u8"
        ],
        "views": [
          {
            "uri": "camera/59545704/1938570854",
            "category": "VIDEO",
            "jpg_url": "https://iowadotsnapshot.us-east-1.skyvdn.com/thumbs/sctv31lb.flv.jpg",
            "m3u8_url": "https://iowadotsfs1.us-east-1.skyvdn.com:443/rtplive/sctv31lb/playlist.m3u8"
          }
        ]
      }
    },
    {
      "type": "Feature",
      "geometry": {
        "type": "Point",
        "coordinates": [
          -96.40827,
          42.48952
        ]
      },
      "properties": {
        "camera_uri": "camera/59545699",
        "title": "I-29: SC - I-29 @ Pavillion (43)",
        "jpg_urls": [
          "https://iowadotsnapshot.us-east-1.skyvdn.com/thumbs/sctv43lb.flv.jpg"
        ],
        "m3u8_urls": [
          "https://iowadotsfs1.us-east-1.skyvdn.com:443/rtplive/sctv43lb/playlist.m3u8"
        ],
        "views": [
          {
            "uri": "camera/59545699/1540025047",
            "category": "VIDEO",
            "jpg_url": "https://iowadotsnapshot.us-east-1.skyvdn.com/thumbs/sctv43lb.flv.jpg",
            "m3u8_url": "https://iowadotsfs1.us-east-1.skyvdn.com:443/rtplive/sctv43lb/playlist.m3u8"
          }
        ]
      }
    },
    {
      "type": "Feature",
      "geometry": {
        "type": "Point",
        "coordinates": [
          -96.38169,
          42.4712
        ]
      },
      "properties": {
        "camera_uri": "camera/59545733",
        "title": "I-29: SC - I-29 @ RR Bridge (08)",
        "jpg_urls": [
          "https://iowadotsnapshot.us-east-1.skyvdn.com/thumbs/sctv08lb.flv.jpg"
        ],
        "m3u8_urls": [
          "https://iowadotsfs2.us-east-1.skyvdn.com:443/rtplive/sctv08lb/playlist.m3u8"
        ],
        "views": [
          {
            "uri": "camera/59545733/2194068257",
            "category": "VIDEO",
            "jpg_url": "https://iowadotsnapshot.us-east-1.skyvdn.com/thumbs/sctv08lb.flv.jpg",
            "m3u8_url": "https://iowadotsfs2.us-east-1.skyvdn.com:443/rtplive/sctv08lb/playlist.m3u8"
          }
        ]
      }
    },
    {
      "type": "Feature",
      "geometry": {
        "type": "Point",
        "coordinates": [
          -96.46757,
          42.49271
        ]
      },
      "properties": {
        "camera_uri": "camera/59545879",
        "title": "I-29: SC - I-29 @ Riverside (13)",
        "jpg_urls": [
          "https://iowadotsnapshot.us-east-1.skyvdn.com/thumbs/sctv13lb.flv.jpg"
        ],
        "m3u8_urls": [
          "https://iowadotsfs2.us-east-1.skyvdn.com:443/rtplive/sctv13lb/playlist.m3u8"
        ],
        "views": [
          {
            "uri": "camera/59545879/901406325",
            "category": "VIDEO",
            "jpg_url": "https://iowadotsnapshot.us-east-1.skyvdn.com/thumbs/sctv13lb.flv.jpg",
            "m3u8_url": "https://iowadotsfs2.us-east-1.skyvdn.com:443/rtplive/sctv13lb/playlist.m3u8"
          }
        ]
      }
    },
    {
      "type": "Feature",
      "geometry": {
        "type": "Point",
        "coordinates": [
          -96.45079,
          42.49238
        ]
      },
      "properties": {
        "camera_uri": "camera/59545698",
        "title": "I-29: SC - I-29 @ S. Riverside (27)",
        "jpg_urls": [
          "https://iowadotsnapshot.us-east-1.skyvdn.com/thumbs/sctv27lb.flv.jpg"
        ],
        "m3u8_urls": [
          "https://iowadotsfs2.us-east-1.skyvdn.com:443/rtplive/sctv27lb/playlist.m3u8"
        ],
        "views": [
          {
            "uri": "camera/59545698/869670799",
            "category": "VIDEO",
            "jpg_url": "https://iowadotsnapshot.us-east-1.skyvdn.com/thumbs/sctv27lb.flv.jpg",
            "m3u8_url": "https://iowadotsfs2.us-east-1.skyvdn.com:443/rtplive/sctv27lb/playlist.m3u8"
          }
        ]
      }
    },
    {
      "type": "Feature",
      "geometry": {
        "type": "Point",
        "coordinates": [
          -96.35342,
          42.37403
        ]
      },
      "properties": {
        "camera_uri": "camera/59546199",
        "title": "I-29: SC - I-29 @ Sergeant Bluff Rest Area (01)",
        "jpg_urls": [
          "https://iowadotsnapshot.us-east-1.skyvdn.com/thumbs/sctv01lb.flv.jpg"
        ],
        "m3u8_urls": [
          "https://iowadotsfs2.us-east-1.skyvdn.com:443/rtplive/sctv01lb/playlist.m3u8"
        ],
        "views": [
          {
            "uri": "camera/59546199/2463774742",
            "category": "VIDEO",
            "jpg_url": "https://iowadotsnapshot.us-east-1.skyvdn.com/thumbs/sctv01lb.flv.jpg",
            "m3u8_url": "https://iowadotsfs2.us-east-1.skyvdn.com:443/rtplive/sctv01lb/playlist.m3u8"
          }
        ]
      }
    },
    {
      "type": "Feature",
      "geometry": {
        "type": "Point",
        "coordinates": [
          -96.37527,
          42.43382
        ]
      },
      "properties": {
        "camera_uri": "camera/59545883",
        "title": "I-29: SC - I-29 @ Singing Hills (04)",
        "jpg_urls": [
          "https://iowadotsnapshot.us-east-1.skyvdn.com/thumbs/sctv04lb.flv.jpg"
        ],
        "m3u8_urls": [
          "https://iowadotsfs2.us-east-1.skyvdn.com:443/rtplive/sctv04lb/playlist.m3u8"
        ],
        "views": [
          {
            "uri": "camera/59545883/4185278003",
            "category": "VIDEO",
            "jpg_url": "https://iowadotsnapshot.us-east-1.skyvdn.com/thumbs/sctv04lb.flv.jpg",
            "m3u8_url": "https://iowadotsfs2.us-east-1.skyvdn.com:443/rtplive/sctv04lb/playlist.m3u8"
          }
        ]
      }
    },
    {
      "type": "Feature",
      "geometry": {
        "type": "Point",
        "coordinates": [
          -96.37937,
          42.46184
        ]
      },
      "properties": {
        "camera_uri": "camera/59546462",
        "title": "I-29: SC - I-29 @ South of RR Bridge (28)",
        "jpg_urls": [
          "https://iowadotsnapshot.us-east-1.skyvdn.com/thumbs/sctv28lb.flv.jpg"
        ],
        "m3u8_urls": [
          "https://iowadotsfs2.us-east-1.skyvdn.com:443/rtplive/sctv28lb/playlist.m3u8"
        ],
        "views": [
          {
            "uri": "camera/59546462/4060775231",
            "category": "VIDEO",
            "jpg_url": "https://iowadotsnapshot.us-east-1.skyvdn.com/thumbs/sctv28lb.flv.jpg",
            "m3u8_url": "https://iowadotsfs2.us-east-1.skyvdn.com:443/rtplive/sctv28lb/playlist.m3u8"
          }
        ]
      }
    },
    {
      "type": "Feature",
      "geometry": {
        "type": "Point",
        "coordinates": [
          -96.44183,
          42.49127
        ]
      },
      "properties": {
        "camera_uri": "camera/59546357",
        "title": "I-29: SC - I-29 @ South of Riverside (12)",
        "jpg_urls": [
          "https://iowadotsnapshot.us-east-1.skyvdn.com/thumbs/sctv12lb.flv.jpg"
        ],
        "m3u8_urls": [
          "https://iowadotsfs2.us-east-1.skyvdn.com:443/rtplive/sctv12lb/playlist.m3u8"
        ],
        "views": [
          {
            "uri": "camera/59546357/1874810440",
            "category": "VIDEO",
            "jpg_url": "https://iowadotsnapshot.us-east-1.skyvdn.com/thumbs/sctv12lb.flv.jpg",
            "m3u8_url": "https://iowadotsfs2.us-east-1.skyvdn.com:443/rtplive/sctv12lb/playlist.m3u8"
          }
        ]
      }
    },
    {
      "type": "Feature",
      "geometry": {
        "type": "Point",
        "coordinates": [
          -96.37829,
          42.44699
        ]
      },
      "properties": {
        "camera_uri": "camera/59546318",
        "title": "I-29: SC - I-29 @ US 20 (06)",
        "jpg_urls": [
          "https://iowadotsnapshot.us-east-1.skyvdn.com/thumbs/sctv06lb.flv.jpg"
        ],
        "m3u8_urls": [
          "https://iowadotsfs2.us-east-1.skyvdn.com:443/rtplive/sctv06lb/playlist.m3u8"
        ],
        "views": [
          {
            "uri": "camera/59546318/2244930036",
            "category": "VIDEO",
            "jpg_url": "https://iowadotsnapshot.us-east-1.skyvdn.com/thumbs/sctv06lb.flv.jpg",
            "m3u8_url": "https://iowadotsfs2.us-east-1.skyvdn.com:443/rtplive/sctv06lb/playlist.m3u8"
          }
        ]
      }
    },
    {
      "type": "Feature",
      "geometry": {
        "type": "Point",
        "coordinates": [
          -96.37586,
          42.45278
        ]
      },
      "properties": {
        "camera_uri": "camera/59546439",
        "title": "I-29: SC - I-29 @ US 20 - North (07)",
        "jpg_urls": [
          "https://iowadotsnapshot.us-east-1.skyvdn.com/thumbs/sctv07lb.flv.jpg"
        ],
        "m3u8_urls": [
          "https://iowadotsfs2.us-east-1.skyvdn.com:443/rtplive/sctv07lb/playlist.m3u8"
        ],
        "views": [
          {
            "uri": "camera/59546439/1909257079",
            "category": "VIDEO",
            "jpg_url": "https://iowadotsnapshot.us-east-1.skyvdn.com/thumbs/sctv07lb.flv.jpg",
            "m3u8_url": "https://iowadotsfs2.us-east-1.skyvdn.com:443/rtplive/sctv07lb/playlist.m3u8"
          }
        ]
      }
    },
    {
      "type": "Feature",
      "geometry": {
        "type": "Point",
        "coordinates": [
          -96.37465,
          42.44599
        ]
      },
      "properties": {
        "camera_uri": "camera/59545738",
        "title": "I-29: SC - I-29 @ US 20 - South (05)",
        "jpg_urls": [
          "https://iowadotsnapshot.us-east-1.skyvdn.com/thumbs/sctv05lb.flv.jpg"
        ],
        "m3u8_urls": [
          "https://iowadotsfs2.us-east-1.skyvdn.com:443/rtplive/sctv05lb/playlist.m3u8"
        ],
        "views": [
          {
            "uri": "camera/59545738/377335855",
            "category": "VIDEO",
            "jpg_url": "https://iowadotsnapshot.us-east-1.skyvdn.com/thumbs/sctv05lb.flv.jpg",
            "m3u8_url": "https://iowadotsfs2.us-east-1.skyvdn.com:443/rtplive/sctv05lb/playlist.m3u8"
          }
        ]
      }
    },
    {
      "type": "Feature",
      "geometry": {
        "type": "Point",
        "coordinates": [
          -96.41269,
          42.49085
        ]
      },
      "properties": {
        "camera_uri": "camera/59545806",
        "title": "I-29: SC - I-29 @ Wesley Parkway (10)",
        "jpg_urls": [
          "https://iowadotsnapshot.us-east-1.skyvdn.com/thumbs/sctv10lb.flv.jpg"
        ],
        "m3u8_urls": [
          "https://iowadotsfs2.us-east-1.skyvdn.com:443/rtplive/sctv10lb/playlist.m3u8"
        ],
        "views": [
          {
            "uri": "camera/59545806/433491425",
            "category": "VIDEO",
            "jpg_url": "https://iowadotsnapshot.us-east-1.skyvdn.com/thumbs/sctv10lb.flv.jpg",
            "m3u8_url": "https://iowadotsfs2.us-east-1.skyvdn.com:443/rtplive/sctv10lb/playlist.m3u8"
          }
        ]
      }
    },
    {
      "type": "Feature",
      "geometry": {
        "type": "Point",
        "coordinates": [
          -96.12876,
          42.02689
        ]
      },
      "properties": {
        "camera_uri": "camera/59546039",
        "title": "I-29: WWD - I-29 @ IA 175 in Onawa (54)",
        "jpg_urls": [
          "https://atmsqf.iowadot.gov/snapshots/Public/WWD/WWD54.jpg?1774927320000"
        ],
        "m3u8_urls": [],
        "views": [
          {
            "uri": "camera/59546039/3911013449",
            "category": "IMAGE",
            "jpg_url": "https://atmsqf.iowadot.gov/snapshots/Public/WWD/WWD54.jpg?1774927320000"
          }
        ]
      }
    },
    {
      "type": "Feature",
      "geometry": {
        "type": "Point",
        "coordinates": [
          -95.86712,
          41.28565
        ]
      },
      "properties": {
        "camera_uri": "camera/59545805",
        "title": "I-29: WWD - I-29 @ IA 192 (21)",
        "jpg_urls": [
          "https://iowadotsnapshot.us-east-1.skyvdn.com/thumbs/wwdtv021lb.flv.jpg"
        ],
        "m3u8_urls": [
          "https://iowadotsfs1.us-east-1.skyvdn.com:443/rtplive/wwdtv021lb/playlist.m3u8"
        ],
        "views": [
          {
            "uri": "camera/59545805/3976408883",
            "category": "VIDEO",
            "jpg_url": "https://iowadotsnapshot.us-east-1.skyvdn.com/thumbs/wwdtv021lb.flv.jpg",
            "m3u8_url": "https://iowadotsfs1.us-east-1.skyvdn.com:443/rtplive/wwdtv021lb/playlist.m3u8"
          }
        ]
      }
    },
    {
      "type": "Feature",
      "geometry": {
        "type": "Point",
        "coordinates": [
          -96.30098,
          42.30844
        ]
      },
      "properties": {
        "camera_uri": "camera/59545775",
        "title": "I-29: WWD - I-29 @ K25 near Salix (56)",
        "jpg_urls": [
          "https://atmsqf.iowadot.gov/snapshots/Public/WWD/WWD56.jpg?1774927320000"
        ],
        "m3u8_urls": [],
        "views": [
          {
            "uri": "camera/59545775/3313166650",
            "category": "IMAGE",
            "jpg_url": "https://atmsqf.iowadot.gov/snapshots/Public/WWD/WWD56.jpg?1774927320000"
          }
        ]
      }
    },
    {
      "type": "Feature",
      "geometry": {
        "type": "Point",
        "coordinates": [
          -96.37515,
          42.43369
        ]
      },
      "properties": {
        "camera_uri": "camera/59546022",
        "title": "I-29: WWD - I-29 @ Singing Hills (59E)",
        "jpg_urls": [
          "https://iowadotsnapshot.us-east-1.skyvdn.com/thumbs/wwdtv059lb.flv.jpg"
        ],
        "m3u8_urls": [
          "https://iowadotsfs1.us-east-1.skyvdn.com:443/rtplive/wwdtv059lb/playlist.m3u8"
        ],
        "views": [
          {
            "uri": "camera/59546022/1554634922",
            "category": "VIDEO",
            "jpg_url": "https://iowadotsnapshot.us-east-1.skyvdn.com/thumbs/wwdtv059lb.flv.jpg",
            "m3u8_url": "https://iowadotsfs1.us-east-1.skyvdn.com:443/rtplive/wwdtv059lb/playlist.m3u8"
          }
        ]
      }
    },
    {
      "type": "Feature",
      "geometry": {
        "type": "Point",
        "coordinates": [
          -96.41293,
          42.49066
        ]
      },
      "properties": {
        "camera_uri": "camera/59546220",
        "title": "I-29: WWD - I-29 @ Wesley Pkwy (70)",
        "jpg_urls": [
          "https://iowadotsnapshot.us-east-1.skyvdn.com/thumbs/wwdtv070lb.flv.jpg"
        ],
        "m3u8_urls": [
          "https://iowadotsfs1.us-east-1.skyvdn.com:443/rtplive/wwdtv070lb/playlist.m3u8"
        ],
        "views": [
          {
            "uri": "camera/59546220/1459071265",
            "category": "VIDEO",
            "jpg_url": "https://iowadotsnapshot.us-east-1.skyvdn.com/thumbs/wwdtv070lb.flv.jpg",
            "m3u8_url": "https://iowadotsfs1.us-east-1.skyvdn.com:443/rtplive/wwdtv070lb/playlist.m3u8"
          }
        ]
      }
    },
    {
      "type": "Feature",
      "geometry": {
        "type": "Point",
        "coordinates": [
          -96.37515,
          42.43369
        ]
      },
      "properties": {
        "camera_uri": "camera/59546049",
        "title": "I-29: WWD - I-29 S @ Singing Hills (58W)",
        "jpg_urls": [
          "https://iowadotsnapshot.us-east-1.skyvdn.com/thumbs/wwdtv058lb.flv.jpg"
        ],
        "m3u8_urls": [
          "https://iowadotsfs1.us-east-1.skyvdn.com:443/rtplive/wwdtv058lb/playlist.m3u8"
        ],
        "views": [
          {
            "uri": "camera/59546049/2133715146",
            "category": "VIDEO",
            "jpg_url": "https://iowadotsnapshot.us-east-1.skyvdn.com/thumbs/wwdtv058lb.flv.jpg",
            "m3u8_url": "https://iowadotsfs1.us-east-1.skyvdn.com:443/rtplive/wwdtv058lb/playlist.m3u8"
          }
        ]
      }
    },
    {
      "type": "Feature",
      "geometry": {
        "type": "Point",
        "coordinates": [
          -93.5708,
          41.84194
        ]
      },
      "properties": {
        "camera_uri": "camera/59545813",
        "title": "I-35: 1DH - I-35 @ MM 100.3 (IWZ 3364)",
        "jpg_urls": [
          "https://iowadotsnapshot.us-east-1.skyvdn.com/thumbs/iwz3364lb.flv.jpg"
        ],
        "m3u8_urls": [
          "https://iowadotsfs1.us-east-1.skyvdn.com:443/rtplive/iwz3364lb/playlist.m3u8"
        ],
        "views": [
          {
            "uri": "camera/59545813/2313245948",
            "category": "VIDEO",
            "jpg_url": "https://iowadotsnapshot.us-east-1.skyvdn.com/thumbs/iwz3364lb.flv.jpg",
            "m3u8_url": "https://iowadotsfs1.us-east-1.skyvdn.com:443/rtplive/iwz3364lb/playlist.m3u8"
          }
        ]
      }
    },
    {
      "type": "Feature",
      "geometry": {
        "type": "Point",
        "coordinates": [
          -93.57086,
          41.86916
        ]
      },
      "properties": {
        "camera_uri": "camera/59545987",
        "title": "I-35: 1DH - I-35 @ MM 102.2 (IWZ 3101)",
        "jpg_urls": [
          "https://iowadotsnapshot.us-east-1.skyvdn.com/thumbs/iwz3101lb.flv.jpg"
        ],
        "m3u8_urls": [
          "https://iowadotsfs1.us-east-1.skyvdn.com:443/rtplive/iwz3101lb/playlist.m3u8"
        ],
        "views": [
          {
            "uri": "camera/59545987/3367647678",
            "category": "VIDEO",
            "jpg_url": "https://iowadotsnapshot.us-east-1.skyvdn.com/thumbs/iwz3101lb.flv.jpg",
            "m3u8_url": "https://iowadotsfs1.us-east-1.skyvdn.com:443/rtplive/iwz3101lb/playlist.m3u8"
          }
        ]
      }
    },
    {
      "type": "Feature",
      "geometry": {
        "type": "Point",
        "coordinates": [
          -93.77648,
          41.61948
        ]
      },
      "properties": {
        "camera_uri": "camera/59545873",
        "title": "I-35: 1EA - I-35 @ MM 125 (IWZ 3125)",
        "jpg_urls": [
          "https://iowadotsnapshot.us-east-1.skyvdn.com/thumbs/iwz3125lb.flv.jpg"
        ],
        "m3u8_urls": [
          "https://iowadotsfs1.us-east-1.skyvdn.com:443/rtplive/iwz3125lb/playlist.m3u8"
        ],
        "views": [
          {
            "uri": "camera/59545873/800287689",
            "category": "VIDEO",
            "jpg_url": "https://iowadotsnapshot.us-east-1.skyvdn.com/thumbs/iwz3125lb.flv.jpg",
            "m3u8_url": "https://iowadotsfs1.us-east-1.skyvdn.com:443/rtplive/iwz3125lb/playlist.m3u8"
          }
        ]
      }
    },
    {
      "type": "Feature",
      "geometry": {
        "type": "Point",
        "coordinates": [
          -93.57102,
          41.97932
        ]
      },
      "properties": {
        "camera_uri": "camera/59545635",
        "title": "I-35: AM - I-35 @ 260th St (05)",
        "jpg_urls": [
          "https://iowadotsnapshot.us-east-1.skyvdn.com/thumbs/amtv05lb.flv.jpg"
        ],
        "m3u8_urls": [
          "https://iowadotsfs1.us-east-1.skyvdn.com:443/rtplive/amtv05lb/playlist.m3u8"
        ],
        "views": [
          {
            "uri": "camera/59545635/2073925389",
            "category": "VIDEO",
            "jpg_url": "https://iowadotsnapshot.us-east-1.skyvdn.com/thumbs/amtv05lb.flv.jpg",
            "m3u8_url": "https://iowadotsfs1.us-east-1.skyvdn.com:443/rtplive/amtv05lb/playlist.m3u8"
          }
        ]
      }
    },
    {
      "type": "Feature",
      "geometry": {
        "type": "Point",
        "coordinates": [
          -93.57023,
          42.03433
        ]
      },
      "properties": {
        "camera_uri": "camera/59546350",
        "title": "I-35: AM - I-35 @ E 13th St (09)",
        "jpg_urls": [
          "https://iowadotsnapshot.us-east-1.skyvdn.com/thumbs/amtv09lb.flv.jpg"
        ],
        "m3u8_urls": [
          "https://iowadotsfs1.us-east-1.skyvdn.com:443/rtplive/amtv09lb/playlist.m3u8"
        ],
        "views": [
          {
            "uri": "camera/59546350/2762147378",
            "category": "VIDEO",
            "jpg_url": "https://iowadotsnapshot.us-east-1.skyvdn.com/thumbs/amtv09lb.flv.jpg",
            "m3u8_url": "https://iowadotsfs1.us-east-1.skyvdn.com:443/rtplive/amtv09lb/playlist.m3u8"
          }
        ]
      }
    },
    {
      "type": "Feature",
      "geometry": {
        "type": "Point",
        "coordinates": [
          -93.5665,
          42.078
        ]
      },
      "properties": {
        "camera_uri": "camera/59545778",
        "title": "I-35: AM - I-35 @ E 190th St (10)",
        "jpg_urls": [
          "https://iowadotsnapshot.us-east-1.skyvdn.com/thumbs/amtv10lb.flv.jpg"
        ],
        "m3u8_urls": [
          "https://iowadotsfs1.us-east-1.skyvdn.com:443/rtplive/amtv10lb/playlist.m3u8"
        ],
        "views": [
          {
            "uri": "camera/59545778/516578528",
            "category": "VIDEO",
            "jpg_url": "https://iowadotsnapshot.us-east-1.skyvdn.com/thumbs/amtv10lb.flv.jpg",
            "m3u8_url": "https://iowadotsfs1.us-east-1.skyvdn.com:443/rtplive/amtv10lb/playlist.m3u8"
          }
        ]
      }
    },
    {
      "type": "Feature",
      "geometry": {
        "type": "Point",
        "coordinates": [
          -93.57194,
          41.89967
        ]
      },
      "properties": {
        "camera_uri": "camera/59546191",
        "title": "I-35: AM - I-35 @ E 1st St (02)",
        "jpg_urls": [
          "https://iowadotsnapshot.us-east-1.skyvdn.com/thumbs/amtv02lb.flv.jpg"
        ],
        "m3u8_urls": [
          "https://iowadotsfs1.us-east-1.skyvdn.com:443/rtplive/amtv02lb/playlist.m3u8"
        ],
        "views": [
          {
            "uri": "camera/59546191/1779330609",
            "category": "VIDEO",
            "jpg_url": "https://iowadotsnapshot.us-east-1.skyvdn.com/thumbs/amtv02lb.flv.jpg",
            "m3u8_url": "https://iowadotsfs1.us-east-1.skyvdn.com:443/rtplive/amtv02lb/playlist.m3u8"
          }
        ]
      }
    },
    {
      "type": "Feature",
      "geometry": {
        "type": "Point",
        "coordinates": [
          -93.57173,
          42.02287
        ]
      },
      "properties": {
        "camera_uri": "camera/59546140",
        "title": "I-35: AM - I-35 @ E Lincoln Way (08)",
        "jpg_urls": [
          "https://iowadotsnapshot.us-east-1.skyvdn.com/thumbs/amtv08lb.flv.jpg"
        ],
        "m3u8_urls": [
          "https://iowadotsfs1.us-east-1.skyvdn.com:443/rtplive/amtv08lb/playlist.m3u8"
        ],
        "views": [
          {
            "uri": "camera/59546140/1924065760",
            "category": "VIDEO",
            "jpg_url": "https://iowadotsnapshot.us-east-1.skyvdn.com/thumbs/amtv08lb.flv.jpg",
            "m3u8_url": "https://iowadotsfs1.us-east-1.skyvdn.com:443/rtplive/amtv08lb/playlist.m3u8"
          }
        ]
      }
    },
    {
      "type": "Feature",
      "geometry": {
        "type": "Point",
        "coordinates": [
          -93.56984,
          41.91928
        ]
      },
      "properties": {
        "camera_uri": "camera/59545927",
        "title": "I-35: AM - I-35 @ MM 105.6 (03)",
        "jpg_urls": [
          "https://iowadotsnapshot.us-east-1.skyvdn.com/thumbs/amtv03lb.flv.jpg"
        ],
        "m3u8_urls": [
          "https://iowadotsfs1.us-east-1.skyvdn.com:443/rtplive/amtv03lb/playlist.m3u8"
        ],
        "views": [
          {
            "uri": "camera/59545927/2988143624",
            "category": "VIDEO",
            "jpg_url": "https://iowadotsnapshot.us-east-1.skyvdn.com/thumbs/amtv03lb.flv.jpg",
            "m3u8_url": "https://iowadotsfs1.us-east-1.skyvdn.com:443/rtplive/amtv03lb/playlist.m3u8"
          }
        ]
      }
    },
    {
      "type": "Feature",
      "geometry": {
        "type": "Point",
        "coordinates": [
          -93.5693,
          41.9498
        ]
      },
      "properties": {
        "camera_uri": "camera/59546225",
        "title": "I-35: AM - I-35 @ MM 107.8 (04)",
        "jpg_urls": [
          "https://iowadotsnapshot.us-east-1.skyvdn.com/thumbs/amtv04lb.flv.jpg"
        ],
        "m3u8_urls": [
          "https://iowadotsfs1.us-east-1.skyvdn.com:443/rtplive/amtv04lb/playlist.m3u8"
        ],
        "views": [
          {
            "uri": "camera/59546225/4239348195",
            "category": "VIDEO",
            "jpg_url": "https://iowadotsnapshot.us-east-1.skyvdn.com/thumbs/amtv04lb.flv.jpg",
            "m3u8_url": "https://iowadotsfs1.us-east-1.skyvdn.com:443/rtplive/amtv04lb/playlist.m3u8"
          }
        ]
      }
    },
    {
      "type": "Feature",
      "geometry": {
        "type": "Point",
        "coordinates": [
          -93.5709,
          41.97158
        ]
      },
      "properties": {
        "camera_uri": "camera/59546237",
        "title": "I-35: AM - I-35 @ MM 109 (20)",
        "jpg_urls": [
          "https://iowadotsnapshot.us-east-1.skyvdn.com/thumbs/amtv20lb.flv.jpg"
        ],
        "m3u8_urls": [
          "https://iowadotsfs1.us-east-1.skyvdn.com:443/rtplive/amtv20lb/playlist.m3u8"
        ],
        "views": [
          {
            "uri": "camera/59546237/155335101",
            "category": "VIDEO",
            "jpg_url": "https://iowadotsnapshot.us-east-1.skyvdn.com/thumbs/amtv20lb.flv.jpg",
            "m3u8_url": "https://iowadotsfs1.us-east-1.skyvdn.com:443/rtplive/amtv20lb/playlist.m3u8"
          }
        ]
      }
    },
    {
      "type": "Feature",
      "geometry": {
        "type": "Point",
        "coordinates": [
          -93.57127,
          42.01236
        ]
      },
      "properties": {
        "camera_uri": "camera/59545834",
        "title": "I-35: AM - I-35 @ N of US 30 (22)",
        "jpg_urls": [
          "https://iowadotsnapshot.us-east-1.skyvdn.com/thumbs/amtv22lb.flv.jpg"
        ],
        "m3u8_urls": [
          "https://iowadotsfs1.us-east-1.skyvdn.com:443/rtplive/amtv22lb/playlist.m3u8"
        ],
        "views": [
          {
            "uri": "camera/59545834/3954710021",
            "category": "VIDEO",
            "jpg_url": "https://iowadotsnapshot.us-east-1.skyvdn.com/thumbs/amtv22lb.flv.jpg",
            "m3u8_url": "https://iowadotsfs1.us-east-1.skyvdn.com:443/rtplive/amtv22lb/playlist.m3u8"
          }
        ]
      }
    },
    {
      "type": "Feature",
      "geometry": {
        "type": "Point",
        "coordinates": [
          -93.57141,
          42.0073
        ]
      },
      "properties": {
        "camera_uri": "camera/59546428",
        "title": "I-35: AM - I-35 @ US 30 (06)",
        "jpg_urls": [
          "https://iowadotsnapshot.us-east-1.skyvdn.com/thumbs/amtv06lb.flv.jpg"
        ],
        "m3u8_urls": [
          "https://iowadotsfs1.us-east-1.skyvdn.com:443/rtplive/amtv06lb/playlist.m3u8"
        ],
        "views": [
          {
            "uri": "camera/59546428/1740312484",
            "category": "VIDEO",
            "jpg_url": "https://iowadotsnapshot.us-east-1.skyvdn.com/thumbs/amtv06lb.flv.jpg",
            "m3u8_url": "https://iowadotsfs1.us-east-1.skyvdn.com:443/rtplive/amtv06lb/playlist.m3u8"
          }
        ]
      }
    },
    {
      "type": "Feature",
      "geometry": {
        "type": "Point",
        "coordinates": [
          -93.57141,
          42.0073
        ]
      },
      "properties": {
        "camera_uri": "camera/59546429",
        "title": "I-35: AM - I-35 @ US 30 (06Q)",
        "jpg_urls": [
          "https://iowadotsnapshot.us-east-1.skyvdn.com/thumbs/amtv06qlb.flv.jpg"
        ],
        "m3u8_urls": [
          "https://iowadotsfs1.us-east-1.skyvdn.com:443/rtplive/amtv06qlb/playlist.m3u8"
        ],
        "views": [
          {
            "uri": "camera/59546429/3322993557",
            "category": "VIDEO",
            "jpg_url": "https://iowadotsnapshot.us-east-1.skyvdn.com/thumbs/amtv06qlb.flv.jpg",
            "m3u8_url": "https://iowadotsfs1.us-east-1.skyvdn.com:443/rtplive/amtv06qlb/playlist.m3u8"
          }
        ]
      }
    },
    {
      "type": "Feature",
      "geometry": {
        "type": "Point",
        "coordinates": [
          -93.57033,
          42.00458
        ]
      },
      "properties": {
        "camera_uri": "camera/59546119",
        "title": "I-35: AM - I-35 @ US 30 W Flyover Ramp (21)",
        "jpg_urls": [
          "https://iowadotsnapshot.us-east-1.skyvdn.com/thumbs/amtv21lb.flv.jpg"
        ],
        "m3u8_urls": [
          "https://iowadotsfs1.us-east-1.skyvdn.com:443/rtplive/amtv21lb/playlist.m3u8"
        ],
        "views": [
          {
            "uri": "camera/59546119/2033385701",
            "category": "VIDEO",
            "jpg_url": "https://iowadotsnapshot.us-east-1.skyvdn.com/thumbs/amtv21lb.flv.jpg",
            "m3u8_url": "https://iowadotsfs1.us-east-1.skyvdn.com:443/rtplive/amtv21lb/playlist.m3u8"
          }
        ]
      }
    },
    {
      "type": "Feature",
      "geometry": {
        "type": "Point",
        "coordinates": [
          -93.57003,
          42.35479
        ]
      },
      "properties": {
        "camera_uri": "camera/59545910",
        "title": "I-35: D1 - I-35 @ 300th St (11)",
        "jpg_urls": [
          "https://iowadotsnapshot.us-east-1.skyvdn.com/thumbs/d1tv11lb.flv.jpg"
        ],
        "m3u8_urls": [
          "https://iowadotsfs1.us-east-1.skyvdn.com:443/rtplive/d1tv11lb/playlist.m3u8"
        ],
        "views": [
          {
            "uri": "camera/59545910/623742774",
            "category": "VIDEO",
            "jpg_url": "https://iowadotsnapshot.us-east-1.skyvdn.com/thumbs/d1tv11lb.flv.jpg",
            "m3u8_url": "https://iowadotsfs1.us-east-1.skyvdn.com:443/rtplive/d1tv11lb/playlist.m3u8"
          }
        ]
      }
    },
    {
      "type": "Feature",
      "geometry": {
        "type": "Point",
        "coordinates": [
          -93.56936,
          42.3098
        ]
      },
      "properties": {
        "camera_uri": "camera/59546221",
        "title": "I-35: D1 - I-35 @ IA 175 Ellsworth (09)",
        "jpg_urls": [
          "https://iowadotsnapshot.us-east-1.skyvdn.com/thumbs/d1tv09lb.flv.jpg"
        ],
        "m3u8_urls": [
          "https://iowadotsfs1.us-east-1.skyvdn.com:443/rtplive/d1tv09lb/playlist.m3u8"
        ],
        "views": [
          {
            "uri": "camera/59546221/542813708",
            "category": "VIDEO",
            "jpg_url": "https://iowadotsnapshot.us-east-1.skyvdn.com/thumbs/d1tv09lb.flv.jpg",
            "m3u8_url": "https://iowadotsfs1.us-east-1.skyvdn.com:443/rtplive/d1tv09lb/playlist.m3u8"
          }
        ]
      }
    },
    {
      "type": "Feature",
      "geometry": {
        "type": "Point",
        "coordinates": [
          -93.56841,
          42.41133
        ]
      },
      "properties": {
        "camera_uri": "camera/59546416",
        "title": "I-35: D1 - I-35 @ MM 140 near Williams (02)",
        "jpg_urls": [
          "https://iowadotsnapshot.us-east-1.skyvdn.com/thumbs/d1tv02lb.flv.jpg"
        ],
        "m3u8_urls": [
          "https://iowadotsfs1.us-east-1.skyvdn.com:443/rtplive/d1tv02lb/playlist.m3u8"
        ],
        "views": [
          {
            "uri": "camera/59546416/2605883033",
            "category": "VIDEO",
            "jpg_url": "https://iowadotsnapshot.us-east-1.skyvdn.com/thumbs/d1tv02lb.flv.jpg",
            "m3u8_url": "https://iowadotsfs1.us-east-1.skyvdn.com:443/rtplive/d1tv02lb/playlist.m3u8"
          }
        ]
      }
    },
    {
      "type": "Feature",
      "geometry": {
        "type": "Point",
        "coordinates": [
          -93.54857,
          42.57345
        ]
      },
      "properties": {
        "camera_uri": "camera/59546091",
        "title": "I-35: D1 - I-35 @ MM 151.5  (08)",
        "jpg_urls": [
          "https://atmsqf.iowadot.gov/snapshots/Public/Rural/D1TV08.jpg?1774927320000"
        ],
        "m3u8_urls": [],
        "views": [
          {
            "uri": "camera/59546091/184379704",
            "category": "IMAGE",
            "jpg_url": "https://atmsqf.iowadot.gov/snapshots/Public/Rural/D1TV08.jpg?1774927320000"
          }
        ]
      }
    },
    {
      "type": "Feature",
      "geometry": {
        "type": "Point",
        "coordinates": [
          -93.56835,
          42.44876
        ]
      },
      "properties": {
        "camera_uri": "camera/59545759",
        "title": "I-35: D1 - I-35 @ US 20 (10Q)",
        "jpg_urls": [
          "https://iowadotsnapshot.us-east-1.skyvdn.com/thumbs/d1tv10qlb.flv.jpg"
        ],
        "m3u8_urls": [
          "https://iowadotsfs2.us-east-1.skyvdn.com:443/rtplive/d1tv10qlb/playlist.m3u8"
        ],
        "views": [
          {
            "uri": "camera/59545759/3585806570",
            "category": "VIDEO",
            "jpg_url": "https://iowadotsnapshot.us-east-1.skyvdn.com/thumbs/d1tv10qlb.flv.jpg",
            "m3u8_url": "https://iowadotsfs2.us-east-1.skyvdn.com:443/rtplive/d1tv10qlb/playlist.m3u8"
          }
        ]
      }
    },
    {
      "type": "Feature",
      "geometry": {
        "type": "Point",
        "coordinates": [
          -93.56554,
          42.44892
        ]
      },
      "properties": {
        "camera_uri": "camera/59545955",
        "title": "I-35: D1 - I-35 @ US 20 Williams (10)",
        "jpg_urls": [
          "https://iowadotsnapshot.us-east-1.skyvdn.com/thumbs/d1tv10lb.flv.jpg"
        ],
        "m3u8_urls": [
          "https://iowadotsfs1.us-east-1.skyvdn.com:443/rtplive/d1tv10lb/playlist.m3u8"
        ],
        "views": [
          {
            "uri": "camera/59545955/2651697299",
            "category": "VIDEO",
            "jpg_url": "https://iowadotsnapshot.us-east-1.skyvdn.com/thumbs/d1tv10lb.flv.jpg",
            "m3u8_url": "https://iowadotsfs1.us-east-1.skyvdn.com:443/rtplive/d1tv10lb/playlist.m3u8"
          }
        ]
      }
    },
    {
      "type": "Feature",
      "geometry": {
        "type": "Point",
        "coordinates": [
          -93.45523,
          42.67369
        ]
      },
      "properties": {
        "camera_uri": "camera/59545785",
        "title": "I-35: D2 - I-35 @ MM 160 near Dows (D2TV08)",
        "jpg_urls": [
          "https://atmsqf.iowadot.gov/snapshots/Public/Rural/D2TV08.jpg?1774927320000"
        ],
        "m3u8_urls": [],
        "views": [
          {
            "uri": "camera/59545785/2738973857",
            "category": "IMAGE",
            "jpg_url": "https://atmsqf.iowadot.gov/snapshots/Public/Rural/D2TV08.jpg?1774927320000"
          }
        ]
      }
    },
    {
      "type": "Feature",
      "geometry": {
        "type": "Point",
        "coordinates": [
          -93.35622,
          43.14818
        ]
      },
      "properties": {
        "camera_uri": "camera/59546460",
        "title": "I-35: D2 - I-35 @ MM 194.3 (02)",
        "jpg_urls": [
          "https://iowadotsnapshot.us-east-1.skyvdn.com/thumbs/d2tv02lb.flv.jpg"
        ],
        "m3u8_urls": [
          "https://iowadotsfs1.us-east-1.skyvdn.com:443/rtplive/d2tv02lb/playlist.m3u8"
        ],
        "views": [
          {
            "uri": "camera/59546460/4064681726",
            "category": "VIDEO",
            "jpg_url": "https://iowadotsnapshot.us-east-1.skyvdn.com/thumbs/d2tv02lb.flv.jpg",
            "m3u8_url": "https://iowadotsfs1.us-east-1.skyvdn.com:443/rtplive/d2tv02lb/playlist.m3u8"
          }
        ]
      }
    },
    {
      "type": "Feature",
      "geometry": {
        "type": "Point",
        "coordinates": [
          -93.35664,
          43.17708
        ]
      },
      "properties": {
        "camera_uri": "camera/59546054",
        "title": "I-35: D2 - I-35 @ MM 196.3 near Clear Lake (D2TV01)",
        "jpg_urls": [
          "https://atmsqf.iowadot.gov/snapshots/Public/Rural/D2TV01.jpg?1774927320000"
        ],
        "m3u8_urls": [],
        "views": [
          {
            "uri": "camera/59546054/3584446249",
            "category": "IMAGE",
            "jpg_url": "https://atmsqf.iowadot.gov/snapshots/Public/Rural/D2TV01.jpg?1774927320000"
          }
        ]
      }
    },
    {
      "type": "Feature",
      "geometry": {
        "type": "Point",
        "coordinates": [
          -93.57672,
          41.73246
        ]
      },
      "properties": {
        "camera_uri": "camera/59546409",
        "title": "I-35: DM - I-35 @ 1st St in Ankeny (41)",
        "jpg_urls": [
          "https://iowadotsnapshot.us-east-1.skyvdn.com/thumbs/dmtv41lb.flv.jpg"
        ],
        "m3u8_urls": [
          "https://iowadotsfs1.us-east-1.skyvdn.com:443/rtplive/dmtv41lb/playlist.m3u8"
        ],
        "views": [
          {
            "uri": "camera/59546409/4099517799",
            "category": "VIDEO",
            "jpg_url": "https://iowadotsnapshot.us-east-1.skyvdn.com/thumbs/dmtv41lb.flv.jpg",
            "m3u8_url": "https://iowadotsfs1.us-east-1.skyvdn.com:443/rtplive/dmtv41lb/playlist.m3u8"
          }
        ]
      }
    },
    {
      "type": "Feature",
      "geometry": {
        "type": "Point",
        "coordinates": [
          -93.57682,
          41.7321
        ]
      },
      "properties": {
        "camera_uri": "camera/59545821",
        "title": "I-35: DM - I-35 @ 1st St in Ankeny QUAD (41Q)",
        "jpg_urls": [
          "https://iowadotsnapshot.us-east-1.skyvdn.com/thumbs/dmtv41qlb.flv.jpg"
        ],
        "m3u8_urls": [
          "https://iowadotsfs1.us-east-1.skyvdn.com:443/rtplive/dmtv41qlb/playlist.m3u8"
        ],
        "views": [
          {
            "uri": "camera/59545821/1098776471",
            "category": "VIDEO",
            "jpg_url": "https://iowadotsnapshot.us-east-1.skyvdn.com/thumbs/dmtv41qlb.flv.jpg",
            "m3u8_url": "https://iowadotsfs1.us-east-1.skyvdn.com:443/rtplive/dmtv41qlb/playlist.m3u8"
          }
        ]
      }
    },
    {
      "type": "Feature",
      "geometry": {
        "type": "Point",
        "coordinates": [
          -93.78085,
          41.50491
        ]
      },
      "properties": {
        "camera_uri": "camera/59545783",
        "title": "I-35: DM - I-35 @ Adams St (74)",
        "jpg_urls": [
          "https://iowadotsnapshot.us-east-1.skyvdn.com/thumbs/dmtv74lb.flv.jpg"
        ],
        "m3u8_urls": [
          "https://iowadotsfs2.us-east-1.skyvdn.com:443/rtplive/dmtv74lb/playlist.m3u8"
        ],
        "views": [
          {
            "uri": "camera/59545783/3563360828",
            "category": "VIDEO",
            "jpg_url": "https://iowadotsnapshot.us-east-1.skyvdn.com/thumbs/dmtv74lb.flv.jpg",
            "m3u8_url": "https://iowadotsfs2.us-east-1.skyvdn.com:443/rtplive/dmtv74lb/playlist.m3u8"
          }
        ]
      }
    },
    {
      "type": "Feature",
      "geometry": {
        "type": "Point",
        "coordinates": [
          -93.77726,
          41.5839
        ]
      },
      "properties": {
        "camera_uri": "camera/59546030",
        "title": "I-35: DM - I-35 @ Ashworth Ave (55)",
        "jpg_urls": [
          "https://iowadotsnapshot.us-east-1.skyvdn.com/thumbs/dmtv55lb.flv.jpg"
        ],
        "m3u8_urls": [
          "https://iowadotsfs2.us-east-1.skyvdn.com:443/rtplive/dmtv55lb/playlist.m3u8"
        ],
        "views": [
          {
            "uri": "camera/59546030/2859312892",
            "category": "VIDEO",
            "jpg_url": "https://iowadotsnapshot.us-east-1.skyvdn.com/thumbs/dmtv55lb.flv.jpg",
            "m3u8_url": "https://iowadotsfs2.us-east-1.skyvdn.com:443/rtplive/dmtv55lb/playlist.m3u8"
          }
        ]
      }
    },
    {
      "type": "Feature",
      "geometry": {
        "type": "Point",
        "coordinates": [
          -93.77947,
          41.29354
        ]
      },
      "properties": {
        "camera_uri": "camera/59546345",
        "title": "I-35: DM - I-35 @ Co. Rd G50 (80)",
        "jpg_urls": [
          "https://iowadotsnapshot.us-east-1.skyvdn.com/thumbs/dmtv80lb.flv.jpg"
        ],
        "m3u8_urls": [
          "https://iowadotsfs2.us-east-1.skyvdn.com:443/rtplive/dmtv80lb/playlist.m3u8"
        ],
        "views": [
          {
            "uri": "camera/59546345/876363132",
            "category": "VIDEO",
            "jpg_url": "https://iowadotsnapshot.us-east-1.skyvdn.com/thumbs/dmtv80lb.flv.jpg",
            "m3u8_url": "https://iowadotsfs2.us-east-1.skyvdn.com:443/rtplive/dmtv80lb/playlist.m3u8"
          }
        ]
      }
    },
    {
      "type": "Feature",
      "geometry": {
        "type": "Point",
        "coordinates": [
          -93.57641,
          41.67993
        ]
      },
      "properties": {
        "camera_uri": "camera/59546080",
        "title": "I-35: DM - I-35 @ Corporate Woods (53)",
        "jpg_urls": [
          "https://iowadotsnapshot.us-east-1.skyvdn.com/thumbs/dmtv53lb.flv.jpg"
        ],
        "m3u8_urls": [
          "https://iowadotsfs1.us-east-1.skyvdn.com:443/rtplive/dmtv53lb/playlist.m3u8"
        ],
        "views": [
          {
            "uri": "camera/59546080/3280402887",
            "category": "VIDEO",
            "jpg_url": "https://iowadotsnapshot.us-east-1.skyvdn.com/thumbs/dmtv53lb.flv.jpg",
            "m3u8_url": "https://iowadotsfs1.us-east-1.skyvdn.com:443/rtplive/dmtv53lb/playlist.m3u8"
          }
        ]
      }
    },
    {
      "type": "Feature",
      "geometry": {
        "type": "Point",
        "coordinates": [
          -93.57827,
          41.6693
        ]
      },
      "properties": {
        "camera_uri": "camera/59546060",
        "title": "I-35: DM - I-35 @ Corporate Woods DMS (37)",
        "jpg_urls": [
          "https://iowadotsnapshot.us-east-1.skyvdn.com/thumbs/dmtv37lb.flv.jpg"
        ],
        "m3u8_urls": [
          "https://iowadotsfs2.us-east-1.skyvdn.com:443/rtplive/dmtv37lb/playlist.m3u8"
        ],
        "views": [
          {
            "uri": "camera/59546060/4179227935",
            "category": "VIDEO",
            "jpg_url": "https://iowadotsnapshot.us-east-1.skyvdn.com/thumbs/dmtv37lb.flv.jpg",
            "m3u8_url": "https://iowadotsfs2.us-east-1.skyvdn.com:443/rtplive/dmtv37lb/playlist.m3u8"
          }
        ]
      }
    },
    {
      "type": "Feature",
      "geometry": {
        "type": "Point",
        "coordinates": [
          -93.78108,
          41.48297
        ]
      },
      "properties": {
        "camera_uri": "camera/59545830",
        "title": "I-35: DM - I-35 @ Cumming Ave (75)",
        "jpg_urls": [
          "https://iowadotsnapshot.us-east-1.skyvdn.com/thumbs/dmtv75lb.flv.jpg"
        ],
        "m3u8_urls": [
          "https://iowadotsfs2.us-east-1.skyvdn.com:443/rtplive/dmtv75lb/playlist.m3u8"
        ],
        "views": [
          {
            "uri": "camera/59545830/2963581252",
            "category": "VIDEO",
            "jpg_url": "https://iowadotsnapshot.us-east-1.skyvdn.com/thumbs/dmtv75lb.flv.jpg",
            "m3u8_url": "https://iowadotsfs2.us-east-1.skyvdn.com:443/rtplive/dmtv75lb/playlist.m3u8"
          }
        ]
      }
    },
    {
      "type": "Feature",
      "geometry": {
        "type": "Point",
        "coordinates": [
          -93.78139,
          41.43234
        ]
      },
      "properties": {
        "camera_uri": "camera/59546137",
        "title": "I-35: DM - I-35 @ Fillmore St. (76)",
        "jpg_urls": [
          "https://iowadotsnapshot.us-east-1.skyvdn.com/thumbs/dmtv76lb.flv.jpg"
        ],
        "m3u8_urls": [
          "https://iowadotsfs2.us-east-1.skyvdn.com:443/rtplive/dmtv76lb/playlist.m3u8"
        ],
        "views": [
          {
            "uri": "camera/59546137/2220780944",
            "category": "VIDEO",
            "jpg_url": "https://iowadotsnapshot.us-east-1.skyvdn.com/thumbs/dmtv76lb.flv.jpg",
            "m3u8_url": "https://iowadotsfs2.us-east-1.skyvdn.com:443/rtplive/dmtv76lb/playlist.m3u8"
          }
        ]
      }
    },
    {
      "type": "Feature",
      "geometry": {
        "type": "Point",
        "coordinates": [
          -93.77581,
          41.54147
        ]
      },
      "properties": {
        "camera_uri": "camera/59545856",
        "title": "I-35: DM - I-35 @ Grand (49)",
        "jpg_urls": [
          "https://iowadotsnapshot.us-east-1.skyvdn.com/thumbs/dmtv49lb.flv.jpg"
        ],
        "m3u8_urls": [
          "https://iowadotsfs2.us-east-1.skyvdn.com:443/rtplive/dmtv49lb/playlist.m3u8"
        ],
        "views": [
          {
            "uri": "camera/59545856/3855839313",
            "category": "VIDEO",
            "jpg_url": "https://iowadotsnapshot.us-east-1.skyvdn.com/thumbs/dmtv49lb.flv.jpg",
            "m3u8_url": "https://iowadotsfs2.us-east-1.skyvdn.com:443/rtplive/dmtv49lb/playlist.m3u8"
          }
        ]
      }
    },
    {
      "type": "Feature",
      "geometry": {
        "type": "Point",
        "coordinates": [
          -93.78375,
          41.38856
        ]
      },
      "properties": {
        "camera_uri": "camera/59546141",
        "title": "I-35: DM - I-35 @ Hoover St (77)",
        "jpg_urls": [
          "https://iowadotsnapshot.us-east-1.skyvdn.com/thumbs/dmtv77lb.flv.jpg"
        ],
        "m3u8_urls": [
          "https://iowadotsfs2.us-east-1.skyvdn.com:443/rtplive/dmtv77lb/playlist.m3u8"
        ],
        "views": [
          {
            "uri": "camera/59546141/2478526732",
            "category": "VIDEO",
            "jpg_url": "https://iowadotsnapshot.us-east-1.skyvdn.com/thumbs/dmtv77lb.flv.jpg",
            "m3u8_url": "https://iowadotsfs2.us-east-1.skyvdn.com:443/rtplive/dmtv77lb/playlist.m3u8"
          }
        ]
      }
    },
    {
      "type": "Feature",
      "geometry": {
        "type": "Point",
        "coordinates": [
          -93.77307,
          41.52257
        ]
      },
      "properties": {
        "camera_uri": "camera/59546376",
        "title": "I-35: DM - I-35 @ IA 5  (36)",
        "jpg_urls": [
          "https://iowadotsnapshot.us-east-1.skyvdn.com/thumbs/dmtv36lb.flv.jpg"
        ],
        "m3u8_urls": [
          "https://iowadotsfs2.us-east-1.skyvdn.com:443/rtplive/dmtv36lb/playlist.m3u8"
        ],
        "views": [
          {
            "uri": "camera/59546376/2526677018",
            "category": "VIDEO",
            "jpg_url": "https://iowadotsnapshot.us-east-1.skyvdn.com/thumbs/dmtv36lb.flv.jpg",
            "m3u8_url": "https://iowadotsfs2.us-east-1.skyvdn.com:443/rtplive/dmtv36lb/playlist.m3u8"
          }
        ]
      }
    },
    {
      "type": "Feature",
      "geometry": {
        "type": "Point",
        "coordinates": [
          -93.77981,
          41.36289
        ]
      },
      "properties": {
        "camera_uri": "camera/59546040",
        "title": "I-35: DM - I-35 @ IA 92 (78)",
        "jpg_urls": [
          "https://iowadotsnapshot.us-east-1.skyvdn.com/thumbs/dmtv78lb.flv.jpg"
        ],
        "m3u8_urls": [
          "https://iowadotsfs2.us-east-1.skyvdn.com:443/rtplive/dmtv78lb/playlist.m3u8"
        ],
        "views": [
          {
            "uri": "camera/59546040/4028886670",
            "category": "VIDEO",
            "jpg_url": "https://iowadotsnapshot.us-east-1.skyvdn.com/thumbs/dmtv78lb.flv.jpg",
            "m3u8_url": "https://iowadotsfs2.us-east-1.skyvdn.com:443/rtplive/dmtv78lb/playlist.m3u8"
          }
        ]
      }
    },
    {
      "type": "Feature",
      "geometry": {
        "type": "Point",
        "coordinates": [
          -93.57426,
          41.6564
        ]
      },
      "properties": {
        "camera_uri": "camera/59546368",
        "title": "I-35: DM - I-35 @ MM 137.2 (102)",
        "jpg_urls": [
          "https://iowadotsnapshot.us-east-1.skyvdn.com/thumbs/dmtv102lb.flv.jpg"
        ],
        "m3u8_urls": [
          "https://iowadotsfs2.us-east-1.skyvdn.com:443/rtplive/dmtv102lb/playlist.m3u8"
        ],
        "views": [
          {
            "uri": "camera/59546368/2939307288",
            "category": "VIDEO",
            "jpg_url": "https://iowadotsnapshot.us-east-1.skyvdn.com/thumbs/dmtv102lb.flv.jpg",
            "m3u8_url": "https://iowadotsfs2.us-east-1.skyvdn.com:443/rtplive/dmtv102lb/playlist.m3u8"
          }
        ]
      }
    },
    {
      "type": "Feature",
      "geometry": {
        "type": "Point",
        "coordinates": [
          -93.77698,
          41.57542
        ]
      },
      "properties": {
        "camera_uri": "camera/59546448",
        "title": "I-35: DM - I-35 @ MM 71.5 (119)",
        "jpg_urls": [
          "https://iowadotsnapshot.us-east-1.skyvdn.com/thumbs/dmtv119lb.flv.jpg"
        ],
        "m3u8_urls": [
          "https://iowadotsfs2.us-east-1.skyvdn.com:443/rtplive/dmtv119lb/playlist.m3u8"
        ],
        "views": [
          {
            "uri": "camera/59546448/3946212102",
            "category": "VIDEO",
            "jpg_url": "https://iowadotsnapshot.us-east-1.skyvdn.com/thumbs/dmtv119lb.flv.jpg",
            "m3u8_url": "https://iowadotsfs2.us-east-1.skyvdn.com:443/rtplive/dmtv119lb/playlist.m3u8"
          }
        ]
      }
    },
    {
      "type": "Feature",
      "geometry": {
        "type": "Point",
        "coordinates": [
          -93.57409,
          41.75068
        ]
      },
      "properties": {
        "camera_uri": "camera/59545841",
        "title": "I-35: DM - I-35 @ MM 94 (60)",
        "jpg_urls": [
          "https://iowadotsnapshot.us-east-1.skyvdn.com/thumbs/dmtv60lb.flv.jpg"
        ],
        "m3u8_urls": [
          "https://iowadotsfs1.us-east-1.skyvdn.com:443/rtplive/dmtv60lb/playlist.m3u8"
        ],
        "views": [
          {
            "uri": "camera/59545841/3622107369",
            "category": "VIDEO",
            "jpg_url": "https://iowadotsnapshot.us-east-1.skyvdn.com/thumbs/dmtv60lb.flv.jpg",
            "m3u8_url": "https://iowadotsfs1.us-east-1.skyvdn.com:443/rtplive/dmtv60lb/playlist.m3u8"
          }
        ]
      }
    },
    {
      "type": "Feature",
      "geometry": {
        "type": "Point",
        "coordinates": [
          -93.57088,
          41.79129
        ]
      },
      "properties": {
        "camera_uri": "camera/59545782",
        "title": "I-35: DM - I-35 @ MM 96.8 (62)",
        "jpg_urls": [
          "https://iowadotsnapshot.us-east-1.skyvdn.com/thumbs/dmtv62lb.flv.jpg"
        ],
        "m3u8_urls": [
          "https://iowadotsfs2.us-east-1.skyvdn.com:443/rtplive/dmtv62lb/playlist.m3u8"
        ],
        "views": [
          {
            "uri": "camera/59545782/2138887743",
            "category": "VIDEO",
            "jpg_url": "https://iowadotsnapshot.us-east-1.skyvdn.com/thumbs/dmtv62lb.flv.jpg",
            "m3u8_url": "https://iowadotsfs2.us-east-1.skyvdn.com:443/rtplive/dmtv62lb/playlist.m3u8"
          }
        ]
      }
    },
    {
      "type": "Feature",
      "geometry": {
        "type": "Point",
        "coordinates": [
          -93.77416,
          41.51959
        ]
      },
      "properties": {
        "camera_uri": "camera/59546227",
        "title": "I-35: DM - I-35 @ Maffitt Lake Rd (73)",
        "jpg_urls": [
          "https://iowadotsnapshot.us-east-1.skyvdn.com/thumbs/dmtv73lb.flv.jpg"
        ],
        "m3u8_urls": [
          "https://iowadotsfs2.us-east-1.skyvdn.com:443/rtplive/dmtv73lb/playlist.m3u8"
        ],
        "views": [
          {
            "uri": "camera/59546227/959743446",
            "category": "VIDEO",
            "jpg_url": "https://iowadotsnapshot.us-east-1.skyvdn.com/thumbs/dmtv73lb.flv.jpg",
            "m3u8_url": "https://iowadotsfs2.us-east-1.skyvdn.com:443/rtplive/dmtv73lb/playlist.m3u8"
          }
        ]
      }
    },
    {
      "type": "Feature",
      "geometry": {
        "type": "Point",
        "coordinates": [
          -93.78043,
          41.32268
        ]
      },
      "properties": {
        "camera_uri": "camera/59546273",
        "title": "I-35: DM - I-35 @ McKinley St (79)",
        "jpg_urls": [
          "https://iowadotsnapshot.us-east-1.skyvdn.com/thumbs/dmtv79lb.flv.jpg"
        ],
        "m3u8_urls": [
          "https://iowadotsfs2.us-east-1.skyvdn.com:443/rtplive/dmtv79lb/playlist.m3u8"
        ],
        "views": [
          {
            "uri": "camera/59546273/2995876793",
            "category": "VIDEO",
            "jpg_url": "https://iowadotsnapshot.us-east-1.skyvdn.com/thumbs/dmtv79lb.flv.jpg",
            "m3u8_url": "https://iowadotsfs2.us-east-1.skyvdn.com:443/rtplive/dmtv79lb/playlist.m3u8"
          }
        ]
      }
    },
    {
      "type": "Feature",
      "geometry": {
        "type": "Point",
        "coordinates": [
          -93.77664,
          41.55922
        ]
      },
      "properties": {
        "camera_uri": "camera/59546016",
        "title": "I-35: DM - I-35 @ Mills Civic (50)",
        "jpg_urls": [
          "https://iowadotsnapshot.us-east-1.skyvdn.com/thumbs/dmtv50lb.flv.jpg"
        ],
        "m3u8_urls": [
          "https://iowadotsfs2.us-east-1.skyvdn.com:443/rtplive/dmtv50lb/playlist.m3u8"
        ],
        "views": [
          {
            "uri": "camera/59546016/352434726",
            "category": "VIDEO",
            "jpg_url": "https://iowadotsnapshot.us-east-1.skyvdn.com/thumbs/dmtv50lb.flv.jpg",
            "m3u8_url": "https://iowadotsfs2.us-east-1.skyvdn.com:443/rtplive/dmtv50lb/playlist.m3u8"
          }
        ]
      }
    },
    {
      "type": "Feature",
      "geometry": {
        "type": "Point",
        "coordinates": [
          -93.57016,
          41.82031
        ]
      },
      "properties": {
        "camera_uri": "camera/59545837",
        "title": "I-35: DM - I-35 @ NE 142nd Ave (63)",
        "jpg_urls": [
          "https://iowadotsnapshot.us-east-1.skyvdn.com/thumbs/dmtv63lb.flv.jpg"
        ],
        "m3u8_urls": [
          "https://iowadotsfs1.us-east-1.skyvdn.com:443/rtplive/dmtv63lb/playlist.m3u8"
        ],
        "views": [
          {
            "uri": "camera/59545837/918486787",
            "category": "VIDEO",
            "jpg_url": "https://iowadotsnapshot.us-east-1.skyvdn.com/thumbs/dmtv63lb.flv.jpg",
            "m3u8_url": "https://iowadotsfs1.us-east-1.skyvdn.com:443/rtplive/dmtv63lb/playlist.m3u8"
          }
        ]
      }
    },
    {
      "type": "Feature",
      "geometry": {
        "type": "Point",
        "coordinates": [
          -93.56896,
          41.76124
        ]
      },
      "properties": {
        "camera_uri": "camera/59545737",
        "title": "I-35: DM - I-35 @ NE 36th St (61)",
        "jpg_urls": [
          "https://iowadotsnapshot.us-east-1.skyvdn.com/thumbs/dmtv61lb.flv.jpg"
        ],
        "m3u8_urls": [
          "https://iowadotsfs1.us-east-1.skyvdn.com:443/rtplive/dmtv61lb/playlist.m3u8"
        ],
        "views": [
          {
            "uri": "camera/59545737/460861712",
            "category": "VIDEO",
            "jpg_url": "https://iowadotsnapshot.us-east-1.skyvdn.com/thumbs/dmtv61lb.flv.jpg",
            "m3u8_url": "https://iowadotsfs1.us-east-1.skyvdn.com:443/rtplive/dmtv61lb/playlist.m3u8"
          }
        ]
      }
    },
    {
      "type": "Feature",
      "geometry": {
        "type": "Point",
        "coordinates": [
          -93.57477,
          41.65849
        ]
      },
      "properties": {
        "camera_uri": "camera/59546003",
        "title": "I-35: DM - I-35 @ NE MixMaster (North) (69)",
        "jpg_urls": [
          "https://iowadotsnapshot.us-east-1.skyvdn.com/thumbs/dmtv69lb.flv.jpg"
        ],
        "m3u8_urls": [
          "https://iowadotsfs2.us-east-1.skyvdn.com:443/rtplive/dmtv69lb/playlist.m3u8"
        ],
        "views": [
          {
            "uri": "camera/59546003/1831944040",
            "category": "VIDEO",
            "jpg_url": "https://iowadotsnapshot.us-east-1.skyvdn.com/thumbs/dmtv69lb.flv.jpg",
            "m3u8_url": "https://iowadotsfs2.us-east-1.skyvdn.com:443/rtplive/dmtv69lb/playlist.m3u8"
          }
        ]
      }
    },
    {
      "type": "Feature",
      "geometry": {
        "type": "Point",
        "coordinates": [
          -93.5762,
          41.70284
        ]
      },
      "properties": {
        "camera_uri": "camera/59546405",
        "title": "I-35: DM - I-35 @ Oralabor (40)",
        "jpg_urls": [
          "https://iowadotsnapshot.us-east-1.skyvdn.com/thumbs/dmtv40lb.flv.jpg"
        ],
        "m3u8_urls": [
          "https://iowadotsfs2.us-east-1.skyvdn.com:443/rtplive/dmtv40lb/playlist.m3u8"
        ],
        "views": [
          {
            "uri": "camera/59546405/3300188520",
            "category": "VIDEO",
            "jpg_url": "https://iowadotsnapshot.us-east-1.skyvdn.com/thumbs/dmtv40lb.flv.jpg",
            "m3u8_url": "https://iowadotsfs2.us-east-1.skyvdn.com:443/rtplive/dmtv40lb/playlist.m3u8"
          }
        ]
      }
    },
    {
      "type": "Feature",
      "geometry": {
        "type": "Point",
        "coordinates": [
          -93.77663,
          41.55934
        ]
      },
      "properties": {
        "camera_uri": "camera/59545788",
        "title": "I-35: DM - I-35 SB @  Mills Civic (50Q)",
        "jpg_urls": [
          "https://iowadotsnapshot.us-east-1.skyvdn.com/thumbs/dmtv50qlb.flv.jpg"
        ],
        "m3u8_urls": [
          "https://iowadotsfs2.us-east-1.skyvdn.com:443/rtplive/dmtv50qlb/playlist.m3u8"
        ],
        "views": [
          {
            "uri": "camera/59545788/4293051014",
            "category": "VIDEO",
            "jpg_url": "https://iowadotsnapshot.us-east-1.skyvdn.com/thumbs/dmtv50qlb.flv.jpg",
            "m3u8_url": "https://iowadotsfs2.us-east-1.skyvdn.com:443/rtplive/dmtv50qlb/playlist.m3u8"
          }
        ]
      }
    },
    {
      "type": "Feature",
      "geometry": {
        "type": "Point",
        "coordinates": [
          -93.35486,
          43.17598
        ]
      },
      "properties": {
        "camera_uri": "camera/59546106",
        "title": "I-35: Parking Only: I-35 NB MM 196 near Clear Lk",
        "jpg_urls": [
          "https://atmsqf.iowadot.gov/snapshots/Public/RestAreas/RA35NB196-Entrance.jpg?1774927320000",
          "https://atmsqf.iowadot.gov/snapshots/Public/RestAreas/RA35NB196-Exit.jpg?1774927320000",
          "https://atmsqf.iowadot.gov/snapshots/Public/RestAreas/RA35NB196-TruckParking1.jpg?1774927320000",
          "https://atmsqf.iowadot.gov/snapshots/Public/RestAreas/RA35NB196-TruckParking2.jpg?1774927320000"
        ],
        "m3u8_urls": [],
        "views": [
          {
            "uri": "camera/59546106/3251714283",
            "category": "IMAGE",
            "jpg_url": "https://atmsqf.iowadot.gov/snapshots/Public/RestAreas/RA35NB196-Entrance.jpg?1774927320000"
          },
          {
            "uri": "camera/59546106/1771029711",
            "category": "IMAGE",
            "jpg_url": "https://atmsqf.iowadot.gov/snapshots/Public/RestAreas/RA35NB196-Exit.jpg?1774927320000"
          },
          {
            "uri": "camera/59546106/2607112973",
            "category": "IMAGE",
            "jpg_url": "https://atmsqf.iowadot.gov/snapshots/Public/RestAreas/RA35NB196-TruckParking1.jpg?1774927320000"
          },
          {
            "uri": "camera/59546106/1370513678",
            "category": "IMAGE",
            "jpg_url": "https://atmsqf.iowadot.gov/snapshots/Public/RestAreas/RA35NB196-TruckParking2.jpg?1774927320000"
          }
        ]
      }
    },
    {
      "type": "Feature",
      "geometry": {
        "type": "Point",
        "coordinates": [
          -93.34846,
          43.40318
        ]
      },
      "properties": {
        "camera_uri": "camera/59546244",
        "title": "I-35: Parking Only: I-35 NB MM 212 near Joice",
        "jpg_urls": [
          "https://atmsqf.iowadot.gov/snapshots/Public/RestAreas/RA35NB212-Entrance.jpg?1774927320000",
          "https://atmsqf.iowadot.gov/snapshots/Public/RestAreas/RA35NB212-Exit.jpg?1774927320000",
          "https://atmsqf.iowadot.gov/snapshots/Public/RestAreas/RA35NB212-Parking.jpg?1774927320000"
        ],
        "m3u8_urls": [],
        "views": [
          {
            "uri": "camera/59546244/2806753124",
            "category": "IMAGE",
            "jpg_url": "https://atmsqf.iowadot.gov/snapshots/Public/RestAreas/RA35NB212-Entrance.jpg?1774927320000"
          },
          {
            "uri": "camera/59546244/3599596736",
            "category": "IMAGE",
            "jpg_url": "https://atmsqf.iowadot.gov/snapshots/Public/RestAreas/RA35NB212-Exit.jpg?1774927320000"
          },
          {
            "uri": "camera/59546244/2887382664",
            "category": "IMAGE",
            "jpg_url": "https://atmsqf.iowadot.gov/snapshots/Public/RestAreas/RA35NB212-Parking.jpg?1774927320000"
          }
        ]
      }
    },
    {
      "type": "Feature",
      "geometry": {
        "type": "Point",
        "coordinates": [
          -93.55661,
          42.11019
        ]
      },
      "properties": {
        "camera_uri": "camera/59546281",
        "title": "I-35: Parking Only: I-35 SB MM 119 near Story City",
        "jpg_urls": [
          "https://atmsqf.iowadot.gov/snapshots/Public/RestAreas/RA35SB119-CarParking.jpg?1774927320000",
          "https://atmsqf.iowadot.gov/snapshots/Public/RestAreas/RA35SB119-Entrance.jpg?1774927320000",
          "https://atmsqf.iowadot.gov/snapshots/Public/RestAreas/RA35SB119-Exit.jpg?1774927320000",
          "https://atmsqf.iowadot.gov/snapshots/Public/RestAreas/RA35SB119-TruckParking1.jpg?1774927320000",
          "https://atmsqf.iowadot.gov/snapshots/Public/RestAreas/RA35SB119-TruckParking2.jpg?1774927320000"
        ],
        "m3u8_urls": [],
        "views": [
          {
            "uri": "camera/59546281/1927630733",
            "category": "IMAGE",
            "jpg_url": "https://atmsqf.iowadot.gov/snapshots/Public/RestAreas/RA35SB119-CarParking.jpg?1774927320000"
          },
          {
            "uri": "camera/59546281/3222418033",
            "category": "IMAGE",
            "jpg_url": "https://atmsqf.iowadot.gov/snapshots/Public/RestAreas/RA35SB119-Entrance.jpg?1774927320000"
          },
          {
            "uri": "camera/59546281/3134454101",
            "category": "IMAGE",
            "jpg_url": "https://atmsqf.iowadot.gov/snapshots/Public/RestAreas/RA35SB119-Exit.jpg?1774927320000"
          },
          {
            "uri": "camera/59546281/2894248087",
            "category": "IMAGE",
            "jpg_url": "https://atmsqf.iowadot.gov/snapshots/Public/RestAreas/RA35SB119-TruckParking1.jpg?1774927320000"
          },
          {
            "uri": "camera/59546281/374592660",
            "category": "IMAGE",
            "jpg_url": "https://atmsqf.iowadot.gov/snapshots/Public/RestAreas/RA35SB119-TruckParking2.jpg?1774927320000"
          }
        ]
      }
    },
    {
      "type": "Feature",
      "geometry": {
        "type": "Point",
        "coordinates": [
          -93.35751,
          43.17681
        ]
      },
      "properties": {
        "camera_uri": "camera/59545874",
        "title": "I-35: Parking Only: I-35 SB MM 196 near Clear Lk",
        "jpg_urls": [
          "https://atmsqf.iowadot.gov/snapshots/Public/RestAreas/RA35SB196-Entrance.jpg?1774927320000",
          "https://atmsqf.iowadot.gov/snapshots/Public/RestAreas/RA35SB196-Exit.jpg?1774927320000",
          "https://atmsqf.iowadot.gov/snapshots/Public/RestAreas/RA35SB196-Parking1.jpg?1774927320000",
          "https://atmsqf.iowadot.gov/snapshots/Public/RestAreas/RA35SB196-Parking2.jpg?1774927320000"
        ],
        "m3u8_urls": [],
        "views": [
          {
            "uri": "camera/59545874/3223331382",
            "category": "IMAGE",
            "jpg_url": "https://atmsqf.iowadot.gov/snapshots/Public/RestAreas/RA35SB196-Entrance.jpg?1774927320000"
          },
          {
            "uri": "camera/59545874/1746955026",
            "category": "IMAGE",
            "jpg_url": "https://atmsqf.iowadot.gov/snapshots/Public/RestAreas/RA35SB196-Exit.jpg?1774927320000"
          },
          {
            "uri": "camera/59545874/2064813195",
            "category": "IMAGE",
            "jpg_url": "https://atmsqf.iowadot.gov/snapshots/Public/RestAreas/RA35SB196-Parking1.jpg?1774927320000"
          },
          {
            "uri": "camera/59545874/852078024",
            "category": "IMAGE",
            "jpg_url": "https://atmsqf.iowadot.gov/snapshots/Public/RestAreas/RA35SB196-Parking2.jpg?1774927320000"
          }
        ]
      }
    },
    {
      "type": "Feature",
      "geometry": {
        "type": "Point",
        "coordinates": [
          -93.7995,
          40.99163
        ]
      },
      "properties": {
        "camera_uri": "camera/59546165",
        "title": "I-35: Parking Only: I-35 SB MM 31 near Osceola",
        "jpg_urls": [
          "https://atmsqf.iowadot.gov/snapshots/Public/RestAreas/RA35SB31-Entrance.jpg?1774927320000",
          "https://atmsqf.iowadot.gov/snapshots/Public/RestAreas/RA35SB31-Exit.jpg?1774927320000",
          "https://atmsqf.iowadot.gov/snapshots/Public/RestAreas/RA35SB31-Parking.jpg?1774927320000"
        ],
        "m3u8_urls": [],
        "views": [
          {
            "uri": "camera/59546165/2616976330",
            "category": "IMAGE",
            "jpg_url": "https://atmsqf.iowadot.gov/snapshots/Public/RestAreas/RA35SB31-Entrance.jpg?1774927320000"
          },
          {
            "uri": "camera/59546165/2800351214",
            "category": "IMAGE",
            "jpg_url": "https://atmsqf.iowadot.gov/snapshots/Public/RestAreas/RA35SB31-Exit.jpg?1774927320000"
          },
          {
            "uri": "camera/59546165/3143734182",
            "category": "IMAGE",
            "jpg_url": "https://atmsqf.iowadot.gov/snapshots/Public/RestAreas/RA35SB31-Parking.jpg?1774927320000"
          }
        ]
      }
    },
    {
      "type": "Feature",
      "geometry": {
        "type": "Point",
        "coordinates": [
          -93.5711,
          42.4093
        ]
      },
      "properties": {
        "camera_uri": "camera/59545620",
        "title": "I-35: RWIS - I 35 MM 140 @ Williams MM140 (mini)",
        "jpg_urls": [
          "https://atmsqf.iowadot.gov/snapshots/Public/RWIS/RWIS_84-01.jpg?1774927320000"
        ],
        "m3u8_urls": [],
        "views": [
          {
            "uri": "camera/59545620/3187937715",
            "category": "IMAGE",
            "jpg_url": "https://atmsqf.iowadot.gov/snapshots/Public/RWIS/RWIS_84-01.jpg?1774927320000"
          }
        ]
      }
    },
    {
      "type": "Feature",
      "geometry": {
        "type": "Point",
        "coordinates": [
          -93.5315,
          42.5875
        ]
      },
      "properties": {
        "camera_uri": "camera/59546262",
        "title": "I-35: RWIS - I-35 MM 153 @ Williams",
        "jpg_urls": [
          "https://atmsqf.iowadot.gov/snapshots/public/RWIS/RWIS_47-04.JPG?1774927320000",
          "https://atmsqf.iowadot.gov/snapshots/public/RWIS/RWIS_47-05.JPG?1774927320000",
          "https://atmsqf.iowadot.gov/snapshots/public/RWIS/RWIS_47-00.JPG?1774927320000",
          "https://atmsqf.iowadot.gov/snapshots/public/RWIS/RWIS_47-01.JPG?1774927320000",
          "https://atmsqf.iowadot.gov/snapshots/public/RWIS/RWIS_47-06.JPG?1774927320000"
        ],
        "m3u8_urls": [],
        "views": [
          {
            "uri": "camera/59546262/1347701567",
            "category": "IMAGE",
            "jpg_url": "https://atmsqf.iowadot.gov/snapshots/public/RWIS/RWIS_47-04.JPG?1774927320000"
          },
          {
            "uri": "camera/59546262/2773856354",
            "category": "IMAGE",
            "jpg_url": "https://atmsqf.iowadot.gov/snapshots/public/RWIS/RWIS_47-05.JPG?1774927320000"
          },
          {
            "uri": "camera/59546262/1203750981",
            "category": "IMAGE",
            "jpg_url": "https://atmsqf.iowadot.gov/snapshots/public/RWIS/RWIS_47-00.JPG?1774927320000"
          },
          {
            "uri": "camera/59546262/2422528537",
            "category": "IMAGE",
            "jpg_url": "https://atmsqf.iowadot.gov/snapshots/public/RWIS/RWIS_47-01.JPG?1774927320000"
          },
          {
            "uri": "camera/59546262/970163084",
            "category": "IMAGE",
            "jpg_url": "https://atmsqf.iowadot.gov/snapshots/public/RWIS/RWIS_47-06.JPG?1774927320000"
          }
        ]
      }
    },
    {
      "type": "Feature",
      "geometry": {
        "type": "Point",
        "coordinates": [
          -93.3418,
          43.038
        ]
      },
      "properties": {
        "camera_uri": "camera/59545939",
        "title": "I-35: RWIS - I-35 MM 187 @ Mason City",
        "jpg_urls": [
          "https://atmsqf.iowadot.gov/snapshots/public/RWIS/RWIS_30-01.JPG?1774927320000",
          "https://atmsqf.iowadot.gov/snapshots/public/RWIS/RWIS_30-00.JPG?1774927320000",
          "https://atmsqf.iowadot.gov/snapshots/public/RWIS/RWIS_30-03.JPG?1774927320000",
          "https://atmsqf.iowadot.gov/snapshots/public/RWIS/RWIS_30-02.JPG?1774927320000"
        ],
        "m3u8_urls": [],
        "views": [
          {
            "uri": "camera/59545939/2305549811",
            "category": "IMAGE",
            "jpg_url": "https://atmsqf.iowadot.gov/snapshots/public/RWIS/RWIS_30-01.JPG?1774927320000"
          },
          {
            "uri": "camera/59545939/3023796660",
            "category": "IMAGE",
            "jpg_url": "https://atmsqf.iowadot.gov/snapshots/public/RWIS/RWIS_30-00.JPG?1774927320000"
          },
          {
            "uri": "camera/59545939/3128281533",
            "category": "IMAGE",
            "jpg_url": "https://atmsqf.iowadot.gov/snapshots/public/RWIS/RWIS_30-03.JPG?1774927320000"
          },
          {
            "uri": "camera/59545939/389820886",
            "category": "IMAGE",
            "jpg_url": "https://atmsqf.iowadot.gov/snapshots/public/RWIS/RWIS_30-02.JPG?1774927320000"
          }
        ]
      }
    },
    {
      "type": "Feature",
      "geometry": {
        "type": "Point",
        "coordinates": [
          -93.3498,
          43.39217
        ]
      },
      "properties": {
        "camera_uri": "camera/59546169",
        "title": "I-35: RWIS - I-35 MM 211 @ Worth County/Hanlontown",
        "jpg_urls": [
          "https://atmsqf.iowadot.gov/snapshots/public/RWIS/RWIS_49-02.JPG?1774927320000",
          "https://atmsqf.iowadot.gov/snapshots/public/RWIS/RWIS_49-01.JPG?1774927320000",
          "https://atmsqf.iowadot.gov/snapshots/public/RWIS/RWIS_49-00.JPG?1774927320000",
          "https://atmsqf.iowadot.gov/snapshots/public/RWIS/RWIS_49-03.JPG?1774927320000"
        ],
        "m3u8_urls": [],
        "views": [
          {
            "uri": "camera/59546169/2537551438",
            "category": "IMAGE",
            "jpg_url": "https://atmsqf.iowadot.gov/snapshots/public/RWIS/RWIS_49-02.JPG?1774927320000"
          },
          {
            "uri": "camera/59546169/13298574",
            "category": "IMAGE",
            "jpg_url": "https://atmsqf.iowadot.gov/snapshots/public/RWIS/RWIS_49-01.JPG?1774927320000"
          },
          {
            "uri": "camera/59546169/3128275923",
            "category": "IMAGE",
            "jpg_url": "https://atmsqf.iowadot.gov/snapshots/public/RWIS/RWIS_49-00.JPG?1774927320000"
          },
          {
            "uri": "camera/59546169/970156290",
            "category": "IMAGE",
            "jpg_url": "https://atmsqf.iowadot.gov/snapshots/public/RWIS/RWIS_49-03.JPG?1774927320000"
          }
        ]
      }
    },
    {
      "type": "Feature",
      "geometry": {
        "type": "Point",
        "coordinates": [
          -93.35413,
          43.44541
        ]
      },
      "properties": {
        "camera_uri": "camera/59546378",
        "title": "I-35: Rest Area: I-35 N/S MM 214 near Northwood",
        "jpg_urls": [
          "https://atmsqf.iowadot.gov/snapshots/Public/RestAreas/RA35TOP-Center.jpg?1774927320000",
          "https://atmsqf.iowadot.gov/snapshots/Public/RestAreas/RA35TOP-Entrance.jpg?1774927320000",
          "https://atmsqf.iowadot.gov/snapshots/Public/RestAreas/RA35TOP-Exit.jpg?1774927320000"
        ],
        "m3u8_urls": [],
        "views": [
          {
            "uri": "camera/59546378/1379763549",
            "category": "IMAGE",
            "jpg_url": "https://atmsqf.iowadot.gov/snapshots/Public/RestAreas/RA35TOP-Center.jpg?1774927320000"
          },
          {
            "uri": "camera/59546378/465253074",
            "category": "IMAGE",
            "jpg_url": "https://atmsqf.iowadot.gov/snapshots/Public/RestAreas/RA35TOP-Entrance.jpg?1774927320000"
          },
          {
            "uri": "camera/59546378/39046134",
            "category": "IMAGE",
            "jpg_url": "https://atmsqf.iowadot.gov/snapshots/Public/RestAreas/RA35TOP-Exit.jpg?1774927320000"
          }
        ]
      }
    },
    {
      "type": "Feature",
      "geometry": {
        "type": "Point",
        "coordinates": [
          -93.85364,
          40.65609
        ]
      },
      "properties": {
        "camera_uri": "camera/59545816",
        "title": "I-35: Rest Area: I-35 N/S MM 7 - Lamoni - Car Prkg",
        "jpg_urls": [
          "https://atmsqf.iowadot.gov/snapshots/Public/RestAreas/RA35DEC01-North.jpg?1774927320000",
          "https://atmsqf.iowadot.gov/snapshots/Public/RestAreas/RA35DEC01-Northeast.jpg?1774927320000",
          "https://atmsqf.iowadot.gov/snapshots/Public/RestAreas/RA35DEC01-South.jpg?1774927320000",
          "https://atmsqf.iowadot.gov/snapshots/Public/RestAreas/RA35DEC01-West.jpg?1774927320000"
        ],
        "m3u8_urls": [],
        "views": [
          {
            "uri": "camera/59545816/2431684625",
            "category": "IMAGE",
            "jpg_url": "https://atmsqf.iowadot.gov/snapshots/Public/RestAreas/RA35DEC01-North.jpg?1774927320000"
          },
          {
            "uri": "camera/59545816/3190958866",
            "category": "IMAGE",
            "jpg_url": "https://atmsqf.iowadot.gov/snapshots/Public/RestAreas/RA35DEC01-Northeast.jpg?1774927320000"
          },
          {
            "uri": "camera/59545816/3607409611",
            "category": "IMAGE",
            "jpg_url": "https://atmsqf.iowadot.gov/snapshots/Public/RestAreas/RA35DEC01-South.jpg?1774927320000"
          },
          {
            "uri": "camera/59545816/1541257291",
            "category": "IMAGE",
            "jpg_url": "https://atmsqf.iowadot.gov/snapshots/Public/RestAreas/RA35DEC01-West.jpg?1774927320000"
          }
        ]
      }
    },
    {
      "type": "Feature",
      "geometry": {
        "type": "Point",
        "coordinates": [
          -93.8586,
          40.65261
        ]
      },
      "properties": {
        "camera_uri": "camera/59545688",
        "title": "I-35: Rest Area: I-35 N/S MM 7 - Lamoni - NB Exit",
        "jpg_urls": [
          "https://atmsqf.iowadot.gov/snapshots/Public/RestAreas/RA35NB07-North.jpg?1774927320000",
          "https://atmsqf.iowadot.gov/snapshots/Public/RestAreas/RA35NB07-Northwest.jpg?1774927320000",
          "https://atmsqf.iowadot.gov/snapshots/Public/RestAreas/RA35NB07-West.jpg?1774927320000"
        ],
        "m3u8_urls": [],
        "views": [
          {
            "uri": "camera/59545688/2848389753",
            "category": "IMAGE",
            "jpg_url": "https://atmsqf.iowadot.gov/snapshots/Public/RestAreas/RA35NB07-North.jpg?1774927320000"
          },
          {
            "uri": "camera/59545688/1771845452",
            "category": "IMAGE",
            "jpg_url": "https://atmsqf.iowadot.gov/snapshots/Public/RestAreas/RA35NB07-Northwest.jpg?1774927320000"
          },
          {
            "uri": "camera/59545688/642881123",
            "category": "IMAGE",
            "jpg_url": "https://atmsqf.iowadot.gov/snapshots/Public/RestAreas/RA35NB07-West.jpg?1774927320000"
          }
        ]
      }
    },
    {
      "type": "Feature",
      "geometry": {
        "type": "Point",
        "coordinates": [
          -93.86121,
          40.65344
        ]
      },
      "properties": {
        "camera_uri": "camera/59546246",
        "title": "I-35: Rest Area: I-35 N/S MM 7 - Lamoni - SB Ent.",
        "jpg_urls": [
          "https://atmsqf.iowadot.gov/snapshots/Public/RestAreas/RA35SB07-East.jpg?1774927320000",
          "https://atmsqf.iowadot.gov/snapshots/Public/RestAreas/RA35SB07-North.jpg?1774927320000",
          "https://atmsqf.iowadot.gov/snapshots/Public/RestAreas/RA35SB07-South.jpg?1774927320000"
        ],
        "m3u8_urls": [],
        "views": [
          {
            "uri": "camera/59546246/1046821480",
            "category": "IMAGE",
            "jpg_url": "https://atmsqf.iowadot.gov/snapshots/Public/RestAreas/RA35SB07-East.jpg?1774927320000"
          },
          {
            "uri": "camera/59546246/2855717540",
            "category": "IMAGE",
            "jpg_url": "https://atmsqf.iowadot.gov/snapshots/Public/RestAreas/RA35SB07-North.jpg?1774927320000"
          },
          {
            "uri": "camera/59546246/305632062",
            "category": "IMAGE",
            "jpg_url": "https://atmsqf.iowadot.gov/snapshots/Public/RestAreas/RA35SB07-South.jpg?1774927320000"
          }
        ]
      }
    },
    {
      "type": "Feature",
      "geometry": {
        "type": "Point",
        "coordinates": [
          -93.85454,
          40.65529
        ]
      },
      "properties": {
        "camera_uri": "camera/59545918",
        "title": "I-35: Rest Area: I-35 N/S MM 7 - Lamoni - Trk Prkg",
        "jpg_urls": [
          "https://atmsqf.iowadot.gov/snapshots/Public/RestAreas/RA35DEC02-Northeast.jpg?1774927320000",
          "https://atmsqf.iowadot.gov/snapshots/Public/RestAreas/RA35DEC02-South.jpg?1774927320000",
          "https://atmsqf.iowadot.gov/snapshots/Public/RestAreas/RA35DEC02-Southwest.jpg?1774927320000",
          "https://atmsqf.iowadot.gov/snapshots/Public/RestAreas/RA35DEC02-West.jpg?1774927320000"
        ],
        "m3u8_urls": [],
        "views": [
          {
            "uri": "camera/59545918/2762552145",
            "category": "IMAGE",
            "jpg_url": "https://atmsqf.iowadot.gov/snapshots/Public/RestAreas/RA35DEC02-Northeast.jpg?1774927320000"
          },
          {
            "uri": "camera/59545918/1521322632",
            "category": "IMAGE",
            "jpg_url": "https://atmsqf.iowadot.gov/snapshots/Public/RestAreas/RA35DEC02-South.jpg?1774927320000"
          },
          {
            "uri": "camera/59545918/1058882525",
            "category": "IMAGE",
            "jpg_url": "https://atmsqf.iowadot.gov/snapshots/Public/RestAreas/RA35DEC02-Southwest.jpg?1774927320000"
          },
          {
            "uri": "camera/59545918/3750137608",
            "category": "IMAGE",
            "jpg_url": "https://atmsqf.iowadot.gov/snapshots/Public/RestAreas/RA35DEC02-West.jpg?1774927320000"
          }
        ]
      }
    },
    {
      "type": "Feature",
      "geometry": {
        "type": "Point",
        "coordinates": [
          -93.55354,
          42.12813
        ]
      },
      "properties": {
        "camera_uri": "camera/59545890",
        "title": "I-35: Rest Area: I-35 NB MM 120 near Story City",
        "jpg_urls": [
          "https://atmsqf.iowadot.gov/snapshots/Public/RestAreas/RA35NB120-CarParking.jpg?1774927320000",
          "https://atmsqf.iowadot.gov/snapshots/Public/RestAreas/RA35NB120-Entrance.jpg?1774927320000",
          "https://atmsqf.iowadot.gov/snapshots/Public/RestAreas/RA35NB120-Exit.jpg?1774927320000",
          "https://atmsqf.iowadot.gov/snapshots/Public/RestAreas/RA35NB120-TruckParking1.jpg?1774927320000",
          "https://atmsqf.iowadot.gov/snapshots/Public/RestAreas/RA35NB120-TruckParking2.jpg?1774927320000"
        ],
        "m3u8_urls": [],
        "views": [
          {
            "uri": "camera/59545890/1143775866",
            "category": "IMAGE",
            "jpg_url": "https://atmsqf.iowadot.gov/snapshots/Public/RestAreas/RA35NB120-CarParking.jpg?1774927320000"
          },
          {
            "uri": "camera/59545890/1237694022",
            "category": "IMAGE",
            "jpg_url": "https://atmsqf.iowadot.gov/snapshots/Public/RestAreas/RA35NB120-Entrance.jpg?1774927320000"
          },
          {
            "uri": "camera/59545890/3571579938",
            "category": "IMAGE",
            "jpg_url": "https://atmsqf.iowadot.gov/snapshots/Public/RestAreas/RA35NB120-Exit.jpg?1774927320000"
          },
          {
            "uri": "camera/59545890/664931296",
            "category": "IMAGE",
            "jpg_url": "https://atmsqf.iowadot.gov/snapshots/Public/RestAreas/RA35NB120-TruckParking1.jpg?1774927320000"
          },
          {
            "uri": "camera/59545890/1486041123",
            "category": "IMAGE",
            "jpg_url": "https://atmsqf.iowadot.gov/snapshots/Public/RestAreas/RA35NB120-TruckParking2.jpg?1774927320000"
          }
        ]
      }
    },
    {
      "type": "Feature",
      "geometry": {
        "type": "Point",
        "coordinates": [
          -93.79517,
          41.01297
        ]
      },
      "properties": {
        "camera_uri": "camera/59545846",
        "title": "I-35: Rest Area: I-35 NB MM 33 near Osceola",
        "jpg_urls": [
          "https://atmsqf.iowadot.gov/snapshots/Public/RestAreas/RA35NB33-Entrance.jpg?1774927320000",
          "https://atmsqf.iowadot.gov/snapshots/Public/RestAreas/RA35NB33-Exit.jpg?1774927320000",
          "https://atmsqf.iowadot.gov/snapshots/Public/RestAreas/RA35NB33-Spare.jpg?1774927320000",
          "https://atmsqf.iowadot.gov/snapshots/Public/RestAreas/RA35NB33-TruckParking1.jpg?1774927320000",
          "https://atmsqf.iowadot.gov/snapshots/Public/RestAreas/RA35NB33-TruckParking2.jpg?1774927320000"
        ],
        "m3u8_urls": [],
        "views": [
          {
            "uri": "camera/59545846/1356592597",
            "category": "IMAGE",
            "jpg_url": "https://atmsqf.iowadot.gov/snapshots/Public/RestAreas/RA35NB33-Entrance.jpg?1774927320000"
          },
          {
            "uri": "camera/59545846/1544284145",
            "category": "IMAGE",
            "jpg_url": "https://atmsqf.iowadot.gov/snapshots/Public/RestAreas/RA35NB33-Exit.jpg?1774927320000"
          },
          {
            "uri": "camera/59545846/1123975684",
            "category": "IMAGE",
            "jpg_url": "https://atmsqf.iowadot.gov/snapshots/Public/RestAreas/RA35NB33-Spare.jpg?1774927320000"
          },
          {
            "uri": "camera/59545846/3266311795",
            "category": "IMAGE",
            "jpg_url": "https://atmsqf.iowadot.gov/snapshots/Public/RestAreas/RA35NB33-TruckParking1.jpg?1774927320000"
          },
          {
            "uri": "camera/59545846/672757392",
            "category": "IMAGE",
            "jpg_url": "https://atmsqf.iowadot.gov/snapshots/Public/RestAreas/RA35NB33-TruckParking2.jpg?1774927320000"
          }
        ]
      }
    },
    {
      "type": "Feature",
      "geometry": {
        "type": "Point",
        "coordinates": [
          -93.56932,
          41.82923
        ]
      },
      "properties": {
        "camera_uri": "camera/59546286",
        "title": "I-35: Rest Area: I-35 NB MM 98 near Elkhart",
        "jpg_urls": [
          "https://atmsqf.iowadot.gov/snapshots/Public/RestAreas/RA35NB98-01-ENTRY.jpg?1774927320000",
          "https://atmsqf.iowadot.gov/snapshots/Public/RestAreas/RA35NB98-02-EXIT.jpg?1774927320000",
          "https://atmsqf.iowadot.gov/snapshots/Public/RestAreas/RA35NB98-01-CENTER.jpg?1774927320000",
          "https://atmsqf.iowadot.gov/snapshots/Public/RestAreas/RA35NB98-01-EXIT.jpg?1774927320000",
          "https://atmsqf.iowadot.gov/snapshots/Public/RestAreas/RA35NB98-02-ENTRY.jpg?1774927320000"
        ],
        "m3u8_urls": [],
        "views": [
          {
            "uri": "camera/59546286/4211528580",
            "category": "IMAGE",
            "jpg_url": "https://atmsqf.iowadot.gov/snapshots/Public/RestAreas/RA35NB98-01-ENTRY.jpg?1774927320000"
          },
          {
            "uri": "camera/59546286/2304191056",
            "category": "IMAGE",
            "jpg_url": "https://atmsqf.iowadot.gov/snapshots/Public/RestAreas/RA35NB98-02-EXIT.jpg?1774927320000"
          },
          {
            "uri": "camera/59546286/1830394194",
            "category": "IMAGE",
            "jpg_url": "https://atmsqf.iowadot.gov/snapshots/Public/RestAreas/RA35NB98-01-CENTER.jpg?1774927320000"
          },
          {
            "uri": "camera/59546286/1998442673",
            "category": "IMAGE",
            "jpg_url": "https://atmsqf.iowadot.gov/snapshots/Public/RestAreas/RA35NB98-01-EXIT.jpg?1774927320000"
          },
          {
            "uri": "camera/59546286/1183373328",
            "category": "IMAGE",
            "jpg_url": "https://atmsqf.iowadot.gov/snapshots/Public/RestAreas/RA35NB98-02-ENTRY.jpg?1774927320000"
          }
        ]
      }
    },
    {
      "type": "Feature",
      "geometry": {
        "type": "Point",
        "coordinates": [
          -93.46014,
          42.67191
        ]
      },
      "properties": {
        "camera_uri": "camera/59546216",
        "title": "I-35: Rest Area: I-35 NB/SB MM 159 near Dows",
        "jpg_urls": [
          "https://atmsqf.iowadot.gov/snapshots/Public/RestAreas/RA35DOWS-CarParking.jpg?1774927320000",
          "https://atmsqf.iowadot.gov/snapshots/Public/RestAreas/RA35DOWS-Entrance.jpg?1774927320000",
          "https://atmsqf.iowadot.gov/snapshots/Public/RestAreas/RA35DOWS-Exit.jpg?1774927320000",
          "https://atmsqf.iowadot.gov/snapshots/Public/RestAreas/RA35DOWS-TruckParking1.jpg?1774927320000",
          "https://atmsqf.iowadot.gov/snapshots/Public/RestAreas/RA35DOWS-TruckParking2.jpg?1774927320000"
        ],
        "m3u8_urls": [],
        "views": [
          {
            "uri": "camera/59546216/2813731146",
            "category": "IMAGE",
            "jpg_url": "https://atmsqf.iowadot.gov/snapshots/Public/RestAreas/RA35DOWS-CarParking.jpg?1774927320000"
          },
          {
            "uri": "camera/59546216/950134646",
            "category": "IMAGE",
            "jpg_url": "https://atmsqf.iowadot.gov/snapshots/Public/RestAreas/RA35DOWS-Entrance.jpg?1774927320000"
          },
          {
            "uri": "camera/59546216/1945035538",
            "category": "IMAGE",
            "jpg_url": "https://atmsqf.iowadot.gov/snapshots/Public/RestAreas/RA35DOWS-Exit.jpg?1774927320000"
          },
          {
            "uri": "camera/59546216/243851792",
            "category": "IMAGE",
            "jpg_url": "https://atmsqf.iowadot.gov/snapshots/Public/RestAreas/RA35DOWS-TruckParking1.jpg?1774927320000"
          },
          {
            "uri": "camera/59546216/2607378995",
            "category": "IMAGE",
            "jpg_url": "https://atmsqf.iowadot.gov/snapshots/Public/RestAreas/RA35DOWS-TruckParking2.jpg?1774927320000"
          }
        ]
      }
    },
    {
      "type": "Feature",
      "geometry": {
        "type": "Point",
        "coordinates": [
          -93.79687,
          41.01349
        ]
      },
      "properties": {
        "camera_uri": "camera/59546347",
        "title": "I-35: Rest Area: I-35 SB MM 33 near Osceola",
        "jpg_urls": [
          "https://atmsqf.iowadot.gov/snapshots/Public/RestAreas/RA35SB33-CarParking.jpg?1774927320000",
          "https://atmsqf.iowadot.gov/snapshots/Public/RestAreas/RA35SB33-North.jpg?1774927320000",
          "https://atmsqf.iowadot.gov/snapshots/Public/RestAreas/RA35SB33-South.jpg?1774927320000",
          "https://atmsqf.iowadot.gov/snapshots/Public/RestAreas/RA35SB33-TruckParking1.jpg?1774927320000",
          "https://atmsqf.iowadot.gov/snapshots/Public/RestAreas/RA35SB33-TruckParking2.jpg?1774927320000"
        ],
        "m3u8_urls": [],
        "views": [
          {
            "uri": "camera/59546347/3000057204",
            "category": "IMAGE",
            "jpg_url": "https://atmsqf.iowadot.gov/snapshots/Public/RestAreas/RA35SB33-CarParking.jpg?1774927320000"
          },
          {
            "uri": "camera/59546347/801748771",
            "category": "IMAGE",
            "jpg_url": "https://atmsqf.iowadot.gov/snapshots/Public/RestAreas/RA35SB33-North.jpg?1774927320000"
          },
          {
            "uri": "camera/59546347/1979322041",
            "category": "IMAGE",
            "jpg_url": "https://atmsqf.iowadot.gov/snapshots/Public/RestAreas/RA35SB33-South.jpg?1774927320000"
          },
          {
            "uri": "camera/59546347/3292622766",
            "category": "IMAGE",
            "jpg_url": "https://atmsqf.iowadot.gov/snapshots/Public/RestAreas/RA35SB33-TruckParking1.jpg?1774927320000"
          },
          {
            "uri": "camera/59546347/696832077",
            "category": "IMAGE",
            "jpg_url": "https://atmsqf.iowadot.gov/snapshots/Public/RestAreas/RA35SB33-TruckParking2.jpg?1774927320000"
          }
        ]
      }
    },
    {
      "type": "Feature",
      "geometry": {
        "type": "Point",
        "coordinates": [
          -93.57268,
          41.83252
        ]
      },
      "properties": {
        "camera_uri": "camera/59545641",
        "title": "I-35: Rest Area: I-35 SB MM 98 near Elkhart",
        "jpg_urls": [
          "https://atmsqf.iowadot.gov/snapshots/Public/RestAreas/RA35SB98-01-ENTRY.jpg?1774927320000",
          "https://atmsqf.iowadot.gov/snapshots/Public/RestAreas/RA35SB98-02-EXIT.jpg?1774927320000",
          "https://atmsqf.iowadot.gov/snapshots/Public/RestAreas/RA35SB98-01-CENTER.jpg?1774927320000",
          "https://atmsqf.iowadot.gov/snapshots/Public/RestAreas/RA35SB98-01-EXIT.jpg?1774927320000",
          "https://atmsqf.iowadot.gov/snapshots/Public/RestAreas/RA35SB98-02-ENTRY.jpg?1774927320000"
        ],
        "m3u8_urls": [],
        "views": [
          {
            "uri": "camera/59545641/4208796505",
            "category": "IMAGE",
            "jpg_url": "https://atmsqf.iowadot.gov/snapshots/Public/RestAreas/RA35SB98-01-ENTRY.jpg?1774927320000"
          },
          {
            "uri": "camera/59545641/2328265485",
            "category": "IMAGE",
            "jpg_url": "https://atmsqf.iowadot.gov/snapshots/Public/RestAreas/RA35SB98-02-EXIT.jpg?1774927320000"
          },
          {
            "uri": "camera/59545641/1854468623",
            "category": "IMAGE",
            "jpg_url": "https://atmsqf.iowadot.gov/snapshots/Public/RestAreas/RA35SB98-01-CENTER.jpg?1774927320000"
          },
          {
            "uri": "camera/59545641/2024753900",
            "category": "IMAGE",
            "jpg_url": "https://atmsqf.iowadot.gov/snapshots/Public/RestAreas/RA35SB98-01-EXIT.jpg?1774927320000"
          },
          {
            "uri": "camera/59545641/1207448013",
            "category": "IMAGE",
            "jpg_url": "https://atmsqf.iowadot.gov/snapshots/Public/RestAreas/RA35SB98-02-ENTRY.jpg?1774927320000"
          }
        ]
      }
    },
    {
      "type": "Feature",
      "geometry": {
        "type": "Point",
        "coordinates": [
          -93.57668,
          41.73244
        ]
      },
      "properties": {
        "camera_uri": "camera/59545625",
        "title": "I-35: WWD - I-35 @ 1st Street (72)",
        "jpg_urls": [
          "https://iowadotsnapshot.us-east-1.skyvdn.com/thumbs/wwdtv072lb.flv.jpg"
        ],
        "m3u8_urls": [
          "https://iowadotsfs1.us-east-1.skyvdn.com:443/rtplive/wwdtv072lb/playlist.m3u8"
        ],
        "views": [
          {
            "uri": "camera/59545625/1128783709",
            "category": "VIDEO",
            "jpg_url": "https://iowadotsnapshot.us-east-1.skyvdn.com/thumbs/wwdtv072lb.flv.jpg",
            "m3u8_url": "https://iowadotsfs1.us-east-1.skyvdn.com:443/rtplive/wwdtv072lb/playlist.m3u8"
          }
        ]
      }
    },
    {
      "type": "Feature",
      "geometry": {
        "type": "Point",
        "coordinates": [
          -93.7757,
          41.54136
        ]
      },
      "properties": {
        "camera_uri": "camera/59546222",
        "title": "I-35: WWD - I-35 @ Grand Ave (38)",
        "jpg_urls": [
          "https://iowadotsnapshot.us-east-1.skyvdn.com/thumbs/wwdtv038lb.flv.jpg"
        ],
        "m3u8_urls": [
          "https://iowadotsfs1.us-east-1.skyvdn.com:443/rtplive/wwdtv038lb/playlist.m3u8"
        ],
        "views": [
          {
            "uri": "camera/59546222/1754791176",
            "category": "VIDEO",
            "jpg_url": "https://iowadotsnapshot.us-east-1.skyvdn.com/thumbs/wwdtv038lb.flv.jpg",
            "m3u8_url": "https://iowadotsfs1.us-east-1.skyvdn.com:443/rtplive/wwdtv038lb/playlist.m3u8"
          }
        ]
      }
    },
    {
      "type": "Feature",
      "geometry": {
        "type": "Point",
        "coordinates": [
          -93.77665,
          41.55917
        ]
      },
      "properties": {
        "camera_uri": "camera/59545637",
        "title": "I-35: WWD - I-35 @ Mills Civic (39)",
        "jpg_urls": [
          "https://iowadotsnapshot.us-east-1.skyvdn.com/thumbs/wwdtv039lb.flv.jpg"
        ],
        "m3u8_urls": [
          "https://iowadotsfs1.us-east-1.skyvdn.com:443/rtplive/wwdtv039lb/playlist.m3u8"
        ],
        "views": [
          {
            "uri": "camera/59545637/1196264420",
            "category": "VIDEO",
            "jpg_url": "https://iowadotsnapshot.us-east-1.skyvdn.com/thumbs/wwdtv039lb.flv.jpg",
            "m3u8_url": "https://iowadotsfs1.us-east-1.skyvdn.com:443/rtplive/wwdtv039lb/playlist.m3u8"
          }
        ]
      }
    },
    {
      "type": "Feature",
      "geometry": {
        "type": "Point",
        "coordinates": [
          -93.79449,
          41.02605
        ]
      },
      "properties": {
        "camera_uri": "camera/59545665",
        "title": "I-35: WWD - I-35 @ US 34 in Osceola (55)",
        "jpg_urls": [
          "https://atmsqf.iowadot.gov/snapshots/Public/WWD/WWD55.jpg?1774927320000"
        ],
        "m3u8_urls": [],
        "views": [
          {
            "uri": "camera/59545665/4247208625",
            "category": "IMAGE",
            "jpg_url": "https://atmsqf.iowadot.gov/snapshots/Public/WWD/WWD55.jpg?1774927320000"
          }
        ]
      }
    },
    {
      "type": "Feature",
      "geometry": {
        "type": "Point",
        "coordinates": [
          -91.64167,
          41.75254
        ]
      },
      "properties": {
        "camera_uri": "camera/59545636",
        "title": "I-380: 6DT - I-380 @ W Penn Street (IWZ 3141)",
        "jpg_urls": [
          "https://iowadotsnapshot.us-east-1.skyvdn.com/thumbs/iwz3141lb.flv.jpg"
        ],
        "m3u8_urls": [
          "https://iowadotsfs1.us-east-1.skyvdn.com:443/rtplive/iwz3141lb/playlist.m3u8"
        ],
        "views": [
          {
            "uri": "camera/59545636/3909890352",
            "category": "VIDEO",
            "jpg_url": "https://iowadotsnapshot.us-east-1.skyvdn.com/thumbs/iwz3141lb.flv.jpg",
            "m3u8_url": "https://iowadotsfs1.us-east-1.skyvdn.com:443/rtplive/iwz3141lb/playlist.m3u8"
          }
        ]
      }
    },
    {
      "type": "Feature",
      "geometry": {
        "type": "Point",
        "coordinates": [
          -91.68366,
          42.04607
        ]
      },
      "properties": {
        "camera_uri": "camera/59546197",
        "title": "I-380: 6DW - I-380 @ Boyson Rd (IWZ 3197)",
        "jpg_urls": [
          "https://iowadotsnapshot.us-east-1.skyvdn.com/thumbs/iwz3197lb.flv.jpg"
        ],
        "m3u8_urls": [
          "https://iowadotsfs2.us-east-1.skyvdn.com:443/rtplive/iwz3197lb/playlist.m3u8"
        ],
        "views": [
          {
            "uri": "camera/59546197/3043346763",
            "category": "VIDEO",
            "jpg_url": "https://iowadotsnapshot.us-east-1.skyvdn.com/thumbs/iwz3197lb.flv.jpg",
            "m3u8_url": "https://iowadotsfs2.us-east-1.skyvdn.com:443/rtplive/iwz3197lb/playlist.m3u8"
          }
        ]
      }
    },
    {
      "type": "Feature",
      "geometry": {
        "type": "Point",
        "coordinates": [
          -91.66447,
          41.84827
        ]
      },
      "properties": {
        "camera_uri": "camera/59546431",
        "title": "I-380: 6DX - I-380 @ 120th St (IWZ3113)",
        "jpg_urls": [
          "https://iowadotsnapshot.us-east-1.skyvdn.com/thumbs/iwz3113lb.flv.jpg"
        ],
        "m3u8_urls": [
          "https://iowadotsfs1.us-east-1.skyvdn.com:443/rtplive/iwz3113lb/playlist.m3u8"
        ],
        "views": [
          {
            "uri": "camera/59546431/3763357360",
            "category": "VIDEO",
            "jpg_url": "https://iowadotsnapshot.us-east-1.skyvdn.com/thumbs/iwz3113lb.flv.jpg",
            "m3u8_url": "https://iowadotsfs1.us-east-1.skyvdn.com:443/rtplive/iwz3113lb/playlist.m3u8"
          }
        ]
      }
    },
    {
      "type": "Feature",
      "geometry": {
        "type": "Point",
        "coordinates": [
          -91.66857,
          41.8478
        ]
      },
      "properties": {
        "camera_uri": "camera/59545960",
        "title": "I-380: 6DX - I-380 @ MM 10.85 (120th Street)",
        "jpg_urls": [
          "https://iowadotsnapshot.us-east-1.skyvdn.com/thumbs/iwz380S01085lb.flv.jpg"
        ],
        "m3u8_urls": [
          "https://iowadotsfs1.us-east-1.skyvdn.com:443/rtplive/iwz380S01085lb/playlist.m3u8"
        ],
        "views": [
          {
            "uri": "camera/59545960/1644924432",
            "category": "VIDEO",
            "jpg_url": "https://iowadotsnapshot.us-east-1.skyvdn.com/thumbs/iwz380S01085lb.flv.jpg",
            "m3u8_url": "https://iowadotsfs1.us-east-1.skyvdn.com:443/rtplive/iwz380S01085lb/playlist.m3u8"
          }
        ]
      }
    },
    {
      "type": "Feature",
      "geometry": {
        "type": "Point",
        "coordinates": [
          -91.67059,
          41.87699
        ]
      },
      "properties": {
        "camera_uri": "camera/59545731",
        "title": "I-380: 6DX - I-380 @ MM 13 (IWZ 3198)",
        "jpg_urls": [
          "https://iowadotsnapshot.us-east-1.skyvdn.com/thumbs/iwz3198lb.flv.jpg"
        ],
        "m3u8_urls": [
          "https://iowadotsfs2.us-east-1.skyvdn.com:443/rtplive/iwz3198lb/playlist.m3u8"
        ],
        "views": [
          {
            "uri": "camera/59545731/241443993",
            "category": "VIDEO",
            "jpg_url": "https://iowadotsnapshot.us-east-1.skyvdn.com/thumbs/iwz3198lb.flv.jpg",
            "m3u8_url": "https://iowadotsfs2.us-east-1.skyvdn.com:443/rtplive/iwz3198lb/playlist.m3u8"
          }
        ]
      }
    },
    {
      "type": "Feature",
      "geometry": {
        "type": "Point",
        "coordinates": [
          -91.67183,
          41.89098
        ]
      },
      "properties": {
        "camera_uri": "camera/59546382",
        "title": "I-380: 6DX - I-380 @ Wright Brothers Blvd (IWZ 3701)",
        "jpg_urls": [
          "https://iowadotsnapshot.us-east-1.skyvdn.com/thumbs/iwz3701lb.flv.jpg"
        ],
        "m3u8_urls": [
          "https://iowadotsfs1.us-east-1.skyvdn.com:443/rtplive/iwz3701lb/playlist.m3u8"
        ],
        "views": [
          {
            "uri": "camera/59546382/2272034833",
            "category": "VIDEO",
            "jpg_url": "https://iowadotsnapshot.us-east-1.skyvdn.com/thumbs/iwz3701lb.flv.jpg",
            "m3u8_url": "https://iowadotsfs1.us-east-1.skyvdn.com:443/rtplive/iwz3701lb/playlist.m3u8"
          }
        ]
      }
    },
    {
      "type": "Feature",
      "geometry": {
        "type": "Point",
        "coordinates": [
          -91.67577,
          41.97568
        ]
      },
      "properties": {
        "camera_uri": "camera/59546042",
        "title": "I-380: CR - I-380 @ 1st Ave SW (09)",
        "jpg_urls": [
          "https://iowadotsnapshot.us-east-1.skyvdn.com/thumbs/crtv09lb.flv.jpg"
        ],
        "m3u8_urls": [
          "https://iowadotsfs1.us-east-1.skyvdn.com:443/rtplive/crtv09lb/playlist.m3u8"
        ],
        "views": [
          {
            "uri": "camera/59546042/1549258862",
            "category": "VIDEO",
            "jpg_url": "https://iowadotsnapshot.us-east-1.skyvdn.com/thumbs/crtv09lb.flv.jpg",
            "m3u8_url": "https://iowadotsfs1.us-east-1.skyvdn.com:443/rtplive/crtv09lb/playlist.m3u8"
          }
        ]
      }
    },
    {
      "type": "Feature",
      "geometry": {
        "type": "Point",
        "coordinates": [
          -91.67596,
          41.9757
        ]
      },
      "properties": {
        "camera_uri": "camera/59545901",
        "title": "I-380: CR - I-380 @ 1st Ave SW (09Q)",
        "jpg_urls": [
          "https://iowadotsnapshot.us-east-1.skyvdn.com/thumbs/crtv09qlb.flv.jpg"
        ],
        "m3u8_urls": [
          "https://iowadotsfs1.us-east-1.skyvdn.com:443/rtplive/crtv09qlb/playlist.m3u8"
        ],
        "views": [
          {
            "uri": "camera/59545901/2878119263",
            "category": "VIDEO",
            "jpg_url": "https://iowadotsnapshot.us-east-1.skyvdn.com/thumbs/crtv09qlb.flv.jpg",
            "m3u8_url": "https://iowadotsfs1.us-east-1.skyvdn.com:443/rtplive/crtv09qlb/playlist.m3u8"
          }
        ]
      }
    },
    {
      "type": "Feature",
      "geometry": {
        "type": "Point",
        "coordinates": [
          -91.66713,
          42.01217
        ]
      },
      "properties": {
        "camera_uri": "camera/59546363",
        "title": "I-380: CR - I-380 @ 32nd St NE (14)",
        "jpg_urls": [
          "https://iowadotsnapshot.us-east-1.skyvdn.com/thumbs/crtv14lb.flv.jpg"
        ],
        "m3u8_urls": [
          "https://iowadotsfs1.us-east-1.skyvdn.com:443/rtplive/crtv14lb/playlist.m3u8"
        ],
        "views": [
          {
            "uri": "camera/59546363/1274098341",
            "category": "VIDEO",
            "jpg_url": "https://iowadotsnapshot.us-east-1.skyvdn.com/thumbs/crtv14lb.flv.jpg",
            "m3u8_url": "https://iowadotsfs1.us-east-1.skyvdn.com:443/rtplive/crtv14lb/playlist.m3u8"
          }
        ]
      }
    },
    {
      "type": "Feature",
      "geometry": {
        "type": "Point",
        "coordinates": [
          -91.67162,
          41.94556
        ]
      },
      "properties": {
        "camera_uri": "camera/59546066",
        "title": "I-380: CR - I-380 @ 33rd Ave SW (06)",
        "jpg_urls": [
          "https://iowadotsnapshot.us-east-1.skyvdn.com/thumbs/crtv06lb.flv.jpg"
        ],
        "m3u8_urls": [
          "https://iowadotsfs1.us-east-1.skyvdn.com:443/rtplive/crtv06lb/playlist.m3u8"
        ],
        "views": [
          {
            "uri": "camera/59546066/940144193",
            "category": "VIDEO",
            "jpg_url": "https://iowadotsnapshot.us-east-1.skyvdn.com/thumbs/crtv06lb.flv.jpg",
            "m3u8_url": "https://iowadotsfs1.us-east-1.skyvdn.com:443/rtplive/crtv06lb/playlist.m3u8"
          }
        ]
      }
    },
    {
      "type": "Feature",
      "geometry": {
        "type": "Point",
        "coordinates": [
          -91.66871,
          42.02179
        ]
      },
      "properties": {
        "camera_uri": "camera/59545713",
        "title": "I-380: CR - I-380 @ 42nd St NE (15)",
        "jpg_urls": [
          "https://iowadotsnapshot.us-east-1.skyvdn.com/thumbs/crtv15lb.flv.jpg?1774927320000"
        ],
        "m3u8_urls": [],
        "views": [
          {
            "uri": "camera/59545713/1745449923",
            "category": "IMAGE",
            "jpg_url": "https://iowadotsnapshot.us-east-1.skyvdn.com/thumbs/crtv15lb.flv.jpg?1774927320000"
          }
        ]
      }
    },
    {
      "type": "Feature",
      "geometry": {
        "type": "Point",
        "coordinates": [
          -91.66693,
          41.98168
        ]
      },
      "properties": {
        "camera_uri": "camera/59546149",
        "title": "I-380: CR - I-380 @ 4th St SE (10)",
        "jpg_urls": [
          "https://iowadotsnapshot.us-east-1.skyvdn.com/thumbs/crtv10lb.flv.jpg"
        ],
        "m3u8_urls": [
          "https://iowadotsfs1.us-east-1.skyvdn.com:443/rtplive/crtv10lb/playlist.m3u8"
        ],
        "views": [
          {
            "uri": "camera/59546149/1546261855",
            "category": "VIDEO",
            "jpg_url": "https://iowadotsnapshot.us-east-1.skyvdn.com/thumbs/crtv10lb.flv.jpg",
            "m3u8_url": "https://iowadotsfs1.us-east-1.skyvdn.com:443/rtplive/crtv10lb/playlist.m3u8"
          }
        ]
      }
    },
    {
      "type": "Feature",
      "geometry": {
        "type": "Point",
        "coordinates": [
          -91.67206,
          41.90692
        ]
      },
      "properties": {
        "camera_uri": "camera/59546239",
        "title": "I-380: CR - I-380 @ 76th Ave (03)",
        "jpg_urls": [
          "https://iowadotsnapshot.us-east-1.skyvdn.com/thumbs/crtv03lb.flv.jpg"
        ],
        "m3u8_urls": [
          "https://iowadotsfs1.us-east-1.skyvdn.com:443/rtplive/crtv03lb/playlist.m3u8"
        ],
        "views": [
          {
            "uri": "camera/59546239/1662346635",
            "category": "VIDEO",
            "jpg_url": "https://iowadotsnapshot.us-east-1.skyvdn.com/thumbs/crtv03lb.flv.jpg",
            "m3u8_url": "https://iowadotsfs1.us-east-1.skyvdn.com:443/rtplive/crtv03lb/playlist.m3u8"
          }
        ]
      }
    },
    {
      "type": "Feature",
      "geometry": {
        "type": "Point",
        "coordinates": [
          -91.66395,
          41.98361
        ]
      },
      "properties": {
        "camera_uri": "camera/59546087",
        "title": "I-380: CR - I-380 @ 8th St NE (11)",
        "jpg_urls": [
          "https://iowadotsnapshot.us-east-1.skyvdn.com/thumbs/crtv11lb.flv.jpg"
        ],
        "m3u8_urls": [
          "https://iowadotsfs1.us-east-1.skyvdn.com:443/rtplive/crtv11lb/playlist.m3u8"
        ],
        "views": [
          {
            "uri": "camera/59546087/1214958191",
            "category": "VIDEO",
            "jpg_url": "https://iowadotsnapshot.us-east-1.skyvdn.com/thumbs/crtv11lb.flv.jpg",
            "m3u8_url": "https://iowadotsfs1.us-east-1.skyvdn.com:443/rtplive/crtv11lb/playlist.m3u8"
          }
        ]
      }
    },
    {
      "type": "Feature",
      "geometry": {
        "type": "Point",
        "coordinates": [
          -91.67624,
          42.03494
        ]
      },
      "properties": {
        "camera_uri": "camera/59545660",
        "title": "I-380: CR - I-380 @ Blairs Ferry Rd NE (18)",
        "jpg_urls": [
          "https://iowadotsnapshot.us-east-1.skyvdn.com/thumbs/crtv18lb.flv.jpg"
        ],
        "m3u8_urls": [
          "https://iowadotsfs1.us-east-1.skyvdn.com:443/rtplive/crtv18lb/playlist.m3u8"
        ],
        "views": [
          {
            "uri": "camera/59545660/1295403790",
            "category": "VIDEO",
            "jpg_url": "https://iowadotsnapshot.us-east-1.skyvdn.com/thumbs/crtv18lb.flv.jpg",
            "m3u8_url": "https://iowadotsfs1.us-east-1.skyvdn.com:443/rtplive/crtv18lb/playlist.m3u8"
          }
        ]
      }
    },
    {
      "type": "Feature",
      "geometry": {
        "type": "Point",
        "coordinates": [
          -91.66628,
          42.0066
        ]
      },
      "properties": {
        "camera_uri": "camera/59545773",
        "title": "I-380: CR - I-380 @ Coldstream Ave NE (13)",
        "jpg_urls": [
          "https://iowadotsnapshot.us-east-1.skyvdn.com/thumbs/crtv13lb.flv.jpg"
        ],
        "m3u8_urls": [
          "https://iowadotsfs1.us-east-1.skyvdn.com:443/rtplive/crtv13lb/playlist.m3u8"
        ],
        "views": [
          {
            "uri": "camera/59545773/1259152708",
            "category": "VIDEO",
            "jpg_url": "https://iowadotsnapshot.us-east-1.skyvdn.com/thumbs/crtv13lb.flv.jpg",
            "m3u8_url": "https://iowadotsfs1.us-east-1.skyvdn.com:443/rtplive/crtv13lb/playlist.m3u8"
          }
        ]
      }
    },
    {
      "type": "Feature",
      "geometry": {
        "type": "Point",
        "coordinates": [
          -91.67327,
          42.02829
        ]
      },
      "properties": {
        "camera_uri": "camera/59546344",
        "title": "I-380: CR - I-380 @ Collins Rd- North (17)",
        "jpg_urls": [
          "https://iowadotsnapshot.us-east-1.skyvdn.com/thumbs/crtv17lb.flv.jpg"
        ],
        "m3u8_urls": [
          "https://iowadotsfs1.us-east-1.skyvdn.com:443/rtplive/crtv17lb/playlist.m3u8"
        ],
        "views": [
          {
            "uri": "camera/59546344/4148213421",
            "category": "VIDEO",
            "jpg_url": "https://iowadotsnapshot.us-east-1.skyvdn.com/thumbs/crtv17lb.flv.jpg",
            "m3u8_url": "https://iowadotsfs1.us-east-1.skyvdn.com:443/rtplive/crtv17lb/playlist.m3u8"
          }
        ]
      }
    },
    {
      "type": "Feature",
      "geometry": {
        "type": "Point",
        "coordinates": [
          -91.6727,
          42.02819
        ]
      },
      "properties": {
        "camera_uri": "camera/59546011",
        "title": "I-380: CR - I-380 @ Collins Rd- South (16)",
        "jpg_urls": [
          "https://iowadotsnapshot.us-east-1.skyvdn.com/thumbs/crtv16lb.flv.jpg"
        ],
        "m3u8_urls": [
          "https://iowadotsfs1.us-east-1.skyvdn.com:443/rtplive/crtv16lb/playlist.m3u8"
        ],
        "views": [
          {
            "uri": "camera/59546011/4044460758",
            "category": "VIDEO",
            "jpg_url": "https://iowadotsnapshot.us-east-1.skyvdn.com/thumbs/crtv16lb.flv.jpg",
            "m3u8_url": "https://iowadotsfs1.us-east-1.skyvdn.com:443/rtplive/crtv16lb/playlist.m3u8"
          }
        ]
      }
    },
    {
      "type": "Feature",
      "geometry": {
        "type": "Point",
        "coordinates": [
          -91.67057,
          41.96759
        ]
      },
      "properties": {
        "camera_uri": "camera/59545793",
        "title": "I-380: CR - I-380 @ Diagonal Dr SW (08)",
        "jpg_urls": [
          "https://iowadotsnapshot.us-east-1.skyvdn.com/thumbs/crtv08lb.flv.jpg"
        ],
        "m3u8_urls": [
          "https://iowadotsfs1.us-east-1.skyvdn.com:443/rtplive/crtv08lb/playlist.m3u8"
        ],
        "views": [
          {
            "uri": "camera/59545793/2733792538",
            "category": "VIDEO",
            "jpg_url": "https://iowadotsnapshot.us-east-1.skyvdn.com/thumbs/crtv08lb.flv.jpg",
            "m3u8_url": "https://iowadotsfs1.us-east-1.skyvdn.com:443/rtplive/crtv08lb/playlist.m3u8"
          }
        ]
      }
    },
    {
      "type": "Feature",
      "geometry": {
        "type": "Point",
        "coordinates": [
          -91.66656,
          41.99557
        ]
      },
      "properties": {
        "camera_uri": "camera/59546158",
        "title": "I-380: CR - I-380 @ H Ave NE (12)",
        "jpg_urls": [
          "https://iowadotsnapshot.us-east-1.skyvdn.com/thumbs/crtv12lb.flv.jpg"
        ],
        "m3u8_urls": [
          "https://iowadotsfs1.us-east-1.skyvdn.com:443/rtplive/crtv12lb/playlist.m3u8"
        ],
        "views": [
          {
            "uri": "camera/59546158/920232309",
            "category": "VIDEO",
            "jpg_url": "https://iowadotsnapshot.us-east-1.skyvdn.com/thumbs/crtv12lb.flv.jpg",
            "m3u8_url": "https://iowadotsfs1.us-east-1.skyvdn.com:443/rtplive/crtv12lb/playlist.m3u8"
          }
        ]
      }
    },
    {
      "type": "Feature",
      "geometry": {
        "type": "Point",
        "coordinates": [
          -91.66917,
          41.86808
        ]
      },
      "properties": {
        "camera_uri": "camera/59545687",
        "title": "I-380: CR - I-380 @ Rest Area (01)",
        "jpg_urls": [
          "https://iowadotsnapshot.us-east-1.skyvdn.com/thumbs/crtv01lb.flv.jpg"
        ],
        "m3u8_urls": [
          "https://iowadotsfs1.us-east-1.skyvdn.com:443/rtplive/crtv01lb/playlist.m3u8"
        ],
        "views": [
          {
            "uri": "camera/59545687/3320284289",
            "category": "VIDEO",
            "jpg_url": "https://iowadotsnapshot.us-east-1.skyvdn.com/thumbs/crtv01lb.flv.jpg",
            "m3u8_url": "https://iowadotsfs1.us-east-1.skyvdn.com:443/rtplive/crtv01lb/playlist.m3u8"
          }
        ]
      }
    },
    {
      "type": "Feature",
      "geometry": {
        "type": "Point",
        "coordinates": [
          -91.70063,
          42.05884
        ]
      },
      "properties": {
        "camera_uri": "camera/59545871",
        "title": "I-380: CR - I-380 @ Tower Terrace (20Q)",
        "jpg_urls": [
          "https://iowadotsnapshot.us-east-1.skyvdn.com/thumbs/crtv20qlb.flv.jpg"
        ],
        "m3u8_urls": [
          "https://iowadotsfs1.us-east-1.skyvdn.com:443/rtplive/crtv20qlb/playlist.m3u8"
        ],
        "views": [
          {
            "uri": "camera/59545871/1685054937",
            "category": "VIDEO",
            "jpg_url": "https://iowadotsnapshot.us-east-1.skyvdn.com/thumbs/crtv20qlb.flv.jpg",
            "m3u8_url": "https://iowadotsfs1.us-east-1.skyvdn.com:443/rtplive/crtv20qlb/playlist.m3u8"
          }
        ]
      }
    },
    {
      "type": "Feature",
      "geometry": {
        "type": "Point",
        "coordinates": [
          -91.70062,
          42.05883
        ]
      },
      "properties": {
        "camera_uri": "camera/59545990",
        "title": "I-380: CR - I-380 @ Tower Terrace Rd (20)",
        "jpg_urls": [
          "https://iowadotsnapshot.us-east-1.skyvdn.com/thumbs/crtv20lb.flv.jpg"
        ],
        "m3u8_urls": [
          "https://iowadotsfs1.us-east-1.skyvdn.com:443/rtplive/crtv20lb/playlist.m3u8"
        ],
        "views": [
          {
            "uri": "camera/59545990/2402331614",
            "category": "VIDEO",
            "jpg_url": "https://iowadotsnapshot.us-east-1.skyvdn.com/thumbs/crtv20lb.flv.jpg",
            "m3u8_url": "https://iowadotsfs1.us-east-1.skyvdn.com:443/rtplive/crtv20lb/playlist.m3u8"
          }
        ]
      }
    },
    {
      "type": "Feature",
      "geometry": {
        "type": "Point",
        "coordinates": [
          -91.67003,
          41.93011
        ]
      },
      "properties": {
        "camera_uri": "camera/59545710",
        "title": "I-380: CR - I-380 @ US 30 North (05)",
        "jpg_urls": [
          "https://iowadotsnapshot.us-east-1.skyvdn.com/thumbs/crtv05lb.flv.jpg"
        ],
        "m3u8_urls": [
          "https://iowadotsfs1.us-east-1.skyvdn.com:443/rtplive/crtv05lb/playlist.m3u8"
        ],
        "views": [
          {
            "uri": "camera/59545710/888059144",
            "category": "VIDEO",
            "jpg_url": "https://iowadotsnapshot.us-east-1.skyvdn.com/thumbs/crtv05lb.flv.jpg",
            "m3u8_url": "https://iowadotsfs1.us-east-1.skyvdn.com:443/rtplive/crtv05lb/playlist.m3u8"
          }
        ]
      }
    },
    {
      "type": "Feature",
      "geometry": {
        "type": "Point",
        "coordinates": [
          -91.67001,
          41.92694
        ]
      },
      "properties": {
        "camera_uri": "camera/59545772",
        "title": "I-380: CR - I-380 @ US 30 South (04)",
        "jpg_urls": [
          "https://iowadotsnapshot.us-east-1.skyvdn.com/thumbs/crtv04lb.flv.jpg"
        ],
        "m3u8_urls": [
          "https://iowadotsfs1.us-east-1.skyvdn.com:443/rtplive/crtv04lb/playlist.m3u8"
        ],
        "views": [
          {
            "uri": "camera/59545772/3248406963",
            "category": "VIDEO",
            "jpg_url": "https://iowadotsnapshot.us-east-1.skyvdn.com/thumbs/crtv04lb.flv.jpg",
            "m3u8_url": "https://iowadotsfs1.us-east-1.skyvdn.com:443/rtplive/crtv04lb/playlist.m3u8"
          }
        ]
      }
    },
    {
      "type": "Feature",
      "geometry": {
        "type": "Point",
        "coordinates": [
          -91.67087,
          41.95603
        ]
      },
      "properties": {
        "camera_uri": "camera/59545786",
        "title": "I-380: CR - I-380 @ Wilson Ave SW (07)",
        "jpg_urls": [
          "https://iowadotsnapshot.us-east-1.skyvdn.com/thumbs/crtv07lb.flv.jpg"
        ],
        "m3u8_urls": [
          "https://iowadotsfs1.us-east-1.skyvdn.com:443/rtplive/crtv07lb/playlist.m3u8"
        ],
        "views": [
          {
            "uri": "camera/59545786/1682642678",
            "category": "VIDEO",
            "jpg_url": "https://iowadotsnapshot.us-east-1.skyvdn.com/thumbs/crtv07lb.flv.jpg",
            "m3u8_url": "https://iowadotsfs1.us-east-1.skyvdn.com:443/rtplive/crtv07lb/playlist.m3u8"
          }
        ]
      }
    },
    {
      "type": "Feature",
      "geometry": {
        "type": "Point",
        "coordinates": [
          -91.67111,
          41.95572
        ]
      },
      "properties": {
        "camera_uri": "camera/59546419",
        "title": "I-380: CR - I-380 @ Wilson Ave SW (07Q)",
        "jpg_urls": [
          "https://iowadotsnapshot.us-east-1.skyvdn.com/thumbs/crtv07qlb.flv.jpg"
        ],
        "m3u8_urls": [
          "https://iowadotsfs1.us-east-1.skyvdn.com:443/rtplive/crtv07qlb/playlist.m3u8"
        ],
        "views": [
          {
            "uri": "camera/59546419/2872930215",
            "category": "VIDEO",
            "jpg_url": "https://iowadotsnapshot.us-east-1.skyvdn.com/thumbs/crtv07qlb.flv.jpg",
            "m3u8_url": "https://iowadotsfs1.us-east-1.skyvdn.com:443/rtplive/crtv07qlb/playlist.m3u8"
          }
        ]
      }
    },
    {
      "type": "Feature",
      "geometry": {
        "type": "Point",
        "coordinates": [
          -91.70204,
          42.09226
        ]
      },
      "properties": {
        "camera_uri": "camera/59545769",
        "title": "I-380: CR - I-380 SB @ MM 28.8 (21)",
        "jpg_urls": [
          "https://iowadotsnapshot.us-east-1.skyvdn.com/thumbs/crtv21lb.flv.jpg"
        ],
        "m3u8_urls": [
          "https://iowadotsfs1.us-east-1.skyvdn.com:443/rtplive/crtv21lb/playlist.m3u8"
        ],
        "views": [
          {
            "uri": "camera/59545769/963846281",
            "category": "VIDEO",
            "jpg_url": "https://iowadotsnapshot.us-east-1.skyvdn.com/thumbs/crtv21lb.flv.jpg",
            "m3u8_url": "https://iowadotsfs1.us-east-1.skyvdn.com:443/rtplive/crtv21lb/playlist.m3u8"
          }
        ]
      }
    },
    {
      "type": "Feature",
      "geometry": {
        "type": "Point",
        "coordinates": [
          -91.6422,
          41.72301
        ]
      },
      "properties": {
        "camera_uri": "camera/59545749",
        "title": "I-380: IC - I-380 @ Forevergreen Rd (13)",
        "jpg_urls": [
          "https://iowadotsnapshot.us-east-1.skyvdn.com/thumbs/ictv13lb.flv.jpg"
        ],
        "m3u8_urls": [
          "https://iowadotsfs1.us-east-1.skyvdn.com:443/rtplive/ictv13lb/playlist.m3u8"
        ],
        "views": [
          {
            "uri": "camera/59545749/3858155724",
            "category": "VIDEO",
            "jpg_url": "https://iowadotsnapshot.us-east-1.skyvdn.com/thumbs/ictv13lb.flv.jpg",
            "m3u8_url": "https://iowadotsfs1.us-east-1.skyvdn.com:443/rtplive/ictv13lb/playlist.m3u8"
          }
        ]
      }
    },
    {
      "type": "Feature",
      "geometry": {
        "type": "Point",
        "coordinates": [
          -91.64628,
          41.80055
        ]
      },
      "properties": {
        "camera_uri": "camera/59545754",
        "title": "I-380: IC - I-380 @ Hwy 965 NE (16)",
        "jpg_urls": [
          "https://iowadotsnapshot.us-east-1.skyvdn.com/thumbs/ictv16lb.flv.jpg"
        ],
        "m3u8_urls": [
          "https://iowadotsfs1.us-east-1.skyvdn.com:443/rtplive/ictv16lb/playlist.m3u8"
        ],
        "views": [
          {
            "uri": "camera/59545754/4125355660",
            "category": "VIDEO",
            "jpg_url": "https://iowadotsnapshot.us-east-1.skyvdn.com/thumbs/ictv16lb.flv.jpg",
            "m3u8_url": "https://iowadotsfs1.us-east-1.skyvdn.com:443/rtplive/ictv16lb/playlist.m3u8"
          }
        ]
      }
    },
    {
      "type": "Feature",
      "geometry": {
        "type": "Point",
        "coordinates": [
          -91.65441,
          41.81884
        ]
      },
      "properties": {
        "camera_uri": "camera/59546061",
        "title": "I-380: IC - I-380 @ Iowa River (17)",
        "jpg_urls": [
          "https://iowadotsnapshot.us-east-1.skyvdn.com/thumbs/ictv17lb.flv.jpg"
        ],
        "m3u8_urls": [
          "https://iowadotsfs1.us-east-1.skyvdn.com:443/rtplive/ictv17lb/playlist.m3u8"
        ],
        "views": [
          {
            "uri": "camera/59546061/2683593424",
            "category": "VIDEO",
            "jpg_url": "https://iowadotsnapshot.us-east-1.skyvdn.com/thumbs/ictv17lb.flv.jpg",
            "m3u8_url": "https://iowadotsfs1.us-east-1.skyvdn.com:443/rtplive/ictv17lb/playlist.m3u8"
          }
        ]
      }
    },
    {
      "type": "Feature",
      "geometry": {
        "type": "Point",
        "coordinates": [
          -91.6383,
          41.6938
        ]
      },
      "properties": {
        "camera_uri": "camera/59546074",
        "title": "I-380: IC - I-380 @ MM 0.2 (03)",
        "jpg_urls": [
          "https://iowadotsnapshot.us-east-1.skyvdn.com/thumbs/ictv03lb.flv.jpg"
        ],
        "m3u8_urls": [
          "https://iowadotsfs1.us-east-1.skyvdn.com:443/rtplive/ictv03lb/playlist.m3u8"
        ],
        "views": [
          {
            "uri": "camera/59546074/29214419",
            "category": "VIDEO",
            "jpg_url": "https://iowadotsnapshot.us-east-1.skyvdn.com/thumbs/ictv03lb.flv.jpg",
            "m3u8_url": "https://iowadotsfs1.us-east-1.skyvdn.com:443/rtplive/ictv03lb/playlist.m3u8"
          }
        ]
      }
    },
    {
      "type": "Feature",
      "geometry": {
        "type": "Point",
        "coordinates": [
          -91.64276,
          41.73838
        ]
      },
      "properties": {
        "camera_uri": "camera/59545885",
        "title": "I-380: IC - I-380 @ MM 3.15 (37)",
        "jpg_urls": [
          "https://iowadotsnapshot.us-east-1.skyvdn.com/thumbs/ictv37lb.flv.jpg"
        ],
        "m3u8_urls": [
          "https://iowadotsfs1.us-east-1.skyvdn.com:443/rtplive/ictv37lb/playlist.m3u8"
        ],
        "views": [
          {
            "uri": "camera/59545885/2426830497",
            "category": "VIDEO",
            "jpg_url": "https://iowadotsnapshot.us-east-1.skyvdn.com/thumbs/ictv37lb.flv.jpg",
            "m3u8_url": "https://iowadotsfs1.us-east-1.skyvdn.com:443/rtplive/ictv37lb/playlist.m3u8"
          }
        ]
      }
    },
    {
      "type": "Feature",
      "geometry": {
        "type": "Point",
        "coordinates": [
          -91.64309,
          41.70849
        ]
      },
      "properties": {
        "camera_uri": "camera/59546073",
        "title": "I-380: IC - I-380 @ Oak Hill School (36)",
        "jpg_urls": [
          "https://iowadotsnapshot.us-east-1.skyvdn.com/thumbs/ictv36lb.flv.jpg"
        ],
        "m3u8_urls": [
          "https://iowadotsfs1.us-east-1.skyvdn.com:443/rtplive/ictv36lb/playlist.m3u8"
        ],
        "views": [
          {
            "uri": "camera/59546073/2038219305",
            "category": "VIDEO",
            "jpg_url": "https://iowadotsnapshot.us-east-1.skyvdn.com/thumbs/ictv36lb.flv.jpg",
            "m3u8_url": "https://iowadotsfs1.us-east-1.skyvdn.com:443/rtplive/ictv36lb/playlist.m3u8"
          }
        ]
      }
    },
    {
      "type": "Feature",
      "geometry": {
        "type": "Point",
        "coordinates": [
          -91.64653,
          41.77491
        ]
      },
      "properties": {
        "camera_uri": "camera/59545854",
        "title": "I-380: IC - I-380 @ Swan Lake (15)",
        "jpg_urls": [
          "https://iowadotsnapshot.us-east-1.skyvdn.com/thumbs/ictv15lb.flv.jpg"
        ],
        "m3u8_urls": [
          "https://iowadotsfs1.us-east-1.skyvdn.com:443/rtplive/ictv15lb/playlist.m3u8"
        ],
        "views": [
          {
            "uri": "camera/59545854/706097136",
            "category": "VIDEO",
            "jpg_url": "https://iowadotsnapshot.us-east-1.skyvdn.com/thumbs/ictv15lb.flv.jpg",
            "m3u8_url": "https://iowadotsfs1.us-east-1.skyvdn.com:443/rtplive/ictv15lb/playlist.m3u8"
          }
        ]
      }
    },
    {
      "type": "Feature",
      "geometry": {
        "type": "Point",
        "coordinates": [
          -91.66758,
          41.84783
        ]
      },
      "properties": {
        "camera_uri": "camera/59545829",
        "title": "I-380: IC - I-380 @ Swisher (18)",
        "jpg_urls": [
          "https://iowadotsnapshot.us-east-1.skyvdn.com/thumbs/ictv18lb.flv.jpg"
        ],
        "m3u8_urls": [
          "https://iowadotsfs1.us-east-1.skyvdn.com:443/rtplive/ictv18lb/playlist.m3u8"
        ],
        "views": [
          {
            "uri": "camera/59545829/4099565812",
            "category": "VIDEO",
            "jpg_url": "https://iowadotsnapshot.us-east-1.skyvdn.com/thumbs/ictv18lb.flv.jpg",
            "m3u8_url": "https://iowadotsfs1.us-east-1.skyvdn.com:443/rtplive/ictv18lb/playlist.m3u8"
          }
        ]
      }
    },
    {
      "type": "Feature",
      "geometry": {
        "type": "Point",
        "coordinates": [
          -91.64151,
          41.69622
        ]
      },
      "properties": {
        "camera_uri": "camera/59546170",
        "title": "I-380: IC - I-380 SB @ I-80 EB Ramp (41)",
        "jpg_urls": [
          "https://iowadotsnapshot.us-east-1.skyvdn.com/thumbs/ictv41lb.flv.jpg"
        ],
        "m3u8_urls": [
          "https://iowadotsfs1.us-east-1.skyvdn.com:443/rtplive/ictv41lb/playlist.m3u8"
        ],
        "views": [
          {
            "uri": "camera/59546170/3756735981",
            "category": "VIDEO",
            "jpg_url": "https://iowadotsnapshot.us-east-1.skyvdn.com/thumbs/ictv41lb.flv.jpg",
            "m3u8_url": "https://iowadotsfs1.us-east-1.skyvdn.com:443/rtplive/ictv41lb/playlist.m3u8"
          }
        ]
      }
    },
    {
      "type": "Feature",
      "geometry": {
        "type": "Point",
        "coordinates": [
          -91.6745,
          41.978
        ]
      },
      "properties": {
        "camera_uri": "camera/59546369",
        "title": "I-380: RWIS - I-380 MM 20 @ Cedar Rapids I-380",
        "jpg_urls": [
          "https://atmsqf.iowadot.gov/snapshots/public/RWIS/RWIS_9-02.JPG?1774927320000",
          "https://atmsqf.iowadot.gov/snapshots/public/RWIS/RWIS_9-03.JPG?1774927320000",
          "https://atmsqf.iowadot.gov/snapshots/public/RWIS/RWIS_9-04.JPG?1774927320000",
          "https://atmsqf.iowadot.gov/snapshots/public/RWIS/RWIS_9-01.JPG?1774927320000",
          "https://atmsqf.iowadot.gov/snapshots/public/RWIS/RWIS_9-00.JPG?1774927320000"
        ],
        "m3u8_urls": [],
        "views": [
          {
            "uri": "camera/59546369/3154546093",
            "category": "IMAGE",
            "jpg_url": "https://atmsqf.iowadot.gov/snapshots/public/RWIS/RWIS_9-02.JPG?1774927320000"
          },
          {
            "uri": "camera/59546369/4135200852",
            "category": "IMAGE",
            "jpg_url": "https://atmsqf.iowadot.gov/snapshots/public/RWIS/RWIS_9-03.JPG?1774927320000"
          },
          {
            "uri": "camera/59546369/3681526648",
            "category": "IMAGE",
            "jpg_url": "https://atmsqf.iowadot.gov/snapshots/public/RWIS/RWIS_9-04.JPG?1774927320000"
          },
          {
            "uri": "camera/59546369/3871123432",
            "category": "IMAGE",
            "jpg_url": "https://atmsqf.iowadot.gov/snapshots/public/RWIS/RWIS_9-01.JPG?1774927320000"
          },
          {
            "uri": "camera/59546369/1965247929",
            "category": "IMAGE",
            "jpg_url": "https://atmsqf.iowadot.gov/snapshots/public/RWIS/RWIS_9-00.JPG?1774927320000"
          }
        ]
      }
    },
    {
      "type": "Feature",
      "geometry": {
        "type": "Point",
        "coordinates": [
          -92.309,
          42.45567
        ]
      },
      "properties": {
        "camera_uri": "camera/59546420",
        "title": "I-380: RWIS - I-380 MM 71 @ Waterloo",
        "jpg_urls": [
          "https://atmsqf.iowadot.gov/snapshots/public/RWIS/RWIS_46-00.JPG?1774927320000",
          "https://atmsqf.iowadot.gov/snapshots/public/RWIS/RWIS_46-02.JPG?1774927320000",
          "https://atmsqf.iowadot.gov/snapshots/public/RWIS/RWIS_46-03.JPG?1774927320000",
          "https://atmsqf.iowadot.gov/snapshots/public/RWIS/RWIS_46-04.JPG?1774927320000",
          "https://atmsqf.iowadot.gov/snapshots/public/RWIS/RWIS_46-01.JPG?1774927320000"
        ],
        "m3u8_urls": [],
        "views": [
          {
            "uri": "camera/59546420/3053177540",
            "category": "IMAGE",
            "jpg_url": "https://atmsqf.iowadot.gov/snapshots/public/RWIS/RWIS_46-00.JPG?1774927320000"
          },
          {
            "uri": "camera/59546420/3884570549",
            "category": "IMAGE",
            "jpg_url": "https://atmsqf.iowadot.gov/snapshots/public/RWIS/RWIS_46-02.JPG?1774927320000"
          },
          {
            "uri": "camera/59546420/2745586805",
            "category": "IMAGE",
            "jpg_url": "https://atmsqf.iowadot.gov/snapshots/public/RWIS/RWIS_46-03.JPG?1774927320000"
          },
          {
            "uri": "camera/59546420/77985891",
            "category": "IMAGE",
            "jpg_url": "https://atmsqf.iowadot.gov/snapshots/public/RWIS/RWIS_46-04.JPG?1774927320000"
          },
          {
            "uri": "camera/59546420/1881886990",
            "category": "IMAGE",
            "jpg_url": "https://atmsqf.iowadot.gov/snapshots/public/RWIS/RWIS_46-01.JPG?1774927320000"
          }
        ]
      }
    },
    {
      "type": "Feature",
      "geometry": {
        "type": "Point",
        "coordinates": [
          -91.66783,
          41.86796
        ]
      },
      "properties": {
        "camera_uri": "camera/59546057",
        "title": "I-380: Rest Area: I-380 NB MM 11 near Cedar Rapids",
        "jpg_urls": [
          "https://atmsqf.iowadot.gov/snapshots/Public/RestAreas/RA380NB11-01-CENTER.jpg?1774927320000",
          "https://atmsqf.iowadot.gov/snapshots/Public/RestAreas/RA380NB11-01-ENTRY.jpg?1774927320000",
          "https://atmsqf.iowadot.gov/snapshots/Public/RestAreas/RA380NB11-01-EXIT.jpg?1774927320000"
        ],
        "m3u8_urls": [],
        "views": [
          {
            "uri": "camera/59546057/1345555719",
            "category": "IMAGE",
            "jpg_url": "https://atmsqf.iowadot.gov/snapshots/Public/RestAreas/RA380NB11-01-CENTER.jpg?1774927320000"
          },
          {
            "uri": "camera/59546057/3339673976",
            "category": "IMAGE",
            "jpg_url": "https://atmsqf.iowadot.gov/snapshots/Public/RestAreas/RA380NB11-01-ENTRY.jpg?1774927320000"
          },
          {
            "uri": "camera/59546057/633132716",
            "category": "IMAGE",
            "jpg_url": "https://atmsqf.iowadot.gov/snapshots/Public/RestAreas/RA380NB11-01-EXIT.jpg?1774927320000"
          }
        ]
      }
    },
    {
      "type": "Feature",
      "geometry": {
        "type": "Point",
        "coordinates": [
          -91.66783,
          41.86796
        ]
      },
      "properties": {
        "camera_uri": "camera/59546132",
        "title": "I-380: Rest Area: I-380 SB MM 11 near Cedar Rapids",
        "jpg_urls": [
          "https://atmsqf.iowadot.gov/snapshots/Public/RestAreas/RA380SB11-01-CENTER.jpg?1774927320000",
          "https://atmsqf.iowadot.gov/snapshots/Public/RestAreas/RA380SB11-01-ENTRY.jpg?1774927320000",
          "https://atmsqf.iowadot.gov/snapshots/Public/RestAreas/RA380SB11-01-EXIT.jpg?1774927320000"
        ],
        "m3u8_urls": [],
        "views": [
          {
            "uri": "camera/59546132/1350740282",
            "category": "IMAGE",
            "jpg_url": "https://atmsqf.iowadot.gov/snapshots/Public/RestAreas/RA380SB11-01-CENTER.jpg?1774927320000"
          },
          {
            "uri": "camera/59546132/3334489413",
            "category": "IMAGE",
            "jpg_url": "https://atmsqf.iowadot.gov/snapshots/Public/RestAreas/RA380SB11-01-ENTRY.jpg?1774927320000"
          },
          {
            "uri": "camera/59546132/1493537425",
            "category": "IMAGE",
            "jpg_url": "https://atmsqf.iowadot.gov/snapshots/Public/RestAreas/RA380SB11-01-EXIT.jpg?1774927320000"
          }
        ]
      }
    },
    {
      "type": "Feature",
      "geometry": {
        "type": "Point",
        "coordinates": [
          -92.25876,
          42.46083
        ]
      },
      "properties": {
        "camera_uri": "camera/59546195",
        "title": "I-380: WL - Evansdale water Tower - East (17)",
        "jpg_urls": [
          "https://iowadotsnapshot.us-east-1.skyvdn.com/thumbs/wltv17lb.flv.jpg"
        ],
        "m3u8_urls": [
          "https://iowadotsfs2.us-east-1.skyvdn.com:443/rtplive/wltv17lb/playlist.m3u8"
        ],
        "views": [
          {
            "uri": "camera/59546195/3426315159",
            "category": "VIDEO",
            "jpg_url": "https://iowadotsnapshot.us-east-1.skyvdn.com/thumbs/wltv17lb.flv.jpg",
            "m3u8_url": "https://iowadotsfs2.us-east-1.skyvdn.com:443/rtplive/wltv17lb/playlist.m3u8"
          }
        ]
      }
    },
    {
      "type": "Feature",
      "geometry": {
        "type": "Point",
        "coordinates": [
          -92.26097,
          42.46128
        ]
      },
      "properties": {
        "camera_uri": "camera/59546258",
        "title": "I-380: WL - Evansdale water Tower - West (16)",
        "jpg_urls": [
          "https://iowadotsnapshot.us-east-1.skyvdn.com/thumbs/wltv16lb.flv.jpg"
        ],
        "m3u8_urls": [
          "https://iowadotsfs2.us-east-1.skyvdn.com:443/rtplive/wltv16lb/playlist.m3u8"
        ],
        "views": [
          {
            "uri": "camera/59546258/2881647424",
            "category": "VIDEO",
            "jpg_url": "https://iowadotsnapshot.us-east-1.skyvdn.com/thumbs/wltv16lb.flv.jpg",
            "m3u8_url": "https://iowadotsfs2.us-east-1.skyvdn.com:443/rtplive/wltv16lb/playlist.m3u8"
          }
        ]
      }
    },
    {
      "type": "Feature",
      "geometry": {
        "type": "Point",
        "coordinates": [
          -92.30919,
          42.45542
        ]
      },
      "properties": {
        "camera_uri": "camera/59545943",
        "title": "I-380: WL - I-380 @ Cedar River (06)",
        "jpg_urls": [
          "https://iowadotsnapshot.us-east-1.skyvdn.com/thumbs/wltv06lb.flv.jpg"
        ],
        "m3u8_urls": [
          "https://iowadotsfs2.us-east-1.skyvdn.com:443/rtplive/wltv06lb/playlist.m3u8"
        ],
        "views": [
          {
            "uri": "camera/59545943/240433984",
            "category": "VIDEO",
            "jpg_url": "https://iowadotsnapshot.us-east-1.skyvdn.com/thumbs/wltv06lb.flv.jpg",
            "m3u8_url": "https://iowadotsfs2.us-east-1.skyvdn.com:443/rtplive/wltv06lb/playlist.m3u8"
          }
        ]
      }
    },
    {
      "type": "Feature",
      "geometry": {
        "type": "Point",
        "coordinates": [
          -92.25336,
          42.45797
        ]
      },
      "properties": {
        "camera_uri": "camera/59546291",
        "title": "I-380: WL - I-380 @ Evansdale Drive (09)",
        "jpg_urls": [
          "https://iowadotsnapshot.us-east-1.skyvdn.com/thumbs/wltv09lb.flv.jpg"
        ],
        "m3u8_urls": [
          "https://iowadotsfs2.us-east-1.skyvdn.com:443/rtplive/wltv09lb/playlist.m3u8"
        ],
        "views": [
          {
            "uri": "camera/59546291/1167846187",
            "category": "VIDEO",
            "jpg_url": "https://iowadotsnapshot.us-east-1.skyvdn.com/thumbs/wltv09lb.flv.jpg",
            "m3u8_url": "https://iowadotsfs2.us-east-1.skyvdn.com:443/rtplive/wltv09lb/playlist.m3u8"
          }
        ]
      }
    },
    {
      "type": "Feature",
      "geometry": {
        "type": "Point",
        "coordinates": [
          -92.23643,
          42.45055
        ]
      },
      "properties": {
        "camera_uri": "camera/59546397",
        "title": "I-380: WL - I-380 @ Gilbertville Road (10)",
        "jpg_urls": [
          "https://iowadotsnapshot.us-east-1.skyvdn.com/thumbs/wltv10lb.flv.jpg"
        ],
        "m3u8_urls": [
          "https://iowadotsfs2.us-east-1.skyvdn.com:443/rtplive/wltv10lb/playlist.m3u8"
        ],
        "views": [
          {
            "uri": "camera/59546397/3911209645",
            "category": "VIDEO",
            "jpg_url": "https://iowadotsnapshot.us-east-1.skyvdn.com/thumbs/wltv10lb.flv.jpg",
            "m3u8_url": "https://iowadotsfs2.us-east-1.skyvdn.com:443/rtplive/wltv10lb/playlist.m3u8"
          }
        ]
      }
    },
    {
      "type": "Feature",
      "geometry": {
        "type": "Point",
        "coordinates": [
          -92.18591,
          42.42791
        ]
      },
      "properties": {
        "camera_uri": "camera/59546113",
        "title": "I-380: WL - I-380 @ MM 64 (14)",
        "jpg_urls": [
          "https://iowadotsnapshot.us-east-1.skyvdn.com/thumbs/wltv14lb.flv.jpg"
        ],
        "m3u8_urls": [
          "https://iowadotsfs2.us-east-1.skyvdn.com:443/rtplive/wltv14lb/playlist.m3u8"
        ],
        "views": [
          {
            "uri": "camera/59546113/1860316618",
            "category": "VIDEO",
            "jpg_url": "https://iowadotsnapshot.us-east-1.skyvdn.com/thumbs/wltv14lb.flv.jpg",
            "m3u8_url": "https://iowadotsfs2.us-east-1.skyvdn.com:443/rtplive/wltv14lb/playlist.m3u8"
          }
        ]
      }
    },
    {
      "type": "Feature",
      "geometry": {
        "type": "Point",
        "coordinates": [
          -92.31386,
          42.46089
        ]
      },
      "properties": {
        "camera_uri": "camera/59546389",
        "title": "I-380: WL - I-380 @ N of US 20 (19)",
        "jpg_urls": [
          "https://iowadotsnapshot.us-east-1.skyvdn.com/thumbs/wltv19lb.flv.jpg"
        ],
        "m3u8_urls": [
          "https://iowadotsfs2.us-east-1.skyvdn.com:443/rtplive/wltv19lb/playlist.m3u8"
        ],
        "views": [
          {
            "uri": "camera/59546389/1546602054",
            "category": "VIDEO",
            "jpg_url": "https://iowadotsnapshot.us-east-1.skyvdn.com/thumbs/wltv19lb.flv.jpg",
            "m3u8_url": "https://iowadotsfs2.us-east-1.skyvdn.com:443/rtplive/wltv19lb/playlist.m3u8"
          }
        ]
      }
    },
    {
      "type": "Feature",
      "geometry": {
        "type": "Point",
        "coordinates": [
          -92.17255,
          42.41326
        ]
      },
      "properties": {
        "camera_uri": "camera/59545894",
        "title": "I-380: WL - I-380 @ Poyner Road (15)",
        "jpg_urls": [
          "https://iowadotsnapshot.us-east-1.skyvdn.com/thumbs/wltv15lb.flv.jpg"
        ],
        "m3u8_urls": [
          "https://iowadotsfs2.us-east-1.skyvdn.com:443/rtplive/wltv15lb/playlist.m3u8"
        ],
        "views": [
          {
            "uri": "camera/59545894/1885141358",
            "category": "VIDEO",
            "jpg_url": "https://iowadotsnapshot.us-east-1.skyvdn.com/thumbs/wltv15lb.flv.jpg",
            "m3u8_url": "https://iowadotsfs2.us-east-1.skyvdn.com:443/rtplive/wltv15lb/playlist.m3u8"
          }
        ]
      }
    },
    {
      "type": "Feature",
      "geometry": {
        "type": "Point",
        "coordinates": [
          -92.29765,
          42.45939
        ]
      },
      "properties": {
        "camera_uri": "camera/59546218",
        "title": "I-380: WL - I-380 @ River Forest Road (07)",
        "jpg_urls": [
          "https://iowadotsnapshot.us-east-1.skyvdn.com/thumbs/wltv07lb.flv.jpg"
        ],
        "m3u8_urls": [
          "https://iowadotsfs2.us-east-1.skyvdn.com:443/rtplive/wltv07lb/playlist.m3u8"
        ],
        "views": [
          {
            "uri": "camera/59546218/580536753",
            "category": "VIDEO",
            "jpg_url": "https://iowadotsnapshot.us-east-1.skyvdn.com/thumbs/wltv07lb.flv.jpg",
            "m3u8_url": "https://iowadotsfs2.us-east-1.skyvdn.com:443/rtplive/wltv07lb/playlist.m3u8"
          }
        ]
      }
    },
    {
      "type": "Feature",
      "geometry": {
        "type": "Point",
        "coordinates": [
          -92.2791,
          42.46051
        ]
      },
      "properties": {
        "camera_uri": "camera/59546408",
        "title": "I-380: WL - I-380 @ River Road (08)",
        "jpg_urls": [
          "https://iowadotsnapshot.us-east-1.skyvdn.com/thumbs/wltv08lb.flv.jpg"
        ],
        "m3u8_urls": [
          "https://iowadotsfs2.us-east-1.skyvdn.com:443/rtplive/wltv08lb/playlist.m3u8"
        ],
        "views": [
          {
            "uri": "camera/59546408/3613452967",
            "category": "VIDEO",
            "jpg_url": "https://iowadotsnapshot.us-east-1.skyvdn.com/thumbs/wltv08lb.flv.jpg",
            "m3u8_url": "https://iowadotsfs2.us-east-1.skyvdn.com:443/rtplive/wltv08lb/playlist.m3u8"
          }
        ]
      }
    },
    {
      "type": "Feature",
      "geometry": {
        "type": "Point",
        "coordinates": [
          -92.21943,
          42.4489
        ]
      },
      "properties": {
        "camera_uri": "camera/59545914",
        "title": "I-380: WL - I-380 @ S. Raymond Road (11)",
        "jpg_urls": [
          "https://iowadotsnapshot.us-east-1.skyvdn.com/thumbs/wltv11lb.flv.jpg"
        ],
        "m3u8_urls": [
          "https://iowadotsfs2.us-east-1.skyvdn.com:443/rtplive/wltv11lb/playlist.m3u8"
        ],
        "views": [
          {
            "uri": "camera/59545914/3646890346",
            "category": "VIDEO",
            "jpg_url": "https://iowadotsnapshot.us-east-1.skyvdn.com/thumbs/wltv11lb.flv.jpg",
            "m3u8_url": "https://iowadotsfs2.us-east-1.skyvdn.com:443/rtplive/wltv11lb/playlist.m3u8"
          }
        ]
      }
    },
    {
      "type": "Feature",
      "geometry": {
        "type": "Point",
        "coordinates": [
          -92.19557,
          42.44926
        ]
      },
      "properties": {
        "camera_uri": "camera/59546110",
        "title": "I-380: WL - I-380 @ US 20 East 1 (12)",
        "jpg_urls": [
          "https://iowadotsnapshot.us-east-1.skyvdn.com/thumbs/wltv12lb.flv.jpg"
        ],
        "m3u8_urls": [
          "https://iowadotsfs2.us-east-1.skyvdn.com:443/rtplive/wltv12lb/playlist.m3u8"
        ],
        "views": [
          {
            "uri": "camera/59546110/3194221880",
            "category": "VIDEO",
            "jpg_url": "https://iowadotsnapshot.us-east-1.skyvdn.com/thumbs/wltv12lb.flv.jpg",
            "m3u8_url": "https://iowadotsfs2.us-east-1.skyvdn.com:443/rtplive/wltv12lb/playlist.m3u8"
          }
        ]
      }
    },
    {
      "type": "Feature",
      "geometry": {
        "type": "Point",
        "coordinates": [
          -92.18707,
          42.44952
        ]
      },
      "properties": {
        "camera_uri": "camera/59545949",
        "title": "I-380: WL - I-380 @ US 20 East 2 (13)",
        "jpg_urls": [
          "https://iowadotsnapshot.us-east-1.skyvdn.com/thumbs/wltv13lb.flv.jpg"
        ],
        "m3u8_urls": [
          "https://iowadotsfs2.us-east-1.skyvdn.com:443/rtplive/wltv13lb/playlist.m3u8"
        ],
        "views": [
          {
            "uri": "camera/59545949/2963699066",
            "category": "VIDEO",
            "jpg_url": "https://iowadotsnapshot.us-east-1.skyvdn.com/thumbs/wltv13lb.flv.jpg",
            "m3u8_url": "https://iowadotsfs2.us-east-1.skyvdn.com:443/rtplive/wltv13lb/playlist.m3u8"
          }
        ]
      }
    },
    {
      "type": "Feature",
      "geometry": {
        "type": "Point",
        "coordinates": [
          -92.31436,
          42.45564
        ]
      },
      "properties": {
        "camera_uri": "camera/59546223",
        "title": "I-380: WL - I-380 @ US 20 West (05)",
        "jpg_urls": [
          "https://iowadotsnapshot.us-east-1.skyvdn.com/thumbs/wltv05lb.flv.jpg"
        ],
        "m3u8_urls": [
          "https://iowadotsfs2.us-east-1.skyvdn.com:443/rtplive/wltv05lb/playlist.m3u8"
        ],
        "views": [
          {
            "uri": "camera/59546223/2716333977",
            "category": "VIDEO",
            "jpg_url": "https://iowadotsnapshot.us-east-1.skyvdn.com/thumbs/wltv05lb.flv.jpg",
            "m3u8_url": "https://iowadotsfs2.us-east-1.skyvdn.com:443/rtplive/wltv05lb/playlist.m3u8"
          }
        ]
      }
    },
    {
      "type": "Feature",
      "geometry": {
        "type": "Point",
        "coordinates": [
          -92.32226,
          42.4738
        ]
      },
      "properties": {
        "camera_uri": "camera/59545673",
        "title": "I-380: WL - US 218 @ N of San Marnan Dr (21)",
        "jpg_urls": [
          "https://iowadotsnapshot.us-east-1.skyvdn.com/thumbs/wltv21lb.flv.jpg"
        ],
        "m3u8_urls": [
          "https://iowadotsfs2.us-east-1.skyvdn.com:443/rtplive/wltv21lb/playlist.m3u8"
        ],
        "views": [
          {
            "uri": "camera/59545673/83322142",
            "category": "VIDEO",
            "jpg_url": "https://iowadotsnapshot.us-east-1.skyvdn.com/thumbs/wltv21lb.flv.jpg",
            "m3u8_url": "https://iowadotsfs2.us-east-1.skyvdn.com:443/rtplive/wltv21lb/playlist.m3u8"
          }
        ]
      }
    },
    {
      "type": "Feature",
      "geometry": {
        "type": "Point",
        "coordinates": [
          -92.31846,
          42.46904
        ]
      },
      "properties": {
        "camera_uri": "camera/59546457",
        "title": "I-380: WL - US 218 @ San Marnan Dr (20)",
        "jpg_urls": [
          "https://iowadotsnapshot.us-east-1.skyvdn.com/thumbs/wltv20lb.flv.jpg"
        ],
        "m3u8_urls": [
          "https://iowadotsfs2.us-east-1.skyvdn.com:443/rtplive/wltv20lb/playlist.m3u8"
        ],
        "views": [
          {
            "uri": "camera/59546457/4191621016",
            "category": "VIDEO",
            "jpg_url": "https://iowadotsnapshot.us-east-1.skyvdn.com/thumbs/wltv20lb.flv.jpg",
            "m3u8_url": "https://iowadotsfs2.us-east-1.skyvdn.com:443/rtplive/wltv20lb/playlist.m3u8"
          }
        ]
      }
    },
    {
      "type": "Feature",
      "geometry": {
        "type": "Point",
        "coordinates": [
          -91.67604,
          41.97558
        ]
      },
      "properties": {
        "camera_uri": "camera/59545981",
        "title": "I-380: WWD - I-380 @ 1st Ave (13)",
        "jpg_urls": [
          "https://iowadotsnapshot.us-east-1.skyvdn.com/thumbs/wwdtv013lb.flv.jpg"
        ],
        "m3u8_urls": [
          "https://iowadotsfs1.us-east-1.skyvdn.com:443/rtplive/wwdtv013lb/playlist.m3u8"
        ],
        "views": [
          {
            "uri": "camera/59545981/3395876212",
            "category": "VIDEO",
            "jpg_url": "https://iowadotsnapshot.us-east-1.skyvdn.com/thumbs/wwdtv013lb.flv.jpg",
            "m3u8_url": "https://iowadotsfs1.us-east-1.skyvdn.com:443/rtplive/wwdtv013lb/playlist.m3u8"
          }
        ]
      }
    },
    {
      "type": "Feature",
      "geometry": {
        "type": "Point",
        "coordinates": [
          -91.66916,
          41.98024
        ]
      },
      "properties": {
        "camera_uri": "camera/59546282",
        "title": "I-380: WWD - I-380 @ 2nd St NE (08)",
        "jpg_urls": [
          "https://iowadotsnapshot.us-east-1.skyvdn.com/thumbs/wwdtv08lb.flv.jpg"
        ],
        "m3u8_urls": [
          "https://iowadotsfs1.us-east-1.skyvdn.com:443/rtplive/wwdtv08lb/playlist.m3u8"
        ],
        "views": [
          {
            "uri": "camera/59546282/1643276974",
            "category": "VIDEO",
            "jpg_url": "https://iowadotsnapshot.us-east-1.skyvdn.com/thumbs/wwdtv08lb.flv.jpg",
            "m3u8_url": "https://iowadotsfs1.us-east-1.skyvdn.com:443/rtplive/wwdtv08lb/playlist.m3u8"
          }
        ]
      }
    },
    {
      "type": "Feature",
      "geometry": {
        "type": "Point",
        "coordinates": [
          -91.67071,
          41.9443
        ]
      },
      "properties": {
        "camera_uri": "camera/59546367",
        "title": "I-380: WWD - I-380 @ 33rd Ave (12)",
        "jpg_urls": [
          "https://iowadotsnapshot.us-east-1.skyvdn.com/thumbs/wwdtv012lb.flv.jpg"
        ],
        "m3u8_urls": [
          "https://iowadotsfs1.us-east-1.skyvdn.com:443/rtplive/wwdtv012lb/playlist.m3u8"
        ],
        "views": [
          {
            "uri": "camera/59546367/1252040053",
            "category": "VIDEO",
            "jpg_url": "https://iowadotsnapshot.us-east-1.skyvdn.com/thumbs/wwdtv012lb.flv.jpg",
            "m3u8_url": "https://iowadotsfs1.us-east-1.skyvdn.com:443/rtplive/wwdtv012lb/playlist.m3u8"
          }
        ]
      }
    },
    {
      "type": "Feature",
      "geometry": {
        "type": "Point",
        "coordinates": [
          -91.67034,
          41.95487
        ]
      },
      "properties": {
        "camera_uri": "camera/59546339",
        "title": "I-380: WWD - I-380 @ Wilson Ave (11)",
        "jpg_urls": [
          "https://iowadotsnapshot.us-east-1.skyvdn.com/thumbs/wwdtv011lb.flv.jpg"
        ],
        "m3u8_urls": [
          "https://iowadotsfs1.us-east-1.skyvdn.com:443/rtplive/wwdtv011lb/playlist.m3u8"
        ],
        "views": [
          {
            "uri": "camera/59546339/1363006528",
            "category": "VIDEO",
            "jpg_url": "https://iowadotsnapshot.us-east-1.skyvdn.com/thumbs/wwdtv011lb.flv.jpg",
            "m3u8_url": "https://iowadotsfs1.us-east-1.skyvdn.com:443/rtplive/wwdtv011lb/playlist.m3u8"
          }
        ]
      }
    },
    {
      "type": "Feature",
      "geometry": {
        "type": "Point",
        "coordinates": [
          -91.70054,
          42.05875
        ]
      },
      "properties": {
        "camera_uri": "camera/59546298",
        "title": "I-380: WWD - I-380 S @ Tower Terrace Rd (71)",
        "jpg_urls": [
          "https://iowadotsnapshot.us-east-1.skyvdn.com/thumbs/wwdtv071lb.flv.jpg"
        ],
        "m3u8_urls": [
          "https://iowadotsfs1.us-east-1.skyvdn.com:443/rtplive/wwdtv071lb/playlist.m3u8"
        ],
        "views": [
          {
            "uri": "camera/59546298/3183424924",
            "category": "VIDEO",
            "jpg_url": "https://iowadotsnapshot.us-east-1.skyvdn.com/thumbs/wwdtv071lb.flv.jpg",
            "m3u8_url": "https://iowadotsfs1.us-east-1.skyvdn.com:443/rtplive/wwdtv071lb/playlist.m3u8"
          }
        ]
      }
    },
    {
      "type": "Feature",
      "geometry": {
        "type": "Point",
        "coordinates": [
          -95.91985,
          41.25958
        ]
      },
      "properties": {
        "camera_uri": "camera/59545864",
        "title": "I-480: CB - I-480 @ Missouri River Bridge (20)",
        "jpg_urls": [
          "https://iowadotsnapshot.us-east-1.skyvdn.com/thumbs/cbtv20lb.flv.jpg"
        ],
        "m3u8_urls": [
          "https://iowadotsfs1.us-east-1.skyvdn.com:443/rtplive/cbtv20lb/playlist.m3u8"
        ],
        "views": [
          {
            "uri": "camera/59545864/1912148338",
            "category": "VIDEO",
            "jpg_url": "https://iowadotsnapshot.us-east-1.skyvdn.com/thumbs/cbtv20lb.flv.jpg",
            "m3u8_url": "https://iowadotsfs1.us-east-1.skyvdn.com:443/rtplive/cbtv20lb/playlist.m3u8"
          }
        ]
      }
    },
    {
      "type": "Feature",
      "geometry": {
        "type": "Point",
        "coordinates": [
          -95.91382,
          41.26147
        ]
      },
      "properties": {
        "camera_uri": "camera/59546001",
        "title": "I-480: CB - I-480 W @ MM 0.1 (72)",
        "jpg_urls": [
          "https://iowadotsnapshot.us-east-1.skyvdn.com/thumbs/cbtv72lb.flv.jpg"
        ],
        "m3u8_urls": [
          "https://iowadotsfs2.us-east-1.skyvdn.com:443/rtplive/cbtv72lb/playlist.m3u8"
        ],
        "views": [
          {
            "uri": "camera/59546001/2784437165",
            "category": "VIDEO",
            "jpg_url": "https://iowadotsnapshot.us-east-1.skyvdn.com/thumbs/cbtv72lb.flv.jpg",
            "m3u8_url": "https://iowadotsfs2.us-east-1.skyvdn.com:443/rtplive/cbtv72lb/playlist.m3u8"
          }
        ]
      }
    },
    {
      "type": "Feature",
      "geometry": {
        "type": "Point",
        "coordinates": [
          -95.93579,
          41.34607
        ]
      },
      "properties": {
        "camera_uri": "camera/59545647",
        "title": "I-680: CB - I-680 @ 130th St. (74)",
        "jpg_urls": [
          "https://iowadotsnapshot.us-east-1.skyvdn.com/thumbs/cbtv74lb.flv.jpg"
        ],
        "m3u8_urls": [
          "https://iowadotsfs1.us-east-1.skyvdn.com:443/rtplive/cbtv74lb/playlist.m3u8"
        ],
        "views": [
          {
            "uri": "camera/59545647/3068773942",
            "category": "VIDEO",
            "jpg_url": "https://iowadotsnapshot.us-east-1.skyvdn.com/thumbs/cbtv74lb.flv.jpg",
            "m3u8_url": "https://iowadotsfs1.us-east-1.skyvdn.com:443/rtplive/cbtv74lb/playlist.m3u8"
          }
        ]
      }
    },
    {
      "type": "Feature",
      "geometry": {
        "type": "Point",
        "coordinates": [
          -95.96469,
          41.34436
        ]
      },
      "properties": {
        "camera_uri": "camera/59545658",
        "title": "I-680: CB - I-680 @ 31st St (75)",
        "jpg_urls": [
          "https://iowadotsnapshot.us-east-1.skyvdn.com/thumbs/cbtv75lb.flv.jpg"
        ],
        "m3u8_urls": [
          "https://iowadotsfs1.us-east-1.skyvdn.com:443/rtplive/cbtv75lb/playlist.m3u8"
        ],
        "views": [
          {
            "uri": "camera/59545658/2836001042",
            "category": "VIDEO",
            "jpg_url": "https://iowadotsnapshot.us-east-1.skyvdn.com/thumbs/cbtv75lb.flv.jpg",
            "m3u8_url": "https://iowadotsfs1.us-east-1.skyvdn.com:443/rtplive/cbtv75lb/playlist.m3u8"
          }
        ]
      }
    },
    {
      "type": "Feature",
      "geometry": {
        "type": "Point",
        "coordinates": [
          -93.98888,
          41.54301
        ]
      },
      "properties": {
        "camera_uri": "camera/59546065",
        "title": "I-80: 4CF - I-80 @ MM 111.4 (IWZ3172)",
        "jpg_urls": [
          "https://iowadotsnapshot.us-east-1.skyvdn.com/thumbs/iwz3172lb.flv.jpg"
        ],
        "m3u8_urls": [
          "https://iowadotsfs2.us-east-1.skyvdn.com:443/rtplive/iwz3172lb/playlist.m3u8"
        ],
        "views": [
          {
            "uri": "camera/59546065/1920090812",
            "category": "VIDEO",
            "jpg_url": "https://iowadotsnapshot.us-east-1.skyvdn.com/thumbs/iwz3172lb.flv.jpg",
            "m3u8_url": "https://iowadotsfs2.us-east-1.skyvdn.com:443/rtplive/iwz3172lb/playlist.m3u8"
          }
        ]
      }
    },
    {
      "type": "Feature",
      "geometry": {
        "type": "Point",
        "coordinates": [
          -95.83674,
          41.22721
        ]
      },
      "properties": {
        "camera_uri": "camera/59545774",
        "title": "I-80: CB - I-29 NB @ I-80 EB EXIT 48A (63)",
        "jpg_urls": [
          "https://iowadotsnapshot.us-east-1.skyvdn.com/thumbs/cbtv63lb.flv.jpg"
        ],
        "m3u8_urls": [
          "https://iowadotsfs1.us-east-1.skyvdn.com:443/rtplive/cbtv63lb/playlist.m3u8"
        ],
        "views": [
          {
            "uri": "camera/59545774/3893624840",
            "category": "VIDEO",
            "jpg_url": "https://iowadotsnapshot.us-east-1.skyvdn.com/thumbs/cbtv63lb.flv.jpg",
            "m3u8_url": "https://iowadotsfs1.us-east-1.skyvdn.com:443/rtplive/cbtv63lb/playlist.m3u8"
          }
        ]
      }
    },
    {
      "type": "Feature",
      "geometry": {
        "type": "Point",
        "coordinates": [
          -95.87819,
          41.2328
        ]
      },
      "properties": {
        "camera_uri": "camera/59546297",
        "title": "I-80: CB - I-29/80 @ E of S 24th St (47)",
        "jpg_urls": [
          "https://iowadotsnapshot.us-east-1.skyvdn.com/thumbs/cbtv47lb.flv.jpg"
        ],
        "m3u8_urls": [
          "https://iowadotsfs1.us-east-1.skyvdn.com:443/rtplive/cbtv47lb/playlist.m3u8"
        ],
        "views": [
          {
            "uri": "camera/59546297/2863754241",
            "category": "VIDEO",
            "jpg_url": "https://iowadotsnapshot.us-east-1.skyvdn.com/thumbs/cbtv47lb.flv.jpg",
            "m3u8_url": "https://iowadotsfs1.us-east-1.skyvdn.com:443/rtplive/cbtv47lb/playlist.m3u8"
          }
        ]
      }
    },
    {
      "type": "Feature",
      "geometry": {
        "type": "Point",
        "coordinates": [
          -95.88712,
          41.233
        ]
      },
      "properties": {
        "camera_uri": "camera/59545758",
        "title": "I-80: CB - I-29/80 @ W of S 24th St (46)",
        "jpg_urls": [
          "https://iowadotsnapshot.us-east-1.skyvdn.com/thumbs/cbtv46lb.flv.jpg"
        ],
        "m3u8_urls": [
          "https://iowadotsfs1.us-east-1.skyvdn.com:443/rtplive/cbtv46lb/playlist.m3u8"
        ],
        "views": [
          {
            "uri": "camera/59545758/1646539922",
            "category": "VIDEO",
            "jpg_url": "https://iowadotsnapshot.us-east-1.skyvdn.com/thumbs/cbtv46lb.flv.jpg",
            "m3u8_url": "https://iowadotsfs1.us-east-1.skyvdn.com:443/rtplive/cbtv46lb/playlist.m3u8"
          }
        ]
      }
    },
    {
      "type": "Feature",
      "geometry": {
        "type": "Point",
        "coordinates": [
          -95.8848,
          41.23184
        ]
      },
      "properties": {
        "camera_uri": "camera/59545709",
        "title": "I-80: CB - I-29/80 @ W of S 24th St (51)",
        "jpg_urls": [
          "https://iowadotsnapshot.us-east-1.skyvdn.com/thumbs/cbtv51lb.flv.jpg"
        ],
        "m3u8_urls": [
          "https://iowadotsfs1.us-east-1.skyvdn.com:443/rtplive/cbtv51lb/playlist.m3u8"
        ],
        "views": [
          {
            "uri": "camera/59545709/1501452020",
            "category": "VIDEO",
            "jpg_url": "https://iowadotsnapshot.us-east-1.skyvdn.com/thumbs/cbtv51lb.flv.jpg",
            "m3u8_url": "https://iowadotsfs1.us-east-1.skyvdn.com:443/rtplive/cbtv51lb/playlist.m3u8"
          }
        ]
      }
    },
    {
      "type": "Feature",
      "geometry": {
        "type": "Point",
        "coordinates": [
          -95.86293,
          41.2326
        ]
      },
      "properties": {
        "camera_uri": "camera/59546069",
        "title": "I-80: CB - I-29/80 @ WB On Ramp S Expressway (48)",
        "jpg_urls": [
          "https://iowadotsnapshot.us-east-1.skyvdn.com/thumbs/cbtv48lb.flv.jpg"
        ],
        "m3u8_urls": [
          "https://iowadotsfs1.us-east-1.skyvdn.com:443/rtplive/cbtv48lb/playlist.m3u8"
        ],
        "views": [
          {
            "uri": "camera/59546069/2799964048",
            "category": "VIDEO",
            "jpg_url": "https://iowadotsnapshot.us-east-1.skyvdn.com/thumbs/cbtv48lb.flv.jpg",
            "m3u8_url": "https://iowadotsfs1.us-east-1.skyvdn.com:443/rtplive/cbtv48lb/playlist.m3u8"
          }
        ]
      }
    },
    {
      "type": "Feature",
      "geometry": {
        "type": "Point",
        "coordinates": [
          -95.82647,
          41.23478
        ]
      },
      "properties": {
        "camera_uri": "camera/59546451",
        "title": "I-80: CB - I-80 @ Harry Langdon (07)",
        "jpg_urls": [
          "https://iowadotsnapshot.us-east-1.skyvdn.com/thumbs/cbtv07lb.flv.jpg"
        ],
        "m3u8_urls": [
          "https://iowadotsfs1.us-east-1.skyvdn.com:443/rtplive/cbtv07lb/playlist.m3u8"
        ],
        "views": [
          {
            "uri": "camera/59546451/3162408498",
            "category": "VIDEO",
            "jpg_url": "https://iowadotsnapshot.us-east-1.skyvdn.com/thumbs/cbtv07lb.flv.jpg",
            "m3u8_url": "https://iowadotsfs1.us-east-1.skyvdn.com:443/rtplive/cbtv07lb/playlist.m3u8"
          }
        ]
      }
    },
    {
      "type": "Feature",
      "geometry": {
        "type": "Point",
        "coordinates": [
          -95.79533,
          41.26755
        ]
      },
      "properties": {
        "camera_uri": "camera/59545726",
        "title": "I-80: CB - I-80 @ Hubbard Road (11)",
        "jpg_urls": [
          "https://iowadotsnapshot.us-east-1.skyvdn.com/thumbs/cbtv11lb.flv.jpg"
        ],
        "m3u8_urls": [
          "https://iowadotsfs1.us-east-1.skyvdn.com:443/rtplive/cbtv11lb/playlist.m3u8"
        ],
        "views": [
          {
            "uri": "camera/59545726/689639350",
            "category": "VIDEO",
            "jpg_url": "https://iowadotsnapshot.us-east-1.skyvdn.com/thumbs/cbtv11lb.flv.jpg",
            "m3u8_url": "https://iowadotsfs1.us-east-1.skyvdn.com:443/rtplive/cbtv11lb/playlist.m3u8"
          }
        ]
      }
    },
    {
      "type": "Feature",
      "geometry": {
        "type": "Point",
        "coordinates": [
          -95.58292,
          41.49734
        ]
      },
      "properties": {
        "camera_uri": "camera/59545899",
        "title": "I-80: CB - I-80 @ I-880 Interchange (38)",
        "jpg_urls": [
          "https://iowadotsnapshot.us-east-1.skyvdn.com/thumbs/cbtv38lb.flv.jpg"
        ],
        "m3u8_urls": [
          "https://iowadotsfs1.us-east-1.skyvdn.com:443/rtplive/cbtv38lb/playlist.m3u8"
        ],
        "views": [
          {
            "uri": "camera/59545899/138578873",
            "category": "VIDEO",
            "jpg_url": "https://iowadotsnapshot.us-east-1.skyvdn.com/thumbs/cbtv38lb.flv.jpg",
            "m3u8_url": "https://iowadotsfs1.us-east-1.skyvdn.com:443/rtplive/cbtv38lb/playlist.m3u8"
          }
        ]
      }
    },
    {
      "type": "Feature",
      "geometry": {
        "type": "Point",
        "coordinates": [
          -95.82408,
          41.24195
        ]
      },
      "properties": {
        "camera_uri": "camera/59546071",
        "title": "I-80: CB - I-80 @ Madison Ave (08)",
        "jpg_urls": [
          "https://iowadotsnapshot.us-east-1.skyvdn.com/thumbs/cbtv08lb.flv.jpg"
        ],
        "m3u8_urls": [
          "https://iowadotsfs1.us-east-1.skyvdn.com:443/rtplive/cbtv08lb/playlist.m3u8"
        ],
        "views": [
          {
            "uri": "camera/59546071/4142253837",
            "category": "VIDEO",
            "jpg_url": "https://iowadotsnapshot.us-east-1.skyvdn.com/thumbs/cbtv08lb.flv.jpg",
            "m3u8_url": "https://iowadotsfs1.us-east-1.skyvdn.com:443/rtplive/cbtv08lb/playlist.m3u8"
          }
        ]
      }
    },
    {
      "type": "Feature",
      "geometry": {
        "type": "Point",
        "coordinates": [
          -95.80385,
          41.26057
        ]
      },
      "properties": {
        "camera_uri": "camera/59546271",
        "title": "I-80: CB - I-80 @ McPherson (10)",
        "jpg_urls": [
          "https://iowadotsnapshot.us-east-1.skyvdn.com/thumbs/cbtv10lb.flv.jpg"
        ],
        "m3u8_urls": [
          "https://iowadotsfs1.us-east-1.skyvdn.com:443/rtplive/cbtv10lb/playlist.m3u8"
        ],
        "views": [
          {
            "uri": "camera/59546271/2804762390",
            "category": "VIDEO",
            "jpg_url": "https://iowadotsnapshot.us-east-1.skyvdn.com/thumbs/cbtv10lb.flv.jpg",
            "m3u8_url": "https://iowadotsfs1.us-east-1.skyvdn.com:443/rtplive/cbtv10lb/playlist.m3u8"
          }
        ]
      }
    },
    {
      "type": "Feature",
      "geometry": {
        "type": "Point",
        "coordinates": [
          -95.54661,
          41.4962
        ]
      },
      "properties": {
        "camera_uri": "camera/59545868",
        "title": "I-80: CB - I-80 @ Minden Interchange (39)",
        "jpg_urls": [
          "https://iowadotsnapshot.us-east-1.skyvdn.com/thumbs/cbtv39lb.flv.jpg"
        ],
        "m3u8_urls": [
          "https://iowadotsfs1.us-east-1.skyvdn.com:443/rtplive/cbtv39lb/playlist.m3u8"
        ],
        "views": [
          {
            "uri": "camera/59545868/3584624009",
            "category": "VIDEO",
            "jpg_url": "https://iowadotsnapshot.us-east-1.skyvdn.com/thumbs/cbtv39lb.flv.jpg",
            "m3u8_url": "https://iowadotsfs1.us-east-1.skyvdn.com:443/rtplive/cbtv39lb/playlist.m3u8"
          }
        ]
      }
    },
    {
      "type": "Feature",
      "geometry": {
        "type": "Point",
        "coordinates": [
          -95.9085,
          41.23107
        ]
      },
      "properties": {
        "camera_uri": "camera/59546115",
        "title": "I-80: CB - I-80 @ Missouri River Bridge (01)",
        "jpg_urls": [
          "https://iowadotsnapshot.us-east-1.skyvdn.com/thumbs/cbtv01lb.flv.jpg"
        ],
        "m3u8_urls": [
          "https://iowadotsfs1.us-east-1.skyvdn.com:443/rtplive/cbtv01lb/playlist.m3u8"
        ],
        "views": [
          {
            "uri": "camera/59546115/1409433797",
            "category": "VIDEO",
            "jpg_url": "https://iowadotsnapshot.us-east-1.skyvdn.com/thumbs/cbtv01lb.flv.jpg",
            "m3u8_url": "https://iowadotsfs1.us-east-1.skyvdn.com:443/rtplive/cbtv01lb/playlist.m3u8"
          }
        ]
      }
    },
    {
      "type": "Feature",
      "geometry": {
        "type": "Point",
        "coordinates": [
          -95.7852,
          41.27969
        ]
      },
      "properties": {
        "camera_uri": "camera/59545865",
        "title": "I-80: CB - I-80 @ US 6 (12)",
        "jpg_urls": [
          "https://iowadotsnapshot.us-east-1.skyvdn.com/thumbs/cbtv12lb.flv.jpg"
        ],
        "m3u8_urls": [
          "https://iowadotsfs1.us-east-1.skyvdn.com:443/rtplive/cbtv12lb/playlist.m3u8"
        ],
        "views": [
          {
            "uri": "camera/59545865/2354596663",
            "category": "VIDEO",
            "jpg_url": "https://iowadotsnapshot.us-east-1.skyvdn.com/thumbs/cbtv12lb.flv.jpg",
            "m3u8_url": "https://iowadotsfs1.us-east-1.skyvdn.com:443/rtplive/cbtv12lb/playlist.m3u8"
          }
        ]
      }
    },
    {
      "type": "Feature",
      "geometry": {
        "type": "Point",
        "coordinates": [
          -95.89718,
          41.23282
        ]
      },
      "properties": {
        "camera_uri": "camera/59546299",
        "title": "I-80: CB - I-80 @ West I-29 Interchange (02)",
        "jpg_urls": [
          "https://iowadotsnapshot.us-east-1.skyvdn.com/thumbs/cbtv02lb.flv.jpg"
        ],
        "m3u8_urls": [
          "https://iowadotsfs1.us-east-1.skyvdn.com:443/rtplive/cbtv02lb/playlist.m3u8"
        ],
        "views": [
          {
            "uri": "camera/59546299/4163653534",
            "category": "VIDEO",
            "jpg_url": "https://iowadotsnapshot.us-east-1.skyvdn.com/thumbs/cbtv02lb.flv.jpg",
            "m3u8_url": "https://iowadotsfs1.us-east-1.skyvdn.com:443/rtplive/cbtv02lb/playlist.m3u8"
          }
        ]
      }
    },
    {
      "type": "Feature",
      "geometry": {
        "type": "Point",
        "coordinates": [
          -95.8917,
          41.23226
        ]
      },
      "properties": {
        "camera_uri": "camera/59545911",
        "title": "I-80: CB - I-80 @ West I-29 Interchange (East) (50)",
        "jpg_urls": [
          "https://iowadotsnapshot.us-east-1.skyvdn.com/thumbs/cbtv50lb.flv.jpg"
        ],
        "m3u8_urls": [
          "https://iowadotsfs1.us-east-1.skyvdn.com:443/rtplive/cbtv50lb/playlist.m3u8"
        ],
        "views": [
          {
            "uri": "camera/59545911/652282939",
            "category": "VIDEO",
            "jpg_url": "https://iowadotsnapshot.us-east-1.skyvdn.com/thumbs/cbtv50lb.flv.jpg",
            "m3u8_url": "https://iowadotsfs1.us-east-1.skyvdn.com:443/rtplive/cbtv50lb/playlist.m3u8"
          }
        ]
      }
    },
    {
      "type": "Feature",
      "geometry": {
        "type": "Point",
        "coordinates": [
          -95.9005,
          41.23185
        ]
      },
      "properties": {
        "camera_uri": "camera/59546444",
        "title": "I-80: CB - I-80 @ West I-29 Interchange (West) (49)",
        "jpg_urls": [
          "https://iowadotsnapshot.us-east-1.skyvdn.com/thumbs/cbtv49lb.flv.jpg"
        ],
        "m3u8_urls": [
          "https://iowadotsfs1.us-east-1.skyvdn.com:443/rtplive/cbtv49lb/playlist.m3u8"
        ],
        "views": [
          {
            "uri": "camera/59546444/2666587717",
            "category": "VIDEO",
            "jpg_url": "https://iowadotsnapshot.us-east-1.skyvdn.com/thumbs/cbtv49lb.flv.jpg",
            "m3u8_url": "https://iowadotsfs1.us-east-1.skyvdn.com:443/rtplive/cbtv49lb/playlist.m3u8"
          }
        ]
      }
    },
    {
      "type": "Feature",
      "geometry": {
        "type": "Point",
        "coordinates": [
          -95.8262,
          41.23778
        ]
      },
      "properties": {
        "camera_uri": "camera/59545631",
        "title": "I-80: CB - I-80 @ Woodbury Ave (58)",
        "jpg_urls": [
          "https://iowadotsnapshot.us-east-1.skyvdn.com/thumbs/cbtv58lb.flv.jpg"
        ],
        "m3u8_urls": [
          "https://iowadotsfs1.us-east-1.skyvdn.com:443/rtplive/cbtv58lb/playlist.m3u8"
        ],
        "views": [
          {
            "uri": "camera/59545631/1454180276",
            "category": "VIDEO",
            "jpg_url": "https://iowadotsnapshot.us-east-1.skyvdn.com/thumbs/cbtv58lb.flv.jpg",
            "m3u8_url": "https://iowadotsfs1.us-east-1.skyvdn.com:443/rtplive/cbtv58lb/playlist.m3u8"
          }
        ]
      }
    },
    {
      "type": "Feature",
      "geometry": {
        "type": "Point",
        "coordinates": [
          -95.8148,
          41.24653
        ]
      },
      "properties": {
        "camera_uri": "camera/59546395",
        "title": "I-80: CB - I-80 E @ MM 5.7 (09)",
        "jpg_urls": [
          "https://iowadotsnapshot.us-east-1.skyvdn.com/thumbs/cbtv09lb.flv.jpg"
        ],
        "m3u8_urls": [
          "https://iowadotsfs2.us-east-1.skyvdn.com:443/rtplive/cbtv09lb/playlist.m3u8"
        ],
        "views": [
          {
            "uri": "camera/59546395/3041957860",
            "category": "VIDEO",
            "jpg_url": "https://iowadotsnapshot.us-east-1.skyvdn.com/thumbs/cbtv09lb.flv.jpg",
            "m3u8_url": "https://iowadotsfs2.us-east-1.skyvdn.com:443/rtplive/cbtv09lb/playlist.m3u8"
          }
        ]
      }
    },
    {
      "type": "Feature",
      "geometry": {
        "type": "Point",
        "coordinates": [
          -95.87035,
          41.23192
        ]
      },
      "properties": {
        "camera_uri": "camera/59546421",
        "title": "I-80: CB - I-80/29 @ East of S 24th St (60)",
        "jpg_urls": [
          "https://iowadotsnapshot.us-east-1.skyvdn.com/thumbs/cbtv60lb.flv.jpg"
        ],
        "m3u8_urls": [
          "https://iowadotsfs1.us-east-1.skyvdn.com:443/rtplive/cbtv60lb/playlist.m3u8"
        ],
        "views": [
          {
            "uri": "camera/59546421/3107560642",
            "category": "VIDEO",
            "jpg_url": "https://iowadotsnapshot.us-east-1.skyvdn.com/thumbs/cbtv60lb.flv.jpg",
            "m3u8_url": "https://iowadotsfs1.us-east-1.skyvdn.com:443/rtplive/cbtv60lb/playlist.m3u8"
          }
        ]
      }
    },
    {
      "type": "Feature",
      "geometry": {
        "type": "Point",
        "coordinates": [
          -95.82974,
          41.23336
        ]
      },
      "properties": {
        "camera_uri": "camera/59546167",
        "title": "I-80: CB - I-80/29 @ Harry Langdon Blvd (64)",
        "jpg_urls": [
          "https://iowadotsnapshot.us-east-1.skyvdn.com/thumbs/cbtv64lb.flv.jpg"
        ],
        "m3u8_urls": [
          "https://iowadotsfs1.us-east-1.skyvdn.com:443/rtplive/cbtv64lb/playlist.m3u8"
        ],
        "views": [
          {
            "uri": "camera/59546167/1856541103",
            "category": "VIDEO",
            "jpg_url": "https://iowadotsnapshot.us-east-1.skyvdn.com/thumbs/cbtv64lb.flv.jpg",
            "m3u8_url": "https://iowadotsfs1.us-east-1.skyvdn.com:443/rtplive/cbtv64lb/playlist.m3u8"
          }
        ]
      }
    },
    {
      "type": "Feature",
      "geometry": {
        "type": "Point",
        "coordinates": [
          -95.8667,
          41.23193
        ]
      },
      "properties": {
        "camera_uri": "camera/59546125",
        "title": "I-80: CB - I-80/29 @ Indian Creek (61)",
        "jpg_urls": [
          "https://iowadotsnapshot.us-east-1.skyvdn.com/thumbs/cbtv61lb.flv.jpg"
        ],
        "m3u8_urls": [
          "https://iowadotsfs1.us-east-1.skyvdn.com:443/rtplive/cbtv61lb/playlist.m3u8"
        ],
        "views": [
          {
            "uri": "camera/59546125/852691992",
            "category": "VIDEO",
            "jpg_url": "https://iowadotsnapshot.us-east-1.skyvdn.com/thumbs/cbtv61lb.flv.jpg",
            "m3u8_url": "https://iowadotsfs1.us-east-1.skyvdn.com:443/rtplive/cbtv61lb/playlist.m3u8"
          }
        ]
      }
    },
    {
      "type": "Feature",
      "geometry": {
        "type": "Point",
        "coordinates": [
          -95.85907,
          41.2326
        ]
      },
      "properties": {
        "camera_uri": "camera/59546160",
        "title": "I-80: CB - I-80/29 @ On Ramp S Expressway St (59)",
        "jpg_urls": [
          "https://iowadotsnapshot.us-east-1.skyvdn.com/thumbs/cbtv59lb.flv.jpg"
        ],
        "m3u8_urls": [
          "https://iowadotsfs1.us-east-1.skyvdn.com:443/rtplive/cbtv59lb/playlist.m3u8"
        ],
        "views": [
          {
            "uri": "camera/59546160/245793058",
            "category": "VIDEO",
            "jpg_url": "https://iowadotsnapshot.us-east-1.skyvdn.com/thumbs/cbtv59lb.flv.jpg",
            "m3u8_url": "https://iowadotsfs1.us-east-1.skyvdn.com:443/rtplive/cbtv59lb/playlist.m3u8"
          }
        ]
      }
    },
    {
      "type": "Feature",
      "geometry": {
        "type": "Point",
        "coordinates": [
          -95.85183,
          41.23251
        ]
      },
      "properties": {
        "camera_uri": "camera/59545886",
        "title": "I-80: CB - I-80/29 @ S Expressway St (55)",
        "jpg_urls": [
          "https://iowadotsnapshot.us-east-1.skyvdn.com/thumbs/cbtv55lb.flv.jpg"
        ],
        "m3u8_urls": [
          "https://iowadotsfs1.us-east-1.skyvdn.com:443/rtplive/cbtv55lb/playlist.m3u8"
        ],
        "views": [
          {
            "uri": "camera/59545886/2460233057",
            "category": "VIDEO",
            "jpg_url": "https://iowadotsnapshot.us-east-1.skyvdn.com/thumbs/cbtv55lb.flv.jpg",
            "m3u8_url": "https://iowadotsfs1.us-east-1.skyvdn.com:443/rtplive/cbtv55lb/playlist.m3u8"
          }
        ]
      }
    },
    {
      "type": "Feature",
      "geometry": {
        "type": "Point",
        "coordinates": [
          -95.84414,
          41.23324
        ]
      },
      "properties": {
        "camera_uri": "camera/59545851",
        "title": "I-80: CB - I-80/29 WB @ East Interchange (56)",
        "jpg_urls": [
          "https://iowadotsnapshot.us-east-1.skyvdn.com/thumbs/cbtv56lb.flv.jpg"
        ],
        "m3u8_urls": [
          "https://iowadotsfs1.us-east-1.skyvdn.com:443/rtplive/cbtv56lb/playlist.m3u8"
        ],
        "views": [
          {
            "uri": "camera/59545851/3764068439",
            "category": "VIDEO",
            "jpg_url": "https://iowadotsnapshot.us-east-1.skyvdn.com/thumbs/cbtv56lb.flv.jpg",
            "m3u8_url": "https://iowadotsfs1.us-east-1.skyvdn.com:443/rtplive/cbtv56lb/playlist.m3u8"
          }
        ]
      }
    },
    {
      "type": "Feature",
      "geometry": {
        "type": "Point",
        "coordinates": [
          -93.62016,
          41.64958
        ]
      },
      "properties": {
        "camera_uri": "camera/59545969",
        "title": "I-80: DM - I-35/80 @ 2nd Ave (23)",
        "jpg_urls": [
          "https://iowadotsnapshot.us-east-1.skyvdn.com/thumbs/dmtv023lb.flv.jpg"
        ],
        "m3u8_urls": [
          "https://iowadotsfs2.us-east-1.skyvdn.com:443/rtplive/dmtv023lb/playlist.m3u8"
        ],
        "views": [
          {
            "uri": "camera/59545969/753156270",
            "category": "VIDEO",
            "jpg_url": "https://iowadotsnapshot.us-east-1.skyvdn.com/thumbs/dmtv023lb.flv.jpg",
            "m3u8_url": "https://iowadotsfs2.us-east-1.skyvdn.com:443/rtplive/dmtv023lb/playlist.m3u8"
          }
        ]
      }
    },
    {
      "type": "Feature",
      "geometry": {
        "type": "Point",
        "coordinates": [
          -93.73662,
          41.65232
        ]
      },
      "properties": {
        "camera_uri": "camera/59546133",
        "title": "I-80: DM - I-35/80 @ 86th St (21)",
        "jpg_urls": [
          "https://iowadotsnapshot.us-east-1.skyvdn.com/thumbs/dmtv021lb.flv.jpg"
        ],
        "m3u8_urls": [
          "https://iowadotsfs2.us-east-1.skyvdn.com:443/rtplive/dmtv021lb/playlist.m3u8"
        ],
        "views": [
          {
            "uri": "camera/59546133/1113055155",
            "category": "VIDEO",
            "jpg_url": "https://iowadotsnapshot.us-east-1.skyvdn.com/thumbs/dmtv021lb.flv.jpg",
            "m3u8_url": "https://iowadotsfs2.us-east-1.skyvdn.com:443/rtplive/dmtv021lb/playlist.m3u8"
          }
        ]
      }
    },
    {
      "type": "Feature",
      "geometry": {
        "type": "Point",
        "coordinates": [
          -93.77676,
          41.62936
        ]
      },
      "properties": {
        "camera_uri": "camera/59545751",
        "title": "I-80: DM - I-35/80 @ Douglas (42)",
        "jpg_urls": [
          "https://iowadotsnapshot.us-east-1.skyvdn.com/thumbs/dmtv42lb.flv.jpg"
        ],
        "m3u8_urls": [
          "https://iowadotsfs2.us-east-1.skyvdn.com:443/rtplive/dmtv42lb/playlist.m3u8"
        ],
        "views": [
          {
            "uri": "camera/59545751/3408262148",
            "category": "VIDEO",
            "jpg_url": "https://iowadotsnapshot.us-east-1.skyvdn.com/thumbs/dmtv42lb.flv.jpg",
            "m3u8_url": "https://iowadotsfs2.us-east-1.skyvdn.com:443/rtplive/dmtv42lb/playlist.m3u8"
          }
        ]
      }
    },
    {
      "type": "Feature",
      "geometry": {
        "type": "Point",
        "coordinates": [
          -93.60017,
          41.64979
        ]
      },
      "properties": {
        "camera_uri": "camera/59546407",
        "title": "I-80: DM - I-35/80 @ E 14th (24)",
        "jpg_urls": [
          "https://iowadotsnapshot.us-east-1.skyvdn.com/thumbs/dmtv024lb.flv.jpg"
        ],
        "m3u8_urls": [
          "https://iowadotsfs2.us-east-1.skyvdn.com:443/rtplive/dmtv024lb/playlist.m3u8"
        ],
        "views": [
          {
            "uri": "camera/59546407/985798271",
            "category": "VIDEO",
            "jpg_url": "https://iowadotsnapshot.us-east-1.skyvdn.com/thumbs/dmtv024lb.flv.jpg",
            "m3u8_url": "https://iowadotsfs2.us-east-1.skyvdn.com:443/rtplive/dmtv024lb/playlist.m3u8"
          }
        ]
      }
    },
    {
      "type": "Feature",
      "geometry": {
        "type": "Point",
        "coordinates": [
          -93.77737,
          41.60719
        ]
      },
      "properties": {
        "camera_uri": "camera/59546334",
        "title": "I-80: DM - I-35/80 @ Hickman (19)",
        "jpg_urls": [
          "https://iowadotsnapshot.us-east-1.skyvdn.com/thumbs/dmtv019lb.flv.jpg"
        ],
        "m3u8_urls": [
          "https://iowadotsfs2.us-east-1.skyvdn.com:443/rtplive/dmtv019lb/playlist.m3u8"
        ],
        "views": [
          {
            "uri": "camera/59546334/2105224294",
            "category": "VIDEO",
            "jpg_url": "https://iowadotsnapshot.us-east-1.skyvdn.com/thumbs/dmtv019lb.flv.jpg",
            "m3u8_url": "https://iowadotsfs2.us-east-1.skyvdn.com:443/rtplive/dmtv019lb/playlist.m3u8"
          }
        ]
      }
    },
    {
      "type": "Feature",
      "geometry": {
        "type": "Point",
        "coordinates": [
          -93.58025,
          41.65029
        ]
      },
      "properties": {
        "camera_uri": "camera/59545756",
        "title": "I-80: DM - I-35/80 @ MM 137.7 (85)",
        "jpg_urls": [
          "https://iowadotsnapshot.us-east-1.skyvdn.com/thumbs/dmtv85lb.flv.jpg"
        ],
        "m3u8_urls": [
          "https://iowadotsfs2.us-east-1.skyvdn.com:443/rtplive/dmtv85lb/playlist.m3u8"
        ],
        "views": [
          {
            "uri": "camera/59545756/2094660228",
            "category": "VIDEO",
            "jpg_url": "https://iowadotsnapshot.us-east-1.skyvdn.com/thumbs/dmtv85lb.flv.jpg",
            "m3u8_url": "https://iowadotsfs2.us-east-1.skyvdn.com:443/rtplive/dmtv85lb/playlist.m3u8"
          }
        ]
      }
    },
    {
      "type": "Feature",
      "geometry": {
        "type": "Point",
        "coordinates": [
          -93.77673,
          41.64386
        ]
      },
      "properties": {
        "camera_uri": "camera/59546000",
        "title": "I-80: DM - I-35/80 @ Meredith Dr (57)",
        "jpg_urls": [
          "https://iowadotsnapshot.us-east-1.skyvdn.com/thumbs/dmtv57lb.flv.jpg"
        ],
        "m3u8_urls": [
          "https://iowadotsfs2.us-east-1.skyvdn.com:443/rtplive/dmtv57lb/playlist.m3u8"
        ],
        "views": [
          {
            "uri": "camera/59546000/857433471",
            "category": "VIDEO",
            "jpg_url": "https://iowadotsnapshot.us-east-1.skyvdn.com/thumbs/dmtv57lb.flv.jpg",
            "m3u8_url": "https://iowadotsfs2.us-east-1.skyvdn.com:443/rtplive/dmtv57lb/playlist.m3u8"
          }
        ]
      }
    },
    {
      "type": "Feature",
      "geometry": {
        "type": "Point",
        "coordinates": [
          -93.69784,
          41.65224
        ]
      },
      "properties": {
        "camera_uri": "camera/59546026",
        "title": "I-80: DM - I-35/80 @ Merle Hay (22)",
        "jpg_urls": [
          "https://iowadotsnapshot.us-east-1.skyvdn.com/thumbs/dmtv022lb.flv.jpg"
        ],
        "m3u8_urls": [
          "https://iowadotsfs2.us-east-1.skyvdn.com:443/rtplive/dmtv022lb/playlist.m3u8"
        ],
        "views": [
          {
            "uri": "camera/59546026/1811217350",
            "category": "VIDEO",
            "jpg_url": "https://iowadotsnapshot.us-east-1.skyvdn.com/thumbs/dmtv022lb.flv.jpg",
            "m3u8_url": "https://iowadotsfs2.us-east-1.skyvdn.com:443/rtplive/dmtv022lb/playlist.m3u8"
          }
        ]
      }
    },
    {
      "type": "Feature",
      "geometry": {
        "type": "Point",
        "coordinates": [
          -93.65257,
          41.64999
        ]
      },
      "properties": {
        "camera_uri": "camera/59546319",
        "title": "I-80: DM - I-35/80 @ Morningstar (43)",
        "jpg_urls": [
          "https://iowadotsnapshot.us-east-1.skyvdn.com/thumbs/dmtv43lb.flv.jpg"
        ],
        "m3u8_urls": [
          "https://iowadotsfs2.us-east-1.skyvdn.com:443/rtplive/dmtv43lb/playlist.m3u8"
        ],
        "views": [
          {
            "uri": "camera/59546319/4279102280",
            "category": "VIDEO",
            "jpg_url": "https://iowadotsnapshot.us-east-1.skyvdn.com/thumbs/dmtv43lb.flv.jpg",
            "m3u8_url": "https://iowadotsfs2.us-east-1.skyvdn.com:443/rtplive/dmtv43lb/playlist.m3u8"
          }
        ]
      }
    },
    {
      "type": "Feature",
      "geometry": {
        "type": "Point",
        "coordinates": [
          -93.68075,
          41.65137
        ]
      },
      "properties": {
        "camera_uri": "camera/59546148",
        "title": "I-80: DM - I-35/80 @ NW Beaver Dr (95)",
        "jpg_urls": [
          "https://iowadotsnapshot.us-east-1.skyvdn.com/thumbs/dmtv95lb.flv.jpg"
        ],
        "m3u8_urls": [
          "https://iowadotsfs1.us-east-1.skyvdn.com:443/rtplive/dmtv95lb/playlist.m3u8"
        ],
        "views": [
          {
            "uri": "camera/59546148/774010881",
            "category": "VIDEO",
            "jpg_url": "https://iowadotsnapshot.us-east-1.skyvdn.com/thumbs/dmtv95lb.flv.jpg",
            "m3u8_url": "https://iowadotsfs1.us-east-1.skyvdn.com:443/rtplive/dmtv95lb/playlist.m3u8"
          }
        ]
      }
    },
    {
      "type": "Feature",
      "geometry": {
        "type": "Point",
        "coordinates": [
          -93.77668,
          41.60038
        ]
      },
      "properties": {
        "camera_uri": "camera/59546449",
        "title": "I-80: DM - I-35/80 @ University (51)",
        "jpg_urls": [
          "https://iowadotsnapshot.us-east-1.skyvdn.com/thumbs/dmtv51lb.flv.jpg"
        ],
        "m3u8_urls": [
          "https://iowadotsfs2.us-east-1.skyvdn.com:443/rtplive/dmtv51lb/playlist.m3u8"
        ],
        "views": [
          {
            "uri": "camera/59546449/3267911429",
            "category": "VIDEO",
            "jpg_url": "https://iowadotsnapshot.us-east-1.skyvdn.com/thumbs/dmtv51lb.flv.jpg",
            "m3u8_url": "https://iowadotsfs2.us-east-1.skyvdn.com:443/rtplive/dmtv51lb/playlist.m3u8"
          }
        ]
      }
    },
    {
      "type": "Feature",
      "geometry": {
        "type": "Point",
        "coordinates": [
          -93.77827,
          41.5953
        ]
      },
      "properties": {
        "camera_uri": "camera/59545992",
        "title": "I-80: DM - I-35/80 @ Westown Pkwy (68)",
        "jpg_urls": [
          "https://iowadotsnapshot.us-east-1.skyvdn.com/thumbs/dmtv68lb.flv.jpg"
        ],
        "m3u8_urls": [
          "https://iowadotsfs2.us-east-1.skyvdn.com:443/rtplive/dmtv68lb/playlist.m3u8"
        ],
        "views": [
          {
            "uri": "camera/59545992/3916830493",
            "category": "VIDEO",
            "jpg_url": "https://iowadotsnapshot.us-east-1.skyvdn.com/thumbs/dmtv68lb.flv.jpg",
            "m3u8_url": "https://iowadotsfs2.us-east-1.skyvdn.com:443/rtplive/dmtv68lb/playlist.m3u8"
          }
        ]
      }
    },
    {
      "type": "Feature",
      "geometry": {
        "type": "Point",
        "coordinates": [
          -93.5738,
          41.65239
        ]
      },
      "properties": {
        "camera_uri": "camera/59546277",
        "title": "I-80: DM - I-35/80/235 @ NE Mixmaster (01)",
        "jpg_urls": [
          "https://iowadotsnapshot.us-east-1.skyvdn.com/thumbs/dmtv01lb.flv.jpg"
        ],
        "m3u8_urls": [
          "https://iowadotsfs2.us-east-1.skyvdn.com:443/rtplive/dmtv01lb/playlist.m3u8"
        ],
        "views": [
          {
            "uri": "camera/59546277/751443284",
            "category": "VIDEO",
            "jpg_url": "https://iowadotsnapshot.us-east-1.skyvdn.com/thumbs/dmtv01lb.flv.jpg",
            "m3u8_url": "https://iowadotsfs2.us-east-1.skyvdn.com:443/rtplive/dmtv01lb/playlist.m3u8"
          }
        ]
      }
    },
    {
      "type": "Feature",
      "geometry": {
        "type": "Point",
        "coordinates": [
          -93.77754,
          41.59222
        ]
      },
      "properties": {
        "camera_uri": "camera/59545848",
        "title": "I-80: DM - I-35/80/235 @ West Mixmaster (44)",
        "jpg_urls": [
          "https://iowadotsnapshot.us-east-1.skyvdn.com/thumbs/dmtv44lb.flv.jpg"
        ],
        "m3u8_urls": [
          "https://iowadotsfs2.us-east-1.skyvdn.com:443/rtplive/dmtv44lb/playlist.m3u8"
        ],
        "views": [
          {
            "uri": "camera/59545848/2659581803",
            "category": "VIDEO",
            "jpg_url": "https://iowadotsnapshot.us-east-1.skyvdn.com/thumbs/dmtv44lb.flv.jpg",
            "m3u8_url": "https://iowadotsfs2.us-east-1.skyvdn.com:443/rtplive/dmtv44lb/playlist.m3u8"
          }
        ]
      }
    },
    {
      "type": "Feature",
      "geometry": {
        "type": "Point",
        "coordinates": [
          -93.75566,
          41.65185
        ]
      },
      "properties": {
        "camera_uri": "camera/59546144",
        "title": "I-80: DM - I-80 / 35 @ 100th St (97)",
        "jpg_urls": [
          "https://iowadotsnapshot.us-east-1.skyvdn.com/thumbs/dmtv97lb.flv.jpg"
        ],
        "m3u8_urls": [
          "https://iowadotsfs1.us-east-1.skyvdn.com:443/rtplive/dmtv97lb/playlist.m3u8"
        ],
        "views": [
          {
            "uri": "camera/59546144/2561018977",
            "category": "VIDEO",
            "jpg_url": "https://iowadotsnapshot.us-east-1.skyvdn.com/thumbs/dmtv97lb.flv.jpg",
            "m3u8_url": "https://iowadotsfs1.us-east-1.skyvdn.com:443/rtplive/dmtv97lb/playlist.m3u8"
          }
        ]
      }
    },
    {
      "type": "Feature",
      "geometry": {
        "type": "Point",
        "coordinates": [
          -93.46447,
          41.66732
        ]
      },
      "properties": {
        "camera_uri": "camera/59546445",
        "title": "I-80: DM - I-80 @ 1st Ave in Altoona (39)",
        "jpg_urls": [
          "https://iowadotsnapshot.us-east-1.skyvdn.com/thumbs/dmtv39lb.flv.jpg"
        ],
        "m3u8_urls": [
          "https://iowadotsfs2.us-east-1.skyvdn.com:443/rtplive/dmtv39lb/playlist.m3u8"
        ],
        "views": [
          {
            "uri": "camera/59546445/1396160595",
            "category": "VIDEO",
            "jpg_url": "https://iowadotsnapshot.us-east-1.skyvdn.com/thumbs/dmtv39lb.flv.jpg",
            "m3u8_url": "https://iowadotsfs2.us-east-1.skyvdn.com:443/rtplive/dmtv39lb/playlist.m3u8"
          }
        ]
      }
    },
    {
      "type": "Feature",
      "geometry": {
        "type": "Point",
        "coordinates": [
          -93.50343,
          41.66172
        ]
      },
      "properties": {
        "camera_uri": "camera/59546269",
        "title": "I-80: DM - I-80 @ 34th Ave (56)",
        "jpg_urls": [
          "https://iowadotsnapshot.us-east-1.skyvdn.com/thumbs/dmtv56lb.flv.jpg"
        ],
        "m3u8_urls": [
          "https://iowadotsfs2.us-east-1.skyvdn.com:443/rtplive/dmtv56lb/playlist.m3u8"
        ],
        "views": [
          {
            "uri": "camera/59546269/2615432390",
            "category": "VIDEO",
            "jpg_url": "https://iowadotsnapshot.us-east-1.skyvdn.com/thumbs/dmtv56lb.flv.jpg",
            "m3u8_url": "https://iowadotsfs2.us-east-1.skyvdn.com:443/rtplive/dmtv56lb/playlist.m3u8"
          }
        ]
      }
    },
    {
      "type": "Feature",
      "geometry": {
        "type": "Point",
        "coordinates": [
          -93.79039,
          41.59261
        ]
      },
      "properties": {
        "camera_uri": "camera/59546063",
        "title": "I-80: DM - I-80 @ 60th St (120)",
        "jpg_urls": [
          "https://iowadotsnapshot.us-east-1.skyvdn.com/thumbs/dmtv120lb.flv.jpg"
        ],
        "m3u8_urls": [
          "https://iowadotsfs2.us-east-1.skyvdn.com:443/rtplive/dmtv120lb/playlist.m3u8"
        ],
        "views": [
          {
            "uri": "camera/59546063/2886960706",
            "category": "VIDEO",
            "jpg_url": "https://iowadotsnapshot.us-east-1.skyvdn.com/thumbs/dmtv120lb.flv.jpg",
            "m3u8_url": "https://iowadotsfs2.us-east-1.skyvdn.com:443/rtplive/dmtv120lb/playlist.m3u8"
          }
        ]
      }
    },
    {
      "type": "Feature",
      "geometry": {
        "type": "Point",
        "coordinates": [
          -93.82202,
          41.58498
        ]
      },
      "properties": {
        "camera_uri": "camera/59545792",
        "title": "I-80: DM - I-80 @ Ashworth Rd (70)",
        "jpg_urls": [
          "https://iowadotsnapshot.us-east-1.skyvdn.com/thumbs/dmtv70lb.flv.jpg"
        ],
        "m3u8_urls": [
          "https://iowadotsfs2.us-east-1.skyvdn.com:443/rtplive/dmtv70lb/playlist.m3u8"
        ],
        "views": [
          {
            "uri": "camera/59545792/3404011569",
            "category": "VIDEO",
            "jpg_url": "https://iowadotsnapshot.us-east-1.skyvdn.com/thumbs/dmtv70lb.flv.jpg",
            "m3u8_url": "https://iowadotsfs2.us-east-1.skyvdn.com:443/rtplive/dmtv70lb/playlist.m3u8"
          }
        ]
      }
    },
    {
      "type": "Feature",
      "geometry": {
        "type": "Point",
        "coordinates": [
          -93.47871,
          41.66272
        ]
      },
      "properties": {
        "camera_uri": "camera/59546320",
        "title": "I-80: DM - I-80 @ East of US 65 (47)",
        "jpg_urls": [
          "https://iowadotsnapshot.us-east-1.skyvdn.com/thumbs/dmtv47lb.flv.jpg"
        ],
        "m3u8_urls": [
          "https://iowadotsfs2.us-east-1.skyvdn.com:443/rtplive/dmtv47lb/playlist.m3u8"
        ],
        "views": [
          {
            "uri": "camera/59546320/370740288",
            "category": "VIDEO",
            "jpg_url": "https://iowadotsnapshot.us-east-1.skyvdn.com/thumbs/dmtv47lb.flv.jpg",
            "m3u8_url": "https://iowadotsfs2.us-east-1.skyvdn.com:443/rtplive/dmtv47lb/playlist.m3u8"
          }
        ]
      }
    },
    {
      "type": "Feature",
      "geometry": {
        "type": "Point",
        "coordinates": [
          -93.85355,
          41.56906
        ]
      },
      "properties": {
        "camera_uri": "camera/59546279",
        "title": "I-80: DM - I-80 @ Grand Prairie Pkwy (48)",
        "jpg_urls": [
          "https://iowadotsnapshot.us-east-1.skyvdn.com/thumbs/dmtv48lb.flv.jpg"
        ],
        "m3u8_urls": [
          "https://iowadotsfs2.us-east-1.skyvdn.com:443/rtplive/dmtv48lb/playlist.m3u8"
        ],
        "views": [
          {
            "uri": "camera/59546279/3763745439",
            "category": "VIDEO",
            "jpg_url": "https://iowadotsnapshot.us-east-1.skyvdn.com/thumbs/dmtv48lb.flv.jpg",
            "m3u8_url": "https://iowadotsfs2.us-east-1.skyvdn.com:443/rtplive/dmtv48lb/playlist.m3u8"
          }
        ]
      }
    },
    {
      "type": "Feature",
      "geometry": {
        "type": "Point",
        "coordinates": [
          -93.85357,
          41.56894
        ]
      },
      "properties": {
        "camera_uri": "camera/59545681",
        "title": "I-80: DM - I-80 @ Grand Prairie Pkwy Quad (48Q)",
        "jpg_urls": [
          "https://iowadotsnapshot.us-east-1.skyvdn.com/thumbs/dmtv48qlb.flv.jpg"
        ],
        "m3u8_urls": [
          "https://iowadotsfs2.us-east-1.skyvdn.com:443/rtplive/dmtv48qlb/playlist.m3u8"
        ],
        "views": [
          {
            "uri": "camera/59545681/852752239",
            "category": "VIDEO",
            "jpg_url": "https://iowadotsnapshot.us-east-1.skyvdn.com/thumbs/dmtv48qlb.flv.jpg",
            "m3u8_url": "https://iowadotsfs2.us-east-1.skyvdn.com:443/rtplive/dmtv48qlb/playlist.m3u8"
          }
        ]
      }
    },
    {
      "type": "Feature",
      "geometry": {
        "type": "Point",
        "coordinates": [
          -93.49355,
          41.66216
        ]
      },
      "properties": {
        "camera_uri": "camera/59545932",
        "title": "I-80: DM - I-80 @ Hubbell Ave (59)",
        "jpg_urls": [
          "https://iowadotsnapshot.us-east-1.skyvdn.com/thumbs/dmtv59lb.flv.jpg"
        ],
        "m3u8_urls": [
          "https://iowadotsfs2.us-east-1.skyvdn.com:443/rtplive/dmtv59lb/playlist.m3u8"
        ],
        "views": [
          {
            "uri": "camera/59545932/2759196938",
            "category": "VIDEO",
            "jpg_url": "https://iowadotsnapshot.us-east-1.skyvdn.com/thumbs/dmtv59lb.flv.jpg",
            "m3u8_url": "https://iowadotsfs2.us-east-1.skyvdn.com:443/rtplive/dmtv59lb/playlist.m3u8"
          }
        ]
      }
    },
    {
      "type": "Feature",
      "geometry": {
        "type": "Point",
        "coordinates": [
          -93.77375,
          41.64936
        ]
      },
      "properties": {
        "camera_uri": "camera/59545986",
        "title": "I-80: DM - I-80 @ IA 141 Flyover (96)",
        "jpg_urls": [
          "https://iowadotsnapshot.us-east-1.skyvdn.com/thumbs/dmtv96lb.flv.jpg"
        ],
        "m3u8_urls": [
          "https://iowadotsfs2.us-east-1.skyvdn.com:443/rtplive/dmtv96lb/playlist.m3u8"
        ],
        "views": [
          {
            "uri": "camera/59545986/2142439618",
            "category": "VIDEO",
            "jpg_url": "https://iowadotsnapshot.us-east-1.skyvdn.com/thumbs/dmtv96lb.flv.jpg",
            "m3u8_url": "https://iowadotsfs2.us-east-1.skyvdn.com:443/rtplive/dmtv96lb/playlist.m3u8"
          }
        ]
      }
    },
    {
      "type": "Feature",
      "geometry": {
        "type": "Point",
        "coordinates": [
          -93.80925,
          41.59209
        ]
      },
      "properties": {
        "camera_uri": "camera/59545985",
        "title": "I-80: DM - I-80 @ Jordan Creek (18)",
        "jpg_urls": [
          "https://iowadotsnapshot.us-east-1.skyvdn.com/thumbs/dmtv018lb.flv.jpg"
        ],
        "m3u8_urls": [
          "https://iowadotsfs2.us-east-1.skyvdn.com:443/rtplive/dmtv018lb/playlist.m3u8"
        ],
        "views": [
          {
            "uri": "camera/59545985/449900515",
            "category": "VIDEO",
            "jpg_url": "https://iowadotsnapshot.us-east-1.skyvdn.com/thumbs/dmtv018lb.flv.jpg",
            "m3u8_url": "https://iowadotsfs2.us-east-1.skyvdn.com:443/rtplive/dmtv018lb/playlist.m3u8"
          }
        ]
      }
    },
    {
      "type": "Feature",
      "geometry": {
        "type": "Point",
        "coordinates": [
          -93.71686,
          41.65294
        ]
      },
      "properties": {
        "camera_uri": "camera/59546393",
        "title": "I-80: DM - I-80 @ MM 130.5 (101)",
        "jpg_urls": [
          "https://iowadotsnapshot.us-east-1.skyvdn.com/thumbs/dmtv101lb.flv.jpg"
        ],
        "m3u8_urls": [
          "https://iowadotsfs1.us-east-1.skyvdn.com:443/rtplive/dmtv101lb/playlist.m3u8"
        ],
        "views": [
          {
            "uri": "camera/59546393/3687229749",
            "category": "VIDEO",
            "jpg_url": "https://iowadotsnapshot.us-east-1.skyvdn.com/thumbs/dmtv101lb.flv.jpg",
            "m3u8_url": "https://iowadotsfs1.us-east-1.skyvdn.com:443/rtplive/dmtv101lb/playlist.m3u8"
          }
        ]
      }
    },
    {
      "type": "Feature",
      "geometry": {
        "type": "Point",
        "coordinates": [
          -93.60309,
          41.64956
        ]
      },
      "properties": {
        "camera_uri": "camera/59545896",
        "title": "I-80: DM - I-80 @ MM 136.4 (20)",
        "jpg_urls": [
          "https://iowadotsnapshot.us-east-1.skyvdn.com/thumbs/dmtv020lb.flv.jpg"
        ],
        "m3u8_urls": [
          "https://iowadotsfs1.us-east-1.skyvdn.com:443/rtplive/dmtv020lb/playlist.m3u8"
        ],
        "views": [
          {
            "uri": "camera/59545896/1583236832",
            "category": "VIDEO",
            "jpg_url": "https://iowadotsnapshot.us-east-1.skyvdn.com/thumbs/dmtv020lb.flv.jpg",
            "m3u8_url": "https://iowadotsfs1.us-east-1.skyvdn.com:443/rtplive/dmtv020lb/playlist.m3u8"
          }
        ]
      }
    },
    {
      "type": "Feature",
      "geometry": {
        "type": "Point",
        "coordinates": [
          -93.5702,
          41.6547
        ]
      },
      "properties": {
        "camera_uri": "camera/59545852",
        "title": "I-80: DM - I-80 @ MM 137 (103)",
        "jpg_urls": [
          "https://iowadotsnapshot.us-east-1.skyvdn.com/thumbs/dmtv103lb.flv.jpg"
        ],
        "m3u8_urls": [
          "https://iowadotsfs2.us-east-1.skyvdn.com:443/rtplive/dmtv103lb/playlist.m3u8"
        ],
        "views": [
          {
            "uri": "camera/59545852/297314411",
            "category": "VIDEO",
            "jpg_url": "https://iowadotsnapshot.us-east-1.skyvdn.com/thumbs/dmtv103lb.flv.jpg",
            "m3u8_url": "https://iowadotsfs2.us-east-1.skyvdn.com:443/rtplive/dmtv103lb/playlist.m3u8"
          }
        ]
      }
    },
    {
      "type": "Feature",
      "geometry": {
        "type": "Point",
        "coordinates": [
          -93.57728,
          41.65026
        ]
      },
      "properties": {
        "camera_uri": "camera/59545674",
        "title": "I-80: DM - I-80 @ MM 137.7 (88)",
        "jpg_urls": [
          "https://iowadotsnapshot.us-east-1.skyvdn.com/thumbs/dmtv88lb.flv.jpg"
        ],
        "m3u8_urls": [
          "https://iowadotsfs2.us-east-1.skyvdn.com:443/rtplive/dmtv88lb/playlist.m3u8"
        ],
        "views": [
          {
            "uri": "camera/59545674/3154112928",
            "category": "VIDEO",
            "jpg_url": "https://iowadotsnapshot.us-east-1.skyvdn.com/thumbs/dmtv88lb.flv.jpg",
            "m3u8_url": "https://iowadotsfs2.us-east-1.skyvdn.com:443/rtplive/dmtv88lb/playlist.m3u8"
          }
        ]
      }
    },
    {
      "type": "Feature",
      "geometry": {
        "type": "Point",
        "coordinates": [
          -93.55375,
          41.65552
        ]
      },
      "properties": {
        "camera_uri": "camera/59546180",
        "title": "I-80: DM - I-80 @ MM 139 (104)",
        "jpg_urls": [
          "https://iowadotsnapshot.us-east-1.skyvdn.com/thumbs/dmtv104lb.flv.jpg"
        ],
        "m3u8_urls": [
          "https://iowadotsfs2.us-east-1.skyvdn.com:443/rtplive/dmtv104lb/playlist.m3u8"
        ],
        "views": [
          {
            "uri": "camera/59546180/89017954",
            "category": "VIDEO",
            "jpg_url": "https://iowadotsnapshot.us-east-1.skyvdn.com/thumbs/dmtv104lb.flv.jpg",
            "m3u8_url": "https://iowadotsfs2.us-east-1.skyvdn.com:443/rtplive/dmtv104lb/playlist.m3u8"
          }
        ]
      }
    },
    {
      "type": "Feature",
      "geometry": {
        "type": "Point",
        "coordinates": [
          -93.53691,
          41.6576
        ]
      },
      "properties": {
        "camera_uri": "camera/59546372",
        "title": "I-80: DM - I-80 @ MM 140 (105)",
        "jpg_urls": [
          "https://iowadotsnapshot.us-east-1.skyvdn.com/thumbs/dmtv105lb.flv.jpg"
        ],
        "m3u8_urls": [
          "https://iowadotsfs1.us-east-1.skyvdn.com:443/rtplive/dmtv105lb/playlist.m3u8"
        ],
        "views": [
          {
            "uri": "camera/59546372/2519724621",
            "category": "VIDEO",
            "jpg_url": "https://iowadotsnapshot.us-east-1.skyvdn.com/thumbs/dmtv105lb.flv.jpg",
            "m3u8_url": "https://iowadotsfs1.us-east-1.skyvdn.com:443/rtplive/dmtv105lb/playlist.m3u8"
          }
        ]
      }
    },
    {
      "type": "Feature",
      "geometry": {
        "type": "Point",
        "coordinates": [
          -93.44383,
          41.67194
        ]
      },
      "properties": {
        "camera_uri": "camera/59545956",
        "title": "I-80: DM - I-80 @ NE 80th in Altoona (38)",
        "jpg_urls": [
          "https://iowadotsnapshot.us-east-1.skyvdn.com/thumbs/dmtv38lb.flv.jpg"
        ],
        "m3u8_urls": [
          "https://iowadotsfs2.us-east-1.skyvdn.com:443/rtplive/dmtv38lb/playlist.m3u8"
        ],
        "views": [
          {
            "uri": "camera/59545956/3311227145",
            "category": "VIDEO",
            "jpg_url": "https://iowadotsnapshot.us-east-1.skyvdn.com/thumbs/dmtv38lb.flv.jpg",
            "m3u8_url": "https://iowadotsfs2.us-east-1.skyvdn.com:443/rtplive/dmtv38lb/playlist.m3u8"
          }
        ]
      }
    },
    {
      "type": "Feature",
      "geometry": {
        "type": "Point",
        "coordinates": [
          -93.52185,
          41.65988
        ]
      },
      "properties": {
        "camera_uri": "camera/59545921",
        "title": "I-80: DM - I-80 @ US 65 (26)",
        "jpg_urls": [
          "https://iowadotsnapshot.us-east-1.skyvdn.com/thumbs/dmtv026lb.flv.jpg"
        ],
        "m3u8_urls": [
          "https://iowadotsfs2.us-east-1.skyvdn.com:443/rtplive/dmtv026lb/playlist.m3u8"
        ],
        "views": [
          {
            "uri": "camera/59545921/2604277933",
            "category": "VIDEO",
            "jpg_url": "https://iowadotsnapshot.us-east-1.skyvdn.com/thumbs/dmtv026lb.flv.jpg",
            "m3u8_url": "https://iowadotsfs2.us-east-1.skyvdn.com:443/rtplive/dmtv026lb/playlist.m3u8"
          }
        ]
      }
    },
    {
      "type": "Feature",
      "geometry": {
        "type": "Point",
        "coordinates": [
          -93.77273,
          41.59254
        ]
      },
      "properties": {
        "camera_uri": "camera/59545964",
        "title": "I-80: DM - I-80 E Exit to N I-35 (67)",
        "jpg_urls": [
          "https://iowadotsnapshot.us-east-1.skyvdn.com/thumbs/dmtv67lb.flv.jpg"
        ],
        "m3u8_urls": [
          "https://iowadotsfs2.us-east-1.skyvdn.com:443/rtplive/dmtv67lb/playlist.m3u8"
        ],
        "views": [
          {
            "uri": "camera/59545964/3116153471",
            "category": "VIDEO",
            "jpg_url": "https://iowadotsnapshot.us-east-1.skyvdn.com/thumbs/dmtv67lb.flv.jpg",
            "m3u8_url": "https://iowadotsfs2.us-east-1.skyvdn.com:443/rtplive/dmtv67lb/playlist.m3u8"
          }
        ]
      }
    },
    {
      "type": "Feature",
      "geometry": {
        "type": "Point",
        "coordinates": [
          -93.49568,
          41.66172
        ]
      },
      "properties": {
        "camera_uri": "camera/59545946",
        "title": "I-80: DM - I-80 EB @ Hubbell Ave (25)",
        "jpg_urls": [
          "https://iowadotsnapshot.us-east-1.skyvdn.com/thumbs/dmtv025lb.flv.jpg"
        ],
        "m3u8_urls": [
          "https://iowadotsfs2.us-east-1.skyvdn.com:443/rtplive/dmtv025lb/playlist.m3u8"
        ],
        "views": [
          {
            "uri": "camera/59545946/199095206",
            "category": "VIDEO",
            "jpg_url": "https://iowadotsnapshot.us-east-1.skyvdn.com/thumbs/dmtv025lb.flv.jpg",
            "m3u8_url": "https://iowadotsfs2.us-east-1.skyvdn.com:443/rtplive/dmtv025lb/playlist.m3u8"
          }
        ]
      }
    },
    {
      "type": "Feature",
      "geometry": {
        "type": "Point",
        "coordinates": [
          -93.57621,
          41.6552
        ]
      },
      "properties": {
        "camera_uri": "camera/59545957",
        "title": "I-80: DM - I-80 Ramps @ I-35 SB NE MixMaster (87)",
        "jpg_urls": [
          "https://iowadotsnapshot.us-east-1.skyvdn.com/thumbs/dmtv87lb.flv.jpg"
        ],
        "m3u8_urls": [
          "https://iowadotsfs2.us-east-1.skyvdn.com:443/rtplive/dmtv87lb/playlist.m3u8"
        ],
        "views": [
          {
            "uri": "camera/59545957/1298320038",
            "category": "VIDEO",
            "jpg_url": "https://iowadotsnapshot.us-east-1.skyvdn.com/thumbs/dmtv87lb.flv.jpg",
            "m3u8_url": "https://iowadotsfs2.us-east-1.skyvdn.com:443/rtplive/dmtv87lb/playlist.m3u8"
          }
        ]
      }
    },
    {
      "type": "Feature",
      "geometry": {
        "type": "Point",
        "coordinates": [
          -93.58166,
          41.65011
        ]
      },
      "properties": {
        "camera_uri": "camera/59545801",
        "title": "I-80: DM - I-80/35 @ 22nd St (86)",
        "jpg_urls": [
          "https://iowadotsnapshot.us-east-1.skyvdn.com/thumbs/dmtv86lb.flv.jpg"
        ],
        "m3u8_urls": [
          "https://iowadotsfs2.us-east-1.skyvdn.com:443/rtplive/dmtv86lb/playlist.m3u8"
        ],
        "views": [
          {
            "uri": "camera/59545801/1506345734",
            "category": "VIDEO",
            "jpg_url": "https://iowadotsnapshot.us-east-1.skyvdn.com/thumbs/dmtv86lb.flv.jpg",
            "m3u8_url": "https://iowadotsfs2.us-east-1.skyvdn.com:443/rtplive/dmtv86lb/playlist.m3u8"
          }
        ]
      }
    },
    {
      "type": "Feature",
      "geometry": {
        "type": "Point",
        "coordinates": [
          -95.77093,
          41.30159
        ]
      },
      "properties": {
        "camera_uri": "camera/59545739",
        "title": "I-80: I-80 @ MM 10.2",
        "jpg_urls": [
          "https://iowadotsnapshot.us-east-1.skyvdn.com/thumbs/80tv010lb.flv.jpg"
        ],
        "m3u8_urls": [
          "https://iowadotsfs1.us-east-1.skyvdn.com:443/rtplive/80tv010lb/playlist.m3u8"
        ],
        "views": [
          {
            "uri": "camera/59545739/1683888084",
            "category": "VIDEO",
            "jpg_url": "https://iowadotsnapshot.us-east-1.skyvdn.com/thumbs/80tv010lb.flv.jpg",
            "m3u8_url": "https://iowadotsfs1.us-east-1.skyvdn.com:443/rtplive/80tv010lb/playlist.m3u8"
          }
        ]
      }
    },
    {
      "type": "Feature",
      "geometry": {
        "type": "Point",
        "coordinates": [
          -94.19627,
          41.51401
        ]
      },
      "properties": {
        "camera_uri": "camera/59546136",
        "title": "I-80: I-80 @ MM 100",
        "jpg_urls": [
          "https://iowadotsnapshot.us-east-1.skyvdn.com/thumbs/80tv100lb.flv.jpg"
        ],
        "m3u8_urls": [
          "https://iowadotsfs1.us-east-1.skyvdn.com:443/rtplive/80tv100lb/playlist.m3u8"
        ],
        "views": [
          {
            "uri": "camera/59546136/3490504984",
            "category": "VIDEO",
            "jpg_url": "https://iowadotsnapshot.us-east-1.skyvdn.com/thumbs/80tv100lb.flv.jpg",
            "m3u8_url": "https://iowadotsfs1.us-east-1.skyvdn.com:443/rtplive/80tv100lb/playlist.m3u8"
          }
        ]
      }
    },
    {
      "type": "Feature",
      "geometry": {
        "type": "Point",
        "coordinates": [
          -94.17563,
          41.5176
        ]
      },
      "properties": {
        "camera_uri": "camera/59546232",
        "title": "I-80: I-80 @ MM 101",
        "jpg_urls": [
          "https://iowadotsnapshot.us-east-1.skyvdn.com/thumbs/80tv101lb.flv.jpg"
        ],
        "m3u8_urls": [
          "https://iowadotsfs1.us-east-1.skyvdn.com:443/rtplive/80tv101lb/playlist.m3u8"
        ],
        "views": [
          {
            "uri": "camera/59546232/3198933273",
            "category": "VIDEO",
            "jpg_url": "https://iowadotsnapshot.us-east-1.skyvdn.com/thumbs/80tv101lb.flv.jpg",
            "m3u8_url": "https://iowadotsfs1.us-east-1.skyvdn.com:443/rtplive/80tv101lb/playlist.m3u8"
          }
        ]
      }
    },
    {
      "type": "Feature",
      "geometry": {
        "type": "Point",
        "coordinates": [
          -94.12322,
          41.51736
        ]
      },
      "properties": {
        "camera_uri": "camera/59546454",
        "title": "I-80: I-80 @ MM 104",
        "jpg_urls": [
          "https://iowadotsnapshot.us-east-1.skyvdn.com/thumbs/80tv104lb.flv.jpg"
        ],
        "m3u8_urls": [
          "https://iowadotsfs1.us-east-1.skyvdn.com:443/rtplive/80tv104lb/playlist.m3u8"
        ],
        "views": [
          {
            "uri": "camera/59546454/3563429148",
            "category": "VIDEO",
            "jpg_url": "https://iowadotsnapshot.us-east-1.skyvdn.com/thumbs/80tv104lb.flv.jpg",
            "m3u8_url": "https://iowadotsfs1.us-east-1.skyvdn.com:443/rtplive/80tv104lb/playlist.m3u8"
          }
        ]
      }
    },
    {
      "type": "Feature",
      "geometry": {
        "type": "Point",
        "coordinates": [
          -94.09906,
          41.51718
        ]
      },
      "properties": {
        "camera_uri": "camera/59546008",
        "title": "I-80: I-80 @ MM 105",
        "jpg_urls": [
          "https://iowadotsnapshot.us-east-1.skyvdn.com/thumbs/80tv105lb.flv.jpg"
        ],
        "m3u8_urls": [
          "https://iowadotsfs1.us-east-1.skyvdn.com:443/rtplive/80tv105lb/playlist.m3u8"
        ],
        "views": [
          {
            "uri": "camera/59546008/3271857437",
            "category": "VIDEO",
            "jpg_url": "https://iowadotsnapshot.us-east-1.skyvdn.com/thumbs/80tv105lb.flv.jpg",
            "m3u8_url": "https://iowadotsfs1.us-east-1.skyvdn.com:443/rtplive/80tv105lb/playlist.m3u8"
          }
        ]
      }
    },
    {
      "type": "Feature",
      "geometry": {
        "type": "Point",
        "coordinates": [
          -94.07707,
          41.51955
        ]
      },
      "properties": {
        "camera_uri": "camera/59546404",
        "title": "I-80: I-80 @ MM 106",
        "jpg_urls": [
          "https://iowadotsnapshot.us-east-1.skyvdn.com/thumbs/80tv106lb.flv.jpg"
        ],
        "m3u8_urls": [
          "https://iowadotsfs1.us-east-1.skyvdn.com:443/rtplive/80tv106lb/playlist.m3u8"
        ],
        "views": [
          {
            "uri": "camera/59546404/2093846558",
            "category": "VIDEO",
            "jpg_url": "https://iowadotsnapshot.us-east-1.skyvdn.com/thumbs/80tv106lb.flv.jpg",
            "m3u8_url": "https://iowadotsfs1.us-east-1.skyvdn.com:443/rtplive/80tv106lb/playlist.m3u8"
          }
        ]
      }
    },
    {
      "type": "Feature",
      "geometry": {
        "type": "Point",
        "coordinates": [
          -94.03571,
          41.53513
        ]
      },
      "properties": {
        "camera_uri": "camera/59546233",
        "title": "I-80: I-80 @ MM 109",
        "jpg_urls": [
          "https://iowadotsnapshot.us-east-1.skyvdn.com/thumbs/80tv109lb.flv.jpg"
        ],
        "m3u8_urls": [
          "https://iowadotsfs1.us-east-1.skyvdn.com:443/rtplive/80tv109lb/playlist.m3u8"
        ],
        "views": [
          {
            "uri": "camera/59546233/3053068561",
            "category": "VIDEO",
            "jpg_url": "https://iowadotsnapshot.us-east-1.skyvdn.com/thumbs/80tv109lb.flv.jpg",
            "m3u8_url": "https://iowadotsfs1.us-east-1.skyvdn.com:443/rtplive/80tv109lb/playlist.m3u8"
          }
        ]
      }
    },
    {
      "type": "Feature",
      "geometry": {
        "type": "Point",
        "coordinates": [
          -94.01318,
          41.54033
        ]
      },
      "properties": {
        "camera_uri": "camera/59545804",
        "title": "I-80: I-80 @ MM 110",
        "jpg_urls": [
          "https://iowadotsnapshot.us-east-1.skyvdn.com/thumbs/80tv110lb.flv.jpg"
        ],
        "m3u8_urls": [
          "https://iowadotsfs1.us-east-1.skyvdn.com:443/rtplive/80tv110lb/playlist.m3u8"
        ],
        "views": [
          {
            "uri": "camera/59545804/3224167993",
            "category": "VIDEO",
            "jpg_url": "https://iowadotsnapshot.us-east-1.skyvdn.com/thumbs/80tv110lb.flv.jpg",
            "m3u8_url": "https://iowadotsfs1.us-east-1.skyvdn.com:443/rtplive/80tv110lb/playlist.m3u8"
          }
        ]
      }
    },
    {
      "type": "Feature",
      "geometry": {
        "type": "Point",
        "coordinates": [
          -93.9739,
          41.54419
        ]
      },
      "properties": {
        "camera_uri": "camera/59545714",
        "title": "I-80: I-80 @ MM 112",
        "jpg_urls": [
          "https://iowadotsnapshot.us-east-1.skyvdn.com/thumbs/80tv112lb.flv.jpg"
        ],
        "m3u8_urls": [
          "https://iowadotsfs2.us-east-1.skyvdn.com:443/rtplive/80tv112lb/playlist.m3u8"
        ],
        "views": [
          {
            "uri": "camera/59545714/1430329659",
            "category": "VIDEO",
            "jpg_url": "https://iowadotsnapshot.us-east-1.skyvdn.com/thumbs/80tv112lb.flv.jpg",
            "m3u8_url": "https://iowadotsfs2.us-east-1.skyvdn.com:443/rtplive/80tv112lb/playlist.m3u8"
          }
        ]
      }
    },
    {
      "type": "Feature",
      "geometry": {
        "type": "Point",
        "coordinates": [
          -93.95362,
          41.54742
        ]
      },
      "properties": {
        "camera_uri": "camera/59546394",
        "title": "I-80: I-80 @ MM 113",
        "jpg_urls": [
          "https://iowadotsnapshot.us-east-1.skyvdn.com/thumbs/80tv113lb.flv.jpg"
        ],
        "m3u8_urls": [
          "https://iowadotsfs1.us-east-1.skyvdn.com:443/rtplive/80tv113lb/playlist.m3u8"
        ],
        "views": [
          {
            "uri": "camera/59546394/1929766906",
            "category": "VIDEO",
            "jpg_url": "https://iowadotsnapshot.us-east-1.skyvdn.com/thumbs/80tv113lb.flv.jpg",
            "m3u8_url": "https://iowadotsfs1.us-east-1.skyvdn.com:443/rtplive/80tv113lb/playlist.m3u8"
          }
        ]
      }
    },
    {
      "type": "Feature",
      "geometry": {
        "type": "Point",
        "coordinates": [
          -93.93048,
          41.55325
        ]
      },
      "properties": {
        "camera_uri": "camera/59545655",
        "title": "I-80: I-80 @ MM 114",
        "jpg_urls": [
          "https://iowadotsnapshot.us-east-1.skyvdn.com/thumbs/80tv114lb.flv.jpg"
        ],
        "m3u8_urls": [
          "https://iowadotsfs1.us-east-1.skyvdn.com:443/rtplive/80tv114lb/playlist.m3u8"
        ],
        "views": [
          {
            "uri": "camera/59545655/3297092157",
            "category": "VIDEO",
            "jpg_url": "https://iowadotsnapshot.us-east-1.skyvdn.com/thumbs/80tv114lb.flv.jpg",
            "m3u8_url": "https://iowadotsfs1.us-east-1.skyvdn.com:443/rtplive/80tv114lb/playlist.m3u8"
          }
        ]
      }
    },
    {
      "type": "Feature",
      "geometry": {
        "type": "Point",
        "coordinates": [
          -93.91248,
          41.55614
        ]
      },
      "properties": {
        "camera_uri": "camera/59545644",
        "title": "I-80: I-80 @ MM 115",
        "jpg_urls": [
          "https://iowadotsnapshot.us-east-1.skyvdn.com/thumbs/80tv115lb.flv.jpg"
        ],
        "m3u8_urls": [
          "https://iowadotsfs1.us-east-1.skyvdn.com:443/rtplive/80tv115lb/playlist.m3u8"
        ],
        "views": [
          {
            "uri": "camera/59545644/3472273660",
            "category": "VIDEO",
            "jpg_url": "https://iowadotsnapshot.us-east-1.skyvdn.com/thumbs/80tv115lb.flv.jpg",
            "m3u8_url": "https://iowadotsfs1.us-east-1.skyvdn.com:443/rtplive/80tv115lb/playlist.m3u8"
          }
        ]
      }
    },
    {
      "type": "Feature",
      "geometry": {
        "type": "Point",
        "coordinates": [
          -93.88091,
          41.56318
        ]
      },
      "properties": {
        "camera_uri": "camera/59546079",
        "title": "I-80: I-80 @ MM 117",
        "jpg_urls": [
          "https://iowadotsnapshot.us-east-1.skyvdn.com/thumbs/80tv117lb.flv.jpg"
        ],
        "m3u8_urls": [
          "https://iowadotsfs1.us-east-1.skyvdn.com:443/rtplive/80tv117lb/playlist.m3u8"
        ],
        "views": [
          {
            "uri": "camera/59546079/2002691070",
            "category": "VIDEO",
            "jpg_url": "https://iowadotsnapshot.us-east-1.skyvdn.com/thumbs/80tv117lb.flv.jpg",
            "m3u8_url": "https://iowadotsfs1.us-east-1.skyvdn.com:443/rtplive/80tv117lb/playlist.m3u8"
          }
        ]
      }
    },
    {
      "type": "Feature",
      "geometry": {
        "type": "Point",
        "coordinates": [
          -93.86368,
          41.56502
        ]
      },
      "properties": {
        "camera_uri": "camera/59545797",
        "title": "I-80: I-80 @ MM 118",
        "jpg_urls": [
          "https://iowadotsnapshot.us-east-1.skyvdn.com/thumbs/80tv118lb.flv.jpg"
        ],
        "m3u8_urls": [
          "https://iowadotsfs1.us-east-1.skyvdn.com:443/rtplive/80tv118lb/playlist.m3u8"
        ],
        "views": [
          {
            "uri": "camera/59545797/3078303281",
            "category": "VIDEO",
            "jpg_url": "https://iowadotsnapshot.us-east-1.skyvdn.com/thumbs/80tv118lb.flv.jpg",
            "m3u8_url": "https://iowadotsfs1.us-east-1.skyvdn.com:443/rtplive/80tv118lb/playlist.m3u8"
          }
        ]
      }
    },
    {
      "type": "Feature",
      "geometry": {
        "type": "Point",
        "coordinates": [
          -95.75004,
          41.32434
        ]
      },
      "properties": {
        "camera_uri": "camera/59545954",
        "title": "I-80: I-80 @ MM 12",
        "jpg_urls": [
          "https://iowadotsnapshot.us-east-1.skyvdn.com/thumbs/80tv012lb.flv.jpg"
        ],
        "m3u8_urls": [
          "https://iowadotsfs1.us-east-1.skyvdn.com:443/rtplive/80tv012lb/playlist.m3u8"
        ],
        "views": [
          {
            "uri": "camera/59545954/1211706186",
            "category": "VIDEO",
            "jpg_url": "https://iowadotsnapshot.us-east-1.skyvdn.com/thumbs/80tv012lb.flv.jpg",
            "m3u8_url": "https://iowadotsfs1.us-east-1.skyvdn.com:443/rtplive/80tv012lb/playlist.m3u8"
          }
        ]
      }
    },
    {
      "type": "Feature",
      "geometry": {
        "type": "Point",
        "coordinates": [
          -93.83366,
          41.57987
        ]
      },
      "properties": {
        "camera_uri": "camera/59545747",
        "title": "I-80: I-80 @ MM 120",
        "jpg_urls": [
          "https://iowadotsnapshot.us-east-1.skyvdn.com/thumbs/80tv120lb.flv.jpg"
        ],
        "m3u8_urls": [
          "https://iowadotsfs1.us-east-1.skyvdn.com:443/rtplive/80tv120lb/playlist.m3u8"
        ],
        "views": [
          {
            "uri": "camera/59545747/4089125850",
            "category": "VIDEO",
            "jpg_url": "https://iowadotsnapshot.us-east-1.skyvdn.com/thumbs/80tv120lb.flv.jpg",
            "m3u8_url": "https://iowadotsfs1.us-east-1.skyvdn.com:443/rtplive/80tv120lb/playlist.m3u8"
          }
        ]
      }
    },
    {
      "type": "Feature",
      "geometry": {
        "type": "Point",
        "coordinates": [
          -95.73034,
          41.34132
        ]
      },
      "properties": {
        "camera_uri": "camera/59546058",
        "title": "I-80: I-80 @ MM 13.6",
        "jpg_urls": [
          "https://iowadotsnapshot.us-east-1.skyvdn.com/thumbs/80tv014lb.flv.jpg"
        ],
        "m3u8_urls": [
          "https://iowadotsfs1.us-east-1.skyvdn.com:443/rtplive/80tv014lb/playlist.m3u8"
        ],
        "views": [
          {
            "uri": "camera/59546058/762059571",
            "category": "VIDEO",
            "jpg_url": "https://iowadotsnapshot.us-east-1.skyvdn.com/thumbs/80tv014lb.flv.jpg",
            "m3u8_url": "https://iowadotsfs1.us-east-1.skyvdn.com:443/rtplive/80tv014lb/playlist.m3u8"
          }
        ]
      }
    },
    {
      "type": "Feature",
      "geometry": {
        "type": "Point",
        "coordinates": [
          -93.40634,
          41.67982
        ]
      },
      "properties": {
        "camera_uri": "camera/59546107",
        "title": "I-80: I-80 @ MM 147",
        "jpg_urls": [
          "https://iowadotsnapshot.us-east-1.skyvdn.com/thumbs/80TV147lb.flv.jpg"
        ],
        "m3u8_urls": [
          "https://iowadotsfs1.us-east-1.skyvdn.com:443/rtplive/80TV147lb/playlist.m3u8"
        ],
        "views": [
          {
            "uri": "camera/59546107/3658570651",
            "category": "VIDEO",
            "jpg_url": "https://iowadotsnapshot.us-east-1.skyvdn.com/thumbs/80TV147lb.flv.jpg",
            "m3u8_url": "https://iowadotsfs1.us-east-1.skyvdn.com:443/rtplive/80TV147lb/playlist.m3u8"
          }
        ]
      }
    },
    {
      "type": "Feature",
      "geometry": {
        "type": "Point",
        "coordinates": [
          -93.36764,
          41.68073
        ]
      },
      "properties": {
        "camera_uri": "camera/59545976",
        "title": "I-80: I-80 @ MM 149",
        "jpg_urls": [
          "https://iowadotsnapshot.us-east-1.skyvdn.com/thumbs/80TV149lb.flv.jpg"
        ],
        "m3u8_urls": [
          "https://iowadotsfs1.us-east-1.skyvdn.com:443/rtplive/80TV149lb/playlist.m3u8"
        ],
        "views": [
          {
            "uri": "camera/59545976/872517013",
            "category": "VIDEO",
            "jpg_url": "https://iowadotsnapshot.us-east-1.skyvdn.com/thumbs/80TV149lb.flv.jpg",
            "m3u8_url": "https://iowadotsfs1.us-east-1.skyvdn.com:443/rtplive/80TV149lb/playlist.m3u8"
          }
        ]
      }
    },
    {
      "type": "Feature",
      "geometry": {
        "type": "Point",
        "coordinates": [
          -95.70165,
          41.35026
        ]
      },
      "properties": {
        "camera_uri": "camera/59545700",
        "title": "I-80: I-80 @ MM 15.3",
        "jpg_urls": [
          "https://iowadotsnapshot.us-east-1.skyvdn.com/thumbs/80tv015lb.flv.jpg"
        ],
        "m3u8_urls": [
          "https://iowadotsfs1.us-east-1.skyvdn.com:443/rtplive/80tv015lb/playlist.m3u8"
        ],
        "views": [
          {
            "uri": "camera/59545700/3016503120",
            "category": "VIDEO",
            "jpg_url": "https://iowadotsnapshot.us-east-1.skyvdn.com/thumbs/80tv015lb.flv.jpg",
            "m3u8_url": "https://iowadotsfs1.us-east-1.skyvdn.com:443/rtplive/80tv015lb/playlist.m3u8"
          }
        ]
      }
    },
    {
      "type": "Feature",
      "geometry": {
        "type": "Point",
        "coordinates": [
          -93.33983,
          41.68108
        ]
      },
      "properties": {
        "camera_uri": "camera/59545951",
        "title": "I-80: I-80 @ MM 150",
        "jpg_urls": [
          "https://iowadotsnapshot.us-east-1.skyvdn.com/thumbs/80TV150lb.flv.jpg"
        ],
        "m3u8_urls": [
          "https://iowadotsfs1.us-east-1.skyvdn.com:443/rtplive/80TV150lb/playlist.m3u8"
        ],
        "views": [
          {
            "uri": "camera/59545951/1043616445",
            "category": "VIDEO",
            "jpg_url": "https://iowadotsnapshot.us-east-1.skyvdn.com/thumbs/80TV150lb.flv.jpg",
            "m3u8_url": "https://iowadotsfs1.us-east-1.skyvdn.com:443/rtplive/80TV150lb/playlist.m3u8"
          }
        ]
      }
    },
    {
      "type": "Feature",
      "geometry": {
        "type": "Point",
        "coordinates": [
          -93.29984,
          41.6818
        ]
      },
      "properties": {
        "camera_uri": "camera/59546250",
        "title": "I-80: I-80 @ MM 152",
        "jpg_urls": [
          "https://iowadotsnapshot.us-east-1.skyvdn.com/thumbs/80TV152lb.flv.jpg"
        ],
        "m3u8_urls": [
          "https://iowadotsfs1.us-east-1.skyvdn.com:443/rtplive/80TV152lb/playlist.m3u8"
        ],
        "views": [
          {
            "uri": "camera/59546250/3544745407",
            "category": "VIDEO",
            "jpg_url": "https://iowadotsnapshot.us-east-1.skyvdn.com/thumbs/80TV152lb.flv.jpg",
            "m3u8_url": "https://iowadotsfs1.us-east-1.skyvdn.com:443/rtplive/80TV152lb/playlist.m3u8"
          }
        ]
      }
    },
    {
      "type": "Feature",
      "geometry": {
        "type": "Point",
        "coordinates": [
          -93.26598,
          41.68809
        ]
      },
      "properties": {
        "camera_uri": "camera/59546172",
        "title": "I-80: I-80 @ MM 154",
        "jpg_urls": [
          "https://iowadotsnapshot.us-east-1.skyvdn.com/thumbs/80TV154lb.flv.jpg"
        ],
        "m3u8_urls": [
          "https://iowadotsfs1.us-east-1.skyvdn.com:443/rtplive/80TV154lb/playlist.m3u8"
        ],
        "views": [
          {
            "uri": "camera/59546172/1182676409",
            "category": "VIDEO",
            "jpg_url": "https://iowadotsnapshot.us-east-1.skyvdn.com/thumbs/80TV154lb.flv.jpg",
            "m3u8_url": "https://iowadotsfs1.us-east-1.skyvdn.com:443/rtplive/80TV154lb/playlist.m3u8"
          }
        ]
      }
    },
    {
      "type": "Feature",
      "geometry": {
        "type": "Point",
        "coordinates": [
          -93.24752,
          41.69201
        ]
      },
      "properties": {
        "camera_uri": "camera/59546259",
        "title": "I-80: I-80 @ MM 155",
        "jpg_urls": [
          "https://iowadotsnapshot.us-east-1.skyvdn.com/thumbs/80TV155lb.flv.jpg"
        ],
        "m3u8_urls": [
          "https://iowadotsfs1.us-east-1.skyvdn.com:443/rtplive/80TV155lb/playlist.m3u8"
        ],
        "views": [
          {
            "uri": "camera/59546259/1357857912",
            "category": "VIDEO",
            "jpg_url": "https://iowadotsnapshot.us-east-1.skyvdn.com/thumbs/80TV155lb.flv.jpg",
            "m3u8_url": "https://iowadotsfs1.us-east-1.skyvdn.com:443/rtplive/80TV155lb/playlist.m3u8"
          }
        ]
      }
    },
    {
      "type": "Feature",
      "geometry": {
        "type": "Point",
        "coordinates": [
          -93.17672,
          41.68945
        ]
      },
      "properties": {
        "camera_uri": "camera/59546163",
        "title": "I-80: I-80 @ MM 159",
        "jpg_urls": [
          "https://iowadotsnapshot.us-east-1.skyvdn.com/thumbs/80TV159lb.flv.jpg"
        ],
        "m3u8_urls": [
          "https://iowadotsfs1.us-east-1.skyvdn.com:443/rtplive/80TV159lb/playlist.m3u8"
        ],
        "views": [
          {
            "uri": "camera/59546163/1072933236",
            "category": "VIDEO",
            "jpg_url": "https://iowadotsnapshot.us-east-1.skyvdn.com/thumbs/80TV159lb.flv.jpg",
            "m3u8_url": "https://iowadotsfs1.us-east-1.skyvdn.com:443/rtplive/80TV159lb/playlist.m3u8"
          }
        ]
      }
    },
    {
      "type": "Feature",
      "geometry": {
        "type": "Point",
        "coordinates": [
          -93.13743,
          41.68292
        ]
      },
      "properties": {
        "camera_uri": "camera/59545970",
        "title": "I-80: I-80 @ MM 161",
        "jpg_urls": [
          "https://iowadotsnapshot.us-east-1.skyvdn.com/thumbs/80TV161lb.flv.jpg"
        ],
        "m3u8_urls": [
          "https://iowadotsfs1.us-east-1.skyvdn.com:443/rtplive/80TV161lb/playlist.m3u8"
        ],
        "views": [
          {
            "uri": "camera/59545970/1617002591",
            "category": "VIDEO",
            "jpg_url": "https://iowadotsnapshot.us-east-1.skyvdn.com/thumbs/80TV161lb.flv.jpg",
            "m3u8_url": "https://iowadotsfs1.us-east-1.skyvdn.com:443/rtplive/80TV161lb/playlist.m3u8"
          }
        ]
      }
    },
    {
      "type": "Feature",
      "geometry": {
        "type": "Point",
        "coordinates": [
          -95.67487,
          41.37615
        ]
      },
      "properties": {
        "camera_uri": "camera/59545777",
        "title": "I-80: I-80 @ MM 17.5",
        "jpg_urls": [
          "https://iowadotsnapshot.us-east-1.skyvdn.com/thumbs/80tv018lb.flv.jpg"
        ],
        "m3u8_urls": [
          "https://iowadotsfs2.us-east-1.skyvdn.com:443/rtplive/80tv018lb/playlist.m3u8"
        ],
        "views": [
          {
            "uri": "camera/59545777/1628603348",
            "category": "VIDEO",
            "jpg_url": "https://iowadotsnapshot.us-east-1.skyvdn.com/thumbs/80tv018lb.flv.jpg",
            "m3u8_url": "https://iowadotsfs2.us-east-1.skyvdn.com:443/rtplive/80tv018lb/playlist.m3u8"
          }
        ]
      }
    },
    {
      "type": "Feature",
      "geometry": {
        "type": "Point",
        "coordinates": [
          -95.6682,
          41.39283
        ]
      },
      "properties": {
        "camera_uri": "camera/59546151",
        "title": "I-80: I-80 @ MM 18.8",
        "jpg_urls": [
          "https://iowadotsnapshot.us-east-1.skyvdn.com/thumbs/80tv019lb.flv.jpg"
        ],
        "m3u8_urls": [
          "https://iowadotsfs1.us-east-1.skyvdn.com:443/rtplive/80tv019lb/playlist.m3u8"
        ],
        "views": [
          {
            "uri": "camera/59546151/3577637526",
            "category": "VIDEO",
            "jpg_url": "https://iowadotsnapshot.us-east-1.skyvdn.com/thumbs/80tv019lb.flv.jpg",
            "m3u8_url": "https://iowadotsfs1.us-east-1.skyvdn.com:443/rtplive/80tv019lb/playlist.m3u8"
          }
        ]
      }
    },
    {
      "type": "Feature",
      "geometry": {
        "type": "Point",
        "coordinates": [
          -92.76718,
          41.69485
        ]
      },
      "properties": {
        "camera_uri": "camera/59546338",
        "title": "I-80: I-80 @ MM 181",
        "jpg_urls": [
          "https://iowadotsnapshot.us-east-1.skyvdn.com/thumbs/80TV181lb.flv.jpg"
        ],
        "m3u8_urls": [
          "https://iowadotsfs1.us-east-1.skyvdn.com:443/rtplive/80TV181lb/playlist.m3u8"
        ],
        "views": [
          {
            "uri": "camera/59546338/3265052689",
            "category": "VIDEO",
            "jpg_url": "https://iowadotsnapshot.us-east-1.skyvdn.com/thumbs/80TV181lb.flv.jpg",
            "m3u8_url": "https://iowadotsfs1.us-east-1.skyvdn.com:443/rtplive/80TV181lb/playlist.m3u8"
          }
        ]
      }
    },
    {
      "type": "Feature",
      "geometry": {
        "type": "Point",
        "coordinates": [
          -92.72665,
          41.69608
        ]
      },
      "properties": {
        "camera_uri": "camera/59545779",
        "title": "I-80: I-80 @ MM 182",
        "jpg_urls": [
          "https://iowadotsnapshot.us-east-1.skyvdn.com/thumbs/80TV183lb.flv.jpg"
        ],
        "m3u8_urls": [
          "https://iowadotsfs1.us-east-1.skyvdn.com:443/rtplive/80TV183lb/playlist.m3u8"
        ],
        "views": [
          {
            "uri": "camera/59545779/2087041810",
            "category": "VIDEO",
            "jpg_url": "https://iowadotsnapshot.us-east-1.skyvdn.com/thumbs/80TV183lb.flv.jpg",
            "m3u8_url": "https://iowadotsfs1.us-east-1.skyvdn.com:443/rtplive/80TV183lb/playlist.m3u8"
          }
        ]
      }
    },
    {
      "type": "Feature",
      "geometry": {
        "type": "Point",
        "coordinates": [
          -92.69732,
          41.69533
        ]
      },
      "properties": {
        "camera_uri": "camera/59545995",
        "title": "I-80: I-80 @ MM 184",
        "jpg_urls": [
          "https://iowadotsnapshot.us-east-1.skyvdn.com/thumbs/80TV184lb.flv.jpg"
        ],
        "m3u8_urls": [
          "https://iowadotsfs1.us-east-1.skyvdn.com:443/rtplive/80TV184lb/playlist.m3u8"
        ],
        "views": [
          {
            "uri": "camera/59545995/3629548564",
            "category": "VIDEO",
            "jpg_url": "https://iowadotsnapshot.us-east-1.skyvdn.com/thumbs/80TV184lb.flv.jpg",
            "m3u8_url": "https://iowadotsfs1.us-east-1.skyvdn.com:443/rtplive/80TV184lb/playlist.m3u8"
          }
        ]
      }
    },
    {
      "type": "Feature",
      "geometry": {
        "type": "Point",
        "coordinates": [
          -92.67011,
          41.69522
        ]
      },
      "properties": {
        "camera_uri": "camera/59546322",
        "title": "I-80: I-80 @ MM 186",
        "jpg_urls": [
          "https://iowadotsnapshot.us-east-1.skyvdn.com/thumbs/80TV186lb.flv.jpg"
        ],
        "m3u8_urls": [
          "https://iowadotsfs1.us-east-1.skyvdn.com:443/rtplive/80TV186lb/playlist.m3u8"
        ],
        "views": [
          {
            "uri": "camera/59546322/2159965974",
            "category": "VIDEO",
            "jpg_url": "https://iowadotsnapshot.us-east-1.skyvdn.com/thumbs/80TV186lb.flv.jpg",
            "m3u8_url": "https://iowadotsfs1.us-east-1.skyvdn.com:443/rtplive/80TV186lb/playlist.m3u8"
          }
        ]
      }
    },
    {
      "type": "Feature",
      "geometry": {
        "type": "Point",
        "coordinates": [
          -92.62944,
          41.69617
        ]
      },
      "properties": {
        "camera_uri": "camera/59546365",
        "title": "I-80: I-80 @ MM 188",
        "jpg_urls": [
          "https://iowadotsnapshot.us-east-1.skyvdn.com/thumbs/80TV188lb.flv.jpg"
        ],
        "m3u8_urls": [
          "https://iowadotsfs1.us-east-1.skyvdn.com:443/rtplive/80TV188lb/playlist.m3u8"
        ],
        "views": [
          {
            "uri": "camera/59546365/3278520856",
            "category": "VIDEO",
            "jpg_url": "https://iowadotsnapshot.us-east-1.skyvdn.com/thumbs/80TV188lb.flv.jpg",
            "m3u8_url": "https://iowadotsfs1.us-east-1.skyvdn.com:443/rtplive/80TV188lb/playlist.m3u8"
          }
        ]
      }
    },
    {
      "type": "Feature",
      "geometry": {
        "type": "Point",
        "coordinates": [
          -92.59087,
          41.69551
        ]
      },
      "properties": {
        "camera_uri": "camera/59545735",
        "title": "I-80: I-80 @ MM 190",
        "jpg_urls": [
          "https://iowadotsnapshot.us-east-1.skyvdn.com/thumbs/80TV190lb.flv.jpg"
        ],
        "m3u8_urls": [
          "https://iowadotsfs1.us-east-1.skyvdn.com:443/rtplive/80TV190lb/playlist.m3u8"
        ],
        "views": [
          {
            "uri": "camera/59545735/3290287409",
            "category": "VIDEO",
            "jpg_url": "https://iowadotsnapshot.us-east-1.skyvdn.com/thumbs/80TV190lb.flv.jpg",
            "m3u8_url": "https://iowadotsfs1.us-east-1.skyvdn.com:443/rtplive/80TV190lb/playlist.m3u8"
          }
        ]
      }
    },
    {
      "type": "Feature",
      "geometry": {
        "type": "Point",
        "coordinates": [
          -92.55272,
          41.69666
        ]
      },
      "properties": {
        "camera_uri": "camera/59546118",
        "title": "I-80: I-80 @ MM 192",
        "jpg_urls": [
          "https://iowadotsnapshot.us-east-1.skyvdn.com/thumbs/80TV192lb.flv.jpg"
        ],
        "m3u8_urls": [
          "https://iowadotsfs1.us-east-1.skyvdn.com:443/rtplive/80TV192lb/playlist.m3u8"
        ],
        "views": [
          {
            "uri": "camera/59546118/1496449075",
            "category": "VIDEO",
            "jpg_url": "https://iowadotsnapshot.us-east-1.skyvdn.com/thumbs/80TV192lb.flv.jpg",
            "m3u8_url": "https://iowadotsfs1.us-east-1.skyvdn.com:443/rtplive/80TV192lb/playlist.m3u8"
          }
        ]
      }
    },
    {
      "type": "Feature",
      "geometry": {
        "type": "Point",
        "coordinates": [
          -92.50419,
          41.69447
        ]
      },
      "properties": {
        "camera_uri": "camera/59545889",
        "title": "I-80: I-80 @ MM 194",
        "jpg_urls": [
          "https://iowadotsnapshot.us-east-1.skyvdn.com/thumbs/80TV194lb.flv.jpg"
        ],
        "m3u8_urls": [
          "https://iowadotsfs1.us-east-1.skyvdn.com:443/rtplive/80TV194lb/playlist.m3u8"
        ],
        "views": [
          {
            "uri": "camera/59545889/3363211573",
            "category": "VIDEO",
            "jpg_url": "https://iowadotsnapshot.us-east-1.skyvdn.com/thumbs/80TV194lb.flv.jpg",
            "m3u8_url": "https://iowadotsfs1.us-east-1.skyvdn.com:443/rtplive/80TV194lb/playlist.m3u8"
          }
        ]
      }
    },
    {
      "type": "Feature",
      "geometry": {
        "type": "Point",
        "coordinates": [
          -92.46563,
          41.69506
        ]
      },
      "properties": {
        "camera_uri": "camera/59546330",
        "title": "I-80: I-80 @ MM 196",
        "jpg_urls": [
          "https://iowadotsnapshot.us-east-1.skyvdn.com/thumbs/80TV196lb.flv.jpg"
        ],
        "m3u8_urls": [
          "https://iowadotsfs1.us-east-1.skyvdn.com:443/rtplive/80TV196lb/playlist.m3u8"
        ],
        "views": [
          {
            "uri": "camera/59546330/1569373239",
            "category": "VIDEO",
            "jpg_url": "https://iowadotsnapshot.us-east-1.skyvdn.com/thumbs/80TV196lb.flv.jpg",
            "m3u8_url": "https://iowadotsfs1.us-east-1.skyvdn.com:443/rtplive/80TV196lb/playlist.m3u8"
          }
        ]
      }
    },
    {
      "type": "Feature",
      "geometry": {
        "type": "Point",
        "coordinates": [
          -92.44643,
          41.69592
        ]
      },
      "properties": {
        "camera_uri": "camera/59546285",
        "title": "I-80: I-80 @ MM 197",
        "jpg_urls": [
          "https://iowadotsnapshot.us-east-1.skyvdn.com/thumbs/80TV197lb.flv.jpg"
        ],
        "m3u8_urls": [
          "https://iowadotsfs1.us-east-1.skyvdn.com:443/rtplive/80TV197lb/playlist.m3u8"
        ],
        "views": [
          {
            "uri": "camera/59546285/2068810486",
            "category": "VIDEO",
            "jpg_url": "https://iowadotsnapshot.us-east-1.skyvdn.com/thumbs/80TV197lb.flv.jpg",
            "m3u8_url": "https://iowadotsfs1.us-east-1.skyvdn.com:443/rtplive/80TV197lb/playlist.m3u8"
          }
        ]
      }
    },
    {
      "type": "Feature",
      "geometry": {
        "type": "Point",
        "coordinates": [
          -92.42146,
          41.69577
        ]
      },
      "properties": {
        "camera_uri": "camera/59546096",
        "title": "I-80: I-80 @ MM 198",
        "jpg_urls": [
          "https://iowadotsnapshot.us-east-1.skyvdn.com/thumbs/80TV198lb.flv.jpg"
        ],
        "m3u8_urls": [
          "https://iowadotsfs1.us-east-1.skyvdn.com:443/rtplive/80TV198lb/playlist.m3u8"
        ],
        "views": [
          {
            "uri": "camera/59546096/3012183865",
            "category": "VIDEO",
            "jpg_url": "https://iowadotsnapshot.us-east-1.skyvdn.com/thumbs/80TV198lb.flv.jpg",
            "m3u8_url": "https://iowadotsfs1.us-east-1.skyvdn.com:443/rtplive/80TV198lb/playlist.m3u8"
          }
        ]
      }
    },
    {
      "type": "Feature",
      "geometry": {
        "type": "Point",
        "coordinates": [
          -95.65041,
          41.41062
        ]
      },
      "properties": {
        "camera_uri": "camera/59546101",
        "title": "I-80: I-80 @ MM 20.3",
        "jpg_urls": [
          "https://iowadotsnapshot.us-east-1.skyvdn.com/thumbs/80tv020lb.flv.jpg"
        ],
        "m3u8_urls": [
          "https://iowadotsfs1.us-east-1.skyvdn.com:443/rtplive/80tv020lb/playlist.m3u8"
        ],
        "views": [
          {
            "uri": "camera/59546101/2874426870",
            "category": "VIDEO",
            "jpg_url": "https://iowadotsnapshot.us-east-1.skyvdn.com/thumbs/80tv020lb.flv.jpg",
            "m3u8_url": "https://iowadotsfs1.us-east-1.skyvdn.com:443/rtplive/80tv020lb/playlist.m3u8"
          }
        ]
      }
    },
    {
      "type": "Feature",
      "geometry": {
        "type": "Point",
        "coordinates": [
          -92.39656,
          41.69649
        ]
      },
      "properties": {
        "camera_uri": "camera/59545872",
        "title": "I-80: I-80 @ MM 200",
        "jpg_urls": [
          "https://iowadotsnapshot.us-east-1.skyvdn.com/thumbs/80TV200lb.flv.jpg"
        ],
        "m3u8_urls": [
          "https://iowadotsfs1.us-east-1.skyvdn.com:443/rtplive/80TV200lb/playlist.m3u8"
        ],
        "views": [
          {
            "uri": "camera/59545872/1290166171",
            "category": "VIDEO",
            "jpg_url": "https://iowadotsnapshot.us-east-1.skyvdn.com/thumbs/80TV200lb.flv.jpg",
            "m3u8_url": "https://iowadotsfs1.us-east-1.skyvdn.com:443/rtplive/80TV200lb/playlist.m3u8"
          }
        ]
      }
    },
    {
      "type": "Feature",
      "geometry": {
        "type": "Point",
        "coordinates": [
          -92.35748,
          41.69526
        ]
      },
      "properties": {
        "camera_uri": "camera/59546098",
        "title": "I-80: I-80 @ MM 202",
        "jpg_urls": [
          "https://iowadotsnapshot.us-east-1.skyvdn.com/thumbs/80TV202lb.flv.jpg"
        ],
        "m3u8_urls": [
          "https://iowadotsfs1.us-east-1.skyvdn.com:443/rtplive/80TV202lb/playlist.m3u8"
        ],
        "views": [
          {
            "uri": "camera/59546098/3755703705",
            "category": "VIDEO",
            "jpg_url": "https://iowadotsnapshot.us-east-1.skyvdn.com/thumbs/80TV202lb.flv.jpg",
            "m3u8_url": "https://iowadotsfs1.us-east-1.skyvdn.com:443/rtplive/80TV202lb/playlist.m3u8"
          }
        ]
      }
    },
    {
      "type": "Feature",
      "geometry": {
        "type": "Point",
        "coordinates": [
          -92.31949,
          41.6959
        ]
      },
      "properties": {
        "camera_uri": "camera/59545887",
        "title": "I-80: I-80 @ MM 204",
        "jpg_urls": [
          "https://iowadotsnapshot.us-east-1.skyvdn.com/thumbs/80TV204lb.flv.jpg"
        ],
        "m3u8_urls": [
          "https://iowadotsfs1.us-east-1.skyvdn.com:443/rtplive/80TV204lb/playlist.m3u8"
        ],
        "views": [
          {
            "uri": "camera/59545887/1363090335",
            "category": "VIDEO",
            "jpg_url": "https://iowadotsnapshot.us-east-1.skyvdn.com/thumbs/80TV204lb.flv.jpg",
            "m3u8_url": "https://iowadotsfs1.us-east-1.skyvdn.com:443/rtplive/80TV204lb/playlist.m3u8"
          }
        ]
      }
    },
    {
      "type": "Feature",
      "geometry": {
        "type": "Point",
        "coordinates": [
          -92.30028,
          41.69608
        ]
      },
      "properties": {
        "camera_uri": "camera/59546455",
        "title": "I-80: I-80 @ MM 205",
        "jpg_urls": [
          "https://iowadotsnapshot.us-east-1.skyvdn.com/thumbs/80TV205lb.flv.jpg"
        ],
        "m3u8_urls": [
          "https://iowadotsfs1.us-east-1.skyvdn.com:443/rtplive/80TV205lb/playlist.m3u8"
        ],
        "views": [
          {
            "uri": "camera/59546455/1537076126",
            "category": "VIDEO",
            "jpg_url": "https://iowadotsnapshot.us-east-1.skyvdn.com/thumbs/80TV205lb.flv.jpg",
            "m3u8_url": "https://iowadotsfs1.us-east-1.skyvdn.com:443/rtplive/80TV205lb/playlist.m3u8"
          }
        ]
      }
    },
    {
      "type": "Feature",
      "geometry": {
        "type": "Point",
        "coordinates": [
          -92.28009,
          41.69585
        ]
      },
      "properties": {
        "camera_uri": "camera/59545807",
        "title": "I-80: I-80 @ MM 206",
        "jpg_urls": [
          "https://iowadotsnapshot.us-east-1.skyvdn.com/thumbs/80tv206lb.flv.jpg"
        ],
        "m3u8_urls": [
          "https://iowadotsfs1.us-east-1.skyvdn.com:443/rtplive/80tv206lb/playlist.m3u8"
        ],
        "views": [
          {
            "uri": "camera/59545807/3828627869",
            "category": "VIDEO",
            "jpg_url": "https://iowadotsnapshot.us-east-1.skyvdn.com/thumbs/80tv206lb.flv.jpg",
            "m3u8_url": "https://iowadotsfs1.us-east-1.skyvdn.com:443/rtplive/80tv206lb/playlist.m3u8"
          }
        ]
      }
    },
    {
      "type": "Feature",
      "geometry": {
        "type": "Point",
        "coordinates": [
          -92.24117,
          41.69618
        ]
      },
      "properties": {
        "camera_uri": "camera/59545686",
        "title": "I-80: I-80 @ MM 208",
        "jpg_urls": [
          "https://iowadotsnapshot.us-east-1.skyvdn.com/thumbs/80TV208lb.flv.jpg"
        ],
        "m3u8_urls": [
          "https://iowadotsfs1.us-east-1.skyvdn.com:443/rtplive/80TV208lb/playlist.m3u8"
        ],
        "views": [
          {
            "uri": "camera/59545686/1144301459",
            "category": "VIDEO",
            "jpg_url": "https://iowadotsnapshot.us-east-1.skyvdn.com/thumbs/80TV208lb.flv.jpg",
            "m3u8_url": "https://iowadotsfs1.us-east-1.skyvdn.com:443/rtplive/80TV208lb/playlist.m3u8"
          }
        ]
      }
    },
    {
      "type": "Feature",
      "geometry": {
        "type": "Point",
        "coordinates": [
          -95.63015,
          41.42938
        ]
      },
      "properties": {
        "camera_uri": "camera/59545905",
        "title": "I-80: I-80 @ MM 21.9",
        "jpg_urls": [
          "https://iowadotsnapshot.us-east-1.skyvdn.com/thumbs/80tv022lb.flv.jpg"
        ],
        "m3u8_urls": [
          "https://iowadotsfs2.us-east-1.skyvdn.com:443/rtplive/80tv022lb/playlist.m3u8"
        ],
        "views": [
          {
            "uri": "camera/59545905/103395613",
            "category": "VIDEO",
            "jpg_url": "https://iowadotsnapshot.us-east-1.skyvdn.com/thumbs/80tv022lb.flv.jpg",
            "m3u8_url": "https://iowadotsfs2.us-east-1.skyvdn.com:443/rtplive/80tv022lb/playlist.m3u8"
          }
        ]
      }
    },
    {
      "type": "Feature",
      "geometry": {
        "type": "Point",
        "coordinates": [
          -92.16288,
          41.69576
        ]
      },
      "properties": {
        "camera_uri": "camera/59545859",
        "title": "I-80: I-80 @ MM 212",
        "jpg_urls": [
          "https://iowadotsnapshot.us-east-1.skyvdn.com/thumbs/80tv212lb.flv.jpg"
        ],
        "m3u8_urls": [
          "https://iowadotsfs1.us-east-1.skyvdn.com:443/rtplive/80tv212lb/playlist.m3u8"
        ],
        "views": [
          {
            "uri": "camera/59545859/3699550520",
            "category": "VIDEO",
            "jpg_url": "https://iowadotsnapshot.us-east-1.skyvdn.com/thumbs/80tv212lb.flv.jpg",
            "m3u8_url": "https://iowadotsfs1.us-east-1.skyvdn.com:443/rtplive/80tv212lb/playlist.m3u8"
          }
        ]
      }
    },
    {
      "type": "Feature",
      "geometry": {
        "type": "Point",
        "coordinates": [
          -92.12394,
          41.69413
        ]
      },
      "properties": {
        "camera_uri": "camera/59546263",
        "title": "I-80: I-80 @ MM 214",
        "jpg_urls": [
          "https://iowadotsnapshot.us-east-1.skyvdn.com/thumbs/80TV214lb.flv.jpg"
        ],
        "m3u8_urls": [
          "https://iowadotsfs1.us-east-1.skyvdn.com:443/rtplive/80TV214lb/playlist.m3u8"
        ],
        "views": [
          {
            "uri": "camera/59546263/1306937150",
            "category": "VIDEO",
            "jpg_url": "https://iowadotsnapshot.us-east-1.skyvdn.com/thumbs/80TV214lb.flv.jpg",
            "m3u8_url": "https://iowadotsfs1.us-east-1.skyvdn.com:443/rtplive/80TV214lb/playlist.m3u8"
          }
        ]
      }
    },
    {
      "type": "Feature",
      "geometry": {
        "type": "Point",
        "coordinates": [
          -92.10167,
          41.69297
        ]
      },
      "properties": {
        "camera_uri": "camera/59545736",
        "title": "I-80: I-80 @ MM 215",
        "jpg_urls": [
          "https://iowadotsnapshot.us-east-1.skyvdn.com/thumbs/80TV215lb.flv.jpg"
        ],
        "m3u8_urls": [
          "https://iowadotsfs1.us-east-1.skyvdn.com:443/rtplive/80TV215lb/playlist.m3u8"
        ],
        "views": [
          {
            "uri": "camera/59545736/1527308543",
            "category": "VIDEO",
            "jpg_url": "https://iowadotsnapshot.us-east-1.skyvdn.com/thumbs/80TV215lb.flv.jpg",
            "m3u8_url": "https://iowadotsfs1.us-east-1.skyvdn.com:443/rtplive/80TV215lb/playlist.m3u8"
          }
        ]
      }
    },
    {
      "type": "Feature",
      "geometry": {
        "type": "Point",
        "coordinates": [
          -92.06583,
          41.68923
        ]
      },
      "properties": {
        "camera_uri": "camera/59545744",
        "title": "I-80: I-80 @ MM 217",
        "jpg_urls": [
          "https://iowadotsnapshot.us-east-1.skyvdn.com/thumbs/80TV217lb.flv.jpg"
        ],
        "m3u8_urls": [
          "https://iowadotsfs1.us-east-1.skyvdn.com:443/rtplive/80TV217lb/playlist.m3u8"
        ],
        "views": [
          {
            "uri": "camera/59545744/3668590333",
            "category": "VIDEO",
            "jpg_url": "https://iowadotsnapshot.us-east-1.skyvdn.com/thumbs/80TV217lb.flv.jpg",
            "m3u8_url": "https://iowadotsfs1.us-east-1.skyvdn.com:443/rtplive/80TV217lb/playlist.m3u8"
          }
        ]
      }
    },
    {
      "type": "Feature",
      "geometry": {
        "type": "Point",
        "coordinates": [
          -92.03488,
          41.68663
        ]
      },
      "properties": {
        "camera_uri": "camera/59546275",
        "title": "I-80: I-80 @ MM 219",
        "jpg_urls": [
          "https://iowadotsnapshot.us-east-1.skyvdn.com/thumbs/80TV219lb.flv.jpg"
        ],
        "m3u8_urls": [
          "https://iowadotsfs1.us-east-1.skyvdn.com:443/rtplive/80TV219lb/playlist.m3u8"
        ],
        "views": [
          {
            "uri": "camera/59546275/1308519667",
            "category": "VIDEO",
            "jpg_url": "https://iowadotsnapshot.us-east-1.skyvdn.com/thumbs/80TV219lb.flv.jpg",
            "m3u8_url": "https://iowadotsfs1.us-east-1.skyvdn.com:443/rtplive/80TV219lb/playlist.m3u8"
          }
        ]
      }
    },
    {
      "type": "Feature",
      "geometry": {
        "type": "Point",
        "coordinates": [
          -92.00858,
          41.68729
        ]
      },
      "properties": {
        "camera_uri": "camera/59545682",
        "title": "I-80: I-80 @ MM 220",
        "jpg_urls": [
          "https://iowadotsnapshot.us-east-1.skyvdn.com/thumbs/80tv220lb.flv.jpg"
        ],
        "m3u8_urls": [
          "https://iowadotsfs1.us-east-1.skyvdn.com:443/rtplive/80tv220lb/playlist.m3u8"
        ],
        "views": [
          {
            "uri": "camera/59545682/1528939865",
            "category": "VIDEO",
            "jpg_url": "https://iowadotsnapshot.us-east-1.skyvdn.com/thumbs/80tv220lb.flv.jpg",
            "m3u8_url": "https://iowadotsfs1.us-east-1.skyvdn.com:443/rtplive/80tv220lb/playlist.m3u8"
          }
        ]
      }
    },
    {
      "type": "Feature",
      "geometry": {
        "type": "Point",
        "coordinates": [
          -91.96851,
          41.68658
        ]
      },
      "properties": {
        "camera_uri": "camera/59545827",
        "title": "I-80: I-80 @ MM 222",
        "jpg_urls": [
          "https://iowadotsnapshot.us-east-1.skyvdn.com/thumbs/80TV222lb.flv.jpg"
        ],
        "m3u8_urls": [
          "https://iowadotsfs1.us-east-1.skyvdn.com:443/rtplive/80TV222lb/playlist.m3u8"
        ],
        "views": [
          {
            "uri": "camera/59545827/1429149659",
            "category": "VIDEO",
            "jpg_url": "https://iowadotsnapshot.us-east-1.skyvdn.com/thumbs/80TV222lb.flv.jpg",
            "m3u8_url": "https://iowadotsfs1.us-east-1.skyvdn.com:443/rtplive/80TV222lb/playlist.m3u8"
          }
        ]
      }
    },
    {
      "type": "Feature",
      "geometry": {
        "type": "Point",
        "coordinates": [
          -91.94462,
          41.68775
        ]
      },
      "properties": {
        "camera_uri": "camera/59546047",
        "title": "I-80: I-80 @ MM 223",
        "jpg_urls": [
          "https://iowadotsnapshot.us-east-1.skyvdn.com/thumbs/80TV223lb.flv.jpg"
        ],
        "m3u8_urls": [
          "https://iowadotsfs1.us-east-1.skyvdn.com:443/rtplive/80TV223lb/playlist.m3u8"
        ],
        "views": [
          {
            "uri": "camera/59546047/1278879706",
            "category": "VIDEO",
            "jpg_url": "https://iowadotsnapshot.us-east-1.skyvdn.com/thumbs/80TV223lb.flv.jpg",
            "m3u8_url": "https://iowadotsfs1.us-east-1.skyvdn.com:443/rtplive/80TV223lb/playlist.m3u8"
          }
        ]
      }
    },
    {
      "type": "Feature",
      "geometry": {
        "type": "Point",
        "coordinates": [
          -91.90614,
          41.68764
        ]
      },
      "properties": {
        "camera_uri": "camera/59546440",
        "title": "I-80: I-80 @ MM 225",
        "jpg_urls": [
          "https://iowadotsnapshot.us-east-1.skyvdn.com/thumbs/80TV225lb.flv.jpg"
        ],
        "m3u8_urls": [
          "https://iowadotsfs1.us-east-1.skyvdn.com:443/rtplive/80TV225lb/playlist.m3u8"
        ],
        "views": [
          {
            "uri": "camera/59546440/1775849820",
            "category": "VIDEO",
            "jpg_url": "https://iowadotsnapshot.us-east-1.skyvdn.com/thumbs/80TV225lb.flv.jpg",
            "m3u8_url": "https://iowadotsfs1.us-east-1.skyvdn.com:443/rtplive/80TV225lb/playlist.m3u8"
          }
        ]
      }
    },
    {
      "type": "Feature",
      "geometry": {
        "type": "Point",
        "coordinates": [
          -91.88655,
          41.68735
        ]
      },
      "properties": {
        "camera_uri": "camera/59546198",
        "title": "I-80: I-80 @ MM 226",
        "jpg_urls": [
          "https://iowadotsnapshot.us-east-1.skyvdn.com/thumbs/80TV226lb.flv.jpg"
        ],
        "m3u8_urls": [
          "https://iowadotsfs1.us-east-1.skyvdn.com:443/rtplive/80TV226lb/playlist.m3u8"
        ],
        "views": [
          {
            "uri": "camera/59546198/1502073823",
            "category": "VIDEO",
            "jpg_url": "https://iowadotsnapshot.us-east-1.skyvdn.com/thumbs/80TV226lb.flv.jpg",
            "m3u8_url": "https://iowadotsfs1.us-east-1.skyvdn.com:443/rtplive/80TV226lb/playlist.m3u8"
          }
        ]
      }
    },
    {
      "type": "Feature",
      "geometry": {
        "type": "Point",
        "coordinates": [
          -95.61197,
          41.4404
        ]
      },
      "properties": {
        "camera_uri": "camera/59545831",
        "title": "I-80: I-80 @ MM 23.2",
        "jpg_urls": [
          "https://iowadotsnapshot.us-east-1.skyvdn.com/thumbs/80tv023lb.flv.jpg"
        ],
        "m3u8_urls": [
          "https://iowadotsfs2.us-east-1.skyvdn.com:443/rtplive/80tv023lb/playlist.m3u8"
        ],
        "views": [
          {
            "uri": "camera/59545831/1753950132",
            "category": "VIDEO",
            "jpg_url": "https://iowadotsnapshot.us-east-1.skyvdn.com/thumbs/80tv023lb.flv.jpg",
            "m3u8_url": "https://iowadotsfs2.us-east-1.skyvdn.com:443/rtplive/80tv023lb/playlist.m3u8"
          }
        ]
      }
    },
    {
      "type": "Feature",
      "geometry": {
        "type": "Point",
        "coordinates": [
          -95.59638,
          41.46217
        ]
      },
      "properties": {
        "camera_uri": "camera/59545869",
        "title": "I-80: I-80 @ MM 24.9",
        "jpg_urls": [
          "https://iowadotsnapshot.us-east-1.skyvdn.com/thumbs/80tv025lb.flv.jpg"
        ],
        "m3u8_urls": [
          "https://iowadotsfs1.us-east-1.skyvdn.com:443/rtplive/80tv025lb/playlist.m3u8"
        ],
        "views": [
          {
            "uri": "camera/59545869/2227793976",
            "category": "VIDEO",
            "jpg_url": "https://iowadotsnapshot.us-east-1.skyvdn.com/thumbs/80tv025lb.flv.jpg",
            "m3u8_url": "https://iowadotsfs1.us-east-1.skyvdn.com:443/rtplive/80tv025lb/playlist.m3u8"
          }
        ]
      }
    },
    {
      "type": "Feature",
      "geometry": {
        "type": "Point",
        "coordinates": [
          -91.30767,
          41.66324
        ]
      },
      "properties": {
        "camera_uri": "camera/59546213",
        "title": "I-80: I-80 @ MM 256.7",
        "jpg_urls": [
          "https://iowadotsnapshot.us-east-1.skyvdn.com/thumbs/80tv256lb.flv.jpg"
        ],
        "m3u8_urls": [
          "https://iowadotsfs2.us-east-1.skyvdn.com:443/rtplive/80tv256lb/playlist.m3u8"
        ],
        "views": [
          {
            "uri": "camera/59546213/3181722657",
            "category": "VIDEO",
            "jpg_url": "https://iowadotsnapshot.us-east-1.skyvdn.com/thumbs/80tv256lb.flv.jpg",
            "m3u8_url": "https://iowadotsfs2.us-east-1.skyvdn.com:443/rtplive/80tv256lb/playlist.m3u8"
          }
        ]
      }
    },
    {
      "type": "Feature",
      "geometry": {
        "type": "Point",
        "coordinates": [
          -95.58555,
          41.49069
        ]
      },
      "properties": {
        "camera_uri": "camera/59546402",
        "title": "I-80: I-80 @ MM 27",
        "jpg_urls": [
          "https://iowadotsnapshot.us-east-1.skyvdn.com/thumbs/80tv027lb.flv.jpg"
        ],
        "m3u8_urls": [
          "https://iowadotsfs2.us-east-1.skyvdn.com:443/rtplive/80tv027lb/playlist.m3u8"
        ],
        "views": [
          {
            "uri": "camera/59546402/709782764",
            "category": "VIDEO",
            "jpg_url": "https://iowadotsnapshot.us-east-1.skyvdn.com/thumbs/80tv027lb.flv.jpg",
            "m3u8_url": "https://iowadotsfs2.us-east-1.skyvdn.com:443/rtplive/80tv027lb/playlist.m3u8"
          }
        ]
      }
    },
    {
      "type": "Feature",
      "geometry": {
        "type": "Point",
        "coordinates": [
          -95.51093,
          41.50014
        ]
      },
      "properties": {
        "camera_uri": "camera/59545746",
        "title": "I-80: I-80 @ MM 31.2",
        "jpg_urls": [
          "https://iowadotsnapshot.us-east-1.skyvdn.com/thumbs/80tv031lb.flv.jpg"
        ],
        "m3u8_urls": [
          "https://iowadotsfs1.us-east-1.skyvdn.com:443/rtplive/80tv031lb/playlist.m3u8"
        ],
        "views": [
          {
            "uri": "camera/59545746/1435346807",
            "category": "VIDEO",
            "jpg_url": "https://iowadotsnapshot.us-east-1.skyvdn.com/thumbs/80tv031lb.flv.jpg",
            "m3u8_url": "https://iowadotsfs1.us-east-1.skyvdn.com:443/rtplive/80tv031lb/playlist.m3u8"
          }
        ]
      }
    },
    {
      "type": "Feature",
      "geometry": {
        "type": "Point",
        "coordinates": [
          -95.47979,
          41.49872
        ]
      },
      "properties": {
        "camera_uri": "camera/59546153",
        "title": "I-80: I-80 @ MM 32.8",
        "jpg_urls": [
          "https://iowadotsnapshot.us-east-1.skyvdn.com/thumbs/80tv033lb.flv.jpg"
        ],
        "m3u8_urls": [
          "https://iowadotsfs1.us-east-1.skyvdn.com:443/rtplive/80tv033lb/playlist.m3u8"
        ],
        "views": [
          {
            "uri": "camera/59546153/842912606",
            "category": "VIDEO",
            "jpg_url": "https://iowadotsnapshot.us-east-1.skyvdn.com/thumbs/80tv033lb.flv.jpg",
            "m3u8_url": "https://iowadotsfs1.us-east-1.skyvdn.com:443/rtplive/80tv033lb/playlist.m3u8"
          }
        ]
      }
    },
    {
      "type": "Feature",
      "geometry": {
        "type": "Point",
        "coordinates": [
          -95.45125,
          41.4984
        ]
      },
      "properties": {
        "camera_uri": "camera/59546458",
        "title": "I-80: I-80 @ MM 34.3",
        "jpg_urls": [
          "https://iowadotsnapshot.us-east-1.skyvdn.com/thumbs/80tv034lb.flv.jpg"
        ],
        "m3u8_urls": [
          "https://iowadotsfs2.us-east-1.skyvdn.com:443/rtplive/80tv034lb/playlist.m3u8"
        ],
        "views": [
          {
            "uri": "camera/59546458/2767961843",
            "category": "VIDEO",
            "jpg_url": "https://iowadotsnapshot.us-east-1.skyvdn.com/thumbs/80tv034lb.flv.jpg",
            "m3u8_url": "https://iowadotsfs2.us-east-1.skyvdn.com:443/rtplive/80tv034lb/playlist.m3u8"
          }
        ]
      }
    },
    {
      "type": "Feature",
      "geometry": {
        "type": "Point",
        "coordinates": [
          -95.40296,
          41.49791
        ]
      },
      "properties": {
        "camera_uri": "camera/59545832",
        "title": "I-80: I-80 @ MM 36.8",
        "jpg_urls": [
          "https://iowadotsnapshot.us-east-1.skyvdn.com/thumbs/80tv037lb.flv.jpg"
        ],
        "m3u8_urls": [
          "https://iowadotsfs1.us-east-1.skyvdn.com:443/rtplive/80tv037lb/playlist.m3u8"
        ],
        "views": [
          {
            "uri": "camera/59545832/3023464154",
            "category": "VIDEO",
            "jpg_url": "https://iowadotsnapshot.us-east-1.skyvdn.com/thumbs/80tv037lb.flv.jpg",
            "m3u8_url": "https://iowadotsfs1.us-east-1.skyvdn.com:443/rtplive/80tv037lb/playlist.m3u8"
          }
        ]
      }
    },
    {
      "type": "Feature",
      "geometry": {
        "type": "Point",
        "coordinates": [
          -95.37545,
          41.49731
        ]
      },
      "properties": {
        "camera_uri": "camera/59545742",
        "title": "I-80: I-80 @ MM 38.2",
        "jpg_urls": [
          "https://iowadotsnapshot.us-east-1.skyvdn.com/thumbs/80tv038lb.flv.jpg"
        ],
        "m3u8_urls": [
          "https://iowadotsfs2.us-east-1.skyvdn.com:443/rtplive/80tv038lb/playlist.m3u8"
        ],
        "views": [
          {
            "uri": "camera/59545742/1635564382",
            "category": "VIDEO",
            "jpg_url": "https://iowadotsnapshot.us-east-1.skyvdn.com/thumbs/80tv038lb.flv.jpg",
            "m3u8_url": "https://iowadotsfs2.us-east-1.skyvdn.com:443/rtplive/80tv038lb/playlist.m3u8"
          }
        ]
      }
    },
    {
      "type": "Feature",
      "geometry": {
        "type": "Point",
        "coordinates": [
          -95.33629,
          41.49797
        ]
      },
      "properties": {
        "camera_uri": "camera/59545646",
        "title": "I-80: I-80 @ MM 40.3",
        "jpg_urls": [
          "https://iowadotsnapshot.us-east-1.skyvdn.com/thumbs/80tv040lb.flv.jpg"
        ],
        "m3u8_urls": [
          "https://iowadotsfs1.us-east-1.skyvdn.com:443/rtplive/80tv040lb/playlist.m3u8"
        ],
        "views": [
          {
            "uri": "camera/59545646/1787752048",
            "category": "VIDEO",
            "jpg_url": "https://iowadotsnapshot.us-east-1.skyvdn.com/thumbs/80tv040lb.flv.jpg",
            "m3u8_url": "https://iowadotsfs1.us-east-1.skyvdn.com:443/rtplive/80tv040lb/playlist.m3u8"
          }
        ]
      }
    },
    {
      "type": "Feature",
      "geometry": {
        "type": "Point",
        "coordinates": [
          -95.29656,
          41.49879
        ]
      },
      "properties": {
        "camera_uri": "camera/59545948",
        "title": "I-80: I-80 @ MM 42",
        "jpg_urls": [
          "https://iowadotsnapshot.us-east-1.skyvdn.com/thumbs/80tv042lb.flv.jpg"
        ],
        "m3u8_urls": [
          "https://iowadotsfs1.us-east-1.skyvdn.com:443/rtplive/80tv042lb/playlist.m3u8"
        ],
        "views": [
          {
            "uri": "camera/59545948/4033162319",
            "category": "VIDEO",
            "jpg_url": "https://iowadotsnapshot.us-east-1.skyvdn.com/thumbs/80tv042lb.flv.jpg",
            "m3u8_url": "https://iowadotsfs1.us-east-1.skyvdn.com:443/rtplive/80tv042lb/playlist.m3u8"
          }
        ]
      }
    },
    {
      "type": "Feature",
      "geometry": {
        "type": "Point",
        "coordinates": [
          -95.25117,
          41.49775
        ]
      },
      "properties": {
        "camera_uri": "camera/59546411",
        "title": "I-80: I-80 @ MM 45",
        "jpg_urls": [
          "https://iowadotsnapshot.us-east-1.skyvdn.com/thumbs/80tv045lb.flv.jpg"
        ],
        "m3u8_urls": [
          "https://iowadotsfs1.us-east-1.skyvdn.com:443/rtplive/80tv045lb/playlist.m3u8"
        ],
        "views": [
          {
            "uri": "camera/59546411/4003557288",
            "category": "VIDEO",
            "jpg_url": "https://iowadotsnapshot.us-east-1.skyvdn.com/thumbs/80tv045lb.flv.jpg",
            "m3u8_url": "https://iowadotsfs1.us-east-1.skyvdn.com:443/rtplive/80tv045lb/playlist.m3u8"
          }
        ]
      }
    },
    {
      "type": "Feature",
      "geometry": {
        "type": "Point",
        "coordinates": [
          -95.22205,
          41.49697
        ]
      },
      "properties": {
        "camera_uri": "camera/59546043",
        "title": "I-80: I-80 @ MM 46",
        "jpg_urls": [
          "https://iowadotsnapshot.us-east-1.skyvdn.com/thumbs/80tv046lb.flv.jpg"
        ],
        "m3u8_urls": [
          "https://iowadotsfs1.us-east-1.skyvdn.com:443/rtplive/80tv046lb/playlist.m3u8"
        ],
        "views": [
          {
            "uri": "camera/59546043/363364043",
            "category": "VIDEO",
            "jpg_url": "https://iowadotsnapshot.us-east-1.skyvdn.com/thumbs/80tv046lb.flv.jpg",
            "m3u8_url": "https://iowadotsfs1.us-east-1.skyvdn.com:443/rtplive/80tv046lb/playlist.m3u8"
          }
        ]
      }
    },
    {
      "type": "Feature",
      "geometry": {
        "type": "Point",
        "coordinates": [
          -95.17387,
          41.49836
        ]
      },
      "properties": {
        "camera_uri": "camera/59546230",
        "title": "I-80: I-80 @ MM 49",
        "jpg_urls": [
          "https://iowadotsnapshot.us-east-1.skyvdn.com/thumbs/80tv049lb.flv.jpg"
        ],
        "m3u8_urls": [
          "https://iowadotsfs1.us-east-1.skyvdn.com:443/rtplive/80tv049lb/playlist.m3u8"
        ],
        "views": [
          {
            "uri": "camera/59546230/3444507684",
            "category": "VIDEO",
            "jpg_url": "https://iowadotsnapshot.us-east-1.skyvdn.com/thumbs/80tv049lb.flv.jpg",
            "m3u8_url": "https://iowadotsfs1.us-east-1.skyvdn.com:443/rtplive/80tv049lb/playlist.m3u8"
          }
        ]
      }
    },
    {
      "type": "Feature",
      "geometry": {
        "type": "Point",
        "coordinates": [
          -95.15563,
          41.49868
        ]
      },
      "properties": {
        "camera_uri": "camera/59545765",
        "title": "I-80: I-80 @ MM 49.6",
        "jpg_urls": [
          "https://iowadotsnapshot.us-east-1.skyvdn.com/thumbs/80tv050lb.flv.jpg"
        ],
        "m3u8_urls": [
          "https://iowadotsfs2.us-east-1.skyvdn.com:443/rtplive/80tv050lb/playlist.m3u8"
        ],
        "views": [
          {
            "uri": "camera/59545765/1041178876",
            "category": "VIDEO",
            "jpg_url": "https://iowadotsnapshot.us-east-1.skyvdn.com/thumbs/80tv050lb.flv.jpg",
            "m3u8_url": "https://iowadotsfs2.us-east-1.skyvdn.com:443/rtplive/80tv050lb/playlist.m3u8"
          }
        ]
      }
    },
    {
      "type": "Feature",
      "geometry": {
        "type": "Point",
        "coordinates": [
          -95.1181,
          41.49683
        ]
      },
      "properties": {
        "camera_uri": "camera/59546255",
        "title": "I-80: I-80 @ MM 52",
        "jpg_urls": [
          "https://iowadotsnapshot.us-east-1.skyvdn.com/thumbs/80tv052lb.flv.jpg"
        ],
        "m3u8_urls": [
          "https://iowadotsfs1.us-east-1.skyvdn.com:443/rtplive/80tv052lb/playlist.m3u8"
        ],
        "views": [
          {
            "uri": "camera/59546255/1956329550",
            "category": "VIDEO",
            "jpg_url": "https://iowadotsnapshot.us-east-1.skyvdn.com/thumbs/80tv052lb.flv.jpg",
            "m3u8_url": "https://iowadotsfs1.us-east-1.skyvdn.com:443/rtplive/80tv052lb/playlist.m3u8"
          }
        ]
      }
    },
    {
      "type": "Feature",
      "geometry": {
        "type": "Point",
        "coordinates": [
          -95.0962,
          41.49787
        ]
      },
      "properties": {
        "camera_uri": "camera/59546192",
        "title": "I-80: I-80 @ MM 53",
        "jpg_urls": [
          "https://iowadotsnapshot.us-east-1.skyvdn.com/thumbs/80tv053lb.flv.jpg"
        ],
        "m3u8_urls": [
          "https://iowadotsfs1.us-east-1.skyvdn.com:443/rtplive/80tv053lb/playlist.m3u8"
        ],
        "views": [
          {
            "uri": "camera/59546192/1689992559",
            "category": "VIDEO",
            "jpg_url": "https://iowadotsnapshot.us-east-1.skyvdn.com/thumbs/80tv053lb.flv.jpg",
            "m3u8_url": "https://iowadotsfs1.us-east-1.skyvdn.com:443/rtplive/80tv053lb/playlist.m3u8"
          }
        ]
      }
    },
    {
      "type": "Feature",
      "geometry": {
        "type": "Point",
        "coordinates": [
          -95.06008,
          41.4965
        ]
      },
      "properties": {
        "camera_uri": "camera/59545867",
        "title": "I-80: I-80 @ MM 55",
        "jpg_urls": [
          "https://iowadotsnapshot.us-east-1.skyvdn.com/thumbs/80tv055lb.flv.jpg"
        ],
        "m3u8_urls": [
          "https://iowadotsfs1.us-east-1.skyvdn.com:443/rtplive/80tv055lb/playlist.m3u8"
        ],
        "views": [
          {
            "uri": "camera/59545867/1716540713",
            "category": "VIDEO",
            "jpg_url": "https://iowadotsnapshot.us-east-1.skyvdn.com/thumbs/80tv055lb.flv.jpg",
            "m3u8_url": "https://iowadotsfs1.us-east-1.skyvdn.com:443/rtplive/80tv055lb/playlist.m3u8"
          }
        ]
      }
    },
    {
      "type": "Feature",
      "geometry": {
        "type": "Point",
        "coordinates": [
          -95.00372,
          41.49762
        ]
      },
      "properties": {
        "camera_uri": "camera/59545653",
        "title": "I-80: I-80 @ MM 58",
        "jpg_urls": [
          "https://iowadotsnapshot.us-east-1.skyvdn.com/thumbs/80tv058lb.flv.jpg"
        ],
        "m3u8_urls": [
          "https://iowadotsfs1.us-east-1.skyvdn.com:443/rtplive/80tv058lb/playlist.m3u8"
        ],
        "views": [
          {
            "uri": "camera/59545653/1423828100",
            "category": "VIDEO",
            "jpg_url": "https://iowadotsnapshot.us-east-1.skyvdn.com/thumbs/80tv058lb.flv.jpg",
            "m3u8_url": "https://iowadotsfs1.us-east-1.skyvdn.com:443/rtplive/80tv058lb/playlist.m3u8"
          }
        ]
      }
    },
    {
      "type": "Feature",
      "geometry": {
        "type": "Point",
        "coordinates": [
          -94.94478,
          41.49698
        ]
      },
      "properties": {
        "camera_uri": "camera/59545860",
        "title": "I-80: I-80 @ MM 61",
        "jpg_urls": [
          "https://iowadotsnapshot.us-east-1.skyvdn.com/thumbs/80tv061lb.flv.jpg"
        ],
        "m3u8_urls": [
          "https://iowadotsfs1.us-east-1.skyvdn.com:443/rtplive/80tv061lb/playlist.m3u8"
        ],
        "views": [
          {
            "uri": "camera/59545860/3396183982",
            "category": "VIDEO",
            "jpg_url": "https://iowadotsnapshot.us-east-1.skyvdn.com/thumbs/80tv061lb.flv.jpg",
            "m3u8_url": "https://iowadotsfs1.us-east-1.skyvdn.com:443/rtplive/80tv061lb/playlist.m3u8"
          }
        ]
      }
    },
    {
      "type": "Feature",
      "geometry": {
        "type": "Point",
        "coordinates": [
          -94.9118,
          41.49688
        ]
      },
      "properties": {
        "camera_uri": "camera/59546099",
        "title": "I-80: I-80 @ MM 62",
        "jpg_urls": [
          "https://iowadotsnapshot.us-east-1.skyvdn.com/thumbs/80tv062lb.flv.jpg"
        ],
        "m3u8_urls": [
          "https://iowadotsfs2.us-east-1.skyvdn.com:443/rtplive/80tv062lb/playlist.m3u8"
        ],
        "views": [
          {
            "uri": "camera/59546099/3691110861",
            "category": "VIDEO",
            "jpg_url": "https://iowadotsnapshot.us-east-1.skyvdn.com/thumbs/80tv062lb.flv.jpg",
            "m3u8_url": "https://iowadotsfs2.us-east-1.skyvdn.com:443/rtplive/80tv062lb/playlist.m3u8"
          }
        ]
      }
    },
    {
      "type": "Feature",
      "geometry": {
        "type": "Point",
        "coordinates": [
          -94.8683,
          41.49756
        ]
      },
      "properties": {
        "camera_uri": "camera/59545652",
        "title": "I-80: I-80 @ MM 65",
        "jpg_urls": [
          "https://iowadotsnapshot.us-east-1.skyvdn.com/thumbs/80tv065lb.flv.jpg"
        ],
        "m3u8_urls": [
          "https://iowadotsfs2.us-east-1.skyvdn.com:443/rtplive/80tv065lb/playlist.m3u8"
        ],
        "views": [
          {
            "uri": "camera/59545652/4021353002",
            "category": "VIDEO",
            "jpg_url": "https://iowadotsnapshot.us-east-1.skyvdn.com/thumbs/80tv065lb.flv.jpg",
            "m3u8_url": "https://iowadotsfs2.us-east-1.skyvdn.com:443/rtplive/80tv065lb/playlist.m3u8"
          }
        ]
      }
    },
    {
      "type": "Feature",
      "geometry": {
        "type": "Point",
        "coordinates": [
          -94.83509,
          41.49675
        ]
      },
      "properties": {
        "camera_uri": "camera/59546450",
        "title": "I-80: I-80 @ MM 66",
        "jpg_urls": [
          "https://iowadotsnapshot.us-east-1.skyvdn.com/thumbs/80tv066lb.flv.jpg"
        ],
        "m3u8_urls": [
          "https://iowadotsfs1.us-east-1.skyvdn.com:443/rtplive/80tv066lb/playlist.m3u8"
        ],
        "views": [
          {
            "uri": "camera/59546450/21312585",
            "category": "VIDEO",
            "jpg_url": "https://iowadotsnapshot.us-east-1.skyvdn.com/thumbs/80tv066lb.flv.jpg",
            "m3u8_url": "https://iowadotsfs1.us-east-1.skyvdn.com:443/rtplive/80tv066lb/playlist.m3u8"
          }
        ]
      }
    },
    {
      "type": "Feature",
      "geometry": {
        "type": "Point",
        "coordinates": [
          -94.77726,
          41.49616
        ]
      },
      "properties": {
        "camera_uri": "camera/59545936",
        "title": "I-80: I-80 @ MM 69",
        "jpg_urls": [
          "https://iowadotsnapshot.us-east-1.skyvdn.com/thumbs/80tv069lb.flv.jpg"
        ],
        "m3u8_urls": [
          "https://iowadotsfs2.us-east-1.skyvdn.com:443/rtplive/80tv069lb/playlist.m3u8"
        ],
        "views": [
          {
            "uri": "camera/59545936/3462303398",
            "category": "VIDEO",
            "jpg_url": "https://iowadotsnapshot.us-east-1.skyvdn.com/thumbs/80tv069lb.flv.jpg",
            "m3u8_url": "https://iowadotsfs2.us-east-1.skyvdn.com:443/rtplive/80tv069lb/playlist.m3u8"
          }
        ]
      }
    },
    {
      "type": "Feature",
      "geometry": {
        "type": "Point",
        "coordinates": [
          -94.75811,
          41.49724
        ]
      },
      "properties": {
        "camera_uri": "camera/59545983",
        "title": "I-80: I-80 @ MM 70",
        "jpg_urls": [
          "https://iowadotsnapshot.us-east-1.skyvdn.com/thumbs/80tv070lb.flv.jpg"
        ],
        "m3u8_urls": [
          "https://iowadotsfs2.us-east-1.skyvdn.com:443/rtplive/80tv070lb/playlist.m3u8"
        ],
        "views": [
          {
            "uri": "camera/59545983/1699760142",
            "category": "VIDEO",
            "jpg_url": "https://iowadotsnapshot.us-east-1.skyvdn.com/thumbs/80tv070lb.flv.jpg",
            "m3u8_url": "https://iowadotsfs2.us-east-1.skyvdn.com:443/rtplive/80tv070lb/playlist.m3u8"
          }
        ]
      }
    },
    {
      "type": "Feature",
      "geometry": {
        "type": "Point",
        "coordinates": [
          -94.72817,
          41.49632
        ]
      },
      "properties": {
        "camera_uri": "camera/59545623",
        "title": "I-80: I-80 @ MM 72",
        "jpg_urls": [
          "https://iowadotsnapshot.us-east-1.skyvdn.com/thumbs/80tv072lb.flv.jpg"
        ],
        "m3u8_urls": [
          "https://iowadotsfs2.us-east-1.skyvdn.com:443/rtplive/80tv072lb/playlist.m3u8"
        ],
        "views": [
          {
            "uri": "camera/59545623/1938533836",
            "category": "VIDEO",
            "jpg_url": "https://iowadotsnapshot.us-east-1.skyvdn.com/thumbs/80tv072lb.flv.jpg",
            "m3u8_url": "https://iowadotsfs2.us-east-1.skyvdn.com:443/rtplive/80tv072lb/playlist.m3u8"
          }
        ]
      }
    },
    {
      "type": "Feature",
      "geometry": {
        "type": "Point",
        "coordinates": [
          -94.68854,
          41.49711
        ]
      },
      "properties": {
        "camera_uri": "camera/59546415",
        "title": "I-80: I-80 @ MM 74",
        "jpg_urls": [
          "https://iowadotsnapshot.us-east-1.skyvdn.com/thumbs/80tv074lb.flv.jpg"
        ],
        "m3u8_urls": [
          "https://iowadotsfs1.us-east-1.skyvdn.com:443/rtplive/80tv074lb/playlist.m3u8"
        ],
        "views": [
          {
            "uri": "camera/59546415/2324929162",
            "category": "VIDEO",
            "jpg_url": "https://iowadotsnapshot.us-east-1.skyvdn.com/thumbs/80tv074lb.flv.jpg",
            "m3u8_url": "https://iowadotsfs1.us-east-1.skyvdn.com:443/rtplive/80tv074lb/playlist.m3u8"
          }
        ]
      }
    },
    {
      "type": "Feature",
      "geometry": {
        "type": "Point",
        "coordinates": [
          -94.66251,
          41.49279
        ]
      },
      "properties": {
        "camera_uri": "camera/59545839",
        "title": "I-80: I-80 @ MM 75",
        "jpg_urls": [
          "https://iowadotsnapshot.us-east-1.skyvdn.com/thumbs/80tv075lb.flv.jpg"
        ],
        "m3u8_urls": [
          "https://iowadotsfs1.us-east-1.skyvdn.com:443/rtplive/80tv075lb/playlist.m3u8"
        ],
        "views": [
          {
            "uri": "camera/59545839/1734336427",
            "category": "VIDEO",
            "jpg_url": "https://iowadotsnapshot.us-east-1.skyvdn.com/thumbs/80tv075lb.flv.jpg",
            "m3u8_url": "https://iowadotsfs1.us-east-1.skyvdn.com:443/rtplive/80tv075lb/playlist.m3u8"
          }
        ]
      }
    },
    {
      "type": "Feature",
      "geometry": {
        "type": "Point",
        "coordinates": [
          -94.64358,
          41.49287
        ]
      },
      "properties": {
        "camera_uri": "camera/59545711",
        "title": "I-80: I-80 @ MM 76",
        "jpg_urls": [
          "https://iowadotsnapshot.us-east-1.skyvdn.com/thumbs/80tv076lb.flv.jpg"
        ],
        "m3u8_urls": [
          "https://iowadotsfs1.us-east-1.skyvdn.com:443/rtplive/80tv076lb/playlist.m3u8"
        ],
        "views": [
          {
            "uri": "camera/59545711/2563702856",
            "category": "VIDEO",
            "jpg_url": "https://iowadotsnapshot.us-east-1.skyvdn.com/thumbs/80tv076lb.flv.jpg",
            "m3u8_url": "https://iowadotsfs1.us-east-1.skyvdn.com:443/rtplive/80tv076lb/playlist.m3u8"
          }
        ]
      }
    },
    {
      "type": "Feature",
      "geometry": {
        "type": "Point",
        "coordinates": [
          -94.59749,
          41.49322
        ]
      },
      "properties": {
        "camera_uri": "camera/59546295",
        "title": "I-80: I-80 @ MM 79",
        "jpg_urls": [
          "https://iowadotsnapshot.us-east-1.skyvdn.com/thumbs/80tv079lb.flv.jpg"
        ],
        "m3u8_urls": [
          "https://iowadotsfs2.us-east-1.skyvdn.com:443/rtplive/80tv079lb/playlist.m3u8"
        ],
        "views": [
          {
            "uri": "camera/59546295/1175286823",
            "category": "VIDEO",
            "jpg_url": "https://iowadotsnapshot.us-east-1.skyvdn.com/thumbs/80tv079lb.flv.jpg",
            "m3u8_url": "https://iowadotsfs2.us-east-1.skyvdn.com:443/rtplive/80tv079lb/playlist.m3u8"
          }
        ]
      }
    },
    {
      "type": "Feature",
      "geometry": {
        "type": "Point",
        "coordinates": [
          -94.56676,
          41.4971
        ]
      },
      "properties": {
        "camera_uri": "camera/59545730",
        "title": "I-80: I-80 @ MM 80",
        "jpg_urls": [
          "https://iowadotsnapshot.us-east-1.skyvdn.com/thumbs/80tv080lb.flv.jpg"
        ],
        "m3u8_urls": [
          "https://iowadotsfs1.us-east-1.skyvdn.com:443/rtplive/80tv080lb/playlist.m3u8"
        ],
        "views": [
          {
            "uri": "camera/59545730/1200654977",
            "category": "VIDEO",
            "jpg_url": "https://iowadotsnapshot.us-east-1.skyvdn.com/thumbs/80tv080lb.flv.jpg",
            "m3u8_url": "https://iowadotsfs1.us-east-1.skyvdn.com:443/rtplive/80tv080lb/playlist.m3u8"
          }
        ]
      }
    },
    {
      "type": "Feature",
      "geometry": {
        "type": "Point",
        "coordinates": [
          -94.52047,
          41.49594
        ]
      },
      "properties": {
        "camera_uri": "camera/59546052",
        "title": "I-80: I-80 @ MM 83",
        "jpg_urls": [
          "https://iowadotsnapshot.us-east-1.skyvdn.com/thumbs/80tv083lb.flv.jpg"
        ],
        "m3u8_urls": [
          "https://iowadotsfs1.us-east-1.skyvdn.com:443/rtplive/80tv083lb/playlist.m3u8"
        ],
        "views": [
          {
            "uri": "camera/59546052/1743122658",
            "category": "VIDEO",
            "jpg_url": "https://iowadotsnapshot.us-east-1.skyvdn.com/thumbs/80tv083lb.flv.jpg",
            "m3u8_url": "https://iowadotsfs1.us-east-1.skyvdn.com:443/rtplive/80tv083lb/playlist.m3u8"
          }
        ]
      }
    },
    {
      "type": "Feature",
      "geometry": {
        "type": "Point",
        "coordinates": [
          -94.49419,
          41.49644
        ]
      },
      "properties": {
        "camera_uri": "camera/59546093",
        "title": "I-80: I-80 @ MM 84.1",
        "jpg_urls": [
          "https://iowadotsnapshot.us-east-1.skyvdn.com/thumbs/80tv084lb.flv.jpg"
        ],
        "m3u8_urls": [
          "https://iowadotsfs1.us-east-1.skyvdn.com:443/rtplive/80tv084lb/playlist.m3u8"
        ],
        "views": [
          {
            "uri": "camera/59546093/1994529722",
            "category": "VIDEO",
            "jpg_url": "https://iowadotsnapshot.us-east-1.skyvdn.com/thumbs/80tv084lb.flv.jpg",
            "m3u8_url": "https://iowadotsfs1.us-east-1.skyvdn.com:443/rtplive/80tv084lb/playlist.m3u8"
          }
        ]
      }
    },
    {
      "type": "Feature",
      "geometry": {
        "type": "Point",
        "coordinates": [
          -94.45267,
          41.49551
        ]
      },
      "properties": {
        "camera_uri": "camera/59545752",
        "title": "I-80: I-80 @ MM 86",
        "jpg_urls": [
          "https://iowadotsnapshot.us-east-1.skyvdn.com/thumbs/80tv086lb.flv.jpg"
        ],
        "m3u8_urls": [
          "https://iowadotsfs1.us-east-1.skyvdn.com:443/rtplive/80tv086lb/playlist.m3u8"
        ],
        "views": [
          {
            "uri": "camera/59545752/3913691591",
            "category": "VIDEO",
            "jpg_url": "https://iowadotsnapshot.us-east-1.skyvdn.com/thumbs/80tv086lb.flv.jpg",
            "m3u8_url": "https://iowadotsfs1.us-east-1.skyvdn.com:443/rtplive/80tv086lb/playlist.m3u8"
          }
        ]
      }
    },
    {
      "type": "Feature",
      "geometry": {
        "type": "Point",
        "coordinates": [
          -94.41417,
          41.49562
        ]
      },
      "properties": {
        "camera_uri": "camera/59546356",
        "title": "I-80: I-80 @ MM 88",
        "jpg_urls": [
          "https://iowadotsnapshot.us-east-1.skyvdn.com/thumbs/80tv088lb.flv.jpg"
        ],
        "m3u8_urls": [
          "https://iowadotsfs1.us-east-1.skyvdn.com:443/rtplive/80tv088lb/playlist.m3u8"
        ],
        "views": [
          {
            "uri": "camera/59546356/4245300617",
            "category": "VIDEO",
            "jpg_url": "https://iowadotsnapshot.us-east-1.skyvdn.com/thumbs/80tv088lb.flv.jpg",
            "m3u8_url": "https://iowadotsfs1.us-east-1.skyvdn.com:443/rtplive/80tv088lb/playlist.m3u8"
          }
        ]
      }
    },
    {
      "type": "Feature",
      "geometry": {
        "type": "Point",
        "coordinates": [
          -94.37576,
          41.49574
        ]
      },
      "properties": {
        "camera_uri": "camera/59546417",
        "title": "I-80: I-80 @ MM 90",
        "jpg_urls": [
          "https://iowadotsnapshot.us-east-1.skyvdn.com/thumbs/80tv090lb.flv.jpg"
        ],
        "m3u8_urls": [
          "https://iowadotsfs1.us-east-1.skyvdn.com:443/rtplive/80tv090lb/playlist.m3u8"
        ],
        "views": [
          {
            "uri": "camera/59546417/3418789504",
            "category": "VIDEO",
            "jpg_url": "https://iowadotsnapshot.us-east-1.skyvdn.com/thumbs/80tv090lb.flv.jpg",
            "m3u8_url": "https://iowadotsfs1.us-east-1.skyvdn.com:443/rtplive/80tv090lb/playlist.m3u8"
          }
        ]
      }
    },
    {
      "type": "Feature",
      "geometry": {
        "type": "Point",
        "coordinates": [
          -94.35974,
          41.49343
        ]
      },
      "properties": {
        "camera_uri": "camera/59546323",
        "title": "I-80: I-80 @ MM 91.1",
        "jpg_urls": [
          "https://iowadotsnapshot.us-east-1.skyvdn.com/thumbs/80tv091lb.flv.jpg"
        ],
        "m3u8_urls": [
          "https://iowadotsfs1.us-east-1.skyvdn.com:443/rtplive/80tv091lb/playlist.m3u8"
        ],
        "views": [
          {
            "uri": "camera/59546323/2412521630",
            "category": "VIDEO",
            "jpg_url": "https://iowadotsnapshot.us-east-1.skyvdn.com/thumbs/80tv091lb.flv.jpg",
            "m3u8_url": "https://iowadotsfs1.us-east-1.skyvdn.com:443/rtplive/80tv091lb/playlist.m3u8"
          }
        ]
      }
    },
    {
      "type": "Feature",
      "geometry": {
        "type": "Point",
        "coordinates": [
          -94.31858,
          41.49264
        ]
      },
      "properties": {
        "camera_uri": "camera/59546437",
        "title": "I-80: I-80 @ MM 93",
        "jpg_urls": [
          "https://iowadotsnapshot.us-east-1.skyvdn.com/thumbs/80tv093lb.flv.jpg"
        ],
        "m3u8_urls": [
          "https://iowadotsfs1.us-east-1.skyvdn.com:443/rtplive/80tv093lb/playlist.m3u8"
        ],
        "views": [
          {
            "uri": "camera/59546437/3751073379",
            "category": "VIDEO",
            "jpg_url": "https://iowadotsnapshot.us-east-1.skyvdn.com/thumbs/80tv093lb.flv.jpg",
            "m3u8_url": "https://iowadotsfs1.us-east-1.skyvdn.com:443/rtplive/80tv093lb/playlist.m3u8"
          }
        ]
      }
    },
    {
      "type": "Feature",
      "geometry": {
        "type": "Point",
        "coordinates": [
          -94.27347,
          41.49331
        ]
      },
      "properties": {
        "camera_uri": "camera/59546317",
        "title": "I-80: I-80 @ MM 96",
        "jpg_urls": [
          "https://iowadotsnapshot.us-east-1.skyvdn.com/thumbs/80tv096lb.flv.jpg"
        ],
        "m3u8_urls": [
          "https://iowadotsfs1.us-east-1.skyvdn.com:443/rtplive/80tv096lb/playlist.m3u8"
        ],
        "views": [
          {
            "uri": "camera/59546317/1836858822",
            "category": "VIDEO",
            "jpg_url": "https://iowadotsnapshot.us-east-1.skyvdn.com/thumbs/80tv096lb.flv.jpg",
            "m3u8_url": "https://iowadotsfs1.us-east-1.skyvdn.com:443/rtplive/80tv096lb/playlist.m3u8"
          }
        ]
      }
    },
    {
      "type": "Feature",
      "geometry": {
        "type": "Point",
        "coordinates": [
          -94.24167,
          41.49304
        ]
      },
      "properties": {
        "camera_uri": "camera/59545826",
        "title": "I-80: I-80 @ MM 97",
        "jpg_urls": [
          "https://iowadotsnapshot.us-east-1.skyvdn.com/thumbs/80tv097lb.flv.jpg"
        ],
        "m3u8_urls": [
          "https://iowadotsfs1.us-east-1.skyvdn.com:443/rtplive/80tv097lb/playlist.m3u8"
        ],
        "views": [
          {
            "uri": "camera/59545826/1570521831",
            "category": "VIDEO",
            "jpg_url": "https://iowadotsnapshot.us-east-1.skyvdn.com/thumbs/80tv097lb.flv.jpg",
            "m3u8_url": "https://iowadotsfs1.us-east-1.skyvdn.com:443/rtplive/80tv097lb/playlist.m3u8"
          }
        ]
      }
    },
    {
      "type": "Feature",
      "geometry": {
        "type": "Point",
        "coordinates": [
          -94.22358,
          41.49374
        ]
      },
      "properties": {
        "camera_uri": "camera/59545789",
        "title": "I-80: I-80 @ MM 98",
        "jpg_urls": [
          "https://iowadotsnapshot.us-east-1.skyvdn.com/thumbs/80tv098lb.flv.jpg"
        ],
        "m3u8_urls": [
          "https://iowadotsfs1.us-east-1.skyvdn.com:443/rtplive/80tv098lb/playlist.m3u8"
        ],
        "views": [
          {
            "uri": "camera/59545789/2168467848",
            "category": "VIDEO",
            "jpg_url": "https://iowadotsnapshot.us-east-1.skyvdn.com/thumbs/80tv098lb.flv.jpg",
            "m3u8_url": "https://iowadotsfs1.us-east-1.skyvdn.com:443/rtplive/80tv098lb/playlist.m3u8"
          }
        ]
      }
    },
    {
      "type": "Feature",
      "geometry": {
        "type": "Point",
        "coordinates": [
          -94.20413,
          41.5078
        ]
      },
      "properties": {
        "camera_uri": "camera/59546168",
        "title": "I-80: I-80 @ MM 99.6",
        "jpg_urls": [
          "https://iowadotsnapshot.us-east-1.skyvdn.com/thumbs/80tv099lb.flv.jpg"
        ],
        "m3u8_urls": [
          "https://iowadotsfs1.us-east-1.skyvdn.com:443/rtplive/80tv099lb/playlist.m3u8"
        ],
        "views": [
          {
            "uri": "camera/59546168/815243121",
            "category": "VIDEO",
            "jpg_url": "https://iowadotsnapshot.us-east-1.skyvdn.com/thumbs/80tv099lb.flv.jpg",
            "m3u8_url": "https://iowadotsfs1.us-east-1.skyvdn.com:443/rtplive/80tv099lb/playlist.m3u8"
          }
        ]
      }
    },
    {
      "type": "Feature",
      "geometry": {
        "type": "Point",
        "coordinates": [
          -91.58182,
          41.68919
        ]
      },
      "properties": {
        "camera_uri": "camera/59546200",
        "title": "I-80: IC - I-80 @ 12th Avenue (23)",
        "jpg_urls": [
          "https://iowadotsnapshot.us-east-1.skyvdn.com/thumbs/ictv23lb.flv.jpg"
        ],
        "m3u8_urls": [
          "https://iowadotsfs1.us-east-1.skyvdn.com:443/rtplive/ictv23lb/playlist.m3u8"
        ],
        "views": [
          {
            "uri": "camera/59546200/1827646109",
            "category": "VIDEO",
            "jpg_url": "https://iowadotsnapshot.us-east-1.skyvdn.com/thumbs/ictv23lb.flv.jpg",
            "m3u8_url": "https://iowadotsfs1.us-east-1.skyvdn.com:443/rtplive/ictv23lb/playlist.m3u8"
          }
        ]
      }
    },
    {
      "type": "Feature",
      "geometry": {
        "type": "Point",
        "coordinates": [
          -91.56526,
          41.68516
        ]
      },
      "properties": {
        "camera_uri": "camera/59545675",
        "title": "I-80: IC - I-80 @ 1st Ave (06)",
        "jpg_urls": [
          "https://iowadotsnapshot.us-east-1.skyvdn.com/thumbs/ictv06lb.flv.jpg"
        ],
        "m3u8_urls": [
          "https://iowadotsfs2.us-east-1.skyvdn.com:443/rtplive/ictv06lb/playlist.m3u8"
        ],
        "views": [
          {
            "uri": "camera/59545675/4118240205",
            "category": "VIDEO",
            "jpg_url": "https://iowadotsnapshot.us-east-1.skyvdn.com/thumbs/ictv06lb.flv.jpg",
            "m3u8_url": "https://iowadotsfs2.us-east-1.skyvdn.com:443/rtplive/ictv06lb/playlist.m3u8"
          }
        ]
      }
    },
    {
      "type": "Feature",
      "geometry": {
        "type": "Point",
        "coordinates": [
          -91.56526,
          41.68502
        ]
      },
      "properties": {
        "camera_uri": "camera/59546109",
        "title": "I-80: IC - I-80 @ 1st Ave (06Q)",
        "jpg_urls": [
          "https://iowadotsnapshot.us-east-1.skyvdn.com/thumbs/ictv06qlb.flv.jpg"
        ],
        "m3u8_urls": [
          "https://iowadotsfs2.us-east-1.skyvdn.com:443/rtplive/ictv06qlb/playlist.m3u8"
        ],
        "views": [
          {
            "uri": "camera/59546109/1567721276",
            "category": "VIDEO",
            "jpg_url": "https://iowadotsnapshot.us-east-1.skyvdn.com/thumbs/ictv06qlb.flv.jpg",
            "m3u8_url": "https://iowadotsfs2.us-east-1.skyvdn.com:443/rtplive/ictv06qlb/playlist.m3u8"
          }
        ]
      }
    },
    {
      "type": "Feature",
      "geometry": {
        "type": "Point",
        "coordinates": [
          -91.80506,
          41.6884
        ]
      },
      "properties": {
        "camera_uri": "camera/59546463",
        "title": "I-80: IC - I-80 @ Black Hawk Ave NW (27)",
        "jpg_urls": [
          "https://iowadotsnapshot.us-east-1.skyvdn.com/thumbs/ictv27lb.flv.jpg"
        ],
        "m3u8_urls": [
          "https://iowadotsfs1.us-east-1.skyvdn.com:443/rtplive/ictv27lb/playlist.m3u8"
        ],
        "views": [
          {
            "uri": "camera/59546463/3491376915",
            "category": "VIDEO",
            "jpg_url": "https://iowadotsnapshot.us-east-1.skyvdn.com/thumbs/ictv27lb.flv.jpg",
            "m3u8_url": "https://iowadotsfs1.us-east-1.skyvdn.com:443/rtplive/ictv27lb/playlist.m3u8"
          }
        ]
      }
    },
    {
      "type": "Feature",
      "geometry": {
        "type": "Point",
        "coordinates": [
          -91.60892,
          41.6937
        ]
      },
      "properties": {
        "camera_uri": "camera/59545928",
        "title": "I-80: IC - I-80 @ Coral Ridge Ave (04)",
        "jpg_urls": [
          "https://iowadotsnapshot.us-east-1.skyvdn.com/thumbs/ictv04lb.flv.jpg"
        ],
        "m3u8_urls": [
          "https://iowadotsfs1.us-east-1.skyvdn.com:443/rtplive/ictv04lb/playlist.m3u8"
        ],
        "views": [
          {
            "uri": "camera/59545928/213878967",
            "category": "VIDEO",
            "jpg_url": "https://iowadotsnapshot.us-east-1.skyvdn.com/thumbs/ictv04lb.flv.jpg",
            "m3u8_url": "https://iowadotsfs1.us-east-1.skyvdn.com:443/rtplive/ictv04lb/playlist.m3u8"
          }
        ]
      }
    },
    {
      "type": "Feature",
      "geometry": {
        "type": "Point",
        "coordinates": [
          -91.53989,
          41.68646
        ]
      },
      "properties": {
        "camera_uri": "camera/59545994",
        "title": "I-80: IC - I-80 @ Dubuque St (07)",
        "jpg_urls": [
          "https://iowadotsnapshot.us-east-1.skyvdn.com/thumbs/ictv07lb.flv.jpg"
        ],
        "m3u8_urls": [
          "https://iowadotsfs1.us-east-1.skyvdn.com:443/rtplive/ictv07lb/playlist.m3u8"
        ],
        "views": [
          {
            "uri": "camera/59545994/3565682728",
            "category": "VIDEO",
            "jpg_url": "https://iowadotsnapshot.us-east-1.skyvdn.com/thumbs/ictv07lb.flv.jpg",
            "m3u8_url": "https://iowadotsfs1.us-east-1.skyvdn.com:443/rtplive/ictv07lb/playlist.m3u8"
          }
        ]
      }
    },
    {
      "type": "Feature",
      "geometry": {
        "type": "Point",
        "coordinates": [
          -91.75495,
          41.69223
        ]
      },
      "properties": {
        "camera_uri": "camera/59545729",
        "title": "I-80: IC - I-80 @ Eagle Ave NW (28)",
        "jpg_urls": [
          "https://iowadotsnapshot.us-east-1.skyvdn.com/thumbs/ictv28lb.flv.jpg"
        ],
        "m3u8_urls": [
          "https://iowadotsfs1.us-east-1.skyvdn.com:443/rtplive/ictv28lb/playlist.m3u8"
        ],
        "views": [
          {
            "uri": "camera/59545729/3138933220",
            "category": "VIDEO",
            "jpg_url": "https://iowadotsnapshot.us-east-1.skyvdn.com/thumbs/ictv28lb.flv.jpg",
            "m3u8_url": "https://iowadotsfs1.us-east-1.skyvdn.com:443/rtplive/ictv28lb/playlist.m3u8"
          }
        ]
      }
    },
    {
      "type": "Feature",
      "geometry": {
        "type": "Point",
        "coordinates": [
          -91.60014,
          41.69378
        ]
      },
      "properties": {
        "camera_uri": "camera/59546193",
        "title": "I-80: IC - I-80 @ East of Coral Ridge Ave (05)",
        "jpg_urls": [
          "https://iowadotsnapshot.us-east-1.skyvdn.com/thumbs/ictv05lb.flv.jpg"
        ],
        "m3u8_urls": [
          "https://iowadotsfs1.us-east-1.skyvdn.com:443/rtplive/ictv05lb/playlist.m3u8"
        ],
        "views": [
          {
            "uri": "camera/59546193/1004247580",
            "category": "VIDEO",
            "jpg_url": "https://iowadotsnapshot.us-east-1.skyvdn.com/thumbs/ictv05lb.flv.jpg",
            "m3u8_url": "https://iowadotsfs1.us-east-1.skyvdn.com:443/rtplive/ictv05lb/playlist.m3u8"
          }
        ]
      }
    },
    {
      "type": "Feature",
      "geometry": {
        "type": "Point",
        "coordinates": [
          -91.69095,
          41.6944
        ]
      },
      "properties": {
        "camera_uri": "camera/59546154",
        "title": "I-80: IC - I-80 @ Half Moon Rd (01)",
        "jpg_urls": [
          "https://iowadotsnapshot.us-east-1.skyvdn.com/thumbs/ictv01lb.flv.jpg"
        ],
        "m3u8_urls": [
          "https://iowadotsfs1.us-east-1.skyvdn.com:443/rtplive/ictv01lb/playlist.m3u8"
        ],
        "views": [
          {
            "uri": "camera/59546154/4285161368",
            "category": "VIDEO",
            "jpg_url": "https://iowadotsnapshot.us-east-1.skyvdn.com/thumbs/ictv01lb.flv.jpg",
            "m3u8_url": "https://iowadotsfs1.us-east-1.skyvdn.com:443/rtplive/ictv01lb/playlist.m3u8"
          }
        ]
      }
    },
    {
      "type": "Feature",
      "geometry": {
        "type": "Point",
        "coordinates": [
          -91.445,
          41.67194
        ]
      },
      "properties": {
        "camera_uri": "camera/59545663",
        "title": "I-80: IC - I-80 @ Herbert Hoover Hwy (19)",
        "jpg_urls": [
          "https://iowadotsnapshot.us-east-1.skyvdn.com/thumbs/ictv19lb.flv.jpg"
        ],
        "m3u8_urls": [
          "https://iowadotsfs1.us-east-1.skyvdn.com:443/rtplive/ictv19lb/playlist.m3u8"
        ],
        "views": [
          {
            "uri": "camera/59545663/84156182",
            "category": "VIDEO",
            "jpg_url": "https://iowadotsnapshot.us-east-1.skyvdn.com/thumbs/ictv19lb.flv.jpg",
            "m3u8_url": "https://iowadotsfs1.us-east-1.skyvdn.com:443/rtplive/ictv19lb/playlist.m3u8"
          }
        ]
      }
    },
    {
      "type": "Feature",
      "geometry": {
        "type": "Point",
        "coordinates": [
          -91.44501,
          41.67194
        ]
      },
      "properties": {
        "camera_uri": "camera/59545657",
        "title": "I-80: IC - I-80 @ Herbert Hoover Hwy (19Q)",
        "jpg_urls": [
          "https://iowadotsnapshot.us-east-1.skyvdn.com/thumbs/ictv19qlb.flv.jpg"
        ],
        "m3u8_urls": [
          "https://iowadotsfs2.us-east-1.skyvdn.com:443/rtplive/ictv19qlb/playlist.m3u8"
        ],
        "views": [
          {
            "uri": "camera/59545657/4035344583",
            "category": "VIDEO",
            "jpg_url": "https://iowadotsnapshot.us-east-1.skyvdn.com/thumbs/ictv19qlb.flv.jpg",
            "m3u8_url": "https://iowadotsfs2.us-east-1.skyvdn.com:443/rtplive/ictv19qlb/playlist.m3u8"
          }
        ]
      }
    },
    {
      "type": "Feature",
      "geometry": {
        "type": "Point",
        "coordinates": [
          -91.63681,
          41.69348
        ]
      },
      "properties": {
        "camera_uri": "camera/59546380",
        "title": "I-80: IC - I-80 @ I-380 NB Flyover (38)",
        "jpg_urls": [
          "https://iowadotsnapshot.us-east-1.skyvdn.com/thumbs/ictv38lb.flv.jpg"
        ],
        "m3u8_urls": [
          "https://iowadotsfs2.us-east-1.skyvdn.com:443/rtplive/ictv38lb/playlist.m3u8"
        ],
        "views": [
          {
            "uri": "camera/59546380/4114474986",
            "category": "VIDEO",
            "jpg_url": "https://iowadotsnapshot.us-east-1.skyvdn.com/thumbs/ictv38lb.flv.jpg",
            "m3u8_url": "https://iowadotsfs2.us-east-1.skyvdn.com:443/rtplive/ictv38lb/playlist.m3u8"
          }
        ]
      }
    },
    {
      "type": "Feature",
      "geometry": {
        "type": "Point",
        "coordinates": [
          -91.63632,
          41.69521
        ]
      },
      "properties": {
        "camera_uri": "camera/59545881",
        "title": "I-80: IC - I-80 @ I-380 NB Flyover (39)",
        "jpg_urls": [
          "https://iowadotsnapshot.us-east-1.skyvdn.com/thumbs/ictv39lb.flv.jpg"
        ],
        "m3u8_urls": [
          "https://iowadotsfs2.us-east-1.skyvdn.com:443/rtplive/ictv39lb/playlist.m3u8"
        ],
        "views": [
          {
            "uri": "camera/59545881/207137931",
            "category": "VIDEO",
            "jpg_url": "https://iowadotsnapshot.us-east-1.skyvdn.com/thumbs/ictv39lb.flv.jpg",
            "m3u8_url": "https://iowadotsfs2.us-east-1.skyvdn.com:443/rtplive/ictv39lb/playlist.m3u8"
          }
        ]
      }
    },
    {
      "type": "Feature",
      "geometry": {
        "type": "Point",
        "coordinates": [
          -91.49957,
          41.68683
        ]
      },
      "properties": {
        "camera_uri": "camera/59546294",
        "title": "I-80: IC - I-80 @ IA 1 (08)",
        "jpg_urls": [
          "https://iowadotsnapshot.us-east-1.skyvdn.com/thumbs/ictv08lb.flv.jpg"
        ],
        "m3u8_urls": [
          "https://iowadotsfs1.us-east-1.skyvdn.com:443/rtplive/ictv08lb/playlist.m3u8"
        ],
        "views": [
          {
            "uri": "camera/59546294/1141075966",
            "category": "VIDEO",
            "jpg_url": "https://iowadotsnapshot.us-east-1.skyvdn.com/thumbs/ictv08lb.flv.jpg",
            "m3u8_url": "https://iowadotsfs1.us-east-1.skyvdn.com:443/rtplive/ictv08lb/playlist.m3u8"
          }
        ]
      }
    },
    {
      "type": "Feature",
      "geometry": {
        "type": "Point",
        "coordinates": [
          -91.66626,
          41.6936
        ]
      },
      "properties": {
        "camera_uri": "camera/59545760",
        "title": "I-80: IC - I-80 @ Ireland Ave NW (02A)",
        "jpg_urls": [
          "https://iowadotsnapshot.us-east-1.skyvdn.com/thumbs/ictv02alb.flv.jpg"
        ],
        "m3u8_urls": [
          "https://iowadotsfs1.us-east-1.skyvdn.com:443/rtplive/ictv02alb/playlist.m3u8"
        ],
        "views": [
          {
            "uri": "camera/59545760/1411235358",
            "category": "VIDEO",
            "jpg_url": "https://iowadotsnapshot.us-east-1.skyvdn.com/thumbs/ictv02alb.flv.jpg",
            "m3u8_url": "https://iowadotsfs1.us-east-1.skyvdn.com:443/rtplive/ictv02alb/playlist.m3u8"
          }
        ]
      }
    },
    {
      "type": "Feature",
      "geometry": {
        "type": "Point",
        "coordinates": [
          -91.64635,
          41.69378
        ]
      },
      "properties": {
        "camera_uri": "camera/59545750",
        "title": "I-80: IC - I-80 @ Jasper Ave (35)",
        "jpg_urls": [
          "https://iowadotsnapshot.us-east-1.skyvdn.com/thumbs/ictv35lb.flv.jpg"
        ],
        "m3u8_urls": [
          "https://iowadotsfs1.us-east-1.skyvdn.com:443/rtplive/ictv35lb/playlist.m3u8"
        ],
        "views": [
          {
            "uri": "camera/59545750/4030438628",
            "category": "VIDEO",
            "jpg_url": "https://iowadotsnapshot.us-east-1.skyvdn.com/thumbs/ictv35lb.flv.jpg",
            "m3u8_url": "https://iowadotsfs1.us-east-1.skyvdn.com:443/rtplive/ictv35lb/playlist.m3u8"
          }
        ]
      }
    },
    {
      "type": "Feature",
      "geometry": {
        "type": "Point",
        "coordinates": [
          -91.37921,
          41.66836
        ]
      },
      "properties": {
        "camera_uri": "camera/59546384",
        "title": "I-80: IC - I-80 @ Lower West Branch Road (20)",
        "jpg_urls": [
          "https://iowadotsnapshot.us-east-1.skyvdn.com/thumbs/ictv20lb.flv.jpg"
        ],
        "m3u8_urls": [
          "https://iowadotsfs2.us-east-1.skyvdn.com:443/rtplive/ictv20lb/playlist.m3u8"
        ],
        "views": [
          {
            "uri": "camera/59546384/1386174967",
            "category": "VIDEO",
            "jpg_url": "https://iowadotsnapshot.us-east-1.skyvdn.com/thumbs/ictv20lb.flv.jpg",
            "m3u8_url": "https://iowadotsfs2.us-east-1.skyvdn.com:443/rtplive/ictv20lb/playlist.m3u8"
          }
        ]
      }
    },
    {
      "type": "Feature",
      "geometry": {
        "type": "Point",
        "coordinates": [
          -91.82092,
          41.68715
        ]
      },
      "properties": {
        "camera_uri": "camera/59545798",
        "title": "I-80: IC - I-80 @ MM 230 (29)",
        "jpg_urls": [
          "https://iowadotsnapshot.us-east-1.skyvdn.com/thumbs/ictv29lb.flv.jpg"
        ],
        "m3u8_urls": [
          "https://iowadotsfs1.us-east-1.skyvdn.com:443/rtplive/ictv29lb/playlist.m3u8"
        ],
        "views": [
          {
            "uri": "camera/59545798/2088383733",
            "category": "VIDEO",
            "jpg_url": "https://iowadotsnapshot.us-east-1.skyvdn.com/thumbs/ictv29lb.flv.jpg",
            "m3u8_url": "https://iowadotsfs1.us-east-1.skyvdn.com:443/rtplive/ictv29lb/playlist.m3u8"
          }
        ]
      }
    },
    {
      "type": "Feature",
      "geometry": {
        "type": "Point",
        "coordinates": [
          -91.48289,
          41.68499
        ]
      },
      "properties": {
        "camera_uri": "camera/59545808",
        "title": "I-80: IC - I-80 @ MM 246 (09)",
        "jpg_urls": [
          "https://iowadotsnapshot.us-east-1.skyvdn.com/thumbs/ictv09lb.flv.jpg"
        ],
        "m3u8_urls": [
          "https://iowadotsfs1.us-east-1.skyvdn.com:443/rtplive/ictv09lb/playlist.m3u8"
        ],
        "views": [
          {
            "uri": "camera/59545808/3159628534",
            "category": "VIDEO",
            "jpg_url": "https://iowadotsnapshot.us-east-1.skyvdn.com/thumbs/ictv09lb.flv.jpg",
            "m3u8_url": "https://iowadotsfs1.us-east-1.skyvdn.com:443/rtplive/ictv09lb/playlist.m3u8"
          }
        ]
      }
    },
    {
      "type": "Feature",
      "geometry": {
        "type": "Point",
        "coordinates": [
          -91.52576,
          41.68812
        ]
      },
      "properties": {
        "camera_uri": "camera/59545828",
        "title": "I-80: IC - I-80 @ Prairie du Chien (24)",
        "jpg_urls": [
          "https://iowadotsnapshot.us-east-1.skyvdn.com/thumbs/ictv24lb.flv.jpg"
        ],
        "m3u8_urls": [
          "https://iowadotsfs1.us-east-1.skyvdn.com:443/rtplive/ictv24lb/playlist.m3u8"
        ],
        "views": [
          {
            "uri": "camera/59545828/1432919173",
            "category": "VIDEO",
            "jpg_url": "https://iowadotsnapshot.us-east-1.skyvdn.com/thumbs/ictv24lb.flv.jpg",
            "m3u8_url": "https://iowadotsfs1.us-east-1.skyvdn.com:443/rtplive/ictv24lb/playlist.m3u8"
          }
        ]
      }
    },
    {
      "type": "Feature",
      "geometry": {
        "type": "Point",
        "coordinates": [
          -91.347,
          41.66376
        ]
      },
      "properties": {
        "camera_uri": "camera/59545705",
        "title": "I-80: IC - I-80 @ S Downey Dr (21)",
        "jpg_urls": [
          "https://iowadotsnapshot.us-east-1.skyvdn.com/thumbs/ictv21lb.flv.jpg"
        ],
        "m3u8_urls": [
          "https://iowadotsfs2.us-east-1.skyvdn.com:443/rtplive/ictv21lb/playlist.m3u8"
        ],
        "views": [
          {
            "uri": "camera/59545705/1225676263",
            "category": "VIDEO",
            "jpg_url": "https://iowadotsnapshot.us-east-1.skyvdn.com/thumbs/ictv21lb.flv.jpg",
            "m3u8_url": "https://iowadotsfs2.us-east-1.skyvdn.com:443/rtplive/ictv21lb/playlist.m3u8"
          }
        ]
      }
    },
    {
      "type": "Feature",
      "geometry": {
        "type": "Point",
        "coordinates": [
          -91.61886,
          41.69443
        ]
      },
      "properties": {
        "camera_uri": "camera/59546248",
        "title": "I-80: IC - I-80 @ US 6 (40)",
        "jpg_urls": [
          "https://iowadotsnapshot.us-east-1.skyvdn.com/thumbs/ictv40lb.flv.jpg"
        ],
        "m3u8_urls": [
          "https://iowadotsfs1.us-east-1.skyvdn.com:443/rtplive/ictv40lb/playlist.m3u8"
        ],
        "views": [
          {
            "uri": "camera/59546248/3878865243",
            "category": "VIDEO",
            "jpg_url": "https://iowadotsnapshot.us-east-1.skyvdn.com/thumbs/ictv40lb.flv.jpg",
            "m3u8_url": "https://iowadotsfs1.us-east-1.skyvdn.com:443/rtplive/ictv40lb/playlist.m3u8"
          }
        ]
      }
    },
    {
      "type": "Feature",
      "geometry": {
        "type": "Point",
        "coordinates": [
          -91.42479,
          41.6679
        ]
      },
      "properties": {
        "camera_uri": "camera/59545843",
        "title": "I-80: IC - I-80 @ Wapsi Ave (10)",
        "jpg_urls": [
          "https://iowadotsnapshot.us-east-1.skyvdn.com/thumbs/ictv10lb.flv.jpg"
        ],
        "m3u8_urls": [
          "https://iowadotsfs1.us-east-1.skyvdn.com:443/rtplive/ictv10lb/playlist.m3u8"
        ],
        "views": [
          {
            "uri": "camera/59545843/1853620064",
            "category": "VIDEO",
            "jpg_url": "https://iowadotsnapshot.us-east-1.skyvdn.com/thumbs/ictv10lb.flv.jpg",
            "m3u8_url": "https://iowadotsfs1.us-east-1.skyvdn.com:443/rtplive/ictv10lb/playlist.m3u8"
          }
        ]
      }
    },
    {
      "type": "Feature",
      "geometry": {
        "type": "Point",
        "coordinates": [
          -91.85275,
          41.68705
        ]
      },
      "properties": {
        "camera_uri": "camera/59545903",
        "title": "I-80: IC - I-80 @ Y Ave (26)",
        "jpg_urls": [
          "https://iowadotsnapshot.us-east-1.skyvdn.com/thumbs/ictv26lb.flv.jpg"
        ],
        "m3u8_urls": [
          "https://iowadotsfs1.us-east-1.skyvdn.com:443/rtplive/ictv26lb/playlist.m3u8"
        ],
        "views": [
          {
            "uri": "camera/59545903/157273728",
            "category": "VIDEO",
            "jpg_url": "https://iowadotsnapshot.us-east-1.skyvdn.com/thumbs/ictv26lb.flv.jpg",
            "m3u8_url": "https://iowadotsfs1.us-east-1.skyvdn.com:443/rtplive/ictv26lb/playlist.m3u8"
          }
        ]
      }
    },
    {
      "type": "Feature",
      "geometry": {
        "type": "Point",
        "coordinates": [
          -93.11635,
          41.68155
        ]
      },
      "properties": {
        "camera_uri": "camera/59546459",
        "title": "I-80: NW - I-80 @ 52nd St (01)",
        "jpg_urls": [
          "https://iowadotsnapshot.us-east-1.skyvdn.com/thumbs/nwtv01lb.flv.jpg"
        ],
        "m3u8_urls": [
          "https://iowadotsfs2.us-east-1.skyvdn.com:443/rtplive/nwtv01lb/playlist.m3u8"
        ],
        "views": [
          {
            "uri": "camera/59546459/4203146839",
            "category": "VIDEO",
            "jpg_url": "https://iowadotsnapshot.us-east-1.skyvdn.com/thumbs/nwtv01lb.flv.jpg",
            "m3u8_url": "https://iowadotsfs2.us-east-1.skyvdn.com:443/rtplive/nwtv01lb/playlist.m3u8"
          }
        ]
      }
    },
    {
      "type": "Feature",
      "geometry": {
        "type": "Point",
        "coordinates": [
          -92.90258,
          41.68231
        ]
      },
      "properties": {
        "camera_uri": "camera/59546120",
        "title": "I-80: NW - I-80 @ Co Rd T22 (09)",
        "jpg_urls": [
          "https://iowadotsnapshot.us-east-1.skyvdn.com/thumbs/nwtv09lb.flv.jpg"
        ],
        "m3u8_urls": [
          "https://iowadotsfs2.us-east-1.skyvdn.com:443/rtplive/nwtv09lb/playlist.m3u8"
        ],
        "views": [
          {
            "uri": "camera/59546120/2564528539",
            "category": "VIDEO",
            "jpg_url": "https://iowadotsnapshot.us-east-1.skyvdn.com/thumbs/nwtv09lb.flv.jpg",
            "m3u8_url": "https://iowadotsfs2.us-east-1.skyvdn.com:443/rtplive/nwtv09lb/playlist.m3u8"
          }
        ]
      }
    },
    {
      "type": "Feature",
      "geometry": {
        "type": "Point",
        "coordinates": [
          -92.79524,
          41.6951
        ]
      },
      "properties": {
        "camera_uri": "camera/59545633",
        "title": "I-80: NW - I-80 @ Co Rd T38N (12)",
        "jpg_urls": [
          "https://iowadotsnapshot.us-east-1.skyvdn.com/thumbs/nwtv12lb.flv.jpg"
        ],
        "m3u8_urls": [
          "https://iowadotsfs2.us-east-1.skyvdn.com:443/rtplive/nwtv12lb/playlist.m3u8"
        ],
        "views": [
          {
            "uri": "camera/59545633/1938074932",
            "category": "VIDEO",
            "jpg_url": "https://iowadotsnapshot.us-east-1.skyvdn.com/thumbs/nwtv12lb.flv.jpg",
            "m3u8_url": "https://iowadotsfs2.us-east-1.skyvdn.com:443/rtplive/nwtv12lb/playlist.m3u8"
          }
        ]
      }
    },
    {
      "type": "Feature",
      "geometry": {
        "type": "Point",
        "coordinates": [
          -92.94162,
          41.68017
        ]
      },
      "properties": {
        "camera_uri": "camera/59545855",
        "title": "I-80: NW - I-80 @ E 84th St. (08)",
        "jpg_urls": [
          "https://iowadotsnapshot.us-east-1.skyvdn.com/thumbs/nwtv08lb.flv.jpg"
        ],
        "m3u8_urls": [
          "https://iowadotsfs2.us-east-1.skyvdn.com:443/rtplive/nwtv08lb/playlist.m3u8"
        ],
        "views": [
          {
            "uri": "camera/59545855/1863203080",
            "category": "VIDEO",
            "jpg_url": "https://iowadotsnapshot.us-east-1.skyvdn.com/thumbs/nwtv08lb.flv.jpg",
            "m3u8_url": "https://iowadotsfs2.us-east-1.skyvdn.com:443/rtplive/nwtv08lb/playlist.m3u8"
          }
        ]
      }
    },
    {
      "type": "Feature",
      "geometry": {
        "type": "Point",
        "coordinates": [
          -93.03913,
          41.68296
        ]
      },
      "properties": {
        "camera_uri": "camera/59546032",
        "title": "I-80: NW - I-80 @ E. 12th St. (05)",
        "jpg_urls": [
          "https://iowadotsnapshot.us-east-1.skyvdn.com/thumbs/nwtv05lb.flv.jpg"
        ],
        "m3u8_urls": [
          "https://iowadotsfs2.us-east-1.skyvdn.com:443/rtplive/nwtv05lb/playlist.m3u8"
        ],
        "views": [
          {
            "uri": "camera/59546032/4177192420",
            "category": "VIDEO",
            "jpg_url": "https://iowadotsnapshot.us-east-1.skyvdn.com/thumbs/nwtv05lb.flv.jpg",
            "m3u8_url": "https://iowadotsfs2.us-east-1.skyvdn.com:443/rtplive/nwtv05lb/playlist.m3u8"
          }
        ]
      }
    },
    {
      "type": "Feature",
      "geometry": {
        "type": "Point",
        "coordinates": [
          -93.07728,
          41.68365
        ]
      },
      "properties": {
        "camera_uri": "camera/59546055",
        "title": "I-80: NW - I-80 @ IA 14 (03)",
        "jpg_urls": [
          "https://iowadotsnapshot.us-east-1.skyvdn.com/thumbs/nwtv03lb.flv.jpg"
        ],
        "m3u8_urls": [
          "https://iowadotsfs2.us-east-1.skyvdn.com:443/rtplive/nwtv03lb/playlist.m3u8"
        ],
        "views": [
          {
            "uri": "camera/59546055/3100204178",
            "category": "VIDEO",
            "jpg_url": "https://iowadotsnapshot.us-east-1.skyvdn.com/thumbs/nwtv03lb.flv.jpg",
            "m3u8_url": "https://iowadotsfs2.us-east-1.skyvdn.com:443/rtplive/nwtv03lb/playlist.m3u8"
          }
        ]
      }
    },
    {
      "type": "Feature",
      "geometry": {
        "type": "Point",
        "coordinates": [
          -93.00017,
          41.68272
        ]
      },
      "properties": {
        "camera_uri": "camera/59546342",
        "title": "I-80: NW - I-80 @ MM 168.3 (07Q)",
        "jpg_urls": [
          "https://iowadotsnapshot.us-east-1.skyvdn.com/thumbs/nwtv07qlb.flv.jpg"
        ],
        "m3u8_urls": [
          "https://iowadotsfs2.us-east-1.skyvdn.com:443/rtplive/nwtv07qlb/playlist.m3u8"
        ],
        "views": [
          {
            "uri": "camera/59546342/152406312",
            "category": "VIDEO",
            "jpg_url": "https://iowadotsnapshot.us-east-1.skyvdn.com/thumbs/nwtv07qlb.flv.jpg",
            "m3u8_url": "https://iowadotsfs2.us-east-1.skyvdn.com:443/rtplive/nwtv07qlb/playlist.m3u8"
          }
        ]
      }
    },
    {
      "type": "Feature",
      "geometry": {
        "type": "Point",
        "coordinates": [
          -92.96778,
          41.68139
        ]
      },
      "properties": {
        "camera_uri": "camera/59545634",
        "title": "I-80: NW - I-80 @ MM 169.8 (14)",
        "jpg_urls": [
          "https://iowadotsnapshot.us-east-1.skyvdn.com/thumbs/nwtv14lb.flv.jpg"
        ],
        "m3u8_urls": [
          "https://iowadotsfs2.us-east-1.skyvdn.com:443/rtplive/nwtv14lb/playlist.m3u8"
        ],
        "views": [
          {
            "uri": "camera/59545634/2341272593",
            "category": "VIDEO",
            "jpg_url": "https://iowadotsnapshot.us-east-1.skyvdn.com/thumbs/nwtv14lb.flv.jpg",
            "m3u8_url": "https://iowadotsfs2.us-east-1.skyvdn.com:443/rtplive/nwtv14lb/playlist.m3u8"
          }
        ]
      }
    },
    {
      "type": "Feature",
      "geometry": {
        "type": "Point",
        "coordinates": [
          -92.87639,
          41.68855
        ]
      },
      "properties": {
        "camera_uri": "camera/59545669",
        "title": "I-80: NW - I-80 @ MM 174.8 (11)",
        "jpg_urls": [
          "https://iowadotsnapshot.us-east-1.skyvdn.com/thumbs/nwtv11lb.flv.jpg"
        ],
        "m3u8_urls": [
          "https://iowadotsfs2.us-east-1.skyvdn.com:443/rtplive/nwtv11lb/playlist.m3u8"
        ],
        "views": [
          {
            "uri": "camera/59545669/3739062744",
            "category": "VIDEO",
            "jpg_url": "https://iowadotsnapshot.us-east-1.skyvdn.com/thumbs/nwtv11lb.flv.jpg",
            "m3u8_url": "https://iowadotsfs2.us-east-1.skyvdn.com:443/rtplive/nwtv11lb/playlist.m3u8"
          }
        ]
      }
    },
    {
      "type": "Feature",
      "geometry": {
        "type": "Point",
        "coordinates": [
          -93.10049,
          41.68081
        ]
      },
      "properties": {
        "camera_uri": "camera/59545933",
        "title": "I-80: NW - I-80 @ Newton OH (02)",
        "jpg_urls": [
          "https://iowadotsnapshot.us-east-1.skyvdn.com/thumbs/nwtv02lb.flv.jpg"
        ],
        "m3u8_urls": [
          "https://iowadotsfs2.us-east-1.skyvdn.com:443/rtplive/nwtv02lb/playlist.m3u8"
        ],
        "views": [
          {
            "uri": "camera/59545933/1087885360",
            "category": "VIDEO",
            "jpg_url": "https://iowadotsnapshot.us-east-1.skyvdn.com/thumbs/nwtv02lb.flv.jpg",
            "m3u8_url": "https://iowadotsfs2.us-east-1.skyvdn.com:443/rtplive/nwtv02lb/playlist.m3u8"
          }
        ]
      }
    },
    {
      "type": "Feature",
      "geometry": {
        "type": "Point",
        "coordinates": [
          -93.02001,
          41.6833
        ]
      },
      "properties": {
        "camera_uri": "camera/59545694",
        "title": "I-80: NW - I-80 @ Speedway (06)",
        "jpg_urls": [
          "https://iowadotsnapshot.us-east-1.skyvdn.com/thumbs/nwtv06lb.flv.jpg"
        ],
        "m3u8_urls": [
          "https://iowadotsfs2.us-east-1.skyvdn.com:443/rtplive/nwtv06lb/playlist.m3u8"
        ],
        "views": [
          {
            "uri": "camera/59545694/326591986",
            "category": "VIDEO",
            "jpg_url": "https://iowadotsnapshot.us-east-1.skyvdn.com/thumbs/nwtv06lb.flv.jpg",
            "m3u8_url": "https://iowadotsfs2.us-east-1.skyvdn.com:443/rtplive/nwtv06lb/playlist.m3u8"
          }
        ]
      }
    },
    {
      "type": "Feature",
      "geometry": {
        "type": "Point",
        "coordinates": [
          -92.99991,
          41.68272
        ]
      },
      "properties": {
        "camera_uri": "camera/59546078",
        "title": "I-80: NW - I-80 @ Speedway Dr. (07)",
        "jpg_urls": [
          "https://iowadotsnapshot.us-east-1.skyvdn.com/thumbs/nwtv07lb.flv.jpg"
        ],
        "m3u8_urls": [
          "https://iowadotsfs2.us-east-1.skyvdn.com:443/rtplive/nwtv07lb/playlist.m3u8"
        ],
        "views": [
          {
            "uri": "camera/59546078/2843426859",
            "category": "VIDEO",
            "jpg_url": "https://iowadotsnapshot.us-east-1.skyvdn.com/thumbs/nwtv07lb.flv.jpg",
            "m3u8_url": "https://iowadotsfs2.us-east-1.skyvdn.com:443/rtplive/nwtv07lb/playlist.m3u8"
          }
        ]
      }
    },
    {
      "type": "Feature",
      "geometry": {
        "type": "Point",
        "coordinates": [
          -92.81327,
          41.6953
        ]
      },
      "properties": {
        "camera_uri": "camera/59545947",
        "title": "I-80: NW - I-80 @ W of Co Rd T38N (16)",
        "jpg_urls": [
          "https://iowadotsnapshot.us-east-1.skyvdn.com/thumbs/nwtv16lb.flv.jpg"
        ],
        "m3u8_urls": [
          "https://iowadotsfs2.us-east-1.skyvdn.com:443/rtplive/nwtv16lb/playlist.m3u8"
        ],
        "views": [
          {
            "uri": "camera/59545947/1311668654",
            "category": "VIDEO",
            "jpg_url": "https://iowadotsnapshot.us-east-1.skyvdn.com/thumbs/nwtv16lb.flv.jpg",
            "m3u8_url": "https://iowadotsfs2.us-east-1.skyvdn.com:443/rtplive/nwtv16lb/playlist.m3u8"
          }
        ]
      }
    },
    {
      "type": "Feature",
      "geometry": {
        "type": "Point",
        "coordinates": [
          -93.08136,
          41.68297
        ]
      },
      "properties": {
        "camera_uri": "camera/59546290",
        "title": "I-80: NW - I-80 @ W of US 6 (13)",
        "jpg_urls": [
          "https://iowadotsnapshot.us-east-1.skyvdn.com/thumbs/nwtv13lb.flv.jpg"
        ],
        "m3u8_urls": [
          "https://iowadotsfs2.us-east-1.skyvdn.com:443/rtplive/nwtv13lb/playlist.m3u8"
        ],
        "views": [
          {
            "uri": "camera/59546290/2571776432",
            "category": "VIDEO",
            "jpg_url": "https://iowadotsnapshot.us-east-1.skyvdn.com/thumbs/nwtv13lb.flv.jpg",
            "m3u8_url": "https://iowadotsfs2.us-east-1.skyvdn.com:443/rtplive/nwtv13lb/playlist.m3u8"
          }
        ]
      }
    },
    {
      "type": "Feature",
      "geometry": {
        "type": "Point",
        "coordinates": [
          -93.05841,
          41.68352
        ]
      },
      "properties": {
        "camera_uri": "camera/59546242",
        "title": "I-80: NW - I-80 @ W. 4th St. (04)",
        "jpg_urls": [
          "https://iowadotsnapshot.us-east-1.skyvdn.com/thumbs/nwtv04lb.flv.jpg"
        ],
        "m3u8_urls": [
          "https://iowadotsfs2.us-east-1.skyvdn.com:443/rtplive/nwtv04lb/playlist.m3u8"
        ],
        "views": [
          {
            "uri": "camera/59546242/4252834240",
            "category": "VIDEO",
            "jpg_url": "https://iowadotsnapshot.us-east-1.skyvdn.com/thumbs/nwtv04lb.flv.jpg",
            "m3u8_url": "https://iowadotsfs2.us-east-1.skyvdn.com:443/rtplive/nwtv04lb/playlist.m3u8"
          }
        ]
      }
    },
    {
      "type": "Feature",
      "geometry": {
        "type": "Point",
        "coordinates": [
          -91.08667,
          41.64358
        ]
      },
      "properties": {
        "camera_uri": "camera/59546105",
        "title": "I-80: Parking Only: I-80 EB MM 268 near Wilton",
        "jpg_urls": [
          "https://atmsqf.iowadot.gov/snapshots/Public/RestAreas/RA80EB268-01-CENTER.jpg?1774927320000",
          "https://atmsqf.iowadot.gov/snapshots/Public/RestAreas/RA80EB268-01-ENTRY.jpg?1774927320000",
          "https://atmsqf.iowadot.gov/snapshots/Public/RestAreas/RA80EB268-01-EXIT.jpg?1774927320000"
        ],
        "m3u8_urls": [],
        "views": [
          {
            "uri": "camera/59546105/3266067299",
            "category": "IMAGE",
            "jpg_url": "https://atmsqf.iowadot.gov/snapshots/Public/RestAreas/RA80EB268-01-CENTER.jpg?1774927320000"
          },
          {
            "uri": "camera/59546105/1018720924",
            "category": "IMAGE",
            "jpg_url": "https://atmsqf.iowadot.gov/snapshots/Public/RestAreas/RA80EB268-01-ENTRY.jpg?1774927320000"
          },
          {
            "uri": "camera/59546105/4216410056",
            "category": "IMAGE",
            "jpg_url": "https://atmsqf.iowadot.gov/snapshots/Public/RestAreas/RA80EB268-01-EXIT.jpg?1774927320000"
          }
        ]
      }
    },
    {
      "type": "Feature",
      "geometry": {
        "type": "Point",
        "coordinates": [
          -95.49441,
          41.49836
        ]
      },
      "properties": {
        "camera_uri": "camera/59546312",
        "title": "I-80: Parking Only: I-80 EB MM 32 near Shelby",
        "jpg_urls": [
          "https://atmsqf.iowadot.gov/snapshots/Public/RestAreas/RA80EB32-01-CENTER.jpg?1774927320000",
          "https://atmsqf.iowadot.gov/snapshots/Public/RestAreas/RA80EB32-01-ENTRY.jpg?1774927320000",
          "https://atmsqf.iowadot.gov/snapshots/Public/RestAreas/RA80EB32-01-EXIT.jpg?1774927320000"
        ],
        "m3u8_urls": [],
        "views": [
          {
            "uri": "camera/59546312/2433016574",
            "category": "IMAGE",
            "jpg_url": "https://atmsqf.iowadot.gov/snapshots/Public/RestAreas/RA80EB32-01-CENTER.jpg?1774927320000"
          },
          {
            "uri": "camera/59546312/1444799905",
            "category": "IMAGE",
            "jpg_url": "https://atmsqf.iowadot.gov/snapshots/Public/RestAreas/RA80EB32-01-ENTRY.jpg?1774927320000"
          },
          {
            "uri": "camera/59546312/2707586933",
            "category": "IMAGE",
            "jpg_url": "https://atmsqf.iowadot.gov/snapshots/Public/RestAreas/RA80EB32-01-EXIT.jpg?1774927320000"
          }
        ]
      }
    },
    {
      "type": "Feature",
      "geometry": {
        "type": "Point",
        "coordinates": [
          -95.26093,
          41.49679
        ]
      },
      "properties": {
        "camera_uri": "camera/59546183",
        "title": "I-80: Parking Only: I-80 EB MM 44 near Avoca",
        "jpg_urls": [
          "https://atmsqf.iowadot.gov/snapshots/Public/RestAreas/RA80EB44-02-CENTER.jpg?1774927320000",
          "https://atmsqf.iowadot.gov/snapshots/Public/RestAreas/RA80EB44-02-ENTRY.jpg?1774927320000",
          "https://atmsqf.iowadot.gov/snapshots/Public/RestAreas/RA80EB44-02-EXIT.jpg?1774927320000"
        ],
        "m3u8_urls": [],
        "views": [
          {
            "uri": "camera/59546183/3292522623",
            "category": "IMAGE",
            "jpg_url": "https://atmsqf.iowadot.gov/snapshots/Public/RestAreas/RA80EB44-02-CENTER.jpg?1774927320000"
          },
          {
            "uri": "camera/59546183/585293856",
            "category": "IMAGE",
            "jpg_url": "https://atmsqf.iowadot.gov/snapshots/Public/RestAreas/RA80EB44-02-ENTRY.jpg?1774927320000"
          },
          {
            "uri": "camera/59546183/3180125172",
            "category": "IMAGE",
            "jpg_url": "https://atmsqf.iowadot.gov/snapshots/Public/RestAreas/RA80EB44-02-EXIT.jpg?1774927320000"
          }
        ]
      }
    },
    {
      "type": "Feature",
      "geometry": {
        "type": "Point",
        "coordinates": [
          -91.08629,
          41.64543
        ]
      },
      "properties": {
        "camera_uri": "camera/59545680",
        "title": "I-80: Parking Only: I-80 WB MM 268 near Wilton",
        "jpg_urls": [
          "https://atmsqf.iowadot.gov/snapshots/Public/RestAreas/RA80WB268-01-CENTER.jpg?1774927320000",
          "https://atmsqf.iowadot.gov/snapshots/Public/RestAreas/RA80WB268-01-ENTRY.jpg?1774927320000",
          "https://atmsqf.iowadot.gov/snapshots/Public/RestAreas/RA80WB268-01-EXIT.jpg?1774927320000"
        ],
        "m3u8_urls": [],
        "views": [
          {
            "uri": "camera/59545680/3250583793",
            "category": "IMAGE",
            "jpg_url": "https://atmsqf.iowadot.gov/snapshots/Public/RestAreas/RA80WB268-01-CENTER.jpg?1774927320000"
          },
          {
            "uri": "camera/59545680/1034212878",
            "category": "IMAGE",
            "jpg_url": "https://atmsqf.iowadot.gov/snapshots/Public/RestAreas/RA80WB268-01-ENTRY.jpg?1774927320000"
          },
          {
            "uri": "camera/59545680/4196174426",
            "category": "IMAGE",
            "jpg_url": "https://atmsqf.iowadot.gov/snapshots/Public/RestAreas/RA80WB268-01-EXIT.jpg?1774927320000"
          }
        ]
      }
    },
    {
      "type": "Feature",
      "geometry": {
        "type": "Point",
        "coordinates": [
          -95.49207,
          41.49959
        ]
      },
      "properties": {
        "camera_uri": "camera/59545984",
        "title": "I-80: Parking Only: I-80 WB MM 32 near Shelby",
        "jpg_urls": [
          "https://atmsqf.iowadot.gov/snapshots/Public/RestAreas/RA80WB32-01-CENTER.jpg?1774927320000",
          "https://atmsqf.iowadot.gov/snapshots/Public/RestAreas/RA80WB32-01-ENTRY.jpg?1774927320000",
          "https://atmsqf.iowadot.gov/snapshots/Public/RestAreas/RA80WB32-01-EXIT.jpg?1774927320000"
        ],
        "m3u8_urls": [],
        "views": [
          {
            "uri": "camera/59545984/2453252204",
            "category": "IMAGE",
            "jpg_url": "https://atmsqf.iowadot.gov/snapshots/Public/RestAreas/RA80WB32-01-CENTER.jpg?1774927320000"
          },
          {
            "uri": "camera/59545984/1424572723",
            "category": "IMAGE",
            "jpg_url": "https://atmsqf.iowadot.gov/snapshots/Public/RestAreas/RA80WB32-01-ENTRY.jpg?1774927320000"
          },
          {
            "uri": "camera/59545984/2723070439",
            "category": "IMAGE",
            "jpg_url": "https://atmsqf.iowadot.gov/snapshots/Public/RestAreas/RA80WB32-01-EXIT.jpg?1774927320000"
          }
        ]
      }
    },
    {
      "type": "Feature",
      "geometry": {
        "type": "Point",
        "coordinates": [
          -90.68565,
          41.60345
        ]
      },
      "properties": {
        "camera_uri": "camera/59546328",
        "title": "I-80: QC - I-80 @ Co Rd Y48 (15)",
        "jpg_urls": [
          "https://iowadotsnapshot.us-east-1.skyvdn.com/thumbs/qctv15lb.flv.jpg"
        ],
        "m3u8_urls": [
          "https://iowadotsfs2.us-east-1.skyvdn.com:443/rtplive/qctv15lb/playlist.m3u8"
        ],
        "views": [
          {
            "uri": "camera/59546328/3696980284",
            "category": "VIDEO",
            "jpg_url": "https://iowadotsnapshot.us-east-1.skyvdn.com/thumbs/qctv15lb.flv.jpg",
            "m3u8_url": "https://iowadotsfs2.us-east-1.skyvdn.com:443/rtplive/qctv15lb/playlist.m3u8"
          }
        ]
      }
    },
    {
      "type": "Feature",
      "geometry": {
        "type": "Point",
        "coordinates": [
          -90.67735,
          41.60263
        ]
      },
      "properties": {
        "camera_uri": "camera/59546035",
        "title": "I-80: QC - I-80 @ I-280 (16)",
        "jpg_urls": [
          "https://iowadotsnapshot.us-east-1.skyvdn.com/thumbs/qctv16lb.flv.jpg"
        ],
        "m3u8_urls": [
          "https://iowadotsfs2.us-east-1.skyvdn.com:443/rtplive/qctv16lb/playlist.m3u8"
        ],
        "views": [
          {
            "uri": "camera/59546035/2561502766",
            "category": "VIDEO",
            "jpg_url": "https://iowadotsnapshot.us-east-1.skyvdn.com/thumbs/qctv16lb.flv.jpg",
            "m3u8_url": "https://iowadotsfs2.us-east-1.skyvdn.com:443/rtplive/qctv16lb/playlist.m3u8"
          }
        ]
      }
    },
    {
      "type": "Feature",
      "geometry": {
        "type": "Point",
        "coordinates": [
          -90.6185,
          41.59964
        ]
      },
      "properties": {
        "camera_uri": "camera/59546293",
        "title": "I-80: QC - I-80 @ Northwest Blvd (17)",
        "jpg_urls": [
          "https://iowadotsnapshot.us-east-1.skyvdn.com/thumbs/qctv17lb.flv.jpg"
        ],
        "m3u8_urls": [
          "https://iowadotsfs2.us-east-1.skyvdn.com:443/rtplive/qctv17lb/playlist.m3u8"
        ],
        "views": [
          {
            "uri": "camera/59546293/1651168759",
            "category": "VIDEO",
            "jpg_url": "https://iowadotsnapshot.us-east-1.skyvdn.com/thumbs/qctv17lb.flv.jpg",
            "m3u8_url": "https://iowadotsfs2.us-east-1.skyvdn.com:443/rtplive/qctv17lb/playlist.m3u8"
          }
        ]
      }
    },
    {
      "type": "Feature",
      "geometry": {
        "type": "Point",
        "coordinates": [
          -90.72476,
          41.60433
        ]
      },
      "properties": {
        "camera_uri": "camera/59545796",
        "title": "I-80: QC - I-80 @ Walcott DMS (14)",
        "jpg_urls": [
          "https://iowadotsnapshot.us-east-1.skyvdn.com/thumbs/qctv14lb.flv.jpg"
        ],
        "m3u8_urls": [
          "https://iowadotsfs2.us-east-1.skyvdn.com:443/rtplive/qctv14lb/playlist.m3u8"
        ],
        "views": [
          {
            "uri": "camera/59545796/126165534",
            "category": "VIDEO",
            "jpg_url": "https://iowadotsnapshot.us-east-1.skyvdn.com/thumbs/qctv14lb.flv.jpg",
            "m3u8_url": "https://iowadotsfs2.us-east-1.skyvdn.com:443/rtplive/qctv14lb/playlist.m3u8"
          }
        ]
      }
    },
    {
      "type": "Feature",
      "geometry": {
        "type": "Point",
        "coordinates": [
          -92.7805,
          41.6952
        ]
      },
      "properties": {
        "camera_uri": "camera/59545630",
        "title": "I-80: RWIS - I 80 MM 180 @ Grinnell MM180  (mini)",
        "jpg_urls": [
          "https://atmsqf.iowadot.gov/snapshots/Public/RWIS/RWIS_82-01.jpg?1774927320000"
        ],
        "m3u8_urls": [],
        "views": [
          {
            "uri": "camera/59545630/2971857917",
            "category": "IMAGE",
            "jpg_url": "https://atmsqf.iowadot.gov/snapshots/Public/RWIS/RWIS_82-01.jpg?1774927320000"
          }
        ]
      }
    },
    {
      "type": "Feature",
      "geometry": {
        "type": "Point",
        "coordinates": [
          -94.0112,
          41.5415
        ]
      },
      "properties": {
        "camera_uri": "camera/59546308",
        "title": "I-80: RWIS - I-80 MM 110 @ De Soto",
        "jpg_urls": [
          "https://atmsqf.iowadot.gov/snapshots/public/RWIS/RWIS_18-00.JPG?1774927320000",
          "https://atmsqf.iowadot.gov/snapshots/public/RWIS/RWIS_18-01.JPG?1774927320000",
          "https://atmsqf.iowadot.gov/snapshots/public/RWIS/RWIS_18-04.JPG?1774927320000",
          "https://atmsqf.iowadot.gov/snapshots/public/RWIS/RWIS_18-02.JPG?1774927320000",
          "https://atmsqf.iowadot.gov/snapshots/public/RWIS/RWIS_18-06.JPG?1774927320000"
        ],
        "m3u8_urls": [],
        "views": [
          {
            "uri": "camera/59546308/1472187919",
            "category": "IMAGE",
            "jpg_url": "https://atmsqf.iowadot.gov/snapshots/public/RWIS/RWIS_18-00.JPG?1774927320000"
          },
          {
            "uri": "camera/59546308/4002845016",
            "category": "IMAGE",
            "jpg_url": "https://atmsqf.iowadot.gov/snapshots/public/RWIS/RWIS_18-01.JPG?1774927320000"
          },
          {
            "uri": "camera/59546308/3980743120",
            "category": "IMAGE",
            "jpg_url": "https://atmsqf.iowadot.gov/snapshots/public/RWIS/RWIS_18-04.JPG?1774927320000"
          },
          {
            "uri": "camera/59546308/3322129821",
            "category": "IMAGE",
            "jpg_url": "https://atmsqf.iowadot.gov/snapshots/public/RWIS/RWIS_18-02.JPG?1774927320000"
          },
          {
            "uri": "camera/59546308/1376628683",
            "category": "IMAGE",
            "jpg_url": "https://atmsqf.iowadot.gov/snapshots/public/RWIS/RWIS_18-06.JPG?1774927320000"
          }
        ]
      }
    },
    {
      "type": "Feature",
      "geometry": {
        "type": "Point",
        "coordinates": [
          -93.2597,
          41.689
        ]
      },
      "properties": {
        "camera_uri": "camera/59545632",
        "title": "I-80: RWIS - I-80 MM 155 @ Colfax",
        "jpg_urls": [
          "https://atmsqf.iowadot.gov/snapshots/public/RWIS/RWIS_53-02.JPG?1774927320000",
          "https://atmsqf.iowadot.gov/snapshots/public/RWIS/RWIS_53-03.JPG?1774927320000",
          "https://atmsqf.iowadot.gov/snapshots/public/RWIS/RWIS_53-04.JPG?1774927320000",
          "https://atmsqf.iowadot.gov/snapshots/public/RWIS/RWIS_53-01.JPG?1774927320000",
          "https://atmsqf.iowadot.gov/snapshots/public/RWIS/RWIS_53-00.JPG?1774927320000"
        ],
        "m3u8_urls": [],
        "views": [
          {
            "uri": "camera/59545632/400722565",
            "category": "IMAGE",
            "jpg_url": "https://atmsqf.iowadot.gov/snapshots/public/RWIS/RWIS_53-02.JPG?1774927320000"
          },
          {
            "uri": "camera/59545632/970414931",
            "category": "IMAGE",
            "jpg_url": "https://atmsqf.iowadot.gov/snapshots/public/RWIS/RWIS_53-03.JPG?1774927320000"
          },
          {
            "uri": "camera/59545632/3980750751",
            "category": "IMAGE",
            "jpg_url": "https://atmsqf.iowadot.gov/snapshots/public/RWIS/RWIS_53-04.JPG?1774927320000"
          },
          {
            "uri": "camera/59545632/537034053",
            "category": "IMAGE",
            "jpg_url": "https://atmsqf.iowadot.gov/snapshots/public/RWIS/RWIS_53-01.JPG?1774927320000"
          },
          {
            "uri": "camera/59545632/389819731",
            "category": "IMAGE",
            "jpg_url": "https://atmsqf.iowadot.gov/snapshots/public/RWIS/RWIS_53-00.JPG?1774927320000"
          }
        ]
      }
    },
    {
      "type": "Feature",
      "geometry": {
        "type": "Point",
        "coordinates": [
          -92.27911,
          41.69591
        ]
      },
      "properties": {
        "camera_uri": "camera/59546150",
        "title": "I-80: RWIS - I-80 MM 205 @ Victor",
        "jpg_urls": [
          "https://atmsqf.iowadot.gov/snapshots/public/RWIS/RWIS_72-00.JPG?1774927320000",
          "https://atmsqf.iowadot.gov/snapshots/public/RWIS/RWIS_72-01.JPG?1774927320000",
          "https://atmsqf.iowadot.gov/snapshots/public/RWIS/RWIS_72-02.JPG?1774927320000",
          "https://atmsqf.iowadot.gov/snapshots/public/RWIS/RWIS_72-03.JPG?1774927320000"
        ],
        "m3u8_urls": [],
        "views": [
          {
            "uri": "camera/59546150/400721414",
            "category": "IMAGE",
            "jpg_url": "https://atmsqf.iowadot.gov/snapshots/public/RWIS/RWIS_72-00.JPG?1774927320000"
          },
          {
            "uri": "camera/59546150/970170282",
            "category": "IMAGE",
            "jpg_url": "https://atmsqf.iowadot.gov/snapshots/public/RWIS/RWIS_72-01.JPG?1774927320000"
          },
          {
            "uri": "camera/59546150/389818704",
            "category": "IMAGE",
            "jpg_url": "https://atmsqf.iowadot.gov/snapshots/public/RWIS/RWIS_72-02.JPG?1774927320000"
          },
          {
            "uri": "camera/59546150/2099114823",
            "category": "IMAGE",
            "jpg_url": "https://atmsqf.iowadot.gov/snapshots/public/RWIS/RWIS_72-03.JPG?1774927320000"
          }
        ]
      }
    },
    {
      "type": "Feature",
      "geometry": {
        "type": "Point",
        "coordinates": [
          -91.1272,
          41.6448
        ]
      },
      "properties": {
        "camera_uri": "camera/59545838",
        "title": "I-80: RWIS - I-80 MM 266 @ Tipton",
        "jpg_urls": [
          "https://atmsqf.iowadot.gov/snapshots/public/RWIS/RWIS_44-01.JPG?1774927320000",
          "https://atmsqf.iowadot.gov/snapshots/public/RWIS/RWIS_44-03.JPG?1774927320000",
          "https://atmsqf.iowadot.gov/snapshots/public/RWIS/RWIS_44-00.JPG?1774927320000",
          "https://atmsqf.iowadot.gov/snapshots/public/RWIS/RWIS_44-04.JPG?1774927320000",
          "https://atmsqf.iowadot.gov/snapshots/public/RWIS/RWIS_44-02.JPG?1774927320000"
        ],
        "m3u8_urls": [],
        "views": [
          {
            "uri": "camera/59545838/2799791149",
            "category": "IMAGE",
            "jpg_url": "https://atmsqf.iowadot.gov/snapshots/public/RWIS/RWIS_44-01.JPG?1774927320000"
          },
          {
            "uri": "camera/59545838/3760459170",
            "category": "IMAGE",
            "jpg_url": "https://atmsqf.iowadot.gov/snapshots/public/RWIS/RWIS_44-03.JPG?1774927320000"
          },
          {
            "uri": "camera/59545838/1472175078",
            "category": "IMAGE",
            "jpg_url": "https://atmsqf.iowadot.gov/snapshots/public/RWIS/RWIS_44-00.JPG?1774927320000"
          },
          {
            "uri": "camera/59545838/3980756089",
            "category": "IMAGE",
            "jpg_url": "https://atmsqf.iowadot.gov/snapshots/public/RWIS/RWIS_44-04.JPG?1774927320000"
          },
          {
            "uri": "camera/59545838/4193836212",
            "category": "IMAGE",
            "jpg_url": "https://atmsqf.iowadot.gov/snapshots/public/RWIS/RWIS_44-02.JPG?1774927320000"
          }
        ]
      }
    },
    {
      "type": "Feature",
      "geometry": {
        "type": "Point",
        "coordinates": [
          -95.2915,
          41.49817
        ]
      },
      "properties": {
        "camera_uri": "camera/59546204",
        "title": "I-80: RWIS - I-80 MM 43 @ Avoca",
        "jpg_urls": [
          "https://atmsqf.iowadot.gov/snapshots/public/RWIS/RWIS_6-01.JPG?1774927320000",
          "https://atmsqf.iowadot.gov/snapshots/public/RWIS/RWIS_6-00.JPG?1774927320000",
          "https://atmsqf.iowadot.gov/snapshots/public/RWIS/RWIS_6-02.jpg?1774927320000",
          "https://atmsqf.iowadot.gov/snapshots/public/RWIS/RWIS_6-03.JPG?1774927320000"
        ],
        "m3u8_urls": [],
        "views": [
          {
            "uri": "camera/59546204/3818976528",
            "category": "IMAGE",
            "jpg_url": "https://atmsqf.iowadot.gov/snapshots/public/RWIS/RWIS_6-01.JPG?1774927320000"
          },
          {
            "uri": "camera/59546204/4084878608",
            "category": "IMAGE",
            "jpg_url": "https://atmsqf.iowadot.gov/snapshots/public/RWIS/RWIS_6-00.JPG?1774927320000"
          },
          {
            "uri": "camera/59546204/3523118499",
            "category": "IMAGE",
            "jpg_url": "https://atmsqf.iowadot.gov/snapshots/public/RWIS/RWIS_6-02.jpg?1774927320000"
          },
          {
            "uri": "camera/59546204/1011723842",
            "category": "IMAGE",
            "jpg_url": "https://atmsqf.iowadot.gov/snapshots/public/RWIS/RWIS_6-03.JPG?1774927320000"
          }
        ]
      }
    },
    {
      "type": "Feature",
      "geometry": {
        "type": "Point",
        "coordinates": [
          -94.7263,
          41.49633
        ]
      },
      "properties": {
        "camera_uri": "camera/59545908",
        "title": "I-80: RWIS - I-80 MM 72 @ Adair",
        "jpg_urls": [
          "https://atmsqf.iowadot.gov/snapshots/public/RWIS/RWIS_0-02.JPG?1774927320000",
          "https://atmsqf.iowadot.gov/snapshots/public/RWIS/RWIS_0-01.JPG?1774927320000",
          "https://atmsqf.iowadot.gov/snapshots/public/RWIS/RWIS_0-03.JPG?1774927320000"
        ],
        "m3u8_urls": [],
        "views": [
          {
            "uri": "camera/59545908/344057447",
            "category": "IMAGE",
            "jpg_url": "https://atmsqf.iowadot.gov/snapshots/public/RWIS/RWIS_0-02.JPG?1774927320000"
          },
          {
            "uri": "camera/59545908/1675759378",
            "category": "IMAGE",
            "jpg_url": "https://atmsqf.iowadot.gov/snapshots/public/RWIS/RWIS_0-01.JPG?1774927320000"
          },
          {
            "uri": "camera/59545908/2372108511",
            "category": "IMAGE",
            "jpg_url": "https://atmsqf.iowadot.gov/snapshots/public/RWIS/RWIS_0-03.JPG?1774927320000"
          }
        ]
      }
    },
    {
      "type": "Feature",
      "geometry": {
        "type": "Point",
        "coordinates": [
          -93.3947,
          41.67998
        ]
      },
      "properties": {
        "camera_uri": "camera/59545727",
        "title": "I-80: Rest Area: I-80 EB MM 148 near Mitchellville",
        "jpg_urls": [
          "https://atmsqf.iowadot.gov/snapshots/Public/RestAreas/RA80EB148-01-CENTER.jpg?1774927320000",
          "https://atmsqf.iowadot.gov/snapshots/Public/RestAreas/RA80EB148-01-ENTRY.jpg?1774927320000",
          "https://atmsqf.iowadot.gov/snapshots/Public/RestAreas/RA80EB148-01-EXIT.jpg?1774927320000"
        ],
        "m3u8_urls": [],
        "views": [
          {
            "uri": "camera/59545727/2309879522",
            "category": "IMAGE",
            "jpg_url": "https://atmsqf.iowadot.gov/snapshots/Public/RestAreas/RA80EB148-01-CENTER.jpg?1774927320000"
          },
          {
            "uri": "camera/59545727/1255949981",
            "category": "IMAGE",
            "jpg_url": "https://atmsqf.iowadot.gov/snapshots/Public/RestAreas/RA80EB148-01-ENTRY.jpg?1774927320000"
          },
          {
            "uri": "camera/59545727/158663369",
            "category": "IMAGE",
            "jpg_url": "https://atmsqf.iowadot.gov/snapshots/Public/RestAreas/RA80EB148-01-EXIT.jpg?1774927320000"
          }
        ]
      }
    },
    {
      "type": "Feature",
      "geometry": {
        "type": "Point",
        "coordinates": [
          -92.77365,
          41.69415
        ]
      },
      "properties": {
        "camera_uri": "camera/59546406",
        "title": "I-80: Rest Area: I-80 EB MM 180 near Grinnell",
        "jpg_urls": [
          "https://atmsqf.iowadot.gov/snapshots/Public/RestAreas/RA80EB180-01-CENTER.jpg?1774927320000",
          "https://atmsqf.iowadot.gov/snapshots/Public/RestAreas/RA80EB180-01-ENTRY.jpg?1774927320000",
          "https://atmsqf.iowadot.gov/snapshots/Public/RestAreas/RA80EB180-01-EXIT.jpg?1774927320000"
        ],
        "m3u8_urls": [],
        "views": [
          {
            "uri": "camera/59546406/2539816550",
            "category": "IMAGE",
            "jpg_url": "https://atmsqf.iowadot.gov/snapshots/Public/RestAreas/RA80EB180-01-CENTER.jpg?1774927320000"
          },
          {
            "uri": "camera/59546406/1026012953",
            "category": "IMAGE",
            "jpg_url": "https://atmsqf.iowadot.gov/snapshots/Public/RestAreas/RA80EB180-01-ENTRY.jpg?1774927320000"
          },
          {
            "uri": "camera/59546406/2597540941",
            "category": "IMAGE",
            "jpg_url": "https://atmsqf.iowadot.gov/snapshots/Public/RestAreas/RA80EB180-01-EXIT.jpg?1774927320000"
          }
        ]
      }
    },
    {
      "type": "Feature",
      "geometry": {
        "type": "Point",
        "coordinates": [
          -95.65872,
          41.4014
        ]
      },
      "properties": {
        "camera_uri": "camera/59545811",
        "title": "I-80: Rest Area: I-80 EB MM 19 near Underwood",
        "jpg_urls": [
          "https://atmsqf.iowadot.gov/snapshots/Public/RestAreas/RA80EB19-01-CENTER.jpg?1774927320000",
          "https://atmsqf.iowadot.gov/snapshots/Public/RestAreas/RA80EB19-01-ENTRY.jpg?1774927320000",
          "https://atmsqf.iowadot.gov/snapshots/Public/RestAreas/RA80EB19-01-EXIT.jpg?1774927320000"
        ],
        "m3u8_urls": [],
        "views": [
          {
            "uri": "camera/59545811/499198487",
            "category": "IMAGE",
            "jpg_url": "https://atmsqf.iowadot.gov/snapshots/Public/RestAreas/RA80EB19-01-CENTER.jpg?1774927320000"
          },
          {
            "uri": "camera/59545811/1334730632",
            "category": "IMAGE",
            "jpg_url": "https://atmsqf.iowadot.gov/snapshots/Public/RestAreas/RA80EB19-01-ENTRY.jpg?1774927320000"
          },
          {
            "uri": "camera/59545811/2293921884",
            "category": "IMAGE",
            "jpg_url": "https://atmsqf.iowadot.gov/snapshots/Public/RestAreas/RA80EB19-01-EXIT.jpg?1774927320000"
          }
        ]
      }
    },
    {
      "type": "Feature",
      "geometry": {
        "type": "Point",
        "coordinates": [
          -91.6828,
          41.69378
        ]
      },
      "properties": {
        "camera_uri": "camera/59546360",
        "title": "I-80: Rest Area: I-80 EB MM 237 near Tiffin",
        "jpg_urls": [
          "https://atmsqf.iowadot.gov/snapshots/Public/RestAreas/RA80EB237-01-CENTER.jpg?1774927320000",
          "https://atmsqf.iowadot.gov/snapshots/Public/RestAreas/RA80EB237-01-ENTRY.jpg?1774927320000",
          "https://atmsqf.iowadot.gov/snapshots/Public/RestAreas/RA80EB237-01-EXIT.jpg?1774927320000"
        ],
        "m3u8_urls": [],
        "views": [
          {
            "uri": "camera/59546360/1882504265",
            "category": "IMAGE",
            "jpg_url": "https://atmsqf.iowadot.gov/snapshots/Public/RestAreas/RA80EB237-01-CENTER.jpg?1774927320000"
          },
          {
            "uri": "camera/59546360/1931964598",
            "category": "IMAGE",
            "jpg_url": "https://atmsqf.iowadot.gov/snapshots/Public/RestAreas/RA80EB237-01-ENTRY.jpg?1774927320000"
          },
          {
            "uri": "camera/59546360/2242744034",
            "category": "IMAGE",
            "jpg_url": "https://atmsqf.iowadot.gov/snapshots/Public/RestAreas/RA80EB237-01-EXIT.jpg?1774927320000"
          }
        ]
      }
    },
    {
      "type": "Feature",
      "geometry": {
        "type": "Point",
        "coordinates": [
          -91.0539,
          41.63949
        ]
      },
      "properties": {
        "camera_uri": "camera/59546142",
        "title": "I-80: Rest Area: I-80 EB MM 270 near Wilton",
        "jpg_urls": [
          "https://atmsqf.iowadot.gov/snapshots/Public/RestAreas/RA80EB270-01-CENTER.jpg?1774927320000",
          "https://atmsqf.iowadot.gov/snapshots/Public/RestAreas/RA80EB270-01-ENTRY.jpg?1774927320000",
          "https://atmsqf.iowadot.gov/snapshots/Public/RestAreas/RA80EB270-01-EXIT.jpg?1774927320000"
        ],
        "m3u8_urls": [],
        "views": [
          {
            "uri": "camera/59546142/1747931978",
            "category": "IMAGE",
            "jpg_url": "https://atmsqf.iowadot.gov/snapshots/Public/RestAreas/RA80EB270-01-CENTER.jpg?1774927320000"
          },
          {
            "uri": "camera/59546142/2233260469",
            "category": "IMAGE",
            "jpg_url": "https://atmsqf.iowadot.gov/snapshots/Public/RestAreas/RA80EB270-01-ENTRY.jpg?1774927320000"
          },
          {
            "uri": "camera/59546142/1439578081",
            "category": "IMAGE",
            "jpg_url": "https://atmsqf.iowadot.gov/snapshots/Public/RestAreas/RA80EB270-01-EXIT.jpg?1774927320000"
          }
        ]
      }
    },
    {
      "type": "Feature",
      "geometry": {
        "type": "Point",
        "coordinates": [
          -94.5617,
          41.49625
        ]
      },
      "properties": {
        "camera_uri": "camera/59545659",
        "title": "I-80: Rest Area: I-80 EB MM 80 near Adair",
        "jpg_urls": [
          "https://atmsqf.iowadot.gov/snapshots/Public/RestAreas/RA80EB80-01-CENTER.jpg?1774927320000",
          "https://atmsqf.iowadot.gov/snapshots/Public/RestAreas/RA80EB80-01-ENTRY.jpg?1774927320000",
          "https://atmsqf.iowadot.gov/snapshots/Public/RestAreas/RA80EB80-01-EXIT.jpg?1774927320000"
        ],
        "m3u8_urls": [],
        "views": [
          {
            "uri": "camera/59545659/2935171575",
            "category": "IMAGE",
            "jpg_url": "https://atmsqf.iowadot.gov/snapshots/Public/RestAreas/RA80EB80-01-CENTER.jpg?1774927320000"
          },
          {
            "uri": "camera/59545659/942644904",
            "category": "IMAGE",
            "jpg_url": "https://atmsqf.iowadot.gov/snapshots/Public/RestAreas/RA80EB80-01-ENTRY.jpg?1774927320000"
          },
          {
            "uri": "camera/59545659/3634157948",
            "category": "IMAGE",
            "jpg_url": "https://atmsqf.iowadot.gov/snapshots/Public/RestAreas/RA80EB80-01-EXIT.jpg?1774927320000"
          }
        ]
      }
    },
    {
      "type": "Feature",
      "geometry": {
        "type": "Point",
        "coordinates": [
          -93.39047,
          41.68092
        ]
      },
      "properties": {
        "camera_uri": "camera/59546243",
        "title": "I-80: Rest Area: I-80 WB MM 148 near Mitchellville",
        "jpg_urls": [
          "https://atmsqf.iowadot.gov/snapshots/Public/RestAreas/RA80WB148-01-CENTER.jpg?1774927320000",
          "https://atmsqf.iowadot.gov/snapshots/Public/RestAreas/RA80WB148-01-ENTRY.jpg?1774927320000",
          "https://atmsqf.iowadot.gov/snapshots/Public/RestAreas/RA80WB148-01-EXIT.jpg?1774927320000"
        ],
        "m3u8_urls": [],
        "views": [
          {
            "uri": "camera/59546243/2294396016",
            "category": "IMAGE",
            "jpg_url": "https://atmsqf.iowadot.gov/snapshots/Public/RestAreas/RA80WB148-01-CENTER.jpg?1774927320000"
          },
          {
            "uri": "camera/59546243/1271433487",
            "category": "IMAGE",
            "jpg_url": "https://atmsqf.iowadot.gov/snapshots/Public/RestAreas/RA80WB148-01-ENTRY.jpg?1774927320000"
          },
          {
            "uri": "camera/59546243/138436187",
            "category": "IMAGE",
            "jpg_url": "https://atmsqf.iowadot.gov/snapshots/Public/RestAreas/RA80WB148-01-EXIT.jpg?1774927320000"
          }
        ]
      }
    },
    {
      "type": "Feature",
      "geometry": {
        "type": "Point",
        "coordinates": [
          -92.77275,
          41.69619
        ]
      },
      "properties": {
        "camera_uri": "camera/59546190",
        "title": "I-80: Rest Area: I-80 WB MM 180 near Grinnell",
        "jpg_urls": [
          "https://atmsqf.iowadot.gov/snapshots/Public/RestAreas/RA80WB180-01-CENTER.jpg?1774927320000",
          "https://atmsqf.iowadot.gov/snapshots/Public/RestAreas/RA80WB180-01-ENTRY.jpg?1774927320000",
          "https://atmsqf.iowadot.gov/snapshots/Public/RestAreas/RA80WB180-01-EXIT.jpg?1774927320000"
        ],
        "m3u8_urls": [],
        "views": [
          {
            "uri": "camera/59546190/2524333044",
            "category": "IMAGE",
            "jpg_url": "https://atmsqf.iowadot.gov/snapshots/Public/RestAreas/RA80WB180-01-CENTER.jpg?1774927320000"
          },
          {
            "uri": "camera/59546190/1041496459",
            "category": "IMAGE",
            "jpg_url": "https://atmsqf.iowadot.gov/snapshots/Public/RestAreas/RA80WB180-01-ENTRY.jpg?1774927320000"
          },
          {
            "uri": "camera/59546190/2577313759",
            "category": "IMAGE",
            "jpg_url": "https://atmsqf.iowadot.gov/snapshots/Public/RestAreas/RA80WB180-01-EXIT.jpg?1774927320000"
          }
        ]
      }
    },
    {
      "type": "Feature",
      "geometry": {
        "type": "Point",
        "coordinates": [
          -95.65871,
          41.40384
        ]
      },
      "properties": {
        "camera_uri": "camera/59545629",
        "title": "I-80: Rest Area: I-80 WB MM 19 near Underwood",
        "jpg_urls": [
          "https://atmsqf.iowadot.gov/snapshots/Public/RestAreas/RA80WB19-01-CENTER.jpg?1774927320000",
          "https://atmsqf.iowadot.gov/snapshots/Public/RestAreas/RA80WB19-01-ENTRY.jpg?1774927320000",
          "https://atmsqf.iowadot.gov/snapshots/Public/RestAreas/RA80WB19-01-EXIT.jpg?1774927320000"
        ],
        "m3u8_urls": [],
        "views": [
          {
            "uri": "camera/59545629/519434117",
            "category": "IMAGE",
            "jpg_url": "https://atmsqf.iowadot.gov/snapshots/Public/RestAreas/RA80WB19-01-CENTER.jpg?1774927320000"
          },
          {
            "uri": "camera/59545629/1314503450",
            "category": "IMAGE",
            "jpg_url": "https://atmsqf.iowadot.gov/snapshots/Public/RestAreas/RA80WB19-01-ENTRY.jpg?1774927320000"
          },
          {
            "uri": "camera/59545629/2309405390",
            "category": "IMAGE",
            "jpg_url": "https://atmsqf.iowadot.gov/snapshots/Public/RestAreas/RA80WB19-01-EXIT.jpg?1774927320000"
          }
        ]
      }
    },
    {
      "type": "Feature",
      "geometry": {
        "type": "Point",
        "coordinates": [
          -92.23243,
          41.69634
        ]
      },
      "properties": {
        "camera_uri": "camera/59546241",
        "title": "I-80: Rest Area: I-80 WB MM 208 near Victor",
        "jpg_urls": [
          "https://atmsqf.iowadot.gov/snapshots/Public/RestAreas/RA80WB208-01-Entry.jpg?1774927320000",
          "https://atmsqf.iowadot.gov/snapshots/Public/RestAreas/RA80WB208-01-Exit.jpg?1774927320000",
          "https://atmsqf.iowadot.gov/snapshots/Public/RestAreas/RA80WB208-01-Parking.jpg?1774927320000"
        ],
        "m3u8_urls": [],
        "views": [
          {
            "uri": "camera/59546241/2503013352",
            "category": "IMAGE",
            "jpg_url": "https://atmsqf.iowadot.gov/snapshots/Public/RestAreas/RA80WB208-01-Entry.jpg?1774927320000"
          },
          {
            "uri": "camera/59546241/1729932604",
            "category": "IMAGE",
            "jpg_url": "https://atmsqf.iowadot.gov/snapshots/Public/RestAreas/RA80WB208-01-Exit.jpg?1774927320000"
          },
          {
            "uri": "camera/59546241/2258140404",
            "category": "IMAGE",
            "jpg_url": "https://atmsqf.iowadot.gov/snapshots/Public/RestAreas/RA80WB208-01-Parking.jpg?1774927320000"
          }
        ]
      }
    },
    {
      "type": "Feature",
      "geometry": {
        "type": "Point",
        "coordinates": [
          -91.68049,
          41.69488
        ]
      },
      "properties": {
        "camera_uri": "camera/59546390",
        "title": "I-80: Rest Area: I-80 WB MM 237 near Tiffin",
        "jpg_urls": [
          "https://atmsqf.iowadot.gov/snapshots/Public/RestAreas/RA80WB237-CENTER.jpg?1774927320000",
          "https://atmsqf.iowadot.gov/snapshots/Public/RestAreas/RA80WB237-ENTRY.jpg?1774927320000",
          "https://atmsqf.iowadot.gov/snapshots/Public/RestAreas/RA80WB237-EXIT.jpg?1774927320000"
        ],
        "m3u8_urls": [],
        "views": [
          {
            "uri": "camera/59546390/1862277083",
            "category": "IMAGE",
            "jpg_url": "https://atmsqf.iowadot.gov/snapshots/Public/RestAreas/RA80WB237-CENTER.jpg?1774927320000"
          },
          {
            "uri": "camera/59546390/1952191780",
            "category": "IMAGE",
            "jpg_url": "https://atmsqf.iowadot.gov/snapshots/Public/RestAreas/RA80WB237-ENTRY.jpg?1774927320000"
          },
          {
            "uri": "camera/59546390/2227260528",
            "category": "IMAGE",
            "jpg_url": "https://atmsqf.iowadot.gov/snapshots/Public/RestAreas/RA80WB237-EXIT.jpg?1774927320000"
          }
        ]
      }
    },
    {
      "type": "Feature",
      "geometry": {
        "type": "Point",
        "coordinates": [
          -91.05474,
          41.64191
        ]
      },
      "properties": {
        "camera_uri": "camera/59545965",
        "title": "I-80: Rest Area: I-80 WB MM 270 near Wilton",
        "jpg_urls": [
          "https://atmsqf.iowadot.gov/snapshots/Public/RestAreas/RA80WB270-01-CENTER.jpg?1774927320000",
          "https://atmsqf.iowadot.gov/snapshots/Public/RestAreas/RA80WB270-01-ENTRY.jpg?1774927320000",
          "https://atmsqf.iowadot.gov/snapshots/Public/RestAreas/RA80WB270-01-EXIT.jpg?1774927320000"
        ],
        "m3u8_urls": [],
        "views": [
          {
            "uri": "camera/59545965/1732448472",
            "category": "IMAGE",
            "jpg_url": "https://atmsqf.iowadot.gov/snapshots/Public/RestAreas/RA80WB270-01-CENTER.jpg?1774927320000"
          },
          {
            "uri": "camera/59545965/2248752423",
            "category": "IMAGE",
            "jpg_url": "https://atmsqf.iowadot.gov/snapshots/Public/RestAreas/RA80WB270-01-ENTRY.jpg?1774927320000"
          },
          {
            "uri": "camera/59545965/1419342451",
            "category": "IMAGE",
            "jpg_url": "https://atmsqf.iowadot.gov/snapshots/Public/RestAreas/RA80WB270-01-EXIT.jpg?1774927320000"
          }
        ]
      }
    },
    {
      "type": "Feature",
      "geometry": {
        "type": "Point",
        "coordinates": [
          -94.57301,
          41.49724
        ]
      },
      "properties": {
        "camera_uri": "camera/59546214",
        "title": "I-80: Rest Area: I-80 WB MM 80 near Adair",
        "jpg_urls": [
          "https://atmsqf.iowadot.gov/snapshots/Public/RestAreas/RA80WB80-01-CENTER.jpg?1774927320000",
          "https://atmsqf.iowadot.gov/snapshots/Public/RestAreas/RA80WB80-01-ENTRY.jpg?1774927320000",
          "https://atmsqf.iowadot.gov/snapshots/Public/RestAreas/RA80WB80-01-EXIT.jpg?1774927320000"
        ],
        "m3u8_urls": [],
        "views": [
          {
            "uri": "camera/59546214/2955407205",
            "category": "IMAGE",
            "jpg_url": "https://atmsqf.iowadot.gov/snapshots/Public/RestAreas/RA80WB80-01-CENTER.jpg?1774927320000"
          },
          {
            "uri": "camera/59546214/922417722",
            "category": "IMAGE",
            "jpg_url": "https://atmsqf.iowadot.gov/snapshots/Public/RestAreas/RA80WB80-01-ENTRY.jpg?1774927320000"
          },
          {
            "uri": "camera/59546214/3649641454",
            "category": "IMAGE",
            "jpg_url": "https://atmsqf.iowadot.gov/snapshots/Public/RestAreas/RA80WB80-01-EXIT.jpg?1774927320000"
          }
        ]
      }
    },
    {
      "type": "Feature",
      "geometry": {
        "type": "Point",
        "coordinates": [
          -93.59992,
          41.6494
        ]
      },
      "properties": {
        "camera_uri": "camera/59546456",
        "title": "I-80: WWD - I-35/80 @ E 14th St (31N)",
        "jpg_urls": [
          "https://iowadotsnapshot.us-east-1.skyvdn.com/thumbs/wwdtv031lb.flv.jpg"
        ],
        "m3u8_urls": [
          "https://iowadotsfs1.us-east-1.skyvdn.com:443/rtplive/wwdtv031lb/playlist.m3u8"
        ],
        "views": [
          {
            "uri": "camera/59546456/616117247",
            "category": "VIDEO",
            "jpg_url": "https://iowadotsnapshot.us-east-1.skyvdn.com/thumbs/wwdtv031lb.flv.jpg",
            "m3u8_url": "https://iowadotsfs1.us-east-1.skyvdn.com:443/rtplive/wwdtv031lb/playlist.m3u8"
          }
        ]
      }
    },
    {
      "type": "Feature",
      "geometry": {
        "type": "Point",
        "coordinates": [
          -93.59992,
          41.64939
        ]
      },
      "properties": {
        "camera_uri": "camera/59546383",
        "title": "I-80: WWD - I-35/80 @ E 14th St (32S)",
        "jpg_urls": [
          "https://iowadotsnapshot.us-east-1.skyvdn.com/thumbs/wwdtv032lb.flv.jpg"
        ],
        "m3u8_urls": [
          "https://iowadotsfs1.us-east-1.skyvdn.com:443/rtplive/wwdtv032lb/playlist.m3u8"
        ],
        "views": [
          {
            "uri": "camera/59546383/2277792769",
            "category": "VIDEO",
            "jpg_url": "https://iowadotsnapshot.us-east-1.skyvdn.com/thumbs/wwdtv032lb.flv.jpg",
            "m3u8_url": "https://iowadotsfs1.us-east-1.skyvdn.com:443/rtplive/wwdtv032lb/playlist.m3u8"
          }
        ]
      }
    },
    {
      "type": "Feature",
      "geometry": {
        "type": "Point",
        "coordinates": [
          -93.69724,
          41.6517
        ]
      },
      "properties": {
        "camera_uri": "camera/59546122",
        "title": "I-80: WWD - I-35/80 @ Merle Hay Rd (30)",
        "jpg_urls": [
          "https://iowadotsnapshot.us-east-1.skyvdn.com/thumbs/wwdtv030lb.flv.jpg"
        ],
        "m3u8_urls": [
          "https://iowadotsfs1.us-east-1.skyvdn.com:443/rtplive/wwdtv030lb/playlist.m3u8"
        ],
        "views": [
          {
            "uri": "camera/59546122/1389673342",
            "category": "VIDEO",
            "jpg_url": "https://iowadotsnapshot.us-east-1.skyvdn.com/thumbs/wwdtv030lb.flv.jpg",
            "m3u8_url": "https://iowadotsfs1.us-east-1.skyvdn.com:443/rtplive/wwdtv030lb/playlist.m3u8"
          }
        ]
      }
    },
    {
      "type": "Feature",
      "geometry": {
        "type": "Point",
        "coordinates": [
          -91.44492,
          41.67166
        ]
      },
      "properties": {
        "camera_uri": "camera/59545919",
        "title": "I-80: WWD - I-80 @ Herbert Hoover Hwy (66)",
        "jpg_urls": [
          "https://iowadotsnapshot.us-east-1.skyvdn.com/thumbs/wwdtv066lb.flv.jpg"
        ],
        "m3u8_urls": [
          "https://iowadotsfs1.us-east-1.skyvdn.com:443/rtplive/wwdtv066lb/playlist.m3u8"
        ],
        "views": [
          {
            "uri": "camera/59545919/3954597104",
            "category": "VIDEO",
            "jpg_url": "https://iowadotsnapshot.us-east-1.skyvdn.com/thumbs/wwdtv066lb.flv.jpg",
            "m3u8_url": "https://iowadotsfs1.us-east-1.skyvdn.com:443/rtplive/wwdtv066lb/playlist.m3u8"
          }
        ]
      }
    },
    {
      "type": "Feature",
      "geometry": {
        "type": "Point",
        "coordinates": [
          -93.49598,
          41.6617
        ]
      },
      "properties": {
        "camera_uri": "camera/59546438",
        "title": "I-80: WWD - I-80 @ Hubbell (81)",
        "jpg_urls": [
          "https://iowadotsnapshot.us-east-1.skyvdn.com/thumbs/wwdtv081lb.flv.jpg"
        ],
        "m3u8_urls": [
          "https://iowadotsfs2.us-east-1.skyvdn.com:443/rtplive/wwdtv081lb/playlist.m3u8"
        ],
        "views": [
          {
            "uri": "camera/59546438/1797935824",
            "category": "VIDEO",
            "jpg_url": "https://iowadotsnapshot.us-east-1.skyvdn.com/thumbs/wwdtv081lb.flv.jpg",
            "m3u8_url": "https://iowadotsfs2.us-east-1.skyvdn.com:443/rtplive/wwdtv081lb/playlist.m3u8"
          }
        ]
      }
    },
    {
      "type": "Feature",
      "geometry": {
        "type": "Point",
        "coordinates": [
          -95.67781,
          41.3763
        ]
      },
      "properties": {
        "camera_uri": "camera/59546009",
        "title": "I-80: WWD - I-80 @ Magnolia Rd. near Underwood (60)",
        "jpg_urls": [
          "https://iowadotsnapshot.us-east-1.skyvdn.com/thumbs/wwdtv060lb.flv.jpg"
        ],
        "m3u8_urls": [
          "https://iowadotsfs1.us-east-1.skyvdn.com:443/rtplive/wwdtv060lb/playlist.m3u8"
        ],
        "views": [
          {
            "uri": "camera/59546009/2108578802",
            "category": "VIDEO",
            "jpg_url": "https://iowadotsnapshot.us-east-1.skyvdn.com/thumbs/wwdtv060lb.flv.jpg",
            "m3u8_url": "https://iowadotsfs1.us-east-1.skyvdn.com:443/rtplive/wwdtv060lb/playlist.m3u8"
          }
        ]
      }
    },
    {
      "type": "Feature",
      "geometry": {
        "type": "Point",
        "coordinates": [
          -94.94481,
          41.49696
        ]
      },
      "properties": {
        "camera_uri": "camera/59545724",
        "title": "I-80: WWD - I-80 @ US 71 (63)",
        "jpg_urls": [
          "https://iowadotsnapshot.us-east-1.skyvdn.com/thumbs/wwdtv063lb.flv.jpg?1774927320000"
        ],
        "m3u8_urls": [],
        "views": [
          {
            "uri": "camera/59545724/2195972228",
            "category": "IMAGE",
            "jpg_url": "https://iowadotsnapshot.us-east-1.skyvdn.com/thumbs/wwdtv063lb.flv.jpg?1774927320000"
          }
        ]
      }
    },
    {
      "type": "Feature",
      "geometry": {
        "type": "Point",
        "coordinates": [
          -93.85338,
          41.5684
        ]
      },
      "properties": {
        "camera_uri": "camera/59546346",
        "title": "I-80: WWD - I-80 E @ Grand Prairie Pkwy (36N)",
        "jpg_urls": [
          "https://iowadotsnapshot.us-east-1.skyvdn.com/thumbs/wwdtv036lb.flv.jpg"
        ],
        "m3u8_urls": [
          "https://iowadotsfs1.us-east-1.skyvdn.com:443/rtplive/wwdtv036lb/playlist.m3u8"
        ],
        "views": [
          {
            "uri": "camera/59546346/248420656",
            "category": "VIDEO",
            "jpg_url": "https://iowadotsnapshot.us-east-1.skyvdn.com/thumbs/wwdtv036lb.flv.jpg",
            "m3u8_url": "https://iowadotsfs1.us-east-1.skyvdn.com:443/rtplive/wwdtv036lb/playlist.m3u8"
          }
        ]
      }
    },
    {
      "type": "Feature",
      "geometry": {
        "type": "Point",
        "coordinates": [
          -93.85338,
          41.5684
        ]
      },
      "properties": {
        "camera_uri": "camera/59546256",
        "title": "I-80: WWD - I-80 E @ Grand Prairie Pkwy (37S)",
        "jpg_urls": [
          "https://iowadotsnapshot.us-east-1.skyvdn.com/thumbs/wwdtv037lb.flv.jpg"
        ],
        "m3u8_urls": [
          "https://iowadotsfs1.us-east-1.skyvdn.com:443/rtplive/wwdtv037lb/playlist.m3u8"
        ],
        "views": [
          {
            "uri": "camera/59546256/1631896140",
            "category": "VIDEO",
            "jpg_url": "https://iowadotsnapshot.us-east-1.skyvdn.com/thumbs/wwdtv037lb.flv.jpg",
            "m3u8_url": "https://iowadotsfs1.us-east-1.skyvdn.com:443/rtplive/wwdtv037lb/playlist.m3u8"
          }
        ]
      }
    },
    {
      "type": "Feature",
      "geometry": {
        "type": "Point",
        "coordinates": [
          -91.56513,
          41.68508
        ]
      },
      "properties": {
        "camera_uri": "camera/59546209",
        "title": "I-80: WWD - I-80 W @ 1st Ave (73)",
        "jpg_urls": [
          "https://iowadotsnapshot.us-east-1.skyvdn.com/thumbs/wwdtv073lb.flv.jpg"
        ],
        "m3u8_urls": [
          "https://iowadotsfs1.us-east-1.skyvdn.com:443/rtplive/wwdtv073lb/playlist.m3u8"
        ],
        "views": [
          {
            "uri": "camera/59546209/913781270",
            "category": "VIDEO",
            "jpg_url": "https://iowadotsnapshot.us-east-1.skyvdn.com/thumbs/wwdtv073lb.flv.jpg",
            "m3u8_url": "https://iowadotsfs1.us-east-1.skyvdn.com:443/rtplive/wwdtv073lb/playlist.m3u8"
          }
        ]
      }
    },
    {
      "type": "Feature",
      "geometry": {
        "type": "Point",
        "coordinates": [
          -93.33434,
          41.68247
        ]
      },
      "properties": {
        "camera_uri": "camera/59546116",
        "title": "I-80: Weigh Station - I-80 WB MM 151 near Mitchellville",
        "jpg_urls": [
          "https://atmsqf.iowadot.gov/snapshots/Public/RestAreas/JS80WB151-CENTER.jpg?1774927320000",
          "https://atmsqf.iowadot.gov/snapshots/Public/RestAreas/JS80WB151-ENTRY.jpg?1774927320000",
          "https://atmsqf.iowadot.gov/snapshots/Public/RestAreas/JS80WB151-EXIT.jpg?1774927320000"
        ],
        "m3u8_urls": [],
        "views": [
          {
            "uri": "camera/59546116/3444864658",
            "category": "IMAGE",
            "jpg_url": "https://atmsqf.iowadot.gov/snapshots/Public/RestAreas/JS80WB151-CENTER.jpg?1774927320000"
          },
          {
            "uri": "camera/59546116/1088571373",
            "category": "IMAGE",
            "jpg_url": "https://atmsqf.iowadot.gov/snapshots/Public/RestAreas/JS80WB151-ENTRY.jpg?1774927320000"
          },
          {
            "uri": "camera/59546116/259162169",
            "category": "IMAGE",
            "jpg_url": "https://atmsqf.iowadot.gov/snapshots/Public/RestAreas/JS80WB151-EXIT.jpg?1774927320000"
          }
        ]
      }
    },
    {
      "type": "Feature",
      "geometry": {
        "type": "Point",
        "coordinates": [
          -93.91529,
          41.55464
        ]
      },
      "properties": {
        "camera_uri": "camera/59546123",
        "title": "I-80: Weigh Station: I-80 EB MM 115 near De Soto",
        "jpg_urls": [
          "https://atmsqf.iowadot.gov/snapshots/Public/RestAreas/DS80EB115-01-CENTER.jpg?1774927320000",
          "https://atmsqf.iowadot.gov/snapshots/Public/RestAreas/DS80EB115-01-ENTRY.jpg?1774927320000",
          "https://atmsqf.iowadot.gov/snapshots/Public/RestAreas/DS80EB115-01-EXIT.jpg?1774927320000"
        ],
        "m3u8_urls": [],
        "views": [
          {
            "uri": "camera/59546123/4012582414",
            "category": "IMAGE",
            "jpg_url": "https://atmsqf.iowadot.gov/snapshots/Public/RestAreas/DS80EB115-01-CENTER.jpg?1774927320000"
          },
          {
            "uri": "camera/59546123/520845169",
            "category": "IMAGE",
            "jpg_url": "https://atmsqf.iowadot.gov/snapshots/Public/RestAreas/DS80EB115-01-ENTRY.jpg?1774927320000"
          },
          {
            "uri": "camera/59546123/831631781",
            "category": "IMAGE",
            "jpg_url": "https://atmsqf.iowadot.gov/snapshots/Public/RestAreas/DS80EB115-01-EXIT.jpg?1774927320000"
          }
        ]
      }
    },
    {
      "type": "Feature",
      "geometry": {
        "type": "Point",
        "coordinates": [
          -91.76693,
          42.01264
        ]
      },
      "properties": {
        "camera_uri": "camera/59546012",
        "title": "IA 100: CR - IA 100 @ Covington Rd - MM 3.8 (57)",
        "jpg_urls": [
          "https://iowadotsnapshot.us-east-1.skyvdn.com/thumbs/crtv57lb.flv.jpg"
        ],
        "m3u8_urls": [
          "https://iowadotsfs1.us-east-1.skyvdn.com:443/rtplive/crtv57lb/playlist.m3u8"
        ],
        "views": [
          {
            "uri": "camera/59546012/2230227634",
            "category": "VIDEO",
            "jpg_url": "https://iowadotsnapshot.us-east-1.skyvdn.com/thumbs/crtv57lb.flv.jpg",
            "m3u8_url": "https://iowadotsfs1.us-east-1.skyvdn.com:443/rtplive/crtv57lb/playlist.m3u8"
          }
        ]
      }
    },
    {
      "type": "Feature",
      "geometry": {
        "type": "Point",
        "coordinates": [
          -91.77648,
          41.97888
        ]
      },
      "properties": {
        "camera_uri": "camera/59546240",
        "title": "IA 100: CR - IA 100 @ E Ave NW - MM 1.3 (59)",
        "jpg_urls": [
          "https://iowadotsnapshot.us-east-1.skyvdn.com/thumbs/crtv59lb.flv.jpg"
        ],
        "m3u8_urls": [
          "https://iowadotsfs1.us-east-1.skyvdn.com:443/rtplive/crtv59lb/playlist.m3u8"
        ],
        "views": [
          {
            "uri": "camera/59546240/47610562",
            "category": "VIDEO",
            "jpg_url": "https://iowadotsnapshot.us-east-1.skyvdn.com/thumbs/crtv59lb.flv.jpg",
            "m3u8_url": "https://iowadotsfs1.us-east-1.skyvdn.com:443/rtplive/crtv59lb/playlist.m3u8"
          }
        ]
      }
    },
    {
      "type": "Feature",
      "geometry": {
        "type": "Point",
        "coordinates": [
          -91.59885,
          42.01558
        ]
      },
      "properties": {
        "camera_uri": "camera/59545650",
        "title": "IA 100: CR - IA 100 @ East Post Rd (45)",
        "jpg_urls": [
          "https://iowadotsnapshot.us-east-1.skyvdn.com/thumbs/crtv45lb.flv.jpg"
        ],
        "m3u8_urls": [
          "https://iowadotsfs1.us-east-1.skyvdn.com:443/rtplive/crtv45lb/playlist.m3u8"
        ],
        "views": [
          {
            "uri": "camera/59545650/3993145517",
            "category": "VIDEO",
            "jpg_url": "https://iowadotsnapshot.us-east-1.skyvdn.com/thumbs/crtv45lb.flv.jpg",
            "m3u8_url": "https://iowadotsfs1.us-east-1.skyvdn.com:443/rtplive/crtv45lb/playlist.m3u8"
          }
        ]
      }
    },
    {
      "type": "Feature",
      "geometry": {
        "type": "Point",
        "coordinates": [
          -91.70115,
          42.02951
        ]
      },
      "properties": {
        "camera_uri": "camera/59546028",
        "title": "IA 100: CR - IA 100 @ Edgewood Rd NE (35)",
        "jpg_urls": [
          "https://iowadotsnapshot.us-east-1.skyvdn.com/thumbs/crtv35lb.flv.jpg"
        ],
        "m3u8_urls": [
          "https://iowadotsfs1.us-east-1.skyvdn.com:443/rtplive/crtv35lb/playlist.m3u8"
        ],
        "views": [
          {
            "uri": "camera/59546028/2228821290",
            "category": "VIDEO",
            "jpg_url": "https://iowadotsnapshot.us-east-1.skyvdn.com/thumbs/crtv35lb.flv.jpg",
            "m3u8_url": "https://iowadotsfs1.us-east-1.skyvdn.com:443/rtplive/crtv35lb/playlist.m3u8"
          }
        ]
      }
    },
    {
      "type": "Feature",
      "geometry": {
        "type": "Point",
        "coordinates": [
          -91.7014,
          42.02926
        ]
      },
      "properties": {
        "camera_uri": "camera/59546392",
        "title": "IA 100: CR - IA 100 @ Edgewood Rd NE (35Q)",
        "jpg_urls": [
          "https://iowadotsnapshot.us-east-1.skyvdn.com/thumbs/crtv35qlb.flv.jpg"
        ],
        "m3u8_urls": [
          "https://iowadotsfs1.us-east-1.skyvdn.com:443/rtplive/crtv35qlb/playlist.m3u8"
        ],
        "views": [
          {
            "uri": "camera/59546392/2533730171",
            "category": "VIDEO",
            "jpg_url": "https://iowadotsnapshot.us-east-1.skyvdn.com/thumbs/crtv35qlb.flv.jpg",
            "m3u8_url": "https://iowadotsfs1.us-east-1.skyvdn.com:443/rtplive/crtv35qlb/playlist.m3u8"
          }
        ]
      }
    },
    {
      "type": "Feature",
      "geometry": {
        "type": "Point",
        "coordinates": [
          -91.77497,
          42.00026
        ]
      },
      "properties": {
        "camera_uri": "camera/59546453",
        "title": "IA 100: CR - IA 100 @ Ellis Rd - MM 2.8 (58)",
        "jpg_urls": [
          "https://iowadotsnapshot.us-east-1.skyvdn.com/thumbs/crtv58lb.flv.jpg"
        ],
        "m3u8_urls": [
          "https://iowadotsfs1.us-east-1.skyvdn.com:443/rtplive/crtv58lb/playlist.m3u8"
        ],
        "views": [
          {
            "uri": "camera/59546453/317683788",
            "category": "VIDEO",
            "jpg_url": "https://iowadotsnapshot.us-east-1.skyvdn.com/thumbs/crtv58lb.flv.jpg",
            "m3u8_url": "https://iowadotsfs1.us-east-1.skyvdn.com:443/rtplive/crtv58lb/playlist.m3u8"
          }
        ]
      }
    },
    {
      "type": "Feature",
      "geometry": {
        "type": "Point",
        "coordinates": [
          -91.67406,
          42.02835
        ]
      },
      "properties": {
        "camera_uri": "camera/59545815",
        "title": "IA 100: CR - IA 100 @ I-380 (17Q)",
        "jpg_urls": [
          "https://iowadotsnapshot.us-east-1.skyvdn.com/thumbs/crtv17qlb.flv.jpg"
        ],
        "m3u8_urls": [
          "https://iowadotsfs2.us-east-1.skyvdn.com:443/rtplive/crtv17qlb/playlist.m3u8"
        ],
        "views": [
          {
            "uri": "camera/59545815/2376550601",
            "category": "VIDEO",
            "jpg_url": "https://iowadotsnapshot.us-east-1.skyvdn.com/thumbs/crtv17qlb.flv.jpg",
            "m3u8_url": "https://iowadotsfs2.us-east-1.skyvdn.com:443/rtplive/crtv17qlb/playlist.m3u8"
          }
        ]
      }
    },
    {
      "type": "Feature",
      "geometry": {
        "type": "Point",
        "coordinates": [
          -91.55048,
          42.01972
        ]
      },
      "properties": {
        "camera_uri": "camera/59546138",
        "title": "IA 100: CR - IA 100 @ IA 13 (47)",
        "jpg_urls": [
          "https://iowadotsnapshot.us-east-1.skyvdn.com/thumbs/crtv47lb.flv.jpg"
        ],
        "m3u8_urls": [
          "https://iowadotsfs1.us-east-1.skyvdn.com:443/rtplive/crtv47lb/playlist.m3u8"
        ],
        "views": [
          {
            "uri": "camera/59546138/698301704",
            "category": "VIDEO",
            "jpg_url": "https://iowadotsnapshot.us-east-1.skyvdn.com/thumbs/crtv47lb.flv.jpg",
            "m3u8_url": "https://iowadotsfs1.us-east-1.skyvdn.com:443/rtplive/crtv47lb/playlist.m3u8"
          }
        ]
      }
    },
    {
      "type": "Feature",
      "geometry": {
        "type": "Point",
        "coordinates": [
          -91.60846,
          42.01614
        ]
      },
      "properties": {
        "camera_uri": "camera/59546179",
        "title": "IA 100: CR - IA 100 @ Menards Ln (44)",
        "jpg_urls": [
          "https://iowadotsnapshot.us-east-1.skyvdn.com/thumbs/crtv44lb.flv.jpg"
        ],
        "m3u8_urls": [
          "https://iowadotsfs1.us-east-1.skyvdn.com:443/rtplive/crtv44lb/playlist.m3u8"
        ],
        "views": [
          {
            "uri": "camera/59546179/3977566113",
            "category": "VIDEO",
            "jpg_url": "https://iowadotsnapshot.us-east-1.skyvdn.com/thumbs/crtv44lb.flv.jpg",
            "m3u8_url": "https://iowadotsfs1.us-east-1.skyvdn.com:443/rtplive/crtv44lb/playlist.m3u8"
          }
        ]
      }
    },
    {
      "type": "Feature",
      "geometry": {
        "type": "Point",
        "coordinates": [
          -91.58858,
          42.01527
        ]
      },
      "properties": {
        "camera_uri": "camera/59546215",
        "title": "IA 100: CR - IA 100 @ S 22nd St (46)",
        "jpg_urls": [
          "https://iowadotsnapshot.us-east-1.skyvdn.com/thumbs/crtv46lb.flv.jpg"
        ],
        "m3u8_urls": [
          "https://iowadotsfs1.us-east-1.skyvdn.com:443/rtplive/crtv46lb/playlist.m3u8"
        ],
        "views": [
          {
            "uri": "camera/59546215/1254149821",
            "category": "VIDEO",
            "jpg_url": "https://iowadotsnapshot.us-east-1.skyvdn.com/thumbs/crtv46lb.flv.jpg",
            "m3u8_url": "https://iowadotsfs1.us-east-1.skyvdn.com:443/rtplive/crtv46lb/playlist.m3u8"
          }
        ]
      }
    },
    {
      "type": "Feature",
      "geometry": {
        "type": "Point",
        "coordinates": [
          -91.61767,
          42.0195
        ]
      },
      "properties": {
        "camera_uri": "camera/59545935",
        "title": "IA 100: CR - IA 100 @ Tama St (43)",
        "jpg_urls": [
          "https://iowadotsnapshot.us-east-1.skyvdn.com/thumbs/crtv43lb.flv.jpg"
        ],
        "m3u8_urls": [
          "https://iowadotsfs1.us-east-1.skyvdn.com:443/rtplive/crtv43lb/playlist.m3u8"
        ],
        "views": [
          {
            "uri": "camera/59545935/478728312",
            "category": "VIDEO",
            "jpg_url": "https://iowadotsnapshot.us-east-1.skyvdn.com/thumbs/crtv43lb.flv.jpg",
            "m3u8_url": "https://iowadotsfs1.us-east-1.skyvdn.com:443/rtplive/crtv43lb/playlist.m3u8"
          }
        ]
      }
    },
    {
      "type": "Feature",
      "geometry": {
        "type": "Point",
        "coordinates": [
          -91.7361,
          42.02928
        ]
      },
      "properties": {
        "camera_uri": "camera/59546082",
        "title": "IA 100: CR - IA 100 E of Cedar River - MM 5.7 (55)",
        "jpg_urls": [
          "https://iowadotsnapshot.us-east-1.skyvdn.com/thumbs/crtv55lb.flv.jpg"
        ],
        "m3u8_urls": [
          "https://iowadotsfs1.us-east-1.skyvdn.com:443/rtplive/crtv55lb/playlist.m3u8"
        ],
        "views": [
          {
            "uri": "camera/59546082/132958023",
            "category": "VIDEO",
            "jpg_url": "https://iowadotsnapshot.us-east-1.skyvdn.com/thumbs/crtv55lb.flv.jpg",
            "m3u8_url": "https://iowadotsfs1.us-east-1.skyvdn.com:443/rtplive/crtv55lb/playlist.m3u8"
          }
        ]
      }
    },
    {
      "type": "Feature",
      "geometry": {
        "type": "Point",
        "coordinates": [
          -91.72704,
          42.02806
        ]
      },
      "properties": {
        "camera_uri": "camera/59545916",
        "title": "IA 100: CR - IA 100 Near Xavier High School - MM 6.2 (54)",
        "jpg_urls": [
          "https://iowadotsnapshot.us-east-1.skyvdn.com/thumbs/crtv54lb.flv.jpg"
        ],
        "m3u8_urls": [
          "https://iowadotsfs1.us-east-1.skyvdn.com:443/rtplive/crtv54lb/playlist.m3u8"
        ],
        "views": [
          {
            "uri": "camera/59545916/3320845076",
            "category": "VIDEO",
            "jpg_url": "https://iowadotsnapshot.us-east-1.skyvdn.com/thumbs/crtv54lb.flv.jpg",
            "m3u8_url": "https://iowadotsfs1.us-east-1.skyvdn.com:443/rtplive/crtv54lb/playlist.m3u8"
          }
        ]
      }
    },
    {
      "type": "Feature",
      "geometry": {
        "type": "Point",
        "coordinates": [
          -91.74464,
          42.0265
        ]
      },
      "properties": {
        "camera_uri": "camera/59546386",
        "title": "IA 100: CR - IA 100 W of Cedar River - MM 5.3 (56)",
        "jpg_urls": [
          "https://iowadotsnapshot.us-east-1.skyvdn.com/thumbs/crtv56lb.flv.jpg"
        ],
        "m3u8_urls": [
          "https://iowadotsfs1.us-east-1.skyvdn.com:443/rtplive/crtv56lb/playlist.m3u8"
        ],
        "views": [
          {
            "uri": "camera/59546386/433616658",
            "category": "VIDEO",
            "jpg_url": "https://iowadotsnapshot.us-east-1.skyvdn.com/thumbs/crtv56lb.flv.jpg",
            "m3u8_url": "https://iowadotsfs1.us-east-1.skyvdn.com:443/rtplive/crtv56lb/playlist.m3u8"
          }
        ]
      }
    },
    {
      "type": "Feature",
      "geometry": {
        "type": "Point",
        "coordinates": [
          -91.71948,
          42.02993
        ]
      },
      "properties": {
        "camera_uri": "camera/59546185",
        "title": "IA 100: CR - IA 100 W of Edgewood Rd NE - MM 6.6 (53)",
        "jpg_urls": [
          "https://iowadotsnapshot.us-east-1.skyvdn.com/thumbs/crtv53lb.flv.jpg"
        ],
        "m3u8_urls": [
          "https://iowadotsfs1.us-east-1.skyvdn.com:443/rtplive/crtv53lb/playlist.m3u8"
        ],
        "views": [
          {
            "uri": "camera/59546185/437944183",
            "category": "VIDEO",
            "jpg_url": "https://iowadotsnapshot.us-east-1.skyvdn.com/thumbs/crtv53lb.flv.jpg",
            "m3u8_url": "https://iowadotsfs1.us-east-1.skyvdn.com:443/rtplive/crtv53lb/playlist.m3u8"
          }
        ]
      }
    },
    {
      "type": "Feature",
      "geometry": {
        "type": "Point",
        "coordinates": [
          -91.68846,
          42.02796
        ]
      },
      "properties": {
        "camera_uri": "camera/59545814",
        "title": "IA 100: CR - IA 100 W of I-380 (36)",
        "jpg_urls": [
          "https://iowadotsnapshot.us-east-1.skyvdn.com/thumbs/crtv36lb.flv.jpg"
        ],
        "m3u8_urls": [
          "https://iowadotsfs1.us-east-1.skyvdn.com:443/rtplive/crtv36lb/playlist.m3u8"
        ],
        "views": [
          {
            "uri": "camera/59545814/2315630021",
            "category": "VIDEO",
            "jpg_url": "https://iowadotsnapshot.us-east-1.skyvdn.com/thumbs/crtv36lb.flv.jpg",
            "m3u8_url": "https://iowadotsfs1.us-east-1.skyvdn.com:443/rtplive/crtv36lb/playlist.m3u8"
          }
        ]
      }
    },
    {
      "type": "Feature",
      "geometry": {
        "type": "Point",
        "coordinates": [
          -91.70139,
          42.02926
        ]
      },
      "properties": {
        "camera_uri": "camera/59545672",
        "title": "IA 100: WWD - IA 100 @ Edgewood EB Ramp  (75)",
        "jpg_urls": [
          "https://atmsqf.iowadot.gov/snapshots/Public/WWD/WWD75.jpg?1774927320000"
        ],
        "m3u8_urls": [],
        "views": [
          {
            "uri": "camera/59545672/872578447",
            "category": "IMAGE",
            "jpg_url": "https://atmsqf.iowadot.gov/snapshots/Public/WWD/WWD75.jpg?1774927320000"
          }
        ]
      }
    },
    {
      "type": "Feature",
      "geometry": {
        "type": "Point",
        "coordinates": [
          -91.70063,
          42.02911
        ]
      },
      "properties": {
        "camera_uri": "camera/59545997",
        "title": "IA 100: WWD - IA 100 @ Edgewood Rd NE (20)",
        "jpg_urls": [
          "https://iowadotsnapshot.us-east-1.skyvdn.com/thumbs/wwdtv020lb.flv.jpg"
        ],
        "m3u8_urls": [
          "https://iowadotsfs1.us-east-1.skyvdn.com:443/rtplive/wwdtv020lb/playlist.m3u8"
        ],
        "views": [
          {
            "uri": "camera/59545997/2133853339",
            "category": "VIDEO",
            "jpg_url": "https://iowadotsnapshot.us-east-1.skyvdn.com/thumbs/wwdtv020lb.flv.jpg",
            "m3u8_url": "https://iowadotsfs1.us-east-1.skyvdn.com:443/rtplive/wwdtv020lb/playlist.m3u8"
          }
        ]
      }
    },
    {
      "type": "Feature",
      "geometry": {
        "type": "Point",
        "coordinates": [
          -91.70135,
          42.02926
        ]
      },
      "properties": {
        "camera_uri": "camera/59546427",
        "title": "IA 100: WWD - IA 100 @ Edgewood Rd NE (74)",
        "jpg_urls": [
          "https://iowadotsnapshot.us-east-1.skyvdn.com/thumbs/wwdtv074lb.flv.jpg"
        ],
        "m3u8_urls": [
          "https://iowadotsfs1.us-east-1.skyvdn.com:443/rtplive/wwdtv074lb/playlist.m3u8"
        ],
        "views": [
          {
            "uri": "camera/59546427/2444939258",
            "category": "VIDEO",
            "jpg_url": "https://iowadotsnapshot.us-east-1.skyvdn.com/thumbs/wwdtv074lb.flv.jpg",
            "m3u8_url": "https://iowadotsfs1.us-east-1.skyvdn.com:443/rtplive/wwdtv074lb/playlist.m3u8"
          }
        ]
      }
    },
    {
      "type": "Feature",
      "geometry": {
        "type": "Point",
        "coordinates": [
          -91.67403,
          42.02822
        ]
      },
      "properties": {
        "camera_uri": "camera/59546006",
        "title": "IA 100: WWD - IA 100 @ I-380 (77)",
        "jpg_urls": [
          "https://atmsqf.iowadot.gov/snapshots/Public/WWD/WWD77.jpg?1774927320000"
        ],
        "m3u8_urls": [],
        "views": [
          {
            "uri": "camera/59546006/2323784427",
            "category": "IMAGE",
            "jpg_url": "https://atmsqf.iowadot.gov/snapshots/Public/WWD/WWD77.jpg?1774927320000"
          }
        ]
      }
    },
    {
      "type": "Feature",
      "geometry": {
        "type": "Point",
        "coordinates": [
          -96.0843,
          42.99783
        ]
      },
      "properties": {
        "camera_uri": "camera/59546157",
        "title": "IA 10: RWIS - IA 10 MM 24 @ Alton",
        "jpg_urls": [
          "https://atmsqf.iowadot.gov/snapshots/public/RWIS/RWIS_2-00.JPG?1774927320000",
          "https://atmsqf.iowadot.gov/snapshots/public/RWIS/RWIS_2-01.JPG?1774927320000",
          "https://atmsqf.iowadot.gov/snapshots/public/RWIS/RWIS_2-02.JPG?1774927320000",
          "https://atmsqf.iowadot.gov/snapshots/public/RWIS/RWIS_2-03.JPG?1774927320000"
        ],
        "m3u8_urls": [],
        "views": [
          {
            "uri": "camera/59546157/179295712",
            "category": "IMAGE",
            "jpg_url": "https://atmsqf.iowadot.gov/snapshots/public/RWIS/RWIS_2-00.JPG?1774927320000"
          },
          {
            "uri": "camera/59546157/4076943025",
            "category": "IMAGE",
            "jpg_url": "https://atmsqf.iowadot.gov/snapshots/public/RWIS/RWIS_2-01.JPG?1774927320000"
          },
          {
            "uri": "camera/59546157/93167846",
            "category": "IMAGE",
            "jpg_url": "https://atmsqf.iowadot.gov/snapshots/public/RWIS/RWIS_2-02.JPG?1774927320000"
          },
          {
            "uri": "camera/59546157/1632860451",
            "category": "IMAGE",
            "jpg_url": "https://atmsqf.iowadot.gov/snapshots/public/RWIS/RWIS_2-03.JPG?1774927320000"
          }
        ]
      }
    },
    {
      "type": "Feature",
      "geometry": {
        "type": "Point",
        "coordinates": [
          -93.20888,
          43.1476
        ]
      },
      "properties": {
        "camera_uri": "camera/59545942",
        "title": "IA 122: 2BZ - IA 122 / S. Monroe Ave (IWZ5785E)",
        "jpg_urls": [
          "https://iowadotsnapshot.us-east-1.skyvdn.com/thumbs/iwz5785elb.flv.jpg"
        ],
        "m3u8_urls": [
          "https://iowadotsfs2.us-east-1.skyvdn.com:443/rtplive/iwz5785elb/playlist.m3u8"
        ],
        "views": [
          {
            "uri": "camera/59545942/4050197888",
            "category": "VIDEO",
            "jpg_url": "https://iowadotsnapshot.us-east-1.skyvdn.com/thumbs/iwz5785elb.flv.jpg",
            "m3u8_url": "https://iowadotsfs2.us-east-1.skyvdn.com:443/rtplive/iwz5785elb/playlist.m3u8"
          }
        ]
      }
    },
    {
      "type": "Feature",
      "geometry": {
        "type": "Point",
        "coordinates": [
          -93.20888,
          43.1476
        ]
      },
      "properties": {
        "camera_uri": "camera/59546021",
        "title": "IA 122: 2BZ - IA 122 / S. Monroe Ave (IWZ5785W)",
        "jpg_urls": [
          "https://iowadotsnapshot.us-east-1.skyvdn.com/thumbs/iwz5785wlb.flv.jpg"
        ],
        "m3u8_urls": [
          "https://iowadotsfs2.us-east-1.skyvdn.com:443/rtplive/iwz5785wlb/playlist.m3u8"
        ],
        "views": [
          {
            "uri": "camera/59546021/1411516754",
            "category": "VIDEO",
            "jpg_url": "https://iowadotsnapshot.us-east-1.skyvdn.com/thumbs/iwz5785wlb.flv.jpg",
            "m3u8_url": "https://iowadotsfs2.us-east-1.skyvdn.com:443/rtplive/iwz5785wlb/playlist.m3u8"
          }
        ]
      }
    },
    {
      "type": "Feature",
      "geometry": {
        "type": "Point",
        "coordinates": [
          -93.22074,
          43.12854
        ]
      },
      "properties": {
        "camera_uri": "camera/59545651",
        "title": "IA 122: 2BZ - IA 122 / S. Pierce Ave (IWZ5779E)",
        "jpg_urls": [
          "https://iowadotsnapshot.us-east-1.skyvdn.com/thumbs/iwz5779elb.flv.jpg"
        ],
        "m3u8_urls": [
          "https://iowadotsfs2.us-east-1.skyvdn.com:443/rtplive/iwz5779elb/playlist.m3u8"
        ],
        "views": [
          {
            "uri": "camera/59545651/2376148479",
            "category": "VIDEO",
            "jpg_url": "https://iowadotsnapshot.us-east-1.skyvdn.com/thumbs/iwz5779elb.flv.jpg",
            "m3u8_url": "https://iowadotsfs2.us-east-1.skyvdn.com:443/rtplive/iwz5779elb/playlist.m3u8"
          }
        ]
      }
    },
    {
      "type": "Feature",
      "geometry": {
        "type": "Point",
        "coordinates": [
          -93.22074,
          43.12855
        ]
      },
      "properties": {
        "camera_uri": "camera/59545977",
        "title": "IA 122: 2BZ - IA 122 / S. Pierce Ave (IWZ5779W)",
        "jpg_urls": [
          "https://iowadotsnapshot.us-east-1.skyvdn.com/thumbs/iwz5779wlb.flv.jpg"
        ],
        "m3u8_urls": [
          "https://iowadotsfs2.us-east-1.skyvdn.com:443/rtplive/iwz5779wlb/playlist.m3u8"
        ],
        "views": [
          {
            "uri": "camera/59545977/2352154285",
            "category": "VIDEO",
            "jpg_url": "https://iowadotsnapshot.us-east-1.skyvdn.com/thumbs/iwz5779wlb.flv.jpg",
            "m3u8_url": "https://iowadotsfs2.us-east-1.skyvdn.com:443/rtplive/iwz5779wlb/playlist.m3u8"
          }
        ]
      }
    },
    {
      "type": "Feature",
      "geometry": {
        "type": "Point",
        "coordinates": [
          -96.47598,
          42.5438
        ]
      },
      "properties": {
        "camera_uri": "camera/59546121",
        "title": "IA 12: 3AW - IA 12 @ MM 11.6 (IWZ3716)",
        "jpg_urls": [
          "https://iowadotsnapshot.us-east-1.skyvdn.com/thumbs/iwz3716lb.flv.jpg"
        ],
        "m3u8_urls": [
          "https://iowadotsfs2.us-east-1.skyvdn.com:443/rtplive/iwz3716lb/playlist.m3u8"
        ],
        "views": [
          {
            "uri": "camera/59546121/414863544",
            "category": "VIDEO",
            "jpg_url": "https://iowadotsnapshot.us-east-1.skyvdn.com/thumbs/iwz3716lb.flv.jpg",
            "m3u8_url": "https://iowadotsfs2.us-east-1.skyvdn.com:443/rtplive/iwz3716lb/playlist.m3u8"
          }
        ]
      }
    },
    {
      "type": "Feature",
      "geometry": {
        "type": "Point",
        "coordinates": [
          -92.6436,
          41.1465
        ]
      },
      "properties": {
        "camera_uri": "camera/59545799",
        "title": "IA 137: RWIS - IA 137 MM 13 @ Eddyville",
        "jpg_urls": [
          "https://atmsqf.iowadot.gov/snapshots/public/RWIS/RWIS_56-02.JPG?1774927320000",
          "https://atmsqf.iowadot.gov/snapshots/public/RWIS/RWIS_56-03.JPG?1774927320000",
          "https://atmsqf.iowadot.gov/snapshots/public/RWIS/RWIS_56-01.JPG?1774927320000",
          "https://atmsqf.iowadot.gov/snapshots/public/RWIS/RWIS_56-00.JPG?1774927320000"
        ],
        "m3u8_urls": [],
        "views": [
          {
            "uri": "camera/59545799/2411262936",
            "category": "IMAGE",
            "jpg_url": "https://atmsqf.iowadot.gov/snapshots/public/RWIS/RWIS_56-02.JPG?1774927320000"
          },
          {
            "uri": "camera/59545799/970166380",
            "category": "IMAGE",
            "jpg_url": "https://atmsqf.iowadot.gov/snapshots/public/RWIS/RWIS_56-03.JPG?1774927320000"
          },
          {
            "uri": "camera/59545799/1569609625",
            "category": "IMAGE",
            "jpg_url": "https://atmsqf.iowadot.gov/snapshots/public/RWIS/RWIS_56-01.JPG?1774927320000"
          },
          {
            "uri": "camera/59545799/788811126",
            "category": "IMAGE",
            "jpg_url": "https://atmsqf.iowadot.gov/snapshots/public/RWIS/RWIS_56-00.JPG?1774927320000"
          }
        ]
      }
    },
    {
      "type": "Feature",
      "geometry": {
        "type": "Point",
        "coordinates": [
          -91.55063,
          42.03571
        ]
      },
      "properties": {
        "camera_uri": "camera/59546387",
        "title": "IA 13: CR - IA 13 @ 7th Ave (52)",
        "jpg_urls": [
          "https://iowadotsnapshot.us-east-1.skyvdn.com/thumbs/crtv52lb.flv.jpg"
        ],
        "m3u8_urls": [
          "https://iowadotsfs1.us-east-1.skyvdn.com:443/rtplive/crtv52lb/playlist.m3u8"
        ],
        "views": [
          {
            "uri": "camera/59546387/3021768076",
            "category": "VIDEO",
            "jpg_url": "https://iowadotsnapshot.us-east-1.skyvdn.com/thumbs/crtv52lb.flv.jpg",
            "m3u8_url": "https://iowadotsfs1.us-east-1.skyvdn.com:443/rtplive/crtv52lb/playlist.m3u8"
          }
        ]
      }
    },
    {
      "type": "Feature",
      "geometry": {
        "type": "Point",
        "coordinates": [
          -91.55552,
          41.9591
        ]
      },
      "properties": {
        "camera_uri": "camera/59545849",
        "title": "IA 13: CR - IA 13 @ Bertram Rd (48)",
        "jpg_urls": [
          "https://iowadotsnapshot.us-east-1.skyvdn.com/thumbs/crtv48lb.flv.jpg"
        ],
        "m3u8_urls": [
          "https://iowadotsfs1.us-east-1.skyvdn.com:443/rtplive/crtv48lb/playlist.m3u8"
        ],
        "views": [
          {
            "uri": "camera/59545849/1282851479",
            "category": "VIDEO",
            "jpg_url": "https://iowadotsnapshot.us-east-1.skyvdn.com/thumbs/crtv48lb.flv.jpg",
            "m3u8_url": "https://iowadotsfs1.us-east-1.skyvdn.com:443/rtplive/crtv48lb/playlist.m3u8"
          }
        ]
      }
    },
    {
      "type": "Feature",
      "geometry": {
        "type": "Point",
        "coordinates": [
          -91.55087,
          41.99488
        ]
      },
      "properties": {
        "camera_uri": "camera/59546076",
        "title": "IA 13: CR - IA 13 @ Cottage Grove Pkwy (50)",
        "jpg_urls": [
          "https://iowadotsnapshot.us-east-1.skyvdn.com/thumbs/crtv50lb.flv.jpg"
        ],
        "m3u8_urls": [
          "https://iowadotsfs1.us-east-1.skyvdn.com:443/rtplive/crtv50lb/playlist.m3u8"
        ],
        "views": [
          {
            "uri": "camera/59546076/4223510980",
            "category": "VIDEO",
            "jpg_url": "https://iowadotsnapshot.us-east-1.skyvdn.com/thumbs/crtv50lb.flv.jpg",
            "m3u8_url": "https://iowadotsfs1.us-east-1.skyvdn.com:443/rtplive/crtv50lb/playlist.m3u8"
          }
        ]
      }
    },
    {
      "type": "Feature",
      "geometry": {
        "type": "Point",
        "coordinates": [
          -91.55052,
          42.0314
        ]
      },
      "properties": {
        "camera_uri": "camera/59546189",
        "title": "IA 13: CR - IA 13 @ Linn Aire Dr (51)",
        "jpg_urls": [
          "https://iowadotsnapshot.us-east-1.skyvdn.com/thumbs/crtv51lb.flv.jpg"
        ],
        "m3u8_urls": [
          "https://iowadotsfs1.us-east-1.skyvdn.com:443/rtplive/crtv51lb/playlist.m3u8"
        ],
        "views": [
          {
            "uri": "camera/59546189/770766010",
            "category": "VIDEO",
            "jpg_url": "https://iowadotsnapshot.us-east-1.skyvdn.com/thumbs/crtv51lb.flv.jpg",
            "m3u8_url": "https://iowadotsfs1.us-east-1.skyvdn.com:443/rtplive/crtv51lb/playlist.m3u8"
          }
        ]
      }
    },
    {
      "type": "Feature",
      "geometry": {
        "type": "Point",
        "coordinates": [
          -91.55141,
          41.9761
        ]
      },
      "properties": {
        "camera_uri": "camera/59545722",
        "title": "IA 13: CR - IA 13 @ Mt Vernon Rd (49)",
        "jpg_urls": [
          "https://iowadotsnapshot.us-east-1.skyvdn.com/thumbs/crtv49lb.flv.jpg"
        ],
        "m3u8_urls": [
          "https://iowadotsfs1.us-east-1.skyvdn.com:443/rtplive/crtv49lb/playlist.m3u8"
        ],
        "views": [
          {
            "uri": "camera/59545722/3805778462",
            "category": "VIDEO",
            "jpg_url": "https://iowadotsnapshot.us-east-1.skyvdn.com/thumbs/crtv49lb.flv.jpg",
            "m3u8_url": "https://iowadotsfs1.us-east-1.skyvdn.com:443/rtplive/crtv49lb/playlist.m3u8"
          }
        ]
      }
    },
    {
      "type": "Feature",
      "geometry": {
        "type": "Point",
        "coordinates": [
          -93.77406,
          41.68825
        ]
      },
      "properties": {
        "camera_uri": "camera/59546254",
        "title": "IA 141: DM - IA 141 @ E 1st St (92)",
        "jpg_urls": [
          "https://iowadotsnapshot.us-east-1.skyvdn.com/thumbs/dmtv92lb.flv.jpg"
        ],
        "m3u8_urls": [
          "https://iowadotsfs2.us-east-1.skyvdn.com:443/rtplive/dmtv92lb/playlist.m3u8"
        ],
        "views": [
          {
            "uri": "camera/59546254/197642915",
            "category": "VIDEO",
            "jpg_url": "https://iowadotsnapshot.us-east-1.skyvdn.com/thumbs/dmtv92lb.flv.jpg",
            "m3u8_url": "https://iowadotsfs2.us-east-1.skyvdn.com:443/rtplive/dmtv92lb/playlist.m3u8"
          }
        ]
      }
    },
    {
      "type": "Feature",
      "geometry": {
        "type": "Point",
        "coordinates": [
          -93.77561,
          41.73961
        ]
      },
      "properties": {
        "camera_uri": "camera/59546131",
        "title": "IA 141: DM - IA 141 @ IA 415 (93)",
        "jpg_urls": [
          "https://iowadotsnapshot.us-east-1.skyvdn.com/thumbs/dmtv93lb.flv.jpg"
        ],
        "m3u8_urls": [
          "https://iowadotsfs2.us-east-1.skyvdn.com:443/rtplive/dmtv93lb/playlist.m3u8"
        ],
        "views": [
          {
            "uri": "camera/59546131/763056814",
            "category": "VIDEO",
            "jpg_url": "https://iowadotsnapshot.us-east-1.skyvdn.com/thumbs/dmtv93lb.flv.jpg",
            "m3u8_url": "https://iowadotsfs2.us-east-1.skyvdn.com:443/rtplive/dmtv93lb/playlist.m3u8"
          }
        ]
      }
    },
    {
      "type": "Feature",
      "geometry": {
        "type": "Point",
        "coordinates": [
          -93.78526,
          41.7439
        ]
      },
      "properties": {
        "camera_uri": "camera/59546340",
        "title": "IA 141: DM - IA 141 @ NW 121st St - ICWS (94)",
        "jpg_urls": [
          "https://iowadotsnapshot.us-east-1.skyvdn.com/thumbs/dmtv94lb.flv.jpg"
        ],
        "m3u8_urls": [
          "https://iowadotsfs2.us-east-1.skyvdn.com:443/rtplive/dmtv94lb/playlist.m3u8"
        ],
        "views": [
          {
            "uri": "camera/59546340/1000831161",
            "category": "VIDEO",
            "jpg_url": "https://iowadotsnapshot.us-east-1.skyvdn.com/thumbs/dmtv94lb.flv.jpg",
            "m3u8_url": "https://iowadotsfs2.us-east-1.skyvdn.com:443/rtplive/dmtv94lb/playlist.m3u8"
          }
        ]
      }
    },
    {
      "type": "Feature",
      "geometry": {
        "type": "Point",
        "coordinates": [
          -93.78565,
          41.74418
        ]
      },
      "properties": {
        "camera_uri": "camera/59545717",
        "title": "IA 141: DM - IA 141 @ NW 121st St - ICWS Quad (94Q)",
        "jpg_urls": [
          "https://iowadotsnapshot.us-east-1.skyvdn.com/thumbs/dmtv94qlb.flv.jpg"
        ],
        "m3u8_urls": [
          "https://iowadotsfs2.us-east-1.skyvdn.com:443/rtplive/dmtv94qlb/playlist.m3u8"
        ],
        "views": [
          {
            "uri": "camera/59545717/1121495785",
            "category": "VIDEO",
            "jpg_url": "https://iowadotsnapshot.us-east-1.skyvdn.com/thumbs/dmtv94qlb.flv.jpg",
            "m3u8_url": "https://iowadotsfs2.us-east-1.skyvdn.com:443/rtplive/dmtv94qlb/playlist.m3u8"
          }
        ]
      }
    },
    {
      "type": "Feature",
      "geometry": {
        "type": "Point",
        "coordinates": [
          -93.77456,
          41.67321
        ]
      },
      "properties": {
        "camera_uri": "camera/59546366",
        "title": "IA 141: DM - IA 141 @ SE 19th St (91)",
        "jpg_urls": [
          "https://iowadotsnapshot.us-east-1.skyvdn.com/thumbs/dmtv91lb.flv.jpg"
        ],
        "m3u8_urls": [
          "https://iowadotsfs2.us-east-1.skyvdn.com:443/rtplive/dmtv91lb/playlist.m3u8"
        ],
        "views": [
          {
            "uri": "camera/59546366/2529367505",
            "category": "VIDEO",
            "jpg_url": "https://iowadotsnapshot.us-east-1.skyvdn.com/thumbs/dmtv91lb.flv.jpg",
            "m3u8_url": "https://iowadotsfs2.us-east-1.skyvdn.com:443/rtplive/dmtv91lb/playlist.m3u8"
          }
        ]
      }
    },
    {
      "type": "Feature",
      "geometry": {
        "type": "Point",
        "coordinates": [
          -93.77548,
          41.65708
        ]
      },
      "properties": {
        "camera_uri": "camera/59546435",
        "title": "IA 141: DM - IA 141 @ SE 37th St (90)",
        "jpg_urls": [
          "https://iowadotsnapshot.us-east-1.skyvdn.com/thumbs/dmtv90lb.flv.jpg"
        ],
        "m3u8_urls": [
          "https://iowadotsfs2.us-east-1.skyvdn.com:443/rtplive/dmtv90lb/playlist.m3u8"
        ],
        "views": [
          {
            "uri": "camera/59546435/626586300",
            "category": "VIDEO",
            "jpg_url": "https://iowadotsnapshot.us-east-1.skyvdn.com/thumbs/dmtv90lb.flv.jpg",
            "m3u8_url": "https://iowadotsfs2.us-east-1.skyvdn.com:443/rtplive/dmtv90lb/playlist.m3u8"
          }
        ]
      }
    },
    {
      "type": "Feature",
      "geometry": {
        "type": "Point",
        "coordinates": [
          -93.7756,
          41.73971
        ]
      },
      "properties": {
        "camera_uri": "camera/59546245",
        "title": "IA 141: WWD - IA 141 @ MM 148.8 (40)",
        "jpg_urls": [
          "https://iowadotsnapshot.us-east-1.skyvdn.com/thumbs/wwd40lb.flv.jpg"
        ],
        "m3u8_urls": [
          "https://iowadotsfs1.us-east-1.skyvdn.com:443/rtplive/wwd40lb/playlist.m3u8"
        ],
        "views": [
          {
            "uri": "camera/59546245/2051404126",
            "category": "VIDEO",
            "jpg_url": "https://iowadotsnapshot.us-east-1.skyvdn.com/thumbs/wwd40lb.flv.jpg",
            "m3u8_url": "https://iowadotsfs1.us-east-1.skyvdn.com:443/rtplive/wwd40lb/playlist.m3u8"
          }
        ]
      }
    },
    {
      "type": "Feature",
      "geometry": {
        "type": "Point",
        "coordinates": [
          -92.4212,
          41.01683
        ]
      },
      "properties": {
        "camera_uri": "camera/59545649",
        "title": "IA 149: RWIS - IA 149 MM 0 @ Ottumwa",
        "jpg_urls": [
          "https://atmsqf.iowadot.gov/snapshots/public/RWIS/RWIS_36-00.JPG?1774927320000",
          "https://atmsqf.iowadot.gov/snapshots/public/RWIS/RWIS_36-01.JPG?1774927320000",
          "https://atmsqf.iowadot.gov/snapshots/public/RWIS/RWIS_36-02.JPG?1774927320000",
          "https://atmsqf.iowadot.gov/snapshots/public/RWIS/RWIS_36-03.JPG?1774927320000"
        ],
        "m3u8_urls": [],
        "views": [
          {
            "uri": "camera/59545649/172244972",
            "category": "IMAGE",
            "jpg_url": "https://atmsqf.iowadot.gov/snapshots/public/RWIS/RWIS_36-00.JPG?1774927320000"
          },
          {
            "uri": "camera/59545649/3062900938",
            "category": "IMAGE",
            "jpg_url": "https://atmsqf.iowadot.gov/snapshots/public/RWIS/RWIS_36-01.JPG?1774927320000"
          },
          {
            "uri": "camera/59545649/31516188",
            "category": "IMAGE",
            "jpg_url": "https://atmsqf.iowadot.gov/snapshots/public/RWIS/RWIS_36-02.JPG?1774927320000"
          },
          {
            "uri": "camera/59545649/389814480",
            "category": "IMAGE",
            "jpg_url": "https://atmsqf.iowadot.gov/snapshots/public/RWIS/RWIS_36-03.JPG?1774927320000"
          }
        ]
      }
    },
    {
      "type": "Feature",
      "geometry": {
        "type": "Point",
        "coordinates": [
          -92.0087,
          41.68767
        ]
      },
      "properties": {
        "camera_uri": "camera/59545913",
        "title": "IA 149: RWIS - IA 149 MM 66 @ Williamsburg",
        "jpg_urls": [
          "https://atmsqf.iowadot.gov/snapshots/public/RWIS/RWIS_48-02.JPG?1774927320000",
          "https://atmsqf.iowadot.gov/snapshots/public/RWIS/RWIS_48-03.JPG?1774927320000",
          "https://atmsqf.iowadot.gov/snapshots/public/RWIS/RWIS_48-04.JPG?1774927320000",
          "https://atmsqf.iowadot.gov/snapshots/public/RWIS/RWIS_48-00.JPG?1774927320000",
          "https://atmsqf.iowadot.gov/snapshots/public/RWIS/RWIS_48-05.JPG?1774927320000"
        ],
        "m3u8_urls": [],
        "views": [
          {
            "uri": "camera/59545913/2799786529",
            "category": "IMAGE",
            "jpg_url": "https://atmsqf.iowadot.gov/snapshots/public/RWIS/RWIS_48-02.JPG?1774927320000"
          },
          {
            "uri": "camera/59545913/2783046179",
            "category": "IMAGE",
            "jpg_url": "https://atmsqf.iowadot.gov/snapshots/public/RWIS/RWIS_48-03.JPG?1774927320000"
          },
          {
            "uri": "camera/59545913/3980743285",
            "category": "IMAGE",
            "jpg_url": "https://atmsqf.iowadot.gov/snapshots/public/RWIS/RWIS_48-04.JPG?1774927320000"
          },
          {
            "uri": "camera/59545913/2368292099",
            "category": "IMAGE",
            "jpg_url": "https://atmsqf.iowadot.gov/snapshots/public/RWIS/RWIS_48-00.JPG?1774927320000"
          },
          {
            "uri": "camera/59545913/2811221826",
            "category": "IMAGE",
            "jpg_url": "https://atmsqf.iowadot.gov/snapshots/public/RWIS/RWIS_48-05.JPG?1774927320000"
          }
        ]
      }
    },
    {
      "type": "Feature",
      "geometry": {
        "type": "Point",
        "coordinates": [
          -93.517,
          41.59937
        ]
      },
      "properties": {
        "camera_uri": "camera/59545676",
        "title": "IA 163: DM - University Ave @ Hickory (46)",
        "jpg_urls": [
          "https://iowadotsnapshot.us-east-1.skyvdn.com/thumbs/dmtv46lb.flv.jpg"
        ],
        "m3u8_urls": [
          "https://iowadotsfs2.us-east-1.skyvdn.com:443/rtplive/dmtv46lb/playlist.m3u8"
        ],
        "views": [
          {
            "uri": "camera/59545676/2637231033",
            "category": "VIDEO",
            "jpg_url": "https://iowadotsnapshot.us-east-1.skyvdn.com/thumbs/dmtv46lb.flv.jpg",
            "m3u8_url": "https://iowadotsfs2.us-east-1.skyvdn.com:443/rtplive/dmtv46lb/playlist.m3u8"
          }
        ]
      }
    },
    {
      "type": "Feature",
      "geometry": {
        "type": "Point",
        "coordinates": [
          -93.3709,
          41.602
        ]
      },
      "properties": {
        "camera_uri": "camera/59546010",
        "title": "IA 163: RWIS - IA 163 MM 12 @ Prairie City (mini)",
        "jpg_urls": [
          "https://atmsqf.iowadot.gov/snapshots/Public/RWIS/RWIS_91-01.jpg?1774927320000"
        ],
        "m3u8_urls": [],
        "views": [
          {
            "uri": "camera/59546010/2742920630",
            "category": "IMAGE",
            "jpg_url": "https://atmsqf.iowadot.gov/snapshots/Public/RWIS/RWIS_91-01.jpg?1774927320000"
          }
        ]
      }
    },
    {
      "type": "Feature",
      "geometry": {
        "type": "Point",
        "coordinates": [
          -92.8725,
          41.39017
        ]
      },
      "properties": {
        "camera_uri": "camera/59546234",
        "title": "IA 163: RWIS - IA 163 MM 45 @ Pella",
        "jpg_urls": [
          "https://atmsqf.iowadot.gov/snapshots/public/RWIS/RWIS_37-02.JPG?1774927320000",
          "https://atmsqf.iowadot.gov/snapshots/public/RWIS/RWIS_37-00.JPG?1774927320000",
          "https://atmsqf.iowadot.gov/snapshots/public/RWIS/RWIS_37-03.JPG?1774927320000",
          "https://atmsqf.iowadot.gov/snapshots/public/RWIS/RWIS_37-01.JPG?1774927320000"
        ],
        "m3u8_urls": [],
        "views": [
          {
            "uri": "camera/59546234/400726855",
            "category": "IMAGE",
            "jpg_url": "https://atmsqf.iowadot.gov/snapshots/public/RWIS/RWIS_37-02.JPG?1774927320000"
          },
          {
            "uri": "camera/59546234/2183846560",
            "category": "IMAGE",
            "jpg_url": "https://atmsqf.iowadot.gov/snapshots/public/RWIS/RWIS_37-00.JPG?1774927320000"
          },
          {
            "uri": "camera/59546234/2027837866",
            "category": "IMAGE",
            "jpg_url": "https://atmsqf.iowadot.gov/snapshots/public/RWIS/RWIS_37-03.JPG?1774927320000"
          },
          {
            "uri": "camera/59546234/3152161099",
            "category": "IMAGE",
            "jpg_url": "https://atmsqf.iowadot.gov/snapshots/public/RWIS/RWIS_37-01.JPG?1774927320000"
          }
        ]
      }
    },
    {
      "type": "Feature",
      "geometry": {
        "type": "Point",
        "coordinates": [
          -92.8726,
          41.38988
        ]
      },
      "properties": {
        "camera_uri": "camera/59545989",
        "title": "IA 163: WWD - IA 163 @ MM 44.90 (69)",
        "jpg_urls": [
          "https://atmsqf.iowadot.gov/snapshots/Public/WWD/WWD69.jpg?1774927320000"
        ],
        "m3u8_urls": [],
        "views": [
          {
            "uri": "camera/59545989/1054283257",
            "category": "IMAGE",
            "jpg_url": "https://atmsqf.iowadot.gov/snapshots/Public/WWD/WWD69.jpg?1774927320000"
          }
        ]
      }
    },
    {
      "type": "Feature",
      "geometry": {
        "type": "Point",
        "coordinates": [
          -92.2983,
          41.9649
        ]
      },
      "properties": {
        "camera_uri": "camera/59545740",
        "title": "IA 21: RWIS - IA 21 MM 62 @ Tama",
        "jpg_urls": [
          "https://atmsqf.iowadot.gov/snapshots/public/RWIS/RWIS_57-04.JPG?1774927320000",
          "https://atmsqf.iowadot.gov/snapshots/public/RWIS/RWIS_57-02.JPG?1774927320000",
          "https://atmsqf.iowadot.gov/snapshots/public/RWIS/RWIS_57-01.JPG?1774927320000",
          "https://atmsqf.iowadot.gov/snapshots/public/RWIS/RWIS_57-03.JPG?1774927320000",
          "https://atmsqf.iowadot.gov/snapshots/public/RWIS/RWIS_57-00.JPG?1774927320000"
        ],
        "m3u8_urls": [],
        "views": [
          {
            "uri": "camera/59545740/3363321732",
            "category": "IMAGE",
            "jpg_url": "https://atmsqf.iowadot.gov/snapshots/public/RWIS/RWIS_57-04.JPG?1774927320000"
          },
          {
            "uri": "camera/59545740/3351381237",
            "category": "IMAGE",
            "jpg_url": "https://atmsqf.iowadot.gov/snapshots/public/RWIS/RWIS_57-02.JPG?1774927320000"
          },
          {
            "uri": "camera/59545740/1962378026",
            "category": "IMAGE",
            "jpg_url": "https://atmsqf.iowadot.gov/snapshots/public/RWIS/RWIS_57-01.JPG?1774927320000"
          },
          {
            "uri": "camera/59545740/1787559908",
            "category": "IMAGE",
            "jpg_url": "https://atmsqf.iowadot.gov/snapshots/public/RWIS/RWIS_57-03.JPG?1774927320000"
          },
          {
            "uri": "camera/59545740/1758349340",
            "category": "IMAGE",
            "jpg_url": "https://atmsqf.iowadot.gov/snapshots/public/RWIS/RWIS_57-00.JPG?1774927320000"
          }
        ]
      }
    },
    {
      "type": "Feature",
      "geometry": {
        "type": "Point",
        "coordinates": [
          -91.5706,
          40.4648
        ]
      },
      "properties": {
        "camera_uri": "camera/59546315",
        "title": "IA 27: RWIS - IA 27 MM 0 @ Argyle (mini)",
        "jpg_urls": [
          "https://atmsqf.iowadot.gov/snapshots/Public/RWIS/RWIS_80-01.jpg?1774927320000"
        ],
        "m3u8_urls": [],
        "views": [
          {
            "uri": "camera/59546315/2264461185",
            "category": "IMAGE",
            "jpg_url": "https://atmsqf.iowadot.gov/snapshots/Public/RWIS/RWIS_80-01.jpg?1774927320000"
          }
        ]
      }
    },
    {
      "type": "Feature",
      "geometry": {
        "type": "Point",
        "coordinates": [
          -93.8417,
          40.73867
        ]
      },
      "properties": {
        "camera_uri": "camera/59545664",
        "title": "IA 2: RWIS - IA 2 MM 119 @ Leon",
        "jpg_urls": [
          "https://atmsqf.iowadot.gov/snapshots/public/RWIS/RWIS_26-03.JPG?1774927320000",
          "https://atmsqf.iowadot.gov/snapshots/public/RWIS/RWIS_26-06.JPG?1774927320000",
          "https://atmsqf.iowadot.gov/snapshots/public/RWIS/RWIS_26-05.JPG?1774927320000",
          "https://atmsqf.iowadot.gov/snapshots/public/RWIS/RWIS_26-02.JPG?1774927320000",
          "https://atmsqf.iowadot.gov/snapshots/public/RWIS/RWIS_26-01.JPG?1774927320000"
        ],
        "m3u8_urls": [],
        "views": [
          {
            "uri": "camera/59545664/3567173153",
            "category": "IMAGE",
            "jpg_url": "https://atmsqf.iowadot.gov/snapshots/public/RWIS/RWIS_26-03.JPG?1774927320000"
          },
          {
            "uri": "camera/59545664/400725671",
            "category": "IMAGE",
            "jpg_url": "https://atmsqf.iowadot.gov/snapshots/public/RWIS/RWIS_26-06.JPG?1774927320000"
          },
          {
            "uri": "camera/59545664/937792388",
            "category": "IMAGE",
            "jpg_url": "https://atmsqf.iowadot.gov/snapshots/public/RWIS/RWIS_26-05.JPG?1774927320000"
          },
          {
            "uri": "camera/59545664/3646289399",
            "category": "IMAGE",
            "jpg_url": "https://atmsqf.iowadot.gov/snapshots/public/RWIS/RWIS_26-02.JPG?1774927320000"
          },
          {
            "uri": "camera/59545664/63804748",
            "category": "IMAGE",
            "jpg_url": "https://atmsqf.iowadot.gov/snapshots/public/RWIS/RWIS_26-01.JPG?1774927320000"
          }
        ]
      }
    },
    {
      "type": "Feature",
      "geometry": {
        "type": "Point",
        "coordinates": [
          -93.0027,
          40.73967
        ]
      },
      "properties": {
        "camera_uri": "camera/59546272",
        "title": "IA 2: RWIS - IA 2 MM 164 @ Centerville",
        "jpg_urls": [
          "https://atmsqf.iowadot.gov/snapshots/public/RWIS/RWIS_11-01.JPG?1774927320000",
          "https://atmsqf.iowadot.gov/snapshots/public/RWIS/RWIS_11-04.JPG?1774927320000",
          "https://atmsqf.iowadot.gov/snapshots/public/RWIS/RWIS_11-03.JPG?1774927320000",
          "https://atmsqf.iowadot.gov/snapshots/public/RWIS/RWIS_11-00.JPG?1774927320000",
          "https://atmsqf.iowadot.gov/snapshots/public/RWIS/RWIS_11-05.JPG?1774927320000"
        ],
        "m3u8_urls": [],
        "views": [
          {
            "uri": "camera/59546272/2411257499",
            "category": "IMAGE",
            "jpg_url": "https://atmsqf.iowadot.gov/snapshots/public/RWIS/RWIS_11-01.JPG?1774927320000"
          },
          {
            "uri": "camera/59546272/420794008",
            "category": "IMAGE",
            "jpg_url": "https://atmsqf.iowadot.gov/snapshots/public/RWIS/RWIS_11-04.JPG?1774927320000"
          },
          {
            "uri": "camera/59546272/400720259",
            "category": "IMAGE",
            "jpg_url": "https://atmsqf.iowadot.gov/snapshots/public/RWIS/RWIS_11-03.JPG?1774927320000"
          },
          {
            "uri": "camera/59546272/4209663970",
            "category": "IMAGE",
            "jpg_url": "https://atmsqf.iowadot.gov/snapshots/public/RWIS/RWIS_11-00.JPG?1774927320000"
          },
          {
            "uri": "camera/59546272/2381993905",
            "category": "IMAGE",
            "jpg_url": "https://atmsqf.iowadot.gov/snapshots/public/RWIS/RWIS_11-05.JPG?1774927320000"
          }
        ]
      }
    },
    {
      "type": "Feature",
      "geometry": {
        "type": "Point",
        "coordinates": [
          -92.5056,
          40.739
        ]
      },
      "properties": {
        "camera_uri": "camera/59546014",
        "title": "IA 2: RWIS - IA 2 MM 191 @ Bloomfield (mini)",
        "jpg_urls": [
          "https://atmsqf.iowadot.gov/snapshots/Public/RWIS/RWIS_81-01.jpg?1774927320000"
        ],
        "m3u8_urls": [],
        "views": [
          {
            "uri": "camera/59546014/3505452453",
            "category": "IMAGE",
            "jpg_url": "https://atmsqf.iowadot.gov/snapshots/Public/RWIS/RWIS_81-01.jpg?1774927320000"
          }
        ]
      }
    },
    {
      "type": "Feature",
      "geometry": {
        "type": "Point",
        "coordinates": [
          -92.062,
          40.6578
        ]
      },
      "properties": {
        "camera_uri": "camera/59545648",
        "title": "IA 2: RWIS - IA 2 MM 219 @ Cantril",
        "jpg_urls": [
          "https://atmsqf.iowadot.gov/snapshots/public/RWIS/RWIS_59-04.JPG?1774927320000",
          "https://atmsqf.iowadot.gov/snapshots/public/RWIS/RWIS_59-02.JPG?1774927320000",
          "https://atmsqf.iowadot.gov/snapshots/public/RWIS/RWIS_59-00.JPG?1774927320000",
          "https://atmsqf.iowadot.gov/snapshots/public/RWIS/RWIS_59-01.JPG?1774927320000",
          "https://atmsqf.iowadot.gov/snapshots/public/RWIS/RWIS_59-03.JPG?1774927320000"
        ],
        "m3u8_urls": [],
        "views": [
          {
            "uri": "camera/59545648/63797092",
            "category": "IMAGE",
            "jpg_url": "https://atmsqf.iowadot.gov/snapshots/public/RWIS/RWIS_59-04.JPG?1774927320000"
          },
          {
            "uri": "camera/59545648/795744888",
            "category": "IMAGE",
            "jpg_url": "https://atmsqf.iowadot.gov/snapshots/public/RWIS/RWIS_59-02.JPG?1774927320000"
          },
          {
            "uri": "camera/59545648/584482019",
            "category": "IMAGE",
            "jpg_url": "https://atmsqf.iowadot.gov/snapshots/public/RWIS/RWIS_59-00.JPG?1774927320000"
          },
          {
            "uri": "camera/59545648/737664995",
            "category": "IMAGE",
            "jpg_url": "https://atmsqf.iowadot.gov/snapshots/public/RWIS/RWIS_59-01.JPG?1774927320000"
          },
          {
            "uri": "camera/59545648/2356614851",
            "category": "IMAGE",
            "jpg_url": "https://atmsqf.iowadot.gov/snapshots/public/RWIS/RWIS_59-03.JPG?1774927320000"
          }
        ]
      }
    },
    {
      "type": "Feature",
      "geometry": {
        "type": "Point",
        "coordinates": [
          -94.7808,
          40.6773
        ]
      },
      "properties": {
        "camera_uri": "camera/59546287",
        "title": "IA 2: RWIS - IA 2 MM 66 @ Bedford",
        "jpg_urls": [
          "https://atmsqf.iowadot.gov/snapshots/public/RWIS/RWIS_55-01.JPG?1774927320000",
          "https://atmsqf.iowadot.gov/snapshots/public/RWIS/RWIS_55-02.JPG?1774927320000",
          "https://atmsqf.iowadot.gov/snapshots/public/RWIS/RWIS_55-00.JPG?1774927320000",
          "https://atmsqf.iowadot.gov/snapshots/public/RWIS/RWIS_55-03.JPG?1774927320000"
        ],
        "m3u8_urls": [],
        "views": [
          {
            "uri": "camera/59546287/63809896",
            "category": "IMAGE",
            "jpg_url": "https://atmsqf.iowadot.gov/snapshots/public/RWIS/RWIS_55-01.JPG?1774927320000"
          },
          {
            "uri": "camera/59546287/214379001",
            "category": "IMAGE",
            "jpg_url": "https://atmsqf.iowadot.gov/snapshots/public/RWIS/RWIS_55-02.JPG?1774927320000"
          },
          {
            "uri": "camera/59546287/584486639",
            "category": "IMAGE",
            "jpg_url": "https://atmsqf.iowadot.gov/snapshots/public/RWIS/RWIS_55-00.JPG?1774927320000"
          },
          {
            "uri": "camera/59546287/737669615",
            "category": "IMAGE",
            "jpg_url": "https://atmsqf.iowadot.gov/snapshots/public/RWIS/RWIS_55-03.JPG?1774927320000"
          }
        ]
      }
    },
    {
      "type": "Feature",
      "geometry": {
        "type": "Point",
        "coordinates": [
          -94.2721,
          40.7121
        ]
      },
      "properties": {
        "camera_uri": "camera/59546355",
        "title": "IA 2: RWIS - IA 2 MM 96 @ Mt Ayr (mini)",
        "jpg_urls": [
          "https://atmsqf.iowadot.gov/snapshots/Public/RWIS/RWIS_85-01.jpg?1774927320000"
        ],
        "m3u8_urls": [],
        "views": [
          {
            "uri": "camera/59546355/1225631111",
            "category": "IMAGE",
            "jpg_url": "https://atmsqf.iowadot.gov/snapshots/Public/RWIS/RWIS_85-01.jpg?1774927320000"
          }
        ]
      }
    },
    {
      "type": "Feature",
      "geometry": {
        "type": "Point",
        "coordinates": [
          -90.69344,
          42.5414
        ]
      },
      "properties": {
        "camera_uri": "camera/59546231",
        "title": "IA 3: DQ - IA 3 @ NW Arterial - North (34)",
        "jpg_urls": [
          "https://iowadotsnapshot.us-east-1.skyvdn.com/thumbs/dqtv34lb.flv.jpg"
        ],
        "m3u8_urls": [
          "https://iowadotsfs2.us-east-1.skyvdn.com:443/rtplive/dqtv34lb/playlist.m3u8"
        ],
        "views": [
          {
            "uri": "camera/59546231/1907664719",
            "category": "VIDEO",
            "jpg_url": "https://iowadotsnapshot.us-east-1.skyvdn.com/thumbs/dqtv34lb.flv.jpg",
            "m3u8_url": "https://iowadotsfs2.us-east-1.skyvdn.com:443/rtplive/dqtv34lb/playlist.m3u8"
          }
        ]
      }
    },
    {
      "type": "Feature",
      "geometry": {
        "type": "Point",
        "coordinates": [
          -90.69364,
          42.54183
        ]
      },
      "properties": {
        "camera_uri": "camera/59545912",
        "title": "IA 3: DQ - IA 3 @ NW Arterial - North Zoom (35)",
        "jpg_urls": [
          "https://iowadotsnapshot.us-east-1.skyvdn.com/thumbs/dqtv35lb.flv.jpg"
        ],
        "m3u8_urls": [
          "https://iowadotsfs1.us-east-1.skyvdn.com:443/rtplive/dqtv35lb/playlist.m3u8"
        ],
        "views": [
          {
            "uri": "camera/59545912/2863693401",
            "category": "VIDEO",
            "jpg_url": "https://iowadotsnapshot.us-east-1.skyvdn.com/thumbs/dqtv35lb.flv.jpg",
            "m3u8_url": "https://iowadotsfs1.us-east-1.skyvdn.com:443/rtplive/dqtv35lb/playlist.m3u8"
          }
        ]
      }
    },
    {
      "type": "Feature",
      "geometry": {
        "type": "Point",
        "coordinates": [
          -96.3718,
          42.808
        ]
      },
      "properties": {
        "camera_uri": "camera/59546134",
        "title": "IA 3: RWIS - IA 3 MM 17 @ Akron (mini)",
        "jpg_urls": [
          "https://atmsqf.iowadot.gov/snapshots/Public/RWIS/RWIS_79-01.jpg?1774927320000"
        ],
        "m3u8_urls": [],
        "views": [
          {
            "uri": "camera/59546134/293926426",
            "category": "IMAGE",
            "jpg_url": "https://atmsqf.iowadot.gov/snapshots/Public/RWIS/RWIS_79-01.jpg?1774927320000"
          }
        ]
      }
    },
    {
      "type": "Feature",
      "geometry": {
        "type": "Point",
        "coordinates": [
          -95.7228,
          42.8088
        ]
      },
      "properties": {
        "camera_uri": "camera/59546430",
        "title": "IA 3: RWIS - IA 3 MM 51 @ Cleghorn (mini)",
        "jpg_urls": [
          "https://atmsqf.iowadot.gov/snapshots/Public/RWIS/RWIS_92-01.jpg?1774927320000"
        ],
        "m3u8_urls": [],
        "views": [
          {
            "uri": "camera/59546430/3363339952",
            "category": "IMAGE",
            "jpg_url": "https://atmsqf.iowadot.gov/snapshots/Public/RWIS/RWIS_92-01.jpg?1774927320000"
          }
        ]
      }
    },
    {
      "type": "Feature",
      "geometry": {
        "type": "Point",
        "coordinates": [
          -93.72977,
          41.76561
        ]
      },
      "properties": {
        "camera_uri": "camera/59546081",
        "title": "IA 415: DM - IA 415 @ Mile Long Bridge (66)",
        "jpg_urls": [
          "https://iowadotsnapshot.us-east-1.skyvdn.com/thumbs/dmtv66lb.flv.jpg"
        ],
        "m3u8_urls": [
          "https://iowadotsfs2.us-east-1.skyvdn.com:443/rtplive/dmtv66lb/playlist.m3u8"
        ],
        "views": [
          {
            "uri": "camera/59546081/2760148128",
            "category": "VIDEO",
            "jpg_url": "https://iowadotsnapshot.us-east-1.skyvdn.com/thumbs/dmtv66lb.flv.jpg",
            "m3u8_url": "https://iowadotsfs2.us-east-1.skyvdn.com:443/rtplive/dmtv66lb/playlist.m3u8"
          }
        ]
      }
    },
    {
      "type": "Feature",
      "geometry": {
        "type": "Point",
        "coordinates": [
          -94.3783,
          42.05183
        ]
      },
      "properties": {
        "camera_uri": "camera/59545891",
        "title": "IA 4: RWIS - IA 4 MM 25 @ Jefferson",
        "jpg_urls": [
          "https://atmsqf.iowadot.gov/snapshots/public/RWIS/RWIS_25-05.JPG?1774927320000",
          "https://atmsqf.iowadot.gov/snapshots/public/RWIS/RWIS_25-04.JPG?1774927320000",
          "https://atmsqf.iowadot.gov/snapshots/public/RWIS/RWIS_25-00.JPG?1774927320000",
          "https://atmsqf.iowadot.gov/snapshots/public/RWIS/RWIS_25-01.JPG?1774927320000",
          "https://atmsqf.iowadot.gov/snapshots/public/RWIS/RWIS_25-06.JPG?1774927320000"
        ],
        "m3u8_urls": [],
        "views": [
          {
            "uri": "camera/59545891/3913960777",
            "category": "IMAGE",
            "jpg_url": "https://atmsqf.iowadot.gov/snapshots/public/RWIS/RWIS_25-05.JPG?1774927320000"
          },
          {
            "uri": "camera/59545891/380481567",
            "category": "IMAGE",
            "jpg_url": "https://atmsqf.iowadot.gov/snapshots/public/RWIS/RWIS_25-04.JPG?1774927320000"
          },
          {
            "uri": "camera/59545891/1029302926",
            "category": "IMAGE",
            "jpg_url": "https://atmsqf.iowadot.gov/snapshots/public/RWIS/RWIS_25-00.JPG?1774927320000"
          },
          {
            "uri": "camera/59545891/4186806279",
            "category": "IMAGE",
            "jpg_url": "https://atmsqf.iowadot.gov/snapshots/public/RWIS/RWIS_25-01.JPG?1774927320000"
          },
          {
            "uri": "camera/59545891/970160968",
            "category": "IMAGE",
            "jpg_url": "https://atmsqf.iowadot.gov/snapshots/public/RWIS/RWIS_25-06.JPG?1774927320000"
          }
        ]
      }
    },
    {
      "type": "Feature",
      "geometry": {
        "type": "Point",
        "coordinates": [
          -93.64469,
          41.50757
        ]
      },
      "properties": {
        "camera_uri": "camera/59546194",
        "title": "IA 5: DM - IA 5 @ Fleur (33)",
        "jpg_urls": [
          "https://iowadotsnapshot.us-east-1.skyvdn.com/thumbs/dmtv33lb.flv.jpg"
        ],
        "m3u8_urls": [
          "https://iowadotsfs2.us-east-1.skyvdn.com:443/rtplive/dmtv33lb/playlist.m3u8"
        ],
        "views": [
          {
            "uri": "camera/59546194/89137941",
            "category": "VIDEO",
            "jpg_url": "https://iowadotsnapshot.us-east-1.skyvdn.com/thumbs/dmtv33lb.flv.jpg",
            "m3u8_url": "https://iowadotsfs2.us-east-1.skyvdn.com:443/rtplive/dmtv33lb/playlist.m3u8"
          }
        ]
      }
    },
    {
      "type": "Feature",
      "geometry": {
        "type": "Point",
        "coordinates": [
          -93.68177,
          41.51397
        ]
      },
      "properties": {
        "camera_uri": "camera/59546268",
        "title": "IA 5: DM - IA 5 @ IA 28 (34)",
        "jpg_urls": [
          "https://iowadotsnapshot.us-east-1.skyvdn.com/thumbs/dmtv34lb.flv.jpg"
        ],
        "m3u8_urls": [
          "https://iowadotsfs2.us-east-1.skyvdn.com:443/rtplive/dmtv34lb/playlist.m3u8"
        ],
        "views": [
          {
            "uri": "camera/59546268/265707704",
            "category": "VIDEO",
            "jpg_url": "https://iowadotsnapshot.us-east-1.skyvdn.com/thumbs/dmtv34lb.flv.jpg",
            "m3u8_url": "https://iowadotsfs2.us-east-1.skyvdn.com:443/rtplive/dmtv34lb/playlist.m3u8"
          }
        ]
      }
    },
    {
      "type": "Feature",
      "geometry": {
        "type": "Point",
        "coordinates": [
          -93.71993,
          41.52165
        ]
      },
      "properties": {
        "camera_uri": "camera/59545720",
        "title": "IA 5: DM - IA 5 @ SW Connector (35)",
        "jpg_urls": [
          "https://iowadotsnapshot.us-east-1.skyvdn.com/thumbs/dmtv35lb.flv.jpg"
        ],
        "m3u8_urls": [
          "https://iowadotsfs2.us-east-1.skyvdn.com:443/rtplive/dmtv35lb/playlist.m3u8"
        ],
        "views": [
          {
            "uri": "camera/59545720/1133016380",
            "category": "VIDEO",
            "jpg_url": "https://iowadotsnapshot.us-east-1.skyvdn.com/thumbs/dmtv35lb.flv.jpg",
            "m3u8_url": "https://iowadotsfs2.us-east-1.skyvdn.com:443/rtplive/dmtv35lb/playlist.m3u8"
          }
        ]
      }
    },
    {
      "type": "Feature",
      "geometry": {
        "type": "Point",
        "coordinates": [
          -93.5748,
          41.50626
        ]
      },
      "properties": {
        "camera_uri": "camera/59545790",
        "title": "IA 5: DM - IA 5 @ US 65/69 (32)",
        "jpg_urls": [
          "https://iowadotsnapshot.us-east-1.skyvdn.com/thumbs/dmtv32lb.flv.jpg"
        ],
        "m3u8_urls": [
          "https://iowadotsfs2.us-east-1.skyvdn.com:443/rtplive/dmtv32lb/playlist.m3u8"
        ],
        "views": [
          {
            "uri": "camera/59545790/3988521849",
            "category": "VIDEO",
            "jpg_url": "https://iowadotsnapshot.us-east-1.skyvdn.com/thumbs/dmtv32lb.flv.jpg",
            "m3u8_url": "https://iowadotsfs2.us-east-1.skyvdn.com:443/rtplive/dmtv32lb/playlist.m3u8"
          }
        ]
      }
    },
    {
      "type": "Feature",
      "geometry": {
        "type": "Point",
        "coordinates": [
          -92.86129,
          40.75312
        ]
      },
      "properties": {
        "camera_uri": "camera/59546364",
        "title": "IA 5: RWIS - IA 5 MM 15 @ NB Copper Creek (mini)",
        "jpg_urls": [
          "https://atmsqf.iowadot.gov/snapshots/Public/RWIS/RWIS_95-01.jpg?1774927320000"
        ],
        "m3u8_urls": [],
        "views": [
          {
            "uri": "camera/59546364/3225434003",
            "category": "IMAGE",
            "jpg_url": "https://atmsqf.iowadot.gov/snapshots/Public/RWIS/RWIS_95-01.jpg?1774927320000"
          }
        ]
      }
    },
    {
      "type": "Feature",
      "geometry": {
        "type": "Point",
        "coordinates": [
          -91.4258,
          40.43624
        ]
      },
      "properties": {
        "camera_uri": "camera/59545715",
        "title": "IA 5: RWIS - IA 5 MM 15 @ SB Copper Creek (mini)",
        "jpg_urls": [
          "https://atmsqf.iowadot.gov/snapshots/Public/RWIS/RWIS_94-01.jpg?1774927320000"
        ],
        "m3u8_urls": [],
        "views": [
          {
            "uri": "camera/59545715/359819855",
            "category": "IMAGE",
            "jpg_url": "https://atmsqf.iowadot.gov/snapshots/Public/RWIS/RWIS_94-01.jpg?1774927320000"
          }
        ]
      }
    },
    {
      "type": "Feature",
      "geometry": {
        "type": "Point",
        "coordinates": [
          -92.85797,
          40.79063
        ]
      },
      "properties": {
        "camera_uri": "camera/59545762",
        "title": "IA 5: RWIS - IA 5 MM 18 @ Chariton River (mini)\n",
        "jpg_urls": [
          "https://atmsqf.iowadot.gov/snapshots/Public/RWIS/RWIS_96-01.jpg?1774927320000"
        ],
        "m3u8_urls": [],
        "views": [
          {
            "uri": "camera/59545762/1614327452",
            "category": "IMAGE",
            "jpg_url": "https://atmsqf.iowadot.gov/snapshots/Public/RWIS/RWIS_96-01.jpg?1774927320000"
          }
        ]
      }
    },
    {
      "type": "Feature",
      "geometry": {
        "type": "Point",
        "coordinates": [
          -95.89604,
          43.06884
        ]
      },
      "properties": {
        "camera_uri": "camera/59545925",
        "title": "IA 60: WWD - IA 60 @ L22 in Hospers (42)",
        "jpg_urls": [
          "https://atmsqf.iowadot.gov/snapshots/Public/WWD/WWD42.jpg?1774927320000"
        ],
        "m3u8_urls": [],
        "views": [
          {
            "uri": "camera/59545925/1421878318",
            "category": "IMAGE",
            "jpg_url": "https://atmsqf.iowadot.gov/snapshots/Public/WWD/WWD42.jpg?1774927320000"
          }
        ]
      }
    },
    {
      "type": "Feature",
      "geometry": {
        "type": "Point",
        "coordinates": [
          -95.8111,
          43.1859
        ]
      },
      "properties": {
        "camera_uri": "camera/59546181",
        "title": "IA 60: WWD - IA 60 @ US 18 in Sheldon (57)",
        "jpg_urls": [
          "https://atmsqf.iowadot.gov/snapshots/Public/WWD/WWD57.jpg?1774927320000"
        ],
        "m3u8_urls": [],
        "views": [
          {
            "uri": "camera/59546181/1029275294",
            "category": "IMAGE",
            "jpg_url": "https://atmsqf.iowadot.gov/snapshots/Public/WWD/WWD57.jpg?1774927320000"
          }
        ]
      }
    },
    {
      "type": "Feature",
      "geometry": {
        "type": "Point",
        "coordinates": [
          -95.27028,
          42.6643
        ]
      },
      "properties": {
        "camera_uri": "camera/59545721",
        "title": "IA 7: 3BD - IA 7 @ Villa Rd (IWZ 3717)",
        "jpg_urls": [
          "https://iowadotsnapshot.us-east-1.skyvdn.com/thumbs/iwz3717lb.flv.jpg"
        ],
        "m3u8_urls": [
          "https://iowadotsfs1.us-east-1.skyvdn.com:443/rtplive/iwz3717lb/playlist.m3u8"
        ],
        "views": [
          {
            "uri": "camera/59545721/4196316205",
            "category": "VIDEO",
            "jpg_url": "https://iowadotsnapshot.us-east-1.skyvdn.com/thumbs/iwz3717lb.flv.jpg",
            "m3u8_url": "https://iowadotsfs1.us-east-1.skyvdn.com:443/rtplive/iwz3717lb/playlist.m3u8"
          }
        ]
      }
    },
    {
      "type": "Feature",
      "geometry": {
        "type": "Point",
        "coordinates": [
          -95.27025,
          42.66429
        ]
      },
      "properties": {
        "camera_uri": "camera/59545684",
        "title": "IA 7: WWD - IA 7 @ Villa Rd.(TT03)",
        "jpg_urls": [
          "https://atmsqf.iowadot.gov/snapshots/Public/WWD/WWDDMTT03.jpg?1774927320000"
        ],
        "m3u8_urls": [],
        "views": [
          {
            "uri": "camera/59545684/3585244919",
            "category": "IMAGE",
            "jpg_url": "https://atmsqf.iowadot.gov/snapshots/Public/WWD/WWDDMTT03.jpg?1774927320000"
          }
        ]
      }
    },
    {
      "type": "Feature",
      "geometry": {
        "type": "Point",
        "coordinates": [
          -93.2637,
          41.3551
        ]
      },
      "properties": {
        "camera_uri": "camera/59546266",
        "title": "IA 92: RWIS - IA 92 MM 146 @ Pleasantville (mini)",
        "jpg_urls": [
          "https://atmsqf.iowadot.gov/snapshots/Public/RWIS/RWIS_86-01.jpg?1774927320000"
        ],
        "m3u8_urls": [],
        "views": [
          {
            "uri": "camera/59546266/1015307433",
            "category": "IMAGE",
            "jpg_url": "https://atmsqf.iowadot.gov/snapshots/Public/RWIS/RWIS_86-01.jpg?1774927320000"
          }
        ]
      }
    },
    {
      "type": "Feature",
      "geometry": {
        "type": "Point",
        "coordinates": [
          -92.3145,
          41.33633
        ]
      },
      "properties": {
        "camera_uri": "camera/59545906",
        "title": "IA 92: RWIS - IA 92 MM 199 @ Sigourney",
        "jpg_urls": [
          "https://atmsqf.iowadot.gov/snapshots/public/RWIS/RWIS_40-04.JPG?1774927320000",
          "https://atmsqf.iowadot.gov/snapshots/public/RWIS/RWIS_40-03.JPG?1774927320000",
          "https://atmsqf.iowadot.gov/snapshots/public/RWIS/RWIS_40-02.JPG?1774927320000",
          "https://atmsqf.iowadot.gov/snapshots/public/RWIS/RWIS_40-01.JPG?1774927320000",
          "https://atmsqf.iowadot.gov/snapshots/public/RWIS/RWIS_40-00.JPG?1774927320000"
        ],
        "m3u8_urls": [],
        "views": [
          {
            "uri": "camera/59545906/400719463",
            "category": "IMAGE",
            "jpg_url": "https://atmsqf.iowadot.gov/snapshots/public/RWIS/RWIS_40-04.JPG?1774927320000"
          },
          {
            "uri": "camera/59545906/130388725",
            "category": "IMAGE",
            "jpg_url": "https://atmsqf.iowadot.gov/snapshots/public/RWIS/RWIS_40-03.JPG?1774927320000"
          },
          {
            "uri": "camera/59545906/1847716713",
            "category": "IMAGE",
            "jpg_url": "https://atmsqf.iowadot.gov/snapshots/public/RWIS/RWIS_40-02.JPG?1774927320000"
          },
          {
            "uri": "camera/59545906/1427140370",
            "category": "IMAGE",
            "jpg_url": "https://atmsqf.iowadot.gov/snapshots/public/RWIS/RWIS_40-01.JPG?1774927320000"
          },
          {
            "uri": "camera/59545906/389820721",
            "category": "IMAGE",
            "jpg_url": "https://atmsqf.iowadot.gov/snapshots/public/RWIS/RWIS_40-00.JPG?1774927320000"
          }
        ]
      }
    },
    {
      "type": "Feature",
      "geometry": {
        "type": "Point",
        "coordinates": [
          -91.5353,
          41.2912
        ]
      },
      "properties": {
        "camera_uri": "camera/59545866",
        "title": "IA 92: RWIS - IA 92 MM 242 @ Ainsworth (mini)",
        "jpg_urls": [
          "https://atmsqf.iowadot.gov/snapshots/Public/RWIS/RWIS_88-01.jpg?1774927320000"
        ],
        "m3u8_urls": [],
        "views": [
          {
            "uri": "camera/59545866/2904669710",
            "category": "IMAGE",
            "jpg_url": "https://atmsqf.iowadot.gov/snapshots/Public/RWIS/RWIS_88-01.jpg?1774927320000"
          }
        ]
      }
    },
    {
      "type": "Feature",
      "geometry": {
        "type": "Point",
        "coordinates": [
          -91.21791,
          43.3676
        ]
      },
      "properties": {
        "camera_uri": "camera/59545902",
        "title": "IA 9: D2 - IA Ferry Landing @ Lansing (10)",
        "jpg_urls": [
          "https://iowadotsnapshot.us-east-1.skyvdn.com/thumbs/d2tv10lb.flv.jpg"
        ],
        "m3u8_urls": [
          "https://iowadotsfs1.us-east-1.skyvdn.com:443/rtplive/d2tv10lb/playlist.m3u8"
        ],
        "views": [
          {
            "uri": "camera/59545902/748645115",
            "category": "VIDEO",
            "jpg_url": "https://iowadotsnapshot.us-east-1.skyvdn.com/thumbs/d2tv10lb.flv.jpg",
            "m3u8_url": "https://iowadotsfs1.us-east-1.skyvdn.com:443/rtplive/d2tv10lb/playlist.m3u8"
          }
        ]
      }
    },
    {
      "type": "Feature",
      "geometry": {
        "type": "Point",
        "coordinates": [
          -91.21791,
          43.36761
        ]
      },
      "properties": {
        "camera_uri": "camera/59545971",
        "title": "IA 9: D2 - IA Ferry Queue @ Lansing (11)",
        "jpg_urls": [
          "https://iowadotsnapshot.us-east-1.skyvdn.com/thumbs/d2tv11lb.flv.jpg"
        ],
        "m3u8_urls": [
          "https://iowadotsfs1.us-east-1.skyvdn.com:443/rtplive/d2tv11lb/playlist.m3u8"
        ],
        "views": [
          {
            "uri": "camera/59545971/3969601996",
            "category": "VIDEO",
            "jpg_url": "https://iowadotsnapshot.us-east-1.skyvdn.com/thumbs/d2tv11lb.flv.jpg",
            "m3u8_url": "https://iowadotsfs1.us-east-1.skyvdn.com:443/rtplive/d2tv11lb/playlist.m3u8"
          }
        ]
      }
    },
    {
      "type": "Feature",
      "geometry": {
        "type": "Point",
        "coordinates": [
          -91.21721,
          43.36599
        ]
      },
      "properties": {
        "camera_uri": "camera/59545656",
        "title": "IA 9: D2 - N Front St @ Lansing Bridge (East End)",
        "jpg_urls": [
          "https://atmsqf.iowadot.gov/snapshots/Public/Rural/Lansing-1.jpg?1774927320000"
        ],
        "m3u8_urls": [],
        "views": [
          {
            "uri": "camera/59545656/3535999924",
            "category": "IMAGE",
            "jpg_url": "https://atmsqf.iowadot.gov/snapshots/Public/Rural/Lansing-1.jpg?1774927320000"
          }
        ]
      }
    },
    {
      "type": "Feature",
      "geometry": {
        "type": "Point",
        "coordinates": [
          -91.21721,
          43.36599
        ]
      },
      "properties": {
        "camera_uri": "camera/59545975",
        "title": "IA 9: D2 - N Front St @ Lansing Bridge (Middle)",
        "jpg_urls": [
          "https://atmsqf.iowadot.gov/snapshots/Public/Rural/Lansing-2.jpg?1774927320000"
        ],
        "m3u8_urls": [],
        "views": [
          {
            "uri": "camera/59545975/2451094485",
            "category": "IMAGE",
            "jpg_url": "https://atmsqf.iowadot.gov/snapshots/Public/Rural/Lansing-2.jpg?1774927320000"
          }
        ]
      }
    },
    {
      "type": "Feature",
      "geometry": {
        "type": "Point",
        "coordinates": [
          -91.21722,
          43.36599
        ]
      },
      "properties": {
        "camera_uri": "camera/59546005",
        "title": "IA 9: D2 - N Front St @ Lansing Bridge (West End)",
        "jpg_urls": [
          "https://atmsqf.iowadot.gov/snapshots/Public/Rural/Lansing-3.jpg?1774927320000"
        ],
        "m3u8_urls": [],
        "views": [
          {
            "uri": "camera/59546005/1569919010",
            "category": "IMAGE",
            "jpg_url": "https://atmsqf.iowadot.gov/snapshots/Public/Rural/Lansing-3.jpg?1774927320000"
          }
        ]
      }
    },
    {
      "type": "Feature",
      "geometry": {
        "type": "Point",
        "coordinates": [
          -91.21104,
          43.36605
        ]
      },
      "properties": {
        "camera_uri": "camera/59545764",
        "title": "IA 9: D2 - WI Ferry Landing @ Lansing (09)",
        "jpg_urls": [
          "https://iowadotsnapshot.us-east-1.skyvdn.com/thumbs/d2tv09lb.flv.jpg"
        ],
        "m3u8_urls": [
          "https://iowadotsfs1.us-east-1.skyvdn.com:443/rtplive/d2tv09lb/playlist.m3u8"
        ],
        "views": [
          {
            "uri": "camera/59545764/2267207301",
            "category": "VIDEO",
            "jpg_url": "https://iowadotsnapshot.us-east-1.skyvdn.com/thumbs/d2tv09lb.flv.jpg",
            "m3u8_url": "https://iowadotsfs1.us-east-1.skyvdn.com:443/rtplive/d2tv09lb/playlist.m3u8"
          }
        ]
      }
    },
    {
      "type": "Feature",
      "geometry": {
        "type": "Point",
        "coordinates": [
          -93.6378,
          43.3715
        ]
      },
      "properties": {
        "camera_uri": "camera/59546174",
        "title": "IA 9: RWIS - IA 9 MM 150 @ Leland (mini)",
        "jpg_urls": [
          "https://atmsqf.iowadot.gov/snapshots/Public/RWIS/RWIS_83-01.jpg?1774927320000"
        ],
        "m3u8_urls": [],
        "views": [
          {
            "uri": "camera/59546174/2434975112",
            "category": "IMAGE",
            "jpg_url": "https://atmsqf.iowadot.gov/snapshots/Public/RWIS/RWIS_83-01.jpg?1774927320000"
          }
        ]
      }
    },
    {
      "type": "Feature",
      "geometry": {
        "type": "Point",
        "coordinates": [
          -92.47061,
          43.37072
        ]
      },
      "properties": {
        "camera_uri": "camera/59546381",
        "title": "IA 9: RWIS - IA 9 MM 222 @ Saratoga",
        "jpg_urls": [
          "https://atmsqf.iowadot.gov/snapshots/public/RWIS/RWIS_69-00.JPG?1774927320000",
          "https://atmsqf.iowadot.gov/snapshots/public/RWIS/RWIS_69-04.JPG?1774927320000",
          "https://atmsqf.iowadot.gov/snapshots/public/RWIS/RWIS_69-05.JPG?1774927320000",
          "https://atmsqf.iowadot.gov/snapshots/public/RWIS/RWIS_69-01.JPG?1774927320000",
          "https://atmsqf.iowadot.gov/snapshots/public/RWIS/RWIS_69-02.JPG?1774927320000"
        ],
        "m3u8_urls": [],
        "views": [
          {
            "uri": "camera/59546381/400729132",
            "category": "IMAGE",
            "jpg_url": "https://atmsqf.iowadot.gov/snapshots/public/RWIS/RWIS_69-00.JPG?1774927320000"
          },
          {
            "uri": "camera/59546381/3898440260",
            "category": "IMAGE",
            "jpg_url": "https://atmsqf.iowadot.gov/snapshots/public/RWIS/RWIS_69-04.JPG?1774927320000"
          },
          {
            "uri": "camera/59546381/3966120843",
            "category": "IMAGE",
            "jpg_url": "https://atmsqf.iowadot.gov/snapshots/public/RWIS/RWIS_69-05.JPG?1774927320000"
          },
          {
            "uri": "camera/59546381/208563827",
            "category": "IMAGE",
            "jpg_url": "https://atmsqf.iowadot.gov/snapshots/public/RWIS/RWIS_69-01.JPG?1774927320000"
          },
          {
            "uri": "camera/59546381/788822874",
            "category": "IMAGE",
            "jpg_url": "https://atmsqf.iowadot.gov/snapshots/public/RWIS/RWIS_69-02.JPG?1774927320000"
          }
        ]
      }
    },
    {
      "type": "Feature",
      "geometry": {
        "type": "Point",
        "coordinates": [
          -91.6997,
          43.2455
        ]
      },
      "properties": {
        "camera_uri": "camera/59546326",
        "title": "IA 9: RWIS - IA 9 MM 265 @ Decorah",
        "jpg_urls": [
          "https://atmsqf.iowadot.gov/snapshots/public/RWIS/RWIS_15-02.JPG?1774927320000",
          "https://atmsqf.iowadot.gov/snapshots/public/RWIS/RWIS_15-01.JPG?1774927320000",
          "https://atmsqf.iowadot.gov/snapshots/public/RWIS/RWIS_15-00.JPG?1774927320000",
          "https://atmsqf.iowadot.gov/snapshots/public/RWIS/RWIS_15-03.JPG?1774927320000"
        ],
        "m3u8_urls": [],
        "views": [
          {
            "uri": "camera/59546326/1024110119",
            "category": "IMAGE",
            "jpg_url": "https://atmsqf.iowadot.gov/snapshots/public/RWIS/RWIS_15-02.JPG?1774927320000"
          },
          {
            "uri": "camera/59546326/1206870271",
            "category": "IMAGE",
            "jpg_url": "https://atmsqf.iowadot.gov/snapshots/public/RWIS/RWIS_15-01.JPG?1774927320000"
          },
          {
            "uri": "camera/59546326/413941646",
            "category": "IMAGE",
            "jpg_url": "https://atmsqf.iowadot.gov/snapshots/public/RWIS/RWIS_15-00.JPG?1774927320000"
          },
          {
            "uri": "camera/59546326/3639743341",
            "category": "IMAGE",
            "jpg_url": "https://atmsqf.iowadot.gov/snapshots/public/RWIS/RWIS_15-03.JPG?1774927320000"
          }
        ]
      }
    },
    {
      "type": "Feature",
      "geometry": {
        "type": "Point",
        "coordinates": [
          -95.7149,
          43.4335
        ]
      },
      "properties": {
        "camera_uri": "camera/59546104",
        "title": "IA 9: RWIS - IA 9 MM 43 @ Sibley",
        "jpg_urls": [
          "https://atmsqf.iowadot.gov/snapshots/Public/RWIS/RWIS_54-03.jpg?1774927320000",
          "https://atmsqf.iowadot.gov/snapshots/Public/RWIS/RWIS_54-04.jpg?1774927320000",
          "https://atmsqf.iowadot.gov/snapshots/Public/RWIS/RWIS_54-00.jpg?1774927320000",
          "https://atmsqf.iowadot.gov/snapshots/Public/RWIS/RWIS_54-01.jpg?1774927320000",
          "https://atmsqf.iowadot.gov/snapshots/Public/RWIS/RWIS_54-02.jpg?1774927320000"
        ],
        "m3u8_urls": [],
        "views": [
          {
            "uri": "camera/59546104/1432660019",
            "category": "IMAGE",
            "jpg_url": "https://atmsqf.iowadot.gov/snapshots/Public/RWIS/RWIS_54-03.jpg?1774927320000"
          },
          {
            "uri": "camera/59546104/400723522",
            "category": "IMAGE",
            "jpg_url": "https://atmsqf.iowadot.gov/snapshots/Public/RWIS/RWIS_54-04.jpg?1774927320000"
          },
          {
            "uri": "camera/59546104/2253902861",
            "category": "IMAGE",
            "jpg_url": "https://atmsqf.iowadot.gov/snapshots/Public/RWIS/RWIS_54-00.jpg?1774927320000"
          },
          {
            "uri": "camera/59546104/4131246743",
            "category": "IMAGE",
            "jpg_url": "https://atmsqf.iowadot.gov/snapshots/Public/RWIS/RWIS_54-01.jpg?1774927320000"
          },
          {
            "uri": "camera/59546104/3229204316",
            "category": "IMAGE",
            "jpg_url": "https://atmsqf.iowadot.gov/snapshots/Public/RWIS/RWIS_54-02.jpg?1774927320000"
          }
        ]
      }
    },
    {
      "type": "Feature",
      "geometry": {
        "type": "Point",
        "coordinates": [
          -94.7973,
          43.3993
        ]
      },
      "properties": {
        "camera_uri": "camera/59545835",
        "title": "IA 9: RWIS - IA 9 MM 91 @ Estherville",
        "jpg_urls": [
          "https://atmsqf.iowadot.gov/snapshots/public/RWIS/RWIS_64-07.JPG?1774927320000",
          "https://atmsqf.iowadot.gov/snapshots/public/RWIS/RWIS_64-05.JPG?1774927320000",
          "https://atmsqf.iowadot.gov/snapshots/public/RWIS/RWIS_64-02.JPG?1774927320000",
          "https://atmsqf.iowadot.gov/snapshots/public/RWIS/RWIS_64-03.JPG?1774927320000",
          "https://atmsqf.iowadot.gov/snapshots/public/RWIS/RWIS_64-04.JPG?1774927320000"
        ],
        "m3u8_urls": [],
        "views": [
          {
            "uri": "camera/59545835/400723489",
            "category": "IMAGE",
            "jpg_url": "https://atmsqf.iowadot.gov/snapshots/public/RWIS/RWIS_64-07.JPG?1774927320000"
          },
          {
            "uri": "camera/59545835/3461371195",
            "category": "IMAGE",
            "jpg_url": "https://atmsqf.iowadot.gov/snapshots/public/RWIS/RWIS_64-05.JPG?1774927320000"
          },
          {
            "uri": "camera/59545835/1878737950",
            "category": "IMAGE",
            "jpg_url": "https://atmsqf.iowadot.gov/snapshots/public/RWIS/RWIS_64-02.JPG?1774927320000"
          },
          {
            "uri": "camera/59545835/1024113345",
            "category": "IMAGE",
            "jpg_url": "https://atmsqf.iowadot.gov/snapshots/public/RWIS/RWIS_64-03.JPG?1774927320000"
          },
          {
            "uri": "camera/59545835/3966104838",
            "category": "IMAGE",
            "jpg_url": "https://atmsqf.iowadot.gov/snapshots/public/RWIS/RWIS_64-04.JPG?1774927320000"
          }
        ]
      }
    },
    {
      "type": "Feature",
      "geometry": {
        "type": "Point",
        "coordinates": [
          -91.64279,
          41.69258
        ]
      },
      "properties": {
        "camera_uri": "camera/59546264",
        "title": "Kansas Ave: IC - Kansas Ave @ I-80/380 System IC (33)",
        "jpg_urls": [
          "https://iowadotsnapshot.us-east-1.skyvdn.com/thumbs/ictv33lb.flv.jpg"
        ],
        "m3u8_urls": [
          "https://iowadotsfs2.us-east-1.skyvdn.com:443/rtplive/ictv33lb/playlist.m3u8"
        ],
        "views": [
          {
            "uri": "camera/59546264/366196675",
            "category": "VIDEO",
            "jpg_url": "https://iowadotsnapshot.us-east-1.skyvdn.com/thumbs/ictv33lb.flv.jpg",
            "m3u8_url": "https://iowadotsfs2.us-east-1.skyvdn.com:443/rtplive/ictv33lb/playlist.m3u8"
          }
        ]
      }
    },
    {
      "type": "Feature",
      "geometry": {
        "type": "Point",
        "coordinates": [
          -96.40007,
          42.48802
        ]
      },
      "properties": {
        "camera_uri": "camera/59545732",
        "title": "Larsen Park Rd.: SC - Larsen Park Rd @ Virginia St (29)",
        "jpg_urls": [
          "https://iowadotsnapshot.us-east-1.skyvdn.com/thumbs/sctv29lb.flv.jpg"
        ],
        "m3u8_urls": [
          "https://iowadotsfs2.us-east-1.skyvdn.com:443/rtplive/sctv29lb/playlist.m3u8"
        ],
        "views": [
          {
            "uri": "camera/59545732/321591369",
            "category": "VIDEO",
            "jpg_url": "https://iowadotsnapshot.us-east-1.skyvdn.com/thumbs/sctv29lb.flv.jpg",
            "m3u8_url": "https://iowadotsfs2.us-east-1.skyvdn.com:443/rtplive/sctv29lb/playlist.m3u8"
          }
        ]
      }
    },
    {
      "type": "Feature",
      "geometry": {
        "type": "Point",
        "coordinates": [
          -90.66501,
          42.49363
        ]
      },
      "properties": {
        "camera_uri": "camera/59545996",
        "title": "Locust St: DQ - Locust St @ Locust Conn - East (26)",
        "jpg_urls": [
          "https://iowadotsnapshot.us-east-1.skyvdn.com/thumbs/dqtv26lb.flv.jpg"
        ],
        "m3u8_urls": [
          "https://iowadotsfs2.us-east-1.skyvdn.com:443/rtplive/dqtv26lb/playlist.m3u8"
        ],
        "views": [
          {
            "uri": "camera/59545996/2574310141",
            "category": "VIDEO",
            "jpg_url": "https://iowadotsnapshot.us-east-1.skyvdn.com/thumbs/dqtv26lb.flv.jpg",
            "m3u8_url": "https://iowadotsfs2.us-east-1.skyvdn.com:443/rtplive/dqtv26lb/playlist.m3u8"
          }
        ]
      }
    },
    {
      "type": "Feature",
      "geometry": {
        "type": "Point",
        "coordinates": [
          -95.90119,
          41.24404
        ]
      },
      "properties": {
        "camera_uri": "camera/59546127",
        "title": "Nebraska Ave: CB - Nebraska Ave @ 35th St (70)",
        "jpg_urls": [
          "https://iowadotsnapshot.us-east-1.skyvdn.com/thumbs/cbtv70lb.flv.jpg"
        ],
        "m3u8_urls": [
          "https://iowadotsfs2.us-east-1.skyvdn.com:443/rtplive/cbtv70lb/playlist.m3u8"
        ],
        "views": [
          {
            "uri": "camera/59546127/2780966435",
            "category": "VIDEO",
            "jpg_url": "https://iowadotsnapshot.us-east-1.skyvdn.com/thumbs/cbtv70lb.flv.jpg",
            "m3u8_url": "https://iowadotsfs2.us-east-1.skyvdn.com:443/rtplive/cbtv70lb/playlist.m3u8"
          }
        ]
      }
    },
    {
      "type": "Feature",
      "geometry": {
        "type": "Point",
        "coordinates": [
          -96.40324,
          42.48932
        ]
      },
      "properties": {
        "camera_uri": "camera/59545840",
        "title": "Nebraska St.: SC - Nebraska St @ Gordon Dr (24)",
        "jpg_urls": [
          "https://iowadotsnapshot.us-east-1.skyvdn.com/thumbs/sctv24lb.flv.jpg"
        ],
        "m3u8_urls": [
          "https://iowadotsfs2.us-east-1.skyvdn.com:443/rtplive/sctv24lb/playlist.m3u8"
        ],
        "views": [
          {
            "uri": "camera/59545840/3117396338",
            "category": "VIDEO",
            "jpg_url": "https://iowadotsnapshot.us-east-1.skyvdn.com/thumbs/sctv24lb.flv.jpg",
            "m3u8_url": "https://iowadotsfs2.us-east-1.skyvdn.com:443/rtplive/sctv24lb/playlist.m3u8"
          }
        ]
      }
    },
    {
      "type": "Feature",
      "geometry": {
        "type": "Point",
        "coordinates": [
          -96.3755,
          42.46523
        ]
      },
      "properties": {
        "camera_uri": "camera/59546414",
        "title": "S Lewis: SC - S Lewis @ Glenn (22)",
        "jpg_urls": [
          "https://iowadotsnapshot.us-east-1.skyvdn.com/thumbs/sctv22lb.flv.jpg"
        ],
        "m3u8_urls": [
          "https://iowadotsfs2.us-east-1.skyvdn.com:443/rtplive/sctv22lb/playlist.m3u8"
        ],
        "views": [
          {
            "uri": "camera/59546414/56310048",
            "category": "VIDEO",
            "jpg_url": "https://iowadotsnapshot.us-east-1.skyvdn.com/thumbs/sctv22lb.flv.jpg",
            "m3u8_url": "https://iowadotsfs2.us-east-1.skyvdn.com:443/rtplive/sctv22lb/playlist.m3u8"
          }
        ]
      }
    },
    {
      "type": "Feature",
      "geometry": {
        "type": "Point",
        "coordinates": [
          -96.37771,
          42.47008
        ]
      },
      "properties": {
        "camera_uri": "camera/59545950",
        "title": "S Lewis: SC - S Lewis @ Golf Course (23)",
        "jpg_urls": [
          "https://iowadotsnapshot.us-east-1.skyvdn.com/thumbs/sctv23lb.flv.jpg"
        ],
        "m3u8_urls": [
          "https://iowadotsfs2.us-east-1.skyvdn.com:443/rtplive/sctv23lb/playlist.m3u8"
        ],
        "views": [
          {
            "uri": "camera/59545950/1447344400",
            "category": "VIDEO",
            "jpg_url": "https://iowadotsnapshot.us-east-1.skyvdn.com/thumbs/sctv23lb.flv.jpg",
            "m3u8_url": "https://iowadotsfs2.us-east-1.skyvdn.com:443/rtplive/sctv23lb/playlist.m3u8"
          }
        ]
      }
    },
    {
      "type": "Feature",
      "geometry": {
        "type": "Point",
        "coordinates": [
          -96.38055,
          42.48924
        ]
      },
      "properties": {
        "camera_uri": "camera/59546126",
        "title": "S Lewis: SC - S Lewis @ Gordon (25)",
        "jpg_urls": [
          "https://iowadotsnapshot.us-east-1.skyvdn.com/thumbs/sctv25lb.flv.jpg"
        ],
        "m3u8_urls": [
          "https://iowadotsfs2.us-east-1.skyvdn.com:443/rtplive/sctv25lb/playlist.m3u8"
        ],
        "views": [
          {
            "uri": "camera/59546126/181693718",
            "category": "VIDEO",
            "jpg_url": "https://iowadotsnapshot.us-east-1.skyvdn.com/thumbs/sctv25lb.flv.jpg",
            "m3u8_url": "https://iowadotsfs2.us-east-1.skyvdn.com:443/rtplive/sctv25lb/playlist.m3u8"
          }
        ]
      }
    },
    {
      "type": "Feature",
      "geometry": {
        "type": "Point",
        "coordinates": [
          -96.37016,
          42.43519
        ]
      },
      "properties": {
        "camera_uri": "camera/59545685",
        "title": "S Lewis: SC - S Lewis @ Singing Hills (21)",
        "jpg_urls": [
          "https://iowadotsnapshot.us-east-1.skyvdn.com/thumbs/sctv21lb.flv.jpg"
        ],
        "m3u8_urls": [
          "https://iowadotsfs2.us-east-1.skyvdn.com:443/rtplive/sctv21lb/playlist.m3u8"
        ],
        "views": [
          {
            "uri": "camera/59545685/3877671980",
            "category": "VIDEO",
            "jpg_url": "https://iowadotsnapshot.us-east-1.skyvdn.com/thumbs/sctv21lb.flv.jpg",
            "m3u8_url": "https://iowadotsfs2.us-east-1.skyvdn.com:443/rtplive/sctv21lb/playlist.m3u8"
          }
        ]
      }
    },
    {
      "type": "Feature",
      "geometry": {
        "type": "Point",
        "coordinates": [
          -91.44324,
          42.0501
        ]
      },
      "properties": {
        "camera_uri": "camera/59545924",
        "title": "US 151: D6 - US 151 @ MM 43.5 near Springville W ICWS (03)",
        "jpg_urls": [
          "https://atmsqf.iowadot.gov/snapshots/Public/Rural/D6TV03.jpg?1774927320000"
        ],
        "m3u8_urls": [],
        "views": [
          {
            "uri": "camera/59545924/2422438205",
            "category": "IMAGE",
            "jpg_url": "https://atmsqf.iowadot.gov/snapshots/Public/Rural/D6TV03.jpg?1774927320000"
          }
        ]
      }
    },
    {
      "type": "Feature",
      "geometry": {
        "type": "Point",
        "coordinates": [
          -91.44303,
          42.04994
        ]
      },
      "properties": {
        "camera_uri": "camera/59545892",
        "title": "US 151: D6 - US 151 @ MM 43.5 near Springville W ICWS QUAD (03Q)",
        "jpg_urls": [
          "https://atmsqf.iowadot.gov/snapshots/Public/Rural/D6TV03Q.jpg?1774927320000"
        ],
        "m3u8_urls": [],
        "views": [
          {
            "uri": "camera/59545892/1510421709",
            "category": "IMAGE",
            "jpg_url": "https://atmsqf.iowadot.gov/snapshots/Public/Rural/D6TV03Q.jpg?1774927320000"
          }
        ]
      }
    },
    {
      "type": "Feature",
      "geometry": {
        "type": "Point",
        "coordinates": [
          -91.33569,
          42.07119
        ]
      },
      "properties": {
        "camera_uri": "camera/59545683",
        "title": "US 151: RWIS - US 151 MM 49 @ Anamosa",
        "jpg_urls": [
          "https://atmsqf.iowadot.gov/snapshots/public/RWIS/RWIS_52-05.JPG?1774927320000",
          "https://atmsqf.iowadot.gov/snapshots/public/RWIS/RWIS_52-03.JPG?1774927320000",
          "https://atmsqf.iowadot.gov/snapshots/public/RWIS/RWIS_52-02.JPG?1774927320000",
          "https://atmsqf.iowadot.gov/snapshots/public/RWIS/RWIS_52-07.JPG?1774927320000",
          "https://atmsqf.iowadot.gov/snapshots/public/RWIS/RWIS_52-06.JPG?1774927320000"
        ],
        "m3u8_urls": [],
        "views": [
          {
            "uri": "camera/59545683/400721604",
            "category": "IMAGE",
            "jpg_url": "https://atmsqf.iowadot.gov/snapshots/public/RWIS/RWIS_52-05.JPG?1774927320000"
          },
          {
            "uri": "camera/59545683/1867843644",
            "category": "IMAGE",
            "jpg_url": "https://atmsqf.iowadot.gov/snapshots/public/RWIS/RWIS_52-03.JPG?1774927320000"
          },
          {
            "uri": "camera/59545683/2357854310",
            "category": "IMAGE",
            "jpg_url": "https://atmsqf.iowadot.gov/snapshots/public/RWIS/RWIS_52-02.JPG?1774927320000"
          },
          {
            "uri": "camera/59545683/2811232745",
            "category": "IMAGE",
            "jpg_url": "https://atmsqf.iowadot.gov/snapshots/public/RWIS/RWIS_52-07.JPG?1774927320000"
          },
          {
            "uri": "camera/59545683/788815218",
            "category": "IMAGE",
            "jpg_url": "https://atmsqf.iowadot.gov/snapshots/public/RWIS/RWIS_52-06.JPG?1774927320000"
          }
        ]
      }
    },
    {
      "type": "Feature",
      "geometry": {
        "type": "Point",
        "coordinates": [
          -94.2285,
          42.8132
        ]
      },
      "properties": {
        "camera_uri": "camera/59545707",
        "title": "US 169: RWIS - US 169 MM 180 @ Humboldt (mini)",
        "jpg_urls": [
          "https://atmsqf.iowadot.gov/snapshots/Public/RWIS/RWIS_93-01.jpg?1774927320000"
        ],
        "m3u8_urls": [],
        "views": [
          {
            "uri": "camera/59545707/371234726",
            "category": "IMAGE",
            "jpg_url": "https://atmsqf.iowadot.gov/snapshots/Public/RWIS/RWIS_93-01.jpg?1774927320000"
          }
        ]
      }
    },
    {
      "type": "Feature",
      "geometry": {
        "type": "Point",
        "coordinates": [
          -93.19534,
          43.10546
        ]
      },
      "properties": {
        "camera_uri": "camera/59546235",
        "title": "US 18: D2 - US 18 @ MM 186.3 near Mason City (03)",
        "jpg_urls": [
          "https://atmsqf.iowadot.gov/snapshots/Public/Rural/D2TV03.jpg?1774927320000"
        ],
        "m3u8_urls": [],
        "views": [
          {
            "uri": "camera/59546235/2477140432",
            "category": "IMAGE",
            "jpg_url": "https://atmsqf.iowadot.gov/snapshots/Public/Rural/D2TV03.jpg?1774927320000"
          }
        ]
      }
    },
    {
      "type": "Feature",
      "geometry": {
        "type": "Point",
        "coordinates": [
          -93.12266,
          43.11168
        ]
      },
      "properties": {
        "camera_uri": "camera/59545819",
        "title": "US 18: D2 - US 18 @ Mason city (74Q)",
        "jpg_urls": [
          "https://iowadotsnapshot.us-east-1.skyvdn.com/thumbs/d2tv74qlb.flv.jpg"
        ],
        "m3u8_urls": [
          "https://iowadotsfs2.us-east-1.skyvdn.com:443/rtplive/d2tv74qlb/playlist.m3u8"
        ],
        "views": [
          {
            "uri": "camera/59545819/3274131835",
            "category": "VIDEO",
            "jpg_url": "https://iowadotsnapshot.us-east-1.skyvdn.com/thumbs/d2tv74qlb.flv.jpg",
            "m3u8_url": "https://iowadotsfs2.us-east-1.skyvdn.com:443/rtplive/d2tv74qlb/playlist.m3u8"
          }
        ]
      }
    },
    {
      "type": "Feature",
      "geometry": {
        "type": "Point",
        "coordinates": [
          -93.12266,
          43.11168
        ]
      },
      "properties": {
        "camera_uri": "camera/59545842",
        "title": "US 18: D2 - US 18 @ Thrush Ave (74)",
        "jpg_urls": [
          "https://iowadotsnapshot.us-east-1.skyvdn.com/thumbs/d2tv74lb.flv.jpg"
        ],
        "m3u8_urls": [
          "https://iowadotsfs2.us-east-1.skyvdn.com:443/rtplive/d2tv74lb/playlist.m3u8"
        ],
        "views": [
          {
            "uri": "camera/59545842/2477001633",
            "category": "VIDEO",
            "jpg_url": "https://iowadotsnapshot.us-east-1.skyvdn.com/thumbs/d2tv74lb.flv.jpg",
            "m3u8_url": "https://iowadotsfs2.us-east-1.skyvdn.com:443/rtplive/d2tv74lb/playlist.m3u8"
          }
        ]
      }
    },
    {
      "type": "Feature",
      "geometry": {
        "type": "Point",
        "coordinates": [
          -93.12266,
          43.11168
        ]
      },
      "properties": {
        "camera_uri": "camera/59545876",
        "title": "US 18: RWIS - Thrush Ave SB at US 18 @ Mason City",
        "jpg_urls": [
          "https://atmsqf.iowadot.gov/snapshots/public/RWIS/RWIS_74-05.JPG?1774927320000",
          "https://atmsqf.iowadot.gov/snapshots/public/RWIS/RWIS_74-00.JPG?1774927320000",
          "https://atmsqf.iowadot.gov/snapshots/public/RWIS/RWIS_74-01.JPG?1774927320000",
          "https://atmsqf.iowadot.gov/snapshots/public/RWIS/RWIS_74-02.JPG?1774927320000",
          "https://atmsqf.iowadot.gov/snapshots/public/RWIS/RWIS_74-03.JPG?1774927320000"
        ],
        "m3u8_urls": [],
        "views": [
          {
            "uri": "camera/59545876/2666634939",
            "category": "IMAGE",
            "jpg_url": "https://atmsqf.iowadot.gov/snapshots/public/RWIS/RWIS_74-05.JPG?1774927320000"
          },
          {
            "uri": "camera/59545876/400723456",
            "category": "IMAGE",
            "jpg_url": "https://atmsqf.iowadot.gov/snapshots/public/RWIS/RWIS_74-00.JPG?1774927320000"
          },
          {
            "uri": "camera/59545876/2088209815",
            "category": "IMAGE",
            "jpg_url": "https://atmsqf.iowadot.gov/snapshots/public/RWIS/RWIS_74-01.JPG?1774927320000"
          },
          {
            "uri": "camera/59545876/970164140",
            "category": "IMAGE",
            "jpg_url": "https://atmsqf.iowadot.gov/snapshots/public/RWIS/RWIS_74-02.JPG?1774927320000"
          },
          {
            "uri": "camera/59545876/788813110",
            "category": "IMAGE",
            "jpg_url": "https://atmsqf.iowadot.gov/snapshots/public/RWIS/RWIS_74-03.JPG?1774927320000"
          }
        ]
      }
    },
    {
      "type": "Feature",
      "geometry": {
        "type": "Point",
        "coordinates": [
          -94.3985,
          43.083
        ]
      },
      "properties": {
        "camera_uri": "camera/59546027",
        "title": "US 18: RWIS - US 18 MM 122 @ Algona",
        "jpg_urls": [
          "https://atmsqf.iowadot.gov/snapshots/public/RWIS/RWIS_1-00.JPG?1774927320000",
          "https://atmsqf.iowadot.gov/snapshots/public/RWIS/RWIS_1-01.JPG?1774927320000",
          "https://atmsqf.iowadot.gov/snapshots/public/RWIS/RWIS_1-02.JPG?1774927320000",
          "https://atmsqf.iowadot.gov/snapshots/public/RWIS/RWIS_1-03.JPG?1774927320000"
        ],
        "m3u8_urls": [],
        "views": [
          {
            "uri": "camera/59546027/2086893701",
            "category": "IMAGE",
            "jpg_url": "https://atmsqf.iowadot.gov/snapshots/public/RWIS/RWIS_1-00.JPG?1774927320000"
          },
          {
            "uri": "camera/59546027/3459076546",
            "category": "IMAGE",
            "jpg_url": "https://atmsqf.iowadot.gov/snapshots/public/RWIS/RWIS_1-01.JPG?1774927320000"
          },
          {
            "uri": "camera/59546027/4094767952",
            "category": "IMAGE",
            "jpg_url": "https://atmsqf.iowadot.gov/snapshots/public/RWIS/RWIS_1-02.JPG?1774927320000"
          },
          {
            "uri": "camera/59546027/402264388",
            "category": "IMAGE",
            "jpg_url": "https://atmsqf.iowadot.gov/snapshots/public/RWIS/RWIS_1-03.JPG?1774927320000"
          }
        ]
      }
    },
    {
      "type": "Feature",
      "geometry": {
        "type": "Point",
        "coordinates": [
          -92.4592,
          43.06717
        ]
      },
      "properties": {
        "camera_uri": "camera/59545703",
        "title": "US 18: RWIS - US 18 MM 224 @ New Hampton",
        "jpg_urls": [
          "https://atmsqf.iowadot.gov/snapshots/public/RWIS/RWIS_33-03.JPG?1774927320000",
          "https://atmsqf.iowadot.gov/snapshots/public/RWIS/RWIS_33-01.JPG?1774927320000",
          "https://atmsqf.iowadot.gov/snapshots/public/RWIS/RWIS_33-04.JPG?1774927320000",
          "https://atmsqf.iowadot.gov/snapshots/public/RWIS/RWIS_33-00.JPG?1774927320000",
          "https://atmsqf.iowadot.gov/snapshots/public/RWIS/RWIS_33-02.JPG?1774927320000"
        ],
        "m3u8_urls": [],
        "views": [
          {
            "uri": "camera/59545703/400722499",
            "category": "IMAGE",
            "jpg_url": "https://atmsqf.iowadot.gov/snapshots/public/RWIS/RWIS_33-03.JPG?1774927320000"
          },
          {
            "uri": "camera/59545703/788812277",
            "category": "IMAGE",
            "jpg_url": "https://atmsqf.iowadot.gov/snapshots/public/RWIS/RWIS_33-01.JPG?1774927320000"
          },
          {
            "uri": "camera/59545703/2556569373",
            "category": "IMAGE",
            "jpg_url": "https://atmsqf.iowadot.gov/snapshots/public/RWIS/RWIS_33-04.JPG?1774927320000"
          },
          {
            "uri": "camera/59545703/4139943802",
            "category": "IMAGE",
            "jpg_url": "https://atmsqf.iowadot.gov/snapshots/public/RWIS/RWIS_33-00.JPG?1774927320000"
          },
          {
            "uri": "camera/59545703/605047418",
            "category": "IMAGE",
            "jpg_url": "https://atmsqf.iowadot.gov/snapshots/public/RWIS/RWIS_33-02.JPG?1774927320000"
          }
        ]
      }
    },
    {
      "type": "Feature",
      "geometry": {
        "type": "Point",
        "coordinates": [
          -91.9534,
          42.9649
        ]
      },
      "properties": {
        "camera_uri": "camera/59546228",
        "title": "US 18: RWIS - US 18 MM 257 @ Hawkeye",
        "jpg_urls": [
          "https://atmsqf.iowadot.gov/snapshots/public/RWIS/RWIS_70-03.JPG?1774927320000",
          "https://atmsqf.iowadot.gov/snapshots/public/RWIS/RWIS_70-01.JPG?1774927320000",
          "https://atmsqf.iowadot.gov/snapshots/public/RWIS/RWIS_70-07.JPG?1774927320000",
          "https://atmsqf.iowadot.gov/snapshots/public/RWIS/RWIS_70-05.JPG?1774927320000",
          "https://atmsqf.iowadot.gov/snapshots/public/RWIS/RWIS_70-04.JPG?1774927320000"
        ],
        "m3u8_urls": [],
        "views": [
          {
            "uri": "camera/59546228/2616187235",
            "category": "IMAGE",
            "jpg_url": "https://atmsqf.iowadot.gov/snapshots/public/RWIS/RWIS_70-03.JPG?1774927320000"
          },
          {
            "uri": "camera/59546228/1508743448",
            "category": "IMAGE",
            "jpg_url": "https://atmsqf.iowadot.gov/snapshots/public/RWIS/RWIS_70-01.JPG?1774927320000"
          },
          {
            "uri": "camera/59546228/3461367070",
            "category": "IMAGE",
            "jpg_url": "https://atmsqf.iowadot.gov/snapshots/public/RWIS/RWIS_70-07.JPG?1774927320000"
          },
          {
            "uri": "camera/59546228/970168232",
            "category": "IMAGE",
            "jpg_url": "https://atmsqf.iowadot.gov/snapshots/public/RWIS/RWIS_70-05.JPG?1774927320000"
          },
          {
            "uri": "camera/59546228/1914587339",
            "category": "IMAGE",
            "jpg_url": "https://atmsqf.iowadot.gov/snapshots/public/RWIS/RWIS_70-04.JPG?1774927320000"
          }
        ]
      }
    },
    {
      "type": "Feature",
      "geometry": {
        "type": "Point",
        "coordinates": [
          -95.0888,
          43.12683
        ]
      },
      "properties": {
        "camera_uri": "camera/59545638",
        "title": "US 18: RWIS - US 18 MM 85 @ Spencer",
        "jpg_urls": [
          "https://atmsqf.iowadot.gov/snapshots/public/RWIS/RWIS_42-00.JPG?1774927320000",
          "https://atmsqf.iowadot.gov/snapshots/public/RWIS/RWIS_42-01.JPG?1774927320000",
          "https://atmsqf.iowadot.gov/snapshots/public/RWIS/RWIS_42-02.JPG?1774927320000",
          "https://atmsqf.iowadot.gov/snapshots/public/RWIS/RWIS_42-03.JPG?1774927320000"
        ],
        "m3u8_urls": [],
        "views": [
          {
            "uri": "camera/59545638/2556568123",
            "category": "IMAGE",
            "jpg_url": "https://atmsqf.iowadot.gov/snapshots/public/RWIS/RWIS_42-00.JPG?1774927320000"
          },
          {
            "uri": "camera/59545638/3569221386",
            "category": "IMAGE",
            "jpg_url": "https://atmsqf.iowadot.gov/snapshots/public/RWIS/RWIS_42-01.JPG?1774927320000"
          },
          {
            "uri": "camera/59545638/4139940828",
            "category": "IMAGE",
            "jpg_url": "https://atmsqf.iowadot.gov/snapshots/public/RWIS/RWIS_42-02.JPG?1774927320000"
          },
          {
            "uri": "camera/59545638/605044444",
            "category": "IMAGE",
            "jpg_url": "https://atmsqf.iowadot.gov/snapshots/public/RWIS/RWIS_42-03.JPG?1774927320000"
          }
        ]
      }
    },
    {
      "type": "Feature",
      "geometry": {
        "type": "Point",
        "coordinates": [
          -92.4935,
          42.46535
        ]
      },
      "properties": {
        "camera_uri": "camera/59546343",
        "title": "US 20: 2CF - US 20 @ MM 222.75 (IWZ3360)",
        "jpg_urls": [
          "https://iowadotsnapshot.us-east-1.skyvdn.com/thumbs/iwz3360lb.flv.jpg"
        ],
        "m3u8_urls": [
          "https://iowadotsfs2.us-east-1.skyvdn.com:443/rtplive/iwz3360lb/playlist.m3u8"
        ],
        "views": [
          {
            "uri": "camera/59546343/1159522502",
            "category": "VIDEO",
            "jpg_url": "https://iowadotsnapshot.us-east-1.skyvdn.com/thumbs/iwz3360lb.flv.jpg",
            "m3u8_url": "https://iowadotsfs2.us-east-1.skyvdn.com:443/rtplive/iwz3360lb/playlist.m3u8"
          }
        ]
      }
    },
    {
      "type": "Feature",
      "geometry": {
        "type": "Point",
        "coordinates": [
          -92.45392,
          42.46452
        ]
      },
      "properties": {
        "camera_uri": "camera/59545784",
        "title": "US 20: 2CF - US 20 @ MM 225 (IWZ3153E)",
        "jpg_urls": [
          "https://iowadotsnapshot.us-east-1.skyvdn.com/thumbs/iwz3153elb.flv.jpg"
        ],
        "m3u8_urls": [
          "https://iowadotsfs2.us-east-1.skyvdn.com:443/rtplive/iwz3153elb/playlist.m3u8"
        ],
        "views": [
          {
            "uri": "camera/59545784/499978154",
            "category": "VIDEO",
            "jpg_url": "https://iowadotsnapshot.us-east-1.skyvdn.com/thumbs/iwz3153elb.flv.jpg",
            "m3u8_url": "https://iowadotsfs2.us-east-1.skyvdn.com:443/rtplive/iwz3153elb/playlist.m3u8"
          }
        ]
      }
    },
    {
      "type": "Feature",
      "geometry": {
        "type": "Point",
        "coordinates": [
          -92.45392,
          42.46453
        ]
      },
      "properties": {
        "camera_uri": "camera/59545800",
        "title": "US 20: 2CF - US 20 @ MM 225 (IWZ3153W)",
        "jpg_urls": [
          "https://iowadotsnapshot.us-east-1.skyvdn.com/thumbs/iwz3153wlb.flv.jpg"
        ],
        "m3u8_urls": [
          "https://iowadotsfs2.us-east-1.skyvdn.com:443/rtplive/iwz3153wlb/playlist.m3u8"
        ],
        "views": [
          {
            "uri": "camera/59545800/1312625144",
            "category": "VIDEO",
            "jpg_url": "https://iowadotsnapshot.us-east-1.skyvdn.com/thumbs/iwz3153wlb.flv.jpg",
            "m3u8_url": "https://iowadotsfs2.us-east-1.skyvdn.com:443/rtplive/iwz3153wlb/playlist.m3u8"
          }
        ]
      }
    },
    {
      "type": "Feature",
      "geometry": {
        "type": "Point",
        "coordinates": [
          -92.42721,
          42.46361
        ]
      },
      "properties": {
        "camera_uri": "camera/59546252",
        "title": "US 20: 2CF - US 20 @ MM 226.3 (IWZ3154E)",
        "jpg_urls": [
          "https://iowadotsnapshot.us-east-1.skyvdn.com/thumbs/iwz3154elb.flv.jpg"
        ],
        "m3u8_urls": [
          "https://iowadotsfs2.us-east-1.skyvdn.com:443/rtplive/iwz3154elb/playlist.m3u8"
        ],
        "views": [
          {
            "uri": "camera/59546252/1008154483",
            "category": "VIDEO",
            "jpg_url": "https://iowadotsnapshot.us-east-1.skyvdn.com/thumbs/iwz3154elb.flv.jpg",
            "m3u8_url": "https://iowadotsfs2.us-east-1.skyvdn.com:443/rtplive/iwz3154elb/playlist.m3u8"
          }
        ]
      }
    },
    {
      "type": "Feature",
      "geometry": {
        "type": "Point",
        "coordinates": [
          -92.42722,
          42.46362
        ]
      },
      "properties": {
        "camera_uri": "camera/59546274",
        "title": "US 20: 2CF - US 20 @ MM 226.3 (IWZ3154W)",
        "jpg_urls": [
          "https://iowadotsnapshot.us-east-1.skyvdn.com/thumbs/iwz3154wlb.flv.jpg"
        ],
        "m3u8_urls": [
          "https://iowadotsfs2.us-east-1.skyvdn.com:443/rtplive/iwz3154wlb/playlist.m3u8"
        ],
        "views": [
          {
            "uri": "camera/59546274/3948634401",
            "category": "VIDEO",
            "jpg_url": "https://iowadotsnapshot.us-east-1.skyvdn.com/thumbs/iwz3154wlb.flv.jpg",
            "m3u8_url": "https://iowadotsfs2.us-east-1.skyvdn.com:443/rtplive/iwz3154wlb/playlist.m3u8"
          }
        ]
      }
    },
    {
      "type": "Feature",
      "geometry": {
        "type": "Point",
        "coordinates": [
          -92.38945,
          42.45391
        ]
      },
      "properties": {
        "camera_uri": "camera/59546305",
        "title": "US 20: 2CF - US 20 @ MM 228.3 (IWZ3138)",
        "jpg_urls": [
          "https://iowadotsnapshot.us-east-1.skyvdn.com/thumbs/iwz3138lb.flv.jpg"
        ],
        "m3u8_urls": [
          "https://iowadotsfs2.us-east-1.skyvdn.com:443/rtplive/iwz3138lb/playlist.m3u8"
        ],
        "views": [
          {
            "uri": "camera/59546305/1497196306",
            "category": "VIDEO",
            "jpg_url": "https://iowadotsnapshot.us-east-1.skyvdn.com/thumbs/iwz3138lb.flv.jpg",
            "m3u8_url": "https://iowadotsfs2.us-east-1.skyvdn.com:443/rtplive/iwz3138lb/playlist.m3u8"
          }
        ]
      }
    },
    {
      "type": "Feature",
      "geometry": {
        "type": "Point",
        "coordinates": [
          -94.18365,
          42.4453
        ]
      },
      "properties": {
        "camera_uri": "camera/59546236",
        "title": "US 20: D1 - US 20 @ MM 121",
        "jpg_urls": [
          "https://iowadotsnapshot.us-east-1.skyvdn.com/thumbs/d1tv121lb.flv.jpg"
        ],
        "m3u8_urls": [
          "https://iowadotsfs2.us-east-1.skyvdn.com:443/rtplive/d1tv121lb/playlist.m3u8"
        ],
        "views": [
          {
            "uri": "camera/59546236/460019211",
            "category": "VIDEO",
            "jpg_url": "https://iowadotsnapshot.us-east-1.skyvdn.com/thumbs/d1tv121lb.flv.jpg",
            "m3u8_url": "https://iowadotsfs2.us-east-1.skyvdn.com:443/rtplive/d1tv121lb/playlist.m3u8"
          }
        ]
      }
    },
    {
      "type": "Feature",
      "geometry": {
        "type": "Point",
        "coordinates": [
          -94.12334,
          42.45133
        ]
      },
      "properties": {
        "camera_uri": "camera/59546211",
        "title": "US 20: D1 - US 20 @ MM 124",
        "jpg_urls": [
          "https://iowadotsnapshot.us-east-1.skyvdn.com/thumbs/d1tv124lb.flv.jpg"
        ],
        "m3u8_urls": [
          "https://iowadotsfs2.us-east-1.skyvdn.com:443/rtplive/d1tv124lb/playlist.m3u8"
        ],
        "views": [
          {
            "uri": "camera/59546211/3748109134",
            "category": "VIDEO",
            "jpg_url": "https://iowadotsnapshot.us-east-1.skyvdn.com/thumbs/d1tv124lb.flv.jpg",
            "m3u8_url": "https://iowadotsfs2.us-east-1.skyvdn.com:443/rtplive/d1tv124lb/playlist.m3u8"
          }
        ]
      }
    },
    {
      "type": "Feature",
      "geometry": {
        "type": "Point",
        "coordinates": [
          -94.09238,
          42.44919
        ]
      },
      "properties": {
        "camera_uri": "camera/59545692",
        "title": "US 20: D1 - US 20 @ MM 126",
        "jpg_urls": [
          "https://iowadotsnapshot.us-east-1.skyvdn.com/thumbs/d1tv126lb.flv.jpg"
        ],
        "m3u8_urls": [
          "https://iowadotsfs2.us-east-1.skyvdn.com:443/rtplive/d1tv126lb/playlist.m3u8"
        ],
        "views": [
          {
            "uri": "camera/59545692/3586801612",
            "category": "VIDEO",
            "jpg_url": "https://iowadotsnapshot.us-east-1.skyvdn.com/thumbs/d1tv126lb.flv.jpg",
            "m3u8_url": "https://iowadotsfs2.us-east-1.skyvdn.com:443/rtplive/d1tv126lb/playlist.m3u8"
          }
        ]
      }
    },
    {
      "type": "Feature",
      "geometry": {
        "type": "Point",
        "coordinates": [
          -94.09205,
          42.44936
        ]
      },
      "properties": {
        "camera_uri": "camera/59545941",
        "title": "US 20: D1 \u2013 US 20 @ MM 126.20 - Quad",
        "jpg_urls": [
          "https://atmsqf.iowadot.gov/snapshots/Public/Rural/D1TV126Q.jpg?1774927320000"
        ],
        "m3u8_urls": [],
        "views": [
          {
            "uri": "camera/59545941/1395675852",
            "category": "IMAGE",
            "jpg_url": "https://atmsqf.iowadot.gov/snapshots/Public/Rural/D1TV126Q.jpg?1774927320000"
          }
        ]
      }
    },
    {
      "type": "Feature",
      "geometry": {
        "type": "Point",
        "coordinates": [
          -90.67775,
          42.48933
        ]
      },
      "properties": {
        "camera_uri": "camera/59546178",
        "title": "US 20: DQ - US 20 @ Bryant St - East (33)",
        "jpg_urls": [
          "https://iowadotsnapshot.us-east-1.skyvdn.com/thumbs/dqtv33lb.flv.jpg"
        ],
        "m3u8_urls": [
          "https://iowadotsfs1.us-east-1.skyvdn.com:443/rtplive/dqtv33lb/playlist.m3u8"
        ],
        "views": [
          {
            "uri": "camera/59546178/3018131811",
            "category": "VIDEO",
            "jpg_url": "https://iowadotsnapshot.us-east-1.skyvdn.com/thumbs/dqtv33lb.flv.jpg",
            "m3u8_url": "https://iowadotsfs1.us-east-1.skyvdn.com:443/rtplive/dqtv33lb/playlist.m3u8"
          }
        ]
      }
    },
    {
      "type": "Feature",
      "geometry": {
        "type": "Point",
        "coordinates": [
          -90.64935,
          42.49173
        ]
      },
      "properties": {
        "camera_uri": "camera/59546391",
        "title": "US 20: DQ - US 20 @ E Mississippi River Bridge - East (25)",
        "jpg_urls": [
          "https://iowadotsnapshot.us-east-1.skyvdn.com/thumbs/dqtv25lb.flv.jpg"
        ],
        "m3u8_urls": [
          "https://iowadotsfs1.us-east-1.skyvdn.com:443/rtplive/dqtv25lb/playlist.m3u8"
        ],
        "views": [
          {
            "uri": "camera/59546391/1736903804",
            "category": "VIDEO",
            "jpg_url": "https://iowadotsnapshot.us-east-1.skyvdn.com/thumbs/dqtv25lb.flv.jpg",
            "m3u8_url": "https://iowadotsfs1.us-east-1.skyvdn.com:443/rtplive/dqtv25lb/playlist.m3u8"
          }
        ]
      }
    },
    {
      "type": "Feature",
      "geometry": {
        "type": "Point",
        "coordinates": [
          -90.64953,
          42.4917
        ]
      },
      "properties": {
        "camera_uri": "camera/59545824",
        "title": "US 20: DQ - US 20 @ E Mississippi River Bridge - West (24)",
        "jpg_urls": [
          "https://iowadotsnapshot.us-east-1.skyvdn.com/thumbs/dqtv24lb.flv.jpg"
        ],
        "m3u8_urls": [
          "https://iowadotsfs2.us-east-1.skyvdn.com:443/rtplive/dqtv24lb/playlist.m3u8"
        ],
        "views": [
          {
            "uri": "camera/59545824/2414768587",
            "category": "VIDEO",
            "jpg_url": "https://iowadotsnapshot.us-east-1.skyvdn.com/thumbs/dqtv24lb.flv.jpg",
            "m3u8_url": "https://iowadotsfs2.us-east-1.skyvdn.com:443/rtplive/dqtv24lb/playlist.m3u8"
          }
        ]
      }
    },
    {
      "type": "Feature",
      "geometry": {
        "type": "Point",
        "coordinates": [
          -90.71494,
          42.49205
        ]
      },
      "properties": {
        "camera_uri": "camera/59546050",
        "title": "US 20: DQ - US 20 @ JFK Rd (16)",
        "jpg_urls": [
          "https://iowadotsnapshot.us-east-1.skyvdn.com/thumbs/dqtv16lb.flv.jpg"
        ],
        "m3u8_urls": [
          "https://iowadotsfs2.us-east-1.skyvdn.com:443/rtplive/dqtv16lb/playlist.m3u8"
        ],
        "views": [
          {
            "uri": "camera/59546050/134048686",
            "category": "VIDEO",
            "jpg_url": "https://iowadotsnapshot.us-east-1.skyvdn.com/thumbs/dqtv16lb.flv.jpg",
            "m3u8_url": "https://iowadotsfs2.us-east-1.skyvdn.com:443/rtplive/dqtv16lb/playlist.m3u8"
          }
        ]
      }
    },
    {
      "type": "Feature",
      "geometry": {
        "type": "Point",
        "coordinates": [
          -90.7144,
          42.49223
        ]
      },
      "properties": {
        "camera_uri": "camera/59545619",
        "title": "US 20: DQ - US 20 @ JFK Rd - West (17)",
        "jpg_urls": [
          "https://iowadotsnapshot.us-east-1.skyvdn.com/thumbs/dqtv17lb.flv.jpg"
        ],
        "m3u8_urls": [
          "https://iowadotsfs1.us-east-1.skyvdn.com:443/rtplive/dqtv17lb/playlist.m3u8"
        ],
        "views": [
          {
            "uri": "camera/59545619/2577570135",
            "category": "VIDEO",
            "jpg_url": "https://iowadotsnapshot.us-east-1.skyvdn.com/thumbs/dqtv17lb.flv.jpg",
            "m3u8_url": "https://iowadotsfs1.us-east-1.skyvdn.com:443/rtplive/dqtv17lb/playlist.m3u8"
          }
        ]
      }
    },
    {
      "type": "Feature",
      "geometry": {
        "type": "Point",
        "coordinates": [
          -90.66523,
          42.49197
        ]
      },
      "properties": {
        "camera_uri": "camera/59546025",
        "title": "US 20: DQ - US 20 @ Locust St - East (20)",
        "jpg_urls": [
          "https://iowadotsnapshot.us-east-1.skyvdn.com/thumbs/dqtv20lb.flv.jpg"
        ],
        "m3u8_urls": [
          "https://iowadotsfs2.us-east-1.skyvdn.com:443/rtplive/dqtv20lb/playlist.m3u8"
        ],
        "views": [
          {
            "uri": "camera/59546025/769352737",
            "category": "VIDEO",
            "jpg_url": "https://iowadotsnapshot.us-east-1.skyvdn.com/thumbs/dqtv20lb.flv.jpg",
            "m3u8_url": "https://iowadotsfs2.us-east-1.skyvdn.com:443/rtplive/dqtv20lb/playlist.m3u8"
          }
        ]
      }
    },
    {
      "type": "Feature",
      "geometry": {
        "type": "Point",
        "coordinates": [
          -90.66489,
          42.49166
        ]
      },
      "properties": {
        "camera_uri": "camera/59546403",
        "title": "US 20: DQ - US 20 @ Locust St - North (21)",
        "jpg_urls": [
          "https://iowadotsnapshot.us-east-1.skyvdn.com/thumbs/dqtv21lb.flv.jpg"
        ],
        "m3u8_urls": [
          "https://iowadotsfs1.us-east-1.skyvdn.com:443/rtplive/dqtv21lb/playlist.m3u8"
        ],
        "views": [
          {
            "uri": "camera/59546403/3270014892",
            "category": "VIDEO",
            "jpg_url": "https://iowadotsnapshot.us-east-1.skyvdn.com/thumbs/dqtv21lb.flv.jpg",
            "m3u8_url": "https://iowadotsfs1.us-east-1.skyvdn.com:443/rtplive/dqtv21lb/playlist.m3u8"
          }
        ]
      }
    },
    {
      "type": "Feature",
      "geometry": {
        "type": "Point",
        "coordinates": [
          -90.66511,
          42.492
        ]
      },
      "properties": {
        "camera_uri": "camera/59546423",
        "title": "US 20: DQ - US 20 @ Locust St - West (19)",
        "jpg_urls": [
          "https://iowadotsnapshot.us-east-1.skyvdn.com/thumbs/dqtv19lb.flv.jpg"
        ],
        "m3u8_urls": [
          "https://iowadotsfs1.us-east-1.skyvdn.com:443/rtplive/dqtv19lb/playlist.m3u8"
        ],
        "views": [
          {
            "uri": "camera/59546423/288708957",
            "category": "VIDEO",
            "jpg_url": "https://iowadotsnapshot.us-east-1.skyvdn.com/thumbs/dqtv19lb.flv.jpg",
            "m3u8_url": "https://iowadotsfs1.us-east-1.skyvdn.com:443/rtplive/dqtv19lb/playlist.m3u8"
          }
        ]
      }
    },
    {
      "type": "Feature",
      "geometry": {
        "type": "Point",
        "coordinates": [
          -90.66522,
          42.49263
        ]
      },
      "properties": {
        "camera_uri": "camera/59545895",
        "title": "US 20: DQ - US 20 @ Locust St - West Zoom (18)",
        "jpg_urls": [
          "https://iowadotsnapshot.us-east-1.skyvdn.com/thumbs/dqtv18lb.flv.jpg"
        ],
        "m3u8_urls": [
          "https://iowadotsfs2.us-east-1.skyvdn.com:443/rtplive/dqtv18lb/playlist.m3u8"
        ],
        "views": [
          {
            "uri": "camera/59545895/1345650859",
            "category": "VIDEO",
            "jpg_url": "https://iowadotsnapshot.us-east-1.skyvdn.com/thumbs/dqtv18lb.flv.jpg",
            "m3u8_url": "https://iowadotsfs2.us-east-1.skyvdn.com:443/rtplive/dqtv18lb/playlist.m3u8"
          }
        ]
      }
    },
    {
      "type": "Feature",
      "geometry": {
        "type": "Point",
        "coordinates": [
          -90.75443,
          42.48356
        ]
      },
      "properties": {
        "camera_uri": "camera/59546379",
        "title": "US 20: DQ - US 20 @ Menards Hill - South (10)",
        "jpg_urls": [
          "https://iowadotsnapshot.us-east-1.skyvdn.com/thumbs/dqtv10lb.flv.jpg"
        ],
        "m3u8_urls": [
          "https://iowadotsfs2.us-east-1.skyvdn.com:443/rtplive/dqtv10lb/playlist.m3u8"
        ],
        "views": [
          {
            "uri": "camera/59546379/490374530",
            "category": "VIDEO",
            "jpg_url": "https://iowadotsnapshot.us-east-1.skyvdn.com/thumbs/dqtv10lb.flv.jpg",
            "m3u8_url": "https://iowadotsfs2.us-east-1.skyvdn.com:443/rtplive/dqtv10lb/playlist.m3u8"
          }
        ]
      }
    },
    {
      "type": "Feature",
      "geometry": {
        "type": "Point",
        "coordinates": [
          -90.7393,
          42.48849
        ]
      },
      "properties": {
        "camera_uri": "camera/59545961",
        "title": "US 20: DQ - US 20 @ NW Arterial - East (15)",
        "jpg_urls": [
          "https://iowadotsnapshot.us-east-1.skyvdn.com/thumbs/dqtv15lb.flv.jpg"
        ],
        "m3u8_urls": [
          "https://iowadotsfs1.us-east-1.skyvdn.com:443/rtplive/dqtv15lb/playlist.m3u8"
        ],
        "views": [
          {
            "uri": "camera/59545961/960527039",
            "category": "VIDEO",
            "jpg_url": "https://iowadotsnapshot.us-east-1.skyvdn.com/thumbs/dqtv15lb.flv.jpg",
            "m3u8_url": "https://iowadotsfs1.us-east-1.skyvdn.com:443/rtplive/dqtv15lb/playlist.m3u8"
          }
        ]
      }
    },
    {
      "type": "Feature",
      "geometry": {
        "type": "Point",
        "coordinates": [
          -90.73942,
          42.48861
        ]
      },
      "properties": {
        "camera_uri": "camera/59546036",
        "title": "US 20: DQ - US 20 @ NW Arterial - East Wide Angle (11)",
        "jpg_urls": [
          "https://iowadotsnapshot.us-east-1.skyvdn.com/thumbs/dqtv11lb.flv.jpg"
        ],
        "m3u8_urls": [
          "https://iowadotsfs1.us-east-1.skyvdn.com:443/rtplive/dqtv11lb/playlist.m3u8"
        ],
        "views": [
          {
            "uri": "camera/59546036/3246293221",
            "category": "VIDEO",
            "jpg_url": "https://iowadotsnapshot.us-east-1.skyvdn.com/thumbs/dqtv11lb.flv.jpg",
            "m3u8_url": "https://iowadotsfs1.us-east-1.skyvdn.com:443/rtplive/dqtv11lb/playlist.m3u8"
          }
        ]
      }
    },
    {
      "type": "Feature",
      "geometry": {
        "type": "Point",
        "coordinates": [
          -90.73899,
          42.4883
        ]
      },
      "properties": {
        "camera_uri": "camera/59545678",
        "title": "US 20: DQ - US 20 @ NW Arterial - North (12)",
        "jpg_urls": [
          "https://iowadotsnapshot.us-east-1.skyvdn.com/thumbs/dqtv12lb.flv.jpg"
        ],
        "m3u8_urls": [
          "https://iowadotsfs2.us-east-1.skyvdn.com:443/rtplive/dqtv12lb/playlist.m3u8"
        ],
        "views": [
          {
            "uri": "camera/59545678/60310580",
            "category": "VIDEO",
            "jpg_url": "https://iowadotsnapshot.us-east-1.skyvdn.com/thumbs/dqtv12lb.flv.jpg",
            "m3u8_url": "https://iowadotsfs2.us-east-1.skyvdn.com:443/rtplive/dqtv12lb/playlist.m3u8"
          }
        ]
      }
    },
    {
      "type": "Feature",
      "geometry": {
        "type": "Point",
        "coordinates": [
          -90.73873,
          42.4885
        ]
      },
      "properties": {
        "camera_uri": "camera/59546354",
        "title": "US 20: DQ - US 20 @ NW Arterial - West (13)",
        "jpg_urls": [
          "https://iowadotsnapshot.us-east-1.skyvdn.com/thumbs/dqtv13lb.flv.jpg"
        ],
        "m3u8_urls": [
          "https://iowadotsfs1.us-east-1.skyvdn.com:443/rtplive/dqtv13lb/playlist.m3u8"
        ],
        "views": [
          {
            "uri": "camera/59546354/3513811183",
            "category": "VIDEO",
            "jpg_url": "https://iowadotsnapshot.us-east-1.skyvdn.com/thumbs/dqtv13lb.flv.jpg",
            "m3u8_url": "https://iowadotsfs1.us-east-1.skyvdn.com:443/rtplive/dqtv13lb/playlist.m3u8"
          }
        ]
      }
    },
    {
      "type": "Feature",
      "geometry": {
        "type": "Point",
        "coordinates": [
          -90.73876,
          42.48855
        ]
      },
      "properties": {
        "camera_uri": "camera/59546260",
        "title": "US 20: DQ - US 20 @ NW Arterial - West Zoom (14)",
        "jpg_urls": [
          "https://iowadotsnapshot.us-east-1.skyvdn.com/thumbs/dqtv14lb.flv.jpg"
        ],
        "m3u8_urls": [
          "https://iowadotsfs2.us-east-1.skyvdn.com:443/rtplive/dqtv14lb/playlist.m3u8"
        ],
        "views": [
          {
            "uri": "camera/59546260/263823391",
            "category": "VIDEO",
            "jpg_url": "https://iowadotsnapshot.us-east-1.skyvdn.com/thumbs/dqtv14lb.flv.jpg",
            "m3u8_url": "https://iowadotsfs2.us-east-1.skyvdn.com:443/rtplive/dqtv14lb/playlist.m3u8"
          }
        ]
      }
    },
    {
      "type": "Feature",
      "geometry": {
        "type": "Point",
        "coordinates": [
          -90.76398,
          42.47585
        ]
      },
      "properties": {
        "camera_uri": "camera/59546443",
        "title": "US 20: DQ - US 20 @ SW Arterial - EB Exit Ramp - West (09)",
        "jpg_urls": [
          "https://iowadotsnapshot.us-east-1.skyvdn.com/thumbs/dqtv09lb.flv.jpg"
        ],
        "m3u8_urls": [
          "https://iowadotsfs1.us-east-1.skyvdn.com:443/rtplive/dqtv09lb/playlist.m3u8"
        ],
        "views": [
          {
            "uri": "camera/59546443/375370525",
            "category": "VIDEO",
            "jpg_url": "https://iowadotsnapshot.us-east-1.skyvdn.com/thumbs/dqtv09lb.flv.jpg",
            "m3u8_url": "https://iowadotsfs1.us-east-1.skyvdn.com:443/rtplive/dqtv09lb/playlist.m3u8"
          }
        ]
      }
    },
    {
      "type": "Feature",
      "geometry": {
        "type": "Point",
        "coordinates": [
          -90.76398,
          42.47585
        ]
      },
      "properties": {
        "camera_uri": "camera/59546358",
        "title": "US 20: DQ - US 20 @ SW Arterial Bridge - East (08)",
        "jpg_urls": [
          "https://iowadotsnapshot.us-east-1.skyvdn.com/thumbs/dqtv08lb.flv.jpg"
        ],
        "m3u8_urls": [
          "https://iowadotsfs2.us-east-1.skyvdn.com:443/rtplive/dqtv08lb/playlist.m3u8"
        ],
        "views": [
          {
            "uri": "camera/59546358/69885105",
            "category": "VIDEO",
            "jpg_url": "https://iowadotsnapshot.us-east-1.skyvdn.com/thumbs/dqtv08lb.flv.jpg",
            "m3u8_url": "https://iowadotsfs2.us-east-1.skyvdn.com:443/rtplive/dqtv08lb/playlist.m3u8"
          }
        ]
      }
    },
    {
      "type": "Feature",
      "geometry": {
        "type": "Point",
        "coordinates": [
          -90.76403,
          42.47585
        ]
      },
      "properties": {
        "camera_uri": "camera/59546400",
        "title": "US 20: DQ - US 20 @ SW Arterial West Ramp Terminal - East (07)",
        "jpg_urls": [
          "https://iowadotsnapshot.us-east-1.skyvdn.com/thumbs/dqtv07lb.flv.jpg"
        ],
        "m3u8_urls": [
          "https://iowadotsfs1.us-east-1.skyvdn.com:443/rtplive/dqtv07lb/playlist.m3u8"
        ],
        "views": [
          {
            "uri": "camera/59546400/497016574",
            "category": "VIDEO",
            "jpg_url": "https://iowadotsnapshot.us-east-1.skyvdn.com/thumbs/dqtv07lb.flv.jpg",
            "m3u8_url": "https://iowadotsfs1.us-east-1.skyvdn.com:443/rtplive/dqtv07lb/playlist.m3u8"
          }
        ]
      }
    },
    {
      "type": "Feature",
      "geometry": {
        "type": "Point",
        "coordinates": [
          -90.65918,
          42.49149
        ]
      },
      "properties": {
        "camera_uri": "camera/59546166",
        "title": "US 20: DQ - US 20 @ W Mississippi River Bridge - East (23)",
        "jpg_urls": [
          "https://iowadotsnapshot.us-east-1.skyvdn.com/thumbs/dqtv23lb.flv.jpg"
        ],
        "m3u8_urls": [
          "https://iowadotsfs1.us-east-1.skyvdn.com:443/rtplive/dqtv23lb/playlist.m3u8"
        ],
        "views": [
          {
            "uri": "camera/59546166/1323218536",
            "category": "VIDEO",
            "jpg_url": "https://iowadotsnapshot.us-east-1.skyvdn.com/thumbs/dqtv23lb.flv.jpg",
            "m3u8_url": "https://iowadotsfs1.us-east-1.skyvdn.com:443/rtplive/dqtv23lb/playlist.m3u8"
          }
        ]
      }
    },
    {
      "type": "Feature",
      "geometry": {
        "type": "Point",
        "coordinates": [
          -90.65937,
          42.49149
        ]
      },
      "properties": {
        "camera_uri": "camera/59546045",
        "title": "US 20: DQ - US 20 @ W Mississippi River Bridge - West (22)",
        "jpg_urls": [
          "https://iowadotsnapshot.us-east-1.skyvdn.com/thumbs/dqtv22lb.flv.jpg"
        ],
        "m3u8_urls": [
          "https://iowadotsfs2.us-east-1.skyvdn.com:443/rtplive/dqtv22lb/playlist.m3u8"
        ],
        "views": [
          {
            "uri": "camera/59546045/4189608287",
            "category": "VIDEO",
            "jpg_url": "https://iowadotsnapshot.us-east-1.skyvdn.com/thumbs/dqtv22lb.flv.jpg",
            "m3u8_url": "https://iowadotsfs2.us-east-1.skyvdn.com:443/rtplive/dqtv22lb/playlist.m3u8"
          }
        ]
      }
    },
    {
      "type": "Feature",
      "geometry": {
        "type": "Point",
        "coordinates": [
          -90.66972,
          42.46487
        ]
      },
      "properties": {
        "camera_uri": "camera/59546097",
        "title": "US 20: DQ - US 61 @ Catfish Creek DMS - North (01)",
        "jpg_urls": [
          "https://iowadotsnapshot.us-east-1.skyvdn.com/thumbs/dqtv01lb.flv.jpg"
        ],
        "m3u8_urls": [
          "https://iowadotsfs1.us-east-1.skyvdn.com:443/rtplive/dqtv01lb/playlist.m3u8"
        ],
        "views": [
          {
            "uri": "camera/59546097/3328889532",
            "category": "VIDEO",
            "jpg_url": "https://iowadotsnapshot.us-east-1.skyvdn.com/thumbs/dqtv01lb.flv.jpg",
            "m3u8_url": "https://iowadotsfs1.us-east-1.skyvdn.com:443/rtplive/dqtv01lb/playlist.m3u8"
          }
        ]
      }
    },
    {
      "type": "Feature",
      "geometry": {
        "type": "Point",
        "coordinates": [
          -96.0787,
          42.4822
        ]
      },
      "properties": {
        "camera_uri": "camera/59545920",
        "title": "US 20: RWIS - US 20 MM 18 @ Moville",
        "jpg_urls": [
          "https://atmsqf.iowadot.gov/snapshots/public/RWIS/RWIS_41-01.JPG?1774927320000",
          "https://atmsqf.iowadot.gov/snapshots/public/RWIS/RWIS_41-00.JPG?1774927320000",
          "https://atmsqf.iowadot.gov/snapshots/public/RWIS/RWIS_41-02.JPG?1774927320000",
          "https://atmsqf.iowadot.gov/snapshots/public/RWIS/RWIS_41-04.JPG?1774927320000",
          "https://atmsqf.iowadot.gov/snapshots/public/RWIS/RWIS_41-03.JPG?1774927320000"
        ],
        "m3u8_urls": [],
        "views": [
          {
            "uri": "camera/59545920/1769815329",
            "category": "IMAGE",
            "jpg_url": "https://atmsqf.iowadot.gov/snapshots/public/RWIS/RWIS_41-01.JPG?1774927320000"
          },
          {
            "uri": "camera/59545920/2145618722",
            "category": "IMAGE",
            "jpg_url": "https://atmsqf.iowadot.gov/snapshots/public/RWIS/RWIS_41-00.JPG?1774927320000"
          },
          {
            "uri": "camera/59545920/2550263353",
            "category": "IMAGE",
            "jpg_url": "https://atmsqf.iowadot.gov/snapshots/public/RWIS/RWIS_41-02.JPG?1774927320000"
          },
          {
            "uri": "camera/59545920/3769672898",
            "category": "IMAGE",
            "jpg_url": "https://atmsqf.iowadot.gov/snapshots/public/RWIS/RWIS_41-04.JPG?1774927320000"
          },
          {
            "uri": "camera/59545920/356073419",
            "category": "IMAGE",
            "jpg_url": "https://atmsqf.iowadot.gov/snapshots/public/RWIS/RWIS_41-03.JPG?1774927320000"
          }
        ]
      }
    },
    {
      "type": "Feature",
      "geometry": {
        "type": "Point",
        "coordinates": [
          -93.0583,
          42.4534
        ]
      },
      "properties": {
        "camera_uri": "camera/59545716",
        "title": "US 20: RWIS - US 20 MM 181 @ Steamboat Rock",
        "jpg_urls": [
          "https://atmsqf.iowadot.gov/snapshots/public/RWIS/RWIS_50-03.JPG?1774927320000",
          "https://atmsqf.iowadot.gov/snapshots/public/RWIS/RWIS_50-04.JPG?1774927320000",
          "https://atmsqf.iowadot.gov/snapshots/public/RWIS/RWIS_50-01.JPG?1774927320000",
          "https://atmsqf.iowadot.gov/snapshots/public/RWIS/RWIS_50-02.JPG?1774927320000",
          "https://atmsqf.iowadot.gov/snapshots/public/RWIS/RWIS_50-05.JPG?1774927320000"
        ],
        "m3u8_urls": [],
        "views": [
          {
            "uri": "camera/59545716/788817392",
            "category": "IMAGE",
            "jpg_url": "https://atmsqf.iowadot.gov/snapshots/public/RWIS/RWIS_50-03.JPG?1774927320000"
          },
          {
            "uri": "camera/59545716/3050186976",
            "category": "IMAGE",
            "jpg_url": "https://atmsqf.iowadot.gov/snapshots/public/RWIS/RWIS_50-04.JPG?1774927320000"
          },
          {
            "uri": "camera/59545716/3297562959",
            "category": "IMAGE",
            "jpg_url": "https://atmsqf.iowadot.gov/snapshots/public/RWIS/RWIS_50-01.JPG?1774927320000"
          },
          {
            "uri": "camera/59545716/47950072",
            "category": "IMAGE",
            "jpg_url": "https://atmsqf.iowadot.gov/snapshots/public/RWIS/RWIS_50-02.JPG?1774927320000"
          },
          {
            "uri": "camera/59545716/2600503092",
            "category": "IMAGE",
            "jpg_url": "https://atmsqf.iowadot.gov/snapshots/public/RWIS/RWIS_50-05.JPG?1774927320000"
          }
        ]
      }
    },
    {
      "type": "Feature",
      "geometry": {
        "type": "Point",
        "coordinates": [
          -91.4473,
          42.471
        ]
      },
      "properties": {
        "camera_uri": "camera/59546206",
        "title": "US 20: RWIS - US 20 MM 277 @ Manchester",
        "jpg_urls": [
          "https://atmsqf.iowadot.gov/snapshots/public/RWIS/RWIS_27-02.JPG?1774927320000",
          "https://atmsqf.iowadot.gov/snapshots/public/RWIS/RWIS_27-03.JPG?1774927320000",
          "https://atmsqf.iowadot.gov/snapshots/public/RWIS/RWIS_27-00.JPG?1774927320000",
          "https://atmsqf.iowadot.gov/snapshots/public/RWIS/RWIS_27-01.JPG?1774927320000",
          "https://atmsqf.iowadot.gov/snapshots/public/RWIS/RWIS_27-04.JPG?1774927320000"
        ],
        "m3u8_urls": [],
        "views": [
          {
            "uri": "camera/59546206/3866697996",
            "category": "IMAGE",
            "jpg_url": "https://atmsqf.iowadot.gov/snapshots/public/RWIS/RWIS_27-02.JPG?1774927320000"
          },
          {
            "uri": "camera/59546206/3050177472",
            "category": "IMAGE",
            "jpg_url": "https://atmsqf.iowadot.gov/snapshots/public/RWIS/RWIS_27-03.JPG?1774927320000"
          },
          {
            "uri": "camera/59546206/3297568239",
            "category": "IMAGE",
            "jpg_url": "https://atmsqf.iowadot.gov/snapshots/public/RWIS/RWIS_27-00.JPG?1774927320000"
          },
          {
            "uri": "camera/59546206/47940568",
            "category": "IMAGE",
            "jpg_url": "https://atmsqf.iowadot.gov/snapshots/public/RWIS/RWIS_27-01.JPG?1774927320000"
          },
          {
            "uri": "camera/59546206/2995587214",
            "category": "IMAGE",
            "jpg_url": "https://atmsqf.iowadot.gov/snapshots/public/RWIS/RWIS_27-04.JPG?1774927320000"
          }
        ]
      }
    },
    {
      "type": "Feature",
      "geometry": {
        "type": "Point",
        "coordinates": [
          -90.731,
          42.49033
        ]
      },
      "properties": {
        "camera_uri": "camera/59546208",
        "title": "US 20: RWIS - US 20 MM 316 @ Dubuque",
        "jpg_urls": [
          "https://atmsqf.iowadot.gov/snapshots/public/RWIS/RWIS_20-03.JPG?1774927320000",
          "https://atmsqf.iowadot.gov/snapshots/public/RWIS/RWIS_20-00.JPG?1774927320000",
          "https://atmsqf.iowadot.gov/snapshots/public/RWIS/RWIS_20-02.JPG?1774927320000",
          "https://atmsqf.iowadot.gov/snapshots/public/RWIS/RWIS_20-01.JPG?1774927320000",
          "https://atmsqf.iowadot.gov/snapshots/public/RWIS/RWIS_20-05.JPG?1774927320000"
        ],
        "m3u8_urls": [],
        "views": [
          {
            "uri": "camera/59546208/400719265",
            "category": "IMAGE",
            "jpg_url": "https://atmsqf.iowadot.gov/snapshots/public/RWIS/RWIS_20-03.JPG?1774927320000"
          },
          {
            "uri": "camera/59546208/3866698891",
            "category": "IMAGE",
            "jpg_url": "https://atmsqf.iowadot.gov/snapshots/public/RWIS/RWIS_20-00.JPG?1774927320000"
          },
          {
            "uri": "camera/59546208/3050187079",
            "category": "IMAGE",
            "jpg_url": "https://atmsqf.iowadot.gov/snapshots/public/RWIS/RWIS_20-02.JPG?1774927320000"
          },
          {
            "uri": "camera/59546208/3047466284",
            "category": "IMAGE",
            "jpg_url": "https://atmsqf.iowadot.gov/snapshots/public/RWIS/RWIS_20-01.JPG?1774927320000"
          },
          {
            "uri": "camera/59546208/94181766",
            "category": "IMAGE",
            "jpg_url": "https://atmsqf.iowadot.gov/snapshots/public/RWIS/RWIS_20-05.JPG?1774927320000"
          }
        ]
      }
    },
    {
      "type": "Feature",
      "geometry": {
        "type": "Point",
        "coordinates": [
          -95.1476,
          42.4726
        ]
      },
      "properties": {
        "camera_uri": "camera/59545770",
        "title": "US 20: RWIS - US 20 MM 71.4 @ Early\n",
        "jpg_urls": [
          "https://atmsqf.iowadot.gov/snapshots/public/RWIS/RWIS_73-00.JPG?1774927320000",
          "https://atmsqf.iowadot.gov/snapshots/public/RWIS/RWIS_73-01.JPG?1774927320000",
          "https://atmsqf.iowadot.gov/snapshots/public/RWIS/RWIS_73-02.JPG?1774927320000",
          "https://atmsqf.iowadot.gov/snapshots/public/RWIS/RWIS_73-03.JPG?1774927320000"
        ],
        "m3u8_urls": [],
        "views": [
          {
            "uri": "camera/59545770/400722631",
            "category": "IMAGE",
            "jpg_url": "https://atmsqf.iowadot.gov/snapshots/public/RWIS/RWIS_73-00.JPG?1774927320000"
          },
          {
            "uri": "camera/59545770/2088210896",
            "category": "IMAGE",
            "jpg_url": "https://atmsqf.iowadot.gov/snapshots/public/RWIS/RWIS_73-01.JPG?1774927320000"
          },
          {
            "uri": "camera/59545770/389819665",
            "category": "IMAGE",
            "jpg_url": "https://atmsqf.iowadot.gov/snapshots/public/RWIS/RWIS_73-02.JPG?1774927320000"
          },
          {
            "uri": "camera/59545770/2099113606",
            "category": "IMAGE",
            "jpg_url": "https://atmsqf.iowadot.gov/snapshots/public/RWIS/RWIS_73-03.JPG?1774927320000"
          }
        ]
      }
    },
    {
      "type": "Feature",
      "geometry": {
        "type": "Point",
        "coordinates": [
          -94.67,
          42.4501
        ]
      },
      "properties": {
        "camera_uri": "camera/59546007",
        "title": "US 20: RWIS - US 20 MM 97 @ Rockwell City",
        "jpg_urls": [
          "https://atmsqf.iowadot.gov/snapshots/public/RWIS/RWIS_63-00.JPG?1774927320000",
          "https://atmsqf.iowadot.gov/snapshots/public/RWIS/RWIS_63-01.JPG?1774927320000",
          "https://atmsqf.iowadot.gov/snapshots/public/RWIS/RWIS_63-02.JPG?1774927320000",
          "https://atmsqf.iowadot.gov/snapshots/public/RWIS/RWIS_63-03.JPG?1774927320000",
          "https://atmsqf.iowadot.gov/snapshots/public/RWIS/RWIS_63-04.JPG?1774927320000"
        ],
        "m3u8_urls": [],
        "views": [
          {
            "uri": "camera/59546007/400722470",
            "category": "IMAGE",
            "jpg_url": "https://atmsqf.iowadot.gov/snapshots/public/RWIS/RWIS_63-00.JPG?1774927320000"
          },
          {
            "uri": "camera/59546007/1694977729",
            "category": "IMAGE",
            "jpg_url": "https://atmsqf.iowadot.gov/snapshots/public/RWIS/RWIS_63-01.JPG?1774927320000"
          },
          {
            "uri": "camera/59546007/2811235723",
            "category": "IMAGE",
            "jpg_url": "https://atmsqf.iowadot.gov/snapshots/public/RWIS/RWIS_63-02.JPG?1774927320000"
          },
          {
            "uri": "camera/59546007/3050181696",
            "category": "IMAGE",
            "jpg_url": "https://atmsqf.iowadot.gov/snapshots/public/RWIS/RWIS_63-03.JPG?1774927320000"
          },
          {
            "uri": "camera/59546007/3297564015",
            "category": "IMAGE",
            "jpg_url": "https://atmsqf.iowadot.gov/snapshots/public/RWIS/RWIS_63-04.JPG?1774927320000"
          }
        ]
      }
    },
    {
      "type": "Feature",
      "geometry": {
        "type": "Point",
        "coordinates": [
          -96.33843,
          42.44458
        ]
      },
      "properties": {
        "camera_uri": "camera/59546433",
        "title": "US 20: SC - US 20 @ Christy (15)",
        "jpg_urls": [
          "https://iowadotsnapshot.us-east-1.skyvdn.com/thumbs/sctv15lb.flv.jpg"
        ],
        "m3u8_urls": [
          "https://iowadotsfs2.us-east-1.skyvdn.com:443/rtplive/sctv15lb/playlist.m3u8"
        ],
        "views": [
          {
            "uri": "camera/59546433/627917687",
            "category": "VIDEO",
            "jpg_url": "https://iowadotsnapshot.us-east-1.skyvdn.com/thumbs/sctv15lb.flv.jpg",
            "m3u8_url": "https://iowadotsfs2.us-east-1.skyvdn.com:443/rtplive/sctv15lb/playlist.m3u8"
          }
        ]
      }
    },
    {
      "type": "Feature",
      "geometry": {
        "type": "Point",
        "coordinates": [
          -96.32347,
          42.47523
        ]
      },
      "properties": {
        "camera_uri": "camera/59546373",
        "title": "US 20: SC - US 20 @ Gordon (18)",
        "jpg_urls": [
          "https://iowadotsnapshot.us-east-1.skyvdn.com/thumbs/sctv18lb.flv.jpg"
        ],
        "m3u8_urls": [
          "https://iowadotsfs2.us-east-1.skyvdn.com:443/rtplive/sctv18lb/playlist.m3u8"
        ],
        "views": [
          {
            "uri": "camera/59546373/3019901803",
            "category": "VIDEO",
            "jpg_url": "https://iowadotsnapshot.us-east-1.skyvdn.com/thumbs/sctv18lb.flv.jpg",
            "m3u8_url": "https://iowadotsfs2.us-east-1.skyvdn.com:443/rtplive/sctv18lb/playlist.m3u8"
          }
        ]
      }
    },
    {
      "type": "Feature",
      "geometry": {
        "type": "Point",
        "coordinates": [
          -96.34742,
          42.44334
        ]
      },
      "properties": {
        "camera_uri": "camera/59546086",
        "title": "US 20: SC - US 20 @ Lakeport (14)",
        "jpg_urls": [
          "https://iowadotsnapshot.us-east-1.skyvdn.com/thumbs/sctv14lb.flv.jpg"
        ],
        "m3u8_urls": [
          "https://iowadotsfs2.us-east-1.skyvdn.com:443/rtplive/sctv14lb/playlist.m3u8"
        ],
        "views": [
          {
            "uri": "camera/59546086/2053441730",
            "category": "VIDEO",
            "jpg_url": "https://iowadotsnapshot.us-east-1.skyvdn.com/thumbs/sctv14lb.flv.jpg",
            "m3u8_url": "https://iowadotsfs2.us-east-1.skyvdn.com:443/rtplive/sctv14lb/playlist.m3u8"
          }
        ]
      }
    },
    {
      "type": "Feature",
      "geometry": {
        "type": "Point",
        "coordinates": [
          -96.32759,
          42.46003
        ]
      },
      "properties": {
        "camera_uri": "camera/59545904",
        "title": "US 20: SC - US 20 @ Morningside (17)",
        "jpg_urls": [
          "https://iowadotsnapshot.us-east-1.skyvdn.com/thumbs/sctv17lb.flv.jpg"
        ],
        "m3u8_urls": [
          "https://iowadotsfs2.us-east-1.skyvdn.com:443/rtplive/sctv17lb/playlist.m3u8"
        ],
        "views": [
          {
            "uri": "camera/59545904/2571334398",
            "category": "VIDEO",
            "jpg_url": "https://iowadotsnapshot.us-east-1.skyvdn.com/thumbs/sctv17lb.flv.jpg",
            "m3u8_url": "https://iowadotsfs2.us-east-1.skyvdn.com:443/rtplive/sctv17lb/playlist.m3u8"
          }
        ]
      }
    },
    {
      "type": "Feature",
      "geometry": {
        "type": "Point",
        "coordinates": [
          -96.33437,
          42.45379
        ]
      },
      "properties": {
        "camera_uri": "camera/59546024",
        "title": "US 20: SC - US 20 @ Sunnybrook (16)",
        "jpg_urls": [
          "https://iowadotsnapshot.us-east-1.skyvdn.com/thumbs/sctv16lb.flv.jpg"
        ],
        "m3u8_urls": [
          "https://iowadotsfs2.us-east-1.skyvdn.com:443/rtplive/sctv16lb/playlist.m3u8"
        ],
        "views": [
          {
            "uri": "camera/59546024/2253506014",
            "category": "VIDEO",
            "jpg_url": "https://iowadotsnapshot.us-east-1.skyvdn.com/thumbs/sctv16lb.flv.jpg",
            "m3u8_url": "https://iowadotsfs2.us-east-1.skyvdn.com:443/rtplive/sctv16lb/playlist.m3u8"
          }
        ]
      }
    },
    {
      "type": "Feature",
      "geometry": {
        "type": "Point",
        "coordinates": [
          -92.37637,
          42.45398
        ]
      },
      "properties": {
        "camera_uri": "camera/59546130",
        "title": "US 20: WL - US 20 @ Ansborough (01)",
        "jpg_urls": [
          "https://iowadotsnapshot.us-east-1.skyvdn.com/thumbs/wltv01lb.flv.jpg"
        ],
        "m3u8_urls": [
          "https://iowadotsfs2.us-east-1.skyvdn.com:443/rtplive/wltv01lb/playlist.m3u8"
        ],
        "views": [
          {
            "uri": "camera/59546130/2985412097",
            "category": "VIDEO",
            "jpg_url": "https://iowadotsnapshot.us-east-1.skyvdn.com/thumbs/wltv01lb.flv.jpg",
            "m3u8_url": "https://iowadotsfs2.us-east-1.skyvdn.com:443/rtplive/wltv01lb/playlist.m3u8"
          }
        ]
      }
    },
    {
      "type": "Feature",
      "geometry": {
        "type": "Point",
        "coordinates": [
          -92.33685,
          42.45233
        ]
      },
      "properties": {
        "camera_uri": "camera/59545677",
        "title": "US 20: WL - US 20 @ Hammond (03)",
        "jpg_urls": [
          "https://iowadotsnapshot.us-east-1.skyvdn.com/thumbs/wltv03lb.flv.jpg"
        ],
        "m3u8_urls": [
          "https://iowadotsfs2.us-east-1.skyvdn.com:443/rtplive/wltv03lb/playlist.m3u8"
        ],
        "views": [
          {
            "uri": "camera/59545677/3602133945",
            "category": "VIDEO",
            "jpg_url": "https://iowadotsnapshot.us-east-1.skyvdn.com/thumbs/wltv03lb.flv.jpg",
            "m3u8_url": "https://iowadotsfs2.us-east-1.skyvdn.com:443/rtplive/wltv03lb/playlist.m3u8"
          }
        ]
      }
    },
    {
      "type": "Feature",
      "geometry": {
        "type": "Point",
        "coordinates": [
          -92.34657,
          42.45437
        ]
      },
      "properties": {
        "camera_uri": "camera/59545743",
        "title": "US 20: WL - US 20 @ Hawkeye Road (02)",
        "jpg_urls": [
          "https://iowadotsnapshot.us-east-1.skyvdn.com/thumbs/wltv02lb.flv.jpg"
        ],
        "m3u8_urls": [
          "https://iowadotsfs2.us-east-1.skyvdn.com:443/rtplive/wltv02lb/playlist.m3u8"
        ],
        "views": [
          {
            "uri": "camera/59545743/502816320",
            "category": "VIDEO",
            "jpg_url": "https://iowadotsnapshot.us-east-1.skyvdn.com/thumbs/wltv02lb.flv.jpg",
            "m3u8_url": "https://iowadotsfs2.us-east-1.skyvdn.com:443/rtplive/wltv02lb/playlist.m3u8"
          }
        ]
      }
    },
    {
      "type": "Feature",
      "geometry": {
        "type": "Point",
        "coordinates": [
          -92.16201,
          42.45128
        ]
      },
      "properties": {
        "camera_uri": "camera/59545959",
        "title": "US 20: WL - US 20 @ S. Canfield Road (18)",
        "jpg_urls": [
          "https://iowadotsnapshot.us-east-1.skyvdn.com/thumbs/wltv18lb.flv.jpg"
        ],
        "m3u8_urls": [
          "https://iowadotsfs2.us-east-1.skyvdn.com:443/rtplive/wltv18lb/playlist.m3u8"
        ],
        "views": [
          {
            "uri": "camera/59545959/2413021460",
            "category": "VIDEO",
            "jpg_url": "https://iowadotsnapshot.us-east-1.skyvdn.com/thumbs/wltv18lb.flv.jpg",
            "m3u8_url": "https://iowadotsfs2.us-east-1.skyvdn.com:443/rtplive/wltv18lb/playlist.m3u8"
          }
        ]
      }
    },
    {
      "type": "Feature",
      "geometry": {
        "type": "Point",
        "coordinates": [
          -92.40425,
          42.45856
        ]
      },
      "properties": {
        "camera_uri": "camera/59546196",
        "title": "US 20: WL - US 20 @ US 63 (28)",
        "jpg_urls": [
          "https://iowadotsnapshot.us-east-1.skyvdn.com/thumbs/wltv28lb.flv.jpg"
        ],
        "m3u8_urls": [
          "https://iowadotsfs2.us-east-1.skyvdn.com:443/rtplive/wltv28lb/playlist.m3u8"
        ],
        "views": [
          {
            "uri": "camera/59546196/2845492671",
            "category": "VIDEO",
            "jpg_url": "https://iowadotsnapshot.us-east-1.skyvdn.com/thumbs/wltv28lb.flv.jpg",
            "m3u8_url": "https://iowadotsfs2.us-east-1.skyvdn.com:443/rtplive/wltv28lb/playlist.m3u8"
          }
        ]
      }
    },
    {
      "type": "Feature",
      "geometry": {
        "type": "Point",
        "coordinates": [
          -96.07593,
          42.48262
        ]
      },
      "properties": {
        "camera_uri": "camera/59545966",
        "title": "US 20: WWD - US 20 @ IA 140 (TT05)",
        "jpg_urls": [
          "https://atmsqf.iowadot.gov/snapshots/Public/WWD/WWDDMTT05.jpg?1774927320000"
        ],
        "m3u8_urls": [],
        "views": [
          {
            "uri": "camera/59545966/2349821361",
            "category": "IMAGE",
            "jpg_url": "https://atmsqf.iowadot.gov/snapshots/Public/WWD/WWDDMTT05.jpg?1774927320000"
          }
        ]
      }
    },
    {
      "type": "Feature",
      "geometry": {
        "type": "Point",
        "coordinates": [
          -94.09223,
          42.44917
        ]
      },
      "properties": {
        "camera_uri": "camera/59546332",
        "title": "US 20: WWD - US 20 @ Poplar Ave (64)",
        "jpg_urls": [
          "https://iowadotsnapshot.us-east-1.skyvdn.com/thumbs/wwdtv064lb.flv.jpg"
        ],
        "m3u8_urls": [
          "https://iowadotsfs1.us-east-1.skyvdn.com:443/rtplive/wwdtv064lb/playlist.m3u8"
        ],
        "views": [
          {
            "uri": "camera/59546332/1416044521",
            "category": "VIDEO",
            "jpg_url": "https://iowadotsnapshot.us-east-1.skyvdn.com/thumbs/wwdtv064lb.flv.jpg",
            "m3u8_url": "https://iowadotsfs1.us-east-1.skyvdn.com:443/rtplive/wwdtv064lb/playlist.m3u8"
          }
        ]
      }
    },
    {
      "type": "Feature",
      "geometry": {
        "type": "Point",
        "coordinates": [
          -91.14566,
          42.4724
        ]
      },
      "properties": {
        "camera_uri": "camera/59545818",
        "title": "US 20: WWD - US 20 @ X49 near Dyersville (62)",
        "jpg_urls": [
          "https://atmsqf.iowadot.gov/snapshots/Public/WWD/WWD62.jpg?1774927320000"
        ],
        "m3u8_urls": [],
        "views": [
          {
            "uri": "camera/59545818/3742851683",
            "category": "IMAGE",
            "jpg_url": "https://atmsqf.iowadot.gov/snapshots/Public/WWD/WWD62.jpg?1774927320000"
          }
        ]
      }
    },
    {
      "type": "Feature",
      "geometry": {
        "type": "Point",
        "coordinates": [
          -91.55166,
          41.48663
        ]
      },
      "properties": {
        "camera_uri": "camera/59545998",
        "title": "US 218: D5 - US 218 @ MM 80.9 near Riverside (D5TV01)",
        "jpg_urls": [
          "https://atmsqf.iowadot.gov/snapshots/Public/Rural/D5TV01.jpg?1774927320000"
        ],
        "m3u8_urls": [],
        "views": [
          {
            "uri": "camera/59545998/3240841425",
            "category": "IMAGE",
            "jpg_url": "https://atmsqf.iowadot.gov/snapshots/Public/Rural/D5TV01.jpg?1774927320000"
          }
        ]
      }
    },
    {
      "type": "Feature",
      "geometry": {
        "type": "Point",
        "coordinates": [
          -91.56744,
          41.63357
        ]
      },
      "properties": {
        "camera_uri": "camera/59546018",
        "title": "US 218: IC - US 218 @ IA 1 (11)",
        "jpg_urls": [
          "https://iowadotsnapshot.us-east-1.skyvdn.com/thumbs/ictv11lb.flv.jpg"
        ],
        "m3u8_urls": [
          "https://iowadotsfs1.us-east-1.skyvdn.com:443/rtplive/ictv11lb/playlist.m3u8"
        ],
        "views": [
          {
            "uri": "camera/59546018/1434507207",
            "category": "VIDEO",
            "jpg_url": "https://iowadotsnapshot.us-east-1.skyvdn.com/thumbs/ictv11lb.flv.jpg",
            "m3u8_url": "https://iowadotsfs1.us-east-1.skyvdn.com:443/rtplive/ictv11lb/playlist.m3u8"
          }
        ]
      }
    },
    {
      "type": "Feature",
      "geometry": {
        "type": "Point",
        "coordinates": [
          -91.59832,
          41.65707
        ]
      },
      "properties": {
        "camera_uri": "camera/59546313",
        "title": "US 218: IC - US 218 @ Melrose (12)",
        "jpg_urls": [
          "https://iowadotsnapshot.us-east-1.skyvdn.com/thumbs/ictv12lb.flv.jpg"
        ],
        "m3u8_urls": [
          "https://iowadotsfs1.us-east-1.skyvdn.com:443/rtplive/ictv12lb/playlist.m3u8"
        ],
        "views": [
          {
            "uri": "camera/59546313/1974441234",
            "category": "VIDEO",
            "jpg_url": "https://iowadotsnapshot.us-east-1.skyvdn.com/thumbs/ictv12lb.flv.jpg",
            "m3u8_url": "https://iowadotsfs1.us-east-1.skyvdn.com:443/rtplive/ictv12lb/playlist.m3u8"
          }
        ]
      }
    },
    {
      "type": "Feature",
      "geometry": {
        "type": "Point",
        "coordinates": [
          -91.61036,
          41.66638
        ]
      },
      "properties": {
        "camera_uri": "camera/59546202",
        "title": "US 218: IC - US 218 @ Melrose DMS (25)",
        "jpg_urls": [
          "https://iowadotsnapshot.us-east-1.skyvdn.com/thumbs/ictv25lb.flv.jpg"
        ],
        "m3u8_urls": [
          "https://iowadotsfs1.us-east-1.skyvdn.com:443/rtplive/ictv25lb/playlist.m3u8"
        ],
        "views": [
          {
            "uri": "camera/59546202/1909523372",
            "category": "VIDEO",
            "jpg_url": "https://iowadotsnapshot.us-east-1.skyvdn.com/thumbs/ictv25lb.flv.jpg",
            "m3u8_url": "https://iowadotsfs1.us-east-1.skyvdn.com:443/rtplive/ictv25lb/playlist.m3u8"
          }
        ]
      }
    },
    {
      "type": "Feature",
      "geometry": {
        "type": "Point",
        "coordinates": [
          -91.63458,
          41.68683
        ]
      },
      "properties": {
        "camera_uri": "camera/59546359",
        "title": "US 218: IC - US 218 @ South of I-80 (34)",
        "jpg_urls": [
          "https://iowadotsnapshot.us-east-1.skyvdn.com/thumbs/ictv34lb.flv.jpg"
        ],
        "m3u8_urls": [
          "https://iowadotsfs1.us-east-1.skyvdn.com:443/rtplive/ictv34lb/playlist.m3u8"
        ],
        "views": [
          {
            "uri": "camera/59546359/2861879273",
            "category": "VIDEO",
            "jpg_url": "https://iowadotsnapshot.us-east-1.skyvdn.com/thumbs/ictv34lb.flv.jpg",
            "m3u8_url": "https://iowadotsfs1.us-east-1.skyvdn.com:443/rtplive/ictv34lb/playlist.m3u8"
          }
        ]
      }
    },
    {
      "type": "Feature",
      "geometry": {
        "type": "Point",
        "coordinates": [
          -91.63469,
          41.69232
        ]
      },
      "properties": {
        "camera_uri": "camera/59546413",
        "title": "US 218: IC - US 218 NB Ramp to I-80 (32)",
        "jpg_urls": [
          "https://iowadotsnapshot.us-east-1.skyvdn.com/thumbs/ictv32lb.flv.jpg"
        ],
        "m3u8_urls": [
          "https://iowadotsfs1.us-east-1.skyvdn.com:443/rtplive/ictv32lb/playlist.m3u8"
        ],
        "views": [
          {
            "uri": "camera/59546413/3543853994",
            "category": "VIDEO",
            "jpg_url": "https://iowadotsnapshot.us-east-1.skyvdn.com/thumbs/ictv32lb.flv.jpg",
            "m3u8_url": "https://iowadotsfs1.us-east-1.skyvdn.com:443/rtplive/ictv32lb/playlist.m3u8"
          }
        ]
      }
    },
    {
      "type": "Feature",
      "geometry": {
        "type": "Point",
        "coordinates": [
          -92.5371,
          42.8332
        ]
      },
      "properties": {
        "camera_uri": "camera/59545745",
        "title": "US 218: RWIS - US 218 MM 211 @ Plainfield",
        "jpg_urls": [
          "https://atmsqf.iowadot.gov/snapshots/public/RWIS/RWIS_58-03.JPG?1774927320000",
          "https://atmsqf.iowadot.gov/snapshots/public/RWIS/RWIS_58-00.JPG?1774927320000",
          "https://atmsqf.iowadot.gov/snapshots/public/RWIS/RWIS_58-02.JPG?1774927320000",
          "https://atmsqf.iowadot.gov/snapshots/public/RWIS/RWIS_58-04.JPG?1774927320000",
          "https://atmsqf.iowadot.gov/snapshots/public/RWIS/RWIS_58-01.JPG?1774927320000"
        ],
        "m3u8_urls": [],
        "views": [
          {
            "uri": "camera/59545745/788826104",
            "category": "IMAGE",
            "jpg_url": "https://atmsqf.iowadot.gov/snapshots/public/RWIS/RWIS_58-03.JPG?1774927320000"
          },
          {
            "uri": "camera/59545745/2745523537",
            "category": "IMAGE",
            "jpg_url": "https://atmsqf.iowadot.gov/snapshots/public/RWIS/RWIS_58-00.JPG?1774927320000"
          },
          {
            "uri": "camera/59545745/3180373102",
            "category": "IMAGE",
            "jpg_url": "https://atmsqf.iowadot.gov/snapshots/public/RWIS/RWIS_58-02.JPG?1774927320000"
          },
          {
            "uri": "camera/59545745/2009114693",
            "category": "IMAGE",
            "jpg_url": "https://atmsqf.iowadot.gov/snapshots/public/RWIS/RWIS_58-04.JPG?1774927320000"
          },
          {
            "uri": "camera/59545745/3500270835",
            "category": "IMAGE",
            "jpg_url": "https://atmsqf.iowadot.gov/snapshots/public/RWIS/RWIS_58-01.JPG?1774927320000"
          }
        ]
      }
    },
    {
      "type": "Feature",
      "geometry": {
        "type": "Point",
        "coordinates": [
          -91.5555,
          40.89567
        ]
      },
      "properties": {
        "camera_uri": "camera/59546311",
        "title": "US 218: RWIS - US 218 MM 37 @ Mount Pleasant",
        "jpg_urls": [
          "https://atmsqf.iowadot.gov/snapshots/public/RWIS/RWIS_32-02.JPG?1774927320000",
          "https://atmsqf.iowadot.gov/snapshots/public/RWIS/RWIS_32-01.JPG?1774927320000",
          "https://atmsqf.iowadot.gov/snapshots/public/RWIS/RWIS_32-00.JPG?1774927320000",
          "https://atmsqf.iowadot.gov/snapshots/public/RWIS/RWIS_32-03.JPG?1774927320000",
          "https://atmsqf.iowadot.gov/snapshots/public/RWIS/RWIS_32-04.JPG?1774927320000"
        ],
        "m3u8_urls": [],
        "views": [
          {
            "uri": "camera/59546311/940675421",
            "category": "IMAGE",
            "jpg_url": "https://atmsqf.iowadot.gov/snapshots/public/RWIS/RWIS_32-02.JPG?1774927320000"
          },
          {
            "uri": "camera/59546311/3787309470",
            "category": "IMAGE",
            "jpg_url": "https://atmsqf.iowadot.gov/snapshots/public/RWIS/RWIS_32-01.JPG?1774927320000"
          },
          {
            "uri": "camera/59546311/2009121033",
            "category": "IMAGE",
            "jpg_url": "https://atmsqf.iowadot.gov/snapshots/public/RWIS/RWIS_32-00.JPG?1774927320000"
          },
          {
            "uri": "camera/59546311/627122116",
            "category": "IMAGE",
            "jpg_url": "https://atmsqf.iowadot.gov/snapshots/public/RWIS/RWIS_32-03.JPG?1774927320000"
          },
          {
            "uri": "camera/59546311/389818836",
            "category": "IMAGE",
            "jpg_url": "https://atmsqf.iowadot.gov/snapshots/public/RWIS/RWIS_32-04.JPG?1774927320000"
          }
        ]
      }
    },
    {
      "type": "Feature",
      "geometry": {
        "type": "Point",
        "coordinates": [
          -91.5525,
          41.4874
        ]
      },
      "properties": {
        "camera_uri": "camera/59546434",
        "title": "US 218: RWIS - US 218 MM 44 @ Riverside (mini)",
        "jpg_urls": [
          "https://atmsqf.iowadot.gov/snapshots/Public/RWIS/RWIS_87-01.jpg?1774927320000"
        ],
        "m3u8_urls": [],
        "views": [
          {
            "uri": "camera/59546434/444333955",
            "category": "IMAGE",
            "jpg_url": "https://atmsqf.iowadot.gov/snapshots/Public/RWIS/RWIS_87-01.jpg?1774927320000"
          }
        ]
      }
    },
    {
      "type": "Feature",
      "geometry": {
        "type": "Point",
        "coordinates": [
          -91.5408,
          41.1425
        ]
      },
      "properties": {
        "camera_uri": "camera/59546015",
        "title": "US 218: RWIS - US 218 MM 57 @ Olds (mini)",
        "jpg_urls": [
          "https://atmsqf.iowadot.gov/snapshots/Public/RWIS/RWIS_89-01.jpg?1774927320000"
        ],
        "m3u8_urls": [],
        "views": [
          {
            "uri": "camera/59546015/3577211000",
            "category": "IMAGE",
            "jpg_url": "https://atmsqf.iowadot.gov/snapshots/Public/RWIS/RWIS_89-01.jpg?1774927320000"
          }
        ]
      }
    },
    {
      "type": "Feature",
      "geometry": {
        "type": "Point",
        "coordinates": [
          -92.0278,
          41.9641
        ]
      },
      "properties": {
        "camera_uri": "camera/59546051",
        "title": "US 218: RWIS - US 218 S MM 135 @ Van Horne",
        "jpg_urls": [
          "https://atmsqf.iowadot.gov/snapshots/Public/RWIS/RWIS_78-06.jpg?1774927320000",
          "https://atmsqf.iowadot.gov/snapshots/Public/RWIS/RWIS_78-07.jpg?1774927320000",
          "https://atmsqf.iowadot.gov/snapshots/Public/RWIS/RWIS_78-04.jpg?1774927320000",
          "https://atmsqf.iowadot.gov/snapshots/Public/RWIS/RWIS_78-03.jpg?1774927320000",
          "https://atmsqf.iowadot.gov/snapshots/Public/RWIS/RWIS_78-05.jpg?1774927320000"
        ],
        "m3u8_urls": [],
        "views": [
          {
            "uri": "camera/59546051/2558875521",
            "category": "IMAGE",
            "jpg_url": "https://atmsqf.iowadot.gov/snapshots/Public/RWIS/RWIS_78-06.jpg?1774927320000"
          },
          {
            "uri": "camera/59546051/400728076",
            "category": "IMAGE",
            "jpg_url": "https://atmsqf.iowadot.gov/snapshots/Public/RWIS/RWIS_78-07.jpg?1774927320000"
          },
          {
            "uri": "camera/59546051/2222685120",
            "category": "IMAGE",
            "jpg_url": "https://atmsqf.iowadot.gov/snapshots/Public/RWIS/RWIS_78-04.jpg?1774927320000"
          },
          {
            "uri": "camera/59546051/3787298576",
            "category": "IMAGE",
            "jpg_url": "https://atmsqf.iowadot.gov/snapshots/Public/RWIS/RWIS_78-03.jpg?1774927320000"
          },
          {
            "uri": "camera/59546051/3467733799",
            "category": "IMAGE",
            "jpg_url": "https://atmsqf.iowadot.gov/snapshots/Public/RWIS/RWIS_78-05.jpg?1774927320000"
          }
        ]
      }
    },
    {
      "type": "Feature",
      "geometry": {
        "type": "Point",
        "coordinates": [
          -92.32338,
          42.48131
        ]
      },
      "properties": {
        "camera_uri": "camera/59545728",
        "title": "US 218: WL - US 218 @ Hawthorn (22)",
        "jpg_urls": [
          "https://iowadotsnapshot.us-east-1.skyvdn.com/thumbs/wltv22lb.flv.jpg"
        ],
        "m3u8_urls": [
          "https://iowadotsfs2.us-east-1.skyvdn.com:443/rtplive/wltv22lb/playlist.m3u8"
        ],
        "views": [
          {
            "uri": "camera/59545728/189024254",
            "category": "VIDEO",
            "jpg_url": "https://iowadotsnapshot.us-east-1.skyvdn.com/thumbs/wltv22lb.flv.jpg",
            "m3u8_url": "https://iowadotsfs2.us-east-1.skyvdn.com:443/rtplive/wltv22lb/playlist.m3u8"
          }
        ]
      }
    },
    {
      "type": "Feature",
      "geometry": {
        "type": "Point",
        "coordinates": [
          -92.31253,
          42.45396
        ]
      },
      "properties": {
        "camera_uri": "camera/59545853",
        "title": "US 218: WL - US 218 @ SB Ramp to I-380 SB (04)",
        "jpg_urls": [
          "https://iowadotsnapshot.us-east-1.skyvdn.com/thumbs/wltv04lb.flv.jpg"
        ],
        "m3u8_urls": [
          "https://iowadotsfs2.us-east-1.skyvdn.com:443/rtplive/wltv04lb/playlist.m3u8"
        ],
        "views": [
          {
            "uri": "camera/59545853/1152344321",
            "category": "VIDEO",
            "jpg_url": "https://iowadotsnapshot.us-east-1.skyvdn.com/thumbs/wltv04lb.flv.jpg",
            "m3u8_url": "https://iowadotsfs2.us-east-1.skyvdn.com:443/rtplive/wltv04lb/playlist.m3u8"
          }
        ]
      }
    },
    {
      "type": "Feature",
      "geometry": {
        "type": "Point",
        "coordinates": [
          -92.36242,
          42.49989
        ]
      },
      "properties": {
        "camera_uri": "camera/59546247",
        "title": "US 218: WL - US 218 @ Sergeant Rd (27)",
        "jpg_urls": [
          "https://iowadotsnapshot.us-east-1.skyvdn.com/thumbs/wltv27lb.flv.jpg"
        ],
        "m3u8_urls": [
          "https://iowadotsfs2.us-east-1.skyvdn.com:443/rtplive/wltv27lb/playlist.m3u8"
        ],
        "views": [
          {
            "uri": "camera/59546247/2062931649",
            "category": "VIDEO",
            "jpg_url": "https://iowadotsnapshot.us-east-1.skyvdn.com/thumbs/wltv27lb.flv.jpg",
            "m3u8_url": "https://iowadotsfs2.us-east-1.skyvdn.com:443/rtplive/wltv27lb/playlist.m3u8"
          }
        ]
      }
    },
    {
      "type": "Feature",
      "geometry": {
        "type": "Point",
        "coordinates": [
          -92.33465,
          42.48855
        ]
      },
      "properties": {
        "camera_uri": "camera/59546033",
        "title": "US 218: WL - US 218 @ W 11th St (24)",
        "jpg_urls": [
          "https://iowadotsnapshot.us-east-1.skyvdn.com/thumbs/wltv24lb.flv.jpg"
        ],
        "m3u8_urls": [
          "https://iowadotsfs2.us-east-1.skyvdn.com:443/rtplive/wltv24lb/playlist.m3u8"
        ],
        "views": [
          {
            "uri": "camera/59546033/1583267685",
            "category": "VIDEO",
            "jpg_url": "https://iowadotsnapshot.us-east-1.skyvdn.com/thumbs/wltv24lb.flv.jpg",
            "m3u8_url": "https://iowadotsfs2.us-east-1.skyvdn.com:443/rtplive/wltv24lb/playlist.m3u8"
          }
        ]
      }
    },
    {
      "type": "Feature",
      "geometry": {
        "type": "Point",
        "coordinates": [
          -92.34605,
          42.49611
        ]
      },
      "properties": {
        "camera_uri": "camera/59545993",
        "title": "US 218: WL - US 218 @ W 1st St (26)",
        "jpg_urls": [
          "https://iowadotsnapshot.us-east-1.skyvdn.com/thumbs/wltv26lb.flv.jpg"
        ],
        "m3u8_urls": [
          "https://iowadotsfs2.us-east-1.skyvdn.com:443/rtplive/wltv26lb/playlist.m3u8"
        ],
        "views": [
          {
            "uri": "camera/59545993/1463355309",
            "category": "VIDEO",
            "jpg_url": "https://iowadotsnapshot.us-east-1.skyvdn.com/thumbs/wltv26lb.flv.jpg",
            "m3u8_url": "https://iowadotsfs2.us-east-1.skyvdn.com:443/rtplive/wltv26lb/playlist.m3u8"
          }
        ]
      }
    },
    {
      "type": "Feature",
      "geometry": {
        "type": "Point",
        "coordinates": [
          -92.33946,
          42.49171
        ]
      },
      "properties": {
        "camera_uri": "camera/59545833",
        "title": "US 218: WL - US 218 @ W 6th St (25)",
        "jpg_urls": [
          "https://iowadotsnapshot.us-east-1.skyvdn.com/thumbs/wltv25lb.flv.jpg"
        ],
        "m3u8_urls": [
          "https://iowadotsfs1.us-east-1.skyvdn.com:443/rtplive/wltv25lb/playlist.m3u8"
        ],
        "views": [
          {
            "uri": "camera/59545833/4275480050",
            "category": "VIDEO",
            "jpg_url": "https://iowadotsnapshot.us-east-1.skyvdn.com/thumbs/wltv25lb.flv.jpg",
            "m3u8_url": "https://iowadotsfs1.us-east-1.skyvdn.com:443/rtplive/wltv25lb/playlist.m3u8"
          }
        ]
      }
    },
    {
      "type": "Feature",
      "geometry": {
        "type": "Point",
        "coordinates": [
          -92.32861,
          42.48374
        ]
      },
      "properties": {
        "camera_uri": "camera/59545982",
        "title": "US 218: WL - US 218 @ Williston Rd (23)",
        "jpg_urls": [
          "https://iowadotsnapshot.us-east-1.skyvdn.com/thumbs/wltv23lb.flv.jpg"
        ],
        "m3u8_urls": [
          "https://iowadotsfs2.us-east-1.skyvdn.com:443/rtplive/wltv23lb/playlist.m3u8"
        ],
        "views": [
          {
            "uri": "camera/59545982/3804311497",
            "category": "VIDEO",
            "jpg_url": "https://iowadotsnapshot.us-east-1.skyvdn.com/thumbs/wltv23lb.flv.jpg",
            "m3u8_url": "https://iowadotsfs2.us-east-1.skyvdn.com:443/rtplive/wltv23lb/playlist.m3u8"
          }
        ]
      }
    },
    {
      "type": "Feature",
      "geometry": {
        "type": "Point",
        "coordinates": [
          -92.45288,
          42.64922
        ]
      },
      "properties": {
        "camera_uri": "camera/59545962",
        "title": "US 218: WWD - US 218 @ Barrick Rd in Janesville W (44)",
        "jpg_urls": [
          "https://atmsqf.iowadot.gov/snapshots/Public/WWD/WWD44.jpg?1774927320000"
        ],
        "m3u8_urls": [],
        "views": [
          {
            "uri": "camera/59545962/1167665917",
            "category": "IMAGE",
            "jpg_url": "https://atmsqf.iowadot.gov/snapshots/Public/WWD/WWD44.jpg?1774927320000"
          }
        ]
      }
    },
    {
      "type": "Feature",
      "geometry": {
        "type": "Point",
        "coordinates": [
          -91.5579,
          40.63912
        ]
      },
      "properties": {
        "camera_uri": "camera/59546257",
        "title": "US 218: WWD - US 218 @ IA 2 near Donnellson (41)",
        "jpg_urls": [
          "https://atmsqf.iowadot.gov/snapshots/Public/WWD/WWD41.jpg?1774927320000"
        ],
        "m3u8_urls": [],
        "views": [
          {
            "uri": "camera/59546257/976365067",
            "category": "IMAGE",
            "jpg_url": "https://atmsqf.iowadot.gov/snapshots/Public/WWD/WWD41.jpg?1774927320000"
          }
        ]
      }
    },
    {
      "type": "Feature",
      "geometry": {
        "type": "Point",
        "coordinates": [
          -95.86106,
          41.22012
        ]
      },
      "properties": {
        "camera_uri": "camera/59545667",
        "title": "US 275: CB - US 275 @ 11th Street (27)",
        "jpg_urls": [
          "https://iowadotsnapshot.us-east-1.skyvdn.com/thumbs/cbtv27lb.flv.jpg"
        ],
        "m3u8_urls": [
          "https://iowadotsfs1.us-east-1.skyvdn.com:443/rtplive/cbtv27lb/playlist.m3u8"
        ],
        "views": [
          {
            "uri": "camera/59545667/2912648614",
            "category": "VIDEO",
            "jpg_url": "https://iowadotsnapshot.us-east-1.skyvdn.com/thumbs/cbtv27lb.flv.jpg",
            "m3u8_url": "https://iowadotsfs1.us-east-1.skyvdn.com:443/rtplive/cbtv27lb/playlist.m3u8"
          }
        ]
      }
    },
    {
      "type": "Feature",
      "geometry": {
        "type": "Point",
        "coordinates": [
          -95.87955,
          41.21886
        ]
      },
      "properties": {
        "camera_uri": "camera/59545953",
        "title": "US 275: CB - US 275 @ 24th Street (26)",
        "jpg_urls": [
          "https://iowadotsnapshot.us-east-1.skyvdn.com/thumbs/cbtv26lb.flv.jpg"
        ],
        "m3u8_urls": [
          "https://iowadotsfs1.us-east-1.skyvdn.com:443/rtplive/cbtv26lb/playlist.m3u8"
        ],
        "views": [
          {
            "uri": "camera/59545953/1823617537",
            "category": "VIDEO",
            "jpg_url": "https://iowadotsnapshot.us-east-1.skyvdn.com/thumbs/cbtv26lb.flv.jpg",
            "m3u8_url": "https://iowadotsfs1.us-east-1.skyvdn.com:443/rtplive/cbtv26lb/playlist.m3u8"
          }
        ]
      }
    },
    {
      "type": "Feature",
      "geometry": {
        "type": "Point",
        "coordinates": [
          -95.84966,
          41.21982
        ]
      },
      "properties": {
        "camera_uri": "camera/59545979",
        "title": "US 275: CB - US 275 @ South Expressway (28)",
        "jpg_urls": [
          "https://iowadotsnapshot.us-east-1.skyvdn.com/thumbs/cbtv28lb.flv.jpg"
        ],
        "m3u8_urls": [
          "https://iowadotsfs1.us-east-1.skyvdn.com:443/rtplive/cbtv28lb/playlist.m3u8"
        ],
        "views": [
          {
            "uri": "camera/59545979/4294842260",
            "category": "VIDEO",
            "jpg_url": "https://iowadotsnapshot.us-east-1.skyvdn.com/thumbs/cbtv28lb.flv.jpg",
            "m3u8_url": "https://iowadotsfs1.us-east-1.skyvdn.com:443/rtplive/cbtv28lb/playlist.m3u8"
          }
        ]
      }
    },
    {
      "type": "Feature",
      "geometry": {
        "type": "Point",
        "coordinates": [
          -95.91657,
          41.20746
        ]
      },
      "properties": {
        "camera_uri": "camera/59545845",
        "title": "US 275: CB - US 275 East of Missouri River Bridge (25)",
        "jpg_urls": [
          "https://iowadotsnapshot.us-east-1.skyvdn.com/thumbs/cbtv25lb.flv.jpg"
        ],
        "m3u8_urls": [
          "https://iowadotsfs1.us-east-1.skyvdn.com:443/rtplive/cbtv25lb/playlist.m3u8"
        ],
        "views": [
          {
            "uri": "camera/59545845/2796258515",
            "category": "VIDEO",
            "jpg_url": "https://iowadotsnapshot.us-east-1.skyvdn.com/thumbs/cbtv25lb.flv.jpg",
            "m3u8_url": "https://iowadotsfs1.us-east-1.skyvdn.com:443/rtplive/cbtv25lb/playlist.m3u8"
          }
        ]
      }
    },
    {
      "type": "Feature",
      "geometry": {
        "type": "Point",
        "coordinates": [
          -93.69878,
          42.01486
        ]
      },
      "properties": {
        "camera_uri": "camera/59546100",
        "title": "US 30: AM - US 30 @ 500th Ave (12)",
        "jpg_urls": [
          "https://iowadotsnapshot.us-east-1.skyvdn.com/thumbs/amtv12lb.flv.jpg"
        ],
        "m3u8_urls": [
          "https://iowadotsfs1.us-east-1.skyvdn.com:443/rtplive/amtv12lb/playlist.m3u8"
        ],
        "views": [
          {
            "uri": "camera/59546100/311072664",
            "category": "VIDEO",
            "jpg_url": "https://iowadotsnapshot.us-east-1.skyvdn.com/thumbs/amtv12lb.flv.jpg",
            "m3u8_url": "https://iowadotsfs1.us-east-1.skyvdn.com:443/rtplive/amtv12lb/playlist.m3u8"
          }
        ]
      }
    },
    {
      "type": "Feature",
      "geometry": {
        "type": "Point",
        "coordinates": [
          -93.56012,
          42.00823
        ]
      },
      "properties": {
        "camera_uri": "camera/59545926",
        "title": "US 30: AM - US 30 @ E of I-35 (19)",
        "jpg_urls": [
          "https://iowadotsnapshot.us-east-1.skyvdn.com/thumbs/amtv19lb.flv.jpg"
        ],
        "m3u8_urls": [
          "https://iowadotsfs1.us-east-1.skyvdn.com:443/rtplive/amtv19lb/playlist.m3u8"
        ],
        "views": [
          {
            "uri": "camera/59545926/4199523366",
            "category": "VIDEO",
            "jpg_url": "https://iowadotsnapshot.us-east-1.skyvdn.com/thumbs/amtv19lb.flv.jpg",
            "m3u8_url": "https://iowadotsfs1.us-east-1.skyvdn.com:443/rtplive/amtv19lb/playlist.m3u8"
          }
        ]
      }
    },
    {
      "type": "Feature",
      "geometry": {
        "type": "Point",
        "coordinates": [
          -93.72437,
          42.02265
        ]
      },
      "properties": {
        "camera_uri": "camera/59545791",
        "title": "US 30: AM - US 30 @ Lincoln Way W (11)",
        "jpg_urls": [
          "https://iowadotsnapshot.us-east-1.skyvdn.com/thumbs/amtv11lb.flv.jpg"
        ],
        "m3u8_urls": [
          "https://iowadotsfs1.us-east-1.skyvdn.com:443/rtplive/amtv11lb/playlist.m3u8"
        ],
        "views": [
          {
            "uri": "camera/59545791/2840920157",
            "category": "VIDEO",
            "jpg_url": "https://iowadotsnapshot.us-east-1.skyvdn.com/thumbs/amtv11lb.flv.jpg",
            "m3u8_url": "https://iowadotsfs1.us-east-1.skyvdn.com:443/rtplive/amtv11lb/playlist.m3u8"
          }
        ]
      }
    },
    {
      "type": "Feature",
      "geometry": {
        "type": "Point",
        "coordinates": [
          -93.67886,
          42.00807
        ]
      },
      "properties": {
        "camera_uri": "camera/59545825",
        "title": "US 30: AM - US 30 @ S Dakota Ave (13)",
        "jpg_urls": [
          "https://iowadotsnapshot.us-east-1.skyvdn.com/thumbs/amtv13lb.flv.jpg"
        ],
        "m3u8_urls": [
          "https://iowadotsfs1.us-east-1.skyvdn.com:443/rtplive/amtv13lb/playlist.m3u8"
        ],
        "views": [
          {
            "uri": "camera/59545825/2119903031",
            "category": "VIDEO",
            "jpg_url": "https://iowadotsnapshot.us-east-1.skyvdn.com/thumbs/amtv13lb.flv.jpg",
            "m3u8_url": "https://iowadotsfs1.us-east-1.skyvdn.com:443/rtplive/amtv13lb/playlist.m3u8"
          }
        ]
      }
    },
    {
      "type": "Feature",
      "geometry": {
        "type": "Point",
        "coordinates": [
          -93.58651,
          42.00627
        ]
      },
      "properties": {
        "camera_uri": "camera/59546306",
        "title": "US 30: AM - US 30 @ S Dayton Ave (18)",
        "jpg_urls": [
          "https://iowadotsnapshot.us-east-1.skyvdn.com/thumbs/amtv18lb.flv.jpg"
        ],
        "m3u8_urls": [
          "https://iowadotsfs1.us-east-1.skyvdn.com:443/rtplive/amtv18lb/playlist.m3u8"
        ],
        "views": [
          {
            "uri": "camera/59546306/2840907841",
            "category": "VIDEO",
            "jpg_url": "https://iowadotsnapshot.us-east-1.skyvdn.com/thumbs/amtv18lb.flv.jpg",
            "m3u8_url": "https://iowadotsfs1.us-east-1.skyvdn.com:443/rtplive/amtv18lb/playlist.m3u8"
          }
        ]
      }
    },
    {
      "type": "Feature",
      "geometry": {
        "type": "Point",
        "coordinates": [
          -93.61048,
          42.0047
        ]
      },
      "properties": {
        "camera_uri": "camera/59546385",
        "title": "US 30: AM - US 30 @ S Duff Ave (17)",
        "jpg_urls": [
          "https://iowadotsnapshot.us-east-1.skyvdn.com/thumbs/amtv17lb.flv.jpg"
        ],
        "m3u8_urls": [
          "https://iowadotsfs1.us-east-1.skyvdn.com:443/rtplive/amtv17lb/playlist.m3u8"
        ],
        "views": [
          {
            "uri": "camera/59546385/3946151382",
            "category": "VIDEO",
            "jpg_url": "https://iowadotsnapshot.us-east-1.skyvdn.com/thumbs/amtv17lb.flv.jpg",
            "m3u8_url": "https://iowadotsfs1.us-east-1.skyvdn.com:443/rtplive/amtv17lb/playlist.m3u8"
          }
        ]
      }
    },
    {
      "type": "Feature",
      "geometry": {
        "type": "Point",
        "coordinates": [
          -93.63986,
          42.00268
        ]
      },
      "properties": {
        "camera_uri": "camera/59546276",
        "title": "US 30: AM - US 30 @ University Blvd (16)",
        "jpg_urls": [
          "https://iowadotsnapshot.us-east-1.skyvdn.com/thumbs/amtv16lb.flv.jpg"
        ],
        "m3u8_urls": [
          "https://iowadotsfs1.us-east-1.skyvdn.com:443/rtplive/amtv16lb/playlist.m3u8"
        ],
        "views": [
          {
            "uri": "camera/59546276/2524072543",
            "category": "VIDEO",
            "jpg_url": "https://iowadotsnapshot.us-east-1.skyvdn.com/thumbs/amtv16lb.flv.jpg",
            "m3u8_url": "https://iowadotsfs1.us-east-1.skyvdn.com:443/rtplive/amtv16lb/playlist.m3u8"
          }
        ]
      }
    },
    {
      "type": "Feature",
      "geometry": {
        "type": "Point",
        "coordinates": [
          -93.64614,
          42.00335
        ]
      },
      "properties": {
        "camera_uri": "camera/59546175",
        "title": "US 30: AM - US 30 @ W of University Blvd (15)",
        "jpg_urls": [
          "https://iowadotsnapshot.us-east-1.skyvdn.com/thumbs/amtv15lb.flv.jpg"
        ],
        "m3u8_urls": [
          "https://iowadotsfs1.us-east-1.skyvdn.com:443/rtplive/amtv15lb/playlist.m3u8"
        ],
        "views": [
          {
            "uri": "camera/59546175/114165538",
            "category": "VIDEO",
            "jpg_url": "https://iowadotsnapshot.us-east-1.skyvdn.com/thumbs/amtv15lb.flv.jpg",
            "m3u8_url": "https://iowadotsfs1.us-east-1.skyvdn.com:443/rtplive/amtv15lb/playlist.m3u8"
          }
        ]
      }
    },
    {
      "type": "Feature",
      "geometry": {
        "type": "Point",
        "coordinates": [
          -93.81554,
          42.03433
        ]
      },
      "properties": {
        "camera_uri": "camera/59546152",
        "title": "US 30: BN - US 30 @ IA 17 (03)",
        "jpg_urls": [
          "https://iowadotsnapshot.us-east-1.skyvdn.com/thumbs/bntv03lb.flv.jpg"
        ],
        "m3u8_urls": [
          "https://iowadotsfs1.us-east-1.skyvdn.com:443/rtplive/bntv03lb/playlist.m3u8"
        ],
        "views": [
          {
            "uri": "camera/59546152/3646921485",
            "category": "VIDEO",
            "jpg_url": "https://iowadotsnapshot.us-east-1.skyvdn.com/thumbs/bntv03lb.flv.jpg",
            "m3u8_url": "https://iowadotsfs1.us-east-1.skyvdn.com:443/rtplive/bntv03lb/playlist.m3u8"
          }
        ]
      }
    },
    {
      "type": "Feature",
      "geometry": {
        "type": "Point",
        "coordinates": [
          -93.79391,
          42.02782
        ]
      },
      "properties": {
        "camera_uri": "camera/59546267",
        "title": "US 30: BN - US 30 @ MM 139 (04)",
        "jpg_urls": [
          "https://iowadotsnapshot.us-east-1.skyvdn.com/thumbs/bntv04lb.flv.jpg"
        ],
        "m3u8_urls": [
          "https://iowadotsfs1.us-east-1.skyvdn.com:443/rtplive/bntv04lb/playlist.m3u8"
        ],
        "views": [
          {
            "uri": "camera/59546267/2368076447",
            "category": "VIDEO",
            "jpg_url": "https://iowadotsnapshot.us-east-1.skyvdn.com/thumbs/bntv04lb.flv.jpg",
            "m3u8_url": "https://iowadotsfs1.us-east-1.skyvdn.com:443/rtplive/bntv04lb/playlist.m3u8"
          }
        ]
      }
    },
    {
      "type": "Feature",
      "geometry": {
        "type": "Point",
        "coordinates": [
          -93.8502,
          42.03445
        ]
      },
      "properties": {
        "camera_uri": "camera/59545944",
        "title": "US 30: BN - US 30 @ Quill Ave (02)",
        "jpg_urls": [
          "https://iowadotsnapshot.us-east-1.skyvdn.com/thumbs/bntv02lb.flv.jpg"
        ],
        "m3u8_urls": [
          "https://iowadotsfs1.us-east-1.skyvdn.com:443/rtplive/bntv02lb/playlist.m3u8"
        ],
        "views": [
          {
            "uri": "camera/59545944/348985405",
            "category": "VIDEO",
            "jpg_url": "https://iowadotsnapshot.us-east-1.skyvdn.com/thumbs/bntv02lb.flv.jpg",
            "m3u8_url": "https://iowadotsfs1.us-east-1.skyvdn.com:443/rtplive/bntv02lb/playlist.m3u8"
          }
        ]
      }
    },
    {
      "type": "Feature",
      "geometry": {
        "type": "Point",
        "coordinates": [
          -93.87947,
          42.03485
        ]
      },
      "properties": {
        "camera_uri": "camera/59545929",
        "title": "US 30: BN - US 30 @ Story St (01)",
        "jpg_urls": [
          "https://iowadotsnapshot.us-east-1.skyvdn.com/thumbs/bntv01lb.flv.jpg"
        ],
        "m3u8_urls": [
          "https://iowadotsfs1.us-east-1.skyvdn.com:443/rtplive/bntv01lb/playlist.m3u8"
        ],
        "views": [
          {
            "uri": "camera/59545929/3931094597",
            "category": "VIDEO",
            "jpg_url": "https://iowadotsnapshot.us-east-1.skyvdn.com/thumbs/bntv01lb.flv.jpg",
            "m3u8_url": "https://iowadotsfs1.us-east-1.skyvdn.com:443/rtplive/bntv01lb/playlist.m3u8"
          }
        ]
      }
    },
    {
      "type": "Feature",
      "geometry": {
        "type": "Point",
        "coordinates": [
          -93.87959,
          42.03522
        ]
      },
      "properties": {
        "camera_uri": "camera/59546253",
        "title": "US 30: BN - US 30 @ Story St - Quad (01Q)",
        "jpg_urls": [
          "https://iowadotsnapshot.us-east-1.skyvdn.com/thumbs/bntv01qlb.flv.jpg"
        ],
        "m3u8_urls": [
          "https://iowadotsfs1.us-east-1.skyvdn.com:443/rtplive/bntv01qlb/playlist.m3u8"
        ],
        "views": [
          {
            "uri": "camera/59546253/1709946520",
            "category": "VIDEO",
            "jpg_url": "https://iowadotsnapshot.us-east-1.skyvdn.com/thumbs/bntv01qlb.flv.jpg",
            "m3u8_url": "https://iowadotsfs1.us-east-1.skyvdn.com:443/rtplive/bntv01qlb/playlist.m3u8"
          }
        ]
      }
    },
    {
      "type": "Feature",
      "geometry": {
        "type": "Point",
        "coordinates": [
          -93.77696,
          42.02305
        ]
      },
      "properties": {
        "camera_uri": "camera/59546162",
        "title": "US 30: BN - US 30 @ U Ave (05)",
        "jpg_urls": [
          "https://iowadotsnapshot.us-east-1.skyvdn.com/thumbs/bntv05lb.flv.jpg"
        ],
        "m3u8_urls": [
          "https://iowadotsfs1.us-east-1.skyvdn.com:443/rtplive/bntv05lb/playlist.m3u8"
        ],
        "views": [
          {
            "uri": "camera/59546162/1083333794",
            "category": "VIDEO",
            "jpg_url": "https://iowadotsnapshot.us-east-1.skyvdn.com/thumbs/bntv05lb.flv.jpg",
            "m3u8_url": "https://iowadotsfs1.us-east-1.skyvdn.com:443/rtplive/bntv05lb/playlist.m3u8"
          }
        ]
      }
    },
    {
      "type": "Feature",
      "geometry": {
        "type": "Point",
        "coordinates": [
          -91.78159,
          41.96313
        ]
      },
      "properties": {
        "camera_uri": "camera/59546352",
        "title": "US 30: CR - US 30 @ 16th Ave SW (22)",
        "jpg_urls": [
          "https://iowadotsnapshot.us-east-1.skyvdn.com/thumbs/crtv22lb.flv.jpg"
        ],
        "m3u8_urls": [
          "https://iowadotsfs1.us-east-1.skyvdn.com:443/rtplive/crtv22lb/playlist.m3u8"
        ],
        "views": [
          {
            "uri": "camera/59546352/3432592912",
            "category": "VIDEO",
            "jpg_url": "https://iowadotsnapshot.us-east-1.skyvdn.com/thumbs/crtv22lb.flv.jpg",
            "m3u8_url": "https://iowadotsfs1.us-east-1.skyvdn.com:443/rtplive/crtv22lb/playlist.m3u8"
          }
        ]
      }
    },
    {
      "type": "Feature",
      "geometry": {
        "type": "Point",
        "coordinates": [
          -91.70575,
          41.93587
        ]
      },
      "properties": {
        "camera_uri": "camera/59545988",
        "title": "US 30: CR - US 30 @ 21st St SW (26)",
        "jpg_urls": [
          "https://iowadotsnapshot.us-east-1.skyvdn.com/thumbs/crtv26lb.flv.jpg"
        ],
        "m3u8_urls": [
          "https://iowadotsfs1.us-east-1.skyvdn.com:443/rtplive/crtv26lb/playlist.m3u8"
        ],
        "views": [
          {
            "uri": "camera/59545988/1322958270",
            "category": "VIDEO",
            "jpg_url": "https://iowadotsnapshot.us-east-1.skyvdn.com/thumbs/crtv26lb.flv.jpg",
            "m3u8_url": "https://iowadotsfs1.us-east-1.skyvdn.com:443/rtplive/crtv26lb/playlist.m3u8"
          }
        ]
      }
    },
    {
      "type": "Feature",
      "geometry": {
        "type": "Point",
        "coordinates": [
          -91.77475,
          41.95761
        ]
      },
      "properties": {
        "camera_uri": "camera/59545836",
        "title": "US 30: CR - US 30 @ 80th St SW (60)",
        "jpg_urls": [
          "https://iowadotsnapshot.us-east-1.skyvdn.com/thumbs/crtv60lb.flv.jpg"
        ],
        "m3u8_urls": [
          "https://iowadotsfs1.us-east-1.skyvdn.com:443/rtplive/crtv60lb/playlist.m3u8"
        ],
        "views": [
          {
            "uri": "camera/59545836/1506595916",
            "category": "VIDEO",
            "jpg_url": "https://iowadotsnapshot.us-east-1.skyvdn.com/thumbs/crtv60lb.flv.jpg",
            "m3u8_url": "https://iowadotsfs1.us-east-1.skyvdn.com:443/rtplive/crtv60lb/playlist.m3u8"
          }
        ]
      }
    },
    {
      "type": "Feature",
      "geometry": {
        "type": "Point",
        "coordinates": [
          -91.77488,
          41.95741
        ]
      },
      "properties": {
        "camera_uri": "camera/59546396",
        "title": "US 30: CR - US 30 @ 80th St SW (60Q)",
        "jpg_urls": [
          "https://iowadotsnapshot.us-east-1.skyvdn.com/thumbs/crtv60qlb.flv.jpg"
        ],
        "m3u8_urls": [
          "https://iowadotsfs1.us-east-1.skyvdn.com:443/rtplive/crtv60qlb/playlist.m3u8"
        ],
        "views": [
          {
            "uri": "camera/59546396/773830333",
            "category": "VIDEO",
            "jpg_url": "https://iowadotsnapshot.us-east-1.skyvdn.com/thumbs/crtv60qlb.flv.jpg",
            "m3u8_url": "https://iowadotsfs1.us-east-1.skyvdn.com:443/rtplive/crtv60qlb/playlist.m3u8"
          }
        ]
      }
    },
    {
      "type": "Feature",
      "geometry": {
        "type": "Point",
        "coordinates": [
          -91.63703,
          41.92636
        ]
      },
      "properties": {
        "camera_uri": "camera/59546184",
        "title": "US 30: CR - US 30 @ C St SW (30)",
        "jpg_urls": [
          "https://iowadotsnapshot.us-east-1.skyvdn.com/thumbs/crtv30lb.flv.jpg"
        ],
        "m3u8_urls": [
          "https://iowadotsfs1.us-east-1.skyvdn.com:443/rtplive/crtv30lb/playlist.m3u8"
        ],
        "views": [
          {
            "uri": "camera/59546184/4100357982",
            "category": "VIDEO",
            "jpg_url": "https://iowadotsnapshot.us-east-1.skyvdn.com/thumbs/crtv30lb.flv.jpg",
            "m3u8_url": "https://iowadotsfs1.us-east-1.skyvdn.com:443/rtplive/crtv30lb/playlist.m3u8"
          }
        ]
      }
    },
    {
      "type": "Feature",
      "geometry": {
        "type": "Point",
        "coordinates": [
          -91.5699,
          41.92491
        ]
      },
      "properties": {
        "camera_uri": "camera/59545626",
        "title": "US 30: CR - US 30 @ E of Jappa Rd (33)",
        "jpg_urls": [
          "https://iowadotsnapshot.us-east-1.skyvdn.com/thumbs/crtv33lb.flv.jpg"
        ],
        "m3u8_urls": [
          "https://iowadotsfs1.us-east-1.skyvdn.com:443/rtplive/crtv33lb/playlist.m3u8"
        ],
        "views": [
          {
            "uri": "camera/59545626/1735464525",
            "category": "VIDEO",
            "jpg_url": "https://iowadotsnapshot.us-east-1.skyvdn.com/thumbs/crtv33lb.flv.jpg",
            "m3u8_url": "https://iowadotsfs1.us-east-1.skyvdn.com:443/rtplive/crtv33lb/playlist.m3u8"
          }
        ]
      }
    },
    {
      "type": "Feature",
      "geometry": {
        "type": "Point",
        "coordinates": [
          -91.71587,
          41.93843
        ]
      },
      "properties": {
        "camera_uri": "camera/59545690",
        "title": "US 30: CR - US 30 @ Edgewood Rd SW (25)",
        "jpg_urls": [
          "https://iowadotsnapshot.us-east-1.skyvdn.com/thumbs/crtv25lb.flv.jpg"
        ],
        "m3u8_urls": [
          "https://iowadotsfs1.us-east-1.skyvdn.com:443/rtplive/crtv25lb/playlist.m3u8"
        ],
        "views": [
          {
            "uri": "camera/59545690/896528184",
            "category": "VIDEO",
            "jpg_url": "https://iowadotsnapshot.us-east-1.skyvdn.com/thumbs/crtv25lb.flv.jpg",
            "m3u8_url": "https://iowadotsfs1.us-east-1.skyvdn.com:443/rtplive/crtv25lb/playlist.m3u8"
          }
        ]
      }
    },
    {
      "type": "Feature",
      "geometry": {
        "type": "Point",
        "coordinates": [
          -91.60339,
          41.92682
        ]
      },
      "properties": {
        "camera_uri": "camera/59546251",
        "title": "US 30: CR - US 30 @ Honey Grove Rd (32)",
        "jpg_urls": [
          "https://iowadotsnapshot.us-east-1.skyvdn.com/thumbs/crtv32lb.flv.jpg"
        ],
        "m3u8_urls": [
          "https://iowadotsfs1.us-east-1.skyvdn.com:443/rtplive/crtv32lb/playlist.m3u8"
        ],
        "views": [
          {
            "uri": "camera/59546251/3647604054",
            "category": "VIDEO",
            "jpg_url": "https://iowadotsnapshot.us-east-1.skyvdn.com/thumbs/crtv32lb.flv.jpg",
            "m3u8_url": "https://iowadotsfs1.us-east-1.skyvdn.com:443/rtplive/crtv32lb/playlist.m3u8"
          }
        ]
      }
    },
    {
      "type": "Feature",
      "geometry": {
        "type": "Point",
        "coordinates": [
          -91.78198,
          41.9627
        ]
      },
      "properties": {
        "camera_uri": "camera/59546249",
        "title": "US 30: CR - US 30 @ IA 100 (22Q)",
        "jpg_urls": [
          "https://iowadotsnapshot.us-east-1.skyvdn.com/thumbs/crtv22qlb.flv.jpg"
        ],
        "m3u8_urls": [
          "https://iowadotsfs2.us-east-1.skyvdn.com:443/rtplive/crtv22qlb/playlist.m3u8"
        ],
        "views": [
          {
            "uri": "camera/59546249/2769055061",
            "category": "VIDEO",
            "jpg_url": "https://iowadotsnapshot.us-east-1.skyvdn.com/thumbs/crtv22qlb.flv.jpg",
            "m3u8_url": "https://iowadotsfs2.us-east-1.skyvdn.com:443/rtplive/crtv22qlb/playlist.m3u8"
          }
        ]
      }
    },
    {
      "type": "Feature",
      "geometry": {
        "type": "Point",
        "coordinates": [
          -91.54233,
          41.9268
        ]
      },
      "properties": {
        "camera_uri": "camera/59546128",
        "title": "US 30: CR - US 30 @ IA 13 (34)",
        "jpg_urls": [
          "https://iowadotsnapshot.us-east-1.skyvdn.com/thumbs/crtv34lb.flv.jpg"
        ],
        "m3u8_urls": [
          "https://iowadotsfs1.us-east-1.skyvdn.com:443/rtplive/crtv34lb/playlist.m3u8"
        ],
        "views": [
          {
            "uri": "camera/59546128/1449031856",
            "category": "VIDEO",
            "jpg_url": "https://iowadotsnapshot.us-east-1.skyvdn.com/thumbs/crtv34lb.flv.jpg",
            "m3u8_url": "https://iowadotsfs1.us-east-1.skyvdn.com:443/rtplive/crtv34lb/playlist.m3u8"
          }
        ]
      }
    },
    {
      "type": "Feature",
      "geometry": {
        "type": "Point",
        "coordinates": [
          -91.61755,
          41.92634
        ]
      },
      "properties": {
        "camera_uri": "camera/59546112",
        "title": "US 30: CR - US 30 @ Ivanhoe Rd SW (31)",
        "jpg_urls": [
          "https://iowadotsnapshot.us-east-1.skyvdn.com/thumbs/crtv31lb.flv.jpg"
        ],
        "m3u8_urls": [
          "https://iowadotsfs1.us-east-1.skyvdn.com:443/rtplive/crtv31lb/playlist.m3u8"
        ],
        "views": [
          {
            "uri": "camera/59546112/1027672415",
            "category": "VIDEO",
            "jpg_url": "https://iowadotsnapshot.us-east-1.skyvdn.com/thumbs/crtv31lb.flv.jpg",
            "m3u8_url": "https://iowadotsfs1.us-east-1.skyvdn.com:443/rtplive/crtv31lb/playlist.m3u8"
          }
        ]
      }
    },
    {
      "type": "Feature",
      "geometry": {
        "type": "Point",
        "coordinates": [
          -91.66319,
          41.92668
        ]
      },
      "properties": {
        "camera_uri": "camera/59546176",
        "title": "US 30: CR - US 30 @ J St SW (28)",
        "jpg_urls": [
          "https://iowadotsnapshot.us-east-1.skyvdn.com/thumbs/crtv28lb.flv.jpg"
        ],
        "m3u8_urls": [
          "https://iowadotsfs1.us-east-1.skyvdn.com:443/rtplive/crtv28lb/playlist.m3u8"
        ],
        "views": [
          {
            "uri": "camera/59546176/28934398",
            "category": "VIDEO",
            "jpg_url": "https://iowadotsnapshot.us-east-1.skyvdn.com/thumbs/crtv28lb.flv.jpg",
            "m3u8_url": "https://iowadotsfs1.us-east-1.skyvdn.com:443/rtplive/crtv28lb/playlist.m3u8"
          }
        ]
      }
    },
    {
      "type": "Feature",
      "geometry": {
        "type": "Point",
        "coordinates": [
          -91.65656,
          41.92649
        ]
      },
      "properties": {
        "camera_uri": "camera/59546309",
        "title": "US 30: CR - US 30 @ Kirkwood Blvd SW (29)",
        "jpg_urls": [
          "https://iowadotsnapshot.us-east-1.skyvdn.com/thumbs/crtv29lb.flv.jpg"
        ],
        "m3u8_urls": [
          "https://iowadotsfs1.us-east-1.skyvdn.com:443/rtplive/crtv29lb/playlist.m3u8"
        ],
        "views": [
          {
            "uri": "camera/59546309/695488070",
            "category": "VIDEO",
            "jpg_url": "https://iowadotsnapshot.us-east-1.skyvdn.com/thumbs/crtv29lb.flv.jpg",
            "m3u8_url": "https://iowadotsfs1.us-east-1.skyvdn.com:443/rtplive/crtv29lb/playlist.m3u8"
          }
        ]
      }
    },
    {
      "type": "Feature",
      "geometry": {
        "type": "Point",
        "coordinates": [
          -91.75525,
          41.94873
        ]
      },
      "properties": {
        "camera_uri": "camera/59545757",
        "title": "US 30: CR - US 30 @ Stoney Point Rd (23)",
        "jpg_urls": [
          "https://iowadotsnapshot.us-east-1.skyvdn.com/thumbs/crtv23lb.flv.jpg"
        ],
        "m3u8_urls": [
          "https://iowadotsfs1.us-east-1.skyvdn.com:443/rtplive/crtv23lb/playlist.m3u8"
        ],
        "views": [
          {
            "uri": "camera/59545757/1477006588",
            "category": "VIDEO",
            "jpg_url": "https://iowadotsnapshot.us-east-1.skyvdn.com/thumbs/crtv23lb.flv.jpg",
            "m3u8_url": "https://iowadotsfs1.us-east-1.skyvdn.com:443/rtplive/crtv23lb/playlist.m3u8"
          }
        ]
      }
    },
    {
      "type": "Feature",
      "geometry": {
        "type": "Point",
        "coordinates": [
          -91.68391,
          41.92983
        ]
      },
      "properties": {
        "camera_uri": "camera/59546425",
        "title": "US 30: CR - US 30 @ W of 6th St SW (27)",
        "jpg_urls": [
          "https://iowadotsnapshot.us-east-1.skyvdn.com/thumbs/crtv27lb.flv.jpg"
        ],
        "m3u8_urls": [
          "https://iowadotsfs1.us-east-1.skyvdn.com:443/rtplive/crtv27lb/playlist.m3u8"
        ],
        "views": [
          {
            "uri": "camera/59546425/1394527215",
            "category": "VIDEO",
            "jpg_url": "https://iowadotsnapshot.us-east-1.skyvdn.com/thumbs/crtv27lb.flv.jpg",
            "m3u8_url": "https://iowadotsfs1.us-east-1.skyvdn.com:443/rtplive/crtv27lb/playlist.m3u8"
          }
        ]
      }
    },
    {
      "type": "Feature",
      "geometry": {
        "type": "Point",
        "coordinates": [
          -91.74173,
          41.9453
        ]
      },
      "properties": {
        "camera_uri": "camera/59546094",
        "title": "US 30: CR - US 30 @ Williams Blvd SW (24)",
        "jpg_urls": [
          "https://iowadotsnapshot.us-east-1.skyvdn.com/thumbs/crtv24lb.flv.jpg"
        ],
        "m3u8_urls": [
          "https://iowadotsfs1.us-east-1.skyvdn.com:443/rtplive/crtv24lb/playlist.m3u8"
        ],
        "views": [
          {
            "uri": "camera/59546094/1676560715",
            "category": "VIDEO",
            "jpg_url": "https://iowadotsnapshot.us-east-1.skyvdn.com/thumbs/crtv24lb.flv.jpg",
            "m3u8_url": "https://iowadotsfs1.us-east-1.skyvdn.com:443/rtplive/crtv24lb/playlist.m3u8"
          }
        ]
      }
    },
    {
      "type": "Feature",
      "geometry": {
        "type": "Point",
        "coordinates": [
          -96.09233,
          41.55108
        ]
      },
      "properties": {
        "camera_uri": "camera/59545820",
        "title": "US 30: D4 - US 30 @ Marina Dr (02)",
        "jpg_urls": [
          "https://atmsqf.iowadot.gov/snapshots/Public/Rural/D4TV02.jpg?1774927320000"
        ],
        "m3u8_urls": [],
        "views": [
          {
            "uri": "camera/59545820/4106709488",
            "category": "IMAGE",
            "jpg_url": "https://atmsqf.iowadot.gov/snapshots/Public/Rural/D4TV02.jpg?1774927320000"
          }
        ]
      }
    },
    {
      "type": "Feature",
      "geometry": {
        "type": "Point",
        "coordinates": [
          -96.09971,
          41.55095
        ]
      },
      "properties": {
        "camera_uri": "camera/59546201",
        "title": "US 30: D4 - US 30 @ Missouri River (03)",
        "jpg_urls": [
          "https://atmsqf.iowadot.gov/snapshots/Public/Rural/D4TV03.jpg?1774927320000"
        ],
        "m3u8_urls": [],
        "views": [
          {
            "uri": "camera/59546201/4005344192",
            "category": "IMAGE",
            "jpg_url": "https://atmsqf.iowadot.gov/snapshots/Public/Rural/D4TV03.jpg?1774927320000"
          }
        ]
      }
    },
    {
      "type": "Feature",
      "geometry": {
        "type": "Point",
        "coordinates": [
          -93.43479,
          42.00838
        ]
      },
      "properties": {
        "camera_uri": "camera/59546031",
        "title": "US 30: NV - US 30 @ 19th St (05)",
        "jpg_urls": [
          "https://iowadotsnapshot.us-east-1.skyvdn.com/thumbs/nvtv05lb.flv.jpg"
        ],
        "m3u8_urls": [
          "https://iowadotsfs1.us-east-1.skyvdn.com:443/rtplive/nvtv05lb/playlist.m3u8"
        ],
        "views": [
          {
            "uri": "camera/59546031/1671539138",
            "category": "VIDEO",
            "jpg_url": "https://iowadotsnapshot.us-east-1.skyvdn.com/thumbs/nvtv05lb.flv.jpg",
            "m3u8_url": "https://iowadotsfs1.us-east-1.skyvdn.com:443/rtplive/nvtv05lb/playlist.m3u8"
          }
        ]
      }
    },
    {
      "type": "Feature",
      "geometry": {
        "type": "Point",
        "coordinates": [
          -93.54146,
          42.00849
        ]
      },
      "properties": {
        "camera_uri": "camera/59546302",
        "title": "US 30: NV - US 30 @ 580th Ave (01)",
        "jpg_urls": [
          "https://iowadotsnapshot.us-east-1.skyvdn.com/thumbs/nvtv01lb.flv.jpg"
        ],
        "m3u8_urls": [
          "https://iowadotsfs1.us-east-1.skyvdn.com:443/rtplive/nvtv01lb/playlist.m3u8"
        ],
        "views": [
          {
            "uri": "camera/59546302/639200966",
            "category": "VIDEO",
            "jpg_url": "https://iowadotsnapshot.us-east-1.skyvdn.com/thumbs/nvtv01lb.flv.jpg",
            "m3u8_url": "https://iowadotsfs1.us-east-1.skyvdn.com:443/rtplive/nvtv01lb/playlist.m3u8"
          }
        ]
      }
    },
    {
      "type": "Feature",
      "geometry": {
        "type": "Point",
        "coordinates": [
          -93.50164,
          42.00858
        ]
      },
      "properties": {
        "camera_uri": "camera/59546219",
        "title": "US 30: NV - US 30 @ 600th Ave (02)",
        "jpg_urls": [
          "https://iowadotsnapshot.us-east-1.skyvdn.com/thumbs/nvtv02lb.flv.jpg"
        ],
        "m3u8_urls": [
          "https://iowadotsfs1.us-east-1.skyvdn.com:443/rtplive/nvtv02lb/playlist.m3u8"
        ],
        "views": [
          {
            "uri": "camera/59546219/2881779022",
            "category": "VIDEO",
            "jpg_url": "https://iowadotsnapshot.us-east-1.skyvdn.com/thumbs/nvtv02lb.flv.jpg",
            "m3u8_url": "https://iowadotsfs1.us-east-1.skyvdn.com:443/rtplive/nvtv02lb/playlist.m3u8"
          }
        ]
      }
    },
    {
      "type": "Feature",
      "geometry": {
        "type": "Point",
        "coordinates": [
          -93.4446,
          42.00546
        ]
      },
      "properties": {
        "camera_uri": "camera/59545907",
        "title": "US 30: NV - US 30 @ S 11th St (04)",
        "jpg_urls": [
          "https://iowadotsnapshot.us-east-1.skyvdn.com/thumbs/nvtv04lb.flv.jpg"
        ],
        "m3u8_urls": [
          "https://iowadotsfs1.us-east-1.skyvdn.com:443/rtplive/nvtv04lb/playlist.m3u8"
        ],
        "views": [
          {
            "uri": "camera/59545907/1367263032",
            "category": "VIDEO",
            "jpg_url": "https://iowadotsnapshot.us-east-1.skyvdn.com/thumbs/nvtv04lb.flv.jpg",
            "m3u8_url": "https://iowadotsfs1.us-east-1.skyvdn.com:443/rtplive/nvtv04lb/playlist.m3u8"
          }
        ]
      }
    },
    {
      "type": "Feature",
      "geometry": {
        "type": "Point",
        "coordinates": [
          -93.4653,
          42.00624
        ]
      },
      "properties": {
        "camera_uri": "camera/59545900",
        "title": "US 30: NV - US 30 @ SW 4th St (03)",
        "jpg_urls": [
          "https://iowadotsnapshot.us-east-1.skyvdn.com/thumbs/nvtv03lb.flv.jpg"
        ],
        "m3u8_urls": [
          "https://iowadotsfs1.us-east-1.skyvdn.com:443/rtplive/nvtv03lb/playlist.m3u8"
        ],
        "views": [
          {
            "uri": "camera/59545900/1743807004",
            "category": "VIDEO",
            "jpg_url": "https://iowadotsnapshot.us-east-1.skyvdn.com/thumbs/nvtv03lb.flv.jpg",
            "m3u8_url": "https://iowadotsfs1.us-east-1.skyvdn.com:443/rtplive/nvtv03lb/playlist.m3u8"
          }
        ]
      }
    },
    {
      "type": "Feature",
      "geometry": {
        "type": "Point",
        "coordinates": [
          -91.6838,
          41.93
        ]
      },
      "properties": {
        "camera_uri": "camera/59546182",
        "title": "US 30: RWIS - US 30 MM 252 @ Cedar Rapids US 30",
        "jpg_urls": [
          "https://atmsqf.iowadot.gov/snapshots/public/RWIS/RWIS_10-02.JPG?1774927320000",
          "https://atmsqf.iowadot.gov/snapshots/public/RWIS/RWIS_10-00.JPG?1774927320000",
          "https://atmsqf.iowadot.gov/snapshots/public/RWIS/RWIS_10-03.JPG?1774927320000",
          "https://atmsqf.iowadot.gov/snapshots/public/RWIS/RWIS_10-01.JPG?1774927320000"
        ],
        "m3u8_urls": [],
        "views": [
          {
            "uri": "camera/59546182/1577645631",
            "category": "IMAGE",
            "jpg_url": "https://atmsqf.iowadot.gov/snapshots/public/RWIS/RWIS_10-02.JPG?1774927320000"
          },
          {
            "uri": "camera/59546182/2999198399",
            "category": "IMAGE",
            "jpg_url": "https://atmsqf.iowadot.gov/snapshots/public/RWIS/RWIS_10-00.JPG?1774927320000"
          },
          {
            "uri": "camera/59546182/2770929102",
            "category": "IMAGE",
            "jpg_url": "https://atmsqf.iowadot.gov/snapshots/public/RWIS/RWIS_10-03.JPG?1774927320000"
          },
          {
            "uri": "camera/59546182/657060764",
            "category": "IMAGE",
            "jpg_url": "https://atmsqf.iowadot.gov/snapshots/public/RWIS/RWIS_10-01.JPG?1774927320000"
          }
        ]
      }
    },
    {
      "type": "Feature",
      "geometry": {
        "type": "Point",
        "coordinates": [
          -94.8975,
          42.0785
        ]
      },
      "properties": {
        "camera_uri": "camera/59545706",
        "title": "US 30: RWIS - US 30 MM 80 @ Carroll",
        "jpg_urls": [
          "https://atmsqf.iowadot.gov/snapshots/public/RWIS/RWIS_8-03.JPG?1774927320000",
          "https://atmsqf.iowadot.gov/snapshots/public/RWIS/RWIS_8-04.JPG?1774927320000",
          "https://atmsqf.iowadot.gov/snapshots/public/RWIS/RWIS_8-00.JPG?1774927320000",
          "https://atmsqf.iowadot.gov/snapshots/public/RWIS/RWIS_8-01.JPG?1774927320000",
          "https://atmsqf.iowadot.gov/snapshots/public/RWIS/RWIS_8-02.JPG?1774927320000"
        ],
        "m3u8_urls": [],
        "views": [
          {
            "uri": "camera/59545706/1975740079",
            "category": "IMAGE",
            "jpg_url": "https://atmsqf.iowadot.gov/snapshots/public/RWIS/RWIS_8-03.JPG?1774927320000"
          },
          {
            "uri": "camera/59545706/1125171575",
            "category": "IMAGE",
            "jpg_url": "https://atmsqf.iowadot.gov/snapshots/public/RWIS/RWIS_8-04.JPG?1774927320000"
          },
          {
            "uri": "camera/59545706/3437196678",
            "category": "IMAGE",
            "jpg_url": "https://atmsqf.iowadot.gov/snapshots/public/RWIS/RWIS_8-00.JPG?1774927320000"
          },
          {
            "uri": "camera/59545706/280211813",
            "category": "IMAGE",
            "jpg_url": "https://atmsqf.iowadot.gov/snapshots/public/RWIS/RWIS_8-01.JPG?1774927320000"
          },
          {
            "uri": "camera/59545706/2642667186",
            "category": "IMAGE",
            "jpg_url": "https://atmsqf.iowadot.gov/snapshots/public/RWIS/RWIS_8-02.JPG?1774927320000"
          }
        ]
      }
    },
    {
      "type": "Feature",
      "geometry": {
        "type": "Point",
        "coordinates": [
          -91.4227,
          41.9116
        ]
      },
      "properties": {
        "camera_uri": "camera/59546038",
        "title": "US 30: RWIS - US 30 W MM 266 @ Mount Vernon",
        "jpg_urls": [
          "https://atmsqf.iowadot.gov/snapshots/Public/RWIS/RWIS_77-06.jpg?1774927320000",
          "https://atmsqf.iowadot.gov/snapshots/Public/RWIS/RWIS_77-02.jpg?1774927320000",
          "https://atmsqf.iowadot.gov/snapshots/Public/RWIS/RWIS_77-03.jpg?1774927320000",
          "https://atmsqf.iowadot.gov/snapshots/Public/RWIS/RWIS_77-04.jpg?1774927320000",
          "https://atmsqf.iowadot.gov/snapshots/Public/RWIS/RWIS_77-05.jpg?1774927320000"
        ],
        "m3u8_urls": [],
        "views": [
          {
            "uri": "camera/59546038/2767316081",
            "category": "IMAGE",
            "jpg_url": "https://atmsqf.iowadot.gov/snapshots/Public/RWIS/RWIS_77-06.jpg?1774927320000"
          },
          {
            "uri": "camera/59546038/400726723",
            "category": "IMAGE",
            "jpg_url": "https://atmsqf.iowadot.gov/snapshots/Public/RWIS/RWIS_77-02.jpg?1774927320000"
          },
          {
            "uri": "camera/59546038/3461370329",
            "category": "IMAGE",
            "jpg_url": "https://atmsqf.iowadot.gov/snapshots/Public/RWIS/RWIS_77-03.jpg?1774927320000"
          },
          {
            "uri": "camera/59546038/3653614319",
            "category": "IMAGE",
            "jpg_url": "https://atmsqf.iowadot.gov/snapshots/Public/RWIS/RWIS_77-04.jpg?1774927320000"
          },
          {
            "uri": "camera/59546038/3472259189",
            "category": "IMAGE",
            "jpg_url": "https://atmsqf.iowadot.gov/snapshots/Public/RWIS/RWIS_77-05.jpg?1774927320000"
          }
        ]
      }
    },
    {
      "type": "Feature",
      "geometry": {
        "type": "Point",
        "coordinates": [
          -91.85283,
          41.96423
        ]
      },
      "properties": {
        "camera_uri": "camera/59546310",
        "title": "US 30: WWD - US 30 @ 33rd Ave (79)",
        "jpg_urls": [
          "https://atmsqf.iowadot.gov/snapshots/Public/WWD/WWDTV79.jpg?1774927320000"
        ],
        "m3u8_urls": [],
        "views": [
          {
            "uri": "camera/59546310/1195181442",
            "category": "IMAGE",
            "jpg_url": "https://atmsqf.iowadot.gov/snapshots/Public/WWD/WWDTV79.jpg?1774927320000"
          }
        ]
      }
    },
    {
      "type": "Feature",
      "geometry": {
        "type": "Point",
        "coordinates": [
          -93.53949,
          42.00847
        ]
      },
      "properties": {
        "camera_uri": "camera/59545639",
        "title": "US 30: WWD - US 30 @ 580TH Ave (51)",
        "jpg_urls": [
          "https://iowadotsnapshot.us-east-1.skyvdn.com/thumbs/wwdtv051lb.flv.jpg"
        ],
        "m3u8_urls": [
          "https://iowadotsfs2.us-east-1.skyvdn.com:443/rtplive/wwdtv051lb/playlist.m3u8"
        ],
        "views": [
          {
            "uri": "camera/59545639/1653286687",
            "category": "VIDEO",
            "jpg_url": "https://iowadotsnapshot.us-east-1.skyvdn.com/thumbs/wwdtv051lb.flv.jpg",
            "m3u8_url": "https://iowadotsfs2.us-east-1.skyvdn.com:443/rtplive/wwdtv051lb/playlist.m3u8"
          }
        ]
      }
    },
    {
      "type": "Feature",
      "geometry": {
        "type": "Point",
        "coordinates": [
          -91.67662,
          41.92774
        ]
      },
      "properties": {
        "camera_uri": "camera/59546375",
        "title": "US 30: WWD - US 30 @ 6th St SW (10)",
        "jpg_urls": [
          "https://iowadotsnapshot.us-east-1.skyvdn.com/thumbs/wwdtv010lb.flv.jpg"
        ],
        "m3u8_urls": [
          "https://iowadotsfs1.us-east-1.skyvdn.com:443/rtplive/wwdtv010lb/playlist.m3u8"
        ],
        "views": [
          {
            "uri": "camera/59546375/1563906272",
            "category": "VIDEO",
            "jpg_url": "https://iowadotsnapshot.us-east-1.skyvdn.com/thumbs/wwdtv010lb.flv.jpg",
            "m3u8_url": "https://iowadotsfs1.us-east-1.skyvdn.com:443/rtplive/wwdtv010lb/playlist.m3u8"
          }
        ]
      }
    },
    {
      "type": "Feature",
      "geometry": {
        "type": "Point",
        "coordinates": [
          -91.78198,
          41.96271
        ]
      },
      "properties": {
        "camera_uri": "camera/59546341",
        "title": "US 30: WWD - US 30 @ IA 100 (76)",
        "jpg_urls": [
          "https://atmsqf.iowadot.gov/snapshots/Public/WWD/WWD76.jpg?1774927320000"
        ],
        "m3u8_urls": [],
        "views": [
          {
            "uri": "camera/59546341/3084238448",
            "category": "IMAGE",
            "jpg_url": "https://atmsqf.iowadot.gov/snapshots/Public/WWD/WWD76.jpg?1774927320000"
          }
        ]
      }
    },
    {
      "type": "Feature",
      "geometry": {
        "type": "Point",
        "coordinates": [
          -93.02024,
          42.00864
        ]
      },
      "properties": {
        "camera_uri": "camera/59546111",
        "title": "US 30: WWD - US 30 @ IA 330 N (46)",
        "jpg_urls": [
          "https://atmsqf.iowadot.gov/snapshots/Public/WWD/WWD46.jpg?1774927320000"
        ],
        "m3u8_urls": [],
        "views": [
          {
            "uri": "camera/59546111/3740682844",
            "category": "IMAGE",
            "jpg_url": "https://atmsqf.iowadot.gov/snapshots/Public/WWD/WWD46.jpg?1774927320000"
          }
        ]
      }
    },
    {
      "type": "Feature",
      "geometry": {
        "type": "Point",
        "coordinates": [
          -93.02047,
          42.00849
        ]
      },
      "properties": {
        "camera_uri": "camera/59545862",
        "title": "US 30: WWD - US 30 @ IA 330 S (47)",
        "jpg_urls": [
          "https://atmsqf.iowadot.gov/snapshots/Public/WWD/WWD47.jpg?1774927320000"
        ],
        "m3u8_urls": [],
        "views": [
          {
            "uri": "camera/59545862/3253401536",
            "category": "IMAGE",
            "jpg_url": "https://atmsqf.iowadot.gov/snapshots/Public/WWD/WWD47.jpg?1774927320000"
          }
        ]
      }
    },
    {
      "type": "Feature",
      "geometry": {
        "type": "Point",
        "coordinates": [
          -93.84912,
          42.03454
        ]
      },
      "properties": {
        "camera_uri": "camera/59545875",
        "title": "US 30: WWD - US 30 @ Quill Ave (100)",
        "jpg_urls": [
          "https://iowadotsnapshot.us-east-1.skyvdn.com/thumbs/wwdtv100lb.flv.jpg"
        ],
        "m3u8_urls": [
          "https://iowadotsfs1.us-east-1.skyvdn.com:443/rtplive/wwdtv100lb/playlist.m3u8"
        ],
        "views": [
          {
            "uri": "camera/59545875/1935362214",
            "category": "VIDEO",
            "jpg_url": "https://iowadotsnapshot.us-east-1.skyvdn.com/thumbs/wwdtv100lb.flv.jpg",
            "m3u8_url": "https://iowadotsfs1.us-east-1.skyvdn.com:443/rtplive/wwdtv100lb/playlist.m3u8"
          }
        ]
      }
    },
    {
      "type": "Feature",
      "geometry": {
        "type": "Point",
        "coordinates": [
          -93.43477,
          42.00811
        ]
      },
      "properties": {
        "camera_uri": "camera/59546067",
        "title": "US 30: WWD - US 30 @ S 19th St (61)",
        "jpg_urls": [
          "https://iowadotsnapshot.us-east-1.skyvdn.com/thumbs/wwdtv061lb.flv.jpg"
        ],
        "m3u8_urls": [
          "https://iowadotsfs1.us-east-1.skyvdn.com:443/rtplive/wwdtv061lb/playlist.m3u8"
        ],
        "views": [
          {
            "uri": "camera/59546067/636504399",
            "category": "VIDEO",
            "jpg_url": "https://iowadotsnapshot.us-east-1.skyvdn.com/thumbs/wwdtv061lb.flv.jpg",
            "m3u8_url": "https://iowadotsfs1.us-east-1.skyvdn.com:443/rtplive/wwdtv061lb/playlist.m3u8"
          }
        ]
      }
    },
    {
      "type": "Feature",
      "geometry": {
        "type": "Point",
        "coordinates": [
          -93.58648,
          42.00629
        ]
      },
      "properties": {
        "camera_uri": "camera/59545931",
        "title": "US 30: WWD - US 30 @ S Dayton Ave (03)",
        "jpg_urls": [
          "https://iowadotsnapshot.us-east-1.skyvdn.com/thumbs/wwdtv03lb.flv.jpg"
        ],
        "m3u8_urls": [
          "https://iowadotsfs1.us-east-1.skyvdn.com:443/rtplive/wwdtv03lb/playlist.m3u8"
        ],
        "views": [
          {
            "uri": "camera/59545931/3297718211",
            "category": "VIDEO",
            "jpg_url": "https://iowadotsnapshot.us-east-1.skyvdn.com/thumbs/wwdtv03lb.flv.jpg",
            "m3u8_url": "https://iowadotsfs1.us-east-1.skyvdn.com:443/rtplive/wwdtv03lb/playlist.m3u8"
          }
        ]
      }
    },
    {
      "type": "Feature",
      "geometry": {
        "type": "Point",
        "coordinates": [
          -93.40522,
          42.00763
        ]
      },
      "properties": {
        "camera_uri": "camera/59546145",
        "title": "US 30: WWD - US 30 @ S27 near Nevada (49)",
        "jpg_urls": [
          "https://iowadotsnapshot.us-east-1.skyvdn.com/thumbs/wwd49lb.flv.jpg"
        ],
        "m3u8_urls": [
          "https://iowadotsfs1.us-east-1.skyvdn.com:443/rtplive/wwd49lb/playlist.m3u8"
        ],
        "views": [
          {
            "uri": "camera/59546145/2545092274",
            "category": "VIDEO",
            "jpg_url": "https://iowadotsnapshot.us-east-1.skyvdn.com/thumbs/wwd49lb.flv.jpg",
            "m3u8_url": "https://iowadotsfs1.us-east-1.skyvdn.com:443/rtplive/wwd49lb/playlist.m3u8"
          }
        ]
      }
    },
    {
      "type": "Feature",
      "geometry": {
        "type": "Point",
        "coordinates": [
          -92.02781,
          41.96387
        ]
      },
      "properties": {
        "camera_uri": "camera/59546301",
        "title": "US 30: WWD - US 30 @ US 218 (65)",
        "jpg_urls": [
          "https://atmsqf.iowadot.gov/snapshots/Public/WWD/WWD65.jpg?1774927320000"
        ],
        "m3u8_urls": [],
        "views": [
          {
            "uri": "camera/59546301/1707439734",
            "category": "IMAGE",
            "jpg_url": "https://atmsqf.iowadot.gov/snapshots/Public/WWD/WWD65.jpg?1774927320000"
          }
        ]
      }
    },
    {
      "type": "Feature",
      "geometry": {
        "type": "Point",
        "coordinates": [
          -95.36915,
          42.00449
        ]
      },
      "properties": {
        "camera_uri": "camera/59546143",
        "title": "US 30: WWD - US 30 @ US 59 (23)",
        "jpg_urls": [
          "https://atmsqf.iowadot.gov/snapshots/Public/WWD/WWD23.jpg?1774927320000"
        ],
        "m3u8_urls": [],
        "views": [
          {
            "uri": "camera/59546143/1840164931",
            "category": "IMAGE",
            "jpg_url": "https://atmsqf.iowadot.gov/snapshots/Public/WWD/WWD23.jpg?1774927320000"
          }
        ]
      }
    },
    {
      "type": "Feature",
      "geometry": {
        "type": "Point",
        "coordinates": [
          -93.60969,
          42.00472
        ]
      },
      "properties": {
        "camera_uri": "camera/59545776",
        "title": "US 30: WWD - US 30 @ US 69 (02)",
        "jpg_urls": [
          "https://iowadotsnapshot.us-east-1.skyvdn.com/thumbs/wwdtv02lb.flv.jpg"
        ],
        "m3u8_urls": [
          "https://iowadotsfs1.us-east-1.skyvdn.com:443/rtplive/wwdtv02lb/playlist.m3u8"
        ],
        "views": [
          {
            "uri": "camera/59545776/1277525475",
            "category": "VIDEO",
            "jpg_url": "https://iowadotsnapshot.us-east-1.skyvdn.com/thumbs/wwdtv02lb.flv.jpg",
            "m3u8_url": "https://iowadotsfs1.us-east-1.skyvdn.com:443/rtplive/wwdtv02lb/playlist.m3u8"
          }
        ]
      }
    },
    {
      "type": "Feature",
      "geometry": {
        "type": "Point",
        "coordinates": [
          -91.65689,
          41.92579
        ]
      },
      "properties": {
        "camera_uri": "camera/59546068",
        "title": "US 30: WWD - US 30 E @ C St SW (18N)",
        "jpg_urls": [
          "https://iowadotsnapshot.us-east-1.skyvdn.com/thumbs/wwdtv018lb.flv.jpg"
        ],
        "m3u8_urls": [
          "https://iowadotsfs1.us-east-1.skyvdn.com:443/rtplive/wwdtv018lb/playlist.m3u8"
        ],
        "views": [
          {
            "uri": "camera/59546068/1099673322",
            "category": "VIDEO",
            "jpg_url": "https://iowadotsnapshot.us-east-1.skyvdn.com/thumbs/wwdtv018lb.flv.jpg",
            "m3u8_url": "https://iowadotsfs1.us-east-1.skyvdn.com:443/rtplive/wwdtv018lb/playlist.m3u8"
          }
        ]
      }
    },
    {
      "type": "Feature",
      "geometry": {
        "type": "Point",
        "coordinates": [
          -91.63732,
          41.9258
        ]
      },
      "properties": {
        "camera_uri": "camera/59546371",
        "title": "US 30: WWD - US 30 E @ C St SW (19)",
        "jpg_urls": [
          "https://iowadotsnapshot.us-east-1.skyvdn.com/thumbs/wwdtv019lb.flv.jpg"
        ],
        "m3u8_urls": [
          "https://iowadotsfs1.us-east-1.skyvdn.com:443/rtplive/wwdtv019lb/playlist.m3u8"
        ],
        "views": [
          {
            "uri": "camera/59546371/1344945509",
            "category": "VIDEO",
            "jpg_url": "https://iowadotsnapshot.us-east-1.skyvdn.com/thumbs/wwdtv019lb.flv.jpg",
            "m3u8_url": "https://iowadotsfs1.us-east-1.skyvdn.com:443/rtplive/wwdtv019lb/playlist.m3u8"
          }
        ]
      }
    },
    {
      "type": "Feature",
      "geometry": {
        "type": "Point",
        "coordinates": [
          -91.65687,
          41.92672
        ]
      },
      "properties": {
        "camera_uri": "camera/59546284",
        "title": "US 30: WWD - US 30 E @ Kirkwood Blvd SW - N (16)",
        "jpg_urls": [
          "https://iowadotsnapshot.us-east-1.skyvdn.com/thumbs/wwdtv016lb.flv.jpg"
        ],
        "m3u8_urls": [
          "https://iowadotsfs1.us-east-1.skyvdn.com:443/rtplive/wwdtv016lb/playlist.m3u8"
        ],
        "views": [
          {
            "uri": "camera/59546284/2795149977",
            "category": "VIDEO",
            "jpg_url": "https://iowadotsnapshot.us-east-1.skyvdn.com/thumbs/wwdtv016lb.flv.jpg",
            "m3u8_url": "https://iowadotsfs1.us-east-1.skyvdn.com:443/rtplive/wwdtv016lb/playlist.m3u8"
          }
        ]
      }
    },
    {
      "type": "Feature",
      "geometry": {
        "type": "Point",
        "coordinates": [
          -91.65689,
          41.92613
        ]
      },
      "properties": {
        "camera_uri": "camera/59546108",
        "title": "US 30: WWD - US 30 E @ Kirkwood Blvd SW - S (17)",
        "jpg_urls": [
          "https://iowadotsnapshot.us-east-1.skyvdn.com/thumbs/wwdtv017lb.flv.jpg"
        ],
        "m3u8_urls": [
          "https://iowadotsfs1.us-east-1.skyvdn.com:443/rtplive/wwdtv017lb/playlist.m3u8"
        ],
        "views": [
          {
            "uri": "camera/59546108/1561614405",
            "category": "VIDEO",
            "jpg_url": "https://iowadotsnapshot.us-east-1.skyvdn.com/thumbs/wwdtv017lb.flv.jpg",
            "m3u8_url": "https://iowadotsfs1.us-east-1.skyvdn.com:443/rtplive/wwdtv017lb/playlist.m3u8"
          }
        ]
      }
    },
    {
      "type": "Feature",
      "geometry": {
        "type": "Point",
        "coordinates": [
          -93.63989,
          42.00268
        ]
      },
      "properties": {
        "camera_uri": "camera/59546261",
        "title": "US 30: WWD - US 30 E @ S University Blvd (01)",
        "jpg_urls": [
          "https://iowadotsnapshot.us-east-1.skyvdn.com/thumbs/wwdtv01lb.flv.jpg"
        ],
        "m3u8_urls": [
          "https://iowadotsfs1.us-east-1.skyvdn.com:443/rtplive/wwdtv01lb/playlist.m3u8"
        ],
        "views": [
          {
            "uri": "camera/59546261/2479185607",
            "category": "VIDEO",
            "jpg_url": "https://iowadotsnapshot.us-east-1.skyvdn.com/thumbs/wwdtv01lb.flv.jpg",
            "m3u8_url": "https://iowadotsfs1.us-east-1.skyvdn.com:443/rtplive/wwdtv01lb/playlist.m3u8"
          }
        ]
      }
    },
    {
      "type": "Feature",
      "geometry": {
        "type": "Point",
        "coordinates": [
          -91.37215,
          40.90591
        ]
      },
      "properties": {
        "camera_uri": "camera/59545823",
        "title": "US 34: D5 - US 34 @ MM 246.75 near New London ICWS (02)",
        "jpg_urls": [
          "https://atmsqf.iowadot.gov/snapshots/Public/Rural/D5TV02.jpg?1774927320000"
        ],
        "m3u8_urls": [],
        "views": [
          {
            "uri": "camera/59545823/861169189",
            "category": "IMAGE",
            "jpg_url": "https://atmsqf.iowadot.gov/snapshots/Public/Rural/D5TV02.jpg?1774927320000"
          }
        ]
      }
    },
    {
      "type": "Feature",
      "geometry": {
        "type": "Point",
        "coordinates": [
          -91.37213,
          40.90592
        ]
      },
      "properties": {
        "camera_uri": "camera/59546085",
        "title": "US 34: D5 - US 34 @ MM 246.75 near New London ICWS QUAD (02Q)",
        "jpg_urls": [
          "https://atmsqf.iowadot.gov/snapshots/Public/Rural/D5TV02Q.jpg?1774927320000"
        ],
        "m3u8_urls": [],
        "views": [
          {
            "uri": "camera/59546085/190758389",
            "category": "IMAGE",
            "jpg_url": "https://atmsqf.iowadot.gov/snapshots/Public/Rural/D5TV02Q.jpg?1774927320000"
          }
        ]
      }
    },
    {
      "type": "Feature",
      "geometry": {
        "type": "Point",
        "coordinates": [
          -93.7943,
          41.0267
        ]
      },
      "properties": {
        "camera_uri": "camera/59546446",
        "title": "US 34: RWIS - US 34 MM 115 @ Osceola",
        "jpg_urls": [
          "https://atmsqf.iowadot.gov/snapshots/public/RWIS/RWIS_35-07.JPG?1774927320000",
          "https://atmsqf.iowadot.gov/snapshots/public/RWIS/RWIS_35-04.JPG?1774927320000",
          "https://atmsqf.iowadot.gov/snapshots/public/RWIS/RWIS_35-03.JPG?1774927320000",
          "https://atmsqf.iowadot.gov/snapshots/public/RWIS/RWIS_35-01.JPG?1774927320000",
          "https://atmsqf.iowadot.gov/snapshots/public/RWIS/RWIS_35-05.JPG?1774927320000"
        ],
        "m3u8_urls": [],
        "views": [
          {
            "uri": "camera/59546446/400724805",
            "category": "IMAGE",
            "jpg_url": "https://atmsqf.iowadot.gov/snapshots/public/RWIS/RWIS_35-07.JPG?1774927320000"
          },
          {
            "uri": "camera/59546446/2417287847",
            "category": "IMAGE",
            "jpg_url": "https://atmsqf.iowadot.gov/snapshots/public/RWIS/RWIS_35-04.JPG?1774927320000"
          },
          {
            "uri": "camera/59546446/3023789297",
            "category": "IMAGE",
            "jpg_url": "https://atmsqf.iowadot.gov/snapshots/public/RWIS/RWIS_35-03.JPG?1774927320000"
          },
          {
            "uri": "camera/59546446/970161001",
            "category": "IMAGE",
            "jpg_url": "https://atmsqf.iowadot.gov/snapshots/public/RWIS/RWIS_35-01.JPG?1774927320000"
          },
          {
            "uri": "camera/59546446/788809971",
            "category": "IMAGE",
            "jpg_url": "https://atmsqf.iowadot.gov/snapshots/public/RWIS/RWIS_35-05.JPG?1774927320000"
          }
        ]
      }
    },
    {
      "type": "Feature",
      "geometry": {
        "type": "Point",
        "coordinates": [
          -91.0992,
          40.813
        ]
      },
      "properties": {
        "camera_uri": "camera/59545624",
        "title": "US 34: RWIS - US 34 MM 263 @ Burlington",
        "jpg_urls": [
          "https://atmsqf.iowadot.gov/snapshots/public/RWIS/RWIS_7-05.JPG?1774927320000",
          "https://atmsqf.iowadot.gov/snapshots/public/RWIS/RWIS_7-04.JPG?1774927320000",
          "https://atmsqf.iowadot.gov/snapshots/public/RWIS/RWIS_7-01.JPG?1774927320000",
          "https://atmsqf.iowadot.gov/snapshots/public/RWIS/RWIS_7-02.JPG?1774927320000",
          "https://atmsqf.iowadot.gov/snapshots/public/RWIS/RWIS_7-00.JPG?1774927320000"
        ],
        "m3u8_urls": [],
        "views": [
          {
            "uri": "camera/59545624/498547794",
            "category": "IMAGE",
            "jpg_url": "https://atmsqf.iowadot.gov/snapshots/public/RWIS/RWIS_7-05.JPG?1774927320000"
          },
          {
            "uri": "camera/59545624/2130661400",
            "category": "IMAGE",
            "jpg_url": "https://atmsqf.iowadot.gov/snapshots/public/RWIS/RWIS_7-04.JPG?1774927320000"
          },
          {
            "uri": "camera/59545624/3277666338",
            "category": "IMAGE",
            "jpg_url": "https://atmsqf.iowadot.gov/snapshots/public/RWIS/RWIS_7-01.JPG?1774927320000"
          },
          {
            "uri": "camera/59545624/1649586665",
            "category": "IMAGE",
            "jpg_url": "https://atmsqf.iowadot.gov/snapshots/public/RWIS/RWIS_7-02.JPG?1774927320000"
          },
          {
            "uri": "camera/59545624/3597506246",
            "category": "IMAGE",
            "jpg_url": "https://atmsqf.iowadot.gov/snapshots/public/RWIS/RWIS_7-00.JPG?1774927320000"
          }
        ]
      }
    },
    {
      "type": "Feature",
      "geometry": {
        "type": "Point",
        "coordinates": [
          -95.824,
          41.0448
        ]
      },
      "properties": {
        "camera_uri": "camera/59546289",
        "title": "US 34: RWIS - US 34 MM 3 @ Pacific Junction (mini)\n",
        "jpg_urls": [
          "https://atmsqf.iowadot.gov/snapshots/Public/RWIS/RWIS_90-01.jpg?1774927320000"
        ],
        "m3u8_urls": [],
        "views": [
          {
            "uri": "camera/59546289/2419493821",
            "category": "IMAGE",
            "jpg_url": "https://atmsqf.iowadot.gov/snapshots/Public/RWIS/RWIS_90-01.jpg?1774927320000"
          }
        ]
      }
    },
    {
      "type": "Feature",
      "geometry": {
        "type": "Point",
        "coordinates": [
          -94.9838,
          40.98
        ]
      },
      "properties": {
        "camera_uri": "camera/59545991",
        "title": "US 34: RWIS - US 34 MM 49 @ Red Oak",
        "jpg_urls": [
          "https://atmsqf.iowadot.gov/snapshots/public/RWIS/RWIS_38-04.JPG?1774927320000",
          "https://atmsqf.iowadot.gov/snapshots/public/RWIS/RWIS_38-06.JPG?1774927320000",
          "https://atmsqf.iowadot.gov/snapshots/public/RWIS/RWIS_38-03.JPG?1774927320000",
          "https://atmsqf.iowadot.gov/snapshots/public/RWIS/RWIS_38-05.JPG?1774927320000",
          "https://atmsqf.iowadot.gov/snapshots/public/RWIS/RWIS_38-02.JPG?1774927320000"
        ],
        "m3u8_urls": [],
        "views": [
          {
            "uri": "camera/59545991/400727944",
            "category": "IMAGE",
            "jpg_url": "https://atmsqf.iowadot.gov/snapshots/public/RWIS/RWIS_38-04.JPG?1774927320000"
          },
          {
            "uri": "camera/59545991/2457916219",
            "category": "IMAGE",
            "jpg_url": "https://atmsqf.iowadot.gov/snapshots/public/RWIS/RWIS_38-06.JPG?1774927320000"
          },
          {
            "uri": "camera/59545991/788826046",
            "category": "IMAGE",
            "jpg_url": "https://atmsqf.iowadot.gov/snapshots/public/RWIS/RWIS_38-03.JPG?1774927320000"
          },
          {
            "uri": "camera/59545991/3062894532",
            "category": "IMAGE",
            "jpg_url": "https://atmsqf.iowadot.gov/snapshots/public/RWIS/RWIS_38-05.JPG?1774927320000"
          },
          {
            "uri": "camera/59545991/4180920511",
            "category": "IMAGE",
            "jpg_url": "https://atmsqf.iowadot.gov/snapshots/public/RWIS/RWIS_38-02.JPG?1774927320000"
          }
        ]
      }
    },
    {
      "type": "Feature",
      "geometry": {
        "type": "Point",
        "coordinates": [
          -94.308,
          41.04983
        ]
      },
      "properties": {
        "camera_uri": "camera/59546362",
        "title": "US 34: RWIS - US 34 MM 87 @ Creston",
        "jpg_urls": [
          "https://atmsqf.iowadot.gov/snapshots/public/RWIS/RWIS_13-06.JPG?1774927320000",
          "https://atmsqf.iowadot.gov/snapshots/public/RWIS/RWIS_13-03.JPG?1774927320000",
          "https://atmsqf.iowadot.gov/snapshots/public/RWIS/RWIS_13-04.JPG?1774927320000",
          "https://atmsqf.iowadot.gov/snapshots/public/RWIS/RWIS_13-02.JPG?1774927320000",
          "https://atmsqf.iowadot.gov/snapshots/public/RWIS/RWIS_13-05.JPG?1774927320000"
        ],
        "m3u8_urls": [],
        "views": [
          {
            "uri": "camera/59546362/3461365915",
            "category": "IMAGE",
            "jpg_url": "https://atmsqf.iowadot.gov/snapshots/public/RWIS/RWIS_13-06.JPG?1774927320000"
          },
          {
            "uri": "camera/59546362/970167341",
            "category": "IMAGE",
            "jpg_url": "https://atmsqf.iowadot.gov/snapshots/public/RWIS/RWIS_13-03.JPG?1774927320000"
          },
          {
            "uri": "camera/59546362/733031121",
            "category": "IMAGE",
            "jpg_url": "https://atmsqf.iowadot.gov/snapshots/public/RWIS/RWIS_13-04.JPG?1774927320000"
          },
          {
            "uri": "camera/59546362/834743751",
            "category": "IMAGE",
            "jpg_url": "https://atmsqf.iowadot.gov/snapshots/public/RWIS/RWIS_13-02.JPG?1774927320000"
          },
          {
            "uri": "camera/59546362/3062906445",
            "category": "IMAGE",
            "jpg_url": "https://atmsqf.iowadot.gov/snapshots/public/RWIS/RWIS_13-05.JPG?1774927320000"
          }
        ]
      }
    },
    {
      "type": "Feature",
      "geometry": {
        "type": "Point",
        "coordinates": [
          -95.54457,
          42.47558
        ]
      },
      "properties": {
        "camera_uri": "camera/59545763",
        "title": "US 59: D3 - US 20 @ US 59 Holstein (D3TV01)",
        "jpg_urls": [
          "https://atmsqf.iowadot.gov/snapshots/Public/Rural/D3TV01.jpg?1774927320000"
        ],
        "m3u8_urls": [],
        "views": [
          {
            "uri": "camera/59545763/2508686698",
            "category": "IMAGE",
            "jpg_url": "https://atmsqf.iowadot.gov/snapshots/Public/Rural/D3TV01.jpg?1774927320000"
          }
        ]
      }
    },
    {
      "type": "Feature",
      "geometry": {
        "type": "Point",
        "coordinates": [
          -95.54419,
          42.47556
        ]
      },
      "properties": {
        "camera_uri": "camera/59545897",
        "title": "US 59: D3 - US 20 @ US 59 Holstein - Quad (D3TV01Q)",
        "jpg_urls": [
          "https://atmsqf.iowadot.gov/snapshots/Public/Rural/D3TV01Q.jpg?1774927320000"
        ],
        "m3u8_urls": [],
        "views": [
          {
            "uri": "camera/59545897/548038743",
            "category": "IMAGE",
            "jpg_url": "https://atmsqf.iowadot.gov/snapshots/Public/Rural/D3TV01Q.jpg?1774927320000"
          }
        ]
      }
    },
    {
      "type": "Feature",
      "geometry": {
        "type": "Point",
        "coordinates": [
          -95.4783,
          42.3515
        ]
      },
      "properties": {
        "camera_uri": "camera/59546002",
        "title": "US 59: RWIS - US 59 MM 129 @ Ida Grove",
        "jpg_urls": [
          "https://atmsqf.iowadot.gov/snapshots/public/RWIS/RWIS_51-01.JPG?1774927320000",
          "https://atmsqf.iowadot.gov/snapshots/public/RWIS/RWIS_51-03.JPG?1774927320000",
          "https://atmsqf.iowadot.gov/snapshots/public/RWIS/RWIS_51-00.JPG?1774927320000",
          "https://atmsqf.iowadot.gov/snapshots/public/RWIS/RWIS_51-02.JPG?1774927320000"
        ],
        "m3u8_urls": [],
        "views": [
          {
            "uri": "camera/59546002/4191655629",
            "category": "IMAGE",
            "jpg_url": "https://atmsqf.iowadot.gov/snapshots/public/RWIS/RWIS_51-01.JPG?1774927320000"
          },
          {
            "uri": "camera/59546002/1637614545",
            "category": "IMAGE",
            "jpg_url": "https://atmsqf.iowadot.gov/snapshots/public/RWIS/RWIS_51-03.JPG?1774927320000"
          },
          {
            "uri": "camera/59546002/3728414346",
            "category": "IMAGE",
            "jpg_url": "https://atmsqf.iowadot.gov/snapshots/public/RWIS/RWIS_51-00.JPG?1774927320000"
          },
          {
            "uri": "camera/59546002/3059944647",
            "category": "IMAGE",
            "jpg_url": "https://atmsqf.iowadot.gov/snapshots/public/RWIS/RWIS_51-02.JPG?1774927320000"
          }
        ]
      }
    },
    {
      "type": "Feature",
      "geometry": {
        "type": "Point",
        "coordinates": [
          -95.3439,
          41.9157
        ]
      },
      "properties": {
        "camera_uri": "camera/59545679",
        "title": "US 59: RWIS - US 59 MM 95 @ Denison",
        "jpg_urls": [
          "https://atmsqf.iowadot.gov/snapshots/public/RWIS/RWIS_60-01.JPG?1774927320000",
          "https://atmsqf.iowadot.gov/snapshots/public/RWIS/RWIS_60-06.JPG?1774927320000",
          "https://atmsqf.iowadot.gov/snapshots/public/RWIS/RWIS_60-05.JPG?1774927320000",
          "https://atmsqf.iowadot.gov/snapshots/public/RWIS/RWIS_60-02.JPG?1774927320000",
          "https://atmsqf.iowadot.gov/snapshots/public/RWIS/RWIS_60-00.JPG?1774927320000"
        ],
        "m3u8_urls": [],
        "views": [
          {
            "uri": "camera/59545679/2427790227",
            "category": "IMAGE",
            "jpg_url": "https://atmsqf.iowadot.gov/snapshots/public/RWIS/RWIS_60-01.JPG?1774927320000"
          },
          {
            "uri": "camera/59545679/788817363",
            "category": "IMAGE",
            "jpg_url": "https://atmsqf.iowadot.gov/snapshots/public/RWIS/RWIS_60-06.JPG?1774927320000"
          },
          {
            "uri": "camera/59545679/1912356745",
            "category": "IMAGE",
            "jpg_url": "https://atmsqf.iowadot.gov/snapshots/public/RWIS/RWIS_60-05.JPG?1774927320000"
          },
          {
            "uri": "camera/59545679/403030686",
            "category": "IMAGE",
            "jpg_url": "https://atmsqf.iowadot.gov/snapshots/public/RWIS/RWIS_60-02.JPG?1774927320000"
          },
          {
            "uri": "camera/59545679/3278143694",
            "category": "IMAGE",
            "jpg_url": "https://atmsqf.iowadot.gov/snapshots/public/RWIS/RWIS_60-00.JPG?1774927320000"
          }
        ]
      }
    },
    {
      "type": "Feature",
      "geometry": {
        "type": "Point",
        "coordinates": [
          -90.66331,
          42.4954
        ]
      },
      "properties": {
        "camera_uri": "camera/59545844",
        "title": "US 61: DQ - US 61 @ 1st St - North (04)",
        "jpg_urls": [
          "https://iowadotsnapshot.us-east-1.skyvdn.com/thumbs/DQTV04lb.flv.jpg"
        ],
        "m3u8_urls": [
          "https://iowadotsfs2.us-east-1.skyvdn.com:443/rtplive/DQTV04lb/playlist.m3u8"
        ],
        "views": [
          {
            "uri": "camera/59545844/2269707690",
            "category": "VIDEO",
            "jpg_url": "https://iowadotsnapshot.us-east-1.skyvdn.com/thumbs/DQTV04lb.flv.jpg",
            "m3u8_url": "https://iowadotsfs2.us-east-1.skyvdn.com:443/rtplive/DQTV04lb/playlist.m3u8"
          }
        ]
      }
    },
    {
      "type": "Feature",
      "geometry": {
        "type": "Point",
        "coordinates": [
          -90.66033,
          42.50491
        ]
      },
      "properties": {
        "camera_uri": "camera/59546029",
        "title": "US 61: DQ - US 61 @ 9th St - North (31)",
        "jpg_urls": [
          "https://iowadotsnapshot.us-east-1.skyvdn.com/thumbs/dqtv31lb.flv.jpg"
        ],
        "m3u8_urls": [
          "https://iowadotsfs1.us-east-1.skyvdn.com:443/rtplive/dqtv31lb/playlist.m3u8"
        ],
        "views": [
          {
            "uri": "camera/59546029/3922375775",
            "category": "VIDEO",
            "jpg_url": "https://iowadotsnapshot.us-east-1.skyvdn.com/thumbs/dqtv31lb.flv.jpg",
            "m3u8_url": "https://iowadotsfs1.us-east-1.skyvdn.com:443/rtplive/dqtv31lb/playlist.m3u8"
          }
        ]
      }
    },
    {
      "type": "Feature",
      "geometry": {
        "type": "Point",
        "coordinates": [
          -90.66027,
          42.5049
        ]
      },
      "properties": {
        "camera_uri": "camera/59545930",
        "title": "US 61: DQ - US 61 @ 9th St - South (32)",
        "jpg_urls": [
          "https://iowadotsnapshot.us-east-1.skyvdn.com/thumbs/dqtv32lb.flv.jpg"
        ],
        "m3u8_urls": [
          "https://iowadotsfs2.us-east-1.skyvdn.com:443/rtplive/dqtv32lb/playlist.m3u8"
        ],
        "views": [
          {
            "uri": "camera/59545930/4011184902",
            "category": "VIDEO",
            "jpg_url": "https://iowadotsnapshot.us-east-1.skyvdn.com/thumbs/dqtv32lb.flv.jpg",
            "m3u8_url": "https://iowadotsfs2.us-east-1.skyvdn.com:443/rtplive/dqtv32lb/playlist.m3u8"
          }
        ]
      }
    },
    {
      "type": "Feature",
      "geometry": {
        "type": "Point",
        "coordinates": [
          -90.66986,
          42.46489
        ]
      },
      "properties": {
        "camera_uri": "camera/59546307",
        "title": "US 61: DQ - US 61 @ Catfish Creek DMS - South (02)",
        "jpg_urls": [
          "https://iowadotsnapshot.us-east-1.skyvdn.com/thumbs/DQTV02lb.flv.jpg"
        ],
        "m3u8_urls": [
          "https://iowadotsfs2.us-east-1.skyvdn.com:443/rtplive/DQTV02lb/playlist.m3u8"
        ],
        "views": [
          {
            "uri": "camera/59546307/613855109",
            "category": "VIDEO",
            "jpg_url": "https://iowadotsnapshot.us-east-1.skyvdn.com/thumbs/DQTV02lb.flv.jpg",
            "m3u8_url": "https://iowadotsfs2.us-east-1.skyvdn.com:443/rtplive/DQTV02lb/playlist.m3u8"
          }
        ]
      }
    },
    {
      "type": "Feature",
      "geometry": {
        "type": "Point",
        "coordinates": [
          -90.66783,
          42.48106
        ]
      },
      "properties": {
        "camera_uri": "camera/59545691",
        "title": "US 61: DQ - US 61 @ Grandview Truss - South (27)",
        "jpg_urls": [
          "https://iowadotsnapshot.us-east-1.skyvdn.com/thumbs/dqtv27lb.flv.jpg"
        ],
        "m3u8_urls": [
          "https://iowadotsfs1.us-east-1.skyvdn.com:443/rtplive/dqtv27lb/playlist.m3u8"
        ],
        "views": [
          {
            "uri": "camera/59545691/2220643712",
            "category": "VIDEO",
            "jpg_url": "https://iowadotsnapshot.us-east-1.skyvdn.com/thumbs/dqtv27lb.flv.jpg",
            "m3u8_url": "https://iowadotsfs1.us-east-1.skyvdn.com:443/rtplive/dqtv27lb/playlist.m3u8"
          }
        ]
      }
    },
    {
      "type": "Feature",
      "geometry": {
        "type": "Point",
        "coordinates": [
          -90.66267,
          42.49427
        ]
      },
      "properties": {
        "camera_uri": "camera/59545768",
        "title": "US 61: DQ - US 61 @ Locust Conn - South (03)",
        "jpg_urls": [
          "https://iowadotsnapshot.us-east-1.skyvdn.com/thumbs/dqtv03lb.flv.jpg"
        ],
        "m3u8_urls": [
          "https://iowadotsfs1.us-east-1.skyvdn.com:443/rtplive/dqtv03lb/playlist.m3u8"
        ],
        "views": [
          {
            "uri": "camera/59545768/3919792248",
            "category": "VIDEO",
            "jpg_url": "https://iowadotsnapshot.us-east-1.skyvdn.com/thumbs/dqtv03lb.flv.jpg",
            "m3u8_url": "https://iowadotsfs1.us-east-1.skyvdn.com:443/rtplive/dqtv03lb/playlist.m3u8"
          }
        ]
      }
    },
    {
      "type": "Feature",
      "geometry": {
        "type": "Point",
        "coordinates": [
          -90.67827,
          42.45458
        ]
      },
      "properties": {
        "camera_uri": "camera/59546083",
        "title": "US 61: DQ - US 61 @ Maquoketa Dr - South (28)",
        "jpg_urls": [
          "https://iowadotsnapshot.us-east-1.skyvdn.com/thumbs/dqtv28lb.flv.jpg"
        ],
        "m3u8_urls": [
          "https://iowadotsfs2.us-east-1.skyvdn.com:443/rtplive/dqtv28lb/playlist.m3u8"
        ],
        "views": [
          {
            "uri": "camera/59546083/613416229",
            "category": "VIDEO",
            "jpg_url": "https://iowadotsnapshot.us-east-1.skyvdn.com/thumbs/dqtv28lb.flv.jpg",
            "m3u8_url": "https://iowadotsfs2.us-east-1.skyvdn.com:443/rtplive/dqtv28lb/playlist.m3u8"
          }
        ]
      }
    },
    {
      "type": "Feature",
      "geometry": {
        "type": "Point",
        "coordinates": [
          -90.64222,
          42.51571
        ]
      },
      "properties": {
        "camera_uri": "camera/59545973",
        "title": "US 61: DQ - US 61 @ Mississippi River Bridge - East (05)",
        "jpg_urls": [
          "https://iowadotsnapshot.us-east-1.skyvdn.com/thumbs/dqtv05lb.flv.jpg"
        ],
        "m3u8_urls": [
          "https://iowadotsfs1.us-east-1.skyvdn.com:443/rtplive/dqtv05lb/playlist.m3u8"
        ],
        "views": [
          {
            "uri": "camera/59545973/2075469406",
            "category": "VIDEO",
            "jpg_url": "https://iowadotsnapshot.us-east-1.skyvdn.com/thumbs/dqtv05lb.flv.jpg",
            "m3u8_url": "https://iowadotsfs1.us-east-1.skyvdn.com:443/rtplive/dqtv05lb/playlist.m3u8"
          }
        ]
      }
    },
    {
      "type": "Feature",
      "geometry": {
        "type": "Point",
        "coordinates": [
          -90.64222,
          42.51571
        ]
      },
      "properties": {
        "camera_uri": "camera/59546072",
        "title": "US 61: DQ - US 61 @ Mississippi River Bridge - West (06)",
        "jpg_urls": [
          "https://iowadotsnapshot.us-east-1.skyvdn.com/thumbs/dqtv06lb.flv.jpg"
        ],
        "m3u8_urls": [
          "https://iowadotsfs2.us-east-1.skyvdn.com:443/rtplive/dqtv06lb/playlist.m3u8"
        ],
        "views": [
          {
            "uri": "camera/59546072/3308998251",
            "category": "VIDEO",
            "jpg_url": "https://iowadotsnapshot.us-east-1.skyvdn.com/thumbs/dqtv06lb.flv.jpg",
            "m3u8_url": "https://iowadotsfs2.us-east-1.skyvdn.com:443/rtplive/dqtv06lb/playlist.m3u8"
          }
        ]
      }
    },
    {
      "type": "Feature",
      "geometry": {
        "type": "Point",
        "coordinates": [
          -90.67324,
          42.45932
        ]
      },
      "properties": {
        "camera_uri": "camera/59546124",
        "title": "US 61: DQ - US 61 @ Twin Valley Dr (30)",
        "jpg_urls": [
          "https://iowadotsnapshot.us-east-1.skyvdn.com/thumbs/dqtv30lb.flv.jpg"
        ],
        "m3u8_urls": [
          "https://iowadotsfs2.us-east-1.skyvdn.com:443/rtplive/dqtv30lb/playlist.m3u8"
        ],
        "views": [
          {
            "uri": "camera/59546124/3121789287",
            "category": "VIDEO",
            "jpg_url": "https://iowadotsnapshot.us-east-1.skyvdn.com/thumbs/dqtv30lb.flv.jpg",
            "m3u8_url": "https://iowadotsfs2.us-east-1.skyvdn.com:443/rtplive/dqtv30lb/playlist.m3u8"
          }
        ]
      }
    },
    {
      "type": "Feature",
      "geometry": {
        "type": "Point",
        "coordinates": [
          -90.67291,
          42.45948
        ]
      },
      "properties": {
        "camera_uri": "camera/59546164",
        "title": "US 61: DQ - US 61 @ Twin Valley Dr - South (29)",
        "jpg_urls": [
          "https://iowadotsnapshot.us-east-1.skyvdn.com/thumbs/dqtv29lb.flv.jpg"
        ],
        "m3u8_urls": [
          "https://iowadotsfs1.us-east-1.skyvdn.com:443/rtplive/dqtv29lb/playlist.m3u8"
        ],
        "views": [
          {
            "uri": "camera/59546164/85296791",
            "category": "VIDEO",
            "jpg_url": "https://iowadotsnapshot.us-east-1.skyvdn.com/thumbs/dqtv29lb.flv.jpg",
            "m3u8_url": "https://iowadotsfs1.us-east-1.skyvdn.com:443/rtplive/dqtv29lb/playlist.m3u8"
          }
        ]
      }
    },
    {
      "type": "Feature",
      "geometry": {
        "type": "Point",
        "coordinates": [
          -90.6835,
          42.0685
        ]
      },
      "properties": {
        "camera_uri": "camera/59545642",
        "title": "US 61: RWIS - US 61 MM 159 @ Maquoketa",
        "jpg_urls": [
          "https://atmsqf.iowadot.gov/snapshots/public/RWIS/RWIS_28-03.JPG?1774927320000",
          "https://atmsqf.iowadot.gov/snapshots/public/RWIS/RWIS_28-05.JPG?1774927320000",
          "https://atmsqf.iowadot.gov/snapshots/public/RWIS/RWIS_28-04.JPG?1774927320000",
          "https://atmsqf.iowadot.gov/snapshots/public/RWIS/RWIS_28-00.JPG?1774927320000",
          "https://atmsqf.iowadot.gov/snapshots/public/RWIS/RWIS_28-07.JPG?1774927320000"
        ],
        "m3u8_urls": [],
        "views": [
          {
            "uri": "camera/59545642/3567188271",
            "category": "IMAGE",
            "jpg_url": "https://atmsqf.iowadot.gov/snapshots/public/RWIS/RWIS_28-03.JPG?1774927320000"
          },
          {
            "uri": "camera/59545642/863090926",
            "category": "IMAGE",
            "jpg_url": "https://atmsqf.iowadot.gov/snapshots/public/RWIS/RWIS_28-05.JPG?1774927320000"
          },
          {
            "uri": "camera/59545642/1980708408",
            "category": "IMAGE",
            "jpg_url": "https://atmsqf.iowadot.gov/snapshots/public/RWIS/RWIS_28-04.JPG?1774927320000"
          },
          {
            "uri": "camera/59545642/552300714",
            "category": "IMAGE",
            "jpg_url": "https://atmsqf.iowadot.gov/snapshots/public/RWIS/RWIS_28-00.JPG?1774927320000"
          },
          {
            "uri": "camera/59545642/48684574",
            "category": "IMAGE",
            "jpg_url": "https://atmsqf.iowadot.gov/snapshots/public/RWIS/RWIS_28-07.JPG?1774927320000"
          }
        ]
      }
    },
    {
      "type": "Feature",
      "geometry": {
        "type": "Point",
        "coordinates": [
          -92.40725,
          40.76305
        ]
      },
      "properties": {
        "camera_uri": "camera/59546304",
        "title": "US 63: 5BP - US 63 @ MM 17 (IWZ 3103)",
        "jpg_urls": [
          "https://iowadotsnapshot.us-east-1.skyvdn.com/thumbs/iwz3103lb.flv.jpg"
        ],
        "m3u8_urls": [
          "https://iowadotsfs1.us-east-1.skyvdn.com:443/rtplive/iwz3103lb/playlist.m3u8"
        ],
        "views": [
          {
            "uri": "camera/59546304/887157646",
            "category": "VIDEO",
            "jpg_url": "https://iowadotsnapshot.us-east-1.skyvdn.com/thumbs/iwz3103lb.flv.jpg",
            "m3u8_url": "https://iowadotsfs1.us-east-1.skyvdn.com:443/rtplive/iwz3103lb/playlist.m3u8"
          }
        ]
      }
    },
    {
      "type": "Feature",
      "geometry": {
        "type": "Point",
        "coordinates": [
          -92.51373,
          41.09444
        ]
      },
      "properties": {
        "camera_uri": "camera/59546331",
        "title": "US 63: D5 - US 63 @ Eddyville Rd (04)",
        "jpg_urls": [
          "https://atmsqf.iowadot.gov/snapshots/Public/Rural/D5TV04.jpg?1774927320000"
        ],
        "m3u8_urls": [],
        "views": [
          {
            "uri": "camera/59546331/974096367",
            "category": "IMAGE",
            "jpg_url": "https://atmsqf.iowadot.gov/snapshots/Public/Rural/D5TV04.jpg?1774927320000"
          }
        ]
      }
    },
    {
      "type": "Feature",
      "geometry": {
        "type": "Point",
        "coordinates": [
          -92.3377,
          42.50362
        ]
      },
      "properties": {
        "camera_uri": "camera/59545766",
        "title": "US 63: WL - US 63/E 1st St @ Franklin St - South (202C)",
        "jpg_urls": [
          "https://iowadotsnapshot.us-east-1.skyvdn.com/thumbs/wltv202clb.flv.jpg"
        ],
        "m3u8_urls": [
          "https://iowadotsfs1.us-east-1.skyvdn.com:443/rtplive/wltv202clb/playlist.m3u8"
        ],
        "views": [
          {
            "uri": "camera/59545766/1780059485",
            "category": "VIDEO",
            "jpg_url": "https://iowadotsnapshot.us-east-1.skyvdn.com/thumbs/wltv202clb.flv.jpg",
            "m3u8_url": "https://iowadotsfs1.us-east-1.skyvdn.com:443/rtplive/wltv202clb/playlist.m3u8"
          }
        ]
      }
    },
    {
      "type": "Feature",
      "geometry": {
        "type": "Point",
        "coordinates": [
          -92.33925,
          42.50181
        ]
      },
      "properties": {
        "camera_uri": "camera/59546377",
        "title": "US 63: WL - US 63/E 1st St @ Lafayette St (200C)",
        "jpg_urls": [
          "https://iowadotsnapshot.us-east-1.skyvdn.com/thumbs/wltv200clb.flv.jpg"
        ],
        "m3u8_urls": [
          "https://iowadotsfs1.us-east-1.skyvdn.com:443/rtplive/wltv200clb/playlist.m3u8"
        ],
        "views": [
          {
            "uri": "camera/59546377/2444803663",
            "category": "VIDEO",
            "jpg_url": "https://iowadotsnapshot.us-east-1.skyvdn.com/thumbs/wltv200clb.flv.jpg",
            "m3u8_url": "https://iowadotsfs1.us-east-1.skyvdn.com:443/rtplive/wltv200clb/playlist.m3u8"
          }
        ]
      }
    },
    {
      "type": "Feature",
      "geometry": {
        "type": "Point",
        "coordinates": [
          -92.33733,
          42.50484
        ]
      },
      "properties": {
        "camera_uri": "camera/59545978",
        "title": "US 63: WL - US 63/E Mullan Ave @ Almond St - North (208C)",
        "jpg_urls": [
          "https://iowadotsnapshot.us-east-1.skyvdn.com/thumbs/wltv208clb.flv.jpg"
        ],
        "m3u8_urls": [
          "https://iowadotsfs2.us-east-1.skyvdn.com:443/rtplive/wltv208clb/playlist.m3u8"
        ],
        "views": [
          {
            "uri": "camera/59545978/609513479",
            "category": "VIDEO",
            "jpg_url": "https://iowadotsnapshot.us-east-1.skyvdn.com/thumbs/wltv208clb.flv.jpg",
            "m3u8_url": "https://iowadotsfs2.us-east-1.skyvdn.com:443/rtplive/wltv208clb/playlist.m3u8"
          }
        ]
      }
    },
    {
      "type": "Feature",
      "geometry": {
        "type": "Point",
        "coordinates": [
          -92.33667,
          42.50772
        ]
      },
      "properties": {
        "camera_uri": "camera/59546300",
        "title": "US 63: WL - US 63/E Mullan Ave @ Dane St - North (209C)",
        "jpg_urls": [
          "https://iowadotsnapshot.us-east-1.skyvdn.com/thumbs/wltv209clb.flv.jpg"
        ],
        "m3u8_urls": [
          "https://iowadotsfs2.us-east-1.skyvdn.com:443/rtplive/wltv209clb/playlist.m3u8"
        ],
        "views": [
          {
            "uri": "camera/59546300/4143007309",
            "category": "VIDEO",
            "jpg_url": "https://iowadotsnapshot.us-east-1.skyvdn.com/thumbs/wltv209clb.flv.jpg",
            "m3u8_url": "https://iowadotsfs2.us-east-1.skyvdn.com:443/rtplive/wltv209clb/playlist.m3u8"
          }
        ]
      }
    },
    {
      "type": "Feature",
      "geometry": {
        "type": "Point",
        "coordinates": [
          -92.3367,
          42.51316
        ]
      },
      "properties": {
        "camera_uri": "camera/59545689",
        "title": "US 63: WL - US 63/E Mullan Ave @ Newell St - North (210C)",
        "jpg_urls": [
          "https://iowadotsnapshot.us-east-1.skyvdn.com/thumbs/wltv210clb.flv.jpg"
        ],
        "m3u8_urls": [
          "https://iowadotsfs2.us-east-1.skyvdn.com:443/rtplive/wltv210clb/playlist.m3u8"
        ],
        "views": [
          {
            "uri": "camera/59545689/3092142898",
            "category": "VIDEO",
            "jpg_url": "https://iowadotsnapshot.us-east-1.skyvdn.com/thumbs/wltv210clb.flv.jpg",
            "m3u8_url": "https://iowadotsfs2.us-east-1.skyvdn.com:443/rtplive/wltv210clb/playlist.m3u8"
          }
        ]
      }
    },
    {
      "type": "Feature",
      "geometry": {
        "type": "Point",
        "coordinates": [
          -92.3367,
          42.51316
        ]
      },
      "properties": {
        "camera_uri": "camera/59545719",
        "title": "US 63: WL - US 63/E Mullan Ave @ Newell St - South (211C)",
        "jpg_urls": [
          "https://iowadotsnapshot.us-east-1.skyvdn.com/thumbs/wltv211clb.flv.jpg"
        ],
        "m3u8_urls": [
          "https://iowadotsfs2.us-east-1.skyvdn.com:443/rtplive/wltv211clb/playlist.m3u8"
        ],
        "views": [
          {
            "uri": "camera/59545719/3395875337",
            "category": "VIDEO",
            "jpg_url": "https://iowadotsnapshot.us-east-1.skyvdn.com/thumbs/wltv211clb.flv.jpg",
            "m3u8_url": "https://iowadotsfs2.us-east-1.skyvdn.com:443/rtplive/wltv211clb/playlist.m3u8"
          }
        ]
      }
    },
    {
      "type": "Feature",
      "geometry": {
        "type": "Point",
        "coordinates": [
          -92.33771,
          42.52579
        ]
      },
      "properties": {
        "camera_uri": "camera/59546226",
        "title": "US 63: WL - US 63/Logan Ave @ Dale St - North (216C)",
        "jpg_urls": [
          "https://iowadotsnapshot.us-east-1.skyvdn.com/thumbs/wltv216clb.flv.jpg"
        ],
        "m3u8_urls": [
          "https://iowadotsfs2.us-east-1.skyvdn.com:443/rtplive/wltv216clb/playlist.m3u8"
        ],
        "views": [
          {
            "uri": "camera/59546226/2179948696",
            "category": "VIDEO",
            "jpg_url": "https://iowadotsnapshot.us-east-1.skyvdn.com/thumbs/wltv216clb.flv.jpg",
            "m3u8_url": "https://iowadotsfs2.us-east-1.skyvdn.com:443/rtplive/wltv216clb/playlist.m3u8"
          }
        ]
      }
    },
    {
      "type": "Feature",
      "geometry": {
        "type": "Point",
        "coordinates": [
          -92.33771,
          42.52579
        ]
      },
      "properties": {
        "camera_uri": "camera/59546270",
        "title": "US 63: WL - US 63/Logan Ave @ Dale St - South (217C)",
        "jpg_urls": [
          "https://iowadotsnapshot.us-east-1.skyvdn.com/thumbs/wltv217clb.flv.jpg"
        ],
        "m3u8_urls": [
          "https://iowadotsfs2.us-east-1.skyvdn.com:443/rtplive/wltv217clb/playlist.m3u8"
        ],
        "views": [
          {
            "uri": "camera/59546270/2822100931",
            "category": "VIDEO",
            "jpg_url": "https://iowadotsnapshot.us-east-1.skyvdn.com/thumbs/wltv217clb.flv.jpg",
            "m3u8_url": "https://iowadotsfs2.us-east-1.skyvdn.com:443/rtplive/wltv217clb/playlist.m3u8"
          }
        ]
      }
    },
    {
      "type": "Feature",
      "geometry": {
        "type": "Point",
        "coordinates": [
          -92.33765,
          42.52761
        ]
      },
      "properties": {
        "camera_uri": "camera/59546161",
        "title": "US 63: WL - US 63/Logan Ave @ Donald St - North (218C)",
        "jpg_urls": [
          "https://iowadotsnapshot.us-east-1.skyvdn.com/thumbs/wltv218clb.flv.jpg"
        ],
        "m3u8_urls": [
          "https://iowadotsfs2.us-east-1.skyvdn.com:443/rtplive/wltv218clb/playlist.m3u8"
        ],
        "views": [
          {
            "uri": "camera/59546161/2716256726",
            "category": "VIDEO",
            "jpg_url": "https://iowadotsnapshot.us-east-1.skyvdn.com/thumbs/wltv218clb.flv.jpg",
            "m3u8_url": "https://iowadotsfs2.us-east-1.skyvdn.com:443/rtplive/wltv218clb/playlist.m3u8"
          }
        ]
      }
    },
    {
      "type": "Feature",
      "geometry": {
        "type": "Point",
        "coordinates": [
          -92.33765,
          42.52761
        ]
      },
      "properties": {
        "camera_uri": "camera/59546092",
        "title": "US 63: WL - US 63/Logan Ave @ Donald St - South (219C)",
        "jpg_urls": [
          "https://iowadotsnapshot.us-east-1.skyvdn.com/thumbs/wltv219clb.flv.jpg"
        ],
        "m3u8_urls": [
          "https://iowadotsfs2.us-east-1.skyvdn.com:443/rtplive/wltv219clb/playlist.m3u8"
        ],
        "views": [
          {
            "uri": "camera/59546092/15933709",
            "category": "VIDEO",
            "jpg_url": "https://iowadotsnapshot.us-east-1.skyvdn.com/thumbs/wltv219clb.flv.jpg",
            "m3u8_url": "https://iowadotsfs2.us-east-1.skyvdn.com:443/rtplive/wltv219clb/playlist.m3u8"
          }
        ]
      }
    },
    {
      "type": "Feature",
      "geometry": {
        "type": "Point",
        "coordinates": [
          -92.33788,
          42.52124
        ]
      },
      "properties": {
        "camera_uri": "camera/59546017",
        "title": "US 63: WL - US 63/Logan Ave @ Esther St - North (214C)",
        "jpg_urls": [
          "https://iowadotsnapshot.us-east-1.skyvdn.com/thumbs/wltv214clb.flv.jpg"
        ],
        "m3u8_urls": [
          "https://iowadotsfs2.us-east-1.skyvdn.com:443/rtplive/wltv214clb/playlist.m3u8"
        ],
        "views": [
          {
            "uri": "camera/59546017/2653643467",
            "category": "VIDEO",
            "jpg_url": "https://iowadotsnapshot.us-east-1.skyvdn.com/thumbs/wltv214clb.flv.jpg",
            "m3u8_url": "https://iowadotsfs2.us-east-1.skyvdn.com:443/rtplive/wltv214clb/playlist.m3u8"
          }
        ]
      }
    },
    {
      "type": "Feature",
      "geometry": {
        "type": "Point",
        "coordinates": [
          -92.33788,
          42.52124
        ]
      },
      "properties": {
        "camera_uri": "camera/59545923",
        "title": "US 63: WL - US 63/Logan Ave @ Esther St - South (215C)",
        "jpg_urls": [
          "https://iowadotsnapshot.us-east-1.skyvdn.com/thumbs/wltv215clb.flv.jpg"
        ],
        "m3u8_urls": [
          "https://iowadotsfs2.us-east-1.skyvdn.com:443/rtplive/wltv215clb/playlist.m3u8"
        ],
        "views": [
          {
            "uri": "camera/59545923/1024420880",
            "category": "VIDEO",
            "jpg_url": "https://iowadotsnapshot.us-east-1.skyvdn.com/thumbs/wltv215clb.flv.jpg",
            "m3u8_url": "https://iowadotsfs2.us-east-1.skyvdn.com:443/rtplive/wltv215clb/playlist.m3u8"
          }
        ]
      }
    },
    {
      "type": "Feature",
      "geometry": {
        "type": "Point",
        "coordinates": [
          -92.33771,
          42.51671
        ]
      },
      "properties": {
        "camera_uri": "camera/59546327",
        "title": "US 63: WL - US 63/Logan Ave @ Parker St - North (212C)",
        "jpg_urls": [
          "https://iowadotsnapshot.us-east-1.skyvdn.com/thumbs/wltv212clb.flv.jpg"
        ],
        "m3u8_urls": [
          "https://iowadotsfs2.us-east-1.skyvdn.com:443/rtplive/wltv212clb/playlist.m3u8"
        ],
        "views": [
          {
            "uri": "camera/59546327/1319128559",
            "category": "VIDEO",
            "jpg_url": "https://iowadotsnapshot.us-east-1.skyvdn.com/thumbs/wltv212clb.flv.jpg",
            "m3u8_url": "https://iowadotsfs2.us-east-1.skyvdn.com:443/rtplive/wltv212clb/playlist.m3u8"
          }
        ]
      }
    },
    {
      "type": "Feature",
      "geometry": {
        "type": "Point",
        "coordinates": [
          -92.33771,
          42.51672
        ]
      },
      "properties": {
        "camera_uri": "camera/59546321",
        "title": "US 63: WL - US 63/Logan Ave @ Parker St - South (213C)",
        "jpg_urls": [
          "https://iowadotsnapshot.us-east-1.skyvdn.com/thumbs/wltv213clb.flv.jpg"
        ],
        "m3u8_urls": [
          "https://iowadotsfs2.us-east-1.skyvdn.com:443/rtplive/wltv213clb/playlist.m3u8"
        ],
        "views": [
          {
            "uri": "camera/59546321/1640400372",
            "category": "VIDEO",
            "jpg_url": "https://iowadotsnapshot.us-east-1.skyvdn.com/thumbs/wltv213clb.flv.jpg",
            "m3u8_url": "https://iowadotsfs2.us-east-1.skyvdn.com:443/rtplive/wltv213clb/playlist.m3u8"
          }
        ]
      }
    },
    {
      "type": "Feature",
      "geometry": {
        "type": "Point",
        "coordinates": [
          -92.35475,
          42.49572
        ]
      },
      "properties": {
        "camera_uri": "camera/59545809",
        "title": "US 63: WL - US 63/Sergeant Rd @ University Ave - North (206C)",
        "jpg_urls": [
          "https://iowadotsnapshot.us-east-1.skyvdn.com/thumbs/wltv206clb.flv.jpg"
        ],
        "m3u8_urls": [
          "https://iowadotsfs2.us-east-1.skyvdn.com:443/rtplive/wltv206clb/playlist.m3u8"
        ],
        "views": [
          {
            "uri": "camera/59545809/2886218006",
            "category": "VIDEO",
            "jpg_url": "https://iowadotsnapshot.us-east-1.skyvdn.com/thumbs/wltv206clb.flv.jpg",
            "m3u8_url": "https://iowadotsfs2.us-east-1.skyvdn.com:443/rtplive/wltv206clb/playlist.m3u8"
          }
        ]
      }
    },
    {
      "type": "Feature",
      "geometry": {
        "type": "Point",
        "coordinates": [
          -92.35474,
          42.49574
        ]
      },
      "properties": {
        "camera_uri": "camera/59546102",
        "title": "US 63: WL - US 63/Sergeant Rd @ University Ave - South (207C)",
        "jpg_urls": [
          "https://iowadotsnapshot.us-east-1.skyvdn.com/thumbs/wltv207clb.flv.jpg"
        ],
        "m3u8_urls": [
          "https://iowadotsfs2.us-east-1.skyvdn.com:443/rtplive/wltv207clb/playlist.m3u8"
        ],
        "views": [
          {
            "uri": "camera/59546102/3537607341",
            "category": "VIDEO",
            "jpg_url": "https://iowadotsnapshot.us-east-1.skyvdn.com/thumbs/wltv207clb.flv.jpg",
            "m3u8_url": "https://iowadotsfs2.us-east-1.skyvdn.com:443/rtplive/wltv207clb/playlist.m3u8"
          }
        ]
      }
    },
    {
      "type": "Feature",
      "geometry": {
        "type": "Point",
        "coordinates": [
          -92.34504,
          42.49862
        ]
      },
      "properties": {
        "camera_uri": "camera/59545968",
        "title": "US 63: WL - US 63/W Mullan Ave @ Commercial St - North (203C)",
        "jpg_urls": [
          "https://iowadotsnapshot.us-east-1.skyvdn.com/thumbs/wltv203clb.flv.jpg"
        ],
        "m3u8_urls": [
          "https://iowadotsfs1.us-east-1.skyvdn.com:443/rtplive/wltv203clb/playlist.m3u8"
        ],
        "views": [
          {
            "uri": "camera/59545968/714253223",
            "category": "VIDEO",
            "jpg_url": "https://iowadotsnapshot.us-east-1.skyvdn.com/thumbs/wltv203clb.flv.jpg",
            "m3u8_url": "https://iowadotsfs1.us-east-1.skyvdn.com:443/rtplive/wltv203clb/playlist.m3u8"
          }
        ]
      }
    },
    {
      "type": "Feature",
      "geometry": {
        "type": "Point",
        "coordinates": [
          -92.3384,
          42.50408
        ]
      },
      "properties": {
        "camera_uri": "camera/59545755",
        "title": "US 63: WL - US 63/W Mullan Ave @ Franklin St (205C)",
        "jpg_urls": [
          "https://iowadotsnapshot.us-east-1.skyvdn.com/thumbs/wltv205clb.flv.jpg"
        ],
        "m3u8_urls": [
          "https://iowadotsfs1.us-east-1.skyvdn.com:443/rtplive/wltv205clb/playlist.m3u8"
        ],
        "views": [
          {
            "uri": "camera/59545755/3547176132",
            "category": "VIDEO",
            "jpg_url": "https://iowadotsnapshot.us-east-1.skyvdn.com/thumbs/wltv205clb.flv.jpg",
            "m3u8_url": "https://iowadotsfs1.us-east-1.skyvdn.com:443/rtplive/wltv205clb/playlist.m3u8"
          }
        ]
      }
    },
    {
      "type": "Feature",
      "geometry": {
        "type": "Point",
        "coordinates": [
          -92.34592,
          42.49794
        ]
      },
      "properties": {
        "camera_uri": "camera/59546135",
        "title": "US 63: WL - US 63/W Mullan Ave @ Jefferson St - North (204C)",
        "jpg_urls": [
          "https://iowadotsnapshot.us-east-1.skyvdn.com/thumbs/wltv204clb.flv.jpg"
        ],
        "m3u8_urls": [
          "https://iowadotsfs1.us-east-1.skyvdn.com:443/rtplive/wltv204clb/playlist.m3u8"
        ],
        "views": [
          {
            "uri": "camera/59546135/1645416278",
            "category": "VIDEO",
            "jpg_url": "https://iowadotsnapshot.us-east-1.skyvdn.com/thumbs/wltv204clb.flv.jpg",
            "m3u8_url": "https://iowadotsfs1.us-east-1.skyvdn.com:443/rtplive/wltv204clb/playlist.m3u8"
          }
        ]
      }
    },
    {
      "type": "Feature",
      "geometry": {
        "type": "Point",
        "coordinates": [
          -92.31018,
          43.08533
        ]
      },
      "properties": {
        "camera_uri": "camera/59545761",
        "title": "US 63: WWD - US 63 North side of New Hampton (52)",
        "jpg_urls": [
          "https://atmsqf.iowadot.gov/snapshots/Public/WWD/WWD52.jpg?1774927320000"
        ],
        "m3u8_urls": [],
        "views": [
          {
            "uri": "camera/59545761/961161321",
            "category": "IMAGE",
            "jpg_url": "https://atmsqf.iowadot.gov/snapshots/Public/WWD/WWD52.jpg?1774927320000"
          }
        ]
      }
    },
    {
      "type": "Feature",
      "geometry": {
        "type": "Point",
        "coordinates": [
          -93.55968,
          41.47204
        ]
      },
      "properties": {
        "camera_uri": "camera/59545780",
        "title": "US 65: D1 - US 65 @ Scotch Ridge Rd ICWS (12)",
        "jpg_urls": [
          "https://iowadotsnapshot.us-east-1.skyvdn.com/thumbs/D1TV12lb.flv.jpg"
        ],
        "m3u8_urls": [
          "https://iowadotsfs1.us-east-1.skyvdn.com:443/rtplive/D1TV12lb/playlist.m3u8"
        ],
        "views": [
          {
            "uri": "camera/59545780/2694711071",
            "category": "VIDEO",
            "jpg_url": "https://iowadotsnapshot.us-east-1.skyvdn.com/thumbs/D1TV12lb.flv.jpg",
            "m3u8_url": "https://iowadotsfs1.us-east-1.skyvdn.com:443/rtplive/D1TV12lb/playlist.m3u8"
          }
        ]
      }
    },
    {
      "type": "Feature",
      "geometry": {
        "type": "Point",
        "coordinates": [
          -93.55868,
          41.47207
        ]
      },
      "properties": {
        "camera_uri": "camera/59545741",
        "title": "US 65: D1 - US 65 @ Scotch Ridge Rd ICWS QUAD (12Q)",
        "jpg_urls": [
          "https://iowadotsnapshot.us-east-1.skyvdn.com/thumbs/D1TV12Qlb.flv.jpg"
        ],
        "m3u8_urls": [
          "https://iowadotsfs1.us-east-1.skyvdn.com:443/rtplive/D1TV12Qlb/playlist.m3u8"
        ],
        "views": [
          {
            "uri": "camera/59545741/2375364975",
            "category": "VIDEO",
            "jpg_url": "https://iowadotsnapshot.us-east-1.skyvdn.com/thumbs/D1TV12Qlb.flv.jpg",
            "m3u8_url": "https://iowadotsfs1.us-east-1.skyvdn.com:443/rtplive/D1TV12Qlb/playlist.m3u8"
          }
        ]
      }
    },
    {
      "type": "Feature",
      "geometry": {
        "type": "Point",
        "coordinates": [
          -93.51914,
          41.52482
        ]
      },
      "properties": {
        "camera_uri": "camera/59546278",
        "title": "US 65: DM - US 65 @ Army Post Rd (30)",
        "jpg_urls": [
          "https://iowadotsnapshot.us-east-1.skyvdn.com/thumbs/dmtv30lb.flv.jpg"
        ],
        "m3u8_urls": [
          "https://iowadotsfs2.us-east-1.skyvdn.com:443/rtplive/dmtv30lb/playlist.m3u8"
        ],
        "views": [
          {
            "uri": "camera/59546278/2797150703",
            "category": "VIDEO",
            "jpg_url": "https://iowadotsnapshot.us-east-1.skyvdn.com/thumbs/dmtv30lb.flv.jpg",
            "m3u8_url": "https://iowadotsfs2.us-east-1.skyvdn.com:443/rtplive/dmtv30lb/playlist.m3u8"
          }
        ]
      }
    },
    {
      "type": "Feature",
      "geometry": {
        "type": "Point",
        "coordinates": [
          -93.52745,
          41.51115
        ]
      },
      "properties": {
        "camera_uri": "camera/59546210",
        "title": "US 65: DM - US 65 @ IA 5 (31)",
        "jpg_urls": [
          "https://iowadotsnapshot.us-east-1.skyvdn.com/thumbs/dmtv31lb.flv.jpg"
        ],
        "m3u8_urls": [
          "https://iowadotsfs2.us-east-1.skyvdn.com:443/rtplive/dmtv31lb/playlist.m3u8"
        ],
        "views": [
          {
            "uri": "camera/59546210/1163992026",
            "category": "VIDEO",
            "jpg_url": "https://iowadotsnapshot.us-east-1.skyvdn.com/thumbs/dmtv31lb.flv.jpg",
            "m3u8_url": "https://iowadotsfs2.us-east-1.skyvdn.com:443/rtplive/dmtv31lb/playlist.m3u8"
          }
        ]
      }
    },
    {
      "type": "Feature",
      "geometry": {
        "type": "Point",
        "coordinates": [
          -93.50993,
          41.64384
        ]
      },
      "properties": {
        "camera_uri": "camera/59545938",
        "title": "US 65: DM - US 65 @ NE 46th (27)",
        "jpg_urls": [
          "https://iowadotsnapshot.us-east-1.skyvdn.com/thumbs/dmtv027lb.flv.jpg"
        ],
        "m3u8_urls": [
          "https://iowadotsfs2.us-east-1.skyvdn.com:443/rtplive/dmtv027lb/playlist.m3u8"
        ],
        "views": [
          {
            "uri": "camera/59545938/1590768597",
            "category": "VIDEO",
            "jpg_url": "https://iowadotsnapshot.us-east-1.skyvdn.com/thumbs/dmtv027lb.flv.jpg",
            "m3u8_url": "https://iowadotsfs2.us-east-1.skyvdn.com:443/rtplive/dmtv027lb/playlist.m3u8"
          }
        ]
      }
    },
    {
      "type": "Feature",
      "geometry": {
        "type": "Point",
        "coordinates": [
          -93.49728,
          41.59877
        ]
      },
      "properties": {
        "camera_uri": "camera/59545915",
        "title": "US 65: DM - US 65 @ University (28)",
        "jpg_urls": [
          "https://iowadotsnapshot.us-east-1.skyvdn.com/thumbs/dmtv028lb.flv.jpg"
        ],
        "m3u8_urls": [
          "https://iowadotsfs2.us-east-1.skyvdn.com:443/rtplive/dmtv028lb/playlist.m3u8"
        ],
        "views": [
          {
            "uri": "camera/59545915/1976075755",
            "category": "VIDEO",
            "jpg_url": "https://iowadotsnapshot.us-east-1.skyvdn.com/thumbs/dmtv028lb.flv.jpg",
            "m3u8_url": "https://iowadotsfs2.us-east-1.skyvdn.com:443/rtplive/dmtv028lb/playlist.m3u8"
          }
        ]
      }
    },
    {
      "type": "Feature",
      "geometry": {
        "type": "Point",
        "coordinates": [
          -93.51314,
          41.57229
        ]
      },
      "properties": {
        "camera_uri": "camera/59546217",
        "title": "US 65: DM - US 65 @ Vandalia (29)",
        "jpg_urls": [
          "https://iowadotsnapshot.us-east-1.skyvdn.com/thumbs/dmtv029lb.flv.jpg"
        ],
        "m3u8_urls": [
          "https://iowadotsfs2.us-east-1.skyvdn.com:443/rtplive/dmtv029lb/playlist.m3u8"
        ],
        "views": [
          {
            "uri": "camera/59546217/3999982646",
            "category": "VIDEO",
            "jpg_url": "https://iowadotsnapshot.us-east-1.skyvdn.com/thumbs/dmtv029lb.flv.jpg",
            "m3u8_url": "https://iowadotsfs2.us-east-1.skyvdn.com:443/rtplive/dmtv029lb/playlist.m3u8"
          }
        ]
      }
    },
    {
      "type": "Feature",
      "geometry": {
        "type": "Point",
        "coordinates": [
          -93.50969,
          41.64331
        ]
      },
      "properties": {
        "camera_uri": "camera/59546088",
        "title": "US 65: WWD - US 65 @ 8th St SW (33)",
        "jpg_urls": [
          "https://iowadotsnapshot.us-east-1.skyvdn.com/thumbs/wwdtv033lb.flv.jpg"
        ],
        "m3u8_urls": [
          "https://iowadotsfs1.us-east-1.skyvdn.com:443/rtplive/wwdtv033lb/playlist.m3u8"
        ],
        "views": [
          {
            "uri": "camera/59546088/435515855",
            "category": "VIDEO",
            "jpg_url": "https://iowadotsnapshot.us-east-1.skyvdn.com/thumbs/wwdtv033lb.flv.jpg",
            "m3u8_url": "https://iowadotsfs1.us-east-1.skyvdn.com:443/rtplive/wwdtv033lb/playlist.m3u8"
          }
        ]
      }
    },
    {
      "type": "Feature",
      "geometry": {
        "type": "Point",
        "coordinates": [
          -93.29911,
          41.81434
        ]
      },
      "properties": {
        "camera_uri": "camera/59546324",
        "title": "US 65: WWD - US 65 @ IA 330 near Mingo (48)",
        "jpg_urls": [
          "https://atmsqf.iowadot.gov/snapshots/Public/WWD/WWD48.jpg?1774927320000"
        ],
        "m3u8_urls": [],
        "views": [
          {
            "uri": "camera/59546324/1234167014",
            "category": "IMAGE",
            "jpg_url": "https://atmsqf.iowadot.gov/snapshots/Public/WWD/WWD48.jpg?1774927320000"
          }
        ]
      }
    },
    {
      "type": "Feature",
      "geometry": {
        "type": "Point",
        "coordinates": [
          -93.60057,
          41.72724
        ]
      },
      "properties": {
        "camera_uri": "camera/59546361",
        "title": "US 69: 1FH - US 69 @ MM 94.75 (IWZ5788)",
        "jpg_urls": [
          "https://iowadotsnapshot.us-east-1.skyvdn.com/thumbs/iwz5788lb.flv.jpg"
        ],
        "m3u8_urls": [
          "https://iowadotsfs2.us-east-1.skyvdn.com:443/rtplive/iwz5788lb/playlist.m3u8"
        ],
        "views": [
          {
            "uri": "camera/59546361/2050835960",
            "category": "VIDEO",
            "jpg_url": "https://iowadotsnapshot.us-east-1.skyvdn.com/thumbs/iwz5788lb.flv.jpg",
            "m3u8_url": "https://iowadotsfs2.us-east-1.skyvdn.com:443/rtplive/iwz5788lb/playlist.m3u8"
          }
        ]
      }
    },
    {
      "type": "Feature",
      "geometry": {
        "type": "Point",
        "coordinates": [
          -93.60056,
          41.73021
        ]
      },
      "properties": {
        "camera_uri": "camera/59545795",
        "title": "US 69: 1FH - US 69 @ MM 95 (IWZ5786)",
        "jpg_urls": [
          "https://iowadotsnapshot.us-east-1.skyvdn.com/thumbs/iwz5786lb.flv.jpg"
        ],
        "m3u8_urls": [
          "https://iowadotsfs2.us-east-1.skyvdn.com:443/rtplive/iwz5786lb/playlist.m3u8"
        ],
        "views": [
          {
            "uri": "camera/59545795/3940516347",
            "category": "VIDEO",
            "jpg_url": "https://iowadotsnapshot.us-east-1.skyvdn.com/thumbs/iwz5786lb.flv.jpg",
            "m3u8_url": "https://iowadotsfs2.us-east-1.skyvdn.com:443/rtplive/iwz5786lb/playlist.m3u8"
          }
        ]
      }
    },
    {
      "type": "Feature",
      "geometry": {
        "type": "Point",
        "coordinates": [
          -95.1515,
          42.7475
        ]
      },
      "properties": {
        "camera_uri": "camera/59545858",
        "title": "US 71: RWIS - US 71 MM 177 @ Storm Lake",
        "jpg_urls": [
          "https://atmsqf.iowadot.gov/snapshots/Public/RWIS/RWIS_43-04.jpg?1774927320000",
          "https://atmsqf.iowadot.gov/snapshots/public/RWIS/RWIS_43-05.JPG?1774927320000",
          "https://atmsqf.iowadot.gov/snapshots/public/RWIS/RWIS_43-02.JPG?1774927320000",
          "https://atmsqf.iowadot.gov/snapshots/public/RWIS/RWIS_43-03.JPG?1774927320000",
          "https://atmsqf.iowadot.gov/snapshots/public/RWIS/RWIS_43-00.JPG?1774927320000"
        ],
        "m3u8_urls": [],
        "views": [
          {
            "uri": "camera/59545858/4274112130",
            "category": "IMAGE",
            "jpg_url": "https://atmsqf.iowadot.gov/snapshots/Public/RWIS/RWIS_43-04.jpg?1774927320000"
          },
          {
            "uri": "camera/59545858/400722660",
            "category": "IMAGE",
            "jpg_url": "https://atmsqf.iowadot.gov/snapshots/public/RWIS/RWIS_43-05.JPG?1774927320000"
          },
          {
            "uri": "camera/59545858/1912355784",
            "category": "IMAGE",
            "jpg_url": "https://atmsqf.iowadot.gov/snapshots/public/RWIS/RWIS_43-02.JPG?1774927320000"
          },
          {
            "uri": "camera/59545858/2521123799",
            "category": "IMAGE",
            "jpg_url": "https://atmsqf.iowadot.gov/snapshots/public/RWIS/RWIS_43-03.JPG?1774927320000"
          },
          {
            "uri": "camera/59545858/1997605426",
            "category": "IMAGE",
            "jpg_url": "https://atmsqf.iowadot.gov/snapshots/public/RWIS/RWIS_43-00.JPG?1774927320000"
          }
        ]
      }
    }
  ]
}