{
  "type": "FeatureCollection",
  "features": [
    {
      "type": "Feature",
      "geometry": {
        "type": "Point",
        "coordinates": [
          -97.57406,
          35.39637
        ]
      },
      "properties": {
        "id": 1103130967,
        "location": "I-44 & I-240 N",
        "poleName": "I-44 & I-240",
        "direction": "N",
        "city": "Oklahoma City",
        "make": "Axis",
        "model": "P1347",
        "type": "Web",
        "status": "Free",
        "cameraId": 0,
        "port": 6969,
        "videoChannel": 0,
        "urlVar": "axis-media/media.amp?resolution=800x600&camera=2",
        "videoProfile": 1,
        "needsTimeoutPlayer": false,
        "recordTime": "2026-02-19 23:40:43",
        "workzoneId": 0,
        "streamName": "I-44 & I-240 N",
        "streamSrc": "https://stream.oktraffic.org/delay-stream/694098df724a4fc8.stream/playlist.m3u8",
        "streamKey": "694098df724a4fc8.stream"
      }
    },
    {
      "type": "Feature",
      "geometry": {
        "type": "Point",
        "coordinates": [
          -97.57406,
          35.39637
        ]
      },
      "properties": {
        "id": 1103131100,
        "location": "I-44 & I-240 S",
        "poleName": "I-44 & I-240",
        "direction": "S",
        "city": "Oklahoma City",
        "make": "Axis",
        "model": "P1357",
        "type": "Web",
        "status": "Free",
        "cameraId": 0,
        "port": 6969,
        "videoChannel": 0,
        "urlVar": "axis-media/media.amp?resolution=800x600&camera=2",
        "videoProfile": 1,
        "needsTimeoutPlayer": false,
        "recordTime": "2026-02-19 23:40:43",
        "workzoneId": 0,
        "streamName": "I-44 & I-240 S",
        "streamSrc": "https://stream.oktraffic.org/delay-stream/c6f3faf3bc7b08cf.stream/playlist.m3u8",
        "streamKey": "c6f3faf3bc7b08cf.stream"
      }
    },
    {
      "type": "Feature",
      "geometry": {
        "type": "Point",
        "coordinates": [
          -97.57711,
          35.40667
        ]
      },
      "properties": {
        "id": 1103131489,
        "location": "I-44 & S59th N",
        "poleName": "I-44 & S 59th",
        "direction": "N",
        "city": "Oklahoma City",
        "make": "Axis",
        "model": "P1357",
        "type": "Web",
        "status": "Free",
        "cameraId": 0,
        "port": 6969,
        "videoChannel": 0,
        "urlVar": "axis-media/media.amp?resolution=800x600&camera=2",
        "videoProfile": 1,
        "needsTimeoutPlayer": false,
        "recordTime": "2026-02-19 23:40:43",
        "workzoneId": 0,
        "streamName": "I-44 & S59th N",
        "streamSrc": "https://stream.oktraffic.org/delay-stream/2836834ab85625ed.stream/playlist.m3u8",
        "streamKey": "2836834ab85625ed.stream"
      }
    },
    {
      "type": "Feature",
      "geometry": {
        "type": "Point",
        "coordinates": [
          -97.57711,
          35.40667
        ]
      },
      "properties": {
        "id": 1103131533,
        "location": "I-44 & S59th S",
        "poleName": "I-44 & S 59th",
        "direction": "S",
        "city": "Oklahoma City",
        "make": "Axis",
        "model": "P1367",
        "type": "Web",
        "status": "Free",
        "cameraId": 0,
        "port": 6969,
        "videoChannel": 0,
        "urlVar": "axis-media/media.amp?camera=2",
        "videoProfile": 1,
        "needsTimeoutPlayer": false,
        "recordTime": "2026-02-19 23:40:43",
        "workzoneId": 0,
        "streamName": "I-44 & S59th S",
        "streamSrc": "https://stream.oktraffic.org/delay-stream/8fab3478af526bdf.stream/playlist.m3u8",
        "streamKey": "8fab3478af526bdf.stream"
      }
    },
    {
      "type": "Feature",
      "geometry": {
        "type": "Point",
        "coordinates": [
          -97.57711,
          35.40667
        ]
      },
      "properties": {
        "id": 1103131580,
        "location": "I-44 & S59th E",
        "poleName": "I-44 & S 59th",
        "direction": "E",
        "city": "Oklahoma City",
        "make": "Axis",
        "model": "P1357",
        "type": "Web",
        "status": "Free",
        "cameraId": 0,
        "port": 6969,
        "videoChannel": 0,
        "urlVar": "",
        "videoProfile": -1,
        "needsTimeoutPlayer": false,
        "recordTime": "2026-02-19 23:40:43",
        "workzoneId": 0,
        "streamName": "I-44 & S59th E",
        "streamSrc": "https://stream.oktraffic.org/delay-stream/f799eef7eb47fe4d.stream/playlist.m3u8",
        "streamKey": "f799eef7eb47fe4d.stream"
      }
    },
    {
      "type": "Feature",
      "geometry": {
        "type": "Point",
        "coordinates": [
          -97.5812,
          35.4155
        ]
      },
      "properties": {
        "id": 1103131825,
        "location": "I-44 & Airport Rd N",
        "poleName": "I-44 & Airport Rd",
        "direction": "N",
        "city": "Oklahoma City",
        "make": "Axis",
        "model": "P1347",
        "type": "Web",
        "status": "Free",
        "cameraId": 0,
        "port": 6969,
        "videoChannel": 0,
        "urlVar": "axis-media/media.amp?resolution=800x600&camera=2",
        "videoProfile": 1,
        "needsTimeoutPlayer": false,
        "recordTime": "2026-02-19 23:40:44",
        "workzoneId": 0,
        "streamName": "I-44 & Airport Rd N",
        "streamSrc": "https://stream.oktraffic.org/delay-stream/1cf2e53a5cb4efeb.stream/playlist.m3u8",
        "streamKey": "1cf2e53a5cb4efeb.stream"
      }
    },
    {
      "type": "Feature",
      "geometry": {
        "type": "Point",
        "coordinates": [
          -97.5812,
          35.4155
        ]
      },
      "properties": {
        "id": 1103131875,
        "location": "I-44 & Airport Rd S",
        "poleName": "I-44 & Airport Rd",
        "direction": "S",
        "city": "Oklahoma City",
        "make": "Axis",
        "model": "P1357",
        "type": "Web",
        "status": "Free",
        "cameraId": 0,
        "port": 6969,
        "videoChannel": 0,
        "urlVar": "axis-media/media.amp?resolution=800x600&camera=2",
        "videoProfile": 1,
        "needsTimeoutPlayer": false,
        "recordTime": "2026-02-19 23:40:44",
        "workzoneId": 0,
        "streamName": "I-44 & Airport Rd S",
        "streamSrc": "https://stream.oktraffic.org/delay-stream/199f82a2c9294755.stream/playlist.m3u8",
        "streamKey": "199f82a2c9294755.stream"
      }
    },
    {
      "type": "Feature",
      "geometry": {
        "type": "Point",
        "coordinates": [
          -97.56993,
          35.43513
        ]
      },
      "properties": {
        "id": 1103132095,
        "location": "I-44 & S29th N",
        "poleName": "I-44 & S 29th",
        "direction": "N",
        "city": "Oklahoma City",
        "make": "Axis",
        "model": "P1367",
        "type": "Web",
        "status": "Free",
        "cameraId": 0,
        "port": 6969,
        "videoChannel": 0,
        "urlVar": "axis-media/media.amp?camera=2",
        "videoProfile": 1,
        "needsTimeoutPlayer": false,
        "recordTime": "2026-02-19 23:40:44",
        "workzoneId": 0,
        "streamName": "I-44 & S29th N",
        "streamSrc": "https://stream.oktraffic.org/delay-stream/1c73b452af7d33fe.stream/playlist.m3u8",
        "streamKey": "1c73b452af7d33fe.stream"
      }
    },
    {
      "type": "Feature",
      "geometry": {
        "type": "Point",
        "coordinates": [
          -97.56993,
          35.43513
        ]
      },
      "properties": {
        "id": 1103132195,
        "location": "I-44 & S29th E",
        "poleName": "I-44 & S 29th",
        "direction": "E",
        "city": "Oklahoma City",
        "make": "Axis",
        "model": "P1367",
        "type": "Web",
        "status": "Free",
        "cameraId": 0,
        "port": 6969,
        "videoChannel": 0,
        "urlVar": "axis-media/media.amp?camera=2",
        "videoProfile": 1,
        "needsTimeoutPlayer": false,
        "recordTime": "2026-02-19 23:40:44",
        "workzoneId": 0,
        "streamName": "I-44 & S29th E",
        "streamSrc": "https://stream.oktraffic.org/delay-stream/f1be1586759ccd5b.stream/playlist.m3u8",
        "streamKey": "f1be1586759ccd5b.stream"
      }
    },
    {
      "type": "Feature",
      "geometry": {
        "type": "Point",
        "coordinates": [
          -97.57485429,
          35.45988315
        ]
      },
      "properties": {
        "id": 1103132905,
        "location": "I-44 & I-40 N",
        "poleName": "I-44 & I-40",
        "direction": "N",
        "city": "Oklahoma City",
        "make": "Axis",
        "model": "P1347",
        "type": "Web",
        "status": "Free",
        "cameraId": 0,
        "port": 6969,
        "videoChannel": 0,
        "urlVar": "axis-media/media.amp?camera=2",
        "videoProfile": 1,
        "needsTimeoutPlayer": false,
        "recordTime": "2026-02-19 23:40:44",
        "workzoneId": 0,
        "streamName": "I-44 & I-40 N",
        "streamSrc": "https://stream.oktraffic.org/delay-stream/5ddc60af54d88cb5.stream/playlist.m3u8",
        "streamKey": "5ddc60af54d88cb5.stream"
      }
    },
    {
      "type": "Feature",
      "geometry": {
        "type": "Point",
        "coordinates": [
          -97.57485429,
          35.45988315
        ]
      },
      "properties": {
        "id": 1103132951,
        "location": "I-44 & I-40 S",
        "poleName": "I-44 & I-40",
        "direction": "S",
        "city": "Oklahoma City",
        "make": "Axis",
        "model": "P1455",
        "type": "Web",
        "status": "Free",
        "cameraId": 0,
        "port": 6969,
        "videoChannel": 0,
        "urlVar": "axis-media/media.amp?camera=2",
        "videoProfile": 1,
        "needsTimeoutPlayer": false,
        "recordTime": "2026-02-19 23:40:44",
        "workzoneId": 0,
        "streamName": "I-44 & I-40 S",
        "streamSrc": "https://stream.oktraffic.org/delay-stream/2587ac87b543a08c.stream/playlist.m3u8",
        "streamKey": "2587ac87b543a08c.stream"
      }
    },
    {
      "type": "Feature",
      "geometry": {
        "type": "Point",
        "coordinates": [
          -97.57485429,
          35.45988315
        ]
      },
      "properties": {
        "id": 1103133002,
        "location": "I-44 & I-40 E",
        "poleName": "I-44 & I-40",
        "direction": "E",
        "city": "Oklahoma City",
        "make": "Axis",
        "model": "P1347",
        "type": "Web",
        "status": "Free",
        "cameraId": 0,
        "port": 6969,
        "videoChannel": 0,
        "urlVar": "axis-media/media.amp?camera=2",
        "videoProfile": 1,
        "needsTimeoutPlayer": false,
        "recordTime": "2026-02-19 23:40:44",
        "workzoneId": 0,
        "streamName": "I-44 & I-40 E",
        "streamSrc": "https://stream.oktraffic.org/delay-stream/0a0e021dcf0e9333.stream/playlist.m3u8",
        "streamKey": "0a0e021dcf0e9333.stream"
      }
    },
    {
      "type": "Feature",
      "geometry": {
        "type": "Point",
        "coordinates": [
          -97.57879,
          35.47842
        ]
      },
      "properties": {
        "id": 1103134656,
        "location": "I-44 & N10th N",
        "poleName": "I-44 & N 10th",
        "direction": "N",
        "city": "Oklahoma City",
        "make": "Axis",
        "model": "P1455",
        "type": "Web",
        "status": "Free",
        "cameraId": 0,
        "port": 6969,
        "videoChannel": 0,
        "urlVar": "axis-media/media.amp?camera=2",
        "videoProfile": 1,
        "needsTimeoutPlayer": false,
        "recordTime": "2026-02-19 23:40:45",
        "workzoneId": 0,
        "streamName": "I-44 & N10th N",
        "streamSrc": "https://stream.oktraffic.org/delay-stream/2e4a1de497029ebf.stream/playlist.m3u8",
        "streamKey": "2e4a1de497029ebf.stream"
      }
    },
    {
      "type": "Feature",
      "geometry": {
        "type": "Point",
        "coordinates": [
          -97.57879,
          35.47842
        ]
      },
      "properties": {
        "id": 1103134700,
        "location": "I-44 & N10th S",
        "poleName": "I-44 & N 10th",
        "direction": "S",
        "city": "Oklahoma City",
        "make": "Axis",
        "model": "P1347",
        "type": "Web",
        "status": "Free",
        "cameraId": 0,
        "port": 6969,
        "videoChannel": 0,
        "urlVar": "axis-media/media.amp?resolution=800x600&camera=2",
        "videoProfile": 1,
        "needsTimeoutPlayer": false,
        "recordTime": "2026-02-19 23:40:45",
        "workzoneId": 0,
        "streamName": "I-44 & N10th S",
        "streamSrc": "https://stream.oktraffic.org/delay-stream/5aae1d6b82c8a372.stream/playlist.m3u8",
        "streamKey": "5aae1d6b82c8a372.stream"
      }
    },
    {
      "type": "Feature",
      "geometry": {
        "type": "Point",
        "coordinates": [
          -97.57879,
          35.47842
        ]
      },
      "properties": {
        "id": 1103134751,
        "location": "I-44 & N10th E",
        "poleName": "I-44 & N 10th",
        "direction": "E",
        "city": "Oklahoma City",
        "make": "Axis",
        "model": "P1455",
        "type": "Web",
        "status": "Free",
        "cameraId": 0,
        "port": 6969,
        "videoChannel": 0,
        "urlVar": "axis-media/media.amp?camera=2",
        "videoProfile": 1,
        "needsTimeoutPlayer": false,
        "recordTime": "2026-02-19 23:40:45",
        "workzoneId": 0,
        "streamName": "I-44 & N10th E",
        "streamSrc": "https://stream.oktraffic.org/delay-stream/7f143e137d388ee9.stream/playlist.m3u8",
        "streamKey": "7f143e137d388ee9.stream"
      }
    },
    {
      "type": "Feature",
      "geometry": {
        "type": "Point",
        "coordinates": [
          -97.57879,
          35.47842
        ]
      },
      "properties": {
        "id": 1103134825,
        "location": "I-44 & N10th W",
        "poleName": "I-44 & N 10th",
        "direction": "W",
        "city": "Oklahoma City",
        "make": "Axis",
        "model": "P1347",
        "type": "Web",
        "status": "Free",
        "cameraId": 0,
        "port": 6969,
        "videoChannel": 0,
        "urlVar": "axis-media/media.amp?resolution=800x600&camera=2",
        "videoProfile": 1,
        "needsTimeoutPlayer": false,
        "recordTime": "2026-02-19 23:40:45",
        "workzoneId": 0,
        "streamName": "I-44 & N10th W",
        "streamSrc": "https://stream.oktraffic.org/delay-stream/02909979e45b9c97.stream/playlist.m3u8",
        "streamKey": "02909979e45b9c97.stream"
      }
    },
    {
      "type": "Feature",
      "geometry": {
        "type": "Point",
        "coordinates": [
          -97.57904,
          35.4932
        ]
      },
      "properties": {
        "id": 1103134924,
        "location": "I-44 & N23rd N",
        "poleName": "I-44 & N 23rd",
        "direction": "N",
        "city": "Oklahoma City",
        "make": "Axis",
        "model": "P1347",
        "type": "Web",
        "status": "Free",
        "cameraId": 0,
        "port": 6969,
        "videoChannel": 0,
        "urlVar": "axis-media/media.amp?resolution=800x600&camera=2",
        "videoProfile": 1,
        "needsTimeoutPlayer": false,
        "recordTime": "2026-02-19 23:40:45",
        "workzoneId": 0,
        "streamName": "I-44 & N23rd N",
        "streamSrc": "https://stream.oktraffic.org/delay-stream/d8541143630b7478.stream/playlist.m3u8",
        "streamKey": "d8541143630b7478.stream"
      }
    },
    {
      "type": "Feature",
      "geometry": {
        "type": "Point",
        "coordinates": [
          -97.57904,
          35.4932
        ]
      },
      "properties": {
        "id": 1103134974,
        "location": "I-44 & N23rd S",
        "poleName": "I-44 & N 23rd",
        "direction": "S",
        "city": "Oklahoma City",
        "make": "Axis",
        "model": "P1347",
        "type": "Web",
        "status": "Free",
        "cameraId": 0,
        "port": 6969,
        "videoChannel": 0,
        "urlVar": "axis-media/media.amp?resolution=800x600&camera=2",
        "videoProfile": 1,
        "needsTimeoutPlayer": false,
        "recordTime": "2026-02-19 23:40:45",
        "workzoneId": 0,
        "streamName": "I-44 & N23rd S",
        "streamSrc": "https://stream.oktraffic.org/delay-stream/2e86813d1e453326.stream/playlist.m3u8",
        "streamKey": "2e86813d1e453326.stream"
      }
    },
    {
      "type": "Feature",
      "geometry": {
        "type": "Point",
        "coordinates": [
          -97.57904,
          35.4932
        ]
      },
      "properties": {
        "id": 1103135015,
        "location": "I-44 & N23rd E",
        "poleName": "I-44 & N 23rd",
        "direction": "E",
        "city": "Oklahoma City",
        "make": "Axis",
        "model": "P1465",
        "type": "Web",
        "status": "Free",
        "cameraId": 0,
        "port": 6969,
        "videoChannel": 0,
        "urlVar": "axis-media/media.amp?camera=2",
        "videoProfile": 1,
        "needsTimeoutPlayer": false,
        "recordTime": "2026-02-19 23:40:45",
        "workzoneId": 0,
        "streamName": "I-44 & N23rd E",
        "streamSrc": "https://stream.oktraffic.org/delay-stream/b21fe35ceec24daa.stream/playlist.m3u8",
        "streamKey": "b21fe35ceec24daa.stream"
      }
    },
    {
      "type": "Feature",
      "geometry": {
        "type": "Point",
        "coordinates": [
          -97.57904,
          35.4932
        ]
      },
      "properties": {
        "id": 1103135053,
        "location": "I-44 & N23rd W",
        "poleName": "I-44 & N 23rd",
        "direction": "W",
        "city": "Oklahoma City",
        "make": "Axis",
        "model": "P1367",
        "type": "Web",
        "status": "Free",
        "cameraId": 0,
        "port": 6969,
        "videoChannel": 0,
        "urlVar": "axis-media/media.amp?camera=2",
        "videoProfile": 1,
        "needsTimeoutPlayer": false,
        "recordTime": "2026-02-19 23:40:45",
        "workzoneId": 0,
        "streamName": "I-44 & N23rd W",
        "streamSrc": "https://stream.oktraffic.org/delay-stream/a6c022b6e09fa50f.stream/playlist.m3u8",
        "streamKey": "a6c022b6e09fa50f.stream"
      }
    },
    {
      "type": "Feature",
      "geometry": {
        "type": "Point",
        "coordinates": [
          -97.57564991,
          35.51097978
        ]
      },
      "properties": {
        "id": 1103135247,
        "location": "I-44 & SH-66 N",
        "poleName": "I-44 & SH-66",
        "direction": "N",
        "city": "Oklahoma City",
        "make": "Axis",
        "model": "P1455",
        "type": "Web",
        "status": "Free",
        "cameraId": 0,
        "port": 6969,
        "videoChannel": 0,
        "urlVar": "axis-media/media.amp?camera=2",
        "videoProfile": 1,
        "needsTimeoutPlayer": false,
        "recordTime": "2026-02-19 23:40:45",
        "workzoneId": 0,
        "streamName": "I-44 & SH-66 N",
        "streamSrc": "https://stream.oktraffic.org/delay-stream/5fc49ef89f230890.stream/playlist.m3u8",
        "streamKey": "5fc49ef89f230890.stream"
      }
    },
    {
      "type": "Feature",
      "geometry": {
        "type": "Point",
        "coordinates": [
          -97.57564991,
          35.51097978
        ]
      },
      "properties": {
        "id": 1103135287,
        "location": "I-44 & SH-66 W",
        "poleName": "I-44 & SH-66",
        "direction": "W",
        "city": "Oklahoma City",
        "make": "Axis",
        "model": "P1455",
        "type": "Web",
        "status": "Free",
        "cameraId": 0,
        "port": 6969,
        "videoChannel": 0,
        "urlVar": "axis-media/media.amp?camera=2",
        "videoProfile": 1,
        "needsTimeoutPlayer": false,
        "recordTime": "2026-02-19 23:40:45",
        "workzoneId": 0,
        "streamName": "I-44 & SH-66 W",
        "streamSrc": "https://stream.oktraffic.org/delay-stream/e03bd9aa8d5b57aa.stream/playlist.m3u8",
        "streamKey": "e03bd9aa8d5b57aa.stream"
      }
    },
    {
      "type": "Feature",
      "geometry": {
        "type": "Point",
        "coordinates": [
          -97.57564991,
          35.51097978
        ]
      },
      "properties": {
        "id": 1103135353,
        "location": "I-44 & SH-66 E",
        "poleName": "I-44 & SH-66",
        "direction": "E",
        "city": "Oklahoma City",
        "make": "Axis",
        "model": "P1455",
        "type": "Web",
        "status": "Free",
        "cameraId": 0,
        "port": 6969,
        "videoChannel": 0,
        "urlVar": "axis-media/media.amp?camera=2",
        "videoProfile": 1,
        "needsTimeoutPlayer": false,
        "recordTime": "2026-02-19 23:40:45",
        "workzoneId": 0,
        "streamName": "I-44 & SH-66 E",
        "streamSrc": "https://stream.oktraffic.org/delay-stream/b9a17ddc95cdd4d2.stream/playlist.m3u8",
        "streamKey": "b9a17ddc95cdd4d2.stream"
      }
    },
    {
      "type": "Feature",
      "geometry": {
        "type": "Point",
        "coordinates": [
          -97.57564991,
          35.51097978
        ]
      },
      "properties": {
        "id": 1103135396,
        "location": "I-44 & SH-66 S",
        "poleName": "I-44 & SH-66",
        "direction": "S",
        "city": "Oklahoma City",
        "make": "Axis",
        "model": "P1455",
        "type": "Web",
        "status": "Free",
        "cameraId": 0,
        "port": 6969,
        "videoChannel": 0,
        "urlVar": "axis-media/media.amp?camera=2",
        "videoProfile": 1,
        "needsTimeoutPlayer": false,
        "recordTime": "2026-02-19 23:40:46",
        "workzoneId": 0,
        "streamName": "I-44 & SH-66 S",
        "streamSrc": "https://stream.oktraffic.org/delay-stream/0fb5a0b40f1e3f94.stream/playlist.m3u8",
        "streamKey": "0fb5a0b40f1e3f94.stream"
      }
    },
    {
      "type": "Feature",
      "geometry": {
        "type": "Point",
        "coordinates": [
          -97.57983148,
          35.53269025
        ]
      },
      "properties": {
        "id": 1659450532322,
        "location": "SH-74 & SH-3 E",
        "poleName": "SH-74 & SH-3",
        "direction": "E",
        "city": "Oklahoma City",
        "make": "Axis",
        "model": "P1455",
        "type": "Web",
        "status": "Free",
        "cameraId": 0,
        "port": 6969,
        "videoChannel": 0,
        "urlVar": "axis-media/media.amp?resolution=800x600&camera=2",
        "videoProfile": -1,
        "needsTimeoutPlayer": false,
        "recordTime": "2026-02-19 23:41:10",
        "workzoneId": 0,
        "streamName": "SH-74 & SH-3 E",
        "streamSrc": "https://stream.oktraffic.org/delay-stream/948e54d4b4e91418.stream/playlist.m3u8",
        "streamKey": "948e54d4b4e91418.stream"
      }
    },
    {
      "type": "Feature",
      "geometry": {
        "type": "Point",
        "coordinates": [
          -97.57483854,
          35.54459601
        ]
      },
      "properties": {
        "id": 1103135869,
        "location": "SH-74 & Grand S",
        "poleName": "SH-74 & Grand",
        "direction": "S",
        "city": "Oklahoma City",
        "make": "Axis",
        "model": "P1465",
        "type": "Web",
        "status": "Free",
        "cameraId": 0,
        "port": 6969,
        "videoChannel": 0,
        "urlVar": "axis-media/media.amp?camera=2",
        "videoProfile": 1,
        "needsTimeoutPlayer": false,
        "recordTime": "2026-02-19 23:40:46",
        "workzoneId": 0,
        "streamName": "SH-74 & Grand S",
        "streamSrc": "https://stream.oktraffic.org/delay-stream/987433205da03122.stream/playlist.m3u8",
        "streamKey": "987433205da03122.stream"
      }
    },
    {
      "type": "Feature",
      "geometry": {
        "type": "Point",
        "coordinates": [
          -97.57483854,
          35.54459601
        ]
      },
      "properties": {
        "id": 1103135906,
        "location": "SH-74 & Grand N",
        "poleName": "SH-74 & Grand",
        "direction": "N",
        "city": "Oklahoma City",
        "make": "Axis",
        "model": "P1347",
        "type": "Web",
        "status": "Free",
        "cameraId": 0,
        "port": 6969,
        "videoChannel": 0,
        "urlVar": "",
        "videoProfile": -1,
        "needsTimeoutPlayer": false,
        "recordTime": "2026-02-19 23:40:46",
        "workzoneId": 0,
        "streamName": "SH-74 & Grand N",
        "streamSrc": "https://stream.oktraffic.org/delay-stream/c23717d44832b7b2.stream/playlist.m3u8",
        "streamKey": "c23717d44832b7b2.stream"
      }
    },
    {
      "type": "Feature",
      "geometry": {
        "type": "Point",
        "coordinates": [
          -97.57484,
          35.56558
        ]
      },
      "properties": {
        "id": 1103136033,
        "location": "SH-74 & Britton N",
        "poleName": "SH-74 & Britton",
        "direction": "N",
        "city": "Oklahoma City",
        "make": "Axis",
        "model": "P1465",
        "type": "Web",
        "status": "Free",
        "cameraId": 0,
        "port": 6969,
        "videoChannel": 0,
        "urlVar": "axis-media/media.amp?camera=2",
        "videoProfile": 1,
        "needsTimeoutPlayer": false,
        "recordTime": "2026-02-19 23:40:46",
        "workzoneId": 0,
        "streamName": "SH-74 & Britton N",
        "streamSrc": "https://stream.oktraffic.org/delay-stream/cb372127565e8c36.stream/playlist.m3u8",
        "streamKey": "cb372127565e8c36.stream"
      }
    },
    {
      "type": "Feature",
      "geometry": {
        "type": "Point",
        "coordinates": [
          -97.57484,
          35.56558
        ]
      },
      "properties": {
        "id": 1103136076,
        "location": "SH-74 & Britton S",
        "poleName": "SH-74 & Britton",
        "direction": "S",
        "city": "Oklahoma City",
        "make": "Axis",
        "model": "P1465",
        "type": "Web",
        "status": "Free",
        "cameraId": 0,
        "port": 6969,
        "videoChannel": 0,
        "urlVar": "axis-media/media.amp?camera=2",
        "videoProfile": 1,
        "needsTimeoutPlayer": false,
        "recordTime": "2026-02-19 23:40:46",
        "workzoneId": 0,
        "streamName": "SH-74 & Britton S",
        "streamSrc": "https://stream.oktraffic.org/delay-stream/c20d441faad48c4c.stream/playlist.m3u8",
        "streamKey": "c20d441faad48c4c.stream"
      }
    },
    {
      "type": "Feature",
      "geometry": {
        "type": "Point",
        "coordinates": [
          -97.57484,
          35.56558
        ]
      },
      "properties": {
        "id": 1103136122,
        "location": "SH-74 & Britton E",
        "poleName": "SH-74 & Britton",
        "direction": "E",
        "city": "Oklahoma City",
        "make": "Axis",
        "model": "P1465",
        "type": "Web",
        "status": "Free",
        "cameraId": 0,
        "port": 6969,
        "videoChannel": 0,
        "urlVar": "axis-media/media.amp?camera=2",
        "videoProfile": 1,
        "needsTimeoutPlayer": false,
        "recordTime": "2026-02-19 23:40:46",
        "workzoneId": 0,
        "streamName": "SH-74 & Britton E",
        "streamSrc": "https://stream.oktraffic.org/delay-stream/00f8d893b77e2b02.stream/playlist.m3u8",
        "streamKey": "00f8d893b77e2b02.stream"
      }
    },
    {
      "type": "Feature",
      "geometry": {
        "type": "Point",
        "coordinates": [
          -97.57991,
          35.58018
        ]
      },
      "properties": {
        "id": 1103136295,
        "location": "SH-74 & Hefner S",
        "poleName": "SH-74 & Hefner",
        "direction": "S",
        "city": "Oklahoma City",
        "make": "Axis",
        "model": "P1357",
        "type": "Web",
        "status": "Free",
        "cameraId": 0,
        "port": 6969,
        "videoChannel": 0,
        "urlVar": "axis-media/media.amp?resolution=800x600&camera=2",
        "videoProfile": 1,
        "needsTimeoutPlayer": false,
        "recordTime": "2026-02-19 23:40:46",
        "workzoneId": 0,
        "streamName": "SH-74 & Hefner S",
        "streamSrc": "https://stream.oktraffic.org/delay-stream/6e6a5f778da026ed.stream/playlist.m3u8",
        "streamKey": "6e6a5f778da026ed.stream"
      }
    },
    {
      "type": "Feature",
      "geometry": {
        "type": "Point",
        "coordinates": [
          -97.58495,
          35.5947
        ]
      },
      "properties": {
        "id": 1103136470,
        "location": "SH-74 & N122nd S",
        "poleName": "SH-74 & N 122nd",
        "direction": "S",
        "city": "Oklahoma City",
        "make": "Axis",
        "model": "P1357",
        "type": "Web",
        "status": "Free",
        "cameraId": 0,
        "port": 6969,
        "videoChannel": 0,
        "urlVar": "",
        "videoProfile": -1,
        "needsTimeoutPlayer": false,
        "recordTime": "2026-02-19 23:40:47",
        "workzoneId": 0,
        "streamName": "SH-74 & N122nd S",
        "streamSrc": "https://stream.oktraffic.org/delay-stream/f1de27a8de0a8858.stream/playlist.m3u8",
        "streamKey": "f1de27a8de0a8858.stream"
      }
    },
    {
      "type": "Feature",
      "geometry": {
        "type": "Point",
        "coordinates": [
          -97.58495,
          35.5947
        ]
      },
      "properties": {
        "id": 1103136536,
        "location": "SH-74 & N122nd N",
        "poleName": "SH-74 & N 122nd",
        "direction": "N",
        "city": "Oklahoma City",
        "make": "Axis",
        "model": "P1455",
        "type": "Web",
        "status": "Free",
        "cameraId": 0,
        "port": 6969,
        "videoChannel": 0,
        "urlVar": "axis-media/media.amp?resolution=800x600&camera=2",
        "videoProfile": 1,
        "needsTimeoutPlayer": false,
        "recordTime": "2026-02-19 23:40:47",
        "workzoneId": 0,
        "streamName": "SH-74 & N122nd N",
        "streamSrc": "https://stream.oktraffic.org/delay-stream/68c0da48a3890232.stream/playlist.m3u8",
        "streamKey": "68c0da48a3890232.stream"
      }
    },
    {
      "type": "Feature",
      "geometry": {
        "type": "Point",
        "coordinates": [
          -97.58495,
          35.5947
        ]
      },
      "properties": {
        "id": 1103136583,
        "location": "SH-74 & N122nd E",
        "poleName": "SH-74 & N 122nd",
        "direction": "E",
        "city": "Oklahoma City",
        "make": "Axis",
        "model": "P1347",
        "type": "Web",
        "status": "Free",
        "cameraId": 0,
        "port": 6969,
        "videoChannel": 0,
        "urlVar": "",
        "videoProfile": -1,
        "needsTimeoutPlayer": false,
        "recordTime": "2026-02-19 23:40:47",
        "workzoneId": 0,
        "streamName": "SH-74 & N122nd E",
        "streamSrc": "https://stream.oktraffic.org/delay-stream/dd204398e38733ad.stream/playlist.m3u8",
        "streamKey": "dd204398e38733ad.stream"
      }
    },
    {
      "type": "Feature",
      "geometry": {
        "type": "Point",
        "coordinates": [
          -97.58505,
          35.60948
        ]
      },
      "properties": {
        "id": 1103136698,
        "location": "SH-74 & Memorial N",
        "poleName": "SH-74 & Memorial",
        "direction": "N",
        "city": "Oklahoma City",
        "make": "Axis",
        "model": "P1455",
        "type": "Web",
        "status": "Free",
        "cameraId": 0,
        "port": 6969,
        "videoChannel": 0,
        "urlVar": "axis-media/media.amp?resolution=800x600&camera=2",
        "videoProfile": 1,
        "needsTimeoutPlayer": false,
        "recordTime": "2026-02-19 23:40:47",
        "workzoneId": 0,
        "streamName": "SH-74 & Memorial N",
        "streamSrc": "https://stream.oktraffic.org/delay-stream/8854fdd13f948368.stream/playlist.m3u8",
        "streamKey": "8854fdd13f948368.stream"
      }
    },
    {
      "type": "Feature",
      "geometry": {
        "type": "Point",
        "coordinates": [
          -97.58505,
          35.60948
        ]
      },
      "properties": {
        "id": 1103136748,
        "location": "SH-74 & Memorial S",
        "poleName": "SH-74 & Memorial",
        "direction": "S",
        "city": "Oklahoma City",
        "make": "Axis",
        "model": "P1455",
        "type": "Web",
        "status": "Free",
        "cameraId": 0,
        "port": 6969,
        "videoChannel": 0,
        "urlVar": "axis-media/media.amp?resolution=800x600&camera=2",
        "videoProfile": 1,
        "needsTimeoutPlayer": false,
        "recordTime": "2026-02-19 23:40:47",
        "workzoneId": 0,
        "streamName": "SH-74 & Memorial S",
        "streamSrc": "https://stream.oktraffic.org/delay-stream/4d74ec764d2a43ed.stream/playlist.m3u8",
        "streamKey": "4d74ec764d2a43ed.stream"
      }
    },
    {
      "type": "Feature",
      "geometry": {
        "type": "Point",
        "coordinates": [
          -97.58505,
          35.60948
        ]
      },
      "properties": {
        "id": 1103136797,
        "location": "SH-74 & Memorial E",
        "poleName": "SH-74 & Memorial",
        "direction": "E",
        "city": "Oklahoma City",
        "make": "Axis",
        "model": "P1455",
        "type": "Web",
        "status": "Free",
        "cameraId": 0,
        "port": 6969,
        "videoChannel": 0,
        "urlVar": "axis-media/media.amp?resolution=800x600&camera=2",
        "videoProfile": 1,
        "needsTimeoutPlayer": false,
        "recordTime": "2026-02-19 23:40:47",
        "workzoneId": 0,
        "streamName": "SH-74 & Memorial E",
        "streamSrc": "https://stream.oktraffic.org/delay-stream/72e7525dfd5ed0f8.stream/playlist.m3u8",
        "streamKey": "72e7525dfd5ed0f8.stream"
      }
    },
    {
      "type": "Feature",
      "geometry": {
        "type": "Point",
        "coordinates": [
          -97.58505,
          35.60948
        ]
      },
      "properties": {
        "id": 1103136848,
        "location": "SH-74 & Memorial W",
        "poleName": "SH-74 & Memorial",
        "direction": "W",
        "city": "Oklahoma City",
        "make": "Axis",
        "model": "P1357",
        "type": "Web",
        "status": "Free",
        "cameraId": 0,
        "port": 6969,
        "videoChannel": 0,
        "urlVar": "axis-media/media.amp?resolution=800x600&camera=2",
        "videoProfile": 1,
        "needsTimeoutPlayer": false,
        "recordTime": "2026-02-19 23:40:47",
        "workzoneId": 0,
        "streamName": "SH-74 & Memorial W",
        "streamSrc": "https://stream.oktraffic.org/delay-stream/a9550bf7d19c6d88.stream/playlist.m3u8",
        "streamKey": "a9550bf7d19c6d88.stream"
      }
    },
    {
      "type": "Feature",
      "geometry": {
        "type": "Point",
        "coordinates": [
          -97.60125,
          35.45997
        ]
      },
      "properties": {
        "id": 1103133269,
        "location": "I-40 & Meridian S",
        "poleName": "I-40 & Meridian",
        "direction": "S",
        "city": "Oklahoma City",
        "make": "Axis",
        "model": "P1347",
        "type": "Web",
        "status": "Free",
        "cameraId": 0,
        "port": 6969,
        "videoChannel": 0,
        "urlVar": "",
        "videoProfile": -1,
        "needsTimeoutPlayer": false,
        "recordTime": "2026-02-19 23:40:44",
        "workzoneId": 0,
        "streamName": "I-40 & Meridian S",
        "streamSrc": "https://stream.oktraffic.org/delay-stream/6698f82a9c39168d.stream/playlist.m3u8",
        "streamKey": "6698f82a9c39168d.stream"
      }
    },
    {
      "type": "Feature",
      "geometry": {
        "type": "Point",
        "coordinates": [
          -97.60125,
          35.45997
        ]
      },
      "properties": {
        "id": 1103133344,
        "location": "I-40 & Meridian E",
        "poleName": "I-40 & Meridian",
        "direction": "E",
        "city": "Oklahoma City",
        "make": "Axis",
        "model": "P1347",
        "type": "Web",
        "status": "Free",
        "cameraId": 0,
        "port": 6969,
        "videoChannel": 0,
        "urlVar": "axis-media/media.amp?resolution=800x600&camera=2",
        "videoProfile": 1,
        "needsTimeoutPlayer": false,
        "recordTime": "2026-02-19 23:40:45",
        "workzoneId": 0,
        "streamName": "I-40 & Meridian E",
        "streamSrc": "https://stream.oktraffic.org/delay-stream/8fcce91c781b40f3.stream/playlist.m3u8",
        "streamKey": "8fcce91c781b40f3.stream"
      }
    },
    {
      "type": "Feature",
      "geometry": {
        "type": "Point",
        "coordinates": [
          -97.60125,
          35.45997
        ]
      },
      "properties": {
        "id": 1103133387,
        "location": "I-40 & Meridian W",
        "poleName": "I-40 & Meridian",
        "direction": "W",
        "city": "Oklahoma City",
        "make": "Axis",
        "model": "P1347",
        "type": "Web",
        "status": "Free",
        "cameraId": 0,
        "port": 6969,
        "videoChannel": 0,
        "urlVar": "",
        "videoProfile": -1,
        "needsTimeoutPlayer": false,
        "recordTime": "2026-02-19 23:40:45",
        "workzoneId": 0,
        "streamName": "I-40 & Meridian W",
        "streamSrc": "https://stream.oktraffic.org/delay-stream/adb3d70dcbb1bd57.stream/playlist.m3u8",
        "streamKey": "adb3d70dcbb1bd57.stream"
      }
    },
    {
      "type": "Feature",
      "geometry": {
        "type": "Point",
        "coordinates": [
          -97.566121,
          35.461165
        ]
      },
      "properties": {
        "id": 1330419888,
        "location": "I-40 & May E",
        "poleName": "I-40 & May",
        "direction": "E",
        "city": "Oklahoma City",
        "make": "Axis",
        "model": "P1347",
        "type": "Web",
        "status": "Free",
        "cameraId": 0,
        "port": 6969,
        "videoChannel": 0,
        "urlVar": "axis-media/media.amp?resolution=800x600&camera=2",
        "videoProfile": 1,
        "needsTimeoutPlayer": false,
        "recordTime": "2026-02-19 23:40:51",
        "workzoneId": 0,
        "streamName": "I-40 & May E",
        "streamSrc": "https://stream.oktraffic.org/delay-stream/6a576bf449b47b78.stream/playlist.m3u8",
        "streamKey": "6a576bf449b47b78.stream"
      }
    },
    {
      "type": "Feature",
      "geometry": {
        "type": "Point",
        "coordinates": [
          -97.566121,
          35.461165
        ]
      },
      "properties": {
        "id": 1330419975,
        "location": "I-40 & May W",
        "poleName": "I-40 & May",
        "direction": "W",
        "city": "Oklahoma City",
        "make": "Axis",
        "model": "P1347",
        "type": "Web",
        "status": "Free",
        "cameraId": 0,
        "port": 6969,
        "videoChannel": 0,
        "urlVar": "axis-media/media.amp?resolution=800x600&camera=2",
        "videoProfile": 1,
        "needsTimeoutPlayer": false,
        "recordTime": "2026-02-19 23:40:51",
        "workzoneId": 0,
        "streamName": "I-40 & May W",
        "streamSrc": "https://stream.oktraffic.org/delay-stream/1b95e5c7f40b7ae6.stream/playlist.m3u8",
        "streamKey": "1b95e5c7f40b7ae6.stream"
      }
    },
    {
      "type": "Feature",
      "geometry": {
        "type": "Point",
        "coordinates": [
          -97.566121,
          35.461165
        ]
      },
      "properties": {
        "id": 1330420033,
        "location": "I-40 & May N",
        "poleName": "I-40 & May",
        "direction": "N",
        "city": "Oklahoma City",
        "make": "Axis",
        "model": "P1347",
        "type": "Web",
        "status": "Free",
        "cameraId": 0,
        "port": 6969,
        "videoChannel": 0,
        "urlVar": "axis-media/media.amp?resolution=800x600&camera=2",
        "videoProfile": 1,
        "needsTimeoutPlayer": false,
        "recordTime": "2026-02-19 23:40:51",
        "workzoneId": 0,
        "streamName": "I-40 & May N",
        "streamSrc": "https://stream.oktraffic.org/delay-stream/495bd3c3ccfcf678.stream/playlist.m3u8",
        "streamKey": "495bd3c3ccfcf678.stream"
      }
    },
    {
      "type": "Feature",
      "geometry": {
        "type": "Point",
        "coordinates": [
          -97.566121,
          35.461165
        ]
      },
      "properties": {
        "id": 1330420137,
        "location": "I-40 & May S",
        "poleName": "I-40 & May",
        "direction": "S",
        "city": "Oklahoma City",
        "make": "Axis",
        "model": "P1465",
        "type": "Web",
        "status": "Free",
        "cameraId": 0,
        "port": 6969,
        "videoChannel": 0,
        "urlVar": "axis-media/media.amp?resolution=800x600&camera=2",
        "videoProfile": 1,
        "needsTimeoutPlayer": false,
        "recordTime": "2026-02-19 23:40:51",
        "workzoneId": 0,
        "streamName": "I-40 & May S",
        "streamSrc": "https://stream.oktraffic.org/delay-stream/988038c620e589b0.stream/playlist.m3u8",
        "streamKey": "988038c620e589b0.stream"
      }
    },
    {
      "type": "Feature",
      "geometry": {
        "type": "Point",
        "coordinates": [
          -97.55554,
          35.461126
        ]
      },
      "properties": {
        "id": 1330420353,
        "location": "I-40 & Agnew W",
        "poleName": "I-40 & Agnew",
        "direction": "W",
        "city": "Oklahoma City",
        "make": "Axis",
        "model": "P1367",
        "type": "Web",
        "status": "Free",
        "cameraId": 0,
        "port": 6969,
        "videoChannel": 0,
        "urlVar": "",
        "videoProfile": -1,
        "needsTimeoutPlayer": false,
        "recordTime": "2026-02-19 23:40:51",
        "workzoneId": 0,
        "streamName": "I-40 & Agnew W",
        "streamSrc": "https://stream.oktraffic.org/delay-stream/1631f44b6635a67d.stream/playlist.m3u8",
        "streamKey": "1631f44b6635a67d.stream"
      }
    },
    {
      "type": "Feature",
      "geometry": {
        "type": "Point",
        "coordinates": [
          -97.55554,
          35.461126
        ]
      },
      "properties": {
        "id": 1330420420,
        "location": "I-40 & Agnew E",
        "poleName": "I-40 & Agnew",
        "direction": "E",
        "city": "Oklahoma City",
        "make": "Axis",
        "model": "P1455",
        "type": "Web",
        "status": "Free",
        "cameraId": 0,
        "port": 6969,
        "videoChannel": 0,
        "urlVar": "axis-media/media.amp?resolution=800x600&camera=2",
        "videoProfile": 1,
        "needsTimeoutPlayer": false,
        "recordTime": "2026-02-19 23:40:51",
        "workzoneId": 0,
        "streamName": "I-40 & Agnew E",
        "streamSrc": "https://stream.oktraffic.org/delay-stream/d8eac46151c656b8.stream/playlist.m3u8",
        "streamKey": "d8eac46151c656b8.stream"
      }
    },
    {
      "type": "Feature",
      "geometry": {
        "type": "Point",
        "coordinates": [
          -97.55554,
          35.461126
        ]
      },
      "properties": {
        "id": 1330420461,
        "location": "I-40 & Agnew S",
        "poleName": "I-40 & Agnew",
        "direction": "S",
        "city": "Oklahoma City",
        "make": "Axis",
        "model": "P1455",
        "type": "Web",
        "status": "Free",
        "cameraId": 0,
        "port": 6969,
        "videoChannel": 0,
        "urlVar": "",
        "videoProfile": -1,
        "needsTimeoutPlayer": false,
        "recordTime": "2026-02-19 23:40:51",
        "workzoneId": 0,
        "streamName": "I-40 & Agnew S",
        "streamSrc": "https://stream.oktraffic.org/delay-stream/8be926cc6d2e57a4.stream/playlist.m3u8",
        "streamKey": "8be926cc6d2e57a4.stream"
      }
    },
    {
      "type": "Feature",
      "geometry": {
        "type": "Point",
        "coordinates": [
          -97.55554,
          35.461126
        ]
      },
      "properties": {
        "id": 1650718224,
        "location": "I-40 & Agnew N",
        "poleName": "I-40 & Agnew",
        "direction": "N",
        "city": "Oklahoma City",
        "make": "Axis",
        "model": "P1367",
        "type": "Web",
        "status": "Free",
        "cameraId": 0,
        "port": 6969,
        "videoChannel": 0,
        "urlVar": "axis-media/media.amp?resolution=800x600&camera=2",
        "videoProfile": 1,
        "needsTimeoutPlayer": false,
        "recordTime": "2026-02-19 23:41:10",
        "workzoneId": 0,
        "streamName": "I-40 & Agnew N",
        "streamSrc": "https://stream.oktraffic.org/delay-stream/27387cafa9102074.stream/playlist.m3u8",
        "streamKey": "27387cafa9102074.stream"
      }
    },
    {
      "type": "Feature",
      "geometry": {
        "type": "Point",
        "coordinates": [
          -97.531872,
          35.458261
        ]
      },
      "properties": {
        "id": 1298382554,
        "location": "I-40 & Western W",
        "poleName": "I-40 & Western",
        "direction": "W",
        "city": "Oklahoma City",
        "make": "Axis",
        "model": "P1357",
        "type": "Web",
        "status": "Free",
        "cameraId": 0,
        "port": 6969,
        "videoChannel": 0,
        "urlVar": "axis-media/media.amp?resolution=800x600&camera=2",
        "videoProfile": 1,
        "needsTimeoutPlayer": false,
        "recordTime": "2026-02-19 23:40:50",
        "workzoneId": 0,
        "streamName": "I-40 & Western W",
        "streamSrc": "https://stream.oktraffic.org/delay-stream/5e11be764ba0b1cd.stream/playlist.m3u8",
        "streamKey": "5e11be764ba0b1cd.stream"
      }
    },
    {
      "type": "Feature",
      "geometry": {
        "type": "Point",
        "coordinates": [
          -97.531872,
          35.458261
        ]
      },
      "properties": {
        "id": 1298382611,
        "location": "I-40 & Western E",
        "poleName": "I-40 & Western",
        "direction": "E",
        "city": "Oklahoma City",
        "make": "Axis",
        "model": "P1357",
        "type": "Web",
        "status": "Free",
        "cameraId": 0,
        "port": 6969,
        "videoChannel": 0,
        "urlVar": "axis-media/media.amp?resolution=800x600&camera=2",
        "videoProfile": 1,
        "needsTimeoutPlayer": false,
        "recordTime": "2026-02-19 23:40:50",
        "workzoneId": 0,
        "streamName": "I-40 & Western E",
        "streamSrc": "https://stream.oktraffic.org/delay-stream/843529bbdee5d20e.stream/playlist.m3u8",
        "streamKey": "843529bbdee5d20e.stream"
      }
    },
    {
      "type": "Feature",
      "geometry": {
        "type": "Point",
        "coordinates": [
          -97.49519134,
          35.34903757
        ]
      },
      "properties": {
        "id": 1122644671,
        "location": "I-35 & N12th S",
        "poleName": "I-35 & N 12th",
        "direction": "S",
        "city": "Oklahoma City",
        "make": "Axis",
        "model": "P1347",
        "type": "Web",
        "status": "Free",
        "cameraId": 0,
        "port": 6969,
        "videoChannel": 0,
        "urlVar": "axis-media/media.amp?resolution=800x600&camera=2",
        "videoProfile": 1,
        "needsTimeoutPlayer": false,
        "recordTime": "2026-02-19 23:40:48",
        "workzoneId": 0,
        "streamName": "I-35 & N12th S",
        "streamSrc": "https://stream.oktraffic.org/delay-stream/3403dba2b405c3ce.stream/playlist.m3u8",
        "streamKey": "3403dba2b405c3ce.stream"
      }
    },
    {
      "type": "Feature",
      "geometry": {
        "type": "Point",
        "coordinates": [
          -97.49519134,
          35.34903757
        ]
      },
      "properties": {
        "id": 1122644713,
        "location": "I-35 & N12th E",
        "poleName": "I-35 & N 12th",
        "direction": "E",
        "city": "Oklahoma City",
        "make": "Axis",
        "model": "P1347",
        "type": "Web",
        "status": "Free",
        "cameraId": 0,
        "port": 6969,
        "videoChannel": 0,
        "urlVar": "axis-media/media.amp?resolution=800x600&camera=2",
        "videoProfile": 1,
        "needsTimeoutPlayer": false,
        "recordTime": "2026-02-19 23:40:48",
        "workzoneId": 0,
        "streamName": "I-35 & N12th E",
        "streamSrc": "https://stream.oktraffic.org/delay-stream/244cc4c58a827b27.stream/playlist.m3u8",
        "streamKey": "244cc4c58a827b27.stream"
      }
    },
    {
      "type": "Feature",
      "geometry": {
        "type": "Point",
        "coordinates": [
          -97.49519134,
          35.34903757
        ]
      },
      "properties": {
        "id": 1122644756,
        "location": "I-35 & N12th W",
        "poleName": "I-35 & N 12th",
        "direction": "W",
        "city": "Oklahoma City",
        "make": "Axis",
        "model": "P1347",
        "type": "Web",
        "status": "Free",
        "cameraId": 0,
        "port": 6969,
        "videoChannel": 0,
        "urlVar": "axis-media/media.amp?resolution=800x600&camera=2",
        "videoProfile": 1,
        "needsTimeoutPlayer": false,
        "recordTime": "2026-02-19 23:40:48",
        "workzoneId": 0,
        "streamName": "I-35 & N12th W",
        "streamSrc": "https://stream.oktraffic.org/delay-stream/5c7a4ccb5d4d3d40.stream/playlist.m3u8",
        "streamKey": "5c7a4ccb5d4d3d40.stream"
      }
    },
    {
      "type": "Feature",
      "geometry": {
        "type": "Point",
        "coordinates": [
          -97.49503711,
          35.36284253
        ]
      },
      "properties": {
        "id": 1122644194,
        "location": "I-35 & N27th N",
        "poleName": "I-35 & N 27th",
        "direction": "N",
        "city": "Oklahoma City",
        "make": "Axis",
        "model": "P1465",
        "type": "Web",
        "status": "Free",
        "cameraId": 0,
        "port": 6969,
        "videoChannel": 0,
        "urlVar": "axis-media/media.amp?resolution=800x600&camera=2",
        "videoProfile": 1,
        "needsTimeoutPlayer": false,
        "recordTime": "2026-02-19 23:40:48",
        "workzoneId": 0,
        "streamName": "I-35 & N27th N",
        "streamSrc": "https://stream.oktraffic.org/delay-stream/973f8f3aca4ff89d.stream/playlist.m3u8",
        "streamKey": "973f8f3aca4ff89d.stream"
      }
    },
    {
      "type": "Feature",
      "geometry": {
        "type": "Point",
        "coordinates": [
          -97.49503711,
          35.36284253
        ]
      },
      "properties": {
        "id": 1122644273,
        "location": "I-35 & N27th E",
        "poleName": "I-35 & N 27th",
        "direction": "E",
        "city": "Oklahoma City",
        "make": "Axis",
        "model": "P1465",
        "type": "Web",
        "status": "Free",
        "cameraId": 0,
        "port": 6969,
        "videoChannel": 0,
        "urlVar": "axis-media/media.amp?resolution=800x600&camera=2",
        "videoProfile": 1,
        "needsTimeoutPlayer": false,
        "recordTime": "2026-02-19 23:40:48",
        "workzoneId": 0,
        "streamName": "I-35 & N27th E",
        "streamSrc": "https://stream.oktraffic.org/delay-stream/92156a5c476316ad.stream/playlist.m3u8",
        "streamKey": "92156a5c476316ad.stream"
      }
    },
    {
      "type": "Feature",
      "geometry": {
        "type": "Point",
        "coordinates": [
          -97.49503711,
          35.36284253
        ]
      },
      "properties": {
        "id": 1122644327,
        "location": "I-35 & N27th W",
        "poleName": "I-35 & N 27th",
        "direction": "W",
        "city": "Oklahoma City",
        "make": "Axis",
        "model": "P1465",
        "type": "Web",
        "status": "Free",
        "cameraId": 0,
        "port": 6969,
        "videoChannel": 0,
        "urlVar": "axis-media/media.amp?resolution=800x600&camera=2",
        "videoProfile": 1,
        "needsTimeoutPlayer": false,
        "recordTime": "2026-02-19 23:40:48",
        "workzoneId": 0,
        "streamName": "I-35 & N27th W",
        "streamSrc": "https://stream.oktraffic.org/delay-stream/58a4cbacf1bed97d.stream/playlist.m3u8",
        "streamKey": "58a4cbacf1bed97d.stream"
      }
    },
    {
      "type": "Feature",
      "geometry": {
        "type": "Point",
        "coordinates": [
          -97.49503711,
          35.36284253
        ]
      },
      "properties": {
        "id": 1122644383,
        "location": "I-35 & N27th S",
        "poleName": "I-35 & N 27th",
        "direction": "S",
        "city": "Oklahoma City",
        "make": "Axis",
        "model": "P1465",
        "type": "Web",
        "status": "Free",
        "cameraId": 0,
        "port": 6969,
        "videoChannel": 0,
        "urlVar": "axis-media/media.amp?resolution=800x600&camera=2",
        "videoProfile": 1,
        "needsTimeoutPlayer": false,
        "recordTime": "2026-02-19 23:40:48",
        "workzoneId": 0,
        "streamName": "I-35 & N27th S",
        "streamSrc": "https://stream.oktraffic.org/delay-stream/edddf71d6171afde.stream/playlist.m3u8",
        "streamKey": "edddf71d6171afde.stream"
      }
    },
    {
      "type": "Feature",
      "geometry": {
        "type": "Point",
        "coordinates": [
          -97.49522554,
          35.37616664
        ]
      },
      "properties": {
        "id": 1122643924,
        "location": "I-35 & S89th N",
        "poleName": "I-35 & S 89th",
        "direction": "N",
        "city": "Oklahoma City",
        "make": "Axis",
        "model": "P1465",
        "type": "Web",
        "status": "Free",
        "cameraId": 0,
        "port": 6969,
        "videoChannel": 0,
        "urlVar": "axis-media/media.amp?resolution=800x600&camera=2",
        "videoProfile": 1,
        "needsTimeoutPlayer": false,
        "recordTime": "2026-02-19 23:40:48",
        "workzoneId": 0,
        "streamName": "I-35 & S89th N",
        "streamSrc": "https://stream.oktraffic.org/delay-stream/7b757948f4818b8e.stream/playlist.m3u8",
        "streamKey": "7b757948f4818b8e.stream"
      }
    },
    {
      "type": "Feature",
      "geometry": {
        "type": "Point",
        "coordinates": [
          -97.49522554,
          35.37616664
        ]
      },
      "properties": {
        "id": 1122644011,
        "location": "I-35 & S89th S",
        "poleName": "I-35 & S 89th",
        "direction": "S",
        "city": "Oklahoma City",
        "make": "Axis",
        "model": "P1465",
        "type": "Web",
        "status": "Free",
        "cameraId": 0,
        "port": 6969,
        "videoChannel": 0,
        "urlVar": "axis-media/media.amp?resolution=800x600&camera=2",
        "videoProfile": 1,
        "needsTimeoutPlayer": false,
        "recordTime": "2026-02-19 23:40:48",
        "workzoneId": 0,
        "streamName": "I-35 & S89th S",
        "streamSrc": "https://stream.oktraffic.org/delay-stream/20cafac16b92a693.stream/playlist.m3u8",
        "streamKey": "20cafac16b92a693.stream"
      }
    },
    {
      "type": "Feature",
      "geometry": {
        "type": "Point",
        "coordinates": [
          -97.49787,
          35.39367
        ]
      },
      "properties": {
        "id": 1107353688,
        "location": "I-35 & I-240 E",
        "poleName": "I-35 & I-240",
        "direction": "E",
        "city": "Oklahoma City",
        "make": "Axis",
        "model": "P1465",
        "type": "Web",
        "status": "Free",
        "cameraId": 0,
        "port": 6969,
        "videoChannel": 0,
        "urlVar": "axis-media/media.amp?resolution=800x600&camera=2",
        "videoProfile": 1,
        "needsTimeoutPlayer": false,
        "recordTime": "2026-02-19 23:40:47",
        "workzoneId": 0,
        "streamName": "I-35 & I-240 E",
        "streamSrc": "https://stream.oktraffic.org/delay-stream/ff1a64006a10db54.stream/playlist.m3u8",
        "streamKey": "ff1a64006a10db54.stream"
      }
    },
    {
      "type": "Feature",
      "geometry": {
        "type": "Point",
        "coordinates": [
          -97.49787,
          35.39367
        ]
      },
      "properties": {
        "id": 1107353748,
        "location": "I-35 & I-240 SW",
        "poleName": "I-35 & I-240",
        "direction": "SW",
        "city": "Oklahoma City",
        "make": "Axis",
        "model": "P1455",
        "type": "Web",
        "status": "Free",
        "cameraId": 0,
        "port": 6969,
        "videoChannel": 0,
        "urlVar": "axis-media/media.amp?resolution=800x600&camera=2",
        "videoProfile": 1,
        "needsTimeoutPlayer": false,
        "recordTime": "2026-02-19 23:40:47",
        "workzoneId": 0,
        "streamName": "I-35 & I-240 SW",
        "streamSrc": "https://stream.oktraffic.org/delay-stream/ac98091552020c99.stream/playlist.m3u8",
        "streamKey": "ac98091552020c99.stream"
      }
    },
    {
      "type": "Feature",
      "geometry": {
        "type": "Point",
        "coordinates": [
          -97.49404,
          35.40679572
        ]
      },
      "properties": {
        "id": 1122645069,
        "location": "I-35 & S59th S",
        "poleName": "I-35 & S 59th",
        "direction": "S",
        "city": "Oklahoma City",
        "make": "Axis",
        "model": "P1367",
        "type": "Web",
        "status": "Free",
        "cameraId": 0,
        "port": 6969,
        "videoChannel": 0,
        "urlVar": "axis-media/media.amp?resolution=800x600&camera=2",
        "videoProfile": 1,
        "needsTimeoutPlayer": false,
        "recordTime": "2026-02-19 23:40:49",
        "workzoneId": 0,
        "streamName": "I-35 & S59th S",
        "streamSrc": "https://stream.oktraffic.org/delay-stream/b695999951d2d7a5.stream/playlist.m3u8",
        "streamKey": "b695999951d2d7a5.stream"
      }
    },
    {
      "type": "Feature",
      "geometry": {
        "type": "Point",
        "coordinates": [
          -97.49404,
          35.40679572
        ]
      },
      "properties": {
        "id": 1122645120,
        "location": "I-35 & S59th N",
        "poleName": "I-35 & S 59th",
        "direction": "N",
        "city": "Oklahoma City",
        "make": "Axis",
        "model": "P1465",
        "type": "Web",
        "status": "Free",
        "cameraId": 0,
        "port": 6969,
        "videoChannel": 0,
        "urlVar": "axis-media/media.amp?resolution=800x600&camera=2",
        "videoProfile": 1,
        "needsTimeoutPlayer": false,
        "recordTime": "2026-02-19 23:40:49",
        "workzoneId": 0,
        "streamName": "I-35 & S59th N",
        "streamSrc": "https://stream.oktraffic.org/delay-stream/f41bbe22d8646f6d.stream/playlist.m3u8",
        "streamKey": "f41bbe22d8646f6d.stream"
      }
    },
    {
      "type": "Feature",
      "geometry": {
        "type": "Point",
        "coordinates": [
          -97.485684,
          35.427937
        ]
      },
      "properties": {
        "id": 1116951165,
        "location": "I-35 & S36th S",
        "poleName": "I-35 & S 36th",
        "direction": "S",
        "city": "Oklahoma City",
        "make": "Axis",
        "model": "P1465",
        "type": "Web",
        "status": "Free",
        "cameraId": 0,
        "port": 6969,
        "videoChannel": 0,
        "urlVar": "axis-media/media.amp?camera=2",
        "videoProfile": 1,
        "needsTimeoutPlayer": false,
        "recordTime": "2026-02-19 23:40:48",
        "workzoneId": 0,
        "streamName": "I-35 & S36th S",
        "streamSrc": "https://stream.oktraffic.org/delay-stream/c1330a60393cff85.stream/playlist.m3u8",
        "streamKey": "c1330a60393cff85.stream"
      }
    },
    {
      "type": "Feature",
      "geometry": {
        "type": "Point",
        "coordinates": [
          -97.485684,
          35.427937
        ]
      },
      "properties": {
        "id": 1116951230,
        "location": "I-35 & S36th N",
        "poleName": "I-35 & S 36th",
        "direction": "N",
        "city": "Oklahoma City",
        "make": "Axis",
        "model": "P1367",
        "type": "Web",
        "status": "Free",
        "cameraId": 0,
        "port": 6969,
        "videoChannel": 0,
        "urlVar": "axis-media/media.amp?resolution=800x600&camera=2",
        "videoProfile": 1,
        "needsTimeoutPlayer": false,
        "recordTime": "2026-02-19 23:40:48",
        "workzoneId": 0,
        "streamName": "I-35 & S36th N",
        "streamSrc": "https://stream.oktraffic.org/delay-stream/531900d8c2d1d654.stream/playlist.m3u8",
        "streamKey": "531900d8c2d1d654.stream"
      }
    },
    {
      "type": "Feature",
      "geometry": {
        "type": "Point",
        "coordinates": [
          -97.485824,
          35.435499
        ]
      },
      "properties": {
        "id": 1330418599,
        "location": "I-35 & S29th N",
        "poleName": "I-35 & S 29th",
        "direction": "N",
        "city": "Oklahoma City",
        "make": "Axis",
        "model": "P1357",
        "type": "Web",
        "status": "Free",
        "cameraId": 0,
        "port": 6969,
        "videoChannel": 0,
        "urlVar": "axis-media/media.amp?resolution=800x600&camera=2",
        "videoProfile": 1,
        "needsTimeoutPlayer": false,
        "recordTime": "2026-02-19 23:40:51",
        "workzoneId": 0,
        "streamName": "I-35 & S29th N",
        "streamSrc": "https://stream.oktraffic.org/delay-stream/79d3d597fedd2671.stream/playlist.m3u8",
        "streamKey": "79d3d597fedd2671.stream"
      }
    },
    {
      "type": "Feature",
      "geometry": {
        "type": "Point",
        "coordinates": [
          -97.485824,
          35.435499
        ]
      },
      "properties": {
        "id": 1338973196,
        "location": "I-35 & S29th S",
        "poleName": "I-35 & S 29th",
        "direction": "S",
        "city": "Oklahoma City",
        "make": "Axis",
        "model": "P1367",
        "type": "Web",
        "status": "Free",
        "cameraId": 0,
        "port": 6969,
        "videoChannel": 0,
        "urlVar": "axis-media/media.amp?resolution=800x600&camera=2",
        "videoProfile": 1,
        "needsTimeoutPlayer": false,
        "recordTime": "2026-02-19 23:40:51",
        "workzoneId": 0,
        "streamName": "I-35 & S29th S",
        "streamSrc": "https://stream.oktraffic.org/delay-stream/464c9e023f199006.stream/playlist.m3u8",
        "streamKey": "464c9e023f199006.stream"
      }
    },
    {
      "type": "Feature",
      "geometry": {
        "type": "Point",
        "coordinates": [
          -97.490531,
          35.462333
        ]
      },
      "properties": {
        "id": 1170147395,
        "location": "I-40 & I-35 E",
        "poleName": "I-40 & I-35",
        "direction": "E",
        "city": "Oklahoma City",
        "make": "Axis",
        "model": "P1367",
        "type": "Web",
        "status": "Free",
        "cameraId": 0,
        "port": 6969,
        "videoChannel": 0,
        "urlVar": "axis-media/media.amp?camera=2",
        "videoProfile": 1,
        "needsTimeoutPlayer": false,
        "recordTime": "2026-02-19 23:40:49",
        "workzoneId": 0,
        "streamName": "I-40 & I-35 E",
        "streamSrc": "https://stream.oktraffic.org/delay-stream/44ebccc4ab0b692b.stream/playlist.m3u8",
        "streamKey": "44ebccc4ab0b692b.stream"
      }
    },
    {
      "type": "Feature",
      "geometry": {
        "type": "Point",
        "coordinates": [
          -97.490531,
          35.462333
        ]
      },
      "properties": {
        "id": 1170147457,
        "location": "I-40 & I-35 SW",
        "poleName": "I-40 & I-35",
        "direction": "SW",
        "city": "Oklahoma City",
        "make": "Axis",
        "model": "P1465",
        "type": "Web",
        "status": "Free",
        "cameraId": 0,
        "port": 6969,
        "videoChannel": 0,
        "urlVar": "axis-media/media.amp?camera=2",
        "videoProfile": 1,
        "needsTimeoutPlayer": false,
        "recordTime": "2026-02-19 23:40:49",
        "workzoneId": 0,
        "streamName": "I-40 & I-35 SW",
        "streamSrc": "https://stream.oktraffic.org/delay-stream/e6c28619515f0d85.stream/playlist.m3u8",
        "streamKey": "e6c28619515f0d85.stream"
      }
    },
    {
      "type": "Feature",
      "geometry": {
        "type": "Point",
        "coordinates": [
          -97.490531,
          35.462333
        ]
      },
      "properties": {
        "id": 1170147568,
        "location": "I-40 & I-35 W",
        "poleName": "I-40 & I-35",
        "direction": "W",
        "city": "Oklahoma City",
        "make": "Axis",
        "model": "P1367",
        "type": "Web",
        "status": "Free",
        "cameraId": 0,
        "port": 6969,
        "videoChannel": 0,
        "urlVar": "axis-media/media.amp?camera=2",
        "videoProfile": 1,
        "needsTimeoutPlayer": false,
        "recordTime": "2026-02-19 23:40:49",
        "workzoneId": 0,
        "streamName": "I-40 & I-35 W",
        "streamSrc": "https://stream.oktraffic.org/delay-stream/3fe3c577e8e0be85.stream/playlist.m3u8",
        "streamKey": "3fe3c577e8e0be85.stream"
      }
    },
    {
      "type": "Feature",
      "geometry": {
        "type": "Point",
        "coordinates": [
          -97.514,
          35.455475
        ]
      },
      "properties": {
        "id": 1338974853,
        "location": "I-40 & Shields N",
        "poleName": "I-40 & Shields",
        "direction": "N",
        "city": "Oklahoma City",
        "make": "Axis",
        "model": "P1357",
        "type": "Web",
        "status": "Free",
        "cameraId": 0,
        "port": 6969,
        "videoChannel": 0,
        "urlVar": "",
        "videoProfile": -1,
        "needsTimeoutPlayer": false,
        "recordTime": "2026-02-19 23:40:52",
        "workzoneId": 0,
        "streamName": "I-40 & Shields N",
        "streamSrc": "https://stream.oktraffic.org/delay-stream/b9baed0700d5f5af.stream/playlist.m3u8",
        "streamKey": "b9baed0700d5f5af.stream"
      }
    },
    {
      "type": "Feature",
      "geometry": {
        "type": "Point",
        "coordinates": [
          -97.514,
          35.455475
        ]
      },
      "properties": {
        "id": 1338974907,
        "location": "I-40 & Shields S",
        "poleName": "I-40 & Shields",
        "direction": "S",
        "city": "Oklahoma City",
        "make": "Axis",
        "model": "P1357",
        "type": "Web",
        "status": "Free",
        "cameraId": 0,
        "port": 6969,
        "videoChannel": 0,
        "urlVar": "axis-media/media.amp?resolution=800x600&camera=2",
        "videoProfile": 1,
        "needsTimeoutPlayer": false,
        "recordTime": "2026-02-19 23:40:52",
        "workzoneId": 0,
        "streamName": "I-40 & Shields S",
        "streamSrc": "https://stream.oktraffic.org/delay-stream/5b1725e0e51c7e45.stream/playlist.m3u8",
        "streamKey": "5b1725e0e51c7e45.stream"
      }
    },
    {
      "type": "Feature",
      "geometry": {
        "type": "Point",
        "coordinates": [
          -97.514,
          35.455475
        ]
      },
      "properties": {
        "id": 1338975033,
        "location": "I-40 & Shields E",
        "poleName": "I-40 & Shields",
        "direction": "E",
        "city": "Oklahoma City",
        "make": "Axis",
        "model": "P1357",
        "type": "Web",
        "status": "Free",
        "cameraId": 0,
        "port": 6969,
        "videoChannel": 0,
        "urlVar": "axis-media/media.amp?resolution=800x600&camera=2",
        "videoProfile": 1,
        "needsTimeoutPlayer": false,
        "recordTime": "2026-02-19 23:40:52",
        "workzoneId": 0,
        "streamName": "I-40 & Shields E",
        "streamSrc": "https://stream.oktraffic.org/delay-stream/76cd49c3913b981a.stream/playlist.m3u8",
        "streamKey": "76cd49c3913b981a.stream"
      }
    },
    {
      "type": "Feature",
      "geometry": {
        "type": "Point",
        "coordinates": [
          -97.514,
          35.455475
        ]
      },
      "properties": {
        "id": 1338975085,
        "location": "I-40 & Shields W",
        "poleName": "I-40 & Shields",
        "direction": "W",
        "city": "Oklahoma City",
        "make": "Axis",
        "model": "P1347",
        "type": "Web",
        "status": "Free",
        "cameraId": 0,
        "port": 6969,
        "videoChannel": 0,
        "urlVar": "axis-media/media.amp?resolution=800x600&camera=2",
        "videoProfile": 1,
        "needsTimeoutPlayer": false,
        "recordTime": "2026-02-19 23:40:52",
        "workzoneId": 0,
        "streamName": "I-40 & Shields W",
        "streamSrc": "https://stream.oktraffic.org/delay-stream/55bb055c9e28e146.stream/playlist.m3u8",
        "streamKey": "55bb055c9e28e146.stream"
      }
    },
    {
      "type": "Feature",
      "geometry": {
        "type": "Point",
        "coordinates": [
          -97.461758,
          35.463533
        ]
      },
      "properties": {
        "id": 1170778584,
        "location": "I-40 & Reno N",
        "poleName": "I-40 & Reno",
        "direction": "N",
        "city": "Oklahoma City",
        "make": "Axis",
        "model": "P1347",
        "type": "Web",
        "status": "Free",
        "cameraId": 0,
        "port": 6969,
        "videoChannel": 0,
        "urlVar": "axis-media/media.amp?resolution=800x600&camera=2",
        "videoProfile": 1,
        "needsTimeoutPlayer": false,
        "recordTime": "2026-02-19 23:40:49",
        "workzoneId": 0,
        "streamName": "I-40 & Reno N",
        "streamSrc": "https://stream.oktraffic.org/delay-stream/9a5a984bb73607f9.stream/playlist.m3u8",
        "streamKey": "9a5a984bb73607f9.stream"
      }
    },
    {
      "type": "Feature",
      "geometry": {
        "type": "Point",
        "coordinates": [
          -97.461758,
          35.463533
        ]
      },
      "properties": {
        "id": 1170778637,
        "location": "I-40 & Reno NW",
        "poleName": "I-40 & Reno",
        "direction": "NW",
        "city": "Oklahoma City",
        "make": "Axis",
        "model": "P1347",
        "type": "Web",
        "status": "Free",
        "cameraId": 0,
        "port": 6969,
        "videoChannel": 0,
        "urlVar": "axis-media/media.amp?resolution=800x600&camera=2",
        "videoProfile": 1,
        "needsTimeoutPlayer": false,
        "recordTime": "2026-02-19 23:40:49",
        "workzoneId": 0,
        "streamName": "I-40 & Reno NW",
        "streamSrc": "https://stream.oktraffic.org/delay-stream/0a0b01587588a75b.stream/playlist.m3u8",
        "streamKey": "0a0b01587588a75b.stream"
      }
    },
    {
      "type": "Feature",
      "geometry": {
        "type": "Point",
        "coordinates": [
          -97.461758,
          35.463533
        ]
      },
      "properties": {
        "id": 1170778676,
        "location": "I-40 & Reno SE",
        "poleName": "I-40 & Reno",
        "direction": "SE",
        "city": "Oklahoma City",
        "make": "Axis",
        "model": "P1347",
        "type": "Web",
        "status": "Free",
        "cameraId": 0,
        "port": 6969,
        "videoChannel": 0,
        "urlVar": "axis-media/media.amp?resolution=800x600&camera=2",
        "videoProfile": 1,
        "needsTimeoutPlayer": false,
        "recordTime": "2026-02-19 23:40:49",
        "workzoneId": 0,
        "streamName": "I-40 & Reno SE",
        "streamSrc": "https://stream.oktraffic.org/delay-stream/192885be88689e64.stream/playlist.m3u8",
        "streamKey": "192885be88689e64.stream"
      }
    },
    {
      "type": "Feature",
      "geometry": {
        "type": "Point",
        "coordinates": [
          -97.40991,
          35.43517
        ]
      },
      "properties": {
        "id": 26,
        "location": "I-40 & S29th NW",
        "poleName": "I-40 & S 29th",
        "direction": "NW",
        "city": "Oklahoma City",
        "make": "Axis",
        "model": "P1347",
        "type": "Web",
        "status": "Free",
        "cameraId": 0,
        "port": 6969,
        "videoChannel": 0,
        "urlVar": "axis-media/media.amp?resolution=800x600&camera=2",
        "videoProfile": 1,
        "needsTimeoutPlayer": false,
        "recordTime": "2026-02-19 23:40:41",
        "workzoneId": 0,
        "streamName": "I-40 & S29th NW",
        "streamSrc": "https://stream.oktraffic.org/delay-stream/da64ffdcbeb3ccf9.stream/playlist.m3u8",
        "streamKey": "da64ffdcbeb3ccf9.stream"
      }
    },
    {
      "type": "Feature",
      "geometry": {
        "type": "Point",
        "coordinates": [
          -97.40991,
          35.43517
        ]
      },
      "properties": {
        "id": 27,
        "location": "I-40 & S29th E",
        "poleName": "I-40 & S 29th",
        "direction": "E",
        "city": "Oklahoma City",
        "make": "Axis",
        "model": "P1347",
        "type": "Web",
        "status": "Free",
        "cameraId": 0,
        "port": 6969,
        "videoChannel": 0,
        "urlVar": "axis-media/media.amp?resolution=800x600&camera=2",
        "videoProfile": 1,
        "needsTimeoutPlayer": false,
        "recordTime": "2026-02-19 23:40:41",
        "workzoneId": 0,
        "streamName": "I-40 & S29th E",
        "streamSrc": "https://stream.oktraffic.org/delay-stream/ac6002fe1d86c0fe.stream/playlist.m3u8",
        "streamKey": "ac6002fe1d86c0fe.stream"
      }
    },
    {
      "type": "Feature",
      "geometry": {
        "type": "Point",
        "coordinates": [
          -97.40589,
          35.43441
        ]
      },
      "properties": {
        "id": 29,
        "location": "I-40 & Air Depot N",
        "poleName": "I-40 & Air Depot",
        "direction": "N",
        "city": "Oklahoma City",
        "make": "Axis",
        "model": "P1347",
        "type": "Web",
        "status": "Free",
        "cameraId": 0,
        "port": 6969,
        "videoChannel": 0,
        "urlVar": "axis-media/media.amp?resolution=800x600&camera=2",
        "videoProfile": 1,
        "needsTimeoutPlayer": false,
        "recordTime": "2026-02-19 23:40:41",
        "workzoneId": 0,
        "streamName": "I-40 & Air Depot N",
        "streamSrc": "https://stream.oktraffic.org/delay-stream/1e99748a2973236e.stream/playlist.m3u8",
        "streamKey": "1e99748a2973236e.stream"
      }
    },
    {
      "type": "Feature",
      "geometry": {
        "type": "Point",
        "coordinates": [
          -97.40589,
          35.43441
        ]
      },
      "properties": {
        "id": 30,
        "location": "I-40 & Air Depot S",
        "poleName": "I-40 & Air Depot",
        "direction": "S",
        "city": "Oklahoma City",
        "make": "Axis",
        "model": "P1347",
        "type": "Web",
        "status": "Free",
        "cameraId": 0,
        "port": 6969,
        "videoChannel": 0,
        "urlVar": "axis-media/media.amp?resolution=800x600&camera=2",
        "videoProfile": 1,
        "needsTimeoutPlayer": false,
        "recordTime": "2026-02-19 23:40:41",
        "workzoneId": 0,
        "streamName": "I-40 & Air Depot S",
        "streamSrc": "https://stream.oktraffic.org/delay-stream/e4e5d3927090ce16.stream/playlist.m3u8",
        "streamKey": "e4e5d3927090ce16.stream"
      }
    },
    {
      "type": "Feature",
      "geometry": {
        "type": "Point",
        "coordinates": [
          -97.40589,
          35.43441
        ]
      },
      "properties": {
        "id": 31,
        "location": "I-40 & Air Depot E",
        "poleName": "I-40 & Air Depot",
        "direction": "E",
        "city": "Oklahoma City",
        "make": "Axis",
        "model": "P1367",
        "type": "Web",
        "status": "Free",
        "cameraId": 0,
        "port": 6969,
        "videoChannel": 0,
        "urlVar": "axis-media/media.amp?resolution=800x600&camera=2",
        "videoProfile": 1,
        "needsTimeoutPlayer": false,
        "recordTime": "2026-02-19 23:40:41",
        "workzoneId": 0,
        "streamName": "I-40 & Air Depot E",
        "streamSrc": "https://stream.oktraffic.org/delay-stream/ffec0e2364f05bc1.stream/playlist.m3u8",
        "streamKey": "ffec0e2364f05bc1.stream"
      }
    },
    {
      "type": "Feature",
      "geometry": {
        "type": "Point",
        "coordinates": [
          -97.40589,
          35.43441
        ]
      },
      "properties": {
        "id": 32,
        "location": "I-40 & Air Depot W",
        "poleName": "I-40 & Air Depot",
        "direction": "W",
        "city": "Oklahoma City",
        "make": "Axis",
        "model": "P1347",
        "type": "Web",
        "status": "Free",
        "cameraId": 0,
        "port": 6969,
        "videoChannel": 0,
        "urlVar": "",
        "videoProfile": -1,
        "needsTimeoutPlayer": false,
        "recordTime": "2026-02-19 23:40:41",
        "workzoneId": 0,
        "streamName": "I-40 & Air Depot W",
        "streamSrc": "https://stream.oktraffic.org/delay-stream/88623093ea83064a.stream/playlist.m3u8",
        "streamKey": "88623093ea83064a.stream"
      }
    },
    {
      "type": "Feature",
      "geometry": {
        "type": "Point",
        "coordinates": [
          -97.39814,
          35.43455
        ]
      },
      "properties": {
        "id": 34,
        "location": "I-40 & Eaker Gate E",
        "poleName": "I-40 & Eaker Gate",
        "direction": "E",
        "city": "Oklahoma City",
        "make": "Axis",
        "model": "P1347",
        "type": "Web",
        "status": "Free",
        "cameraId": 0,
        "port": 6969,
        "videoChannel": 0,
        "urlVar": "axis-media/media.amp?resolution=800x600&camera=2",
        "videoProfile": 1,
        "needsTimeoutPlayer": false,
        "recordTime": "2026-02-19 23:40:41",
        "workzoneId": 0,
        "streamName": "I-40 & Eaker Gate E",
        "streamSrc": "https://stream.oktraffic.org/delay-stream/97420243db1132c4.stream/playlist.m3u8",
        "streamKey": "97420243db1132c4.stream"
      }
    },
    {
      "type": "Feature",
      "geometry": {
        "type": "Point",
        "coordinates": [
          -97.39814,
          35.43455
        ]
      },
      "properties": {
        "id": 35,
        "location": "I-40 & Eaker Gate N",
        "poleName": "I-40 & Eaker Gate",
        "direction": "N",
        "city": "Oklahoma City",
        "make": "Axis",
        "model": "P1465",
        "type": "Web",
        "status": "Free",
        "cameraId": 0,
        "port": 6969,
        "videoChannel": 0,
        "urlVar": "",
        "videoProfile": -1,
        "needsTimeoutPlayer": false,
        "recordTime": "2026-02-19 23:40:41",
        "workzoneId": 0,
        "streamName": "I-40 & Eaker Gate N",
        "streamSrc": "https://stream.oktraffic.org/delay-stream/cab0cb07305889fb.stream/playlist.m3u8",
        "streamKey": "cab0cb07305889fb.stream"
      }
    },
    {
      "type": "Feature",
      "geometry": {
        "type": "Point",
        "coordinates": [
          -97.39814,
          35.43455
        ]
      },
      "properties": {
        "id": 36,
        "location": "I-40 & Eaker Gate W",
        "poleName": "I-40 & Eaker Gate",
        "direction": "W",
        "city": "Oklahoma City",
        "make": "Axis",
        "model": "P1347",
        "type": "Web",
        "status": "Free",
        "cameraId": 0,
        "port": 6969,
        "videoChannel": 0,
        "urlVar": "axis-media/media.amp?resolution=800x600&camera=2",
        "videoProfile": 1,
        "needsTimeoutPlayer": false,
        "recordTime": "2026-02-19 23:40:41",
        "workzoneId": 0,
        "streamName": "I-40 & Eaker Gate W",
        "streamSrc": "https://stream.oktraffic.org/delay-stream/7e75f97b78ed5e26.stream/playlist.m3u8",
        "streamKey": "7e75f97b78ed5e26.stream"
      }
    },
    {
      "type": "Feature",
      "geometry": {
        "type": "Point",
        "coordinates": [
          -97.39814,
          35.43455
        ]
      },
      "properties": {
        "id": 1387296714,
        "location": "I-40 & Eaker Gate S",
        "poleName": "I-40 & Eaker Gate",
        "direction": "S",
        "city": "Oklahoma City",
        "make": "Axis",
        "model": "P1455",
        "type": "Web",
        "status": "Free",
        "cameraId": 0,
        "port": 6969,
        "videoChannel": 0,
        "urlVar": "axis-media/media.amp?resolution=800x600&camera=2",
        "videoProfile": 1,
        "needsTimeoutPlayer": false,
        "recordTime": "2026-02-19 23:40:54",
        "workzoneId": 0,
        "streamName": "I-40 & Eaker Gate S",
        "streamSrc": "https://stream.oktraffic.org/delay-stream/b0a098d105bc19d1.stream/playlist.m3u8",
        "streamKey": "b0a098d105bc19d1.stream"
      }
    },
    {
      "type": "Feature",
      "geometry": {
        "type": "Point",
        "coordinates": [
          -97.38692,
          35.4352
        ]
      },
      "properties": {
        "id": 37,
        "location": "I-40 & A Ave E",
        "poleName": "I-40 & A Ave",
        "direction": "E",
        "city": "Oklahoma City",
        "make": "Axis",
        "model": "P1367",
        "type": "Web",
        "status": "Free",
        "cameraId": 0,
        "port": 6969,
        "videoChannel": 0,
        "urlVar": "axis-media/media.amp?resolution=800x600&camera=2",
        "videoProfile": 1,
        "needsTimeoutPlayer": false,
        "recordTime": "2026-02-19 23:40:42",
        "workzoneId": 0,
        "streamName": "I-40 & A Ave E",
        "streamSrc": "https://stream.oktraffic.org/delay-stream/791a4f071765eb39.stream/playlist.m3u8",
        "streamKey": "791a4f071765eb39.stream"
      }
    },
    {
      "type": "Feature",
      "geometry": {
        "type": "Point",
        "coordinates": [
          -97.38692,
          35.4352
        ]
      },
      "properties": {
        "id": 39,
        "location": "I-40 & A Ave W",
        "poleName": "I-40 & A Ave",
        "direction": "W",
        "city": "Oklahoma City",
        "make": "Axis",
        "model": "P1367",
        "type": "Web",
        "status": "Free",
        "cameraId": 0,
        "port": 6969,
        "videoChannel": 0,
        "urlVar": "axis-media/media.amp?resolution=800x600&camera=2",
        "videoProfile": 1,
        "needsTimeoutPlayer": false,
        "recordTime": "2026-02-19 23:40:42",
        "workzoneId": 0,
        "streamName": "I-40 & A Ave W",
        "streamSrc": "https://stream.oktraffic.org/delay-stream/454da1a3e1f3c479.stream/playlist.m3u8",
        "streamKey": "454da1a3e1f3c479.stream"
      }
    },
    {
      "type": "Feature",
      "geometry": {
        "type": "Point",
        "coordinates": [
          -97.548119,
          35.464925
        ]
      },
      "properties": {
        "id": 1338973608,
        "location": "OKC Blvd & Penn E",
        "poleName": "OKC Blvd & Penn",
        "direction": "E",
        "city": "Oklahoma City",
        "make": "Axis",
        "model": "P1347",
        "type": "Web",
        "status": "Free",
        "cameraId": 0,
        "port": 6969,
        "videoChannel": 0,
        "urlVar": "axis-media/media.amp?resolution=800x600&camera=2",
        "videoProfile": 1,
        "needsTimeoutPlayer": false,
        "recordTime": "2026-02-19 23:40:51",
        "workzoneId": 0,
        "streamName": "OKC Blvd & Penn E",
        "streamSrc": "https://stream.oktraffic.org/delay-stream/265e18faaa63c537.stream/playlist.m3u8",
        "streamKey": "265e18faaa63c537.stream"
      }
    },
    {
      "type": "Feature",
      "geometry": {
        "type": "Point",
        "coordinates": [
          -97.548119,
          35.464925
        ]
      },
      "properties": {
        "id": 1338973716,
        "location": "OKC Blvd & Penn W",
        "poleName": "OKC Blvd & Penn",
        "direction": "W",
        "city": "Oklahoma City",
        "make": "Axis",
        "model": "P1347",
        "type": "Web",
        "status": "Free",
        "cameraId": 0,
        "port": 6969,
        "videoChannel": 0,
        "urlVar": "axis-media/media.amp?resolution=800x600&camera=2",
        "videoProfile": 1,
        "needsTimeoutPlayer": false,
        "recordTime": "2026-02-19 23:40:52",
        "workzoneId": 0,
        "streamName": "OKC Blvd & Penn W",
        "streamSrc": "https://stream.oktraffic.org/delay-stream/80f10b1cbe7899df.stream/playlist.m3u8",
        "streamKey": "80f10b1cbe7899df.stream"
      }
    },
    {
      "type": "Feature",
      "geometry": {
        "type": "Point",
        "coordinates": [
          -97.53125,
          35.46562
        ]
      },
      "properties": {
        "id": 1344419534,
        "location": "OKC Blvd & Western W",
        "poleName": "OKC Blvd & Western",
        "direction": "W",
        "city": "Oklahoma City",
        "make": "Axis",
        "model": "1465",
        "type": "Web",
        "status": "Free",
        "cameraId": 0,
        "port": 6969,
        "videoChannel": 0,
        "urlVar": "",
        "videoProfile": -1,
        "needsTimeoutPlayer": false,
        "recordTime": "2026-02-19 23:40:52",
        "workzoneId": 0,
        "streamName": "OKC Blvd & Western W",
        "streamSrc": "https://stream.oktraffic.org/delay-stream/9047108edf2916ab.stream/playlist.m3u8",
        "streamKey": "9047108edf2916ab.stream"
      }
    },
    {
      "type": "Feature",
      "geometry": {
        "type": "Point",
        "coordinates": [
          -97.53125,
          35.46562
        ]
      },
      "properties": {
        "id": 1344419579,
        "location": "OKC Blvd & Western E",
        "poleName": "OKC Blvd & Western",
        "direction": "E",
        "city": "Oklahoma City",
        "make": "Axis",
        "model": "1465",
        "type": "Web",
        "status": "Free",
        "cameraId": 0,
        "port": 6969,
        "videoChannel": 0,
        "urlVar": "",
        "videoProfile": -1,
        "needsTimeoutPlayer": false,
        "recordTime": "2026-02-19 23:40:52",
        "workzoneId": 0,
        "streamName": "OKC Blvd & Western E",
        "streamSrc": "https://stream.oktraffic.org/delay-stream/7f91402edfdd96c8.stream/playlist.m3u8",
        "streamKey": "7f91402edfdd96c8.stream"
      }
    },
    {
      "type": "Feature",
      "geometry": {
        "type": "Point",
        "coordinates": [
          -97.523919,
          35.462514
        ]
      },
      "properties": {
        "id": 1338975390,
        "location": "OKC Blvd & Lee W",
        "poleName": "OKC Blvd & Lee",
        "direction": "W",
        "city": "Oklahoma City",
        "make": "Axis",
        "model": "P1455",
        "type": "Web",
        "status": "Free",
        "cameraId": 0,
        "port": 6969,
        "videoChannel": 0,
        "urlVar": "axis-media/media.amp?resolution=800x600&camera=2",
        "videoProfile": 1,
        "needsTimeoutPlayer": false,
        "recordTime": "2026-02-19 23:40:52",
        "workzoneId": 0,
        "streamName": "OKC Blvd & Lee W",
        "streamSrc": "https://stream.oktraffic.org/delay-stream/ba03598176c2cbcd.stream/playlist.m3u8",
        "streamKey": "ba03598176c2cbcd.stream"
      }
    },
    {
      "type": "Feature",
      "geometry": {
        "type": "Point",
        "coordinates": [
          -97.523919,
          35.462514
        ]
      },
      "properties": {
        "id": 1338975440,
        "location": "OKC Blvd & Lee NE",
        "poleName": "OKC Blvd & Lee",
        "direction": "NE",
        "city": "Oklahoma City",
        "make": "Axis",
        "model": "P1455",
        "type": "Web",
        "status": "Free",
        "cameraId": 0,
        "port": 6969,
        "videoChannel": 0,
        "urlVar": "axis-media/media.amp?resolution=800x600&camera=2",
        "videoProfile": 1,
        "needsTimeoutPlayer": false,
        "recordTime": "2026-02-19 23:40:52",
        "workzoneId": 0,
        "streamName": "OKC Blvd & Lee NE",
        "streamSrc": "https://stream.oktraffic.org/delay-stream/ad360baf419563a9.stream/playlist.m3u8",
        "streamKey": "ad360baf419563a9.stream"
      }
    },
    {
      "type": "Feature",
      "geometry": {
        "type": "Point",
        "coordinates": [
          -97.473067,
          35.464069
        ]
      },
      "properties": {
        "id": 1170778130,
        "location": "I-35 & Reno E",
        "poleName": "I-35 & Reno",
        "direction": "E",
        "city": "Oklahoma City",
        "make": "Axis",
        "model": "P1455",
        "type": "Web",
        "status": "Free",
        "cameraId": 0,
        "port": 6969,
        "videoChannel": 0,
        "urlVar": "axis-media/media.amp?camera=2",
        "videoProfile": 1,
        "needsTimeoutPlayer": false,
        "recordTime": "2026-02-19 23:40:49",
        "workzoneId": 0,
        "streamName": "I-35 & Reno E",
        "streamSrc": "https://stream.oktraffic.org/delay-stream/97c173675e51a499.stream/playlist.m3u8",
        "streamKey": "97c173675e51a499.stream"
      }
    },
    {
      "type": "Feature",
      "geometry": {
        "type": "Point",
        "coordinates": [
          -97.473067,
          35.464069
        ]
      },
      "properties": {
        "id": 1170778297,
        "location": "I-35 & Reno SW",
        "poleName": "I-35 & Reno",
        "direction": "SW",
        "city": "Oklahoma City",
        "make": "Axis",
        "model": "P1347",
        "type": "Web",
        "status": "Free",
        "cameraId": 0,
        "port": 6969,
        "videoChannel": 0,
        "urlVar": "axis-media/media.amp?camera=2",
        "videoProfile": 1,
        "needsTimeoutPlayer": false,
        "recordTime": "2026-02-19 23:40:49",
        "workzoneId": 0,
        "streamName": "I-35 & Reno SW",
        "streamSrc": "https://stream.oktraffic.org/delay-stream/6065c5492a30046e.stream/playlist.m3u8",
        "streamKey": "6065c5492a30046e.stream"
      }
    },
    {
      "type": "Feature",
      "geometry": {
        "type": "Point",
        "coordinates": [
          -97.473067,
          35.464069
        ]
      },
      "properties": {
        "id": 1704398136452,
        "location": "I-35 & Reno SE",
        "poleName": "I-35 & Reno",
        "direction": "SE",
        "city": "Oklahoma City",
        "make": "Axis",
        "model": "P1455",
        "type": "Web",
        "status": "Free",
        "cameraId": 0,
        "port": 6969,
        "videoChannel": 0,
        "urlVar": "axis-media/media.amp?camera=2",
        "videoProfile": 1,
        "needsTimeoutPlayer": false,
        "recordTime": "2026-02-19 23:41:13",
        "workzoneId": 0,
        "streamName": "I-35 & Reno SE",
        "streamSrc": "https://stream.oktraffic.org/delay-stream/3229c337d0d9cd10.stream/playlist.m3u8",
        "streamKey": "3229c337d0d9cd10.stream"
      }
    },
    {
      "type": "Feature",
      "geometry": {
        "type": "Point",
        "coordinates": [
          -96.04051,
          36.08797
        ]
      },
      "properties": {
        "id": 61,
        "location": "I-44 & W I-244 E",
        "poleName": "I-44 & I-244 West",
        "direction": "E",
        "city": "Tulsa",
        "make": "Axis",
        "model": "P1357",
        "type": "Web",
        "status": "Free",
        "cameraId": 0,
        "port": 6969,
        "videoChannel": 0,
        "urlVar": "",
        "videoProfile": -1,
        "needsTimeoutPlayer": false,
        "recordTime": "2026-02-19 23:40:42",
        "workzoneId": 0,
        "streamName": "I-44 & W I-244 E",
        "streamSrc": "https://stream.oktraffic.org/delay-stream/1a4f4fe73c485df1.stream/playlist.m3u8",
        "streamKey": "1a4f4fe73c485df1.stream"
      }
    },
    {
      "type": "Feature",
      "geometry": {
        "type": "Point",
        "coordinates": [
          -96.04051,
          36.08797
        ]
      },
      "properties": {
        "id": 62,
        "location": "I-44 & W I-244 SW",
        "poleName": "I-44 & I-244 West",
        "direction": "SW",
        "city": "Tulsa",
        "make": "Axis",
        "model": "P1357",
        "type": "Web",
        "status": "Free",
        "cameraId": 0,
        "port": 6969,
        "videoChannel": 0,
        "urlVar": "",
        "videoProfile": -1,
        "needsTimeoutPlayer": false,
        "recordTime": "2026-02-19 23:40:42",
        "workzoneId": 0,
        "streamName": "I-44 & W I-244 SW",
        "streamSrc": "https://stream.oktraffic.org/delay-stream/7e0d7c56e556955f.stream/playlist.m3u8",
        "streamKey": "7e0d7c56e556955f.stream"
      }
    },
    {
      "type": "Feature",
      "geometry": {
        "type": "Point",
        "coordinates": [
          -96.04051,
          36.08797
        ]
      },
      "properties": {
        "id": 63,
        "location": "I-44 & W I-244 NE",
        "poleName": "I-44 & I-244 West",
        "direction": "NE",
        "city": "Tulsa",
        "make": "Axis",
        "model": "P1455",
        "type": "Web",
        "status": "Free",
        "cameraId": 0,
        "port": 6969,
        "videoChannel": 0,
        "urlVar": "axis-media/media.amp?resolution=800x600&camera=2",
        "videoProfile": 1,
        "needsTimeoutPlayer": false,
        "recordTime": "2026-02-19 23:40:42",
        "workzoneId": 0,
        "streamName": "I-44 & W I-244 NE",
        "streamSrc": "https://stream.oktraffic.org/delay-stream/1a589318b05e29d3.stream/playlist.m3u8",
        "streamKey": "1a589318b05e29d3.stream"
      }
    },
    {
      "type": "Feature",
      "geometry": {
        "type": "Point",
        "coordinates": [
          -96.04051,
          36.08797
        ]
      },
      "properties": {
        "id": 64,
        "location": "I-44 & W I-244 W",
        "poleName": "I-44 & I-244 West",
        "direction": "W",
        "city": "Tulsa",
        "make": "Axis",
        "model": "P1357",
        "type": "Web",
        "status": "Free",
        "cameraId": 0,
        "port": 6969,
        "videoChannel": 0,
        "urlVar": "",
        "videoProfile": -1,
        "needsTimeoutPlayer": false,
        "recordTime": "2026-02-19 23:40:42",
        "workzoneId": 0,
        "streamName": "I-44 & W I-244 W",
        "streamSrc": "https://stream.oktraffic.org/delay-stream/2fbd0444024d9d5d.stream/playlist.m3u8",
        "streamKey": "2fbd0444024d9d5d.stream"
      }
    },
    {
      "type": "Feature",
      "geometry": {
        "type": "Point",
        "coordinates": [
          -96.00868937,
          36.12221084
        ]
      },
      "properties": {
        "id": 19,
        "location": "I-244 & SW Blvd N",
        "poleName": "I-244 & SW Blvd",
        "direction": "N",
        "city": "Tulsa",
        "make": "Axis",
        "model": "P1347",
        "type": "Web",
        "status": "Free",
        "cameraId": 0,
        "port": 6969,
        "videoChannel": 0,
        "urlVar": "axis-media/media.amp?resolution=800x600&camera=2",
        "videoProfile": 1,
        "needsTimeoutPlayer": false,
        "recordTime": "2026-02-19 23:40:40",
        "workzoneId": 0,
        "streamName": "I-244 & SW Blvd N",
        "streamSrc": "https://stream.oktraffic.org/delay-stream/b42c9364c60f8b3f.stream/playlist.m3u8",
        "streamKey": "b42c9364c60f8b3f.stream"
      }
    },
    {
      "type": "Feature",
      "geometry": {
        "type": "Point",
        "coordinates": [
          -96.00868937,
          36.12221084
        ]
      },
      "properties": {
        "id": 20,
        "location": "I-244 & SW Blvd S",
        "poleName": "I-244 & SW Blvd",
        "direction": "S",
        "city": "Tulsa",
        "make": "Axis",
        "model": "P1357",
        "type": "Web",
        "status": "Free",
        "cameraId": 0,
        "port": 6969,
        "videoChannel": 0,
        "urlVar": "axis-media/media.amp?resolution=800x600&camera=2",
        "videoProfile": 1,
        "needsTimeoutPlayer": false,
        "recordTime": "2026-02-19 23:40:41",
        "workzoneId": 0,
        "streamName": "I-244 & SW Blvd S",
        "streamSrc": "https://stream.oktraffic.org/delay-stream/c8d002f087e9506c.stream/playlist.m3u8",
        "streamKey": "c8d002f087e9506c.stream"
      }
    },
    {
      "type": "Feature",
      "geometry": {
        "type": "Point",
        "coordinates": [
          -95.85945,
          36.16498
        ]
      },
      "properties": {
        "id": 2,
        "location": "I-244 & US-169 N",
        "poleName": "I-244 & US-169",
        "direction": "N",
        "city": "Tulsa",
        "make": "Axis",
        "model": "P1368",
        "type": "Web",
        "status": "Free",
        "cameraId": 0,
        "port": 6969,
        "videoChannel": 0,
        "urlVar": "",
        "videoProfile": -1,
        "needsTimeoutPlayer": false,
        "recordTime": "2026-02-19 23:40:39",
        "workzoneId": 0,
        "streamName": "I-244 & US-169 N",
        "streamSrc": "https://stream.oktraffic.org/delay-stream/0e7e3a5b8b0f8496.stream/playlist.m3u8",
        "streamKey": "0e7e3a5b8b0f8496.stream"
      }
    },
    {
      "type": "Feature",
      "geometry": {
        "type": "Point",
        "coordinates": [
          -95.85945,
          36.16498
        ]
      },
      "properties": {
        "id": 3,
        "location": "I-244 & US-169 S",
        "poleName": "I-244 & US-169",
        "direction": "S",
        "city": "Tulsa",
        "make": "Axis",
        "model": "P1368",
        "type": "Web",
        "status": "Free",
        "cameraId": 0,
        "port": 6969,
        "videoChannel": 0,
        "urlVar": "",
        "videoProfile": -1,
        "needsTimeoutPlayer": false,
        "recordTime": "2026-02-19 23:40:40",
        "workzoneId": 0,
        "streamName": "I-244 & US-169 S",
        "streamSrc": "https://stream.oktraffic.org/delay-stream/517f2c429db8223e.stream/playlist.m3u8",
        "streamKey": "517f2c429db8223e.stream"
      }
    },
    {
      "type": "Feature",
      "geometry": {
        "type": "Point",
        "coordinates": [
          -95.85945,
          36.16498
        ]
      },
      "properties": {
        "id": 4,
        "location": "I-244 & US-169 E",
        "poleName": "I-244 & US-169",
        "direction": "E",
        "city": "Tulsa",
        "make": "Axis",
        "model": "P1455",
        "type": "Web",
        "status": "Free",
        "cameraId": 0,
        "port": 6969,
        "videoChannel": 0,
        "urlVar": "axis-media/media.amp?resolution=800x600&camera=2",
        "videoProfile": 1,
        "needsTimeoutPlayer": false,
        "recordTime": "2026-02-19 23:40:40",
        "workzoneId": 0,
        "streamName": "I-244 & US-169 E",
        "streamSrc": "https://stream.oktraffic.org/delay-stream/c4c2562359c2c436.stream/playlist.m3u8",
        "streamKey": "c4c2562359c2c436.stream"
      }
    },
    {
      "type": "Feature",
      "geometry": {
        "type": "Point",
        "coordinates": [
          -95.85945,
          36.16498
        ]
      },
      "properties": {
        "id": 5,
        "location": "I-244 & US-169 W",
        "poleName": "I-244 & US-169",
        "direction": "W",
        "city": "Tulsa",
        "make": "Axis",
        "model": "P1368",
        "type": "Web",
        "status": "Free",
        "cameraId": 0,
        "port": 6969,
        "videoChannel": 0,
        "urlVar": "",
        "videoProfile": -1,
        "needsTimeoutPlayer": false,
        "recordTime": "2026-02-19 23:40:40",
        "workzoneId": 0,
        "streamName": "I-244 & US-169 W",
        "streamSrc": "https://stream.oktraffic.org/delay-stream/e0377c14aebc9f5c.stream/playlist.m3u8",
        "streamKey": "e0377c14aebc9f5c.stream"
      }
    },
    {
      "type": "Feature",
      "geometry": {
        "type": "Point",
        "coordinates": [
          -95.826574,
          36.161382
        ]
      },
      "properties": {
        "id": 7,
        "location": "I-44 & E I-244 E",
        "poleName": "I-44 & I-244 East",
        "direction": "E",
        "city": "Tulsa",
        "make": "Axis",
        "model": "P1455",
        "type": "Web",
        "status": "Free",
        "cameraId": 0,
        "port": 6969,
        "videoChannel": 0,
        "urlVar": "axis-media/media.amp?resolution=800x600&camera=2",
        "videoProfile": 1,
        "needsTimeoutPlayer": false,
        "recordTime": "2026-02-19 23:40:40",
        "workzoneId": 0,
        "streamName": "I-44 & E I-244 E",
        "streamSrc": "https://stream.oktraffic.org/delay-stream/7f76fa772adee969.stream/playlist.m3u8",
        "streamKey": "7f76fa772adee969.stream"
      }
    },
    {
      "type": "Feature",
      "geometry": {
        "type": "Point",
        "coordinates": [
          -95.826574,
          36.161382
        ]
      },
      "properties": {
        "id": 8,
        "location": "I-44 & E I-244 SW",
        "poleName": "I-44 & I-244 East",
        "direction": "SW",
        "city": "Tulsa",
        "make": "Axis",
        "model": "P1455",
        "type": "Web",
        "status": "Free",
        "cameraId": 0,
        "port": 6969,
        "videoChannel": 0,
        "urlVar": "axis-media/media.amp?resolution=800x600&camera=2",
        "videoProfile": 1,
        "needsTimeoutPlayer": false,
        "recordTime": "2026-02-19 23:40:40",
        "workzoneId": 0,
        "streamName": "I-44 & E I-244 SW",
        "streamSrc": "https://stream.oktraffic.org/delay-stream/09bef391de2ef59d.stream/playlist.m3u8",
        "streamKey": "09bef391de2ef59d.stream"
      }
    },
    {
      "type": "Feature",
      "geometry": {
        "type": "Point",
        "coordinates": [
          -95.826574,
          36.161382
        ]
      },
      "properties": {
        "id": 9,
        "location": "I-44 & E I-244 NW",
        "poleName": "I-44 & I-244 East",
        "direction": "NW",
        "city": "Tulsa",
        "make": "Axis",
        "model": "P1367",
        "type": "Web",
        "status": "Free",
        "cameraId": 0,
        "port": 6969,
        "videoChannel": 0,
        "urlVar": "axis-media/media.amp?resolution=800x600&camera=2",
        "videoProfile": 1,
        "needsTimeoutPlayer": false,
        "recordTime": "2026-02-19 23:40:40",
        "workzoneId": 0,
        "streamName": "I-44 & E I-244 NW",
        "streamSrc": "https://stream.oktraffic.org/delay-stream/c0d5da4c42c1cc5c.stream/playlist.m3u8",
        "streamKey": "c0d5da4c42c1cc5c.stream"
      }
    },
    {
      "type": "Feature",
      "geometry": {
        "type": "Point",
        "coordinates": [
          -95.97886,
          36.14241
        ]
      },
      "properties": {
        "id": 71,
        "location": "SH-51 & US-64/75 N",
        "poleName": "SH-51 & US-64/75",
        "direction": "N",
        "city": "Tulsa",
        "make": "Axis",
        "model": "P1367",
        "type": "Web",
        "status": "Free",
        "cameraId": 0,
        "port": 6969,
        "videoChannel": 0,
        "urlVar": "",
        "videoProfile": -1,
        "needsTimeoutPlayer": false,
        "recordTime": "2026-02-19 23:40:43",
        "workzoneId": 0,
        "streamName": "SH-51 & US-64/75 N",
        "streamSrc": "https://stream.oktraffic.org/delay-stream/a49e4aa74c846e79.stream/playlist.m3u8",
        "streamKey": "a49e4aa74c846e79.stream"
      }
    },
    {
      "type": "Feature",
      "geometry": {
        "type": "Point",
        "coordinates": [
          -95.97886,
          36.14241
        ]
      },
      "properties": {
        "id": 72,
        "location": "SH-51 & US-64/75 E",
        "poleName": "SH-51 & US-64/75",
        "direction": "E",
        "city": "Tulsa",
        "make": "Axis",
        "model": "P1367",
        "type": "Web",
        "status": "Free",
        "cameraId": 0,
        "port": 6969,
        "videoChannel": 0,
        "urlVar": "",
        "videoProfile": -1,
        "needsTimeoutPlayer": false,
        "recordTime": "2026-02-19 23:40:43",
        "workzoneId": 0,
        "streamName": "SH-51 & US-64/75 E",
        "streamSrc": "https://stream.oktraffic.org/delay-stream/a8887d35b2413bff.stream/playlist.m3u8",
        "streamKey": "a8887d35b2413bff.stream"
      }
    },
    {
      "type": "Feature",
      "geometry": {
        "type": "Point",
        "coordinates": [
          -95.89715,
          36.11393
        ]
      },
      "properties": {
        "id": 1756156249416,
        "location": "I-44 & SH-51 SW",
        "poleName": "I-44 & SH-51",
        "direction": "SW",
        "city": "Tulsa",
        "make": "Axis",
        "model": "P1357",
        "type": "Web",
        "status": "Free",
        "cameraId": 0,
        "port": 6969,
        "videoChannel": 0,
        "urlVar": "0",
        "videoProfile": 1,
        "needsTimeoutPlayer": false,
        "recordTime": "2026-02-19 23:41:21",
        "workzoneId": 0,
        "streamName": "I-44 & SH-51 SW",
        "streamSrc": "https://stream.oktraffic.org/delay-stream/c39283296adfc04c.stream/playlist.m3u8",
        "streamKey": "c39283296adfc04c.stream"
      }
    },
    {
      "type": "Feature",
      "geometry": {
        "type": "Point",
        "coordinates": [
          -95.89715,
          36.11393
        ]
      },
      "properties": {
        "id": 1756156352288,
        "location": "I-44 & SH-51 SE",
        "poleName": "I-44 & SH-51",
        "direction": "SE",
        "city": "Tulsa",
        "make": "Axis",
        "model": "P1357",
        "type": "Web",
        "status": "Free",
        "cameraId": 0,
        "port": 6969,
        "videoChannel": 0,
        "urlVar": "0",
        "videoProfile": 1,
        "needsTimeoutPlayer": false,
        "recordTime": "2026-02-19 23:41:21",
        "workzoneId": 0,
        "streamName": "I-44 & SH-51 SE",
        "streamSrc": "https://stream.oktraffic.org/delay-stream/30d9706a7ff865e1.stream/playlist.m3u8",
        "streamKey": "30d9706a7ff865e1.stream"
      }
    },
    {
      "type": "Feature",
      "geometry": {
        "type": "Point",
        "coordinates": [
          -95.89715,
          36.11393
        ]
      },
      "properties": {
        "id": 1756156439882,
        "location": "I-44 & SH-51 NE",
        "poleName": "I-44 & SH-51",
        "direction": "NE",
        "city": "Tulsa",
        "make": "Axis",
        "model": "P1357",
        "type": "Web",
        "status": "Free",
        "cameraId": 0,
        "port": 6969,
        "videoChannel": 0,
        "urlVar": "0",
        "videoProfile": 1,
        "needsTimeoutPlayer": false,
        "recordTime": "2026-02-19 23:41:21",
        "workzoneId": 0,
        "streamName": "I-44 & SH-51 NE",
        "streamSrc": "https://stream.oktraffic.org/delay-stream/c68a72559f343305.stream/playlist.m3u8",
        "streamKey": "c68a72559f343305.stream"
      }
    },
    {
      "type": "Feature",
      "geometry": {
        "type": "Point",
        "coordinates": [
          -95.89715,
          36.11393
        ]
      },
      "properties": {
        "id": 1756156560157,
        "location": "I-44 & SH-51 NW",
        "poleName": "I-44 & SH-51",
        "direction": "NW",
        "city": "Tulsa",
        "make": "Axis",
        "model": "P1357",
        "type": "Web",
        "status": "Free",
        "cameraId": 0,
        "port": 6969,
        "videoChannel": 0,
        "urlVar": "0",
        "videoProfile": 1,
        "needsTimeoutPlayer": false,
        "recordTime": "2026-02-19 23:41:21",
        "workzoneId": 0,
        "streamName": "I-44 & SH-51 NW",
        "streamSrc": "https://stream.oktraffic.org/delay-stream/621bd1c10be7d9e0.stream/playlist.m3u8",
        "streamKey": "621bd1c10be7d9e0.stream"
      }
    },
    {
      "type": "Feature",
      "geometry": {
        "type": "Point",
        "coordinates": [
          -95.8592,
          36.09775
        ]
      },
      "properties": {
        "id": 56,
        "location": "US-169 & SH-51 N",
        "poleName": "SH-51 & US-169",
        "direction": "N",
        "city": "Tulsa",
        "make": "Axis",
        "model": "P1377",
        "type": "Web",
        "status": "Free",
        "cameraId": 0,
        "port": 6969,
        "videoChannel": 0,
        "urlVar": "",
        "videoProfile": -1,
        "needsTimeoutPlayer": false,
        "recordTime": "2026-02-19 23:40:42",
        "workzoneId": 0,
        "streamName": "US-169 & SH-51 N",
        "streamSrc": "https://stream.oktraffic.org/delay-stream/45716ab31f15f177.stream/playlist.m3u8",
        "streamKey": "45716ab31f15f177.stream"
      }
    },
    {
      "type": "Feature",
      "geometry": {
        "type": "Point",
        "coordinates": [
          -95.8592,
          36.09775
        ]
      },
      "properties": {
        "id": 57,
        "location": "US-169 & SH-51 S",
        "poleName": "SH-51 & US-169",
        "direction": "S",
        "city": "Tulsa",
        "make": "Axis",
        "model": "P1455",
        "type": "Web",
        "status": "Free",
        "cameraId": 0,
        "port": 6969,
        "videoChannel": 0,
        "urlVar": "",
        "videoProfile": -1,
        "needsTimeoutPlayer": false,
        "recordTime": "2026-02-19 23:40:42",
        "workzoneId": 0,
        "streamName": "US-169 & SH-51 S",
        "streamSrc": "https://stream.oktraffic.org/delay-stream/afd1b641246a20b1.stream/playlist.m3u8",
        "streamKey": "afd1b641246a20b1.stream"
      }
    },
    {
      "type": "Feature",
      "geometry": {
        "type": "Point",
        "coordinates": [
          -95.82837,
          36.08578
        ]
      },
      "properties": {
        "id": 12,
        "location": "SH-51 & S 129th E SE",
        "poleName": "SH-51 & S 129th E",
        "direction": "SE",
        "city": "Tulsa",
        "make": "Axis",
        "model": "P1347",
        "type": "Web",
        "status": "Free",
        "cameraId": 0,
        "port": 6969,
        "videoChannel": 0,
        "urlVar": "",
        "videoProfile": -1,
        "needsTimeoutPlayer": false,
        "recordTime": "2026-02-19 23:40:40",
        "workzoneId": 0,
        "streamName": "SH-51 & S 129th E SE",
        "streamSrc": "https://stream.oktraffic.org/delay-stream/ce94dcfc40a9307d.stream/playlist.m3u8",
        "streamKey": "ce94dcfc40a9307d.stream"
      }
    },
    {
      "type": "Feature",
      "geometry": {
        "type": "Point",
        "coordinates": [
          -95.85827,
          36.06105
        ]
      },
      "properties": {
        "id": 14,
        "location": "US-169 & E 71st N",
        "poleName": "US-169 & E 71st",
        "direction": "N",
        "city": "Tulsa",
        "make": "Axis",
        "model": "P1347",
        "type": "Web",
        "status": "Free",
        "cameraId": 0,
        "port": 6969,
        "videoChannel": 0,
        "urlVar": "axis-media/media.amp?resolution=800x600&camera=2",
        "videoProfile": 1,
        "needsTimeoutPlayer": false,
        "recordTime": "2026-02-19 23:40:40",
        "workzoneId": 0,
        "streamName": "US-169 & E 71st N",
        "streamSrc": "https://stream.oktraffic.org/delay-stream/654918be931b1030.stream/playlist.m3u8",
        "streamKey": "654918be931b1030.stream"
      }
    },
    {
      "type": "Feature",
      "geometry": {
        "type": "Point",
        "coordinates": [
          -95.85827,
          36.06105
        ]
      },
      "properties": {
        "id": 15,
        "location": "US-169 & E 71st S",
        "poleName": "US-169 & E 71st",
        "direction": "S",
        "city": "Tulsa",
        "make": "Axis",
        "model": "P1367",
        "type": "Web",
        "status": "Free",
        "cameraId": 0,
        "port": 6969,
        "videoChannel": 0,
        "urlVar": "axis-media/media.amp?resolution=800x600&camera=2",
        "videoProfile": 1,
        "needsTimeoutPlayer": false,
        "recordTime": "2026-02-19 23:40:40",
        "workzoneId": 0,
        "streamName": "US-169 & E 71st S",
        "streamSrc": "https://stream.oktraffic.org/delay-stream/468804d17ca5290f.stream/playlist.m3u8",
        "streamKey": "468804d17ca5290f.stream"
      }
    },
    {
      "type": "Feature",
      "geometry": {
        "type": "Point",
        "coordinates": [
          -95.86049,
          36.13892
        ]
      },
      "properties": {
        "id": 68,
        "location": "I-44 & US-169 NE",
        "poleName": "I-44 & US-169",
        "direction": "NE",
        "city": "Tulsa",
        "make": "Axis",
        "model": "P1465",
        "type": "Web",
        "status": "Free",
        "cameraId": 0,
        "port": 6969,
        "videoChannel": 0,
        "urlVar": "axis-media/media.amp?resolution=800x600&camera=2",
        "videoProfile": 1,
        "needsTimeoutPlayer": false,
        "recordTime": "2026-02-19 23:40:43",
        "workzoneId": 0,
        "streamName": "I-44 & US-169 NE",
        "streamSrc": "https://stream.oktraffic.org/delay-stream/b62e8648719d4e94.stream/playlist.m3u8",
        "streamKey": "b62e8648719d4e94.stream"
      }
    },
    {
      "type": "Feature",
      "geometry": {
        "type": "Point",
        "coordinates": [
          -95.86049,
          36.13892
        ]
      },
      "properties": {
        "id": 1756153696970,
        "location": "I-44 & US-169 SW",
        "poleName": "I-44 & US-169",
        "direction": "SW",
        "city": "Tulsa",
        "make": "Axis",
        "model": "P1465",
        "type": "Web",
        "status": "Free",
        "cameraId": 0,
        "port": 6969,
        "videoChannel": 0,
        "urlVar": "i.\taxis-media/media.amp?resolution=800x600&camera=",
        "videoProfile": 1,
        "needsTimeoutPlayer": false,
        "recordTime": "2026-02-19 23:41:21",
        "workzoneId": 0,
        "streamName": "I-44 & US-169 SW",
        "streamSrc": "https://stream.oktraffic.org/delay-stream/da148cb1b90f337f.stream/playlist.m3u8",
        "streamKey": "da148cb1b90f337f.stream"
      }
    },
    {
      "type": "Feature",
      "geometry": {
        "type": "Point",
        "coordinates": [
          -95.86049,
          36.13892
        ]
      },
      "properties": {
        "id": 1756153778314,
        "location": "I-44 & US-169 S",
        "poleName": "I-44 & US-169",
        "direction": "S",
        "city": "Tulsa",
        "make": "Axis",
        "model": "P1455",
        "type": "Web",
        "status": "Free",
        "cameraId": 0,
        "port": 6969,
        "videoChannel": 0,
        "urlVar": "i.\taxis-media/media.amp?resolution=800x600&camera=",
        "videoProfile": 1,
        "needsTimeoutPlayer": false,
        "recordTime": "2026-02-19 23:41:21",
        "workzoneId": 0,
        "streamName": "I-44 & US-169 S",
        "streamSrc": "https://stream.oktraffic.org/delay-stream/7d53a5d8626289b6.stream/playlist.m3u8",
        "streamKey": "7d53a5d8626289b6.stream"
      }
    },
    {
      "type": "Feature",
      "geometry": {
        "type": "Point",
        "coordinates": [
          -95.76191,
          36.162145
        ]
      },
      "properties": {
        "id": 1323355510,
        "location": "I-44 & N 193rd E N",
        "poleName": "I-44 & N 193rd E",
        "direction": "N",
        "city": "Tulsa",
        "make": "Axis",
        "model": "P1377",
        "type": "Web",
        "status": "Free",
        "cameraId": 0,
        "port": 6969,
        "videoChannel": 0,
        "urlVar": "",
        "videoProfile": -1,
        "needsTimeoutPlayer": false,
        "recordTime": "2026-02-19 23:40:50",
        "workzoneId": 0,
        "streamName": "I-44 & N 193rd E N",
        "streamSrc": "https://stream.oktraffic.org/delay-stream/37f14026bb3d5677.stream/playlist.m3u8",
        "streamKey": "37f14026bb3d5677.stream"
      }
    },
    {
      "type": "Feature",
      "geometry": {
        "type": "Point",
        "coordinates": [
          -95.76191,
          36.162145
        ]
      },
      "properties": {
        "id": 1323355568,
        "location": "I-44 & N 193rd E S",
        "poleName": "I-44 & N 193rd E",
        "direction": "S",
        "city": "Tulsa",
        "make": "Axis",
        "model": "P1377",
        "type": "Web",
        "status": "Free",
        "cameraId": 0,
        "port": 6969,
        "videoChannel": 0,
        "urlVar": "",
        "videoProfile": -1,
        "needsTimeoutPlayer": false,
        "recordTime": "2026-02-19 23:40:50",
        "workzoneId": 0,
        "streamName": "I-44 & N 193rd E S",
        "streamSrc": "https://stream.oktraffic.org/delay-stream/dac75b069ca51409.stream/playlist.m3u8",
        "streamKey": "dac75b069ca51409.stream"
      }
    },
    {
      "type": "Feature",
      "geometry": {
        "type": "Point",
        "coordinates": [
          -95.76191,
          36.162145
        ]
      },
      "properties": {
        "id": 1323355619,
        "location": "I-44 & N 193rd E E",
        "poleName": "I-44 & N 193rd E",
        "direction": "E",
        "city": "Tulsa",
        "make": "Axis",
        "model": "P1367",
        "type": "Web",
        "status": "Free",
        "cameraId": 0,
        "port": 6969,
        "videoChannel": 0,
        "urlVar": "",
        "videoProfile": -1,
        "needsTimeoutPlayer": false,
        "recordTime": "2026-02-19 23:40:50",
        "workzoneId": 0,
        "streamName": "I-44 & N 193rd E E",
        "streamSrc": "https://stream.oktraffic.org/delay-stream/92546202822b2be8.stream/playlist.m3u8",
        "streamKey": "92546202822b2be8.stream"
      }
    },
    {
      "type": "Feature",
      "geometry": {
        "type": "Point",
        "coordinates": [
          -95.76191,
          36.162145
        ]
      },
      "properties": {
        "id": 1323355666,
        "location": "I-44 & N 193rd E W",
        "poleName": "I-44 & N 193rd E",
        "direction": "W",
        "city": "Tulsa",
        "make": "Axis",
        "model": "P1367",
        "type": "Web",
        "status": "Free",
        "cameraId": 0,
        "port": 6969,
        "videoChannel": 0,
        "urlVar": "",
        "videoProfile": -1,
        "needsTimeoutPlayer": false,
        "recordTime": "2026-02-19 23:40:51",
        "workzoneId": 0,
        "streamName": "I-44 & N 193rd E W",
        "streamSrc": "https://stream.oktraffic.org/delay-stream/eeb1592c9d975927.stream/playlist.m3u8",
        "streamKey": "eeb1592c9d975927.stream"
      }
    },
    {
      "type": "Feature",
      "geometry": {
        "type": "Point",
        "coordinates": [
          -97.51050174,
          35.48214091
        ]
      },
      "properties": {
        "id": 1465894287,
        "location": "I-235 & N13th N",
        "poleName": "I-235 & N 13th",
        "direction": "N",
        "city": "Oklahoma City",
        "make": "Axis",
        "model": "P1455",
        "type": "Web",
        "status": "Free",
        "cameraId": 0,
        "port": 6969,
        "videoChannel": 0,
        "urlVar": "",
        "videoProfile": -1,
        "needsTimeoutPlayer": false,
        "recordTime": "2026-02-19 23:40:54",
        "workzoneId": 0,
        "streamName": "I-235 & N13th N",
        "streamSrc": "https://stream.oktraffic.org/delay-stream/8819e9ed235a330a.stream/playlist.m3u8",
        "streamKey": "8819e9ed235a330a.stream"
      }
    },
    {
      "type": "Feature",
      "geometry": {
        "type": "Point",
        "coordinates": [
          -97.51050174,
          35.48214091
        ]
      },
      "properties": {
        "id": 1465894332,
        "location": "I-235 & N13th S",
        "poleName": "I-235 & N 13th",
        "direction": "S",
        "city": "Oklahoma City",
        "make": "Axis",
        "model": "P1357",
        "type": "Web",
        "status": "Free",
        "cameraId": 0,
        "port": 6969,
        "videoChannel": 0,
        "urlVar": "",
        "videoProfile": -1,
        "needsTimeoutPlayer": false,
        "recordTime": "2026-02-19 23:40:54",
        "workzoneId": 0,
        "streamName": "I-235 & N13th S",
        "streamSrc": "https://stream.oktraffic.org/delay-stream/c1bd54118edaabe6.stream/playlist.m3u8",
        "streamKey": "c1bd54118edaabe6.stream"
      }
    },
    {
      "type": "Feature",
      "geometry": {
        "type": "Point",
        "coordinates": [
          -97.51050174,
          35.48214091
        ]
      },
      "properties": {
        "id": 1465894371,
        "location": "I-235 & N13th E",
        "poleName": "I-235 & N 13th",
        "direction": "E",
        "city": "Oklahoma City",
        "make": "Axis",
        "model": "P1357",
        "type": "Web",
        "status": "Free",
        "cameraId": 0,
        "port": 6969,
        "videoChannel": 0,
        "urlVar": "axis-media/media.amp?resolution=800x600&camera=2",
        "videoProfile": 1,
        "needsTimeoutPlayer": false,
        "recordTime": "2026-02-19 23:40:55",
        "workzoneId": 0,
        "streamName": "I-235 & N13th E",
        "streamSrc": "https://stream.oktraffic.org/delay-stream/f7f40ee90f447680.stream/playlist.m3u8",
        "streamKey": "f7f40ee90f447680.stream"
      }
    },
    {
      "type": "Feature",
      "geometry": {
        "type": "Point",
        "coordinates": [
          -97.51050174,
          35.48214091
        ]
      },
      "properties": {
        "id": 1465894414,
        "location": "I-235 & N13th W",
        "poleName": "I-235 & N 13th",
        "direction": "W",
        "city": "Oklahoma City",
        "make": "Axis",
        "model": "P1357",
        "type": "Web",
        "status": "Free",
        "cameraId": 0,
        "port": 6969,
        "videoChannel": 0,
        "urlVar": "axis-media/media.amp?resolution=800x600&camera=2",
        "videoProfile": 1,
        "needsTimeoutPlayer": false,
        "recordTime": "2026-02-19 23:40:55",
        "workzoneId": 0,
        "streamName": "I-235 & N13th W",
        "streamSrc": "https://stream.oktraffic.org/delay-stream/d1b684c4100623c8.stream/playlist.m3u8",
        "streamKey": "d1b684c4100623c8.stream"
      }
    },
    {
      "type": "Feature",
      "geometry": {
        "type": "Point",
        "coordinates": [
          -97.51129835,
          35.49209705
        ]
      },
      "properties": {
        "id": 1465896601,
        "location": "I-235 & N23rd N",
        "poleName": "I-235 & N 23rd",
        "direction": "N",
        "city": "Oklahoma City",
        "make": "Axis",
        "model": "P1357",
        "type": "Web",
        "status": "Free",
        "cameraId": 0,
        "port": 6969,
        "videoChannel": 0,
        "urlVar": "axis-media/media.amp?resolution=800x600&camera=2",
        "videoProfile": 1,
        "needsTimeoutPlayer": false,
        "recordTime": "2026-02-19 23:40:56",
        "workzoneId": 0,
        "streamName": "I-235 & N23rd N",
        "streamSrc": "https://stream.oktraffic.org/delay-stream/00c8816530b1f974.stream/playlist.m3u8",
        "streamKey": "00c8816530b1f974.stream"
      }
    },
    {
      "type": "Feature",
      "geometry": {
        "type": "Point",
        "coordinates": [
          -97.51129835,
          35.49209705
        ]
      },
      "properties": {
        "id": 1465896651,
        "location": "I-235 & N23rd S",
        "poleName": "I-235 & N 23rd",
        "direction": "S",
        "city": "Oklahoma City",
        "make": "Axis",
        "model": "P1465",
        "type": "Web",
        "status": "Free",
        "cameraId": 0,
        "port": 6969,
        "videoChannel": 0,
        "urlVar": "axis-media/media.amp?resolution=800x600&camera=2",
        "videoProfile": 1,
        "needsTimeoutPlayer": false,
        "recordTime": "2026-02-19 23:40:56",
        "workzoneId": 0,
        "streamName": "I-235 & N23rd S",
        "streamSrc": "https://stream.oktraffic.org/delay-stream/15c7c5c49e369488.stream/playlist.m3u8",
        "streamKey": "15c7c5c49e369488.stream"
      }
    },
    {
      "type": "Feature",
      "geometry": {
        "type": "Point",
        "coordinates": [
          -97.51498773,
          35.50887623
        ]
      },
      "properties": {
        "id": 1465896927,
        "location": "I-235 & N36th N",
        "poleName": "I-235 & N 36th",
        "direction": "N",
        "city": "Oklahoma City",
        "make": "Axis",
        "model": "P1357",
        "type": "Web",
        "status": "Free",
        "cameraId": 0,
        "port": 6969,
        "videoChannel": 0,
        "urlVar": "axis-media/media.amp?resolution=800x600&camera=2",
        "videoProfile": 1,
        "needsTimeoutPlayer": false,
        "recordTime": "2026-02-19 23:40:56",
        "workzoneId": 0,
        "streamName": "I-235 & N36th N",
        "streamSrc": "https://stream.oktraffic.org/delay-stream/ea77047915986e1a.stream/playlist.m3u8",
        "streamKey": "ea77047915986e1a.stream"
      }
    },
    {
      "type": "Feature",
      "geometry": {
        "type": "Point",
        "coordinates": [
          -97.51498773,
          35.50887623
        ]
      },
      "properties": {
        "id": 1465896961,
        "location": "I-235 & N36th S",
        "poleName": "I-235 & N 36th",
        "direction": "S",
        "city": "Oklahoma City",
        "make": "Axis",
        "model": "P1367",
        "type": "Web",
        "status": "Free",
        "cameraId": 0,
        "port": 6969,
        "videoChannel": 0,
        "urlVar": "axis-media/media.amp?resolution=800x600&camera=2",
        "videoProfile": 1,
        "needsTimeoutPlayer": false,
        "recordTime": "2026-02-19 23:40:56",
        "workzoneId": 0,
        "streamName": "I-235 & N36th S",
        "streamSrc": "https://stream.oktraffic.org/delay-stream/201a05f6579d97a0.stream/playlist.m3u8",
        "streamKey": "201a05f6579d97a0.stream"
      }
    },
    {
      "type": "Feature",
      "geometry": {
        "type": "Point",
        "coordinates": [
          -97.51498773,
          35.50887623
        ]
      },
      "properties": {
        "id": 1465897010,
        "location": "I-235 & N36th E",
        "poleName": "I-235 & N 36th",
        "direction": "E",
        "city": "Oklahoma City",
        "make": "Axis",
        "model": "P1357",
        "type": "Web",
        "status": "Free",
        "cameraId": 0,
        "port": 6969,
        "videoChannel": 0,
        "urlVar": "axis-media/media.amp?resolution=800x600&camera=2",
        "videoProfile": 1,
        "needsTimeoutPlayer": false,
        "recordTime": "2026-02-19 23:40:56",
        "workzoneId": 0,
        "streamName": "I-235 & N36th E",
        "streamSrc": "https://stream.oktraffic.org/delay-stream/1482cf7c59f4fd14.stream/playlist.m3u8",
        "streamKey": "1482cf7c59f4fd14.stream"
      }
    },
    {
      "type": "Feature",
      "geometry": {
        "type": "Point",
        "coordinates": [
          -97.51498773,
          35.50887623
        ]
      },
      "properties": {
        "id": 1465897264,
        "location": "I-235 & N36th W",
        "poleName": "I-235 & N 36th",
        "direction": "W",
        "city": "Oklahoma City",
        "make": "Axis",
        "model": "P1367",
        "type": "Web",
        "status": "Free",
        "cameraId": 0,
        "port": 6969,
        "videoChannel": 0,
        "urlVar": "axis-media/media.amp?resolution=800x600&camera=2",
        "videoProfile": 1,
        "needsTimeoutPlayer": false,
        "recordTime": "2026-02-19 23:40:56",
        "workzoneId": 0,
        "streamName": "I-235 & N36th W",
        "streamSrc": "https://stream.oktraffic.org/delay-stream/1d26469d5229ccbd.stream/playlist.m3u8",
        "streamKey": "1d26469d5229ccbd.stream"
      }
    },
    {
      "type": "Feature",
      "geometry": {
        "type": "Point",
        "coordinates": [
          -97.48711422,
          35.44961233
        ]
      },
      "properties": {
        "id": 1465894982,
        "location": "I-35 & S15th S",
        "poleName": "I-35 & S 15th",
        "direction": "S",
        "city": "Oklahoma City",
        "make": "Axis",
        "model": "P1357",
        "type": "Web",
        "status": "Free",
        "cameraId": 0,
        "port": 6969,
        "videoChannel": 0,
        "urlVar": "axis-media/media.amp?resolution=800x600&camera=2",
        "videoProfile": 1,
        "needsTimeoutPlayer": false,
        "recordTime": "2026-02-19 23:40:55",
        "workzoneId": 0,
        "streamName": "I-35 & S15th S",
        "streamSrc": "https://stream.oktraffic.org/delay-stream/bb0aa0068a20610f.stream/playlist.m3u8",
        "streamKey": "bb0aa0068a20610f.stream"
      }
    },
    {
      "type": "Feature",
      "geometry": {
        "type": "Point",
        "coordinates": [
          -97.48711422,
          35.44961233
        ]
      },
      "properties": {
        "id": 1465894942,
        "location": "I-35 & S15th N",
        "poleName": "I-35 & S 15th",
        "direction": "N",
        "city": "Oklahoma City",
        "make": "Axis",
        "model": "P1357",
        "type": "Web",
        "status": "Free",
        "cameraId": 0,
        "port": 6969,
        "videoChannel": 0,
        "urlVar": "axis-media/media.amp?resolution=800x600&camera=2",
        "videoProfile": 1,
        "needsTimeoutPlayer": false,
        "recordTime": "2026-02-19 23:40:55",
        "workzoneId": 0,
        "streamName": "I-35 & S15th N",
        "streamSrc": "https://stream.oktraffic.org/delay-stream/4d8913dd0848a82a.stream/playlist.m3u8",
        "streamKey": "4d8913dd0848a82a.stream"
      }
    },
    {
      "type": "Feature",
      "geometry": {
        "type": "Point",
        "coordinates": [
          -97.48711422,
          35.44961233
        ]
      },
      "properties": {
        "id": 1465895035,
        "location": "I-35 & S15th E",
        "poleName": "I-35 & S 15th",
        "direction": "E",
        "city": "Oklahoma City",
        "make": "Axis",
        "model": "P1357",
        "type": "Web",
        "status": "Free",
        "cameraId": 0,
        "port": 6969,
        "videoChannel": 0,
        "urlVar": "axis-media/media.amp?resolution=800x600&camera=2",
        "videoProfile": 1,
        "needsTimeoutPlayer": false,
        "recordTime": "2026-02-19 23:40:55",
        "workzoneId": 0,
        "streamName": "I-35 & S15th E",
        "streamSrc": "https://stream.oktraffic.org/delay-stream/f77a9942bac25d94.stream/playlist.m3u8",
        "streamKey": "f77a9942bac25d94.stream"
      }
    },
    {
      "type": "Feature",
      "geometry": {
        "type": "Point",
        "coordinates": [
          -97.48711422,
          35.44961233
        ]
      },
      "properties": {
        "id": 1465895083,
        "location": "I-35 & S15th W",
        "poleName": "I-35 & S 15th",
        "direction": "W",
        "city": "Oklahoma City",
        "make": "Axis",
        "model": "P1357",
        "type": "Web",
        "status": "Free",
        "cameraId": 0,
        "port": 6969,
        "videoChannel": 0,
        "urlVar": "axis-media/media.amp?resolution=800x600&camera=2",
        "videoProfile": 1,
        "needsTimeoutPlayer": false,
        "recordTime": "2026-02-19 23:40:55",
        "workzoneId": 0,
        "streamName": "I-35 & S15th W",
        "streamSrc": "https://stream.oktraffic.org/delay-stream/722e5329033a353f.stream/playlist.m3u8",
        "streamKey": "722e5329033a353f.stream"
      }
    },
    {
      "type": "Feature",
      "geometry": {
        "type": "Point",
        "coordinates": [
          -97.49541565,
          35.39924263
        ]
      },
      "properties": {
        "id": 1465895595,
        "location": "I-35 & S66th N",
        "poleName": "I-35 & S 66th",
        "direction": "N",
        "city": "Oklahoma City",
        "make": "Axis",
        "model": "P1367",
        "type": "Web",
        "status": "Free",
        "cameraId": 0,
        "port": 6969,
        "videoChannel": 0,
        "urlVar": "axis-media/media.amp?resolution=800x600&camera=2",
        "videoProfile": 1,
        "needsTimeoutPlayer": false,
        "recordTime": "2026-02-19 23:40:55",
        "workzoneId": 0,
        "streamName": "I-35 & S66th N",
        "streamSrc": "https://stream.oktraffic.org/delay-stream/206fe7b1ef47bc77.stream/playlist.m3u8",
        "streamKey": "206fe7b1ef47bc77.stream"
      }
    },
    {
      "type": "Feature",
      "geometry": {
        "type": "Point",
        "coordinates": [
          -97.49541565,
          35.39924263
        ]
      },
      "properties": {
        "id": 1465895637,
        "location": "I-35 & S66th S",
        "poleName": "I-35 & S 66th",
        "direction": "S",
        "city": "Oklahoma City",
        "make": "Axis",
        "model": "P1357",
        "type": "Web",
        "status": "Free",
        "cameraId": 0,
        "port": 6969,
        "videoChannel": 0,
        "urlVar": "",
        "videoProfile": -1,
        "needsTimeoutPlayer": false,
        "recordTime": "2026-02-19 23:40:55",
        "workzoneId": 0,
        "streamName": "I-35 & S66th S",
        "streamSrc": "https://stream.oktraffic.org/delay-stream/2a4bdc75a8a35773.stream/playlist.m3u8",
        "streamKey": "2a4bdc75a8a35773.stream"
      }
    },
    {
      "type": "Feature",
      "geometry": {
        "type": "Point",
        "coordinates": [
          -97.49541565,
          35.39924263
        ]
      },
      "properties": {
        "id": 1465895683,
        "location": "I-35 & S66th E",
        "poleName": "I-35 & S 66th",
        "direction": "E",
        "city": "Oklahoma City",
        "make": "Axis",
        "model": "P1357",
        "type": "Web",
        "status": "Free",
        "cameraId": 0,
        "port": 6969,
        "videoChannel": 0,
        "urlVar": "",
        "videoProfile": -1,
        "needsTimeoutPlayer": false,
        "recordTime": "2026-02-19 23:40:55",
        "workzoneId": 0,
        "streamName": "I-35 & S66th E",
        "streamSrc": "https://stream.oktraffic.org/delay-stream/82f084da9b33c162.stream/playlist.m3u8",
        "streamKey": "82f084da9b33c162.stream"
      }
    },
    {
      "type": "Feature",
      "geometry": {
        "type": "Point",
        "coordinates": [
          -97.49541565,
          35.39924263
        ]
      },
      "properties": {
        "id": 1465895722,
        "location": "I-35 & S66th W",
        "poleName": "I-35 & S 66th",
        "direction": "W",
        "city": "Oklahoma City",
        "make": "Axis",
        "model": "P1357",
        "type": "Web",
        "status": "Free",
        "cameraId": 0,
        "port": 6969,
        "videoChannel": 0,
        "urlVar": "",
        "videoProfile": -1,
        "needsTimeoutPlayer": false,
        "recordTime": "2026-02-19 23:40:55",
        "workzoneId": 0,
        "streamName": "I-35 & S66th W",
        "streamSrc": "https://stream.oktraffic.org/delay-stream/df0967f534b6e847.stream/playlist.m3u8",
        "streamKey": "df0967f534b6e847.stream"
      }
    },
    {
      "type": "Feature",
      "geometry": {
        "type": "Point",
        "coordinates": [
          -97.4886243,
          35.42054823
        ]
      },
      "properties": {
        "id": 1465895292,
        "location": "I-35 & S44th N",
        "poleName": "I-35 & S 44th",
        "direction": "N",
        "city": "Oklahoma City",
        "make": "Axis",
        "model": "P1357",
        "type": "Web",
        "status": "Free",
        "cameraId": 0,
        "port": 6969,
        "videoChannel": 0,
        "urlVar": "axis-media/media.amp?resolution=800x600&camera=2",
        "videoProfile": 1,
        "needsTimeoutPlayer": false,
        "recordTime": "2026-02-19 23:40:55",
        "workzoneId": 0,
        "streamName": "I-35 & S44th N",
        "streamSrc": "https://stream.oktraffic.org/delay-stream/e4658809eef1a906.stream/playlist.m3u8",
        "streamKey": "e4658809eef1a906.stream"
      }
    },
    {
      "type": "Feature",
      "geometry": {
        "type": "Point",
        "coordinates": [
          -97.4886243,
          35.42054823
        ]
      },
      "properties": {
        "id": 1465895350,
        "location": "I-35 & S44th S",
        "poleName": "I-35 & S 44th",
        "direction": "S",
        "city": "Oklahoma City",
        "make": "Axis",
        "model": "P1357",
        "type": "Web",
        "status": "Free",
        "cameraId": 0,
        "port": 6969,
        "videoChannel": 0,
        "urlVar": "axis-media/media.amp?resolution=800x600&camera=2",
        "videoProfile": 1,
        "needsTimeoutPlayer": false,
        "recordTime": "2026-02-19 23:40:55",
        "workzoneId": 0,
        "streamName": "I-35 & S44th S",
        "streamSrc": "https://stream.oktraffic.org/delay-stream/69723e06be73dc8e.stream/playlist.m3u8",
        "streamKey": "69723e06be73dc8e.stream"
      }
    },
    {
      "type": "Feature",
      "geometry": {
        "type": "Point",
        "coordinates": [
          -97.4886243,
          35.42054823
        ]
      },
      "properties": {
        "id": 1465895401,
        "location": "I-35 & S44th E",
        "poleName": "I-35 & S 44th",
        "direction": "E",
        "city": "Oklahoma City",
        "make": "Axis",
        "model": "P1357",
        "type": "Web",
        "status": "Free",
        "cameraId": 0,
        "port": 6969,
        "videoChannel": 0,
        "urlVar": "axis-media/media.amp?resolution=800x600&camera=2",
        "videoProfile": 1,
        "needsTimeoutPlayer": false,
        "recordTime": "2026-02-19 23:40:55",
        "workzoneId": 0,
        "streamName": "I-35 & S44th E",
        "streamSrc": "https://stream.oktraffic.org/delay-stream/25eef7779be89337.stream/playlist.m3u8",
        "streamKey": "25eef7779be89337.stream"
      }
    },
    {
      "type": "Feature",
      "geometry": {
        "type": "Point",
        "coordinates": [
          -97.4886243,
          35.42054823
        ]
      },
      "properties": {
        "id": 1465895438,
        "location": "I-35 & S44th W",
        "poleName": "I-35 & S 44th",
        "direction": "W",
        "city": "Oklahoma City",
        "make": "Axis",
        "model": "P1347",
        "type": "Web",
        "status": "Free",
        "cameraId": 0,
        "port": 6969,
        "videoChannel": 0,
        "urlVar": "",
        "videoProfile": -1,
        "needsTimeoutPlayer": false,
        "recordTime": "2026-02-19 23:40:55",
        "workzoneId": 0,
        "streamName": "I-35 & S44th W",
        "streamSrc": "https://stream.oktraffic.org/delay-stream/8858b8e6ec2d57e1.stream/playlist.m3u8",
        "streamKey": "8858b8e6ec2d57e1.stream"
      }
    },
    {
      "type": "Feature",
      "geometry": {
        "type": "Point",
        "coordinates": [
          -97.49594271,
          35.46259723
        ]
      },
      "properties": {
        "id": 1465895926,
        "location": "I-40 & I-235 S",
        "poleName": "I-40 & I-235",
        "direction": "S",
        "city": "Oklahoma City",
        "make": "Axis",
        "model": "P1357",
        "type": "Web",
        "status": "Free",
        "cameraId": 0,
        "port": 6969,
        "videoChannel": 0,
        "urlVar": "axis-media/media.amp?resolution=800x600&camera=2",
        "videoProfile": 1,
        "needsTimeoutPlayer": false,
        "recordTime": "2026-02-19 23:40:55",
        "workzoneId": 0,
        "streamName": "I-40 & I-235 S",
        "streamSrc": "https://stream.oktraffic.org/delay-stream/a4247643e4c74d76.stream/playlist.m3u8",
        "streamKey": "a4247643e4c74d76.stream"
      }
    },
    {
      "type": "Feature",
      "geometry": {
        "type": "Point",
        "coordinates": [
          -97.49594271,
          35.46259723
        ]
      },
      "properties": {
        "id": 1465895972,
        "location": "I-40 & I-235 N",
        "poleName": "I-40 & I-235",
        "direction": "N",
        "city": "Oklahoma City",
        "make": "Axis",
        "model": "P1357",
        "type": "Web",
        "status": "Free",
        "cameraId": 0,
        "port": 6969,
        "videoChannel": 0,
        "urlVar": "axis-media/media.amp?resolution=800x600&camera=2",
        "videoProfile": 1,
        "needsTimeoutPlayer": false,
        "recordTime": "2026-02-19 23:40:56",
        "workzoneId": 0,
        "streamName": "I-40 & I-235 N",
        "streamSrc": "https://stream.oktraffic.org/delay-stream/20d41bd8e15f35ae.stream/playlist.m3u8",
        "streamKey": "20d41bd8e15f35ae.stream"
      }
    },
    {
      "type": "Feature",
      "geometry": {
        "type": "Point",
        "coordinates": [
          -97.49594271,
          35.46259723
        ]
      },
      "properties": {
        "id": 1465896014,
        "location": "I-40 & I-235 W",
        "poleName": "I-40 & I-235",
        "direction": "W",
        "city": "Oklahoma City",
        "make": "Axis",
        "model": "P1347",
        "type": "Web",
        "status": "Free",
        "cameraId": 0,
        "port": 6969,
        "videoChannel": 0,
        "urlVar": "axis-media/media.amp?resolution=800x600&camera=2",
        "videoProfile": 1,
        "needsTimeoutPlayer": false,
        "recordTime": "2026-02-19 23:40:56",
        "workzoneId": 0,
        "streamName": "I-40 & I-235 W",
        "streamSrc": "https://stream.oktraffic.org/delay-stream/43daf89ff5b8b0d7.stream/playlist.m3u8",
        "streamKey": "43daf89ff5b8b0d7.stream"
      }
    },
    {
      "type": "Feature",
      "geometry": {
        "type": "Point",
        "coordinates": [
          -97.49594271,
          35.46259723
        ]
      },
      "properties": {
        "id": 1465896062,
        "location": "I-40 & I-235 E",
        "poleName": "I-40 & I-235",
        "direction": "E",
        "city": "Oklahoma City",
        "make": "Axis",
        "model": "P1357",
        "type": "Web",
        "status": "Free",
        "cameraId": 0,
        "port": 6969,
        "videoChannel": 0,
        "urlVar": "axis-media/media.amp?resolution=800x600&camera=2",
        "videoProfile": 1,
        "needsTimeoutPlayer": false,
        "recordTime": "2026-02-19 23:40:56",
        "workzoneId": 0,
        "streamName": "I-40 & I-235 E",
        "streamSrc": "https://stream.oktraffic.org/delay-stream/7912231056191493.stream/playlist.m3u8",
        "streamKey": "7912231056191493.stream"
      }
    },
    {
      "type": "Feature",
      "geometry": {
        "type": "Point",
        "coordinates": [
          -97.50356,
          35.52921
        ]
      },
      "properties": {
        "id": 1116950127,
        "location": "I-44 & Lincoln W",
        "poleName": "I-44 & Lincoln",
        "direction": "W",
        "city": "Oklahoma City",
        "make": "Axis",
        "model": "P1357",
        "type": "Web",
        "status": "Free",
        "cameraId": 0,
        "port": 6969,
        "videoChannel": 0,
        "urlVar": "axis-media/media.amp?resolution=800x600&camera=2",
        "videoProfile": 1,
        "needsTimeoutPlayer": false,
        "recordTime": "2026-02-19 23:40:47",
        "workzoneId": 0,
        "streamName": "I-44 & Lincoln W",
        "streamSrc": "https://stream.oktraffic.org/delay-stream/6aae10af13886700.stream/playlist.m3u8",
        "streamKey": "6aae10af13886700.stream"
      }
    },
    {
      "type": "Feature",
      "geometry": {
        "type": "Point",
        "coordinates": [
          -97.50356,
          35.52921
        ]
      },
      "properties": {
        "id": 1116950373,
        "location": "I-44 & Lincoln E",
        "poleName": "I-44 & Lincoln",
        "direction": "E",
        "city": "Oklahoma City",
        "make": "Axis",
        "model": "P1357",
        "type": "Web",
        "status": "Free",
        "cameraId": 0,
        "port": 6969,
        "videoChannel": 0,
        "urlVar": "axis-media/media.amp?resolution=800x600&camera=2",
        "videoProfile": 1,
        "needsTimeoutPlayer": false,
        "recordTime": "2026-02-19 23:40:47",
        "workzoneId": 0,
        "streamName": "I-44 & Lincoln E",
        "streamSrc": "https://stream.oktraffic.org/delay-stream/d4122d69feecfde8.stream/playlist.m3u8",
        "streamKey": "d4122d69feecfde8.stream"
      }
    },
    {
      "type": "Feature",
      "geometry": {
        "type": "Point",
        "coordinates": [
          -97.515992,
          35.52905
        ]
      },
      "properties": {
        "id": 1116950793,
        "location": "I-44 & Broadway Ext W",
        "poleName": "I-44 & Broadway Ext",
        "direction": "W",
        "city": "Oklahoma City",
        "make": "Axis",
        "model": "P1357",
        "type": "Web",
        "status": "Free",
        "cameraId": 0,
        "port": 6969,
        "videoChannel": 0,
        "urlVar": "axis-media/media.amp?resolution=800x600&camera=2",
        "videoProfile": 1,
        "needsTimeoutPlayer": false,
        "recordTime": "2026-02-19 23:40:47",
        "workzoneId": 0,
        "streamName": "I-44 & Broadway Ext W",
        "streamSrc": "https://stream.oktraffic.org/delay-stream/7e982b1369e6c40b.stream/playlist.m3u8",
        "streamKey": "7e982b1369e6c40b.stream"
      }
    },
    {
      "type": "Feature",
      "geometry": {
        "type": "Point",
        "coordinates": [
          -97.515992,
          35.52905
        ]
      },
      "properties": {
        "id": 1116950928,
        "location": "I-44 & Broadway Ext E",
        "poleName": "I-44 & Broadway Ext",
        "direction": "E",
        "city": "Oklahoma City",
        "make": "Axis",
        "model": "P1465",
        "type": "Web",
        "status": "Free",
        "cameraId": 0,
        "port": 6969,
        "videoChannel": 0,
        "urlVar": "axis-media/media.amp?resolution=800x600&camera=2",
        "videoProfile": 1,
        "needsTimeoutPlayer": false,
        "recordTime": "2026-02-19 23:40:48",
        "workzoneId": 0,
        "streamName": "I-44 & Broadway Ext E",
        "streamSrc": "https://stream.oktraffic.org/delay-stream/111ee6992b488b25.stream/playlist.m3u8",
        "streamKey": "111ee6992b488b25.stream"
      }
    },
    {
      "type": "Feature",
      "geometry": {
        "type": "Point",
        "coordinates": [
          -95.85921049,
          36.07579572
        ]
      },
      "properties": {
        "id": 1524059833,
        "location": "US-169 & E 61st N",
        "poleName": "US-169 & E 61st",
        "direction": "N",
        "city": "Tulsa",
        "make": "Axis",
        "model": "P1347",
        "type": "Web",
        "status": "Free",
        "cameraId": 0,
        "port": 6969,
        "videoChannel": 0,
        "urlVar": "axis-media/media.amp?resolution=800x600&camera=2",
        "videoProfile": 1,
        "needsTimeoutPlayer": false,
        "recordTime": "2026-02-19 23:41:01",
        "workzoneId": 0,
        "streamName": "US-169 & E 61st N",
        "streamSrc": "https://stream.oktraffic.org/delay-stream/c7882467822c6a71.stream/playlist.m3u8",
        "streamKey": "c7882467822c6a71.stream"
      }
    },
    {
      "type": "Feature",
      "geometry": {
        "type": "Point",
        "coordinates": [
          -95.85921049,
          36.07579572
        ]
      },
      "properties": {
        "id": 1524059912,
        "location": "US-169 & E 61st E",
        "poleName": "US-169 & E 61st",
        "direction": "E",
        "city": "Tulsa",
        "make": "Axis",
        "model": "P1347",
        "type": "Web",
        "status": "Free",
        "cameraId": 0,
        "port": 6969,
        "videoChannel": 0,
        "urlVar": "axis-media/media.amp?resolution=800x600&camera=2",
        "videoProfile": 1,
        "needsTimeoutPlayer": false,
        "recordTime": "2026-02-19 23:41:02",
        "workzoneId": 0,
        "streamName": "US-169 & E 61st E",
        "streamSrc": "https://stream.oktraffic.org/delay-stream/99aa7728fd7d3f1f.stream/playlist.m3u8",
        "streamKey": "99aa7728fd7d3f1f.stream"
      }
    },
    {
      "type": "Feature",
      "geometry": {
        "type": "Point",
        "coordinates": [
          -95.85921049,
          36.07579572
        ]
      },
      "properties": {
        "id": 1524059946,
        "location": "US-169 & E 61st W",
        "poleName": "US-169 & E 61st",
        "direction": "W",
        "city": "Tulsa",
        "make": "Axis",
        "model": "P1347",
        "type": "Web",
        "status": "Free",
        "cameraId": 0,
        "port": 6969,
        "videoChannel": 0,
        "urlVar": "axis-media/media.amp?resolution=800x600&camera=2",
        "videoProfile": 1,
        "needsTimeoutPlayer": false,
        "recordTime": "2026-02-19 23:41:02",
        "workzoneId": 0,
        "streamName": "US-169 & E 61st W",
        "streamSrc": "https://stream.oktraffic.org/delay-stream/8130aed0f6c355bc.stream/playlist.m3u8",
        "streamKey": "8130aed0f6c355bc.stream"
      }
    },
    {
      "type": "Feature",
      "geometry": {
        "type": "Point",
        "coordinates": [
          -95.85895528,
          36.04686337
        ]
      },
      "properties": {
        "id": 1554912544,
        "location": "US-169 & E 81st N",
        "poleName": "US-169 & E 81st",
        "direction": "N",
        "city": "Tulsa",
        "make": "Axis",
        "model": "P1347",
        "type": "Web",
        "status": "Free",
        "cameraId": 0,
        "port": 6969,
        "videoChannel": 0,
        "urlVar": "axis-media/media.amp?resolution=800x600&camera=2",
        "videoProfile": 1,
        "needsTimeoutPlayer": false,
        "recordTime": "2026-02-19 23:41:03",
        "workzoneId": 0,
        "streamName": "US-169 & E 81st N",
        "streamSrc": "https://stream.oktraffic.org/delay-stream/660affd9db538664.stream/playlist.m3u8",
        "streamKey": "660affd9db538664.stream"
      }
    },
    {
      "type": "Feature",
      "geometry": {
        "type": "Point",
        "coordinates": [
          -95.85895528,
          36.04686337
        ]
      },
      "properties": {
        "id": 1554912584,
        "location": "US-169 & E 81st S",
        "poleName": "US-169 & E 81st",
        "direction": "S",
        "city": "Tulsa",
        "make": "Axis",
        "model": "P1347",
        "type": "Web",
        "status": "Free",
        "cameraId": 0,
        "port": 6969,
        "videoChannel": 0,
        "urlVar": "axis-media/media.amp?resolution=800x600&camera=2",
        "videoProfile": 1,
        "needsTimeoutPlayer": false,
        "recordTime": "2026-02-19 23:41:03",
        "workzoneId": 0,
        "streamName": "US-169 & E 81st S",
        "streamSrc": "https://stream.oktraffic.org/delay-stream/5fc81da751c03b1a.stream/playlist.m3u8",
        "streamKey": "5fc81da751c03b1a.stream"
      }
    },
    {
      "type": "Feature",
      "geometry": {
        "type": "Point",
        "coordinates": [
          -95.85895528,
          36.04686337
        ]
      },
      "properties": {
        "id": 1554912618,
        "location": "US-169 & E 81st E",
        "poleName": "US-169 & E 81st",
        "direction": "E",
        "city": "Tulsa",
        "make": "Axis",
        "model": "P1347",
        "type": "Web",
        "status": "Free",
        "cameraId": 0,
        "port": 6969,
        "videoChannel": 0,
        "urlVar": "axis-media/media.amp?resolution=800x600&camera=2",
        "videoProfile": 1,
        "needsTimeoutPlayer": false,
        "recordTime": "2026-02-19 23:41:03",
        "workzoneId": 0,
        "streamName": "US-169 & E 81st E",
        "streamSrc": "https://stream.oktraffic.org/delay-stream/ba4a3ffcb2669263.stream/playlist.m3u8",
        "streamKey": "ba4a3ffcb2669263.stream"
      }
    },
    {
      "type": "Feature",
      "geometry": {
        "type": "Point",
        "coordinates": [
          -95.85895528,
          36.04686337
        ]
      },
      "properties": {
        "id": 1554912656,
        "location": "US-169 & E 81st W",
        "poleName": "US-169 & E 81st",
        "direction": "W",
        "city": "Tulsa",
        "make": "Axis",
        "model": "P1347",
        "type": "Web",
        "status": "Free",
        "cameraId": 0,
        "port": 6969,
        "videoChannel": 0,
        "urlVar": "axis-media/media.amp?resolution=800x600&camera=2",
        "videoProfile": 1,
        "needsTimeoutPlayer": false,
        "recordTime": "2026-02-19 23:41:03",
        "workzoneId": 0,
        "streamName": "US-169 & E 81st W",
        "streamSrc": "https://stream.oktraffic.org/delay-stream/1aaa3b1fb78582b2.stream/playlist.m3u8",
        "streamKey": "1aaa3b1fb78582b2.stream"
      }
    },
    {
      "type": "Feature",
      "geometry": {
        "type": "Point",
        "coordinates": [
          -95.85978378,
          36.03231888
        ]
      },
      "properties": {
        "id": 1554912725,
        "location": "US-169 & E 91st N",
        "poleName": "US-169 & E 91st",
        "direction": "N",
        "city": "Tulsa",
        "make": "Axis",
        "model": "P1367",
        "type": "Web",
        "status": "Free",
        "cameraId": 0,
        "port": 6969,
        "videoChannel": 0,
        "urlVar": "axis-media/media.amp?resolution=800x600&camera=2",
        "videoProfile": 1,
        "needsTimeoutPlayer": false,
        "recordTime": "2026-02-19 23:41:03",
        "workzoneId": 0,
        "streamName": "US-169 & E 91st N",
        "streamSrc": "https://stream.oktraffic.org/delay-stream/70ef2f6aa10baa5b.stream/playlist.m3u8",
        "streamKey": "70ef2f6aa10baa5b.stream"
      }
    },
    {
      "type": "Feature",
      "geometry": {
        "type": "Point",
        "coordinates": [
          -95.85978378,
          36.03231888
        ]
      },
      "properties": {
        "id": 1554912765,
        "location": "US-169 & E 91st S",
        "poleName": "US-169 & E 91st",
        "direction": "S",
        "city": "Tulsa",
        "make": "Axis",
        "model": "P1367",
        "type": "Web",
        "status": "Free",
        "cameraId": 0,
        "port": 554,
        "videoChannel": 0,
        "urlVar": "axis-media/media.amp?resolution=800x600&camera=2",
        "videoProfile": 1,
        "needsTimeoutPlayer": false,
        "recordTime": "2026-02-19 23:41:03",
        "workzoneId": 0,
        "streamName": "US-169 & E 91st S",
        "streamSrc": "https://stream.oktraffic.org/delay-stream/8fac5ee1833ec3b0.stream/playlist.m3u8",
        "streamKey": "8fac5ee1833ec3b0.stream"
      }
    },
    {
      "type": "Feature",
      "geometry": {
        "type": "Point",
        "coordinates": [
          -95.85978378,
          36.03231888
        ]
      },
      "properties": {
        "id": 1554912803,
        "location": "US-169 & E 91st E",
        "poleName": "US-169 & E 91st",
        "direction": "E",
        "city": "Tulsa",
        "make": "Axis",
        "model": "P1367",
        "type": "Web",
        "status": "Free",
        "cameraId": 0,
        "port": 6969,
        "videoChannel": 0,
        "urlVar": "axis-media/media.amp?resolution=800x600&camera=2",
        "videoProfile": 1,
        "needsTimeoutPlayer": false,
        "recordTime": "2026-02-19 23:41:03",
        "workzoneId": 0,
        "streamName": "US-169 & E 91st E",
        "streamSrc": "https://stream.oktraffic.org/delay-stream/48da8c717686e4c1.stream/playlist.m3u8",
        "streamKey": "48da8c717686e4c1.stream"
      }
    },
    {
      "type": "Feature",
      "geometry": {
        "type": "Point",
        "coordinates": [
          -95.85978378,
          36.03231888
        ]
      },
      "properties": {
        "id": 1554912843,
        "location": "US-169 & E 91st W",
        "poleName": "US-169 & E 91st",
        "direction": "W",
        "city": "Tulsa",
        "make": "Axis",
        "model": "P1347",
        "type": "Web",
        "status": "Free",
        "cameraId": 0,
        "port": 6969,
        "videoChannel": 0,
        "urlVar": "axis-media/media.amp?resolution=800x600&camera=2",
        "videoProfile": 1,
        "needsTimeoutPlayer": false,
        "recordTime": "2026-02-19 23:41:03",
        "workzoneId": 0,
        "streamName": "US-169 & E 91st W",
        "streamSrc": "https://stream.oktraffic.org/delay-stream/7673e7334a8a5840.stream/playlist.m3u8",
        "streamKey": "7673e7334a8a5840.stream"
      }
    },
    {
      "type": "Feature",
      "geometry": {
        "type": "Point",
        "coordinates": [
          -95.85656047,
          36.17722817
        ]
      },
      "properties": {
        "id": 1517570211,
        "location": "US-169 & Pine N",
        "poleName": "US-169 & Pine",
        "direction": "N",
        "city": "Tulsa",
        "make": "Axis",
        "model": "P1347",
        "type": "Web",
        "status": "Free",
        "cameraId": 0,
        "port": 6969,
        "videoChannel": 0,
        "urlVar": "axis-media/media.amp?resolution=800x600&camera=2",
        "videoProfile": 1,
        "needsTimeoutPlayer": false,
        "recordTime": "2026-02-19 23:41:00",
        "workzoneId": 0,
        "streamName": "US-169 & Pine N",
        "streamSrc": "https://stream.oktraffic.org/delay-stream/a6269b40abad3ec0.stream/playlist.m3u8",
        "streamKey": "a6269b40abad3ec0.stream"
      }
    },
    {
      "type": "Feature",
      "geometry": {
        "type": "Point",
        "coordinates": [
          -95.85656047,
          36.17722817
        ]
      },
      "properties": {
        "id": 1517570258,
        "location": "US-169 & Pine S",
        "poleName": "US-169 & Pine",
        "direction": "S",
        "city": "Tulsa",
        "make": "Axis",
        "model": "P1347",
        "type": "Web",
        "status": "Free",
        "cameraId": 0,
        "port": 6969,
        "videoChannel": 0,
        "urlVar": "axis-media/media.amp?resolution=800x600&camera=2",
        "videoProfile": 1,
        "needsTimeoutPlayer": false,
        "recordTime": "2026-02-19 23:41:00",
        "workzoneId": 0,
        "streamName": "US-169 & Pine S",
        "streamSrc": "https://stream.oktraffic.org/delay-stream/e114aae5ec34944e.stream/playlist.m3u8",
        "streamKey": "e114aae5ec34944e.stream"
      }
    },
    {
      "type": "Feature",
      "geometry": {
        "type": "Point",
        "coordinates": [
          -95.85656047,
          36.17722817
        ]
      },
      "properties": {
        "id": 1517570294,
        "location": "US-169 & Pine E",
        "poleName": "US-169 & Pine",
        "direction": "E",
        "city": "Tulsa",
        "make": "Axis",
        "model": "P1347",
        "type": "Web",
        "status": "Free",
        "cameraId": 0,
        "port": 6969,
        "videoChannel": 0,
        "urlVar": "axis-media/media.amp?resolution=800x600&camera=2",
        "videoProfile": 1,
        "needsTimeoutPlayer": false,
        "recordTime": "2026-02-19 23:41:00",
        "workzoneId": 0,
        "streamName": "US-169 & Pine E",
        "streamSrc": "https://stream.oktraffic.org/delay-stream/ed77533ad86d5696.stream/playlist.m3u8",
        "streamKey": "ed77533ad86d5696.stream"
      }
    },
    {
      "type": "Feature",
      "geometry": {
        "type": "Point",
        "coordinates": [
          -95.92279226,
          36.09528275
        ]
      },
      "properties": {
        "id": 1497275426,
        "location": "I-44 & Yale N",
        "poleName": "I-44 & Yale",
        "direction": "N",
        "city": "Tulsa",
        "make": "Axis",
        "model": "P1357",
        "type": "Web",
        "status": "Free",
        "cameraId": 0,
        "port": 6969,
        "videoChannel": 0,
        "urlVar": "axis-media/media.amp?resolution=800x600&camera=2",
        "videoProfile": 1,
        "needsTimeoutPlayer": false,
        "recordTime": "2026-02-19 23:40:58",
        "workzoneId": 0,
        "streamName": "I-44 & Yale N",
        "streamSrc": "https://stream.oktraffic.org/delay-stream/74d3b8599d7cac22.stream/playlist.m3u8",
        "streamKey": "74d3b8599d7cac22.stream"
      }
    },
    {
      "type": "Feature",
      "geometry": {
        "type": "Point",
        "coordinates": [
          -95.92279226,
          36.09528275
        ]
      },
      "properties": {
        "id": 1497275471,
        "location": "I-44 & Yale S",
        "poleName": "I-44 & Yale",
        "direction": "S",
        "city": "Tulsa",
        "make": "Axis",
        "model": "P1357",
        "type": "Web",
        "status": "Free",
        "cameraId": 0,
        "port": 6969,
        "videoChannel": 0,
        "urlVar": "axis-media/media.amp?resolution=800x600&camera=2",
        "videoProfile": 1,
        "needsTimeoutPlayer": false,
        "recordTime": "2026-02-19 23:40:58",
        "workzoneId": 0,
        "streamName": "I-44 & Yale S",
        "streamSrc": "https://stream.oktraffic.org/delay-stream/668e70bb7fa62593.stream/playlist.m3u8",
        "streamKey": "668e70bb7fa62593.stream"
      }
    },
    {
      "type": "Feature",
      "geometry": {
        "type": "Point",
        "coordinates": [
          -95.92279226,
          36.09528275
        ]
      },
      "properties": {
        "id": 1497275520,
        "location": "I-44 & Yale NE",
        "poleName": "I-44 & Yale",
        "direction": "NE",
        "city": "Tulsa",
        "make": "Axis",
        "model": "P1357",
        "type": "Web",
        "status": "Free",
        "cameraId": 0,
        "port": 6969,
        "videoChannel": 0,
        "urlVar": "axis-media/media.amp?resolution=800x600&camera=2",
        "videoProfile": 1,
        "needsTimeoutPlayer": false,
        "recordTime": "2026-02-19 23:40:58",
        "workzoneId": 0,
        "streamName": "I-44 & Yale NE",
        "streamSrc": "https://stream.oktraffic.org/delay-stream/bf9fc644197980b1.stream/playlist.m3u8",
        "streamKey": "bf9fc644197980b1.stream"
      }
    },
    {
      "type": "Feature",
      "geometry": {
        "type": "Point",
        "coordinates": [
          -95.92279226,
          36.09528275
        ]
      },
      "properties": {
        "id": 1497275566,
        "location": "I-44 & Yale SW",
        "poleName": "I-44 & Yale",
        "direction": "SW",
        "city": "Tulsa",
        "make": "Axis",
        "model": "P1357",
        "type": "Web",
        "status": "Free",
        "cameraId": 0,
        "port": 6969,
        "videoChannel": 0,
        "urlVar": "axis-media/media.amp?resolution=800x600&camera=2",
        "videoProfile": 1,
        "needsTimeoutPlayer": false,
        "recordTime": "2026-02-19 23:40:58",
        "workzoneId": 0,
        "streamName": "I-44 & Yale SW",
        "streamSrc": "https://stream.oktraffic.org/delay-stream/22cb4183086844c5.stream/playlist.m3u8",
        "streamKey": "22cb4183086844c5.stream"
      }
    },
    {
      "type": "Feature",
      "geometry": {
        "type": "Point",
        "coordinates": [
          -95.91293782,
          36.1026692
        ]
      },
      "properties": {
        "id": 1497275838,
        "location": "I-44 & 41st N",
        "poleName": "I-44 & E 41st",
        "direction": "N",
        "city": "Tulsa",
        "make": "Axis",
        "model": "P1357",
        "type": "Web",
        "status": "Free",
        "cameraId": 0,
        "port": 6969,
        "videoChannel": 0,
        "urlVar": "axis-media/media.amp?resolution=800x600&camera=2",
        "videoProfile": 1,
        "needsTimeoutPlayer": false,
        "recordTime": "2026-02-19 23:40:59",
        "workzoneId": 0,
        "streamName": "I-44 & 41st N",
        "streamSrc": "https://stream.oktraffic.org/delay-stream/40604d1a70ecf5c0.stream/playlist.m3u8",
        "streamKey": "40604d1a70ecf5c0.stream"
      }
    },
    {
      "type": "Feature",
      "geometry": {
        "type": "Point",
        "coordinates": [
          -95.91293782,
          36.1026692
        ]
      },
      "properties": {
        "id": 1497275886,
        "location": "I-44 & 41st NE",
        "poleName": "I-44 & E 41st",
        "direction": "NE",
        "city": "Tulsa",
        "make": "Axis",
        "model": "P1357",
        "type": "Web",
        "status": "Free",
        "cameraId": 0,
        "port": 6969,
        "videoChannel": 0,
        "urlVar": "axis-media/media.amp?resolution=800x600&camera=2",
        "videoProfile": 1,
        "needsTimeoutPlayer": false,
        "recordTime": "2026-02-19 23:40:59",
        "workzoneId": 0,
        "streamName": "I-44 & 41st NE",
        "streamSrc": "https://stream.oktraffic.org/delay-stream/d696b69c62c74f42.stream/playlist.m3u8",
        "streamKey": "d696b69c62c74f42.stream"
      }
    },
    {
      "type": "Feature",
      "geometry": {
        "type": "Point",
        "coordinates": [
          -95.91293782,
          36.1026692
        ]
      },
      "properties": {
        "id": 1497275941,
        "location": "I-44 & 41st SW",
        "poleName": "I-44 & E 41st",
        "direction": "SW",
        "city": "Tulsa",
        "make": "Axis",
        "model": "P1357",
        "type": "Web",
        "status": "Free",
        "cameraId": 0,
        "port": 6969,
        "videoChannel": 0,
        "urlVar": "axis-media/media.amp?resolution=800x600&camera=2",
        "videoProfile": 1,
        "needsTimeoutPlayer": false,
        "recordTime": "2026-02-19 23:40:59",
        "workzoneId": 0,
        "streamName": "I-44 & 41st SW",
        "streamSrc": "https://stream.oktraffic.org/delay-stream/7c995fcec20aeb3c.stream/playlist.m3u8",
        "streamKey": "7c995fcec20aeb3c.stream"
      }
    },
    {
      "type": "Feature",
      "geometry": {
        "type": "Point",
        "coordinates": [
          -95.95861048,
          36.14292851
        ]
      },
      "properties": {
        "id": 1524058935,
        "location": "SH-51 & Lewis N",
        "poleName": "SH-51 & Lewis",
        "direction": "N",
        "city": "Tulsa",
        "make": "Axis",
        "model": "P1347",
        "type": "Web",
        "status": "Free",
        "cameraId": 0,
        "port": 6969,
        "videoChannel": 0,
        "urlVar": "axis-media/media.amp?resolution=800x600&camera=2",
        "videoProfile": 1,
        "needsTimeoutPlayer": false,
        "recordTime": "2026-02-19 23:41:01",
        "workzoneId": 0,
        "streamName": "SH-51 & Lewis N",
        "streamSrc": "https://stream.oktraffic.org/delay-stream/f898080bc41cbbc9.stream/playlist.m3u8",
        "streamKey": "f898080bc41cbbc9.stream"
      }
    },
    {
      "type": "Feature",
      "geometry": {
        "type": "Point",
        "coordinates": [
          -95.95861048,
          36.14292851
        ]
      },
      "properties": {
        "id": 1524058973,
        "location": "SH-51 & Lewis S",
        "poleName": "SH-51 & Lewis",
        "direction": "S",
        "city": "Tulsa",
        "make": "Axis",
        "model": "P1347",
        "type": "Web",
        "status": "Free",
        "cameraId": 0,
        "port": 6969,
        "videoChannel": 0,
        "urlVar": "axis-media/media.amp?resolution=800x600&camera=2",
        "videoProfile": 1,
        "needsTimeoutPlayer": false,
        "recordTime": "2026-02-19 23:41:01",
        "workzoneId": 0,
        "streamName": "SH-51 & Lewis S",
        "streamSrc": "https://stream.oktraffic.org/delay-stream/092cddbd77cc0c25.stream/playlist.m3u8",
        "streamKey": "092cddbd77cc0c25.stream"
      }
    },
    {
      "type": "Feature",
      "geometry": {
        "type": "Point",
        "coordinates": [
          -95.95861048,
          36.14292851
        ]
      },
      "properties": {
        "id": 1524059009,
        "location": "SH-51 & Lewis E",
        "poleName": "SH-51 & Lewis",
        "direction": "E",
        "city": "Tulsa",
        "make": "Axis",
        "model": "P1347",
        "type": "Web",
        "status": "Free",
        "cameraId": 0,
        "port": 6969,
        "videoChannel": 0,
        "urlVar": "axis-media/media.amp?resolution=800x600&camera=2",
        "videoProfile": 1,
        "needsTimeoutPlayer": false,
        "recordTime": "2026-02-19 23:41:01",
        "workzoneId": 0,
        "streamName": "SH-51 & Lewis E",
        "streamSrc": "https://stream.oktraffic.org/delay-stream/430dbe156546eaf8.stream/playlist.m3u8",
        "streamKey": "430dbe156546eaf8.stream"
      }
    },
    {
      "type": "Feature",
      "geometry": {
        "type": "Point",
        "coordinates": [
          -95.95861048,
          36.14292851
        ]
      },
      "properties": {
        "id": 1524059043,
        "location": "SH-51 & Lewis W",
        "poleName": "SH-51 & Lewis",
        "direction": "W",
        "city": "Tulsa",
        "make": "Axis",
        "model": "P1347",
        "type": "Web",
        "status": "Free",
        "cameraId": 0,
        "port": 6969,
        "videoChannel": 0,
        "urlVar": "axis-media/media.amp?resolution=800x600&camera=2",
        "videoProfile": 1,
        "needsTimeoutPlayer": false,
        "recordTime": "2026-02-19 23:41:01",
        "workzoneId": 0,
        "streamName": "SH-51 & Lewis W",
        "streamSrc": "https://stream.oktraffic.org/delay-stream/c7e80b9ed6c9493b.stream/playlist.m3u8",
        "streamKey": "c7e80b9ed6c9493b.stream"
      }
    },
    {
      "type": "Feature",
      "geometry": {
        "type": "Point",
        "coordinates": [
          -95.90493947,
          36.11549118
        ]
      },
      "properties": {
        "id": 1524058598,
        "location": "SH-51 & Sheridan N",
        "poleName": "SH-51 & Sheridan",
        "direction": "N",
        "city": "Tulsa",
        "make": "Axis",
        "model": "P1347",
        "type": "Web",
        "status": "Free",
        "cameraId": 0,
        "port": 6969,
        "videoChannel": 0,
        "urlVar": "axis-media/media.amp?resolution=800x600&camera=2",
        "videoProfile": 1,
        "needsTimeoutPlayer": false,
        "recordTime": "2026-02-19 23:41:01",
        "workzoneId": 0,
        "streamName": "SH-51 & Sheridan N",
        "streamSrc": "https://stream.oktraffic.org/delay-stream/16764cfa50724be5.stream/playlist.m3u8",
        "streamKey": "16764cfa50724be5.stream"
      }
    },
    {
      "type": "Feature",
      "geometry": {
        "type": "Point",
        "coordinates": [
          -95.90493947,
          36.11549118
        ]
      },
      "properties": {
        "id": 1524058638,
        "location": "SH-51 & Sheridan S",
        "poleName": "SH-51 & Sheridan",
        "direction": "S",
        "city": "Tulsa",
        "make": "Axis",
        "model": "P1347",
        "type": "Web",
        "status": "Free",
        "cameraId": 0,
        "port": 6969,
        "videoChannel": 0,
        "urlVar": "axis-media/media.amp?resolution=800x600&camera=2",
        "videoProfile": 1,
        "needsTimeoutPlayer": false,
        "recordTime": "2026-02-19 23:41:01",
        "workzoneId": 0,
        "streamName": "SH-51 & Sheridan S",
        "streamSrc": "https://stream.oktraffic.org/delay-stream/f7ce2a4494eb723e.stream/playlist.m3u8",
        "streamKey": "f7ce2a4494eb723e.stream"
      }
    },
    {
      "type": "Feature",
      "geometry": {
        "type": "Point",
        "coordinates": [
          -95.90493947,
          36.11549118
        ]
      },
      "properties": {
        "id": 1524058690,
        "location": "SH-51 & Sheridan E",
        "poleName": "SH-51 & Sheridan",
        "direction": "E",
        "city": "Tulsa",
        "make": "Axis",
        "model": "P1347",
        "type": "Web",
        "status": "Free",
        "cameraId": 0,
        "port": 6969,
        "videoChannel": 0,
        "urlVar": "axis-media/media.amp?resolution=800x600&camera=2",
        "videoProfile": 1,
        "needsTimeoutPlayer": false,
        "recordTime": "2026-02-19 23:41:01",
        "workzoneId": 0,
        "streamName": "SH-51 & Sheridan E",
        "streamSrc": "https://stream.oktraffic.org/delay-stream/9e8e38e7ce4afba0.stream/playlist.m3u8",
        "streamKey": "9e8e38e7ce4afba0.stream"
      }
    },
    {
      "type": "Feature",
      "geometry": {
        "type": "Point",
        "coordinates": [
          -95.90493947,
          36.11549118
        ]
      },
      "properties": {
        "id": 1524058725,
        "location": "SH-51 & Sheridan W",
        "poleName": "SH-51 & Sheridan",
        "direction": "W",
        "city": "Tulsa",
        "make": "Axis",
        "model": "P1347",
        "type": "Web",
        "status": "Free",
        "cameraId": 0,
        "port": 6969,
        "videoChannel": 0,
        "urlVar": "axis-media/media.amp?resolution=800x600&camera=2",
        "videoProfile": 1,
        "needsTimeoutPlayer": false,
        "recordTime": "2026-02-19 23:41:01",
        "workzoneId": 0,
        "streamName": "SH-51 & Sheridan W",
        "streamSrc": "https://stream.oktraffic.org/delay-stream/80d2e3fac6976d08.stream/playlist.m3u8",
        "streamKey": "80d2e3fac6976d08.stream"
      }
    },
    {
      "type": "Feature",
      "geometry": {
        "type": "Point",
        "coordinates": [
          -95.847091,
          36.148332
        ]
      },
      "properties": {
        "id": 1485955015,
        "location": "I-44 & E 11th St NE",
        "poleName": "I-44 & E 11th",
        "direction": "NE",
        "city": "Tulsa",
        "make": "Axis",
        "model": "P1347",
        "type": "Web",
        "status": "Free",
        "cameraId": 0,
        "port": 6969,
        "videoChannel": 0,
        "urlVar": "axis-media/media.amp?resolution=800x600&camera=2",
        "videoProfile": 1,
        "needsTimeoutPlayer": false,
        "recordTime": "2026-02-19 23:40:56",
        "workzoneId": 0,
        "streamName": "I-44 & E 11th St NE",
        "streamSrc": "https://stream.oktraffic.org/delay-stream/70c4c2d0029711b2.stream/playlist.m3u8",
        "streamKey": "70c4c2d0029711b2.stream"
      }
    },
    {
      "type": "Feature",
      "geometry": {
        "type": "Point",
        "coordinates": [
          -95.847091,
          36.148332
        ]
      },
      "properties": {
        "id": 1485955198,
        "location": "I-44 & E 11th St SW",
        "poleName": "I-44 & E 11th",
        "direction": "SW",
        "city": "Tulsa",
        "make": "Axis",
        "model": "P1347",
        "type": "Web",
        "status": "Free",
        "cameraId": 0,
        "port": 6969,
        "videoChannel": 0,
        "urlVar": "axis-media/media.amp?resolution=800x600&camera=2",
        "videoProfile": 1,
        "needsTimeoutPlayer": false,
        "recordTime": "2026-02-19 23:40:56",
        "workzoneId": 0,
        "streamName": "I-44 & E 11th St SW",
        "streamSrc": "https://stream.oktraffic.org/delay-stream/692dcd9f7a75087a.stream/playlist.m3u8",
        "streamKey": "692dcd9f7a75087a.stream"
      }
    },
    {
      "type": "Feature",
      "geometry": {
        "type": "Point",
        "coordinates": [
          -95.886352,
          36.120442
        ]
      },
      "properties": {
        "id": 1491900725,
        "location": "I-44 & Memorial S",
        "poleName": "I-44 & Memorial",
        "direction": "S",
        "city": "Tulsa",
        "make": "Axis",
        "model": "P1347",
        "type": "Web",
        "status": "Free",
        "cameraId": 0,
        "port": 6969,
        "videoChannel": 0,
        "urlVar": "axis-media/media.amp?resolution=800x600&camera=2",
        "videoProfile": 1,
        "needsTimeoutPlayer": false,
        "recordTime": "2026-02-19 23:40:57",
        "workzoneId": 0,
        "streamName": "I-44 & Memorial S",
        "streamSrc": "https://stream.oktraffic.org/delay-stream/e0530f1f59d87dbf.stream/playlist.m3u8",
        "streamKey": "e0530f1f59d87dbf.stream"
      }
    },
    {
      "type": "Feature",
      "geometry": {
        "type": "Point",
        "coordinates": [
          -95.886352,
          36.120442
        ]
      },
      "properties": {
        "id": 1491900783,
        "location": "I-44 & Memorial NE",
        "poleName": "I-44 & Memorial",
        "direction": "NE",
        "city": "Tulsa",
        "make": "Axis",
        "model": "P1347",
        "type": "Web",
        "status": "Free",
        "cameraId": 0,
        "port": 6969,
        "videoChannel": 0,
        "urlVar": "axis-media/media.amp?resolution=800x600&camera=2",
        "videoProfile": 1,
        "needsTimeoutPlayer": false,
        "recordTime": "2026-02-19 23:40:57",
        "workzoneId": 0,
        "streamName": "I-44 & Memorial NE",
        "streamSrc": "https://stream.oktraffic.org/delay-stream/0faa2e5a7e49b3a6.stream/playlist.m3u8",
        "streamKey": "0faa2e5a7e49b3a6.stream"
      }
    },
    {
      "type": "Feature",
      "geometry": {
        "type": "Point",
        "coordinates": [
          -95.886352,
          36.120442
        ]
      },
      "properties": {
        "id": 1491900825,
        "location": "I-44 & Memorial SW",
        "poleName": "I-44 & Memorial",
        "direction": "SW",
        "city": "Tulsa",
        "make": "Axis",
        "model": "P1347",
        "type": "Web",
        "status": "Free",
        "cameraId": 0,
        "port": 6969,
        "videoChannel": 0,
        "urlVar": "axis-media/media.amp?resolution=800x600&camera=2",
        "videoProfile": 1,
        "needsTimeoutPlayer": false,
        "recordTime": "2026-02-19 23:40:57",
        "workzoneId": 0,
        "streamName": "I-44 & Memorial SW",
        "streamSrc": "https://stream.oktraffic.org/delay-stream/5c785590ca096d25.stream/playlist.m3u8",
        "streamKey": "5c785590ca096d25.stream"
      }
    },
    {
      "type": "Feature",
      "geometry": {
        "type": "Point",
        "coordinates": [
          -95.79671502,
          36.16283835
        ]
      },
      "properties": {
        "id": 1498644869,
        "location": "I-44 & N 165th E E",
        "poleName": "I-44 & N 165th E",
        "direction": "E",
        "city": "Tulsa",
        "make": "Axis",
        "model": "P1347",
        "type": "Web",
        "status": "Free",
        "cameraId": 0,
        "port": 6969,
        "videoChannel": 0,
        "urlVar": "axis-media/media.amp?resolution=800x600&camera=2",
        "videoProfile": 1,
        "needsTimeoutPlayer": false,
        "recordTime": "2026-02-19 23:40:59",
        "workzoneId": 0,
        "streamName": "I-44 & N 165th E E",
        "streamSrc": "https://stream.oktraffic.org/delay-stream/3145a895d0f50fb9.stream/playlist.m3u8",
        "streamKey": "3145a895d0f50fb9.stream"
      }
    },
    {
      "type": "Feature",
      "geometry": {
        "type": "Point",
        "coordinates": [
          -95.79671502,
          36.16283835
        ]
      },
      "properties": {
        "id": 1498644933,
        "location": "I-44 & N 165th E W",
        "poleName": "I-44 & N 165th E",
        "direction": "W",
        "city": "Tulsa",
        "make": "Axis",
        "model": "P1347",
        "type": "Web",
        "status": "Free",
        "cameraId": 0,
        "port": 6969,
        "videoChannel": 0,
        "urlVar": "axis-media/media.amp?resolution=800x600&camera=2",
        "videoProfile": 1,
        "needsTimeoutPlayer": false,
        "recordTime": "2026-02-19 23:40:59",
        "workzoneId": 0,
        "streamName": "I-44 & N 165th E W",
        "streamSrc": "https://stream.oktraffic.org/delay-stream/ad41e8780b7412a8.stream/playlist.m3u8",
        "streamKey": "ad41e8780b7412a8.stream"
      }
    },
    {
      "type": "Feature",
      "geometry": {
        "type": "Point",
        "coordinates": [
          -95.832829,
          36.158389
        ]
      },
      "properties": {
        "id": 1491899211,
        "location": "I-44 & S 129th E N",
        "poleName": "I-44 & S 129th E",
        "direction": "N",
        "city": "Tulsa",
        "make": "Axis",
        "model": "P1347",
        "type": "Web",
        "status": "Free",
        "cameraId": 0,
        "port": 6969,
        "videoChannel": 0,
        "urlVar": "axis-media/media.amp?resolution=800x600&camera=2",
        "videoProfile": 1,
        "needsTimeoutPlayer": false,
        "recordTime": "2026-02-19 23:40:57",
        "workzoneId": 0,
        "streamName": "I-44 & S 129th E N",
        "streamSrc": "https://stream.oktraffic.org/delay-stream/ce533e036b0730bf.stream/playlist.m3u8",
        "streamKey": "ce533e036b0730bf.stream"
      }
    },
    {
      "type": "Feature",
      "geometry": {
        "type": "Point",
        "coordinates": [
          -95.85071459,
          36.16646877
        ]
      },
      "properties": {
        "id": 1501578474,
        "location": "I-244 & Garnett N",
        "poleName": "I-244 & Garnett",
        "direction": "N",
        "city": "Tulsa",
        "make": "Axis",
        "model": "P1347",
        "type": "Web",
        "status": "Free",
        "cameraId": 0,
        "port": 6969,
        "videoChannel": 0,
        "urlVar": "axis-media/media.amp?resolution=800x600&camera=2",
        "videoProfile": 1,
        "needsTimeoutPlayer": false,
        "recordTime": "2026-02-19 23:41:00",
        "workzoneId": 0,
        "streamName": "I-244 & Garnett N",
        "streamSrc": "https://stream.oktraffic.org/delay-stream/09c3dd2a0ed7be97.stream/playlist.m3u8",
        "streamKey": "09c3dd2a0ed7be97.stream"
      }
    },
    {
      "type": "Feature",
      "geometry": {
        "type": "Point",
        "coordinates": [
          -95.85071459,
          36.16646877
        ]
      },
      "properties": {
        "id": 1501578512,
        "location": "I-244 & Garnett S",
        "poleName": "I-244 & Garnett",
        "direction": "S",
        "city": "Tulsa",
        "make": "Axis",
        "model": "P1347",
        "type": "Web",
        "status": "Free",
        "cameraId": 0,
        "port": 6969,
        "videoChannel": 0,
        "urlVar": "axis-media/media.amp?resolution=800x600&camera=2",
        "videoProfile": 1,
        "needsTimeoutPlayer": false,
        "recordTime": "2026-02-19 23:41:00",
        "workzoneId": 0,
        "streamName": "I-244 & Garnett S",
        "streamSrc": "https://stream.oktraffic.org/delay-stream/761ba1389f279af8.stream/playlist.m3u8",
        "streamKey": "761ba1389f279af8.stream"
      }
    },
    {
      "type": "Feature",
      "geometry": {
        "type": "Point",
        "coordinates": [
          -95.85071459,
          36.16646877
        ]
      },
      "properties": {
        "id": 1501578586,
        "location": "I-244 & Garnett W",
        "poleName": "I-244 & Garnett",
        "direction": "W",
        "city": "Tulsa",
        "make": "Axis",
        "model": "P1347",
        "type": "Web",
        "status": "Free",
        "cameraId": 0,
        "port": 6969,
        "videoChannel": 0,
        "urlVar": "axis-media/media.amp?resolution=800x600&camera=2",
        "videoProfile": 1,
        "needsTimeoutPlayer": false,
        "recordTime": "2026-02-19 23:41:00",
        "workzoneId": 0,
        "streamName": "I-244 & Garnett W",
        "streamSrc": "https://stream.oktraffic.org/delay-stream/bde5cbd6c2ff906d.stream/playlist.m3u8",
        "streamKey": "bde5cbd6c2ff906d.stream"
      }
    },
    {
      "type": "Feature",
      "geometry": {
        "type": "Point",
        "coordinates": [
          -95.88692307,
          36.16223811
        ]
      },
      "properties": {
        "id": 1521112146,
        "location": "I-244 & Memorial N",
        "poleName": "I-244 & Memorial",
        "direction": "N",
        "city": "Tulsa",
        "make": "Axis",
        "model": "P1347",
        "type": "Web",
        "status": "Free",
        "cameraId": 0,
        "port": 6969,
        "videoChannel": 0,
        "urlVar": "",
        "videoProfile": -1,
        "needsTimeoutPlayer": false,
        "recordTime": "2026-02-19 23:41:01",
        "workzoneId": 0,
        "streamName": "I-244 & Memorial N",
        "streamSrc": "https://stream.oktraffic.org/delay-stream/102a28e21eb3d914.stream/playlist.m3u8",
        "streamKey": "102a28e21eb3d914.stream"
      }
    },
    {
      "type": "Feature",
      "geometry": {
        "type": "Point",
        "coordinates": [
          -95.88692307,
          36.16223811
        ]
      },
      "properties": {
        "id": 1521112192,
        "location": "I-244 & Memorial S",
        "poleName": "I-244 & Memorial",
        "direction": "S",
        "city": "Tulsa",
        "make": "Axis",
        "model": "P1347",
        "type": "Web",
        "status": "Free",
        "cameraId": 0,
        "port": 6969,
        "videoChannel": 0,
        "urlVar": "axis-media/media.amp?resolution=800x600&camera=2",
        "videoProfile": 1,
        "needsTimeoutPlayer": false,
        "recordTime": "2026-02-19 23:41:01",
        "workzoneId": 0,
        "streamName": "I-244 & Memorial S",
        "streamSrc": "https://stream.oktraffic.org/delay-stream/52c3581be1e4dbe7.stream/playlist.m3u8",
        "streamKey": "52c3581be1e4dbe7.stream"
      }
    },
    {
      "type": "Feature",
      "geometry": {
        "type": "Point",
        "coordinates": [
          -95.88692307,
          36.16223811
        ]
      },
      "properties": {
        "id": 1521112229,
        "location": "I-244 & Memorial E",
        "poleName": "I-244 & Memorial",
        "direction": "E",
        "city": "Tulsa",
        "make": "Axis",
        "model": "P1347",
        "type": "Web",
        "status": "Free",
        "cameraId": 0,
        "port": 6969,
        "videoChannel": 0,
        "urlVar": "axis-media/media.amp?resolution=800x600&camera=2",
        "videoProfile": 1,
        "needsTimeoutPlayer": false,
        "recordTime": "2026-02-19 23:41:01",
        "workzoneId": 0,
        "streamName": "I-244 & Memorial E",
        "streamSrc": "https://stream.oktraffic.org/delay-stream/cdab44b9d679cd27.stream/playlist.m3u8",
        "streamKey": "cdab44b9d679cd27.stream"
      }
    },
    {
      "type": "Feature",
      "geometry": {
        "type": "Point",
        "coordinates": [
          -95.88692307,
          36.16223811
        ]
      },
      "properties": {
        "id": 1521112264,
        "location": "I-244 & Memorial W",
        "poleName": "I-244 & Memorial",
        "direction": "W",
        "city": "Tulsa",
        "make": "Axis",
        "model": "P1347",
        "type": "Web",
        "status": "Free",
        "cameraId": 0,
        "port": 6969,
        "videoChannel": 0,
        "urlVar": "axis-media/media.amp?resolution=800x600&camera=2",
        "videoProfile": 1,
        "needsTimeoutPlayer": false,
        "recordTime": "2026-02-19 23:41:01",
        "workzoneId": 0,
        "streamName": "I-244 & Memorial W",
        "streamSrc": "https://stream.oktraffic.org/delay-stream/bdaf41d318fb90aa.stream/playlist.m3u8",
        "streamKey": "bdaf41d318fb90aa.stream"
      }
    },
    {
      "type": "Feature",
      "geometry": {
        "type": "Point",
        "coordinates": [
          -95.83312064,
          36.16575985
        ]
      },
      "properties": {
        "id": 1501577966,
        "location": "I-244 & N 129th E N",
        "poleName": "I-244 & N 129th E",
        "direction": "N",
        "city": "Tulsa",
        "make": "Axis",
        "model": "P1367",
        "type": "Web",
        "status": "Free",
        "cameraId": 0,
        "port": 6969,
        "videoChannel": 0,
        "urlVar": "axis-media/media.amp?resolution=800x600&camera=2",
        "videoProfile": 1,
        "needsTimeoutPlayer": false,
        "recordTime": "2026-02-19 23:41:00",
        "workzoneId": 0,
        "streamName": "I-244 & N 129th E N",
        "streamSrc": "https://stream.oktraffic.org/delay-stream/d1ca07b4e7adc65e.stream/playlist.m3u8",
        "streamKey": "d1ca07b4e7adc65e.stream"
      }
    },
    {
      "type": "Feature",
      "geometry": {
        "type": "Point",
        "coordinates": [
          -95.83312064,
          36.16575985
        ]
      },
      "properties": {
        "id": 1501578014,
        "location": "I-244 & N 129th E S",
        "poleName": "I-244 & N 129th E",
        "direction": "S",
        "city": "Tulsa",
        "make": "Axis",
        "model": "P1465",
        "type": "Web",
        "status": "Free",
        "cameraId": 0,
        "port": 6969,
        "videoChannel": 0,
        "urlVar": "",
        "videoProfile": -1,
        "needsTimeoutPlayer": false,
        "recordTime": "2026-02-19 23:41:00",
        "workzoneId": 0,
        "streamName": "I-244 & N 129th E S",
        "streamSrc": "https://stream.oktraffic.org/delay-stream/a907556ba08f5aa1.stream/playlist.m3u8",
        "streamKey": "a907556ba08f5aa1.stream"
      }
    },
    {
      "type": "Feature",
      "geometry": {
        "type": "Point",
        "coordinates": [
          -95.83312064,
          36.16575985
        ]
      },
      "properties": {
        "id": 1501578061,
        "location": "I-244 & N 129th E E",
        "poleName": "I-244 & N 129th E",
        "direction": "E",
        "city": "Tulsa",
        "make": "Axis",
        "model": "P1347",
        "type": "Web",
        "status": "Free",
        "cameraId": 0,
        "port": 6969,
        "videoChannel": 0,
        "urlVar": "axis-media/media.amp?resolution=800x600&camera=2",
        "videoProfile": 1,
        "needsTimeoutPlayer": false,
        "recordTime": "2026-02-19 23:41:00",
        "workzoneId": 0,
        "streamName": "I-244 & N 129th E E",
        "streamSrc": "https://stream.oktraffic.org/delay-stream/cac852d5996e0a43.stream/playlist.m3u8",
        "streamKey": "cac852d5996e0a43.stream"
      }
    },
    {
      "type": "Feature",
      "geometry": {
        "type": "Point",
        "coordinates": [
          -95.83312064,
          36.16575985
        ]
      },
      "properties": {
        "id": 1501578102,
        "location": "I-244 & N 129th E W",
        "poleName": "I-244 & N 129th E",
        "direction": "W",
        "city": "Tulsa",
        "make": "Axis",
        "model": "P1347",
        "type": "Web",
        "status": "Free",
        "cameraId": 0,
        "port": 6969,
        "videoChannel": 0,
        "urlVar": "axis-media/media.amp?resolution=800x600&camera=2",
        "videoProfile": 1,
        "needsTimeoutPlayer": false,
        "recordTime": "2026-02-19 23:41:00",
        "workzoneId": 0,
        "streamName": "I-244 & N 129th E W",
        "streamSrc": "https://stream.oktraffic.org/delay-stream/b26f1da5b28a10ee.stream/playlist.m3u8",
        "streamKey": "b26f1da5b28a10ee.stream"
      }
    },
    {
      "type": "Feature",
      "geometry": {
        "type": "Point",
        "coordinates": [
          -96.00216933,
          36.15944045
        ]
      },
      "properties": {
        "id": 1491901968,
        "location": "I-244 & US-412 N",
        "poleName": "I-244 & US-412",
        "direction": "N",
        "city": "Tulsa",
        "make": "Axis",
        "model": "P1357",
        "type": "Web",
        "status": "Free",
        "cameraId": 0,
        "port": 6969,
        "videoChannel": 0,
        "urlVar": "axis-media/media.amp?resolution=800x600&camera=2",
        "videoProfile": 1,
        "needsTimeoutPlayer": false,
        "recordTime": "2026-02-19 23:40:58",
        "workzoneId": 0,
        "streamName": "I-244 & US-412 N",
        "streamSrc": "https://stream.oktraffic.org/delay-stream/d6c7fccccb84da68.stream/playlist.m3u8",
        "streamKey": "d6c7fccccb84da68.stream"
      }
    },
    {
      "type": "Feature",
      "geometry": {
        "type": "Point",
        "coordinates": [
          -96.00216933,
          36.15944045
        ]
      },
      "properties": {
        "id": 1491902007,
        "location": "I-244 & US-412 S",
        "poleName": "I-244 & US-412",
        "direction": "S",
        "city": "Tulsa",
        "make": "Axis",
        "model": "P1357",
        "type": "Web",
        "status": "Free",
        "cameraId": 0,
        "port": 6969,
        "videoChannel": 0,
        "urlVar": "axis-media/media.amp?resolution=800x600&camera=2",
        "videoProfile": 1,
        "needsTimeoutPlayer": false,
        "recordTime": "2026-02-19 23:40:58",
        "workzoneId": 0,
        "streamName": "I-244 & US-412 S",
        "streamSrc": "https://stream.oktraffic.org/delay-stream/b3c4cd90a98f2ccd.stream/playlist.m3u8",
        "streamKey": "b3c4cd90a98f2ccd.stream"
      }
    },
    {
      "type": "Feature",
      "geometry": {
        "type": "Point",
        "coordinates": [
          -96.00216933,
          36.15944045
        ]
      },
      "properties": {
        "id": 1491902043,
        "location": "I-244 & US-412 E",
        "poleName": "I-244 & US-412",
        "direction": "E",
        "city": "Tulsa",
        "make": "Axis",
        "model": "P1357",
        "type": "Web",
        "status": "Free",
        "cameraId": 0,
        "port": 6969,
        "videoChannel": 0,
        "urlVar": "axis-media/media.amp?resolution=800x600&camera=2",
        "videoProfile": 1,
        "needsTimeoutPlayer": false,
        "recordTime": "2026-02-19 23:40:58",
        "workzoneId": 0,
        "streamName": "I-244 & US-412 E",
        "streamSrc": "https://stream.oktraffic.org/delay-stream/c47d4c17143072d5.stream/playlist.m3u8",
        "streamKey": "c47d4c17143072d5.stream"
      }
    },
    {
      "type": "Feature",
      "geometry": {
        "type": "Point",
        "coordinates": [
          -96.00216933,
          36.15944045
        ]
      },
      "properties": {
        "id": 1491902088,
        "location": "I-244 & US-412 W",
        "poleName": "I-244 & US-412",
        "direction": "W",
        "city": "Tulsa",
        "make": "Axis",
        "model": "P1357",
        "type": "Web",
        "status": "Free",
        "cameraId": 0,
        "port": 6969,
        "videoChannel": 0,
        "urlVar": "",
        "videoProfile": -1,
        "needsTimeoutPlayer": false,
        "recordTime": "2026-02-19 23:40:58",
        "workzoneId": 0,
        "streamName": "I-244 & US-412 W",
        "streamSrc": "https://stream.oktraffic.org/delay-stream/be4ec9df8a9e9cfb.stream/playlist.m3u8",
        "streamKey": "be4ec9df8a9e9cfb.stream"
      }
    },
    {
      "type": "Feature",
      "geometry": {
        "type": "Point",
        "coordinates": [
          -95.980449,
          36.160796
        ]
      },
      "properties": {
        "id": 1491901071,
        "location": "I-244 & US-75 N N",
        "poleName": "I-244 & US-75 N",
        "direction": "N",
        "city": "Tulsa",
        "make": "Axis",
        "model": "P1465",
        "type": "Web",
        "status": "Free",
        "cameraId": 0,
        "port": 6969,
        "videoChannel": 0,
        "urlVar": "axis-media/media.amp?resolution=800x600&camera=2",
        "videoProfile": 1,
        "needsTimeoutPlayer": false,
        "recordTime": "2026-02-19 23:40:57",
        "workzoneId": 0,
        "streamName": "I-244 & US-75 N N",
        "streamSrc": "https://stream.oktraffic.org/delay-stream/617ced7febd5c1d6.stream/playlist.m3u8",
        "streamKey": "617ced7febd5c1d6.stream"
      }
    },
    {
      "type": "Feature",
      "geometry": {
        "type": "Point",
        "coordinates": [
          -95.980449,
          36.160796
        ]
      },
      "properties": {
        "id": 1491901109,
        "location": "I-244 & US-75 N S",
        "poleName": "I-244 & US-75 N",
        "direction": "S",
        "city": "Tulsa",
        "make": "Axis",
        "model": "P1347",
        "type": "Web",
        "status": "Free",
        "cameraId": 0,
        "port": 6969,
        "videoChannel": 0,
        "urlVar": "axis-media/media.amp?resolution=800x600&camera=2",
        "videoProfile": 1,
        "needsTimeoutPlayer": false,
        "recordTime": "2026-02-19 23:40:57",
        "workzoneId": 0,
        "streamName": "I-244 & US-75 N S",
        "streamSrc": "https://stream.oktraffic.org/delay-stream/76e64a62d152c11a.stream/playlist.m3u8",
        "streamKey": "76e64a62d152c11a.stream"
      }
    },
    {
      "type": "Feature",
      "geometry": {
        "type": "Point",
        "coordinates": [
          -95.980449,
          36.160796
        ]
      },
      "properties": {
        "id": 1491901153,
        "location": "I-244 & US-75 N E",
        "poleName": "I-244 & US-75 N",
        "direction": "E",
        "city": "Tulsa",
        "make": "Axis",
        "model": "P1347",
        "type": "Web",
        "status": "Free",
        "cameraId": 0,
        "port": 6969,
        "videoChannel": 0,
        "urlVar": "axis-media/media.amp?resolution=800x600&camera=2",
        "videoProfile": 1,
        "needsTimeoutPlayer": false,
        "recordTime": "2026-02-19 23:40:58",
        "workzoneId": 0,
        "streamName": "I-244 & US-75 N E",
        "streamSrc": "https://stream.oktraffic.org/delay-stream/e7ebaa17691291e4.stream/playlist.m3u8",
        "streamKey": "e7ebaa17691291e4.stream"
      }
    },
    {
      "type": "Feature",
      "geometry": {
        "type": "Point",
        "coordinates": [
          -95.980449,
          36.160796
        ]
      },
      "properties": {
        "id": 1491901190,
        "location": "I-244 & US-75 N W",
        "poleName": "I-244 & US-75 N",
        "direction": "W",
        "city": "Tulsa",
        "make": "Axis",
        "model": "P1347",
        "type": "Web",
        "status": "Free",
        "cameraId": 0,
        "port": 6969,
        "videoChannel": 0,
        "urlVar": "axis-media/media.amp?resolution=800x600&camera=2",
        "videoProfile": 1,
        "needsTimeoutPlayer": false,
        "recordTime": "2026-02-19 23:40:58",
        "workzoneId": 0,
        "streamName": "I-244 & US-75 N W",
        "streamSrc": "https://stream.oktraffic.org/delay-stream/364fb5602a57fe31.stream/playlist.m3u8",
        "streamKey": "364fb5602a57fe31.stream"
      }
    },
    {
      "type": "Feature",
      "geometry": {
        "type": "Point",
        "coordinates": [
          -95.99211529,
          36.14456271
        ]
      },
      "properties": {
        "id": 1497276773,
        "location": "US-75 & Denver N",
        "poleName": "US-75 & Denver",
        "direction": "N",
        "city": "Tulsa",
        "make": "Axis",
        "model": "P1347",
        "type": "Web",
        "status": "Free",
        "cameraId": 0,
        "port": 6969,
        "videoChannel": 0,
        "urlVar": "axis-media/media.amp?resolution=800x600&camera=2",
        "videoProfile": 1,
        "needsTimeoutPlayer": false,
        "recordTime": "2026-02-19 23:40:59",
        "workzoneId": 0,
        "streamName": "US-75 & Denver N",
        "streamSrc": "https://stream.oktraffic.org/delay-stream/a5d167c35c8c9a65.stream/playlist.m3u8",
        "streamKey": "a5d167c35c8c9a65.stream"
      }
    },
    {
      "type": "Feature",
      "geometry": {
        "type": "Point",
        "coordinates": [
          -95.99211529,
          36.14456271
        ]
      },
      "properties": {
        "id": 1497276846,
        "location": "US-75 & Denver S",
        "poleName": "US-75 & Denver",
        "direction": "S",
        "city": "Tulsa",
        "make": "Axis",
        "model": "P1347",
        "type": "Web",
        "status": "Free",
        "cameraId": 0,
        "port": 6969,
        "videoChannel": 0,
        "urlVar": "axis-media/media.amp?resolution=800x600&camera=2",
        "videoProfile": 1,
        "needsTimeoutPlayer": false,
        "recordTime": "2026-02-19 23:40:59",
        "workzoneId": 0,
        "streamName": "US-75 & Denver S",
        "streamSrc": "https://stream.oktraffic.org/delay-stream/bcd8df751915143b.stream/playlist.m3u8",
        "streamKey": "bcd8df751915143b.stream"
      }
    },
    {
      "type": "Feature",
      "geometry": {
        "type": "Point",
        "coordinates": [
          -95.99211529,
          36.14456271
        ]
      },
      "properties": {
        "id": 1497277073,
        "location": "US-75 & Denver E",
        "poleName": "US-75 & Denver",
        "direction": "E",
        "city": "Tulsa",
        "make": "Axis",
        "model": "P1347",
        "type": "Web",
        "status": "Free",
        "cameraId": 0,
        "port": 6969,
        "videoChannel": 0,
        "urlVar": "axis-media/media.amp?resolution=800x600&camera=2",
        "videoProfile": 1,
        "needsTimeoutPlayer": false,
        "recordTime": "2026-02-19 23:40:59",
        "workzoneId": 0,
        "streamName": "US-75 & Denver E",
        "streamSrc": "https://stream.oktraffic.org/delay-stream/9d850ddf948410f1.stream/playlist.m3u8",
        "streamKey": "9d850ddf948410f1.stream"
      }
    },
    {
      "type": "Feature",
      "geometry": {
        "type": "Point",
        "coordinates": [
          -95.99211529,
          36.14456271
        ]
      },
      "properties": {
        "id": 1497277116,
        "location": "US-75 & Denver W",
        "poleName": "US-75 & Denver",
        "direction": "W",
        "city": "Tulsa",
        "make": "Axis",
        "model": "P1347",
        "type": "Web",
        "status": "Free",
        "cameraId": 0,
        "port": 6969,
        "videoChannel": 0,
        "urlVar": "axis-media/media.amp?resolution=800x600&camera=2",
        "videoProfile": 1,
        "needsTimeoutPlayer": false,
        "recordTime": "2026-02-19 23:40:59",
        "workzoneId": 0,
        "streamName": "US-75 & Denver W",
        "streamSrc": "https://stream.oktraffic.org/delay-stream/cc44883bad279073.stream/playlist.m3u8",
        "streamKey": "cc44883bad279073.stream"
      }
    },
    {
      "type": "Feature",
      "geometry": {
        "type": "Point",
        "coordinates": [
          -95.73171705,
          36.16255354
        ]
      },
      "properties": {
        "id": 1498645212,
        "location": "US-412 & Creek N",
        "poleName": "US-412 & Creek",
        "direction": "N",
        "city": "Tulsa",
        "make": "Axis",
        "model": "P1347",
        "type": "Web",
        "status": "Free",
        "cameraId": 0,
        "port": 6969,
        "videoChannel": 0,
        "urlVar": "axis-media/media.amp?resolution=800x600&camera=2",
        "videoProfile": 1,
        "needsTimeoutPlayer": false,
        "recordTime": "2026-02-19 23:40:59",
        "workzoneId": 0,
        "streamName": "US-412 & Creek N",
        "streamSrc": "https://stream.oktraffic.org/delay-stream/3306fc34135f6e6d.stream/playlist.m3u8",
        "streamKey": "3306fc34135f6e6d.stream"
      }
    },
    {
      "type": "Feature",
      "geometry": {
        "type": "Point",
        "coordinates": [
          -95.73171705,
          36.16255354
        ]
      },
      "properties": {
        "id": 1498645270,
        "location": "US-412 & Creek S",
        "poleName": "US-412 & Creek",
        "direction": "S",
        "city": "Tulsa",
        "make": "Axis",
        "model": "P1347",
        "type": "Web",
        "status": "Free",
        "cameraId": 0,
        "port": 6969,
        "videoChannel": 0,
        "urlVar": "axis-media/media.amp?resolution=800x600&camera=2",
        "videoProfile": 1,
        "needsTimeoutPlayer": false,
        "recordTime": "2026-02-19 23:40:59",
        "workzoneId": 0,
        "streamName": "US-412 & Creek S",
        "streamSrc": "https://stream.oktraffic.org/delay-stream/04e4b16d9fd6e419.stream/playlist.m3u8",
        "streamKey": "04e4b16d9fd6e419.stream"
      }
    },
    {
      "type": "Feature",
      "geometry": {
        "type": "Point",
        "coordinates": [
          -95.73171705,
          36.16255354
        ]
      },
      "properties": {
        "id": 1498645367,
        "location": "US-412 & Creek W",
        "poleName": "US-412 & Creek",
        "direction": "W",
        "city": "Tulsa",
        "make": "Axis",
        "model": "P1347",
        "type": "Web",
        "status": "Free",
        "cameraId": 0,
        "port": 6969,
        "videoChannel": 0,
        "urlVar": "axis-media/media.amp?resolution=800x600&camera=2",
        "videoProfile": 1,
        "needsTimeoutPlayer": false,
        "recordTime": "2026-02-19 23:41:00",
        "workzoneId": 0,
        "streamName": "US-412 & Creek W",
        "streamSrc": "https://stream.oktraffic.org/delay-stream/cd1023b886ea36fb.stream/playlist.m3u8",
        "streamKey": "cd1023b886ea36fb.stream"
      }
    },
    {
      "type": "Feature",
      "geometry": {
        "type": "Point",
        "coordinates": [
          -97.499822,
          35.466328
        ]
      },
      "properties": {
        "id": 1338974413,
        "location": "I-235 & Sheridan S",
        "poleName": "I-235 & Sheridan",
        "direction": "S",
        "city": "Oklahoma City",
        "make": "Axis",
        "model": "P1465",
        "type": "Web",
        "status": "Free",
        "cameraId": 0,
        "port": 6969,
        "videoChannel": 0,
        "urlVar": "",
        "videoProfile": -1,
        "needsTimeoutPlayer": false,
        "recordTime": "2026-02-19 23:40:52",
        "workzoneId": 0,
        "streamName": "I-235 & Sheridan S",
        "streamSrc": "https://stream.oktraffic.org/delay-stream/249229fd5cd2ae08.stream/playlist.m3u8",
        "streamKey": "249229fd5cd2ae08.stream"
      }
    },
    {
      "type": "Feature",
      "geometry": {
        "type": "Point",
        "coordinates": [
          -97.499822,
          35.466328
        ]
      },
      "properties": {
        "id": 1338974465,
        "location": "I-235 & Sheridan N",
        "poleName": "I-235 & Sheridan",
        "direction": "N",
        "city": "Oklahoma City",
        "make": "Axis",
        "model": "P1367",
        "type": "Web",
        "status": "Free",
        "cameraId": 0,
        "port": 6969,
        "videoChannel": 0,
        "urlVar": "axis-media/media.amp?resolution=800x600&camera=2",
        "videoProfile": 1,
        "needsTimeoutPlayer": false,
        "recordTime": "2026-02-19 23:40:52",
        "workzoneId": 0,
        "streamName": "I-235 & Sheridan N",
        "streamSrc": "https://stream.oktraffic.org/delay-stream/a19e1e4bff9291b8.stream/playlist.m3u8",
        "streamKey": "a19e1e4bff9291b8.stream"
      }
    },
    {
      "type": "Feature",
      "geometry": {
        "type": "Point",
        "coordinates": [
          -97.50718,
          35.47305
        ]
      },
      "properties": {
        "id": 22,
        "location": "I-235 & 5th N",
        "poleName": "I-235 & N 5th",
        "direction": "N",
        "city": "Oklahoma City",
        "make": "Axis",
        "model": "P1347",
        "type": "Web",
        "status": "Free",
        "cameraId": 0,
        "port": 6969,
        "videoChannel": 0,
        "urlVar": "axis-media/media.amp?resolution=800x600&camera=2",
        "videoProfile": 1,
        "needsTimeoutPlayer": false,
        "recordTime": "2026-02-19 23:40:41",
        "workzoneId": 0,
        "streamName": "I-235 & 5th N",
        "streamSrc": "https://stream.oktraffic.org/delay-stream/d733517342c744fb.stream/playlist.m3u8",
        "streamKey": "d733517342c744fb.stream"
      }
    },
    {
      "type": "Feature",
      "geometry": {
        "type": "Point",
        "coordinates": [
          -97.50718,
          35.47305
        ]
      },
      "properties": {
        "id": 24,
        "location": "I-235 & 5th W",
        "poleName": "I-235 & N 5th",
        "direction": "W",
        "city": "Oklahoma City",
        "make": "Axis",
        "model": "P1347",
        "type": "Web",
        "status": "Free",
        "cameraId": 0,
        "port": 6969,
        "videoChannel": 0,
        "urlVar": "",
        "videoProfile": -1,
        "needsTimeoutPlayer": false,
        "recordTime": "2026-02-19 23:40:41",
        "workzoneId": 0,
        "streamName": "I-235 & 5th W",
        "streamSrc": "https://stream.oktraffic.org/delay-stream/95ec2f74900393a5.stream/playlist.m3u8",
        "streamKey": "95ec2f74900393a5.stream"
      }
    },
    {
      "type": "Feature",
      "geometry": {
        "type": "Point",
        "coordinates": [
          -97.50718,
          35.47305
        ]
      },
      "properties": {
        "id": 1294406354,
        "location": "I-235 & 5th SE",
        "poleName": "I-235 & N 5th",
        "direction": "SE",
        "city": "Oklahoma City",
        "make": "Axis",
        "model": "P1357",
        "type": "Web",
        "status": "Free",
        "cameraId": 0,
        "port": 6969,
        "videoChannel": 0,
        "urlVar": "axis-media/media.amp?resolution=800x600&camera=2",
        "videoProfile": 1,
        "needsTimeoutPlayer": false,
        "recordTime": "2026-02-19 23:40:50",
        "workzoneId": 0,
        "streamName": "I-235 & 5th SE",
        "streamSrc": "https://stream.oktraffic.org/delay-stream/c1d5cc90cb3c0c70.stream/playlist.m3u8",
        "streamKey": "c1d5cc90cb3c0c70.stream"
      }
    },
    {
      "type": "Feature",
      "geometry": {
        "type": "Point",
        "coordinates": [
          -97.35317387,
          36.90651602
        ]
      },
      "properties": {
        "id": 1393399957,
        "location": "I-35 & Chikaskia River N",
        "poleName": "I-35 & Chikaskia River",
        "direction": "N",
        "city": "Blackwell",
        "make": "Axis",
        "model": "P1347",
        "type": "Web",
        "status": "Free",
        "cameraId": 0,
        "port": 6969,
        "videoChannel": 0,
        "urlVar": "axis-media/media.amp?resolution=800x600&camera=2",
        "videoProfile": 1,
        "needsTimeoutPlayer": false,
        "recordTime": "2026-02-19 23:40:54",
        "workzoneId": 0,
        "streamName": "I-35 & Chikaskia River N",
        "streamSrc": "https://stream.oktraffic.org/delay-stream/1233a346d02d4277.stream/playlist.m3u8",
        "streamKey": "1233a346d02d4277.stream"
      }
    },
    {
      "type": "Feature",
      "geometry": {
        "type": "Point",
        "coordinates": [
          -100.00046321,
          35.22669291
        ]
      },
      "properties": {
        "id": 1435756485,
        "location": "I-40 & Texas Line E",
        "poleName": "I-40 & Texas Line",
        "direction": "E",
        "city": "Texola",
        "make": "Axis",
        "model": "P1347",
        "type": "Web",
        "status": "Free",
        "cameraId": 0,
        "port": 6969,
        "videoChannel": 0,
        "urlVar": "axis-media/media.amp?resolution=800x600&camera=2",
        "videoProfile": 1,
        "needsTimeoutPlayer": false,
        "recordTime": "2026-02-19 23:40:54",
        "workzoneId": 0,
        "streamName": "I-40 & Texas Line E",
        "streamSrc": "https://stream.oktraffic.org/delay-stream/5b60bc713e250843.stream/playlist.m3u8",
        "streamKey": "5b60bc713e250843.stream"
      }
    },
    {
      "type": "Feature",
      "geometry": {
        "type": "Point",
        "coordinates": [
          -100.00046321,
          35.22669291
        ]
      },
      "properties": {
        "id": 1567093655,
        "location": "I-40 & Texas Line W",
        "poleName": "I-40 & Texas Line",
        "direction": "W",
        "city": "Texola",
        "make": "Axis",
        "model": "P1347",
        "type": "Web",
        "status": "Free",
        "cameraId": 0,
        "port": 6969,
        "videoChannel": 0,
        "urlVar": "axis-media/media.amp?resolution=800x600&camera=2",
        "videoProfile": 1,
        "needsTimeoutPlayer": false,
        "recordTime": "2026-02-19 23:41:03",
        "workzoneId": 0,
        "streamName": "I-40 & Texas Line W",
        "streamSrc": "https://stream.oktraffic.org/delay-stream/0087515188ff201d.stream/playlist.m3u8",
        "streamKey": "0087515188ff201d.stream"
      }
    },
    {
      "type": "Feature",
      "geometry": {
        "type": "Point",
        "coordinates": [
          -98.456842,
          34.638166
        ]
      },
      "properties": {
        "id": 1379329943,
        "location": "US-62 & 52nd N",
        "poleName": "US-62 & 52nd",
        "direction": "N",
        "city": "Lawton",
        "make": "Axis",
        "model": "P1455",
        "type": "Web",
        "status": "Free",
        "cameraId": 0,
        "port": 6969,
        "videoChannel": 0,
        "urlVar": "axis-media/media.amp?resolution=800x600&camera=2",
        "videoProfile": 1,
        "needsTimeoutPlayer": false,
        "recordTime": "2026-02-19 23:40:54",
        "workzoneId": 0,
        "streamName": "US-62 & 52nd N",
        "streamSrc": "https://stream.oktraffic.org/delay-stream/50d21347a5c6c577.stream/playlist.m3u8",
        "streamKey": "50d21347a5c6c577.stream"
      }
    },
    {
      "type": "Feature",
      "geometry": {
        "type": "Point",
        "coordinates": [
          -98.456842,
          34.638166
        ]
      },
      "properties": {
        "id": 1379329987,
        "location": "US-62 & 52nd W",
        "poleName": "US-62 & 52nd",
        "direction": "W",
        "city": "Lawton",
        "make": "Axis",
        "model": "P1455",
        "type": "Web",
        "status": "Free",
        "cameraId": 0,
        "port": 6969,
        "videoChannel": 0,
        "urlVar": "axis-media/media.amp?resolution=800x600&camera=2",
        "videoProfile": 1,
        "needsTimeoutPlayer": false,
        "recordTime": "2026-02-19 23:40:54",
        "workzoneId": 0,
        "streamName": "US-62 & 52nd W",
        "streamSrc": "https://stream.oktraffic.org/delay-stream/482ca90fed5baa7a.stream/playlist.m3u8",
        "streamKey": "482ca90fed5baa7a.stream"
      }
    },
    {
      "type": "Feature",
      "geometry": {
        "type": "Point",
        "coordinates": [
          -98.456842,
          34.638166
        ]
      },
      "properties": {
        "id": 1633513493,
        "location": "US-62 & 52nd E",
        "poleName": "US-62 & 52nd",
        "direction": "E",
        "city": "Lawton",
        "make": "Axis",
        "model": "P1455",
        "type": "Web",
        "status": "Free",
        "cameraId": 0,
        "port": 6969,
        "videoChannel": 0,
        "urlVar": "axis-media/media.amp?resolution=800x600&camera=2",
        "videoProfile": 1,
        "needsTimeoutPlayer": false,
        "recordTime": "2026-02-19 23:41:09",
        "workzoneId": 0,
        "streamName": "US-62 & 52nd E",
        "streamSrc": "https://stream.oktraffic.org/delay-stream/7e9689f796c66204.stream/playlist.m3u8",
        "streamKey": "7e9689f796c66204.stream"
      }
    },
    {
      "type": "Feature",
      "geometry": {
        "type": "Point",
        "coordinates": [
          -98.421649,
          34.637933
        ]
      },
      "properties": {
        "id": 1379329820,
        "location": "US-62 & Sheridan E",
        "poleName": "US-62 & Sheridan",
        "direction": "E",
        "city": "Lawton",
        "make": "Axis",
        "model": "P1455",
        "type": "Web",
        "status": "Free",
        "cameraId": 0,
        "port": 6969,
        "videoChannel": 0,
        "urlVar": "axis-media/media.amp?resolution=800x600&camera=2",
        "videoProfile": 1,
        "needsTimeoutPlayer": false,
        "recordTime": "2026-02-19 23:40:54",
        "workzoneId": 0,
        "streamName": "US-62 & Sheridan E",
        "streamSrc": "https://stream.oktraffic.org/delay-stream/02d33295ad620ef5.stream/playlist.m3u8",
        "streamKey": "02d33295ad620ef5.stream"
      }
    },
    {
      "type": "Feature",
      "geometry": {
        "type": "Point",
        "coordinates": [
          -98.421649,
          34.637933
        ]
      },
      "properties": {
        "id": 1379329861,
        "location": "US-62 & Sheridan W",
        "poleName": "US-62 & Sheridan",
        "direction": "W",
        "city": "Lawton",
        "make": "Axis",
        "model": "P1455",
        "type": "Web",
        "status": "Free",
        "cameraId": 0,
        "port": 6969,
        "videoChannel": 0,
        "urlVar": "axis-media/media.amp?resolution=800x600&camera=2",
        "videoProfile": 1,
        "needsTimeoutPlayer": false,
        "recordTime": "2026-02-19 23:40:54",
        "workzoneId": 0,
        "streamName": "US-62 & Sheridan W",
        "streamSrc": "https://stream.oktraffic.org/delay-stream/261a96754e79e42f.stream/playlist.m3u8",
        "streamKey": "261a96754e79e42f.stream"
      }
    },
    {
      "type": "Feature",
      "geometry": {
        "type": "Point",
        "coordinates": [
          -98.38234,
          34.660625
        ]
      },
      "properties": {
        "id": 1379327964,
        "location": "I-44 & Sheridan (Key Gate) N",
        "poleName": "I-44 & Sheridan (Key Gate)",
        "direction": "N",
        "city": "Lawton",
        "make": "Axis",
        "model": "P1455",
        "type": "Web",
        "status": "Free",
        "cameraId": 0,
        "port": 6969,
        "videoChannel": 0,
        "urlVar": "axis-media/media.amp?resolution=800x600&camera=2",
        "videoProfile": 1,
        "needsTimeoutPlayer": false,
        "recordTime": "2026-02-19 23:40:53",
        "workzoneId": 0,
        "streamName": "I-44 & Sheridan (Key Gate) N",
        "streamSrc": "https://stream.oktraffic.org/delay-stream/ef65b82ec24cf013.stream/playlist.m3u8",
        "streamKey": "ef65b82ec24cf013.stream"
      }
    },
    {
      "type": "Feature",
      "geometry": {
        "type": "Point",
        "coordinates": [
          -98.38234,
          34.660625
        ]
      },
      "properties": {
        "id": 1379328061,
        "location": "I-44 & Sheridan (Key Gate) S",
        "poleName": "I-44 & Sheridan (Key Gate)",
        "direction": "S",
        "city": "Lawton",
        "make": "Axis",
        "model": "P1455",
        "type": "Web",
        "status": "Free",
        "cameraId": 0,
        "port": 6969,
        "videoChannel": 0,
        "urlVar": "axis-media/media.amp?resolution=800x600&camera=2",
        "videoProfile": 1,
        "needsTimeoutPlayer": false,
        "recordTime": "2026-02-19 23:40:53",
        "workzoneId": 0,
        "streamName": "I-44 & Sheridan (Key Gate) S",
        "streamSrc": "https://stream.oktraffic.org/delay-stream/e3655611074d72e5.stream/playlist.m3u8",
        "streamKey": "e3655611074d72e5.stream"
      }
    },
    {
      "type": "Feature",
      "geometry": {
        "type": "Point",
        "coordinates": [
          -98.38234,
          34.660625
        ]
      },
      "properties": {
        "id": 1379328105,
        "location": "I-44 & Sheridan (Key Gate) E",
        "poleName": "I-44 & Sheridan (Key Gate)",
        "direction": "E",
        "city": "Lawton",
        "make": "Axis",
        "model": "P1455",
        "type": "Web",
        "status": "Free",
        "cameraId": 0,
        "port": 6969,
        "videoChannel": 0,
        "urlVar": "axis-media/media.amp?resolution=800x600&camera=2",
        "videoProfile": 1,
        "needsTimeoutPlayer": false,
        "recordTime": "2026-02-19 23:40:53",
        "workzoneId": 0,
        "streamName": "I-44 & Sheridan (Key Gate) E",
        "streamSrc": "https://stream.oktraffic.org/delay-stream/169ed07001779db5.stream/playlist.m3u8",
        "streamKey": "169ed07001779db5.stream"
      }
    },
    {
      "type": "Feature",
      "geometry": {
        "type": "Point",
        "coordinates": [
          -98.38234,
          34.660625
        ]
      },
      "properties": {
        "id": 1379328878,
        "location": "I-44 & Sheridan (Key Gate) W",
        "poleName": "I-44 & Sheridan (Key Gate)",
        "direction": "W",
        "city": "Lawton",
        "make": "Axis",
        "model": "P1455",
        "type": "Web",
        "status": "Free",
        "cameraId": 0,
        "port": 6969,
        "videoChannel": 0,
        "urlVar": "axis-media/media.amp?resolution=800x600&camera=2",
        "videoProfile": 1,
        "needsTimeoutPlayer": false,
        "recordTime": "2026-02-19 23:40:53",
        "workzoneId": 0,
        "streamName": "I-44 & Sheridan (Key Gate) W",
        "streamSrc": "https://stream.oktraffic.org/delay-stream/aaf24b2be313b72d.stream/playlist.m3u8",
        "streamKey": "aaf24b2be313b72d.stream"
      }
    },
    {
      "type": "Feature",
      "geometry": {
        "type": "Point",
        "coordinates": [
          -95.85207809,
          36.22023407
        ]
      },
      "properties": {
        "id": 1573044104,
        "location": "US-169 & E 46th N N",
        "poleName": "US-169 & E 46th N",
        "direction": "N",
        "city": "Tulsa",
        "make": "Axis",
        "model": "P1357",
        "type": "Web",
        "status": "Free",
        "cameraId": 0,
        "port": 6969,
        "videoChannel": 0,
        "urlVar": "",
        "videoProfile": -1,
        "needsTimeoutPlayer": false,
        "recordTime": "2026-02-19 23:41:04",
        "workzoneId": 0,
        "streamName": "US-169 & E 46th N N",
        "streamSrc": "https://stream.oktraffic.org/delay-stream/5bd5b1c2e945e849.stream/playlist.m3u8",
        "streamKey": "5bd5b1c2e945e849.stream"
      }
    },
    {
      "type": "Feature",
      "geometry": {
        "type": "Point",
        "coordinates": [
          -95.85207809,
          36.22023407
        ]
      },
      "properties": {
        "id": 1573044183,
        "location": "US-169 & E 46th N S",
        "poleName": "US-169 & E 46th N",
        "direction": "S",
        "city": "Tulsa",
        "make": "Axis",
        "model": "P1357",
        "type": "Web",
        "status": "Free",
        "cameraId": 0,
        "port": 6969,
        "videoChannel": 0,
        "urlVar": "axis-media/media.amp?resolution=800x600&camera=2",
        "videoProfile": 1,
        "needsTimeoutPlayer": false,
        "recordTime": "2026-02-19 23:41:04",
        "workzoneId": 0,
        "streamName": "US-169 & E 46th N S",
        "streamSrc": "https://stream.oktraffic.org/delay-stream/f079a2d43f34a850.stream/playlist.m3u8",
        "streamKey": "f079a2d43f34a850.stream"
      }
    },
    {
      "type": "Feature",
      "geometry": {
        "type": "Point",
        "coordinates": [
          -95.85207809,
          36.22023407
        ]
      },
      "properties": {
        "id": 1573044244,
        "location": "US-169 & E 46th N E",
        "poleName": "US-169 & E 46th N",
        "direction": "E",
        "city": "Tulsa",
        "make": "Axis",
        "model": "P1357",
        "type": "Web",
        "status": "Free",
        "cameraId": 0,
        "port": 6969,
        "videoChannel": 0,
        "urlVar": "axis-media/media.amp?resolution=800x600&camera=2",
        "videoProfile": 1,
        "needsTimeoutPlayer": false,
        "recordTime": "2026-02-19 23:41:04",
        "workzoneId": 0,
        "streamName": "US-169 & E 46th N E",
        "streamSrc": "https://stream.oktraffic.org/delay-stream/c305e069fb520498.stream/playlist.m3u8",
        "streamKey": "c305e069fb520498.stream"
      }
    },
    {
      "type": "Feature",
      "geometry": {
        "type": "Point",
        "coordinates": [
          -95.85207809,
          36.22023407
        ]
      },
      "properties": {
        "id": 1573044283,
        "location": "US-169 & E 46th N W",
        "poleName": "US-169 & E 46th N",
        "direction": "W",
        "city": "Tulsa",
        "make": "Axis",
        "model": "P1357",
        "type": "Web",
        "status": "Free",
        "cameraId": 0,
        "port": 6969,
        "videoChannel": 0,
        "urlVar": "axis-media/media.amp?resolution=800x600&camera=2",
        "videoProfile": 1,
        "needsTimeoutPlayer": false,
        "recordTime": "2026-02-19 23:41:04",
        "workzoneId": 0,
        "streamName": "US-169 & E 46th N W",
        "streamSrc": "https://stream.oktraffic.org/delay-stream/95f956734e68c90d.stream/playlist.m3u8",
        "streamKey": "95f956734e68c90d.stream"
      }
    },
    {
      "type": "Feature",
      "geometry": {
        "type": "Point",
        "coordinates": [
          -95.85200701,
          36.20578987
        ]
      },
      "properties": {
        "id": 1554912272,
        "location": "US-169 & E 36th N N",
        "poleName": "US-169 & E 36th N",
        "direction": "N",
        "city": "Tulsa",
        "make": "Axis",
        "model": "P1347",
        "type": "Web",
        "status": "Free",
        "cameraId": 0,
        "port": 6969,
        "videoChannel": 0,
        "urlVar": "axis-media/media.amp?resolution=800x600&camera=2",
        "videoProfile": 1,
        "needsTimeoutPlayer": false,
        "recordTime": "2026-02-19 23:41:03",
        "workzoneId": 0,
        "streamName": "US-169 & E 36th N N",
        "streamSrc": "https://stream.oktraffic.org/delay-stream/9ed6800fdf3b097b.stream/playlist.m3u8",
        "streamKey": "9ed6800fdf3b097b.stream"
      }
    },
    {
      "type": "Feature",
      "geometry": {
        "type": "Point",
        "coordinates": [
          -95.85200701,
          36.20578987
        ]
      },
      "properties": {
        "id": 1554912313,
        "location": "US-169 & E 36th N S",
        "poleName": "US-169 & E 36th N",
        "direction": "S",
        "city": "Tulsa",
        "make": "Axis",
        "model": "P1347",
        "type": "Web",
        "status": "Free",
        "cameraId": 0,
        "port": 6969,
        "videoChannel": 0,
        "urlVar": "axis-media/media.amp?resolution=800x600&camera=2",
        "videoProfile": 1,
        "needsTimeoutPlayer": false,
        "recordTime": "2026-02-19 23:41:03",
        "workzoneId": 0,
        "streamName": "US-169 & E 36th N S",
        "streamSrc": "https://stream.oktraffic.org/delay-stream/01e54bb1a2e0e275.stream/playlist.m3u8",
        "streamKey": "01e54bb1a2e0e275.stream"
      }
    },
    {
      "type": "Feature",
      "geometry": {
        "type": "Point",
        "coordinates": [
          -95.85200701,
          36.20578987
        ]
      },
      "properties": {
        "id": 1554912395,
        "location": "US-169 & E 36th N W",
        "poleName": "US-169 & E 36th N",
        "direction": "W",
        "city": "Tulsa",
        "make": "Axis",
        "model": "P1347",
        "type": "Web",
        "status": "Free",
        "cameraId": 0,
        "port": 6969,
        "videoChannel": 0,
        "urlVar": "",
        "videoProfile": -1,
        "needsTimeoutPlayer": false,
        "recordTime": "2026-02-19 23:41:03",
        "workzoneId": 0,
        "streamName": "US-169 & E 36th N W",
        "streamSrc": "https://stream.oktraffic.org/delay-stream/e302e3928fb7a523.stream/playlist.m3u8",
        "streamKey": "e302e3928fb7a523.stream"
      }
    },
    {
      "type": "Feature",
      "geometry": {
        "type": "Point",
        "coordinates": [
          -95.79721562,
          36.07067354
        ]
      },
      "properties": {
        "id": 1576143894,
        "location": "SH-51 & Elm S",
        "poleName": "SH-51 & Elm",
        "direction": "S",
        "city": "Tulsa",
        "make": "Axis",
        "model": "P1347",
        "type": "Web",
        "status": "Free",
        "cameraId": 0,
        "port": 6969,
        "videoChannel": 0,
        "urlVar": "axis-media/media.amp?resolution=800x600&camera=2",
        "videoProfile": 1,
        "needsTimeoutPlayer": false,
        "recordTime": "2026-02-19 23:41:04",
        "workzoneId": 0,
        "streamName": "SH-51 & Elm S",
        "streamSrc": "https://stream.oktraffic.org/delay-stream/86b69712bf44cccb.stream/playlist.m3u8",
        "streamKey": "86b69712bf44cccb.stream"
      }
    },
    {
      "type": "Feature",
      "geometry": {
        "type": "Point",
        "coordinates": [
          -95.79721562,
          36.07067354
        ]
      },
      "properties": {
        "id": 1576143937,
        "location": "SH-51 & Elm E",
        "poleName": "SH-51 & Elm",
        "direction": "E",
        "city": "Tulsa",
        "make": "Axis",
        "model": "P1347",
        "type": "Web",
        "status": "Free",
        "cameraId": 0,
        "port": 6969,
        "videoChannel": 0,
        "urlVar": "axis-media/media.amp?resolution=800x600&camera=2",
        "videoProfile": 1,
        "needsTimeoutPlayer": false,
        "recordTime": "2026-02-19 23:41:04",
        "workzoneId": 0,
        "streamName": "SH-51 & Elm E",
        "streamSrc": "https://stream.oktraffic.org/delay-stream/84e784f80cb149d2.stream/playlist.m3u8",
        "streamKey": "84e784f80cb149d2.stream"
      }
    },
    {
      "type": "Feature",
      "geometry": {
        "type": "Point",
        "coordinates": [
          -97.501475,
          35.461478
        ]
      },
      "properties": {
        "id": 1170147745,
        "location": "I-40 & OKC Blvd W",
        "poleName": "I-40 & OKC Blvd",
        "direction": "W",
        "city": "Oklahoma City",
        "make": "Axis",
        "model": "P1455",
        "type": "Web",
        "status": "Free",
        "cameraId": 0,
        "port": 6969,
        "videoChannel": 0,
        "urlVar": "axis-media/media.amp?resolution=800x600&camera=2",
        "videoProfile": 1,
        "needsTimeoutPlayer": false,
        "recordTime": "2026-02-19 23:40:49",
        "workzoneId": 0,
        "streamName": "I-40 & OKC Blvd W",
        "streamSrc": "https://stream.oktraffic.org/delay-stream/d6e953428f705aa2.stream/playlist.m3u8",
        "streamKey": "d6e953428f705aa2.stream"
      }
    },
    {
      "type": "Feature",
      "geometry": {
        "type": "Point",
        "coordinates": [
          -97.501475,
          35.461478
        ]
      },
      "properties": {
        "id": 1170147816,
        "location": "I-40 & OKC Blvd E",
        "poleName": "I-40 & OKC Blvd",
        "direction": "E",
        "city": "Oklahoma City",
        "make": "Axis",
        "model": "P1455",
        "type": "Web",
        "status": "Free",
        "cameraId": 0,
        "port": 6969,
        "videoChannel": 0,
        "urlVar": "axis-media/media.amp?resolution=800x600&camera=2",
        "videoProfile": 1,
        "needsTimeoutPlayer": false,
        "recordTime": "2026-02-19 23:40:49",
        "workzoneId": 0,
        "streamName": "I-40 & OKC Blvd E",
        "streamSrc": "https://stream.oktraffic.org/delay-stream/fd8af0adc4e97346.stream/playlist.m3u8",
        "streamKey": "fd8af0adc4e97346.stream"
      }
    },
    {
      "type": "Feature",
      "geometry": {
        "type": "Point",
        "coordinates": [
          -97.501475,
          35.461478
        ]
      },
      "properties": {
        "id": 1338972964,
        "location": "I-40 & OKC Blvd N",
        "poleName": "I-40 & OKC Blvd",
        "direction": "N",
        "city": "Oklahoma City",
        "make": "Axis",
        "model": "P1455",
        "type": "Web",
        "status": "Free",
        "cameraId": 0,
        "port": 6969,
        "videoChannel": 0,
        "urlVar": "axis-media/media.amp?resolution=800x600&camera=2",
        "videoProfile": 1,
        "needsTimeoutPlayer": false,
        "recordTime": "2026-02-19 23:40:51",
        "workzoneId": 0,
        "streamName": "I-40 & OKC Blvd N",
        "streamSrc": "https://stream.oktraffic.org/delay-stream/d815a70e2ae4414b.stream/playlist.m3u8",
        "streamKey": "d815a70e2ae4414b.stream"
      }
    },
    {
      "type": "Feature",
      "geometry": {
        "type": "Point",
        "coordinates": [
          -97.501475,
          35.461478
        ]
      },
      "properties": {
        "id": 1338973029,
        "location": "I-40 & OKC Blvd S",
        "poleName": "I-40 & OKC Blvd",
        "direction": "S",
        "city": "Oklahoma City",
        "make": "Axis",
        "model": "P1455",
        "type": "Web",
        "status": "Free",
        "cameraId": 0,
        "port": 6969,
        "videoChannel": 0,
        "urlVar": "axis-media/media.amp?resolution=800x600&camera=2",
        "videoProfile": 1,
        "needsTimeoutPlayer": false,
        "recordTime": "2026-02-19 23:40:51",
        "workzoneId": 0,
        "streamName": "I-40 & OKC Blvd S",
        "streamSrc": "https://stream.oktraffic.org/delay-stream/9b2d4ba14beb03a3.stream/playlist.m3u8",
        "streamKey": "9b2d4ba14beb03a3.stream"
      }
    },
    {
      "type": "Feature",
      "geometry": {
        "type": "Point",
        "coordinates": [
          -98.389198,
          34.643516
        ]
      },
      "properties": {
        "id": 1379329322,
        "location": "I-44 & Post (Gate 2) S",
        "poleName": "I-44 & Post Rd (Gate 2)",
        "direction": "S",
        "city": "Lawton",
        "make": "Axis",
        "model": "P1455",
        "type": "Web",
        "status": "Free",
        "cameraId": 0,
        "port": 6969,
        "videoChannel": 0,
        "urlVar": "axis-media/media.amp?resolution=800x600&camera=2",
        "videoProfile": 1,
        "needsTimeoutPlayer": false,
        "recordTime": "2026-02-19 23:40:53",
        "workzoneId": 0,
        "streamName": "I-44 & Post (Gate 2) S",
        "streamSrc": "https://stream.oktraffic.org/delay-stream/486e5f7dc6325a55.stream/playlist.m3u8",
        "streamKey": "486e5f7dc6325a55.stream"
      }
    },
    {
      "type": "Feature",
      "geometry": {
        "type": "Point",
        "coordinates": [
          -98.389198,
          34.643516
        ]
      },
      "properties": {
        "id": 1379329378,
        "location": "I-44 & Post (Gate 2) NE",
        "poleName": "I-44 & Post Rd (Gate 2)",
        "direction": "NE",
        "city": "Lawton",
        "make": "Axis",
        "model": "P1455",
        "type": "Web",
        "status": "Free",
        "cameraId": 0,
        "port": 6969,
        "videoChannel": 0,
        "urlVar": "axis-media/media.amp?resolution=800x600&camera=2",
        "videoProfile": 1,
        "needsTimeoutPlayer": false,
        "recordTime": "2026-02-19 23:40:53",
        "workzoneId": 0,
        "streamName": "I-44 & Post (Gate 2) NE",
        "streamSrc": "https://stream.oktraffic.org/delay-stream/9ff8e3182f950615.stream/playlist.m3u8",
        "streamKey": "9ff8e3182f950615.stream"
      }
    },
    {
      "type": "Feature",
      "geometry": {
        "type": "Point",
        "coordinates": [
          -97.46968,
          35.601159
        ]
      },
      "properties": {
        "id": 1595350279,
        "location": "Kilpatrick Tpk & Eastern W",
        "poleName": "Kilpatrick Tpk & Eastern",
        "direction": "W",
        "city": "Oklahoma City",
        "make": "Axis",
        "model": "P1367",
        "type": "Web",
        "status": "Free",
        "cameraId": 0,
        "port": 6969,
        "videoChannel": 0,
        "urlVar": "axis-media/media.amp?resolution=800x600&camera=2",
        "videoProfile": 1,
        "needsTimeoutPlayer": false,
        "recordTime": "2026-02-19 23:41:04",
        "workzoneId": 0,
        "streamName": "Kilpatrick Tpk & Eastern W",
        "streamSrc": "https://stream.oktraffic.org/delay-stream/3d498b0340e9b9c5.stream/playlist.m3u8",
        "streamKey": "3d498b0340e9b9c5.stream"
      }
    },
    {
      "type": "Feature",
      "geometry": {
        "type": "Point",
        "coordinates": [
          -97.57730381,
          35.37111421
        ]
      },
      "properties": {
        "id": 1597231543,
        "location": "I-44 & S 96th N",
        "poleName": "I-44 & S 96th",
        "direction": "N",
        "city": "Oklahoma City",
        "make": "Axis",
        "model": "P1367",
        "type": "Web",
        "status": "Free",
        "cameraId": 0,
        "port": 6969,
        "videoChannel": 0,
        "urlVar": "axis-media/media.amp?camera=2",
        "videoProfile": 1,
        "needsTimeoutPlayer": false,
        "recordTime": "2026-02-19 23:41:04",
        "workzoneId": 0,
        "streamName": "I-44 & S 96th N",
        "streamSrc": "https://stream.oktraffic.org/delay-stream/b2b8112fe2d2bf77.stream/playlist.m3u8",
        "streamKey": "b2b8112fe2d2bf77.stream"
      }
    },
    {
      "type": "Feature",
      "geometry": {
        "type": "Point",
        "coordinates": [
          -97.57730381,
          35.37111421
        ]
      },
      "properties": {
        "id": 1597306665,
        "location": "I-44 & S 96th S",
        "poleName": "I-44 & S 96th",
        "direction": "S",
        "city": "Oklahoma City",
        "make": "Axis",
        "model": "P1465",
        "type": "Web",
        "status": "Free",
        "cameraId": 0,
        "port": 6969,
        "videoChannel": 0,
        "urlVar": "axis-media/media.amp?camera=2",
        "videoProfile": 1,
        "needsTimeoutPlayer": false,
        "recordTime": "2026-02-19 23:41:05",
        "workzoneId": 0,
        "streamName": "I-44 & S 96th S",
        "streamSrc": "https://stream.oktraffic.org/delay-stream/13627e01ff7610de.stream/playlist.m3u8",
        "streamKey": "13627e01ff7610de.stream"
      }
    },
    {
      "type": "Feature",
      "geometry": {
        "type": "Point",
        "coordinates": [
          -97.40374545,
          35.60343357
        ]
      },
      "properties": {
        "id": 1597304907,
        "location": "Turner Tpk & OKC E",
        "poleName": "Turner Tpk & OKC",
        "direction": "E",
        "city": "Oklahoma City",
        "make": "Axis",
        "model": "P1367",
        "type": "Web",
        "status": "Free",
        "cameraId": 0,
        "port": 6969,
        "videoChannel": 0,
        "urlVar": "axis-media/media.amp?resolution=800x600&camera=2",
        "videoProfile": 1,
        "needsTimeoutPlayer": false,
        "recordTime": "2026-02-19 23:41:04",
        "workzoneId": 0,
        "streamName": "Turner Tpk & OKC E",
        "streamSrc": "https://stream.oktraffic.org/delay-stream/abeeefbebde8016e.stream/playlist.m3u8",
        "streamKey": "abeeefbebde8016e.stream"
      }
    },
    {
      "type": "Feature",
      "geometry": {
        "type": "Point",
        "coordinates": [
          -97.40374545,
          35.60343357
        ]
      },
      "properties": {
        "id": 1597306620,
        "location": "Turner Tpk & OKC W",
        "poleName": "Turner Tpk & OKC",
        "direction": "W",
        "city": "Oklahoma City",
        "make": "Axis",
        "model": "P1367",
        "type": "Web",
        "status": "Free",
        "cameraId": 0,
        "port": 6969,
        "videoChannel": 0,
        "urlVar": "axis-media/media.amp?resolution=800x600&camera=2",
        "videoProfile": 1,
        "needsTimeoutPlayer": false,
        "recordTime": "2026-02-19 23:41:05",
        "workzoneId": 0,
        "streamName": "Turner Tpk & OKC W",
        "streamSrc": "https://stream.oktraffic.org/delay-stream/20154b60da38a64b.stream/playlist.m3u8",
        "streamKey": "20154b60da38a64b.stream"
      }
    },
    {
      "type": "Feature",
      "geometry": {
        "type": "Point",
        "coordinates": [
          -97.34556735,
          36.98480598
        ]
      },
      "properties": {
        "id": 1597320721,
        "location": "I-35 & Kansas S",
        "poleName": "I-35 and Kansas",
        "direction": "S",
        "city": "Braman",
        "make": "Axis",
        "model": "P1347",
        "type": "Web",
        "status": "Free",
        "cameraId": 0,
        "port": 6969,
        "videoChannel": 0,
        "urlVar": "axis-media/media.amp?resolution=800x600&camera=2",
        "videoProfile": 1,
        "needsTimeoutPlayer": false,
        "recordTime": "2026-02-19 23:41:05",
        "workzoneId": 0,
        "streamName": "I-35 & Kansas S",
        "streamSrc": "https://stream.oktraffic.org/delay-stream/4e281f2a087063ef.stream/playlist.m3u8",
        "streamKey": "4e281f2a087063ef.stream"
      }
    },
    {
      "type": "Feature",
      "geometry": {
        "type": "Point",
        "coordinates": [
          -97.2131,
          35.3845
        ]
      },
      "properties": {
        "id": 1644404483,
        "location": "I-40 & Peebly W",
        "poleName": "I-40 & Peebly",
        "direction": "W",
        "city": "Oklahoma City",
        "make": "Axis",
        "model": "P1347",
        "type": "Web",
        "status": "Free",
        "cameraId": 0,
        "port": 6969,
        "videoChannel": 0,
        "urlVar": "axis-media/media.amp?resolution=800x600&camera=2",
        "videoProfile": 1,
        "needsTimeoutPlayer": false,
        "recordTime": "2026-02-19 23:41:10",
        "workzoneId": 0,
        "streamName": "I-40 & Peebly W",
        "streamSrc": "https://stream.oktraffic.org/delay-stream/6c068753c42245d4.stream/playlist.m3u8",
        "streamKey": "6c068753c42245d4.stream"
      }
    },
    {
      "type": "Feature",
      "geometry": {
        "type": "Point",
        "coordinates": [
          -97.2131,
          35.3845
        ]
      },
      "properties": {
        "id": 1644404533,
        "location": "I-40 & Peebly E",
        "poleName": "I-40 & Peebly",
        "direction": "E",
        "city": "Oklahoma City",
        "make": "Axis",
        "model": "P1455",
        "type": "Web",
        "status": "Free",
        "cameraId": 0,
        "port": 6969,
        "videoChannel": 0,
        "urlVar": "axis-media/media.amp?resolution=800x600&camera=2",
        "videoProfile": 1,
        "needsTimeoutPlayer": false,
        "recordTime": "2026-02-19 23:41:10",
        "workzoneId": 0,
        "streamName": "I-40 & Peebly E",
        "streamSrc": "https://stream.oktraffic.org/delay-stream/57eda98c5c26adea.stream/playlist.m3u8",
        "streamKey": "57eda98c5c26adea.stream"
      }
    },
    {
      "type": "Feature",
      "geometry": {
        "type": "Point",
        "coordinates": [
          -94.47723945,
          35.43725613
        ]
      },
      "properties": {
        "id": 1649757317,
        "location": "Sequoyah POE SW",
        "poleName": "Sequoyah POE",
        "direction": "SW",
        "city": "POE",
        "make": "Axis",
        "model": "P1455",
        "type": "Web",
        "status": "Free",
        "cameraId": 0,
        "port": 6969,
        "videoChannel": 0,
        "urlVar": "axis-media/media.amp?resolution=800x600&camera=2",
        "videoProfile": 1,
        "needsTimeoutPlayer": false,
        "recordTime": "2026-02-19 23:41:10",
        "workzoneId": 0,
        "streamName": "Sequoyah POE SW",
        "streamSrc": "https://stream.oktraffic.org/delay-stream/a2c337abdd538643.stream/playlist.m3u8",
        "streamKey": "a2c337abdd538643.stream"
      }
    },
    {
      "type": "Feature",
      "geometry": {
        "type": "Point",
        "coordinates": [
          -97.3466751,
          36.98286482
        ]
      },
      "properties": {
        "id": 1741371899268,
        "location": "Kay POE N Entry",
        "poleName": "Kay POE",
        "direction": "N",
        "city": "Kay",
        "make": "Axis",
        "model": "P1357",
        "type": "Web",
        "status": "Free",
        "cameraId": 0,
        "port": 6969,
        "videoChannel": 0,
        "urlVar": "axis-media/media.amp?resolution=800x600&camera=2",
        "videoProfile": 1,
        "needsTimeoutPlayer": false,
        "recordTime": "2026-02-19 23:41:18",
        "workzoneId": 0,
        "streamName": "Kay POE N Entry",
        "streamSrc": "https://stream.oktraffic.org/delay-stream/fb6f19b0323ad18f.stream/playlist.m3u8",
        "streamKey": "fb6f19b0323ad18f.stream"
      }
    },
    {
      "type": "Feature",
      "geometry": {
        "type": "Point",
        "coordinates": [
          -97.4239,
          35.6525
        ]
      },
      "properties": {
        "id": 1355413563,
        "location": "I-35 & 2nd St S",
        "poleName": "I-35 & 2nd",
        "direction": "S",
        "city": "Edmond",
        "make": "Axis",
        "model": "P1465",
        "type": "Web",
        "status": "Free",
        "cameraId": 0,
        "port": 6969,
        "videoChannel": 0,
        "urlVar": "axis-media/media.amp?camera=2",
        "videoProfile": 1,
        "needsTimeoutPlayer": false,
        "recordTime": "2026-02-19 23:40:53",
        "workzoneId": 0,
        "streamName": "I-35 & 2nd St S",
        "streamSrc": "https://stream.oktraffic.org/delay-stream/9da0455653b9dc23.stream/playlist.m3u8",
        "streamKey": "9da0455653b9dc23.stream"
      }
    },
    {
      "type": "Feature",
      "geometry": {
        "type": "Point",
        "coordinates": [
          -97.4239,
          35.6525
        ]
      },
      "properties": {
        "id": 1355413621,
        "location": "I-35 & 2nd St W",
        "poleName": "I-35 & 2nd",
        "direction": "W",
        "city": "Edmond",
        "make": "Axis",
        "model": "P1465",
        "type": "Web",
        "status": "Free",
        "cameraId": 0,
        "port": 6969,
        "videoChannel": 0,
        "urlVar": "axis-media/media.amp?camera=2",
        "videoProfile": 1,
        "needsTimeoutPlayer": false,
        "recordTime": "2026-02-19 23:40:53",
        "workzoneId": 0,
        "streamName": "I-35 & 2nd St W",
        "streamSrc": "https://stream.oktraffic.org/delay-stream/6b39eb44c0091b97.stream/playlist.m3u8",
        "streamKey": "6b39eb44c0091b97.stream"
      }
    },
    {
      "type": "Feature",
      "geometry": {
        "type": "Point",
        "coordinates": [
          -97.4239,
          35.6525
        ]
      },
      "properties": {
        "id": 1742846988052,
        "location": "I-35 & 2nd St E",
        "poleName": "I-35 & 2nd",
        "direction": "E",
        "city": "Oklahoma City",
        "make": "Axis",
        "model": "P1465",
        "type": "Web",
        "status": "Free",
        "cameraId": 0,
        "port": 6969,
        "videoChannel": 0,
        "urlVar": "axis-media/media.amp?camera=2",
        "videoProfile": 1,
        "needsTimeoutPlayer": false,
        "recordTime": "2026-02-19 23:41:18",
        "workzoneId": 0,
        "streamName": "I-35 & 2nd St E",
        "streamSrc": "https://stream.oktraffic.org/delay-stream/51c86bdafa3b248a.stream/playlist.m3u8",
        "streamKey": "51c86bdafa3b248a.stream"
      }
    },
    {
      "type": "Feature",
      "geometry": {
        "type": "Point",
        "coordinates": [
          -96.0481768,
          36.0892
        ]
      },
      "properties": {
        "id": 1670361321087,
        "location": "Gilcrease & S49thW E",
        "poleName": "Gilcrease & S 49th W",
        "direction": "E",
        "city": "Tulsa",
        "make": "Axis",
        "model": "P1377",
        "type": "Web",
        "status": "Free",
        "cameraId": 0,
        "port": 6969,
        "videoChannel": 0,
        "urlVar": "axis-media/media.amp?resolution=800x600&camera=2",
        "videoProfile": 1,
        "needsTimeoutPlayer": false,
        "recordTime": "2026-02-19 23:41:11",
        "workzoneId": 0,
        "streamName": "Gilcrease & S49thW E",
        "streamSrc": "https://stream.oktraffic.org/delay-stream/a99c4781f146d2ef.stream/playlist.m3u8",
        "streamKey": "a99c4781f146d2ef.stream"
      }
    },
    {
      "type": "Feature",
      "geometry": {
        "type": "Point",
        "coordinates": [
          -96.0481768,
          36.0892
        ]
      },
      "properties": {
        "id": 1670362250012,
        "location": "Gilcrease & S49thW W",
        "poleName": "Gilcrease & S 49th W",
        "direction": "W",
        "city": "Tulsa",
        "make": "Axis",
        "model": "P1377",
        "type": "Web",
        "status": "Free",
        "cameraId": 0,
        "port": 6969,
        "videoChannel": 0,
        "urlVar": "axis-media/media.amp?resolution=800x600&camera=2",
        "videoProfile": 1,
        "needsTimeoutPlayer": false,
        "recordTime": "2026-02-19 23:41:11",
        "workzoneId": 0,
        "streamName": "Gilcrease & S49thW W",
        "streamSrc": "https://stream.oktraffic.org/delay-stream/65bea518cc4dbaad.stream/playlist.m3u8",
        "streamKey": "65bea518cc4dbaad.stream"
      }
    },
    {
      "type": "Feature",
      "geometry": {
        "type": "Point",
        "coordinates": [
          -96.05729,
          36.152465
        ]
      },
      "properties": {
        "id": 1670365709842,
        "location": "Gilcrease & W 2nd S",
        "poleName": "Gilcrease & W 2nd",
        "direction": "S",
        "city": "Tulsa",
        "make": "Axis",
        "model": "P1377",
        "type": "Web",
        "status": "Free",
        "cameraId": 0,
        "port": 6969,
        "videoChannel": 0,
        "urlVar": "axis-media/media.amp?resolution=800x600&camera=2",
        "videoProfile": 1,
        "needsTimeoutPlayer": false,
        "recordTime": "2026-02-19 23:41:11",
        "workzoneId": 0,
        "streamName": "Gilcrease & W 2nd S",
        "streamSrc": "https://stream.oktraffic.org/delay-stream/5fb9119d14303642.stream/playlist.m3u8",
        "streamKey": "5fb9119d14303642.stream"
      }
    },
    {
      "type": "Feature",
      "geometry": {
        "type": "Point",
        "coordinates": [
          -96.05729,
          36.152465
        ]
      },
      "properties": {
        "id": 1670366287423,
        "location": "Gilcrease & W 2nd N",
        "poleName": "Gilcrease & W 2nd",
        "direction": "N",
        "city": "Tulsa",
        "make": "Axis",
        "model": "P1377",
        "type": "Web",
        "status": "Free",
        "cameraId": 0,
        "port": 6969,
        "videoChannel": 0,
        "urlVar": "axis-media/media.amp?resolution=800x600&camera=2",
        "videoProfile": 1,
        "needsTimeoutPlayer": false,
        "recordTime": "2026-02-19 23:41:11",
        "workzoneId": 0,
        "streamName": "Gilcrease & W 2nd N",
        "streamSrc": "https://stream.oktraffic.org/delay-stream/7360bc56d7548df9.stream/playlist.m3u8",
        "streamKey": "7360bc56d7548df9.stream"
      }
    },
    {
      "type": "Feature",
      "geometry": {
        "type": "Point",
        "coordinates": [
          -96.08847,
          36.02908
        ]
      },
      "properties": {
        "id": 1759949086440,
        "location": "Turner Tpk & Creek Tpk N",
        "poleName": "Turner Tpk & Creek Tpk",
        "direction": "N",
        "city": "Tulsa",
        "make": "Axis",
        "model": "P1455",
        "type": "Web",
        "status": "Free",
        "cameraId": 0,
        "port": 6969,
        "videoChannel": 0,
        "urlVar": "0",
        "videoProfile": 1,
        "needsTimeoutPlayer": false,
        "recordTime": "2026-02-19 23:41:23",
        "workzoneId": 0,
        "streamName": "Turner Tpk & Creek Tpk N",
        "streamSrc": "https://stream.oktraffic.org/delay-stream/18e2b0c3a931865f.stream/playlist.m3u8",
        "streamKey": "18e2b0c3a931865f.stream"
      }
    },
    {
      "type": "Feature",
      "geometry": {
        "type": "Point",
        "coordinates": [
          -96.08847,
          36.02908
        ]
      },
      "properties": {
        "id": 1759949813989,
        "location": "Turner Tpk & Creek Tpk E",
        "poleName": "Turner Tpk & Creek Tpk",
        "direction": "E",
        "city": "Tulsa",
        "make": "Axis",
        "model": "P1455",
        "type": "Web",
        "status": "Free",
        "cameraId": 0,
        "port": 6969,
        "videoChannel": 0,
        "urlVar": "0",
        "videoProfile": 1,
        "needsTimeoutPlayer": false,
        "recordTime": "2026-02-19 23:41:23",
        "workzoneId": 0,
        "streamName": "Turner Tpk & Creek Tpk E",
        "streamSrc": "https://stream.oktraffic.org/delay-stream/bc76426a08318c1c.stream/playlist.m3u8",
        "streamKey": "bc76426a08318c1c.stream"
      }
    },
    {
      "type": "Feature",
      "geometry": {
        "type": "Point",
        "coordinates": [
          -96.08847,
          36.02908
        ]
      },
      "properties": {
        "id": 1759949975658,
        "location": "Turner Tpk & Creek Tpk W",
        "poleName": "Turner Tpk & Creek Tpk",
        "direction": "W",
        "city": "Tulsa",
        "make": "Axis",
        "model": "P1455",
        "type": "Web",
        "status": "Free",
        "cameraId": 0,
        "port": 6969,
        "videoChannel": 0,
        "urlVar": "0",
        "videoProfile": 1,
        "needsTimeoutPlayer": false,
        "recordTime": "2026-02-19 23:41:23",
        "workzoneId": 0,
        "streamName": "Turner Tpk & Creek Tpk W",
        "streamSrc": "https://stream.oktraffic.org/delay-stream/539cd82f562d72f3.stream/playlist.m3u8",
        "streamKey": "539cd82f562d72f3.stream"
      }
    },
    {
      "type": "Feature",
      "geometry": {
        "type": "Point",
        "coordinates": [
          -96.01004,
          36.00889
        ]
      },
      "properties": {
        "id": 1737055339625,
        "location": "Creek Tpk & US-75 W",
        "poleName": "Creek Tpk & US-75",
        "direction": "W",
        "city": "Tulsa",
        "make": "Axis",
        "model": "P1455",
        "type": "Web",
        "status": "Free",
        "cameraId": 0,
        "port": 6969,
        "videoChannel": 0,
        "urlVar": "axis-media/media.amp?resolution=800x600&camera=2",
        "videoProfile": 1,
        "needsTimeoutPlayer": false,
        "recordTime": "2026-02-19 23:41:17",
        "workzoneId": 0,
        "streamName": "Creek Tpk & US-75 W",
        "streamSrc": "https://stream.oktraffic.org/delay-stream/13881592a092530a.stream/playlist.m3u8",
        "streamKey": "13881592a092530a.stream"
      }
    },
    {
      "type": "Feature",
      "geometry": {
        "type": "Point",
        "coordinates": [
          -96.01004,
          36.00889
        ]
      },
      "properties": {
        "id": 1737055705126,
        "location": "Creek Tpk & US-75 S",
        "poleName": "Creek Tpk & US-75",
        "direction": "S",
        "city": "Tulsa",
        "make": "Axis",
        "model": "P1455",
        "type": "Web",
        "status": "Free",
        "cameraId": 0,
        "port": 6969,
        "videoChannel": 0,
        "urlVar": "axis-media/media.amp?resolution=800x600&camera=2",
        "videoProfile": 1,
        "needsTimeoutPlayer": false,
        "recordTime": "2026-02-19 23:41:17",
        "workzoneId": 0,
        "streamName": "Creek Tpk & US-75 S",
        "streamSrc": "https://stream.oktraffic.org/delay-stream/fc5d187bd88049e6.stream/playlist.m3u8",
        "streamKey": "fc5d187bd88049e6.stream"
      }
    },
    {
      "type": "Feature",
      "geometry": {
        "type": "Point",
        "coordinates": [
          -96.01004,
          36.00889
        ]
      },
      "properties": {
        "id": 1737056103627,
        "location": "Creek Tpk & US-75 E",
        "poleName": "Creek Tpk & US-75",
        "direction": "E",
        "city": "Tulsa",
        "make": "Axis",
        "model": "P1455",
        "type": "Web",
        "status": "Free",
        "cameraId": 0,
        "port": 6969,
        "videoChannel": 0,
        "urlVar": "axis-media/media.amp?resolution=800x600&camera=2",
        "videoProfile": 1,
        "needsTimeoutPlayer": false,
        "recordTime": "2026-02-19 23:41:17",
        "workzoneId": 0,
        "streamName": "Creek Tpk & US-75 E",
        "streamSrc": "https://stream.oktraffic.org/delay-stream/b448e77b4de66534.stream/playlist.m3u8",
        "streamKey": "b448e77b4de66534.stream"
      }
    },
    {
      "type": "Feature",
      "geometry": {
        "type": "Point",
        "coordinates": [
          -95.88693,
          36.02506
        ]
      },
      "properties": {
        "id": 1737056817562,
        "location": "Creek Tpk & Memorial N",
        "poleName": "Creek & Memorial",
        "direction": "N",
        "city": "Tulsa",
        "make": "Axis",
        "model": "P1455",
        "type": "Web",
        "status": "Free",
        "cameraId": 0,
        "port": 6969,
        "videoChannel": 0,
        "urlVar": "axis-media/media.amp?resolution=800x600&camera=2",
        "videoProfile": 1,
        "needsTimeoutPlayer": false,
        "recordTime": "2026-02-19 23:41:17",
        "workzoneId": 0,
        "streamName": "Creek Tpk & Memorial N",
        "streamSrc": "https://stream.oktraffic.org/delay-stream/6ff367473af21c3c.stream/playlist.m3u8",
        "streamKey": "6ff367473af21c3c.stream"
      }
    },
    {
      "type": "Feature",
      "geometry": {
        "type": "Point",
        "coordinates": [
          -95.88693,
          36.02506
        ]
      },
      "properties": {
        "id": 1737057261668,
        "location": "Creek Tpk & Memorial SE",
        "poleName": "Creek & Memorial",
        "direction": "SE",
        "city": "Tulsa",
        "make": "Axis",
        "model": "P1455",
        "type": "Web",
        "status": "Free",
        "cameraId": 0,
        "port": 6969,
        "videoChannel": 0,
        "urlVar": "axis-media/media.amp?resolution=800x600&camera=2",
        "videoProfile": 1,
        "needsTimeoutPlayer": false,
        "recordTime": "2026-02-19 23:41:17",
        "workzoneId": 0,
        "streamName": "Creek Tpk & Memorial SE",
        "streamSrc": "https://stream.oktraffic.org/delay-stream/4a0a62152f5e554e.stream/playlist.m3u8",
        "streamKey": "4a0a62152f5e554e.stream"
      }
    },
    {
      "type": "Feature",
      "geometry": {
        "type": "Point",
        "coordinates": [
          -95.88693,
          36.02506
        ]
      },
      "properties": {
        "id": 1737057639525,
        "location": "Creek Tpk & Memorial E",
        "poleName": "Creek & Memorial",
        "direction": "E",
        "city": "Tulsa",
        "make": "Axis",
        "model": "P1455",
        "type": "Web",
        "status": "Free",
        "cameraId": 0,
        "port": 6969,
        "videoChannel": 0,
        "urlVar": "axis-media/media.amp?resolution=800x600&camera=2",
        "videoProfile": 1,
        "needsTimeoutPlayer": false,
        "recordTime": "2026-02-19 23:41:17",
        "workzoneId": 0,
        "streamName": "Creek Tpk & Memorial E",
        "streamSrc": "https://stream.oktraffic.org/delay-stream/c538c4efb64002a4.stream/playlist.m3u8",
        "streamKey": "c538c4efb64002a4.stream"
      }
    },
    {
      "type": "Feature",
      "geometry": {
        "type": "Point",
        "coordinates": [
          -95.86871,
          36.026125
        ]
      },
      "properties": {
        "id": 1737058057457,
        "location": "Creek Tpk & Mingo W",
        "poleName": "Creek Tpk & Mingo",
        "direction": "W",
        "city": "Tulsa",
        "make": "Axis",
        "model": "P1455",
        "type": "Web",
        "status": "Free",
        "cameraId": 0,
        "port": 6969,
        "videoChannel": 0,
        "urlVar": "axis-media/media.amp?resolution=800x600&camera=2",
        "videoProfile": 1,
        "needsTimeoutPlayer": false,
        "recordTime": "2026-02-19 23:41:17",
        "workzoneId": 0,
        "streamName": "Creek Tpk & Mingo W",
        "streamSrc": "https://stream.oktraffic.org/delay-stream/8c63f183b6dbe5f7.stream/playlist.m3u8",
        "streamKey": "8c63f183b6dbe5f7.stream"
      }
    },
    {
      "type": "Feature",
      "geometry": {
        "type": "Point",
        "coordinates": [
          -95.86871,
          36.026125
        ]
      },
      "properties": {
        "id": 1737058408539,
        "location": "Creek Tpk & Mingo E",
        "poleName": "Creek Tpk & Mingo",
        "direction": "E",
        "city": "Tulsa",
        "make": "Axis",
        "model": "P1455",
        "type": "Web",
        "status": "Free",
        "cameraId": 0,
        "port": 6969,
        "videoChannel": 0,
        "urlVar": "axis-media/media.amp?resolution=800x600&camera=2",
        "videoProfile": 1,
        "needsTimeoutPlayer": false,
        "recordTime": "2026-02-19 23:41:17",
        "workzoneId": 0,
        "streamName": "Creek Tpk & Mingo E",
        "streamSrc": "https://stream.oktraffic.org/delay-stream/09698063927707cc.stream/playlist.m3u8",
        "streamKey": "09698063927707cc.stream"
      }
    },
    {
      "type": "Feature",
      "geometry": {
        "type": "Point",
        "coordinates": [
          -95.86871,
          36.026125
        ]
      },
      "properties": {
        "id": 1737059141555,
        "location": "Creek Tpk & Mingo N",
        "poleName": "Creek Tpk & Mingo",
        "direction": "N",
        "city": "Tulsa",
        "make": "Axis",
        "model": "P1455",
        "type": "Web",
        "status": "Free",
        "cameraId": 0,
        "port": 6969,
        "videoChannel": 0,
        "urlVar": "axis-media/media.amp?resolution=800x600&camera=2",
        "videoProfile": 1,
        "needsTimeoutPlayer": false,
        "recordTime": "2026-02-19 23:41:17",
        "workzoneId": 0,
        "streamName": "Creek Tpk & Mingo N",
        "streamSrc": "https://stream.oktraffic.org/delay-stream/321de63722b16e21.stream/playlist.m3u8",
        "streamKey": "321de63722b16e21.stream"
      }
    },
    {
      "type": "Feature",
      "geometry": {
        "type": "Point",
        "coordinates": [
          -95.73895,
          36.04688
        ]
      },
      "properties": {
        "id": 1742929007010,
        "location": "Creek Tpk & Muskogee Tpk S",
        "poleName": "Creek Tpk & Muskogee Tpk",
        "direction": "S",
        "city": "Tulsa",
        "make": "Axis",
        "model": "P1455",
        "type": "Web",
        "status": "Free",
        "cameraId": 0,
        "port": 6969,
        "videoChannel": 0,
        "urlVar": "axis-media/media.amp?resolution=800x600&camera=2",
        "videoProfile": 1,
        "needsTimeoutPlayer": false,
        "recordTime": "2026-02-19 23:41:18",
        "workzoneId": 0,
        "streamName": "Creek Tpk & Muskogee Tpk S",
        "streamSrc": "https://stream.oktraffic.org/delay-stream/90c1219c3bdfd331.stream/playlist.m3u8",
        "streamKey": "90c1219c3bdfd331.stream"
      }
    },
    {
      "type": "Feature",
      "geometry": {
        "type": "Point",
        "coordinates": [
          -95.73895,
          36.04688
        ]
      },
      "properties": {
        "id": 1742929175309,
        "location": "Creek Tpk & Muskogee Tpk SE",
        "poleName": "Creek Tpk & Muskogee Tpk",
        "direction": "SE",
        "city": "Tulsa",
        "make": "Axis",
        "model": "P1455",
        "type": "Web",
        "status": "Free",
        "cameraId": 0,
        "port": 6969,
        "videoChannel": 0,
        "urlVar": "axis-media/media.amp?resolution=800x600&camera=2",
        "videoProfile": 1,
        "needsTimeoutPlayer": false,
        "recordTime": "2026-02-19 23:41:18",
        "workzoneId": 0,
        "streamName": "Creek Tpk & Muskogee Tpk SE",
        "streamSrc": "https://stream.oktraffic.org/delay-stream/353f4ee77724e6a4.stream/playlist.m3u8",
        "streamKey": "353f4ee77724e6a4.stream"
      }
    },
    {
      "type": "Feature",
      "geometry": {
        "type": "Point",
        "coordinates": [
          -95.73895,
          36.04688
        ]
      },
      "properties": {
        "id": 1742929349957,
        "location": "Creek Tpk & Muskogee Tpk NW",
        "poleName": "Creek Tpk & Muskogee Tpk",
        "direction": "NW",
        "city": "Tulsa",
        "make": "Axis",
        "model": "P1455",
        "type": "Web",
        "status": "Free",
        "cameraId": 0,
        "port": 6969,
        "videoChannel": 0,
        "urlVar": "axis-media/media.amp?resolution=800x600&camera=2",
        "videoProfile": 1,
        "needsTimeoutPlayer": false,
        "recordTime": "2026-02-19 23:41:18",
        "workzoneId": 0,
        "streamName": "Creek Tpk & Muskogee Tpk NW",
        "streamSrc": "https://stream.oktraffic.org/delay-stream/673d55b901304408.stream/playlist.m3u8",
        "streamKey": "673d55b901304408.stream"
      }
    },
    {
      "type": "Feature",
      "geometry": {
        "type": "Point",
        "coordinates": [
          -97.42766,
          35.601362
        ]
      },
      "properties": {
        "id": 1742828314845,
        "location": "I-35 & JKT S",
        "poleName": "I-35 & JKT",
        "direction": "S",
        "city": "Oklahoma City",
        "make": "Axis",
        "model": "P1455",
        "type": "Web",
        "status": "Free",
        "cameraId": 0,
        "port": 6969,
        "videoChannel": 0,
        "urlVar": "axis-media/media.amp?camera=2",
        "videoProfile": 1,
        "needsTimeoutPlayer": false,
        "recordTime": "2026-02-19 23:41:18",
        "workzoneId": 0,
        "streamName": "I-35 & JKT S",
        "streamSrc": "https://stream.oktraffic.org/delay-stream/053f106b7606ab7c.stream/playlist.m3u8",
        "streamKey": "053f106b7606ab7c.stream"
      }
    },
    {
      "type": "Feature",
      "geometry": {
        "type": "Point",
        "coordinates": [
          -97.42766,
          35.601362
        ]
      },
      "properties": {
        "id": 1742828544701,
        "location": "I-35 & JKT E",
        "poleName": "I-35 & JKT",
        "direction": "E",
        "city": "Oklahoma City",
        "make": "Axis",
        "model": "P1455",
        "type": "Web",
        "status": "Free",
        "cameraId": 0,
        "port": 6969,
        "videoChannel": 0,
        "urlVar": "axis-media/media.amp?camera=2",
        "videoProfile": 1,
        "needsTimeoutPlayer": false,
        "recordTime": "2026-02-19 23:41:18",
        "workzoneId": 0,
        "streamName": "I-35 & JKT E",
        "streamSrc": "https://stream.oktraffic.org/delay-stream/ae9e780cf26aeb2e.stream/playlist.m3u8",
        "streamKey": "ae9e780cf26aeb2e.stream"
      }
    },
    {
      "type": "Feature",
      "geometry": {
        "type": "Point",
        "coordinates": [
          -97.711942,
          35.463214
        ]
      },
      "properties": {
        "id": 1738685237970,
        "location": "I-40 & JKT S",
        "poleName": "I-40 & JKT",
        "direction": "S",
        "city": "Oklahoma City",
        "make": "Axis",
        "model": "P1455",
        "type": "Web",
        "status": "Free",
        "cameraId": 0,
        "port": 6969,
        "videoChannel": 0,
        "urlVar": "axis-media/media.amp?resolution=800x600&camera=2",
        "videoProfile": 1,
        "needsTimeoutPlayer": false,
        "recordTime": "2026-02-19 23:41:17",
        "workzoneId": 0,
        "streamName": "I-40 & JKT S",
        "streamSrc": "https://stream.oktraffic.org/delay-stream/94e602e632a30d42.stream/playlist.m3u8",
        "streamKey": "94e602e632a30d42.stream"
      }
    },
    {
      "type": "Feature",
      "geometry": {
        "type": "Point",
        "coordinates": [
          -97.711942,
          35.463214
        ]
      },
      "properties": {
        "id": 1738685443509,
        "location": "I-40 & JKT E",
        "poleName": "I-40 & JKT",
        "direction": "E",
        "city": "Oklahoma City",
        "make": "Axis",
        "model": "P1455",
        "type": "Web",
        "status": "Free",
        "cameraId": 0,
        "port": 6969,
        "videoChannel": 0,
        "urlVar": "axis-media/media.amp?resolution=800x600&camera=2",
        "videoProfile": 1,
        "needsTimeoutPlayer": false,
        "recordTime": "2026-02-19 23:41:17",
        "workzoneId": 0,
        "streamName": "I-40 & JKT E",
        "streamSrc": "https://stream.oktraffic.org/delay-stream/55cdf292bda0023d.stream/playlist.m3u8",
        "streamKey": "55cdf292bda0023d.stream"
      }
    },
    {
      "type": "Feature",
      "geometry": {
        "type": "Point",
        "coordinates": [
          -97.711942,
          35.463214
        ]
      },
      "properties": {
        "id": 1738685700888,
        "location": "I-40 & JKT W",
        "poleName": "I-40 & JKT",
        "direction": "W",
        "city": "Oklahoma City",
        "make": "Axis",
        "model": "P1455",
        "type": "Web",
        "status": "Free",
        "cameraId": 0,
        "port": 6969,
        "videoChannel": 0,
        "urlVar": "axis-media/media.amp?camera=2",
        "videoProfile": 1,
        "needsTimeoutPlayer": false,
        "recordTime": "2026-02-19 23:41:18",
        "workzoneId": 0,
        "streamName": "I-40 & JKT W",
        "streamSrc": "https://stream.oktraffic.org/delay-stream/1ac2c02fa348ffb2.stream/playlist.m3u8",
        "streamKey": "1ac2c02fa348ffb2.stream"
      }
    },
    {
      "type": "Feature",
      "geometry": {
        "type": "Point",
        "coordinates": [
          -97.711942,
          35.463214
        ]
      },
      "properties": {
        "id": 1738685846292,
        "location": "I-40 & JKT N",
        "poleName": "I-40 & JKT",
        "direction": "N",
        "city": "Oklahoma City",
        "make": "Axis",
        "model": "P1455",
        "type": "Web",
        "status": "Free",
        "cameraId": 0,
        "port": 6969,
        "videoChannel": 0,
        "urlVar": "axis-media/media.amp?camera=2",
        "videoProfile": 1,
        "needsTimeoutPlayer": false,
        "recordTime": "2026-02-19 23:41:18",
        "workzoneId": 0,
        "streamName": "I-40 & JKT N",
        "streamSrc": "https://stream.oktraffic.org/delay-stream/ebad1fdd5ddbb042.stream/playlist.m3u8",
        "streamKey": "ebad1fdd5ddbb042.stream"
      }
    },
    {
      "type": "Feature",
      "geometry": {
        "type": "Point",
        "coordinates": [
          -97.503086,
          35.5998
        ]
      },
      "properties": {
        "id": 1724697923152,
        "location": "JKT & US-77 S",
        "poleName": "JKT & US-77",
        "direction": "S",
        "city": "Oklahoma City",
        "make": "Axis",
        "model": "P1455",
        "type": "Web",
        "status": "Free",
        "cameraId": 0,
        "port": 6969,
        "videoChannel": 0,
        "urlVar": "axis-media/media.amp?camera=2",
        "videoProfile": 1,
        "needsTimeoutPlayer": false,
        "recordTime": "2026-02-19 23:41:14",
        "workzoneId": 0,
        "streamName": "JKT & US-77 S",
        "streamSrc": "https://stream.oktraffic.org/delay-stream/f77290fd6db0f065.stream/playlist.m3u8",
        "streamKey": "f77290fd6db0f065.stream"
      }
    },
    {
      "type": "Feature",
      "geometry": {
        "type": "Point",
        "coordinates": [
          -97.503086,
          35.5998
        ]
      },
      "properties": {
        "id": 1724698231138,
        "location": "JKT & US-77 N",
        "poleName": "JKT & US-77",
        "direction": "N",
        "city": "Oklahoma City",
        "make": "Axis",
        "model": "P1455",
        "type": "Web",
        "status": "Free",
        "cameraId": 0,
        "port": 6969,
        "videoChannel": 0,
        "urlVar": "axis-media/media.amp?camera=2",
        "videoProfile": 1,
        "needsTimeoutPlayer": false,
        "recordTime": "2026-02-19 23:41:14",
        "workzoneId": 0,
        "streamName": "JKT & US-77 N",
        "streamSrc": "https://stream.oktraffic.org/delay-stream/a0a7ddb903c3bf89.stream/playlist.m3u8",
        "streamKey": "a0a7ddb903c3bf89.stream"
      }
    },
    {
      "type": "Feature",
      "geometry": {
        "type": "Point",
        "coordinates": [
          -97.503086,
          35.5998
        ]
      },
      "properties": {
        "id": 1724698443096,
        "location": "JKT & US-77 W",
        "poleName": "JKT & US-77",
        "direction": "W",
        "city": "Oklahoma City",
        "make": "Axis",
        "model": "P1455",
        "type": "Web",
        "status": "Free",
        "cameraId": 0,
        "port": 6969,
        "videoChannel": 0,
        "urlVar": "axis-media/media.amp?camera=2",
        "videoProfile": 1,
        "needsTimeoutPlayer": false,
        "recordTime": "2026-02-19 23:41:14",
        "workzoneId": 0,
        "streamName": "JKT & US-77 W",
        "streamSrc": "https://stream.oktraffic.org/delay-stream/d381bee10642048c.stream/playlist.m3u8",
        "streamKey": "d381bee10642048c.stream"
      }
    },
    {
      "type": "Feature",
      "geometry": {
        "type": "Point",
        "coordinates": [
          -97.503086,
          35.5998
        ]
      },
      "properties": {
        "id": 1724698614323,
        "location": "JKT & US-77 E",
        "poleName": "JKT & US-77",
        "direction": "E",
        "city": "Oklahoma City",
        "make": "Axis",
        "model": "P1455",
        "type": "Web",
        "status": "Free",
        "cameraId": 0,
        "port": 6969,
        "videoChannel": 0,
        "urlVar": "axis-media/media.amp?camera=2",
        "videoProfile": 1,
        "needsTimeoutPlayer": false,
        "recordTime": "2026-02-19 23:41:14",
        "workzoneId": 0,
        "streamName": "JKT & US-77 E",
        "streamSrc": "https://stream.oktraffic.org/delay-stream/53b102ef04608451.stream/playlist.m3u8",
        "streamKey": "53b102ef04608451.stream"
      }
    },
    {
      "type": "Feature",
      "geometry": {
        "type": "Point",
        "coordinates": [
          -97.65653,
          35.41371
        ]
      },
      "properties": {
        "id": 1727101621705,
        "location": "JKT & SH-152 W",
        "poleName": "JKT & SH-152",
        "direction": "W",
        "city": "Oklahoma City",
        "make": "Axis",
        "model": "P1455",
        "type": "Web",
        "status": "Free",
        "cameraId": 0,
        "port": 6969,
        "videoChannel": 0,
        "urlVar": "axis-media/media.amp?camera=2",
        "videoProfile": 1,
        "needsTimeoutPlayer": false,
        "recordTime": "2026-02-19 23:41:15",
        "workzoneId": 0,
        "streamName": "JKT & SH-152 W",
        "streamSrc": "https://stream.oktraffic.org/delay-stream/bd67bf89f28f14c7.stream/playlist.m3u8",
        "streamKey": "bd67bf89f28f14c7.stream"
      }
    },
    {
      "type": "Feature",
      "geometry": {
        "type": "Point",
        "coordinates": [
          -97.65653,
          35.41371
        ]
      },
      "properties": {
        "id": 1727101772058,
        "location": "JKT & SH-152 E",
        "poleName": "JKT & SH-152",
        "direction": "E",
        "city": "Oklahoma City",
        "make": "Axis",
        "model": "P1455",
        "type": "Web",
        "status": "Free",
        "cameraId": 0,
        "port": 6969,
        "videoChannel": 0,
        "urlVar": "axis-media/media.amp?camera=2",
        "videoProfile": 1,
        "needsTimeoutPlayer": false,
        "recordTime": "2026-02-19 23:41:16",
        "workzoneId": 0,
        "streamName": "JKT & SH-152 E",
        "streamSrc": "https://stream.oktraffic.org/delay-stream/482c3edadb40c0dd.stream/playlist.m3u8",
        "streamKey": "482c3edadb40c0dd.stream"
      }
    },
    {
      "type": "Feature",
      "geometry": {
        "type": "Point",
        "coordinates": [
          -95.83708,
          34.83621
        ]
      },
      "properties": {
        "id": 1690894724543,
        "location": "US-69 & C Tree NE",
        "poleName": "US-69 & C Tree",
        "direction": "NE",
        "city": "McAlester",
        "make": "Axis",
        "model": "P1455",
        "type": "Web",
        "status": "Free",
        "cameraId": 0,
        "port": 6969,
        "videoChannel": 0,
        "urlVar": "0",
        "videoProfile": 1,
        "needsTimeoutPlayer": false,
        "recordTime": "2026-02-19 23:41:12",
        "workzoneId": 0,
        "streamName": "US-69 & C Tree NE",
        "streamSrc": "https://stream.oktraffic.org/delay-stream/944077a3aeed0098.stream/playlist.m3u8",
        "streamKey": "944077a3aeed0098.stream"
      }
    },
    {
      "type": "Feature",
      "geometry": {
        "type": "Point",
        "coordinates": [
          -97.424852,
          35.630175
        ]
      },
      "properties": {
        "id": 1695257256853,
        "location": "I-35 & S 25th S",
        "poleName": "I-35 & S 25th",
        "direction": "S",
        "city": "Edmond",
        "make": "Axis",
        "model": "P1455",
        "type": "Web",
        "status": "Free",
        "cameraId": 0,
        "port": 6969,
        "videoChannel": 0,
        "urlVar": "axis-media/media.amp?resolution=800x600&camera=2",
        "videoProfile": 1,
        "needsTimeoutPlayer": false,
        "recordTime": "2026-02-19 23:41:13",
        "workzoneId": 0,
        "streamName": "I-35 & S 25th S",
        "streamSrc": "https://stream.oktraffic.org/delay-stream/f57f0ee4df94824f.stream/playlist.m3u8",
        "streamKey": "f57f0ee4df94824f.stream"
      }
    },
    {
      "type": "Feature",
      "geometry": {
        "type": "Point",
        "coordinates": [
          -97.424852,
          35.630175
        ]
      },
      "properties": {
        "id": 1753715463981,
        "location": "I-35 & S 25th N",
        "poleName": "I-35 & S 25th",
        "direction": "N",
        "city": "Edmond",
        "make": "Axis",
        "model": "P1455",
        "type": "Web",
        "status": "Free",
        "cameraId": 0,
        "port": 6969,
        "videoChannel": 0,
        "urlVar": "axis-media/media.amp?resolution=800x600&camera=2",
        "videoProfile": 1,
        "needsTimeoutPlayer": false,
        "recordTime": "2026-02-19 23:41:20",
        "workzoneId": 0,
        "streamName": "I-35 & S 25th N",
        "streamSrc": "https://stream.oktraffic.org/delay-stream/5f35ef89431342f9.stream/playlist.m3u8",
        "streamKey": "5f35ef89431342f9.stream"
      }
    },
    {
      "type": "Feature",
      "geometry": {
        "type": "Point",
        "coordinates": [
          -97.291437,
          35.40392
        ]
      },
      "properties": {
        "id": 1768226404773,
        "location": "I-40 & I-240 NW",
        "poleName": "I-40 & I-240",
        "direction": "NW",
        "city": "OKC",
        "make": "Axis",
        "model": "P1455",
        "type": "Web",
        "status": "Free",
        "cameraId": 0,
        "port": 6968,
        "videoChannel": -1,
        "urlVar": "axis-media/media.amp?resolution=800x600&camera=2",
        "videoProfile": 1,
        "needsTimeoutPlayer": false,
        "recordTime": "2026-02-19 23:41:24",
        "workzoneId": 0,
        "streamName": "I-40 & I-240 NW",
        "streamSrc": "https://stream.oktraffic.org/delay-stream/d097758463d74f5f.stream/playlist.m3u8",
        "streamKey": "d097758463d74f5f.stream"
      }
    },
    {
      "type": "Feature",
      "geometry": {
        "type": "Point",
        "coordinates": [
          -97.291437,
          35.40392
        ]
      },
      "properties": {
        "id": 1768226494589,
        "location": "I-40 & I-240 SE",
        "poleName": "I-40 & I-240",
        "direction": "SE",
        "city": "OKC",
        "make": "Axis",
        "model": "P1455",
        "type": "Web",
        "status": "Free",
        "cameraId": 0,
        "port": 6969,
        "videoChannel": -1,
        "urlVar": "axis-media/media.amp?resolution=800x600&camera=2",
        "videoProfile": 1,
        "needsTimeoutPlayer": false,
        "recordTime": "2026-02-19 23:41:24",
        "workzoneId": 0,
        "streamName": "I-40 & I-240 SE",
        "streamSrc": "https://stream.oktraffic.org/delay-stream/d4fcb03a1e04fef7.stream/playlist.m3u8",
        "streamKey": "d4fcb03a1e04fef7.stream"
      }
    },
    {
      "type": "Feature",
      "geometry": {
        "type": "Point",
        "coordinates": [
          -97.291437,
          35.40392
        ]
      },
      "properties": {
        "id": 1768226561353,
        "location": "I-40 & I-240 W",
        "poleName": "I-40 & I-240",
        "direction": "W",
        "city": "OKC",
        "make": "Axis",
        "model": "P1455",
        "type": "Web",
        "status": "Free",
        "cameraId": 0,
        "port": 6969,
        "videoChannel": -1,
        "urlVar": "axis-media/media.amp?resolution=800x600&camera=2",
        "videoProfile": 1,
        "needsTimeoutPlayer": false,
        "recordTime": "2026-02-19 23:41:25",
        "workzoneId": 0,
        "streamName": "I-40 & I-240 W",
        "streamSrc": "https://stream.oktraffic.org/delay-stream/9f364dd8a9665be1.stream/playlist.m3u8",
        "streamKey": "9f364dd8a9665be1.stream"
      }
    },
    {
      "type": "Feature",
      "geometry": {
        "type": "Point",
        "coordinates": [
          -97.19289,
          35.38382
        ]
      },
      "properties": {
        "id": 1743079385590,
        "location": "I-40 & Kickapoo",
        "poleName": "I-40 & Kickapoo",
        "direction": "N",
        "city": "Oklahoma City",
        "make": "Axis",
        "model": "P1465",
        "type": "Web",
        "status": "Free",
        "cameraId": 0,
        "port": 6969,
        "videoChannel": 0,
        "urlVar": "axis-media/media.amp?resolution=800x600&camera=2",
        "videoProfile": 1,
        "needsTimeoutPlayer": false,
        "recordTime": "2026-02-19 23:41:19",
        "workzoneId": 0,
        "streamName": "I-40 & Kickapoo",
        "streamSrc": "https://stream.oktraffic.org/delay-stream/14a30fcb1eb79a84.stream/playlist.m3u8",
        "streamKey": "14a30fcb1eb79a84.stream"
      }
    },
    {
      "type": "Feature",
      "geometry": {
        "type": "Point",
        "coordinates": [
          -97.19289,
          35.38382
        ]
      },
      "properties": {
        "id": 1743079612273,
        "location": "I-40 & Kickapoo",
        "poleName": "I-40 & Kickapoo",
        "direction": "E",
        "city": "Oklahoma City",
        "make": "Axis",
        "model": "P1465",
        "type": "Web",
        "status": "Free",
        "cameraId": 0,
        "port": 6969,
        "videoChannel": 0,
        "urlVar": "axis-media/media.amp?resolution=800x600&camera=2",
        "videoProfile": 1,
        "needsTimeoutPlayer": false,
        "recordTime": "2026-02-19 23:41:19",
        "workzoneId": 0,
        "streamName": "I-40 & Kickapoo",
        "streamSrc": "https://stream.oktraffic.org/delay-stream/6120729068651eee.stream/playlist.m3u8",
        "streamKey": "6120729068651eee.stream"
      }
    },
    {
      "type": "Feature",
      "geometry": {
        "type": "Point",
        "coordinates": [
          -97.19289,
          35.38382
        ]
      },
      "properties": {
        "id": 1743079689612,
        "location": "I-40 & Kickapoo",
        "poleName": "I-40 & Kickapoo",
        "direction": "W",
        "city": "Oklahoma City",
        "make": "Axis",
        "model": "P1465",
        "type": "Web",
        "status": "Free",
        "cameraId": 0,
        "port": 6969,
        "videoChannel": 0,
        "urlVar": "axis-media/media.amp?resolution=800x600&camera=2",
        "videoProfile": 1,
        "needsTimeoutPlayer": false,
        "recordTime": "2026-02-19 23:41:19",
        "workzoneId": 0,
        "streamName": "I-40 & Kickapoo",
        "streamSrc": "https://stream.oktraffic.org/delay-stream/a3c8f0bb8f07d0bf.stream/playlist.m3u8",
        "streamKey": "a3c8f0bb8f07d0bf.stream"
      }
    },
    {
      "type": "Feature",
      "geometry": {
        "type": "Point",
        "coordinates": [
          -97.48076,
          35.19785
        ]
      },
      "properties": {
        "id": 1755095952983,
        "location": "I-35 & SH-9 E N",
        "poleName": "I-35 & SH-9 E",
        "direction": "N",
        "city": "Norman",
        "make": "Axis",
        "model": "P1465",
        "type": "Web",
        "status": "Free",
        "cameraId": 0,
        "port": 4090,
        "videoChannel": 0,
        "urlVar": "0",
        "videoProfile": -1,
        "needsTimeoutPlayer": true,
        "recordTime": "2026-02-19 23:41:21",
        "workzoneId": 0,
        "streamName": "I-35 & SH-9 E N",
        "streamSrc": "https://stream.oktraffic.org/delay-stream/09917a22e277ba7e.stream/playlist.m3u8",
        "streamKey": "09917a22e277ba7e.stream"
      }
    },
    {
      "type": "Feature",
      "geometry": {
        "type": "Point",
        "coordinates": [
          -97.48076,
          35.19785
        ]
      },
      "properties": {
        "id": 1755115581607,
        "location": "I-35 & SH-9 E E",
        "poleName": "I-35 & SH-9 E",
        "direction": "E",
        "city": "Norman",
        "make": "Axis",
        "model": "P1455",
        "type": "Web",
        "status": "Free",
        "cameraId": 0,
        "port": 4092,
        "videoChannel": 0,
        "urlVar": "0",
        "videoProfile": -1,
        "needsTimeoutPlayer": true,
        "recordTime": "2026-02-19 23:41:21",
        "workzoneId": 0,
        "streamName": "I-35 & SH-9 E E",
        "streamSrc": "https://stream.oktraffic.org/delay-stream/38f3d40808cd1c71.stream/playlist.m3u8",
        "streamKey": "38f3d40808cd1c71.stream"
      }
    },
    {
      "type": "Feature",
      "geometry": {
        "type": "Point",
        "coordinates": [
          -97.48076,
          35.19785
        ]
      },
      "properties": {
        "id": 1755115775699,
        "location": "I-35 & SH-9 E S",
        "poleName": "I-35 & SH-9 E",
        "direction": "S",
        "city": "Norman",
        "make": "Axis",
        "model": "P1465",
        "type": "Web",
        "status": "Free",
        "cameraId": 0,
        "port": 4091,
        "videoChannel": 0,
        "urlVar": "0",
        "videoProfile": -1,
        "needsTimeoutPlayer": true,
        "recordTime": "2026-02-19 23:41:21",
        "workzoneId": 0,
        "streamName": "I-35 & SH-9 E S",
        "streamSrc": "https://stream.oktraffic.org/delay-stream/79968760cced1dd9.stream/playlist.m3u8",
        "streamKey": "79968760cced1dd9.stream"
      }
    },
    {
      "type": "Feature",
      "geometry": {
        "type": "Point",
        "coordinates": [
          -97.49215,
          35.1803
        ]
      },
      "properties": {
        "id": 1758810845485,
        "location": "I-35 & SH-9 W N",
        "poleName": "I-35 & SH-9 W",
        "direction": "N",
        "city": "Norman",
        "make": "Axis",
        "model": "P1455",
        "type": "Web",
        "status": "Free",
        "cameraId": 0,
        "port": 6969,
        "videoChannel": 0,
        "urlVar": "0",
        "videoProfile": -1,
        "needsTimeoutPlayer": true,
        "recordTime": "2026-02-19 23:41:23",
        "workzoneId": 0,
        "streamName": "I-35 & SH-9 W N",
        "streamSrc": "https://stream.oktraffic.org/delay-stream/b4d0a6735d22a22b.stream/playlist.m3u8",
        "streamKey": "b4d0a6735d22a22b.stream"
      }
    },
    {
      "type": "Feature",
      "geometry": {
        "type": "Point",
        "coordinates": [
          -97.49215,
          35.1803
        ]
      },
      "properties": {
        "id": 1758811178556,
        "location": "I-35 & SH-9 W S",
        "poleName": "I-35 & SH-9 W",
        "direction": "S",
        "city": "Norman",
        "make": "Axis",
        "model": "P1455",
        "type": "Web",
        "status": "Free",
        "cameraId": 0,
        "port": 6969,
        "videoChannel": 0,
        "urlVar": "0",
        "videoProfile": -1,
        "needsTimeoutPlayer": true,
        "recordTime": "2026-02-19 23:41:23",
        "workzoneId": 0,
        "streamName": "I-35 & SH-9 W S",
        "streamSrc": "https://stream.oktraffic.org/delay-stream/fb44088662056f7d.stream/playlist.m3u8",
        "streamKey": "fb44088662056f7d.stream"
      }
    },
    {
      "type": "Feature",
      "geometry": {
        "type": "Point",
        "coordinates": [
          -97.49215,
          35.1803
        ]
      },
      "properties": {
        "id": 1758811323034,
        "location": "I-35 & SH-9 W W",
        "poleName": "I-35 & SH-9 W",
        "direction": "W",
        "city": "Norman`",
        "make": "Axis",
        "model": "P1455",
        "type": "Web",
        "status": "Free",
        "cameraId": 0,
        "port": 6969,
        "videoChannel": 0,
        "urlVar": "0",
        "videoProfile": -1,
        "needsTimeoutPlayer": true,
        "recordTime": "2026-02-19 23:41:23",
        "workzoneId": 0,
        "streamName": "I-35 & SH-9 W W",
        "streamSrc": "https://stream.oktraffic.org/delay-stream/a2ca34453996086f.stream/playlist.m3u8",
        "streamKey": "a2ca34453996086f.stream"
      }
    },
    {
      "type": "Feature",
      "geometry": {
        "type": "Point",
        "coordinates": [
          -97.4854,
          35.27893
        ]
      },
      "properties": {
        "id": 1758725494201,
        "location": "I-35 & Franklin N",
        "poleName": "I-35 & Franklin",
        "direction": "N",
        "city": "Norman",
        "make": "Axis",
        "model": "P1455",
        "type": "Web",
        "status": "Free",
        "cameraId": 0,
        "port": 6969,
        "videoChannel": 0,
        "urlVar": "0",
        "videoProfile": -1,
        "needsTimeoutPlayer": true,
        "recordTime": "2026-02-19 23:41:22",
        "workzoneId": 0,
        "streamName": "I-35 & Franklin N",
        "streamSrc": "https://stream.oktraffic.org/delay-stream/5e803ce9fea2247d.stream/playlist.m3u8",
        "streamKey": "5e803ce9fea2247d.stream"
      }
    },
    {
      "type": "Feature",
      "geometry": {
        "type": "Point",
        "coordinates": [
          -97.4854,
          35.27893
        ]
      },
      "properties": {
        "id": 1758743969367,
        "location": "I-35 & Franklin S",
        "poleName": "I-35 & Franklin",
        "direction": "S",
        "city": "Norman",
        "make": "Axis",
        "model": "P1455",
        "type": "Web",
        "status": "Free",
        "cameraId": 0,
        "port": 6969,
        "videoChannel": 0,
        "urlVar": "0",
        "videoProfile": -1,
        "needsTimeoutPlayer": true,
        "recordTime": "2026-02-19 23:41:22",
        "workzoneId": 0,
        "streamName": "I-35 & Franklin S",
        "streamSrc": "https://stream.oktraffic.org/delay-stream/bdcf15967a0694b2.stream/playlist.m3u8",
        "streamKey": "bdcf15967a0694b2.stream"
      }
    },
    {
      "type": "Feature",
      "geometry": {
        "type": "Point",
        "coordinates": [
          -97.4859,
          35.23327
        ]
      },
      "properties": {
        "id": 1758740786705,
        "location": "I-35 & Robinson N",
        "poleName": "I-35 & Robinson",
        "direction": "N",
        "city": "Norman",
        "make": "Axis",
        "model": "P1455",
        "type": "Web",
        "status": "Free",
        "cameraId": 0,
        "port": 6969,
        "videoChannel": 0,
        "urlVar": "0",
        "videoProfile": -1,
        "needsTimeoutPlayer": true,
        "recordTime": "2026-02-19 23:41:22",
        "workzoneId": 0,
        "streamName": "I-35 & Robinson N",
        "streamSrc": "https://stream.oktraffic.org/delay-stream/10fcaf1ed7b30b71.stream/playlist.m3u8",
        "streamKey": "10fcaf1ed7b30b71.stream"
      }
    },
    {
      "type": "Feature",
      "geometry": {
        "type": "Point",
        "coordinates": [
          -97.4859,
          35.23327
        ]
      },
      "properties": {
        "id": 1758741513880,
        "location": "I-35 & Robinson S",
        "poleName": "I-35 & Robinson",
        "direction": "S",
        "city": "Norman",
        "make": "Axis",
        "model": "P1455",
        "type": "Web",
        "status": "Free",
        "cameraId": 0,
        "port": 6969,
        "videoChannel": 0,
        "urlVar": "0",
        "videoProfile": -1,
        "needsTimeoutPlayer": true,
        "recordTime": "2026-02-19 23:41:22",
        "workzoneId": 0,
        "streamName": "I-35 & Robinson S",
        "streamSrc": "https://stream.oktraffic.org/delay-stream/ef5d0c4a30accd88.stream/playlist.m3u8",
        "streamKey": "ef5d0c4a30accd88.stream"
      }
    },
    {
      "type": "Feature",
      "geometry": {
        "type": "Point",
        "coordinates": [
          -97.4859,
          35.23327
        ]
      },
      "properties": {
        "id": 1758743313003,
        "location": "I-35 & Robinson E",
        "poleName": "I-35 & Robinson",
        "direction": "E",
        "city": "Norman",
        "make": "Axis",
        "model": "P1455",
        "type": "Web",
        "status": "Free",
        "cameraId": 0,
        "port": 6969,
        "videoChannel": 0,
        "urlVar": "0",
        "videoProfile": -1,
        "needsTimeoutPlayer": true,
        "recordTime": "2026-02-19 23:41:22",
        "workzoneId": 0,
        "streamName": "I-35 & Robinson E",
        "streamSrc": "https://stream.oktraffic.org/delay-stream/55dfd6409628dc9c.stream/playlist.m3u8",
        "streamKey": "55dfd6409628dc9c.stream"
      }
    },
    {
      "type": "Feature",
      "geometry": {
        "type": "Point",
        "coordinates": [
          -97.4859,
          35.23327
        ]
      },
      "properties": {
        "id": 1758743511925,
        "location": "I-35 & Robinson W",
        "poleName": "I-35 & Robinson",
        "direction": "W",
        "city": "Norman",
        "make": "Axis",
        "model": "P1455",
        "type": "Web",
        "status": "Free",
        "cameraId": 0,
        "port": 6969,
        "videoChannel": 0,
        "urlVar": "0",
        "videoProfile": -1,
        "needsTimeoutPlayer": true,
        "recordTime": "2026-02-19 23:41:22",
        "workzoneId": 0,
        "streamName": "I-35 & Robinson W",
        "streamSrc": "https://stream.oktraffic.org/delay-stream/bf1b55723739b2e4.stream/playlist.m3u8",
        "streamKey": "bf1b55723739b2e4.stream"
      }
    },
    {
      "type": "Feature",
      "geometry": {
        "type": "Point",
        "coordinates": [
          -97.48492,
          35.2626
        ]
      },
      "properties": {
        "id": 1758824531347,
        "location": "I-35 & Tecumseh N",
        "poleName": "I-35 & Tecumseh",
        "direction": "N",
        "city": "Norman",
        "make": "Axis",
        "model": "P1455",
        "type": "Web",
        "status": "Free",
        "cameraId": 0,
        "port": 4090,
        "videoChannel": 0,
        "urlVar": "0",
        "videoProfile": -1,
        "needsTimeoutPlayer": true,
        "recordTime": "2026-02-19 23:41:23",
        "workzoneId": 0,
        "streamName": "I-35 & Tecumseh N",
        "streamSrc": "https://stream.oktraffic.org/delay-stream/5d7df4a6314ceda9.stream/playlist.m3u8",
        "streamKey": "5d7df4a6314ceda9.stream"
      }
    },
    {
      "type": "Feature",
      "geometry": {
        "type": "Point",
        "coordinates": [
          -97.48492,
          35.2626
        ]
      },
      "properties": {
        "id": 1758824696713,
        "location": "I-35 & Tecumseh E",
        "poleName": "I-35 & Tecumseh",
        "direction": "E",
        "city": "Norman",
        "make": "Axis",
        "model": "P1465",
        "type": "Web",
        "status": "Free",
        "cameraId": 0,
        "port": 4091,
        "videoChannel": 0,
        "urlVar": "0",
        "videoProfile": -1,
        "needsTimeoutPlayer": true,
        "recordTime": "2026-02-19 23:41:23",
        "workzoneId": 0,
        "streamName": "I-35 & Tecumseh E",
        "streamSrc": "https://stream.oktraffic.org/delay-stream/af966eeda993d872.stream/playlist.m3u8",
        "streamKey": "af966eeda993d872.stream"
      }
    },
    {
      "type": "Feature",
      "geometry": {
        "type": "Point",
        "coordinates": [
          -97.48492,
          35.2626
        ]
      },
      "properties": {
        "id": 1758824770029,
        "location": "I-35 & Tecumseh S",
        "poleName": "I-35 & Tecumseh",
        "direction": "S",
        "city": "Norman",
        "make": "Axis",
        "model": "P1465",
        "type": "Web",
        "status": "Free",
        "cameraId": 0,
        "port": 6969,
        "videoChannel": 0,
        "urlVar": "0",
        "videoProfile": -1,
        "needsTimeoutPlayer": true,
        "recordTime": "2026-02-19 23:41:23",
        "workzoneId": 0,
        "streamName": "I-35 & Tecumseh S",
        "streamSrc": "https://stream.oktraffic.org/delay-stream/255b44b41b7c70b2.stream/playlist.m3u8",
        "streamKey": "255b44b41b7c70b2.stream"
      }
    },
    {
      "type": "Feature",
      "geometry": {
        "type": "Point",
        "coordinates": [
          -97.48492,
          35.2626
        ]
      },
      "properties": {
        "id": 1758824880226,
        "location": "I-35 & Tecumseh W",
        "poleName": "I-35 & Tecumseh",
        "direction": "W",
        "city": "Norman",
        "make": "Axis",
        "model": "P1455",
        "type": "Web",
        "status": "Free",
        "cameraId": 0,
        "port": 6969,
        "videoChannel": 0,
        "urlVar": "0",
        "videoProfile": -1,
        "needsTimeoutPlayer": true,
        "recordTime": "2026-02-19 23:41:23",
        "workzoneId": 0,
        "streamName": "I-35 & Tecumseh W",
        "streamSrc": "https://stream.oktraffic.org/delay-stream/d692d53c7d61921c.stream/playlist.m3u8",
        "streamKey": "d692d53c7d61921c.stream"
      }
    },
    {
      "type": "Feature",
      "geometry": {
        "type": "Point",
        "coordinates": [
          -97.37154,
          35.38885
        ]
      },
      "properties": {
        "id": 1712010103555,
        "location": "I-240 & Douglas N",
        "poleName": "I-240 & Douglas",
        "direction": "N",
        "city": "Oklahoma City",
        "make": "Axis",
        "model": "P1465",
        "type": "Web",
        "status": "Free",
        "cameraId": 0,
        "port": 6969,
        "videoChannel": 0,
        "urlVar": "0",
        "videoProfile": -1,
        "needsTimeoutPlayer": true,
        "recordTime": "2026-02-19 23:41:14",
        "workzoneId": 0,
        "streamName": "I-240 & Douglas N",
        "streamSrc": "https://stream.oktraffic.org/delay-stream/cb16a3163167e284.stream/playlist.m3u8",
        "streamKey": "cb16a3163167e284.stream"
      }
    },
    {
      "type": "Feature",
      "geometry": {
        "type": "Point",
        "coordinates": [
          -97.37154,
          35.38885
        ]
      },
      "properties": {
        "id": 1758827272127,
        "location": "I-240 & Douglas E",
        "poleName": "I-240 & Douglas",
        "direction": "E",
        "city": "Oklahoma City",
        "make": "Axis",
        "model": "P1465",
        "type": "Web",
        "status": "Free",
        "cameraId": 0,
        "port": 6969,
        "videoChannel": 0,
        "urlVar": "0",
        "videoProfile": -1,
        "needsTimeoutPlayer": true,
        "recordTime": "2026-02-19 23:41:23",
        "workzoneId": 0,
        "streamName": "I-240 & Douglas E",
        "streamSrc": "https://stream.oktraffic.org/delay-stream/3d7d01d27c017649.stream/playlist.m3u8",
        "streamKey": "3d7d01d27c017649.stream"
      }
    },
    {
      "type": "Feature",
      "geometry": {
        "type": "Point",
        "coordinates": [
          -97.37154,
          35.38885
        ]
      },
      "properties": {
        "id": 1758827328632,
        "location": "I-240 & Douglas W",
        "poleName": "I-240 & Douglas",
        "direction": "W",
        "city": "Oklahoma City",
        "make": "Axis",
        "model": "P1465",
        "type": "Web",
        "status": "Free",
        "cameraId": 0,
        "port": 6969,
        "videoChannel": 0,
        "urlVar": "0",
        "videoProfile": -1,
        "needsTimeoutPlayer": true,
        "recordTime": "2026-02-19 23:41:23",
        "workzoneId": 0,
        "streamName": "I-240 & Douglas W",
        "streamSrc": "https://stream.oktraffic.org/delay-stream/661040202eddb3d8.stream/playlist.m3u8",
        "streamKey": "661040202eddb3d8.stream"
      }
    },
    {
      "type": "Feature",
      "geometry": {
        "type": "Point",
        "coordinates": [
          -97.59929,
          35.18241
        ]
      },
      "properties": {
        "id": 1758744897805,
        "location": "US-62 & SH-9 E",
        "poleName": "US-62 & SH-9",
        "direction": "E",
        "city": "Norman",
        "make": "Axis",
        "model": "P1455",
        "type": "Web",
        "status": "Free",
        "cameraId": 0,
        "port": 6969,
        "videoChannel": 0,
        "urlVar": "0",
        "videoProfile": -1,
        "needsTimeoutPlayer": true,
        "recordTime": "2026-02-19 23:41:22",
        "workzoneId": 0,
        "streamName": "US-62 & SH-9 E",
        "streamSrc": "https://stream.oktraffic.org/delay-stream/5c1d97655ea1ad9e.stream/playlist.m3u8",
        "streamKey": "5c1d97655ea1ad9e.stream"
      }
    },
    {
      "type": "Feature",
      "geometry": {
        "type": "Point",
        "coordinates": [
          -97.59929,
          35.18241
        ]
      },
      "properties": {
        "id": 1758745167137,
        "location": "US-62 & SH-9 W",
        "poleName": "US-62 & SH-9",
        "direction": "W",
        "city": "Norman",
        "make": "Axis",
        "model": "P1455",
        "type": "Web",
        "status": "Free",
        "cameraId": 0,
        "port": 6969,
        "videoChannel": 0,
        "urlVar": "0",
        "videoProfile": -1,
        "needsTimeoutPlayer": true,
        "recordTime": "2026-02-19 23:41:22",
        "workzoneId": 0,
        "streamName": "US-62 & SH-9 W",
        "streamSrc": "https://stream.oktraffic.org/delay-stream/68338176adc08241.stream/playlist.m3u8",
        "streamKey": "68338176adc08241.stream"
      }
    },
    {
      "type": "Feature",
      "geometry": {
        "type": "Point",
        "coordinates": [
          -97.59929,
          35.18241
        ]
      },
      "properties": {
        "id": 1758745226538,
        "location": "US-62 & SH-9 S",
        "poleName": "US-62 & SH-9",
        "direction": "S",
        "city": "Norman",
        "make": "Axis",
        "model": "P1455",
        "type": "Web",
        "status": "Free",
        "cameraId": 0,
        "port": 6969,
        "videoChannel": 0,
        "urlVar": "axis-media/media.amp?camera=2",
        "videoProfile": 1,
        "needsTimeoutPlayer": true,
        "recordTime": "2026-02-19 23:41:22",
        "workzoneId": 0,
        "streamName": "US-62 & SH-9 S",
        "streamSrc": "https://stream.oktraffic.org/delay-stream/70d398640c92296a.stream/playlist.m3u8",
        "streamKey": "70d398640c92296a.stream"
      }
    },
    {
      "type": "Feature",
      "geometry": {
        "type": "Point",
        "coordinates": [
          -97.59929,
          35.18241
        ]
      },
      "properties": {
        "id": 1758745301696,
        "location": "US-62 & SH-9 N",
        "poleName": "US-62 & SH-9",
        "direction": "N",
        "city": "Norman",
        "make": "Axis",
        "model": "P1455",
        "type": "Web",
        "status": "Free",
        "cameraId": 0,
        "port": 6969,
        "videoChannel": 0,
        "urlVar": "axis-media/media.amp?camera=2",
        "videoProfile": -1,
        "needsTimeoutPlayer": true,
        "recordTime": "2026-02-19 23:41:22",
        "workzoneId": 0,
        "streamName": "US-62 & SH-9 N",
        "streamSrc": "https://stream.oktraffic.org/delay-stream/d29468a51d574e83.stream/playlist.m3u8",
        "streamKey": "d29468a51d574e83.stream"
      }
    },
    {
      "type": "Feature",
      "geometry": {
        "type": "Point",
        "coordinates": [
          -97.69677,
          35.51555
        ]
      },
      "properties": {
        "id": 1750966005247,
        "location": "JKT & SH-66 ",
        "poleName": "JKT & SH-66",
        "direction": "W",
        "city": "Oklahoma City",
        "make": "Axis",
        "model": "P1455",
        "type": "Web",
        "status": "Free",
        "cameraId": 0,
        "port": 6969,
        "videoChannel": 0,
        "urlVar": "axis-media/media.amp?camera=2",
        "videoProfile": 1,
        "needsTimeoutPlayer": false,
        "recordTime": "2026-02-19 23:41:19",
        "workzoneId": 0,
        "streamName": "JKT & SH-66 ",
        "streamSrc": "https://stream.oktraffic.org/delay-stream/e6573155dfd2148d.stream/playlist.m3u8",
        "streamKey": "e6573155dfd2148d.stream"
      }
    },
    {
      "type": "Feature",
      "geometry": {
        "type": "Point",
        "coordinates": [
          -97.69677,
          35.51555
        ]
      },
      "properties": {
        "id": 1750966915650,
        "location": "JKT & SH-66 ",
        "poleName": "JKT & SH-66",
        "direction": "E",
        "city": "Oklahoma City",
        "make": "Axis",
        "model": "P1455",
        "type": "Web",
        "status": "Free",
        "cameraId": 0,
        "port": 6969,
        "videoChannel": 0,
        "urlVar": "axis-media/media.amp?camera=2",
        "videoProfile": 1,
        "needsTimeoutPlayer": false,
        "recordTime": "2026-02-19 23:41:19",
        "workzoneId": 0,
        "streamName": "JKT & SH-66 ",
        "streamSrc": "https://stream.oktraffic.org/delay-stream/64ccabae03e6bcbd.stream/playlist.m3u8",
        "streamKey": "64ccabae03e6bcbd.stream"
      }
    },
    {
      "type": "Feature",
      "geometry": {
        "type": "Point",
        "coordinates": [
          -97.69677,
          35.51555
        ]
      },
      "properties": {
        "id": 1750967158009,
        "location": "JKT & SH-66 ",
        "poleName": "JKT & SH-66",
        "direction": "S",
        "city": "Oklahoma City",
        "make": "Axis",
        "model": "P1455",
        "type": "Web",
        "status": "Free",
        "cameraId": 0,
        "port": 6969,
        "videoChannel": 0,
        "urlVar": "axis-media/media.amp?camera=2",
        "videoProfile": 1,
        "needsTimeoutPlayer": false,
        "recordTime": "2026-02-19 23:41:19",
        "workzoneId": 0,
        "streamName": "JKT & SH-66 ",
        "streamSrc": "https://stream.oktraffic.org/delay-stream/f55f71d766280d33.stream/playlist.m3u8",
        "streamKey": "f55f71d766280d33.stream"
      }
    },
    {
      "type": "Feature",
      "geometry": {
        "type": "Point",
        "coordinates": [
          -97.69677,
          35.51555
        ]
      },
      "properties": {
        "id": 1750967228604,
        "location": "JKT & SH-66 ",
        "poleName": "JKT & SH-66",
        "direction": "N",
        "city": "Oklahoma City",
        "make": "Axis",
        "model": "P1455",
        "type": "Web",
        "status": "Free",
        "cameraId": 0,
        "port": 6969,
        "videoChannel": 0,
        "urlVar": "axis-media/media.amp?camera=2",
        "videoProfile": 1,
        "needsTimeoutPlayer": false,
        "recordTime": "2026-02-19 23:41:19",
        "workzoneId": 0,
        "streamName": "JKT & SH-66 ",
        "streamSrc": "https://stream.oktraffic.org/delay-stream/e977282440ddc751.stream/playlist.m3u8",
        "streamKey": "e977282440ddc751.stream"
      }
    },
    {
      "type": "Feature",
      "geometry": {
        "type": "Point",
        "coordinates": [
          -97.68862,
          35.5802
        ]
      },
      "properties": {
        "id": 1747328303782,
        "location": "JKT & SH-3 N",
        "poleName": "JKT & SH-3",
        "direction": "N",
        "city": "Oklahoma City",
        "make": "Axis",
        "model": "P1455",
        "type": "Web",
        "status": "Free",
        "cameraId": 0,
        "port": 6969,
        "videoChannel": 0,
        "urlVar": "axis-media/media.amp?resolution=800x600&camera=2",
        "videoProfile": 1,
        "needsTimeoutPlayer": false,
        "recordTime": "2026-02-19 23:41:19",
        "workzoneId": 0,
        "streamName": "JKT & SH-3 N",
        "streamSrc": "https://stream.oktraffic.org/delay-stream/c8015ffb0e95ab71.stream/playlist.m3u8",
        "streamKey": "c8015ffb0e95ab71.stream"
      }
    },
    {
      "type": "Feature",
      "geometry": {
        "type": "Point",
        "coordinates": [
          -97.68862,
          35.5802
        ]
      },
      "properties": {
        "id": 1747328422715,
        "location": "JKT & SH-3 S",
        "poleName": "JKT & SH-3",
        "direction": "S",
        "city": "Oklahoma City",
        "make": "Axis",
        "model": "P1455",
        "type": "Web",
        "status": "Free",
        "cameraId": 0,
        "port": 6969,
        "videoChannel": 0,
        "urlVar": "axis-media/media.amp?resolution=800x600&camera=2",
        "videoProfile": 1,
        "needsTimeoutPlayer": false,
        "recordTime": "2026-02-19 23:41:19",
        "workzoneId": 0,
        "streamName": "JKT & SH-3 S",
        "streamSrc": "https://stream.oktraffic.org/delay-stream/c68064a8b91d6ce1.stream/playlist.m3u8",
        "streamKey": "c68064a8b91d6ce1.stream"
      }
    },
    {
      "type": "Feature",
      "geometry": {
        "type": "Point",
        "coordinates": [
          -97.68862,
          35.5802
        ]
      },
      "properties": {
        "id": 1747328538788,
        "location": "JKT & SH-3 E",
        "poleName": "JKT & SH-3",
        "direction": "E",
        "city": "Oklahoma City",
        "make": "Axis",
        "model": "P1455",
        "type": "Web",
        "status": "Free",
        "cameraId": 0,
        "port": 6969,
        "videoChannel": 0,
        "urlVar": "axis-media/media.amp?resolution=800x600&camera=2",
        "videoProfile": 1,
        "needsTimeoutPlayer": false,
        "recordTime": "2026-02-19 23:41:19",
        "workzoneId": 0,
        "streamName": "JKT & SH-3 E",
        "streamSrc": "https://stream.oktraffic.org/delay-stream/c9d6083927692a6b.stream/playlist.m3u8",
        "streamKey": "c9d6083927692a6b.stream"
      }
    },
    {
      "type": "Feature",
      "geometry": {
        "type": "Point",
        "coordinates": [
          -97.68862,
          35.5802
        ]
      },
      "properties": {
        "id": 1747328775354,
        "location": "JKT & SH-3 W",
        "poleName": "JKT & SH-3",
        "direction": "W",
        "city": "Oklahoma City",
        "make": "Axis",
        "model": "P1455",
        "type": "Web",
        "status": "Free",
        "cameraId": 0,
        "port": 6969,
        "videoChannel": 0,
        "urlVar": "axis-media/media.amp?resolution=800x600&camera=2",
        "videoProfile": 1,
        "needsTimeoutPlayer": false,
        "recordTime": "2026-02-19 23:41:19",
        "workzoneId": 0,
        "streamName": "JKT & SH-3 W",
        "streamSrc": "https://stream.oktraffic.org/delay-stream/1d6eeb6eb2e7898f.stream/playlist.m3u8",
        "streamKey": "1d6eeb6eb2e7898f.stream"
      }
    },
    {
      "type": "Feature",
      "geometry": {
        "type": "Point",
        "coordinates": [
          -95.948522,
          36.019133
        ]
      },
      "properties": {
        "id": 1756214035631,
        "location": "Creek Tpk & Riverside",
        "poleName": "Creek Tpk & Riverside",
        "direction": "N",
        "city": "Tulsa",
        "make": "Axis",
        "model": "P1455",
        "type": "Web",
        "status": "Free",
        "cameraId": 0,
        "port": 6969,
        "videoChannel": 0,
        "urlVar": "i.\taxis-media/media.amp?resolution=800x600&camera=",
        "videoProfile": 1,
        "needsTimeoutPlayer": false,
        "recordTime": "2026-02-19 23:41:21",
        "workzoneId": 0,
        "streamName": "Creek Tpk & Riverside",
        "streamSrc": "https://stream.oktraffic.org/delay-stream/e1f4724b645c00ce.stream/playlist.m3u8",
        "streamKey": "e1f4724b645c00ce.stream"
      }
    },
    {
      "type": "Feature",
      "geometry": {
        "type": "Point",
        "coordinates": [
          -95.948522,
          36.019133
        ]
      },
      "properties": {
        "id": 1756214131844,
        "location": "Creek Tpk & Riverside",
        "poleName": "Creek Tpk & Riverside",
        "direction": "S",
        "city": "Tulsa",
        "make": "Axis",
        "model": "P1455",
        "type": "Web",
        "status": "Free",
        "cameraId": 0,
        "port": 6969,
        "videoChannel": 0,
        "urlVar": "i.\taxis-media/media.amp?resolution=800x600&camera=",
        "videoProfile": 1,
        "needsTimeoutPlayer": false,
        "recordTime": "2026-02-19 23:41:21",
        "workzoneId": 0,
        "streamName": "Creek Tpk & Riverside",
        "streamSrc": "https://stream.oktraffic.org/delay-stream/fc662aea03ef2b5c.stream/playlist.m3u8",
        "streamKey": "fc662aea03ef2b5c.stream"
      }
    },
    {
      "type": "Feature",
      "geometry": {
        "type": "Point",
        "coordinates": [
          -95.948522,
          36.019133
        ]
      },
      "properties": {
        "id": 1756214217160,
        "location": "Creek Tpk & Riverside",
        "poleName": "Creek Tpk & Riverside",
        "direction": "E",
        "city": "Tulsa",
        "make": "Axis",
        "model": "P1455",
        "type": "Web",
        "status": "Free",
        "cameraId": 0,
        "port": 6969,
        "videoChannel": 0,
        "urlVar": "i.\taxis-media/media.amp?resolution=800x600&camera=",
        "videoProfile": 1,
        "needsTimeoutPlayer": false,
        "recordTime": "2026-02-19 23:41:21",
        "workzoneId": 0,
        "streamName": "Creek Tpk & Riverside",
        "streamSrc": "https://stream.oktraffic.org/delay-stream/3f18a75705cddfe6.stream/playlist.m3u8",
        "streamKey": "3f18a75705cddfe6.stream"
      }
    },
    {
      "type": "Feature",
      "geometry": {
        "type": "Point",
        "coordinates": [
          -95.948522,
          36.019133
        ]
      },
      "properties": {
        "id": 1756214288169,
        "location": "Creek Tpk & Riverside",
        "poleName": "Creek Tpk & Riverside",
        "direction": "W",
        "city": "Tulsa",
        "make": "Axis",
        "model": "P1455",
        "type": "Web",
        "status": "Free",
        "cameraId": 0,
        "port": 6969,
        "videoChannel": 0,
        "urlVar": "i.\taxis-media/media.amp?resolution=800x600&camera=",
        "videoProfile": 1,
        "needsTimeoutPlayer": false,
        "recordTime": "2026-02-19 23:41:21",
        "workzoneId": 0,
        "streamName": "Creek Tpk & Riverside",
        "streamSrc": "https://stream.oktraffic.org/delay-stream/3d2c5742c8e05deb.stream/playlist.m3u8",
        "streamKey": "3d2c5742c8e05deb.stream"
      }
    },
    {
      "type": "Feature",
      "geometry": {
        "type": "Point",
        "coordinates": [
          -95.974184,
          36.017121
        ]
      },
      "properties": {
        "id": 1756224423291,
        "location": "Creek & Elm",
        "poleName": "Creek Tpk & Elm",
        "direction": "N",
        "city": "Tulsa",
        "make": "Axis",
        "model": "P1455",
        "type": "Web",
        "status": "Free",
        "cameraId": 0,
        "port": 6969,
        "videoChannel": 0,
        "urlVar": "i.\taxis-media/media.amp?resolution=800x600&camera=",
        "videoProfile": 1,
        "needsTimeoutPlayer": false,
        "recordTime": "2026-02-19 23:41:22",
        "workzoneId": 0,
        "streamName": "Creek & Elm",
        "streamSrc": "https://stream.oktraffic.org/delay-stream/209d7a8519e2bc43.stream/playlist.m3u8",
        "streamKey": "209d7a8519e2bc43.stream"
      }
    },
    {
      "type": "Feature",
      "geometry": {
        "type": "Point",
        "coordinates": [
          -95.974184,
          36.017121
        ]
      },
      "properties": {
        "id": 1756224519768,
        "location": "Creek & Elm",
        "poleName": "Creek Tpk & Elm",
        "direction": "W",
        "city": "Tulsa",
        "make": "Axis",
        "model": "P1455",
        "type": "Web",
        "status": "Free",
        "cameraId": 0,
        "port": 6969,
        "videoChannel": 0,
        "urlVar": "i.\taxis-media/media.amp?resolution=800x600&camera=",
        "videoProfile": 1,
        "needsTimeoutPlayer": false,
        "recordTime": "2026-02-19 23:41:22",
        "workzoneId": 0,
        "streamName": "Creek & Elm",
        "streamSrc": "https://stream.oktraffic.org/delay-stream/c1c1c78a9c0c849e.stream/playlist.m3u8",
        "streamKey": "c1c1c78a9c0c849e.stream"
      }
    },
    {
      "type": "Feature",
      "geometry": {
        "type": "Point",
        "coordinates": [
          -95.974184,
          36.017121
        ]
      },
      "properties": {
        "id": 1756224596445,
        "location": "Creek & Elm",
        "poleName": "Creek Tpk & Elm",
        "direction": "E",
        "city": "Tulsa",
        "make": "Axis",
        "model": "P1455",
        "type": "Web",
        "status": "Free",
        "cameraId": 0,
        "port": 6969,
        "videoChannel": 0,
        "urlVar": "i.\taxis-media/media.amp?resolution=800x600&camera=",
        "videoProfile": 1,
        "needsTimeoutPlayer": false,
        "recordTime": "2026-02-19 23:41:22",
        "workzoneId": 0,
        "streamName": "Creek & Elm",
        "streamSrc": "https://stream.oktraffic.org/delay-stream/851191ed992e9bb4.stream/playlist.m3u8",
        "streamKey": "851191ed992e9bb4.stream"
      }
    },
    {
      "type": "Feature",
      "geometry": {
        "type": "Point",
        "coordinates": [
          -95.921617,
          36.025745
        ]
      },
      "properties": {
        "id": 1756218394056,
        "location": "Creek & Yale",
        "poleName": "Creek Tpk & Yale",
        "direction": "E",
        "city": "Tulsa",
        "make": "Axis",
        "model": "P1455",
        "type": "Web",
        "status": "Free",
        "cameraId": 0,
        "port": 6969,
        "videoChannel": 0,
        "urlVar": "i.\taxis-media/media.amp?resolution=800x600&camera=",
        "videoProfile": 1,
        "needsTimeoutPlayer": false,
        "recordTime": "2026-02-19 23:41:21",
        "workzoneId": 0,
        "streamName": "Creek & Yale",
        "streamSrc": "https://stream.oktraffic.org/delay-stream/360f75ba9396dcd0.stream/playlist.m3u8",
        "streamKey": "360f75ba9396dcd0.stream"
      }
    },
    {
      "type": "Feature",
      "geometry": {
        "type": "Point",
        "coordinates": [
          -95.921617,
          36.025745
        ]
      },
      "properties": {
        "id": 1756218452753,
        "location": "Creek & Yale",
        "poleName": "Creek Tpk & Yale",
        "direction": "W",
        "city": "Tulsa",
        "make": "Axis",
        "model": "P1455",
        "type": "Web",
        "status": "Free",
        "cameraId": 0,
        "port": 6969,
        "videoChannel": 0,
        "urlVar": "i.\taxis-media/media.amp?resolution=800x600&camera=",
        "videoProfile": 1,
        "needsTimeoutPlayer": false,
        "recordTime": "2026-02-19 23:41:21",
        "workzoneId": 0,
        "streamName": "Creek & Yale",
        "streamSrc": "https://stream.oktraffic.org/delay-stream/c384d96b21d64892.stream/playlist.m3u8",
        "streamKey": "c384d96b21d64892.stream"
      }
    },
    {
      "type": "Feature",
      "geometry": {
        "type": "Point",
        "coordinates": [
          -95.921617,
          36.025745
        ]
      },
      "properties": {
        "id": 1756218520757,
        "location": "Creek & Yale",
        "poleName": "Creek Tpk & Yale",
        "direction": "S",
        "city": "Tulsa",
        "make": "Axis",
        "model": "P1455",
        "type": "Web",
        "status": "Free",
        "cameraId": 0,
        "port": 6969,
        "videoChannel": 0,
        "urlVar": "i.\taxis-media/media.amp?resolution=800x600&camera=",
        "videoProfile": 1,
        "needsTimeoutPlayer": false,
        "recordTime": "2026-02-19 23:41:21",
        "workzoneId": 0,
        "streamName": "Creek & Yale",
        "streamSrc": "https://stream.oktraffic.org/delay-stream/ef170c65e7e3532f.stream/playlist.m3u8",
        "streamKey": "ef170c65e7e3532f.stream"
      }
    },
    {
      "type": "Feature",
      "geometry": {
        "type": "Point",
        "coordinates": [
          -95.921617,
          36.025745
        ]
      },
      "properties": {
        "id": 1756218576551,
        "location": "Creek & Yale",
        "poleName": "Creek Tpk & Yale",
        "direction": "N",
        "city": "Tulsa",
        "make": "Axis",
        "model": "P1455",
        "type": "Web",
        "status": "Free",
        "cameraId": 0,
        "port": 6969,
        "videoChannel": 0,
        "urlVar": "i.\taxis-media/media.amp?resolution=800x600&camera=",
        "videoProfile": 1,
        "needsTimeoutPlayer": false,
        "recordTime": "2026-02-19 23:41:22",
        "workzoneId": 0,
        "streamName": "Creek & Yale",
        "streamSrc": "https://stream.oktraffic.org/delay-stream/3c950119b205d06f.stream/playlist.m3u8",
        "streamKey": "3c950119b205d06f.stream"
      }
    },
    {
      "type": "Feature",
      "geometry": {
        "type": "Point",
        "coordinates": [
          -97.549847,
          35.609518
        ]
      },
      "properties": {
        "id": 1752522762857,
        "location": "JKT & Penn W",
        "poleName": "JKT & Penn",
        "direction": "W",
        "city": "Oklahoma City",
        "make": "Axis",
        "model": "P1455",
        "type": "Web",
        "status": "Free",
        "cameraId": 0,
        "port": 6969,
        "videoChannel": 0,
        "urlVar": "axis-media/media.amp?camera=2",
        "videoProfile": 1,
        "needsTimeoutPlayer": false,
        "recordTime": "2026-02-19 23:41:20",
        "workzoneId": 0,
        "streamName": "JKT & Penn W",
        "streamSrc": "https://stream.oktraffic.org/delay-stream/0310e163ad308c5b.stream/playlist.m3u8",
        "streamKey": "0310e163ad308c5b.stream"
      }
    },
    {
      "type": "Feature",
      "geometry": {
        "type": "Point",
        "coordinates": [
          -97.549847,
          35.609518
        ]
      },
      "properties": {
        "id": 1752522843394,
        "location": "JKT & Penn N",
        "poleName": "JKT & Penn",
        "direction": "N",
        "city": "Oklahoma City",
        "make": "Axis",
        "model": "P1455",
        "type": "Web",
        "status": "Free",
        "cameraId": 0,
        "port": 6969,
        "videoChannel": 0,
        "urlVar": "axis-media/media.amp?camera=2",
        "videoProfile": 1,
        "needsTimeoutPlayer": false,
        "recordTime": "2026-02-19 23:41:20",
        "workzoneId": 0,
        "streamName": "JKT & Penn N",
        "streamSrc": "https://stream.oktraffic.org/delay-stream/fe48015c0230735a.stream/playlist.m3u8",
        "streamKey": "fe48015c0230735a.stream"
      }
    },
    {
      "type": "Feature",
      "geometry": {
        "type": "Point",
        "coordinates": [
          -97.549847,
          35.609518
        ]
      },
      "properties": {
        "id": 1752522929191,
        "location": "JKT & Penn E",
        "poleName": "JKT & Penn",
        "direction": "E",
        "city": "Oklahoma City",
        "make": "Axis",
        "model": "P1455",
        "type": "Web",
        "status": "Free",
        "cameraId": 0,
        "port": 6969,
        "videoChannel": 0,
        "urlVar": "axis-media/media.amp?camera=2",
        "videoProfile": 1,
        "needsTimeoutPlayer": false,
        "recordTime": "2026-02-19 23:41:20",
        "workzoneId": 0,
        "streamName": "JKT & Penn E",
        "streamSrc": "https://stream.oktraffic.org/delay-stream/dcebd948a1993485.stream/playlist.m3u8",
        "streamKey": "dcebd948a1993485.stream"
      }
    },
    {
      "type": "Feature",
      "geometry": {
        "type": "Point",
        "coordinates": [
          -97.549847,
          35.609518
        ]
      },
      "properties": {
        "id": 1752523036380,
        "location": "JKT & Penn S",
        "poleName": "JKT & Penn",
        "direction": "S",
        "city": "Oklahoma City",
        "make": "Axis",
        "model": "P1455",
        "type": "Web",
        "status": "Free",
        "cameraId": 0,
        "port": 6969,
        "videoChannel": 0,
        "urlVar": "axis-media/media.amp?camera=2",
        "videoProfile": 1,
        "needsTimeoutPlayer": false,
        "recordTime": "2026-02-19 23:41:20",
        "workzoneId": 0,
        "streamName": "JKT & Penn S",
        "streamSrc": "https://stream.oktraffic.org/delay-stream/5be3c7a7de49210c.stream/playlist.m3u8",
        "streamKey": "5be3c7a7de49210c.stream"
      }
    },
    {
      "type": "Feature",
      "geometry": {
        "type": "Point",
        "coordinates": [
          -96.068862,
          36.064789
        ]
      },
      "properties": {
        "id": 1759950773683,
        "location": "Turner Tpk & W 69th W",
        "poleName": "Turner Tpk & W 69th",
        "direction": "SW",
        "city": "Tulsa",
        "make": "Axis",
        "model": "P1455",
        "type": "Web",
        "status": "Free",
        "cameraId": 0,
        "port": 6969,
        "videoChannel": 0,
        "urlVar": "0",
        "videoProfile": 1,
        "needsTimeoutPlayer": false,
        "recordTime": "2026-02-19 23:41:24",
        "workzoneId": 0,
        "streamName": "Turner Tpk & W 69th W",
        "streamSrc": "https://stream.oktraffic.org/delay-stream/db4e8526e49ee794.stream/playlist.m3u8",
        "streamKey": "db4e8526e49ee794.stream"
      }
    },
    {
      "type": "Feature",
      "geometry": {
        "type": "Point",
        "coordinates": [
          -96.068862,
          36.064789
        ]
      },
      "properties": {
        "id": 1759951100695,
        "location": "Turner Tpk & W 69th E",
        "poleName": "Turner Tpk & W 69th",
        "direction": "NE",
        "city": "Tulsa",
        "make": "Axis",
        "model": "P1455",
        "type": "Web",
        "status": "Free",
        "cameraId": 0,
        "port": 6969,
        "videoChannel": 0,
        "urlVar": "0",
        "videoProfile": 1,
        "needsTimeoutPlayer": false,
        "recordTime": "2026-02-19 23:41:24",
        "workzoneId": 0,
        "streamName": "Turner Tpk & W 69th E",
        "streamSrc": "https://stream.oktraffic.org/delay-stream/3587243f67d7492e.stream/playlist.m3u8",
        "streamKey": "3587243f67d7492e.stream"
      }
    },
    {
      "type": "Feature",
      "geometry": {
        "type": "Point",
        "coordinates": [
          -96.078791,
          36.047711
        ]
      },
      "properties": {
        "id": 1759952043646,
        "location": "Turner Tpk & W 81st E",
        "poleName": "Turner Tpk & W 81st",
        "direction": "NE",
        "city": "Tulsa",
        "make": "Axis",
        "model": "P1455",
        "type": "Web",
        "status": "Free",
        "cameraId": 0,
        "port": 6969,
        "videoChannel": 0,
        "urlVar": "0",
        "videoProfile": 1,
        "needsTimeoutPlayer": false,
        "recordTime": "2026-02-19 23:41:24",
        "workzoneId": 0,
        "streamName": "Turner Tpk & W 81st E",
        "streamSrc": "https://stream.oktraffic.org/delay-stream/56a8662f52eb5b0f.stream/playlist.m3u8",
        "streamKey": "56a8662f52eb5b0f.stream"
      }
    },
    {
      "type": "Feature",
      "geometry": {
        "type": "Point",
        "coordinates": [
          -96.078791,
          36.047711
        ]
      },
      "properties": {
        "id": 1759952192499,
        "location": "Turner Tpk & W 81st W",
        "poleName": "Turner Tpk & W 81st",
        "direction": "SW",
        "city": "Tulsa",
        "make": "Axis",
        "model": "P1455",
        "type": "Web",
        "status": "Free",
        "cameraId": 0,
        "port": 6969,
        "videoChannel": 0,
        "urlVar": "0",
        "videoProfile": 1,
        "needsTimeoutPlayer": false,
        "recordTime": "2026-02-19 23:41:24",
        "workzoneId": 0,
        "streamName": "Turner Tpk & W 81st W",
        "streamSrc": "https://stream.oktraffic.org/delay-stream/d84afce81ae9b902.stream/playlist.m3u8",
        "streamKey": "d84afce81ae9b902.stream"
      }
    },
    {
      "type": "Feature",
      "geometry": {
        "type": "Point",
        "coordinates": [
          -97.618541,
          35.459784
        ]
      },
      "properties": {
        "id": 1760724971994,
        "location": "I-40 & MacArthur W",
        "poleName": "I-40 & MacArthur",
        "direction": "W",
        "city": "Oklahoma City",
        "make": "Axis",
        "model": "P1465",
        "type": "Web",
        "status": "Free",
        "cameraId": 0,
        "port": 6969,
        "videoChannel": 0,
        "urlVar": "axis-media/media.amp?resolution=800x600&camera=2",
        "videoProfile": 1,
        "needsTimeoutPlayer": false,
        "recordTime": "2026-02-19 23:41:24",
        "workzoneId": 0,
        "streamName": "I-40 & MacArthur W",
        "streamSrc": "https://stream.oktraffic.org/delay-stream/f2c991bc4371e4c6.stream/playlist.m3u8",
        "streamKey": "f2c991bc4371e4c6.stream"
      }
    },
    {
      "type": "Feature",
      "geometry": {
        "type": "Point",
        "coordinates": [
          -97.618541,
          35.459784
        ]
      },
      "properties": {
        "id": 1760725395262,
        "location": "I-40 & Macarthur S",
        "poleName": "I-40 & MacArthur",
        "direction": "S",
        "city": "Oklahoma City",
        "make": "Axis",
        "model": "P1465",
        "type": "Web",
        "status": "Free",
        "cameraId": 0,
        "port": 6969,
        "videoChannel": 0,
        "urlVar": "axis-media/media.amp?resolution=800x600&camera=2",
        "videoProfile": 1,
        "needsTimeoutPlayer": false,
        "recordTime": "2026-02-19 23:41:24",
        "workzoneId": 0,
        "streamName": "I-40 & Macarthur S",
        "streamSrc": "https://stream.oktraffic.org/delay-stream/5cb1accbe474262a.stream/playlist.m3u8",
        "streamKey": "5cb1accbe474262a.stream"
      }
    },
    {
      "type": "Feature",
      "geometry": {
        "type": "Point",
        "coordinates": [
          -97.618541,
          35.459784
        ]
      },
      "properties": {
        "id": 1760726227968,
        "location": "I-40 & Macarthur E",
        "poleName": "I-40 & MacArthur",
        "direction": "E",
        "city": "Oklahoma City",
        "make": "Axis",
        "model": "P1465",
        "type": "Web",
        "status": "Free",
        "cameraId": 0,
        "port": 6969,
        "videoChannel": 0,
        "urlVar": "axis-media/media.amp?resolution=800x600&camera=2",
        "videoProfile": 1,
        "needsTimeoutPlayer": false,
        "recordTime": "2026-02-19 23:41:24",
        "workzoneId": 0,
        "streamName": "I-40 & Macarthur E",
        "streamSrc": "https://stream.oktraffic.org/delay-stream/059bdf6b2634ce9c.stream/playlist.m3u8",
        "streamKey": "059bdf6b2634ce9c.stream"
      }
    },
    {
      "type": "Feature",
      "geometry": {
        "type": "Point",
        "coordinates": [
          -97.618541,
          35.459784
        ]
      },
      "properties": {
        "id": 1760726305095,
        "location": "I-40 & Macarthur N",
        "poleName": "I-40 & MacArthur",
        "direction": "N",
        "city": "Oklahoma City",
        "make": "Axis",
        "model": "P1465",
        "type": "Web",
        "status": "Free",
        "cameraId": 0,
        "port": 6969,
        "videoChannel": 0,
        "urlVar": "axis-media/media.amp?resolution=800x600&camera=2",
        "videoProfile": 1,
        "needsTimeoutPlayer": false,
        "recordTime": "2026-02-19 23:41:24",
        "workzoneId": 0,
        "streamName": "I-40 & Macarthur N",
        "streamSrc": "https://stream.oktraffic.org/delay-stream/99edede393e85855.stream/playlist.m3u8",
        "streamKey": "99edede393e85855.stream"
      }
    },
    {
      "type": "Feature",
      "geometry": {
        "type": "Point",
        "coordinates": [
          -97.654622,
          35.460058
        ]
      },
      "properties": {
        "id": 1760727208418,
        "location": "I-40 & Council N",
        "poleName": "I-40 & Council",
        "direction": "N",
        "city": "Oklahoma City",
        "make": "Axis",
        "model": "P1465",
        "type": "Web",
        "status": "Free",
        "cameraId": 0,
        "port": 6969,
        "videoChannel": 0,
        "urlVar": "axis-media/media.amp?resolution=800x600&camera=2",
        "videoProfile": 1,
        "needsTimeoutPlayer": false,
        "recordTime": "2026-02-19 23:41:24",
        "workzoneId": 0,
        "streamName": "I-40 & Council N",
        "streamSrc": "https://stream.oktraffic.org/delay-stream/45ae911c547a73d9.stream/playlist.m3u8",
        "streamKey": "45ae911c547a73d9.stream"
      }
    },
    {
      "type": "Feature",
      "geometry": {
        "type": "Point",
        "coordinates": [
          -97.654622,
          35.460058
        ]
      },
      "properties": {
        "id": 1760727694927,
        "location": "I-40 & Council E",
        "poleName": "I-40 & Council",
        "direction": "E",
        "city": "Oklahoma City",
        "make": "Axis",
        "model": "P1465",
        "type": "Web",
        "status": "Free",
        "cameraId": 0,
        "port": 6969,
        "videoChannel": 0,
        "urlVar": "axis-media/media.amp?resolution=800x600&camera=2",
        "videoProfile": 1,
        "needsTimeoutPlayer": false,
        "recordTime": "2026-02-19 23:41:24",
        "workzoneId": 0,
        "streamName": "I-40 & Council E",
        "streamSrc": "https://stream.oktraffic.org/delay-stream/6795980feeb312dd.stream/playlist.m3u8",
        "streamKey": "6795980feeb312dd.stream"
      }
    },
    {
      "type": "Feature",
      "geometry": {
        "type": "Point",
        "coordinates": [
          -97.654622,
          35.460058
        ]
      },
      "properties": {
        "id": 1760727756573,
        "location": "I-40 & Council S",
        "poleName": "I-40 & Council",
        "direction": "S",
        "city": "Oklahoma City",
        "make": "Axis",
        "model": "P1465",
        "type": "Web",
        "status": "Free",
        "cameraId": 0,
        "port": 6969,
        "videoChannel": 0,
        "urlVar": "axis-media/media.amp?resolution=800x600&camera=2",
        "videoProfile": 1,
        "needsTimeoutPlayer": false,
        "recordTime": "2026-02-19 23:41:24",
        "workzoneId": 0,
        "streamName": "I-40 & Council S",
        "streamSrc": "https://stream.oktraffic.org/delay-stream/887dfc0426cd1106.stream/playlist.m3u8",
        "streamKey": "887dfc0426cd1106.stream"
      }
    },
    {
      "type": "Feature",
      "geometry": {
        "type": "Point",
        "coordinates": [
          -97.654622,
          35.460058
        ]
      },
      "properties": {
        "id": 1760727816617,
        "location": "I-40 & Council W",
        "poleName": "I-40 & Council",
        "direction": "W",
        "city": "Oklahoma City",
        "make": "Axis",
        "model": "P1465",
        "type": "Web",
        "status": "Free",
        "cameraId": 0,
        "port": 6969,
        "videoChannel": 0,
        "urlVar": "axis-media/media.amp?resolution=800x600&camera=2",
        "videoProfile": 1,
        "needsTimeoutPlayer": false,
        "recordTime": "2026-02-19 23:41:24",
        "workzoneId": 0,
        "streamName": "I-40 & Council W",
        "streamSrc": "https://stream.oktraffic.org/delay-stream/87f88559da819e43.stream/playlist.m3u8",
        "streamKey": "87f88559da819e43.stream"
      }
    },
    {
      "type": "Feature",
      "geometry": {
        "type": "Point",
        "coordinates": [
          -97.601482,
          35.423206
        ]
      },
      "properties": {
        "id": 1753700627571,
        "location": "SH-152 & Meridian N",
        "poleName": "SH-152 & Meridian",
        "direction": "N",
        "city": "Oklahoma City",
        "make": "Axis",
        "model": "P1465",
        "type": "Web",
        "status": "Free",
        "cameraId": 0,
        "port": 6969,
        "videoChannel": 0,
        "urlVar": "axis-media/media.amp?resolution=800x600&camera=2",
        "videoProfile": 1,
        "needsTimeoutPlayer": false,
        "recordTime": "2026-02-19 23:41:20",
        "workzoneId": 0,
        "streamName": "SH-152 & Meridian N",
        "streamSrc": "https://stream.oktraffic.org/delay-stream/c0565c2ed2b981a4.stream/playlist.m3u8",
        "streamKey": "c0565c2ed2b981a4.stream"
      }
    },
    {
      "type": "Feature",
      "geometry": {
        "type": "Point",
        "coordinates": [
          -97.601482,
          35.423206
        ]
      },
      "properties": {
        "id": 1753700783823,
        "location": "SH-152 & Meridian S",
        "poleName": "SH-152 & Meridian",
        "direction": "S",
        "city": "Oklahoma City",
        "make": "Axis",
        "model": "P1465",
        "type": "Web",
        "status": "Free",
        "cameraId": 0,
        "port": 6969,
        "videoChannel": 0,
        "urlVar": "axis-media/media.amp?resolution=800x600&camera=2",
        "videoProfile": 1,
        "needsTimeoutPlayer": false,
        "recordTime": "2026-02-19 23:41:20",
        "workzoneId": 0,
        "streamName": "SH-152 & Meridian S",
        "streamSrc": "https://stream.oktraffic.org/delay-stream/6e07701f45843b2f.stream/playlist.m3u8",
        "streamKey": "6e07701f45843b2f.stream"
      }
    },
    {
      "type": "Feature",
      "geometry": {
        "type": "Point",
        "coordinates": [
          -97.601482,
          35.423206
        ]
      },
      "properties": {
        "id": 1753701037969,
        "location": "SH-152 & Meridian E",
        "poleName": "SH-152 & Meridian",
        "direction": "E",
        "city": "Oklahoma City",
        "make": "Axis",
        "model": "P1465",
        "type": "Web",
        "status": "Free",
        "cameraId": 0,
        "port": 6969,
        "videoChannel": 0,
        "urlVar": "axis-media/media.amp?resolution=800x600&camera=2",
        "videoProfile": 1,
        "needsTimeoutPlayer": false,
        "recordTime": "2026-02-19 23:41:20",
        "workzoneId": 0,
        "streamName": "SH-152 & Meridian E",
        "streamSrc": "https://stream.oktraffic.org/delay-stream/e8405434afcc1b74.stream/playlist.m3u8",
        "streamKey": "e8405434afcc1b74.stream"
      }
    },
    {
      "type": "Feature",
      "geometry": {
        "type": "Point",
        "coordinates": [
          -97.601482,
          35.423206
        ]
      },
      "properties": {
        "id": 1753706587007,
        "location": "SH-152 & Meridian W",
        "poleName": "SH-152 & Meridian",
        "direction": "W",
        "city": "Oklahoma city",
        "make": "Axis",
        "model": "P1465",
        "type": "Web",
        "status": "Free",
        "cameraId": 0,
        "port": 6969,
        "videoChannel": 0,
        "urlVar": "axis-media/media.amp?camera=2",
        "videoProfile": 1,
        "needsTimeoutPlayer": false,
        "recordTime": "2026-02-19 23:41:20",
        "workzoneId": 0,
        "streamName": "SH-152 & Meridian W",
        "streamSrc": "https://stream.oktraffic.org/delay-stream/af845615caa35faf.stream/playlist.m3u8",
        "streamKey": "af845615caa35faf.stream"
      }
    },
    {
      "type": "Feature",
      "geometry": {
        "type": "Point",
        "coordinates": [
          -97.632074,
          35.420368
        ]
      },
      "properties": {
        "id": 1752518432279,
        "location": "SH-152 & SW 44th W",
        "poleName": "SH-152 & SW 44th",
        "direction": "W",
        "city": "Oklahoma City",
        "make": "Axis",
        "model": "P1465",
        "type": "Web",
        "status": "Free",
        "cameraId": 0,
        "port": 6969,
        "videoChannel": 0,
        "urlVar": "axis-media/media.amp?camera=2",
        "videoProfile": 1,
        "needsTimeoutPlayer": false,
        "recordTime": "2026-02-19 23:41:20",
        "workzoneId": 0,
        "streamName": "SH-152 & SW 44th W",
        "streamSrc": "https://stream.oktraffic.org/delay-stream/24c5fef8f021e8b4.stream/playlist.m3u8",
        "streamKey": "24c5fef8f021e8b4.stream"
      }
    },
    {
      "type": "Feature",
      "geometry": {
        "type": "Point",
        "coordinates": [
          -97.632074,
          35.420368
        ]
      },
      "properties": {
        "id": 1752518561460,
        "location": "SH-152 & SW 44th N",
        "poleName": "SH-152 & SW 44th",
        "direction": "N",
        "city": "Oklahoma City",
        "make": "Axis",
        "model": "P1465",
        "type": "Web",
        "status": "Free",
        "cameraId": 0,
        "port": 6969,
        "videoChannel": 0,
        "urlVar": "axis-media/media.amp?camera=2",
        "videoProfile": 1,
        "needsTimeoutPlayer": false,
        "recordTime": "2026-02-19 23:41:20",
        "workzoneId": 0,
        "streamName": "SH-152 & SW 44th N",
        "streamSrc": "https://stream.oktraffic.org/delay-stream/8e7f567761bc7856.stream/playlist.m3u8",
        "streamKey": "8e7f567761bc7856.stream"
      }
    },
    {
      "type": "Feature",
      "geometry": {
        "type": "Point",
        "coordinates": [
          -97.632074,
          35.420368
        ]
      },
      "properties": {
        "id": 1752518655298,
        "location": "SH-152 & SW 44th S",
        "poleName": "SH-152 & SW 44th",
        "direction": "S",
        "city": "Oklahoma City",
        "make": "Axis",
        "model": "P1465",
        "type": "Web",
        "status": "Free",
        "cameraId": 0,
        "port": 6969,
        "videoChannel": 0,
        "urlVar": "axis-media/media.amp?camera=2",
        "videoProfile": 1,
        "needsTimeoutPlayer": false,
        "recordTime": "2026-02-19 23:41:20",
        "workzoneId": 0,
        "streamName": "SH-152 & SW 44th S",
        "streamSrc": "https://stream.oktraffic.org/delay-stream/ad42d9b479256ceb.stream/playlist.m3u8",
        "streamKey": "ad42d9b479256ceb.stream"
      }
    },
    {
      "type": "Feature",
      "geometry": {
        "type": "Point",
        "coordinates": [
          -97.632074,
          35.420368
        ]
      },
      "properties": {
        "id": 1752518755729,
        "location": "SH-152 & SW 44th E",
        "poleName": "SH-152 & SW 44th",
        "direction": "E",
        "city": "Oklahoma City",
        "make": "Axis",
        "model": "P1465",
        "type": "Web",
        "status": "Free",
        "cameraId": 0,
        "port": 6969,
        "videoChannel": 0,
        "urlVar": "axis-media/media.amp?camera=2",
        "videoProfile": 1,
        "needsTimeoutPlayer": false,
        "recordTime": "2026-02-19 23:41:20",
        "workzoneId": 0,
        "streamName": "SH-152 & SW 44th E",
        "streamSrc": "https://stream.oktraffic.org/delay-stream/5a95da488777f24a.stream/playlist.m3u8",
        "streamKey": "5a95da488777f24a.stream"
      }
    },
    {
      "type": "Feature",
      "geometry": {
        "type": "Point",
        "coordinates": [
          -97.464956,
          35.492846
        ]
      },
      "properties": {
        "id": 1759780779722,
        "location": "I-35 & NE 23rd N",
        "poleName": "I-35 & NE 23rd",
        "direction": "N",
        "city": "Oklahoma City",
        "make": "Axis",
        "model": "P1465",
        "type": "Web",
        "status": "Free",
        "cameraId": 0,
        "port": 6969,
        "videoChannel": 0,
        "urlVar": "axis-media/media.amp?resolution=800x600&camera=2",
        "videoProfile": -1,
        "needsTimeoutPlayer": true,
        "recordTime": "2026-02-19 23:41:23",
        "workzoneId": 0,
        "streamName": "I-35 & NE 23rd N",
        "streamSrc": "https://stream.oktraffic.org/delay-stream/7c0979c2280c9752.stream/playlist.m3u8",
        "streamKey": "7c0979c2280c9752.stream"
      }
    },
    {
      "type": "Feature",
      "geometry": {
        "type": "Point",
        "coordinates": [
          -97.464956,
          35.492846
        ]
      },
      "properties": {
        "id": 1759780973479,
        "location": "I-35 & NE 23rd E",
        "poleName": "I-35 & NE 23rd",
        "direction": "E",
        "city": "Oklahoma City",
        "make": "Axis",
        "model": "P1465",
        "type": "Web",
        "status": "Free",
        "cameraId": 0,
        "port": 6969,
        "videoChannel": 0,
        "urlVar": "rtsp://root:FFY03@107.89.221.30:556/axis-media/med",
        "videoProfile": -1,
        "needsTimeoutPlayer": true,
        "recordTime": "2026-02-19 23:41:23",
        "workzoneId": 0,
        "streamName": "I-35 & NE 23rd E",
        "streamSrc": "https://stream.oktraffic.org/delay-stream/9efc0edb90c0a9fa.stream/playlist.m3u8",
        "streamKey": "9efc0edb90c0a9fa.stream"
      }
    },
    {
      "type": "Feature",
      "geometry": {
        "type": "Point",
        "coordinates": [
          -97.464956,
          35.492846
        ]
      },
      "properties": {
        "id": 1759781078495,
        "location": "I-35 & NE 23rd S",
        "poleName": "I-35 & NE 23rd",
        "direction": "S",
        "city": "Oklahoma City",
        "make": "Axis",
        "model": "P1465",
        "type": "Web",
        "status": "Free",
        "cameraId": 0,
        "port": 6969,
        "videoChannel": 0,
        "urlVar": "axis-media/media.amp?resolution=800x600&camera=2",
        "videoProfile": -1,
        "needsTimeoutPlayer": true,
        "recordTime": "2026-02-19 23:41:23",
        "workzoneId": 0,
        "streamName": "I-35 & NE 23rd S",
        "streamSrc": "https://stream.oktraffic.org/delay-stream/87cb2ac4987ab12c.stream/playlist.m3u8",
        "streamKey": "87cb2ac4987ab12c.stream"
      }
    },
    {
      "type": "Feature",
      "geometry": {
        "type": "Point",
        "coordinates": [
          -97.464956,
          35.492846
        ]
      },
      "properties": {
        "id": 1759781194870,
        "location": "I-35 & NE 23rd W",
        "poleName": "I-35 & NE 23rd",
        "direction": "W",
        "city": "Oklahoma City",
        "make": "Axis",
        "model": "P1465",
        "type": "Web",
        "status": "Free",
        "cameraId": 0,
        "port": 6969,
        "videoChannel": 0,
        "urlVar": "axis-media/media.amp?resolution=800x600&camera=2",
        "videoProfile": -1,
        "needsTimeoutPlayer": true,
        "recordTime": "2026-02-19 23:41:23",
        "workzoneId": 0,
        "streamName": "I-35 & NE 23rd W",
        "streamSrc": "https://stream.oktraffic.org/delay-stream/911d9755932d9d72.stream/playlist.m3u8",
        "streamKey": "911d9755932d9d72.stream"
      }
    },
    {
      "type": "Feature",
      "geometry": {
        "type": "Point",
        "coordinates": [
          -96.029618,
          36.157778
        ]
      },
      "properties": {
        "id": 1740513614342,
        "location": "US-412 & N 33RD W",
        "poleName": "US-412 & N 33rd",
        "direction": "W",
        "city": "Tulsa",
        "make": "Axis",
        "model": "P1465",
        "type": "Web",
        "status": "Free",
        "cameraId": 0,
        "port": 6969,
        "videoChannel": 0,
        "urlVar": "axis-media/media.amp?resolution=800x600&camera=2",
        "videoProfile": 1,
        "needsTimeoutPlayer": false,
        "recordTime": "2026-02-19 23:41:18",
        "workzoneId": 0,
        "streamName": "US-412 & N 33RD W",
        "streamSrc": "https://stream.oktraffic.org/delay-stream/4adbac893d72d97c.stream/playlist.m3u8",
        "streamKey": "4adbac893d72d97c.stream"
      }
    },
    {
      "type": "Feature",
      "geometry": {
        "type": "Point",
        "coordinates": [
          -96.029618,
          36.157778
        ]
      },
      "properties": {
        "id": 1740513766942,
        "location": "US-412 & N 33RD E",
        "poleName": "US-412 & N 33rd",
        "direction": "E",
        "city": "Tulsa",
        "make": "Axis",
        "model": "P1465",
        "type": "Web",
        "status": "Free",
        "cameraId": 0,
        "port": 6969,
        "videoChannel": 0,
        "urlVar": "axis-media/media.amp?resolution=800x600&camera=2",
        "videoProfile": 1,
        "needsTimeoutPlayer": false,
        "recordTime": "2026-02-19 23:41:18",
        "workzoneId": 0,
        "streamName": "US-412 & N 33RD E",
        "streamSrc": "https://stream.oktraffic.org/delay-stream/892527dc215defed.stream/playlist.m3u8",
        "streamKey": "892527dc215defed.stream"
      }
    },
    {
      "type": "Feature",
      "geometry": {
        "type": "Point",
        "coordinates": [
          -95.980935,
          36.15099
        ]
      },
      "properties": {
        "id": 1735838625479,
        "location": "US-75 & E 8th N",
        "poleName": "US-75 & E 8th",
        "direction": "N",
        "city": "Tulsa",
        "make": "Axis",
        "model": "P1465",
        "type": "Web",
        "status": "Free",
        "cameraId": 0,
        "port": 6969,
        "videoChannel": 0,
        "urlVar": "axis-media/media.amp?resolution=800x600&camera=2",
        "videoProfile": 1,
        "needsTimeoutPlayer": false,
        "recordTime": "2026-02-19 23:41:16",
        "workzoneId": 0,
        "streamName": "US-75 & E 8th N",
        "streamSrc": "https://stream.oktraffic.org/delay-stream/0f18b6b385eb538a.stream/playlist.m3u8",
        "streamKey": "0f18b6b385eb538a.stream"
      }
    },
    {
      "type": "Feature",
      "geometry": {
        "type": "Point",
        "coordinates": [
          -95.938824,
          36.125727
        ]
      },
      "properties": {
        "id": 1734630531268,
        "location": "SH-51 & Harvard NW",
        "poleName": "SH-51 & Harvard",
        "direction": "NW",
        "city": "Tulsa",
        "make": "Axis",
        "model": "P1465",
        "type": "Web",
        "status": "Free",
        "cameraId": 0,
        "port": 6969,
        "videoChannel": 0,
        "urlVar": "axis-media/media.amp?resolution=800x600&camera=2",
        "videoProfile": 1,
        "needsTimeoutPlayer": false,
        "recordTime": "2026-02-19 23:41:16",
        "workzoneId": 0,
        "streamName": "SH-51 & Harvard NW",
        "streamSrc": "https://stream.oktraffic.org/delay-stream/226b401fb7736a64.stream/playlist.m3u8",
        "streamKey": "226b401fb7736a64.stream"
      }
    },
    {
      "type": "Feature",
      "geometry": {
        "type": "Point",
        "coordinates": [
          -95.938824,
          36.125727
        ]
      },
      "properties": {
        "id": 1734630661265,
        "location": "SH-51 & Harvard SE",
        "poleName": "SH-51 & Harvard",
        "direction": "SE",
        "city": "Tulsa",
        "make": "Axis",
        "model": "P1465",
        "type": "Web",
        "status": "Free",
        "cameraId": 0,
        "port": 6969,
        "videoChannel": 0,
        "urlVar": "axis-media/media.amp?resolution=800x600&camera=2",
        "videoProfile": 1,
        "needsTimeoutPlayer": false,
        "recordTime": "2026-02-19 23:41:16",
        "workzoneId": 0,
        "streamName": "SH-51 & Harvard SE",
        "streamSrc": "https://stream.oktraffic.org/delay-stream/e749e414f7444b20.stream/playlist.m3u8",
        "streamKey": "e749e414f7444b20.stream"
      }
    },
    {
      "type": "Feature",
      "geometry": {
        "type": "Point",
        "coordinates": [
          -95.919065,
          36.118359
        ]
      },
      "properties": {
        "id": 1734544630623,
        "location": "SH-51 & E 31st NW",
        "poleName": "SH-51 & E 31st",
        "direction": "NW",
        "city": "Tulsa",
        "make": "Axis",
        "model": "P1465",
        "type": "Web",
        "status": "Free",
        "cameraId": 0,
        "port": 6969,
        "videoChannel": 0,
        "urlVar": "0",
        "videoProfile": -1,
        "needsTimeoutPlayer": false,
        "recordTime": "2026-02-19 23:41:16",
        "workzoneId": 0,
        "streamName": "SH-51 & E 31st NW",
        "streamSrc": "https://stream.oktraffic.org/delay-stream/f1dfeedb80e63dbd.stream/playlist.m3u8",
        "streamKey": "f1dfeedb80e63dbd.stream"
      }
    },
    {
      "type": "Feature",
      "geometry": {
        "type": "Point",
        "coordinates": [
          -95.876482,
          36.104631
        ]
      },
      "properties": {
        "id": 1734012729037,
        "location": "SH-51 & E 41st SE",
        "poleName": "SH-51 & E 41st",
        "direction": "SE",
        "city": "Tulsa",
        "make": "Axis",
        "model": "P1465",
        "type": "Web",
        "status": "Free",
        "cameraId": 0,
        "port": 6969,
        "videoChannel": 0,
        "urlVar": "axis-media/media.amp?resolution=800x600&camera=2",
        "videoProfile": 1,
        "needsTimeoutPlayer": false,
        "recordTime": "2026-02-19 23:41:16",
        "workzoneId": 0,
        "streamName": "SH-51 & E 41st SE",
        "streamSrc": "https://stream.oktraffic.org/delay-stream/f7ee74f352acd572.stream/playlist.m3u8",
        "streamKey": "f7ee74f352acd572.stream"
      }
    },
    {
      "type": "Feature",
      "geometry": {
        "type": "Point",
        "coordinates": [
          -95.876482,
          36.104631
        ]
      },
      "properties": {
        "id": 1734012780545,
        "location": "SH-51 & E 41st NW",
        "poleName": "SH-51 & E 41st",
        "direction": "NW",
        "city": "Tulsa",
        "make": "Axis",
        "model": "P1465",
        "type": "Web",
        "status": "Free",
        "cameraId": 0,
        "port": 6969,
        "videoChannel": 0,
        "urlVar": "axis-media/media.amp?resolution=800x600&camera=2",
        "videoProfile": 1,
        "needsTimeoutPlayer": false,
        "recordTime": "2026-02-19 23:41:16",
        "workzoneId": 0,
        "streamName": "SH-51 & E 41st NW",
        "streamSrc": "https://stream.oktraffic.org/delay-stream/9f8cd448b90e1ace.stream/playlist.m3u8",
        "streamKey": "9f8cd448b90e1ace.stream"
      }
    },
    {
      "type": "Feature",
      "geometry": {
        "type": "Point",
        "coordinates": [
          -95.76764,
          36.060735
        ]
      },
      "properties": {
        "id": 1735753055025,
        "location": "SH-51 & Kenosha SE",
        "poleName": "SH-51 & Kenosha",
        "direction": "SE",
        "city": "Tulsa",
        "make": "Axis",
        "model": "P1465",
        "type": "Web",
        "status": "Free",
        "cameraId": 0,
        "port": 6969,
        "videoChannel": 0,
        "urlVar": "axis-media/media.amp?resolution=800x600&camera=2",
        "videoProfile": 1,
        "needsTimeoutPlayer": false,
        "recordTime": "2026-02-19 23:41:16",
        "workzoneId": 0,
        "streamName": "SH-51 & Kenosha SE",
        "streamSrc": "https://stream.oktraffic.org/delay-stream/3ad15e327220c594.stream/playlist.m3u8",
        "streamKey": "3ad15e327220c594.stream"
      }
    },
    {
      "type": "Feature",
      "geometry": {
        "type": "Point",
        "coordinates": [
          -95.76764,
          36.060735
        ]
      },
      "properties": {
        "id": 1735753257319,
        "location": "SH-51 & Kenosha E",
        "poleName": "SH-51 & Kenosha",
        "direction": "E",
        "city": "Tulsa",
        "make": "Axis",
        "model": "P1465",
        "type": "Web",
        "status": "Free",
        "cameraId": 0,
        "port": 6969,
        "videoChannel": 0,
        "urlVar": "axis-media/media.amp?resolution=800x600&camera=2",
        "videoProfile": 1,
        "needsTimeoutPlayer": false,
        "recordTime": "2026-02-19 23:41:16",
        "workzoneId": 0,
        "streamName": "SH-51 & Kenosha E",
        "streamSrc": "https://stream.oktraffic.org/delay-stream/42fc19ad6607c197.stream/playlist.m3u8",
        "streamKey": "42fc19ad6607c197.stream"
      }
    },
    {
      "type": "Feature",
      "geometry": {
        "type": "Point",
        "coordinates": [
          -95.76764,
          36.060735
        ]
      },
      "properties": {
        "id": 1735753438733,
        "location": "SH-51 & Kenosha NW",
        "poleName": "SH-51 & Kenosha",
        "direction": "NW",
        "city": "Tulsa",
        "make": "Axis",
        "model": "P1465",
        "type": "Web",
        "status": "Free",
        "cameraId": 0,
        "port": 6969,
        "videoChannel": 0,
        "urlVar": "axis-media/media.amp?resolution=800x600&camera=2",
        "videoProfile": 1,
        "needsTimeoutPlayer": false,
        "recordTime": "2026-02-19 23:41:16",
        "workzoneId": 0,
        "streamName": "SH-51 & Kenosha NW",
        "streamSrc": "https://stream.oktraffic.org/delay-stream/49a62ac47f7e1f54.stream/playlist.m3u8",
        "streamKey": "49a62ac47f7e1f54.stream"
      }
    },
    {
      "type": "Feature",
      "geometry": {
        "type": "Point",
        "coordinates": [
          -97.054842,
          35.678364
        ]
      },
      "properties": {
        "id": 1740610238615,
        "location": "I-44 & Wellston W",
        "poleName": "I-44 & Wellston",
        "direction": "W",
        "city": "Wellston",
        "make": "Axis",
        "model": "P1465",
        "type": "Web",
        "status": "Free",
        "cameraId": 0,
        "port": 6969,
        "videoChannel": 0,
        "urlVar": "Variable axis-media/media.amp?resolution=800x600&c",
        "videoProfile": 1,
        "needsTimeoutPlayer": false,
        "recordTime": "2026-02-19 23:41:18",
        "workzoneId": 0,
        "streamName": "I-44 & Wellston W",
        "streamSrc": "https://stream.oktraffic.org/delay-stream/b822099d5f5820e4.stream/playlist.m3u8",
        "streamKey": "b822099d5f5820e4.stream"
      }
    },
    {
      "type": "Feature",
      "geometry": {
        "type": "Point",
        "coordinates": [
          -97.054842,
          35.678364
        ]
      },
      "properties": {
        "id": 1740610435237,
        "location": "I-44 & Wellston E",
        "poleName": "I-44 & Wellston",
        "direction": "E",
        "city": "Wellston",
        "make": "Axis",
        "model": "P1465",
        "type": "Web",
        "status": "Free",
        "cameraId": 0,
        "port": 6969,
        "videoChannel": 0,
        "urlVar": "Variable axis-media/media.amp?resolution=800x600&c",
        "videoProfile": 1,
        "needsTimeoutPlayer": false,
        "recordTime": "2026-02-19 23:41:18",
        "workzoneId": 0,
        "streamName": "I-44 & Wellston E",
        "streamSrc": "https://stream.oktraffic.org/delay-stream/806a6ddb8179823d.stream/playlist.m3u8",
        "streamKey": "806a6ddb8179823d.stream"
      }
    },
    {
      "type": "Feature",
      "geometry": {
        "type": "Point",
        "coordinates": [
          -97.485505,
          35.218775
        ]
      },
      "properties": {
        "id": 1755098154526,
        "location": "I-35 & Main N",
        "poleName": "I-35 And Main",
        "direction": "N",
        "city": "Norman",
        "make": "Axis",
        "model": "Q6045",
        "type": "Web",
        "status": "Free",
        "cameraId": 0,
        "port": 81,
        "videoChannel": 0,
        "urlVar": "0",
        "videoProfile": -1,
        "needsTimeoutPlayer": true,
        "recordTime": "2026-02-19 23:41:21",
        "workzoneId": 0,
        "streamName": "I-35 & Main N",
        "streamSrc": "https://stream.oktraffic.org/delay-stream/353162dcacf75505.stream/playlist.m3u8",
        "streamKey": "353162dcacf75505.stream"
      }
    },
    {
      "type": "Feature",
      "geometry": {
        "type": "Point",
        "coordinates": [
          -97.485505,
          35.218775
        ]
      },
      "properties": {
        "id": 1755098395951,
        "location": "I-35 & Main E",
        "poleName": "I-35 And Main",
        "direction": "E",
        "city": "Norman",
        "make": "Axis",
        "model": "P1465",
        "type": "Web",
        "status": "Free",
        "cameraId": 0,
        "port": 82,
        "videoChannel": 0,
        "urlVar": "",
        "videoProfile": -1,
        "needsTimeoutPlayer": true,
        "recordTime": "2026-02-19 23:41:21",
        "workzoneId": 0,
        "streamName": "I-35 & Main E",
        "streamSrc": "https://stream.oktraffic.org/delay-stream/d1450fe14a1d03c2.stream/playlist.m3u8",
        "streamKey": "d1450fe14a1d03c2.stream"
      }
    }
  ],
  "metadata": {
    "title": "OK Traffic Cameras",
    "description": "Video traffic cameras from oktraffic.org",
    "source": "https://oktraffic.org",
    "generated": "2026-02-20T06:09:52.539528+00:00",
    "total_cameras": 393,
    "valid_cameras": 393
  }
}
