{
  "type": "FeatureCollection",
  "features": [
    {
      "type": "Feature",
      "geometry": {
        "type": "Point",
        "coordinates": [
          -95.355711,
          29.76824
        ]
      },
      "properties": {
        "name": "10 EAST @ SAN JACINTO",
        "roadway": "IH-10 East",
        "location": "SAN JACINTO",
        "direction": "South",
        "image": "https://www.houstontranstar.org/snapshots/cctv/1002.jpg",
        "monitor": "0",
        "validimg": "True",
        "frameCount": "6",
        "framePauseMs": "300",
        "page": "https://traffic.houstontranstar.org/cctv/transtar/camera.aspx?cam=1002"
      }
    },
    {
      "type": "Feature",
      "geometry": {
        "type": "Point",
        "coordinates": [
          -95.350532,
          29.769825
        ]
      },
      "properties": {
        "name": "10 EAST @ SAN JACINTO (E)",
        "roadway": "IH-10 East",
        "location": "SAN JACINTO (E)",
        "direction": "South",
        "image": "https://www.houstontranstar.org/snapshots/cctv/1003.jpg",
        "monitor": "0",
        "validimg": "True",
        "frameCount": "1",
        "framePauseMs": "0",
        "page": "https://traffic.houstontranstar.org/cctv/transtar/camera.aspx?cam=1003"
      }
    },
    {
      "type": "Feature",
      "geometry": {
        "type": "Point",
        "coordinates": [
          -95.343662,
          29.770301
        ]
      },
      "properties": {
        "name": "10 EAST @ JENSEN",
        "roadway": "IH-10 East",
        "location": "JENSEN",
        "direction": "North",
        "image": "https://www.houstontranstar.org/snapshots/cctv/1004.jpg",
        "monitor": "0",
        "validimg": "True",
        "frameCount": "1",
        "framePauseMs": "0",
        "page": "https://traffic.houstontranstar.org/cctv/transtar/camera.aspx?cam=1004"
      }
    },
    {
      "type": "Feature",
      "geometry": {
        "type": "Point",
        "coordinates": [
          -95.33566,
          29.769934
        ]
      },
      "properties": {
        "name": "10 East @ Gregg",
        "roadway": "IH-10 East",
        "location": "Gregg",
        "direction": "North",
        "image": "https://www.houstontranstar.org/snapshots/cctv/1005.jpg",
        "monitor": "0",
        "validimg": "True",
        "frameCount": "1",
        "framePauseMs": "0",
        "page": "https://traffic.houstontranstar.org/cctv/transtar/camera.aspx?cam=1005"
      }
    },
    {
      "type": "Feature",
      "geometry": {
        "type": "Point",
        "coordinates": [
          -95.324573,
          29.772866
        ]
      },
      "properties": {
        "name": "10 East @ Waco",
        "roadway": "IH-10 East",
        "location": "Waco",
        "direction": "North",
        "image": "https://www.houstontranstar.org/snapshots/cctv/1006.jpg",
        "monitor": "0",
        "validimg": "True",
        "frameCount": "1",
        "framePauseMs": "0",
        "page": "https://traffic.houstontranstar.org/cctv/transtar/camera.aspx?cam=1006"
      }
    },
    {
      "type": "Feature",
      "geometry": {
        "type": "Point",
        "coordinates": [
          -95.315174,
          29.774346
        ]
      },
      "properties": {
        "name": "10 East @ Lockwood",
        "roadway": "IH-10 East",
        "location": "Lockwood",
        "direction": "North",
        "image": "https://www.houstontranstar.org/snapshots/cctv/1007.jpg",
        "monitor": "0",
        "validimg": "True",
        "frameCount": "1",
        "framePauseMs": "0",
        "page": "https://traffic.houstontranstar.org/cctv/transtar/camera.aspx?cam=1007"
      }
    },
    {
      "type": "Feature",
      "geometry": {
        "type": "Point",
        "coordinates": [
          -95.307547,
          29.77447
        ]
      },
      "properties": {
        "name": "10 East @ Kress",
        "roadway": "IH-10 East",
        "location": "Kress",
        "direction": "North",
        "image": "https://www.houstontranstar.org/snapshots/cctv/1008.jpg",
        "monitor": "0",
        "validimg": "True",
        "frameCount": "1",
        "framePauseMs": "0",
        "page": "https://traffic.houstontranstar.org/cctv/transtar/camera.aspx?cam=1008"
      }
    },
    {
      "type": "Feature",
      "geometry": {
        "type": "Point",
        "coordinates": [
          -95.307547,
          29.777926
        ]
      },
      "properties": {
        "name": "10 East @ Wayside",
        "roadway": "IH-10 East",
        "location": "Wayside",
        "direction": "North",
        "image": "https://www.houstontranstar.org/snapshots/cctv/1009.jpg",
        "monitor": "0",
        "validimg": "True",
        "frameCount": "1",
        "framePauseMs": "0",
        "page": "https://traffic.houstontranstar.org/cctv/transtar/camera.aspx?cam=1009"
      }
    },
    {
      "type": "Feature",
      "geometry": {
        "type": "Point",
        "coordinates": [
          -95.283977,
          29.778162
        ]
      },
      "properties": {
        "name": "10 East @ McCarty",
        "roadway": "IH-10 East",
        "location": "McCarty",
        "direction": "North",
        "image": "https://www.houstontranstar.org/snapshots/cctv/1010.jpg",
        "monitor": "0",
        "validimg": "True",
        "frameCount": "1",
        "framePauseMs": "0",
        "page": "https://traffic.houstontranstar.org/cctv/transtar/camera.aspx?cam=1010"
      }
    },
    {
      "type": "Feature",
      "geometry": {
        "type": "Point",
        "coordinates": [
          -95.265067,
          29.78444
        ]
      },
      "properties": {
        "name": "10 EAST @ GELLHORN",
        "roadway": "IH-10 East",
        "location": "GELLHORN",
        "direction": "North",
        "image": "https://www.houstontranstar.org/snapshots/cctv/1011.jpg",
        "monitor": "0",
        "validimg": "True",
        "frameCount": "1",
        "framePauseMs": "0",
        "page": "https://traffic.houstontranstar.org/cctv/transtar/camera.aspx?cam=1011"
      }
    },
    {
      "type": "Feature",
      "geometry": {
        "type": "Point",
        "coordinates": [
          -95.264098,
          29.775745
        ]
      },
      "properties": {
        "name": "10 East @ East Loop",
        "roadway": "IH-10 East",
        "location": "East Loop",
        "direction": "North",
        "image": "https://www.houstontranstar.org/snapshots/cctv/1012.jpg",
        "monitor": "0",
        "validimg": "True",
        "frameCount": "1",
        "framePauseMs": "0",
        "page": "https://traffic.houstontranstar.org/cctv/transtar/camera.aspx?cam=1012"
      }
    },
    {
      "type": "Feature",
      "geometry": {
        "type": "Point",
        "coordinates": [
          -95.247438,
          29.773795
        ]
      },
      "properties": {
        "name": "10 East @ Mercury",
        "roadway": "IH-10 East",
        "location": "Mercury",
        "direction": "North",
        "image": "https://www.houstontranstar.org/snapshots/cctv/1013.jpg",
        "monitor": "0",
        "validimg": "True",
        "frameCount": "1",
        "framePauseMs": "0",
        "page": "https://traffic.houstontranstar.org/cctv/transtar/camera.aspx?cam=1013"
      }
    },
    {
      "type": "Feature",
      "geometry": {
        "type": "Point",
        "coordinates": [
          -95.232937,
          29.773319
        ]
      },
      "properties": {
        "name": "10 East @ John Ralston",
        "roadway": "IH-10 East",
        "location": "John Ralston",
        "direction": "North",
        "image": "https://www.houstontranstar.org/snapshots/cctv/1014.jpg",
        "monitor": "0",
        "validimg": "True",
        "frameCount": "1",
        "framePauseMs": "0",
        "page": "https://traffic.houstontranstar.org/cctv/transtar/camera.aspx?cam=1014"
      }
    },
    {
      "type": "Feature",
      "geometry": {
        "type": "Point",
        "coordinates": [
          -95.213675,
          29.77081
        ]
      },
      "properties": {
        "name": "10 East @ Federal",
        "roadway": "IH-10 East",
        "location": "Federal",
        "direction": "North",
        "image": "https://www.houstontranstar.org/snapshots/cctv/1015.jpg",
        "monitor": "0",
        "validimg": "True",
        "frameCount": "1",
        "framePauseMs": "0",
        "page": "https://traffic.houstontranstar.org/cctv/transtar/camera.aspx?cam=1015"
      }
    },
    {
      "type": "Feature",
      "geometry": {
        "type": "Point",
        "coordinates": [
          -95.206184,
          29.771504
        ]
      },
      "properties": {
        "name": "10 East @ Normandy",
        "roadway": "IH-10 East",
        "location": "Normandy",
        "direction": "North",
        "image": "https://www.houstontranstar.org/snapshots/cctv/1016.jpg",
        "monitor": "0",
        "validimg": "False",
        "frameCount": "1",
        "framePauseMs": "0",
        "page": "https://traffic.houstontranstar.org/cctv/transtar/camera.aspx?cam=1016"
      }
    },
    {
      "type": "Feature",
      "geometry": {
        "type": "Point",
        "coordinates": [
          -95.18648,
          29.770824
        ]
      },
      "properties": {
        "name": "10 East @ Uvalde",
        "roadway": "IH-10 East",
        "location": "Uvalde",
        "direction": "North",
        "image": "https://www.houstontranstar.org/snapshots/cctv/1017.jpg",
        "monitor": "0",
        "validimg": "True",
        "frameCount": "1",
        "framePauseMs": "0",
        "page": "https://traffic.houstontranstar.org/cctv/transtar/camera.aspx?cam=1017"
      }
    },
    {
      "type": "Feature",
      "geometry": {
        "type": "Point",
        "coordinates": [
          -95.177835,
          29.77077
        ]
      },
      "properties": {
        "name": "10 East @ Freeport",
        "roadway": "IH-10 East",
        "location": "Freeport",
        "direction": "North",
        "image": "https://www.houstontranstar.org/snapshots/cctv/1018.jpg",
        "monitor": "0",
        "validimg": "True",
        "frameCount": "1",
        "framePauseMs": "0",
        "page": "https://traffic.houstontranstar.org/cctv/transtar/camera.aspx?cam=1018"
      }
    },
    {
      "type": "Feature",
      "geometry": {
        "type": "Point",
        "coordinates": [
          -95.153748,
          29.771287
        ]
      },
      "properties": {
        "name": "10 East @ East BW-8 (W)",
        "roadway": "IH-10 East",
        "location": "East BW-8 (W)",
        "direction": "North",
        "image": "https://www.houstontranstar.org/snapshots/cctv/1019.jpg",
        "monitor": "0",
        "validimg": "False",
        "frameCount": "1",
        "framePauseMs": "0",
        "page": "https://traffic.houstontranstar.org/cctv/transtar/camera.aspx?cam=1019"
      }
    },
    {
      "type": "Feature",
      "geometry": {
        "type": "Point",
        "coordinates": [
          -95.374742,
          29.757662
        ]
      },
      "properties": {
        "name": "45 Gulf @ West Dallas",
        "roadway": "IH-45 Gulf",
        "location": "West Dallas",
        "direction": "East",
        "image": "https://www.houstontranstar.org/snapshots/cctv/102.jpg",
        "monitor": "0",
        "validimg": "True",
        "frameCount": "6",
        "framePauseMs": "300",
        "page": "https://traffic.houstontranstar.org/cctv/transtar/camera.aspx?cam=102"
      }
    },
    {
      "type": "Feature",
      "geometry": {
        "type": "Point",
        "coordinates": [
          -95.153435,
          29.77132
        ]
      },
      "properties": {
        "name": "10 East @ East BW-8 (E)",
        "roadway": "IH-10 East",
        "location": "East BW-8 (E)",
        "direction": "North",
        "image": "https://www.houstontranstar.org/snapshots/cctv/1020.jpg",
        "monitor": "0",
        "validimg": "True",
        "frameCount": "1",
        "framePauseMs": "0",
        "page": "https://traffic.houstontranstar.org/cctv/transtar/camera.aspx?cam=1020"
      }
    },
    {
      "type": "Feature",
      "geometry": {
        "type": "Point",
        "coordinates": [
          -95.13848,
          29.774877
        ]
      },
      "properties": {
        "name": "IH-10 EAST @ DELL DALE",
        "roadway": "IH-10 East",
        "location": "DELL DALE",
        "direction": "North",
        "image": "https://www.houstontranstar.org/snapshots/cctv/1021.jpg",
        "monitor": "0",
        "validimg": "True",
        "frameCount": "1",
        "framePauseMs": "0",
        "page": "https://traffic.houstontranstar.org/cctv/transtar/camera.aspx?cam=1021"
      }
    },
    {
      "type": "Feature",
      "geometry": {
        "type": "Point",
        "coordinates": [
          -95.124498,
          29.778262
        ]
      },
      "properties": {
        "name": "10 East @ Sheldon",
        "roadway": "IH-10 East",
        "location": "Sheldon",
        "direction": "North",
        "image": "https://www.houstontranstar.org/snapshots/cctv/1022.jpg",
        "monitor": "0",
        "validimg": "True",
        "frameCount": "1",
        "framePauseMs": "0",
        "page": "https://traffic.houstontranstar.org/cctv/transtar/camera.aspx?cam=1022"
      }
    },
    {
      "type": "Feature",
      "geometry": {
        "type": "Point",
        "coordinates": [
          -95.10662,
          29.785282
        ]
      },
      "properties": {
        "name": "10 East @ Cedar Lane",
        "roadway": "IH-10 East",
        "location": "Cedar Lane",
        "direction": "North",
        "image": "https://www.houstontranstar.org/snapshots/cctv/1023.jpg",
        "monitor": "0",
        "validimg": "True",
        "frameCount": "1",
        "framePauseMs": "0",
        "page": "https://traffic.houstontranstar.org/cctv/transtar/camera.aspx?cam=1023"
      }
    },
    {
      "type": "Feature",
      "geometry": {
        "type": "Point",
        "coordinates": [
          -95.089588,
          29.790648
        ]
      },
      "properties": {
        "name": "10 East @ Magnolia",
        "roadway": "IH-10 East",
        "location": "Magnolia",
        "direction": "North",
        "image": "https://www.houstontranstar.org/snapshots/cctv/1024.jpg",
        "monitor": "0",
        "validimg": "True",
        "frameCount": "1",
        "framePauseMs": "0",
        "page": "https://traffic.houstontranstar.org/cctv/transtar/camera.aspx?cam=1024"
      }
    },
    {
      "type": "Feature",
      "geometry": {
        "type": "Point",
        "coordinates": [
          -95.079913,
          29.792605
        ]
      },
      "properties": {
        "name": "10 East @ Monmouth",
        "roadway": "IH-10 East",
        "location": "Monmouth",
        "direction": "North",
        "image": "https://www.houstontranstar.org/snapshots/cctv/1025.jpg",
        "monitor": "0",
        "validimg": "True",
        "frameCount": "1",
        "framePauseMs": "0",
        "page": "https://traffic.houstontranstar.org/cctv/transtar/camera.aspx?cam=1025"
      }
    },
    {
      "type": "Feature",
      "geometry": {
        "type": "Point",
        "coordinates": [
          -95.07399,
          29.794459
        ]
      },
      "properties": {
        "name": "10 East @ San Jacinto River",
        "roadway": "IH-10 East",
        "location": "San Jacinto River",
        "direction": "North",
        "image": "https://www.houstontranstar.org/snapshots/cctv/1026.jpg",
        "monitor": "0",
        "validimg": "True",
        "frameCount": "1",
        "framePauseMs": "0",
        "page": "https://traffic.houstontranstar.org/cctv/transtar/camera.aspx?cam=1026"
      }
    },
    {
      "type": "Feature",
      "geometry": {
        "type": "Point",
        "coordinates": [
          -95.07399,
          29.79459
        ]
      },
      "properties": {
        "name": "10 East @ Crosby Lynchburg",
        "roadway": "IH-10 East",
        "location": "Crosby Lynchburg",
        "direction": "North",
        "image": "https://www.houstontranstar.org/snapshots/cctv/1027.jpg",
        "monitor": "0",
        "validimg": "True",
        "frameCount": "1",
        "framePauseMs": "0",
        "page": "https://traffic.houstontranstar.org/cctv/transtar/camera.aspx?cam=1027"
      }
    },
    {
      "type": "Feature",
      "geometry": {
        "type": "Point",
        "coordinates": [
          -95.049017,
          29.790872
        ]
      },
      "properties": {
        "name": "10 East @ Spur 330",
        "roadway": "IH-10 East",
        "location": "Spur 330",
        "direction": "North",
        "image": "https://www.houstontranstar.org/snapshots/cctv/1028.jpg",
        "monitor": "0",
        "validimg": "True",
        "frameCount": "1",
        "framePauseMs": "0",
        "page": "https://traffic.houstontranstar.org/cctv/transtar/camera.aspx?cam=1028"
      }
    },
    {
      "type": "Feature",
      "geometry": {
        "type": "Point",
        "coordinates": [
          -95.037689,
          29.795776
        ]
      },
      "properties": {
        "name": "IH-10 East @ Thompson (W)",
        "roadway": "IH-10 East",
        "location": "Thompson (W)",
        "direction": "North",
        "image": "https://www.houstontranstar.org/snapshots/cctv/1029.jpg",
        "monitor": "0",
        "validimg": "True",
        "frameCount": "1",
        "framePauseMs": "0",
        "page": "https://traffic.houstontranstar.org/cctv/transtar/camera.aspx?cam=1029"
      }
    },
    {
      "type": "Feature",
      "geometry": {
        "type": "Point",
        "coordinates": [
          -95.369384,
          29.748155
        ]
      },
      "properties": {
        "name": "45 Gulf @ San Jacinto",
        "roadway": "IH-45 Gulf",
        "location": "San Jacinto",
        "direction": "East",
        "image": "https://www.houstontranstar.org/snapshots/cctv/103.jpg",
        "monitor": "0",
        "validimg": "True",
        "frameCount": "1",
        "framePauseMs": "0",
        "page": "https://traffic.houstontranstar.org/cctv/transtar/camera.aspx?cam=103"
      }
    },
    {
      "type": "Feature",
      "geometry": {
        "type": "Point",
        "coordinates": [
          -95.031738,
          29.797054
        ]
      },
      "properties": {
        "name": "IH-10 East @ Thompson",
        "roadway": "IH-10 East",
        "location": "Thompson",
        "direction": "North",
        "image": "https://www.houstontranstar.org/snapshots/cctv/1030.jpg",
        "monitor": "0",
        "validimg": "True",
        "frameCount": "1",
        "framePauseMs": "0",
        "page": "https://traffic.houstontranstar.org/cctv/transtar/camera.aspx?cam=1030"
      }
    },
    {
      "type": "Feature",
      "geometry": {
        "type": "Point",
        "coordinates": [
          -95.02459,
          29.800194
        ]
      },
      "properties": {
        "name": "IH-10 East @ Thompson (E)",
        "roadway": "IH-10 East",
        "location": "Thompson (E)",
        "direction": "North",
        "image": "https://www.houstontranstar.org/snapshots/cctv/1031.jpg",
        "monitor": "0",
        "validimg": "True",
        "frameCount": "1",
        "framePauseMs": "0",
        "page": "https://traffic.houstontranstar.org/cctv/transtar/camera.aspx?cam=1031"
      }
    },
    {
      "type": "Feature",
      "geometry": {
        "type": "Point",
        "coordinates": [
          -95.016502,
          29.799671
        ]
      },
      "properties": {
        "name": "IH-10 East @ Wade",
        "roadway": "IH-10 East",
        "location": "Wade",
        "direction": "North",
        "image": "https://www.houstontranstar.org/snapshots/cctv/1032.jpg",
        "monitor": "0",
        "validimg": "True",
        "frameCount": "1",
        "framePauseMs": "0",
        "page": "https://traffic.houstontranstar.org/cctv/transtar/camera.aspx?cam=1032"
      }
    },
    {
      "type": "Feature",
      "geometry": {
        "type": "Point",
        "coordinates": [
          -95.005196,
          29.801291
        ]
      },
      "properties": {
        "name": "IH-10 East @ John Martin (W)",
        "roadway": "IH-10 East",
        "location": "John Martin (W)",
        "direction": "North",
        "image": "https://www.houstontranstar.org/snapshots/cctv/1033.jpg",
        "monitor": "0",
        "validimg": "True",
        "frameCount": "1",
        "framePauseMs": "0",
        "page": "https://traffic.houstontranstar.org/cctv/transtar/camera.aspx?cam=1033"
      }
    },
    {
      "type": "Feature",
      "geometry": {
        "type": "Point",
        "coordinates": [
          -94.997864,
          29.802462
        ]
      },
      "properties": {
        "name": "IH-10 East @ John Martin",
        "roadway": "IH-10 East",
        "location": "John Martin",
        "direction": "North",
        "image": "https://www.houstontranstar.org/snapshots/cctv/1034.jpg",
        "monitor": "0",
        "validimg": "True",
        "frameCount": "1",
        "framePauseMs": "0",
        "page": "https://traffic.houstontranstar.org/cctv/transtar/camera.aspx?cam=1034"
      }
    },
    {
      "type": "Feature",
      "geometry": {
        "type": "Point",
        "coordinates": [
          -94.990349,
          29.803457
        ]
      },
      "properties": {
        "name": "IH-10 East @ Garth Rd. (W)",
        "roadway": "IH-10 East",
        "location": "Garth Rd. (W)",
        "direction": "North",
        "image": "https://www.houstontranstar.org/snapshots/cctv/1035.jpg",
        "monitor": "0",
        "validimg": "True",
        "frameCount": "1",
        "framePauseMs": "0",
        "page": "https://traffic.houstontranstar.org/cctv/transtar/camera.aspx?cam=1035"
      }
    },
    {
      "type": "Feature",
      "geometry": {
        "type": "Point",
        "coordinates": [
          -94.981575,
          29.804554
        ]
      },
      "properties": {
        "name": "IH-10 East @ Garth Rd.",
        "roadway": "IH-10 East",
        "location": "Garth Rd.",
        "direction": "North",
        "image": "https://www.houstontranstar.org/snapshots/cctv/1036.jpg",
        "monitor": "0",
        "validimg": "True",
        "frameCount": "1",
        "framePauseMs": "0",
        "page": "https://traffic.houstontranstar.org/cctv/transtar/camera.aspx?cam=1036"
      }
    },
    {
      "type": "Feature",
      "geometry": {
        "type": "Point",
        "coordinates": [
          -94.974788,
          29.805825
        ]
      },
      "properties": {
        "name": "IH-10 East @ Garth (E)",
        "roadway": "IH-10 East",
        "location": "Garth (E)",
        "direction": "North",
        "image": "https://www.houstontranstar.org/snapshots/cctv/1037.jpg",
        "monitor": "0",
        "validimg": "True",
        "frameCount": "1",
        "framePauseMs": "0",
        "page": "https://traffic.houstontranstar.org/cctv/transtar/camera.aspx?cam=1037"
      }
    },
    {
      "type": "Feature",
      "geometry": {
        "type": "Point",
        "coordinates": [
          -94.965523,
          29.808139
        ]
      },
      "properties": {
        "name": "IH-10 East @ N Main",
        "roadway": "IH-10 East",
        "location": "N Main",
        "direction": "North",
        "image": "https://www.houstontranstar.org/snapshots/cctv/1038.jpg",
        "monitor": "0",
        "validimg": "True",
        "frameCount": "1",
        "framePauseMs": "0",
        "page": "https://traffic.houstontranstar.org/cctv/transtar/camera.aspx?cam=1038"
      }
    },
    {
      "type": "Feature",
      "geometry": {
        "type": "Point",
        "coordinates": [
          -94.954012,
          29.809473
        ]
      },
      "properties": {
        "name": "IH-10 East @ N Main (E)",
        "roadway": "IH-10 East",
        "location": "N Main (E)",
        "direction": "South",
        "image": "https://www.houstontranstar.org/snapshots/cctv/1039.jpg",
        "monitor": "0",
        "validimg": "True",
        "frameCount": "1",
        "framePauseMs": "0",
        "page": "https://traffic.houstontranstar.org/cctv/transtar/camera.aspx?cam=1039"
      }
    },
    {
      "type": "Feature",
      "geometry": {
        "type": "Point",
        "coordinates": [
          -95.35942,
          29.74351
        ]
      },
      "properties": {
        "name": "45 GULF @ EAST BASTROP",
        "roadway": "IH-45 Gulf",
        "location": "EAST BASTROP",
        "direction": "East",
        "image": "https://www.houstontranstar.org/snapshots/cctv/104.jpg",
        "monitor": "0",
        "validimg": "True",
        "frameCount": "1",
        "framePauseMs": "0",
        "page": "https://traffic.houstontranstar.org/cctv/transtar/camera.aspx?cam=104"
      }
    },
    {
      "type": "Feature",
      "geometry": {
        "type": "Point",
        "coordinates": [
          -94.947077,
          29.810928
        ]
      },
      "properties": {
        "name": "IH-10 East @ Sjolander (W)",
        "roadway": "IH-10 East",
        "location": "Sjolander (W)",
        "direction": "North",
        "image": "https://www.houstontranstar.org/snapshots/cctv/1040.jpg",
        "monitor": "0",
        "validimg": "True",
        "frameCount": "1",
        "framePauseMs": "0",
        "page": "https://traffic.houstontranstar.org/cctv/transtar/camera.aspx?cam=1040"
      }
    },
    {
      "type": "Feature",
      "geometry": {
        "type": "Point",
        "coordinates": [
          -94.938806,
          29.81276
        ]
      },
      "properties": {
        "name": "IH-10 East @ Sjolander",
        "roadway": "IH-10 East",
        "location": "Sjolander",
        "direction": "North",
        "image": "https://www.houstontranstar.org/snapshots/cctv/1041.jpg",
        "monitor": "0",
        "validimg": "True",
        "frameCount": "1",
        "framePauseMs": "0",
        "page": "https://traffic.houstontranstar.org/cctv/transtar/camera.aspx?cam=1041"
      }
    },
    {
      "type": "Feature",
      "geometry": {
        "type": "Point",
        "coordinates": [
          -94.928121,
          29.816985
        ]
      },
      "properties": {
        "name": "IH-10 East @ Sjolander (E)",
        "roadway": "IH-10 East",
        "location": "Sjolander (E)",
        "direction": "South",
        "image": "https://www.houstontranstar.org/snapshots/cctv/1042.jpg",
        "monitor": "0",
        "validimg": "True",
        "frameCount": "1",
        "framePauseMs": "0",
        "page": "https://traffic.houstontranstar.org/cctv/transtar/camera.aspx?cam=1042"
      }
    },
    {
      "type": "Feature",
      "geometry": {
        "type": "Point",
        "coordinates": [
          -94.915314,
          29.821585
        ]
      },
      "properties": {
        "name": "IH-10 East @ Union Pacific Railroad",
        "roadway": "IH-10 East",
        "location": "Union Pacific Railroad",
        "direction": "North",
        "image": "https://www.houstontranstar.org/snapshots/cctv/1043.jpg",
        "monitor": "0",
        "validimg": "True",
        "frameCount": "1",
        "framePauseMs": "0",
        "page": "https://traffic.houstontranstar.org/cctv/transtar/camera.aspx?cam=1043"
      }
    },
    {
      "type": "Feature",
      "geometry": {
        "type": "Point",
        "coordinates": [
          -94.907625,
          29.821324
        ]
      },
      "properties": {
        "name": "IH-10 East @ SH 146 (W)",
        "roadway": "IH-10 East",
        "location": "SH 146 (W)",
        "direction": "North",
        "image": "https://www.houstontranstar.org/snapshots/cctv/1044.jpg",
        "monitor": "0",
        "validimg": "True",
        "frameCount": "1",
        "framePauseMs": "0",
        "page": "https://traffic.houstontranstar.org/cctv/transtar/camera.aspx?cam=1044"
      }
    },
    {
      "type": "Feature",
      "geometry": {
        "type": "Point",
        "coordinates": [
          -94.899575,
          29.821035
        ]
      },
      "properties": {
        "name": "IH-10 East @ SH 146",
        "roadway": "IH-10 East",
        "location": "SH 146",
        "direction": "South",
        "image": "https://www.houstontranstar.org/snapshots/cctv/1045.jpg",
        "monitor": "0",
        "validimg": "True",
        "frameCount": "1",
        "framePauseMs": "0",
        "page": "https://traffic.houstontranstar.org/cctv/transtar/camera.aspx?cam=1045"
      }
    },
    {
      "type": "Feature",
      "geometry": {
        "type": "Point",
        "coordinates": [
          -94.891094,
          29.822074
        ]
      },
      "properties": {
        "name": "IH-10 East @ SH 146 (E)",
        "roadway": "IH-10 East",
        "location": "SH 146 (E)",
        "direction": "South",
        "image": "https://www.houstontranstar.org/snapshots/cctv/1046.jpg",
        "monitor": "0",
        "validimg": "True",
        "frameCount": "1",
        "framePauseMs": "0",
        "page": "https://traffic.houstontranstar.org/cctv/transtar/camera.aspx?cam=1046"
      }
    },
    {
      "type": "Feature",
      "geometry": {
        "type": "Point",
        "coordinates": [
          -94.884175,
          29.823121
        ]
      },
      "properties": {
        "name": "IH-10 East @ NeedlePoint Rd (W)",
        "roadway": "IH-10 East",
        "location": "NeedlePoint Rd (W)",
        "direction": "North",
        "image": "https://www.houstontranstar.org/snapshots/cctv/1047.jpg",
        "monitor": "0",
        "validimg": "True",
        "frameCount": "1",
        "framePauseMs": "0",
        "page": "https://traffic.houstontranstar.org/cctv/transtar/camera.aspx?cam=1047"
      }
    },
    {
      "type": "Feature",
      "geometry": {
        "type": "Point",
        "coordinates": [
          -94.876566,
          29.823329
        ]
      },
      "properties": {
        "name": "IH-10 East @ NeedlePoint Rd",
        "roadway": "IH-10 East",
        "location": "NeedlePoint Rd",
        "direction": "South",
        "image": "https://www.houstontranstar.org/snapshots/cctv/1048.jpg",
        "monitor": "0",
        "validimg": "True",
        "frameCount": "1",
        "framePauseMs": "0",
        "page": "https://traffic.houstontranstar.org/cctv/transtar/camera.aspx?cam=1048"
      }
    },
    {
      "type": "Feature",
      "geometry": {
        "type": "Point",
        "coordinates": [
          -94.86683,
          29.8242
        ]
      },
      "properties": {
        "name": "IH-10 East @ SH 99 (W)",
        "roadway": "IH-10 East",
        "location": "SH 99 (W)",
        "direction": "South",
        "image": "https://www.houstontranstar.org/snapshots/cctv/1049.jpg",
        "monitor": "0",
        "validimg": "True",
        "frameCount": "1",
        "framePauseMs": "0",
        "page": "https://traffic.houstontranstar.org/cctv/transtar/camera.aspx?cam=1049"
      }
    },
    {
      "type": "Feature",
      "geometry": {
        "type": "Point",
        "coordinates": [
          -95.359781,
          29.742955
        ]
      },
      "properties": {
        "name": "45 Gulf @ West Bastrop",
        "roadway": "IH-45 Gulf",
        "location": "West Bastrop",
        "direction": "West",
        "image": "https://www.houstontranstar.org/snapshots/cctv/105.jpg",
        "monitor": "0",
        "validimg": "False",
        "frameCount": "1",
        "framePauseMs": "0",
        "page": "https://traffic.houstontranstar.org/cctv/transtar/camera.aspx?cam=105"
      }
    },
    {
      "type": "Feature",
      "geometry": {
        "type": "Point",
        "coordinates": [
          -94.865203,
          29.824765
        ]
      },
      "properties": {
        "name": "IH-10 East @ SH 99 (E)",
        "roadway": "IH-10 East",
        "location": "SH 99 (E)",
        "direction": "North",
        "image": "https://www.houstontranstar.org/snapshots/cctv/1050.jpg",
        "monitor": "0",
        "validimg": "True",
        "frameCount": "1",
        "framePauseMs": "0",
        "page": "https://traffic.houstontranstar.org/cctv/transtar/camera.aspx?cam=1050"
      }
    },
    {
      "type": "Feature",
      "geometry": {
        "type": "Point",
        "coordinates": [
          -95.346525,
          29.7352479
        ]
      },
      "properties": {
        "name": "45 Gulf @ Scott",
        "roadway": "IH-45 Gulf",
        "location": "Scott",
        "direction": "East",
        "image": "https://www.houstontranstar.org/snapshots/cctv/106.jpg",
        "monitor": "0",
        "validimg": "True",
        "frameCount": "1",
        "framePauseMs": "0",
        "page": "https://traffic.houstontranstar.org/cctv/transtar/camera.aspx?cam=106"
      }
    },
    {
      "type": "Feature",
      "geometry": {
        "type": "Point",
        "coordinates": [
          -95.335615,
          29.7275297
        ]
      },
      "properties": {
        "name": "45 Gulf @ Lockwood",
        "roadway": "IH-45 Gulf",
        "location": "Lockwood",
        "direction": "East",
        "image": "https://www.houstontranstar.org/snapshots/cctv/107.jpg",
        "monitor": "0",
        "validimg": "True",
        "frameCount": "1",
        "framePauseMs": "0",
        "page": "https://traffic.houstontranstar.org/cctv/transtar/camera.aspx?cam=107"
      }
    },
    {
      "type": "Feature",
      "geometry": {
        "type": "Point",
        "coordinates": [
          -95.331517,
          29.724034
        ]
      },
      "properties": {
        "name": "45 Gulf @ Tellepsen (N)",
        "roadway": "IH-45 Gulf",
        "location": "Tellepsen (N)",
        "direction": "West",
        "image": "https://www.houstontranstar.org/snapshots/cctv/108.jpg",
        "monitor": "0",
        "validimg": "True",
        "frameCount": "1",
        "framePauseMs": "0",
        "page": "https://traffic.houstontranstar.org/cctv/transtar/camera.aspx?cam=108"
      }
    },
    {
      "type": "Feature",
      "geometry": {
        "type": "Point",
        "coordinates": [
          -95.320217,
          29.7183308
        ]
      },
      "properties": {
        "name": "45 Gulf @ Telephone",
        "roadway": "IH-45 Gulf",
        "location": "Telephone",
        "direction": "East",
        "image": "https://www.houstontranstar.org/snapshots/cctv/109.jpg",
        "monitor": "0",
        "validimg": "True",
        "frameCount": "1",
        "framePauseMs": "0",
        "page": "https://traffic.houstontranstar.org/cctv/transtar/camera.aspx?cam=109"
      }
    },
    {
      "type": "Feature",
      "geometry": {
        "type": "Point",
        "coordinates": [
          -95.306837,
          29.7096919
        ]
      },
      "properties": {
        "name": "45 Gulf @ Griggs",
        "roadway": "IH-45 Gulf",
        "location": "Griggs",
        "direction": "East",
        "image": "https://www.houstontranstar.org/snapshots/cctv/110.jpg",
        "monitor": "0",
        "validimg": "True",
        "frameCount": "1",
        "framePauseMs": "0",
        "page": "https://traffic.houstontranstar.org/cctv/transtar/camera.aspx?cam=110"
      }
    },
    {
      "type": "Feature",
      "geometry": {
        "type": "Point",
        "coordinates": [
          -95.289677,
          29.6975365
        ]
      },
      "properties": {
        "name": "45 Gulf @ South Loop (N)",
        "roadway": "IH-45 Gulf",
        "location": "South Loop (N)",
        "direction": "West",
        "image": "https://www.houstontranstar.org/snapshots/cctv/111.jpg",
        "monitor": "0",
        "validimg": "True",
        "frameCount": "1",
        "framePauseMs": "0",
        "page": "https://traffic.houstontranstar.org/cctv/transtar/camera.aspx?cam=111"
      }
    },
    {
      "type": "Feature",
      "geometry": {
        "type": "Point",
        "coordinates": [
          -95.28824,
          29.697356
        ]
      },
      "properties": {
        "name": "45 Gulf @ South Loop (S)",
        "roadway": "IH-45 Gulf",
        "location": "South Loop (S)",
        "direction": "East",
        "image": "https://www.houstontranstar.org/snapshots/cctv/112.jpg",
        "monitor": "0",
        "validimg": "True",
        "frameCount": "6",
        "framePauseMs": "300",
        "page": "https://traffic.houstontranstar.org/cctv/transtar/camera.aspx?cam=112"
      }
    },
    {
      "type": "Feature",
      "geometry": {
        "type": "Point",
        "coordinates": [
          -95.278277,
          29.686365
        ]
      },
      "properties": {
        "name": "45 Gulf @ Broadway",
        "roadway": "IH-45 Gulf",
        "location": "Broadway",
        "direction": "East",
        "image": "https://www.houstontranstar.org/snapshots/cctv/113.jpg",
        "monitor": "0",
        "validimg": "True",
        "frameCount": "1",
        "framePauseMs": "0",
        "page": "https://traffic.houstontranstar.org/cctv/transtar/camera.aspx?cam=113"
      }
    },
    {
      "type": "Feature",
      "geometry": {
        "type": "Point",
        "coordinates": [
          -95.267546,
          29.675135
        ]
      },
      "properties": {
        "name": "45 Gulf @ Howard",
        "roadway": "IH-45 Gulf",
        "location": "Howard",
        "direction": "West",
        "image": "https://www.houstontranstar.org/snapshots/cctv/114.jpg",
        "monitor": "0",
        "validimg": "True",
        "frameCount": "1",
        "framePauseMs": "0",
        "page": "https://traffic.houstontranstar.org/cctv/transtar/camera.aspx?cam=114"
      }
    },
    {
      "type": "Feature",
      "geometry": {
        "type": "Point",
        "coordinates": [
          -95.262383,
          29.668571
        ]
      },
      "properties": {
        "name": "45 GULF @ Monroe",
        "roadway": "IH-45 Gulf",
        "location": "Monroe",
        "direction": "West",
        "image": "https://www.houstontranstar.org/snapshots/cctv/115.jpg",
        "monitor": "0",
        "validimg": "True",
        "frameCount": "1",
        "framePauseMs": "0",
        "page": "https://traffic.houstontranstar.org/cctv/transtar/camera.aspx?cam=115"
      }
    },
    {
      "type": "Feature",
      "geometry": {
        "type": "Point",
        "coordinates": [
          -95.258784,
          29.663202
        ]
      },
      "properties": {
        "name": "45 Gulf @ Monroe Park and Ride",
        "roadway": "IH-45 Gulf",
        "location": "Monroe Park and Ride",
        "direction": "West",
        "image": "https://www.houstontranstar.org/snapshots/cctv/116.jpg",
        "monitor": "0",
        "validimg": "True",
        "frameCount": "1",
        "framePauseMs": "0",
        "page": "https://traffic.houstontranstar.org/cctv/transtar/camera.aspx?cam=116"
      }
    },
    {
      "type": "Feature",
      "geometry": {
        "type": "Point",
        "coordinates": [
          -95.251276,
          29.651998
        ]
      },
      "properties": {
        "name": "45 GULF @ COLLEGE/AIRPORT",
        "roadway": "IH-45 Gulf",
        "location": "COLLEGE/AIRPORT",
        "direction": "West",
        "image": "https://www.houstontranstar.org/snapshots/cctv/117.jpg",
        "monitor": "0",
        "validimg": "True",
        "frameCount": "1",
        "framePauseMs": "0",
        "page": "https://traffic.houstontranstar.org/cctv/transtar/camera.aspx?cam=117"
      }
    },
    {
      "type": "Feature",
      "geometry": {
        "type": "Point",
        "coordinates": [
          -95.242997,
          29.640288
        ]
      },
      "properties": {
        "name": "45 Gulf @ Edgebrook",
        "roadway": "IH-45 Gulf",
        "location": "Edgebrook",
        "direction": "West",
        "image": "https://www.houstontranstar.org/snapshots/cctv/118.jpg",
        "monitor": "0",
        "validimg": "True",
        "frameCount": "1",
        "framePauseMs": "0",
        "page": "https://traffic.houstontranstar.org/cctv/transtar/camera.aspx?cam=118"
      }
    },
    {
      "type": "Feature",
      "geometry": {
        "type": "Point",
        "coordinates": [
          -95.230045,
          29.628512
        ]
      },
      "properties": {
        "name": "45 Gulf @ Almeda Genoa",
        "roadway": "IH-45 Gulf",
        "location": "Almeda Genoa",
        "direction": "West",
        "image": "https://www.houstontranstar.org/snapshots/cctv/119.jpg",
        "monitor": "0",
        "validimg": "True",
        "frameCount": "1",
        "framePauseMs": "0",
        "page": "https://traffic.houstontranstar.org/cctv/transtar/camera.aspx?cam=119"
      }
    },
    {
      "type": "Feature",
      "geometry": {
        "type": "Point",
        "coordinates": [
          -95.216124,
          29.615934
        ]
      },
      "properties": {
        "name": "45 Gulf @ Fuqua",
        "roadway": "IH-45 Gulf",
        "location": "Fuqua",
        "direction": "West",
        "image": "https://www.houstontranstar.org/snapshots/cctv/120.jpg",
        "monitor": "0",
        "validimg": "True",
        "frameCount": "1",
        "framePauseMs": "0",
        "page": "https://traffic.houstontranstar.org/cctv/transtar/camera.aspx?cam=120"
      }
    },
    {
      "type": "Feature",
      "geometry": {
        "type": "Point",
        "coordinates": [
          -95.35948,
          29.74889
        ]
      },
      "properties": {
        "name": "69 Eastex @ IH 45",
        "roadway": "IH-69 Eastex",
        "location": "IH-45 Gulf",
        "direction": "West",
        "image": "https://www.houstontranstar.org/snapshots/cctv/1202.jpg",
        "monitor": "0",
        "validimg": "True",
        "frameCount": "6",
        "framePauseMs": "300",
        "page": "https://traffic.houstontranstar.org/cctv/transtar/camera.aspx?cam=1202"
      }
    },
    {
      "type": "Feature",
      "geometry": {
        "type": "Point",
        "coordinates": [
          -95.35443,
          29.75501
        ]
      },
      "properties": {
        "name": "69 Eastex @ Texas",
        "roadway": "IH-69 Eastex",
        "location": "Texas",
        "direction": "West",
        "image": "https://www.houstontranstar.org/snapshots/cctv/1203.jpg",
        "monitor": "0",
        "validimg": "True",
        "frameCount": "1",
        "framePauseMs": "0",
        "page": "https://traffic.houstontranstar.org/cctv/transtar/camera.aspx?cam=1203"
      }
    },
    {
      "type": "Feature",
      "geometry": {
        "type": "Point",
        "coordinates": [
          -95.35191,
          29.75824
        ]
      },
      "properties": {
        "name": "69 Eastex @ Franklin",
        "roadway": "IH-69 Eastex",
        "location": "Franklin",
        "direction": "West",
        "image": "https://www.houstontranstar.org/snapshots/cctv/1204.jpg",
        "monitor": "0",
        "validimg": "True",
        "frameCount": "1",
        "framePauseMs": "0",
        "page": "https://traffic.houstontranstar.org/cctv/transtar/camera.aspx?cam=1204"
      }
    },
    {
      "type": "Feature",
      "geometry": {
        "type": "Point",
        "coordinates": [
          -95.34624,
          29.76646
        ]
      },
      "properties": {
        "name": "69 Eastex @ IH 10",
        "roadway": "IH-69 Eastex",
        "location": "IH-10 East",
        "direction": "East",
        "image": "https://www.houstontranstar.org/snapshots/cctv/1205.jpg",
        "monitor": "0",
        "validimg": "True",
        "frameCount": "1",
        "framePauseMs": "0",
        "page": "https://traffic.houstontranstar.org/cctv/transtar/camera.aspx?cam=1205"
      }
    },
    {
      "type": "Feature",
      "geometry": {
        "type": "Point",
        "coordinates": [
          -95.33987,
          29.7745
        ]
      },
      "properties": {
        "name": "69 Eastex @ Lyons",
        "roadway": "IH-69 Eastex",
        "location": "Lyons",
        "direction": "East",
        "image": "https://www.houstontranstar.org/snapshots/cctv/1206.jpg",
        "monitor": "0",
        "validimg": "True",
        "frameCount": "1",
        "framePauseMs": "0",
        "page": "https://traffic.houstontranstar.org/cctv/transtar/camera.aspx?cam=1206"
      }
    },
    {
      "type": "Feature",
      "geometry": {
        "type": "Point",
        "coordinates": [
          -95.33943,
          29.78457
        ]
      },
      "properties": {
        "name": "69 Eastex @ Liberty",
        "roadway": "IH-69 Eastex",
        "location": "Liberty",
        "direction": "East",
        "image": "https://www.houstontranstar.org/snapshots/cctv/1207.jpg",
        "monitor": "0",
        "validimg": "True",
        "frameCount": "1",
        "framePauseMs": "0",
        "page": "https://traffic.houstontranstar.org/cctv/transtar/camera.aspx?cam=1207"
      }
    },
    {
      "type": "Feature",
      "geometry": {
        "type": "Point",
        "coordinates": [
          -95.33944,
          29.78921
        ]
      },
      "properties": {
        "name": "69 Eastex @ Collingswoth (S)",
        "roadway": "IH-69 Eastex",
        "location": "Collingsworth (S)",
        "direction": "East",
        "image": "https://www.houstontranstar.org/snapshots/cctv/1208.jpg",
        "monitor": "0",
        "validimg": "True",
        "frameCount": "1",
        "framePauseMs": "0",
        "page": "https://traffic.houstontranstar.org/cctv/transtar/camera.aspx?cam=1208"
      }
    },
    {
      "type": "Feature",
      "geometry": {
        "type": "Point",
        "coordinates": [
          -95.33941,
          29.79438
        ]
      },
      "properties": {
        "name": "69 Eastex @ Collingsworth",
        "roadway": "IH-69 Eastex",
        "location": "Collingsworth",
        "direction": "East",
        "image": "https://www.houstontranstar.org/snapshots/cctv/1209.jpg",
        "monitor": "0",
        "validimg": "True",
        "frameCount": "1",
        "framePauseMs": "0",
        "page": "https://traffic.houstontranstar.org/cctv/transtar/camera.aspx?cam=1209"
      }
    },
    {
      "type": "Feature",
      "geometry": {
        "type": "Point",
        "coordinates": [
          -95.209488,
          29.609085
        ]
      },
      "properties": {
        "name": "45 GULF @ BW8 (N)",
        "roadway": "IH-45 Gulf",
        "location": "Beltway 8-South",
        "direction": "East",
        "image": "https://www.houstontranstar.org/snapshots/cctv/121.jpg",
        "monitor": "0",
        "validimg": "True",
        "frameCount": "1",
        "framePauseMs": "0",
        "page": "https://traffic.houstontranstar.org/cctv/transtar/camera.aspx?cam=121"
      }
    },
    {
      "type": "Feature",
      "geometry": {
        "type": "Point",
        "coordinates": [
          -95.34017,
          29.80208
        ]
      },
      "properties": {
        "name": "69 Eastex @ Cavalcade",
        "roadway": "IH-69 Eastex",
        "location": "Cavalcade",
        "direction": "West",
        "image": "https://www.houstontranstar.org/snapshots/cctv/1210.jpg",
        "monitor": "0",
        "validimg": "True",
        "frameCount": "1",
        "framePauseMs": "0",
        "page": "https://traffic.houstontranstar.org/cctv/transtar/camera.aspx?cam=1210"
      }
    },
    {
      "type": "Feature",
      "geometry": {
        "type": "Point",
        "coordinates": [
          -95.33747,
          29.80619
        ]
      },
      "properties": {
        "name": "69 Eastex @ North Loop (S)",
        "roadway": "IH-69 Eastex",
        "location": "IH-610 North Loop (S)",
        "direction": "East",
        "image": "https://www.houstontranstar.org/snapshots/cctv/1211.jpg",
        "monitor": "0",
        "validimg": "True",
        "frameCount": "6",
        "framePauseMs": "300",
        "page": "https://traffic.houstontranstar.org/cctv/transtar/camera.aspx?cam=1211"
      }
    },
    {
      "type": "Feature",
      "geometry": {
        "type": "Point",
        "coordinates": [
          -95.335058,
          29.809926
        ]
      },
      "properties": {
        "name": "69 Eastex @ North Loop",
        "roadway": "IH-69 Eastex",
        "location": "North Loop",
        "direction": "East",
        "image": "https://www.houstontranstar.org/snapshots/cctv/1212.jpg",
        "monitor": "0",
        "validimg": "True",
        "frameCount": "1",
        "framePauseMs": "0",
        "page": "https://traffic.houstontranstar.org/cctv/transtar/camera.aspx?cam=1212"
      }
    },
    {
      "type": "Feature",
      "geometry": {
        "type": "Point",
        "coordinates": [
          -95.335593,
          29.813131
        ]
      },
      "properties": {
        "name": "69 Eastex @ Kelley",
        "roadway": "IH-69 Eastex",
        "location": "Kelley",
        "direction": "West",
        "image": "https://www.houstontranstar.org/snapshots/cctv/1213.jpg",
        "monitor": "0",
        "validimg": "False",
        "frameCount": "1",
        "framePauseMs": "0",
        "page": "https://traffic.houstontranstar.org/cctv/transtar/camera.aspx?cam=1213"
      }
    },
    {
      "type": "Feature",
      "geometry": {
        "type": "Point",
        "coordinates": [
          -95.335713,
          29.822276
        ]
      },
      "properties": {
        "name": "69 Eastex @ Bennington",
        "roadway": "IH-69 Eastex",
        "location": "Bennington",
        "direction": "West",
        "image": "https://www.houstontranstar.org/snapshots/cctv/1214.jpg",
        "monitor": "0",
        "validimg": "True",
        "frameCount": "1",
        "framePauseMs": "0",
        "page": "https://traffic.houstontranstar.org/cctv/transtar/camera.aspx?cam=1214"
      }
    },
    {
      "type": "Feature",
      "geometry": {
        "type": "Point",
        "coordinates": [
          -95.335686,
          29.829087
        ]
      },
      "properties": {
        "name": "69 Eastex @ Crosstimbers",
        "roadway": "IH-69 Eastex",
        "location": "Crosstimbers",
        "direction": "West",
        "image": "https://www.houstontranstar.org/snapshots/cctv/1215.jpg",
        "monitor": "0",
        "validimg": "True",
        "frameCount": "1",
        "framePauseMs": "0",
        "page": "https://traffic.houstontranstar.org/cctv/transtar/camera.aspx?cam=1215"
      }
    },
    {
      "type": "Feature",
      "geometry": {
        "type": "Point",
        "coordinates": [
          -95.333766,
          29.840981
        ]
      },
      "properties": {
        "name": "69 Eastex @ Laura Koppe",
        "roadway": "IH-69 Eastex",
        "location": "Laura Koppe",
        "direction": "West",
        "image": "https://www.houstontranstar.org/snapshots/cctv/1216.jpg",
        "monitor": "0",
        "validimg": "True",
        "frameCount": "1",
        "framePauseMs": "0",
        "page": "https://traffic.houstontranstar.org/cctv/transtar/camera.aspx?cam=1216"
      }
    },
    {
      "type": "Feature",
      "geometry": {
        "type": "Point",
        "coordinates": [
          -95.33409,
          29.84888
        ]
      },
      "properties": {
        "name": "69 Eastex @ Tidwell",
        "roadway": "IH-69 Eastex",
        "location": "Tidwell",
        "direction": "West",
        "image": "https://www.houstontranstar.org/snapshots/cctv/1217.jpg",
        "monitor": "0",
        "validimg": "False",
        "frameCount": "1",
        "framePauseMs": "0",
        "page": "https://traffic.houstontranstar.org/cctv/transtar/camera.aspx?cam=1217"
      }
    },
    {
      "type": "Feature",
      "geometry": {
        "type": "Point",
        "coordinates": [
          -95.334199,
          29.851455
        ]
      },
      "properties": {
        "name": "IH-69 Eastex  @ TIDWELL P/R",
        "roadway": "IH-69 Eastex",
        "location": "Tidwell Park and Ride",
        "direction": "West",
        "image": "https://www.houstontranstar.org/snapshots/cctv/1218.jpg",
        "monitor": "0",
        "validimg": "True",
        "frameCount": "1",
        "framePauseMs": "0",
        "page": "https://traffic.houstontranstar.org/cctv/transtar/camera.aspx?cam=1218"
      }
    },
    {
      "type": "Feature",
      "geometry": {
        "type": "Point",
        "coordinates": [
          -95.3338,
          29.859509
        ]
      },
      "properties": {
        "name": "69 Eastex @ Parker",
        "roadway": "IH-69 Eastex",
        "location": "Parker",
        "direction": "West",
        "image": "https://www.houstontranstar.org/snapshots/cctv/1219.jpg",
        "monitor": "0",
        "validimg": "True",
        "frameCount": "1",
        "framePauseMs": "0",
        "page": "https://traffic.houstontranstar.org/cctv/transtar/camera.aspx?cam=1219"
      }
    },
    {
      "type": "Feature",
      "geometry": {
        "type": "Point",
        "coordinates": [
          -95.209774,
          29.610068
        ]
      },
      "properties": {
        "name": "45 Gulf @ South BW-8",
        "roadway": "IH-45 Gulf",
        "location": "South BW-8",
        "direction": "West",
        "image": "https://www.houstontranstar.org/snapshots/cctv/122.jpg",
        "monitor": "0",
        "validimg": "True",
        "frameCount": "1",
        "framePauseMs": "0",
        "page": "https://traffic.houstontranstar.org/cctv/transtar/camera.aspx?cam=122"
      }
    },
    {
      "type": "Feature",
      "geometry": {
        "type": "Point",
        "coordinates": [
          -95.333529,
          29.86442
        ]
      },
      "properties": {
        "name": "69 Eastex @ Jensen",
        "roadway": "IH-69 Eastex",
        "location": "Jensen",
        "direction": "West",
        "image": "https://www.houstontranstar.org/snapshots/cctv/1220.jpg",
        "monitor": "0",
        "validimg": "True",
        "frameCount": "1",
        "framePauseMs": "0",
        "page": "https://traffic.houstontranstar.org/cctv/transtar/camera.aspx?cam=1220"
      }
    },
    {
      "type": "Feature",
      "geometry": {
        "type": "Point",
        "coordinates": [
          -95.33026,
          29.87064
        ]
      },
      "properties": {
        "name": "69 Eastex @ Little York",
        "roadway": "IH-69 Eastex",
        "location": "Little York",
        "direction": "West",
        "image": "https://www.houstontranstar.org/snapshots/cctv/1221.jpg",
        "monitor": "0",
        "validimg": "True",
        "frameCount": "1",
        "framePauseMs": "0",
        "page": "https://traffic.houstontranstar.org/cctv/transtar/camera.aspx?cam=1221"
      }
    },
    {
      "type": "Feature",
      "geometry": {
        "type": "Point",
        "coordinates": [
          -95.324869,
          29.879857
        ]
      },
      "properties": {
        "name": "69 Eastex @ Hopper",
        "roadway": "IH-69 Eastex",
        "location": "Hopper",
        "direction": "West",
        "image": "https://www.houstontranstar.org/snapshots/cctv/1222.jpg",
        "monitor": "0",
        "validimg": "False",
        "frameCount": "1",
        "framePauseMs": "0",
        "page": "https://traffic.houstontranstar.org/cctv/transtar/camera.aspx?cam=1222"
      }
    },
    {
      "type": "Feature",
      "geometry": {
        "type": "Point",
        "coordinates": [
          -95.318259,
          29.891136
        ]
      },
      "properties": {
        "name": "69 Eastex @ East Mt Houston",
        "roadway": "IH-69 Eastex",
        "location": "East Mt Houston",
        "direction": "West",
        "image": "https://www.houstontranstar.org/snapshots/cctv/1223.jpg",
        "monitor": "0",
        "validimg": "True",
        "frameCount": "1",
        "framePauseMs": "0",
        "page": "https://traffic.houstontranstar.org/cctv/transtar/camera.aspx?cam=1223"
      }
    },
    {
      "type": "Feature",
      "geometry": {
        "type": "Point",
        "coordinates": [
          -95.311915,
          29.903023
        ]
      },
      "properties": {
        "name": "69 Eastex @ Aldine Mail Route",
        "roadway": "IH-69 Eastex",
        "location": "Aldine Mail Route",
        "direction": "West",
        "image": "https://www.houstontranstar.org/snapshots/cctv/1224.jpg",
        "monitor": "0",
        "validimg": "True",
        "frameCount": "1",
        "framePauseMs": "0",
        "page": "https://traffic.houstontranstar.org/cctv/transtar/camera.aspx?cam=1224"
      }
    },
    {
      "type": "Feature",
      "geometry": {
        "type": "Point",
        "coordinates": [
          -95.309804,
          29.911224
        ]
      },
      "properties": {
        "name": "69 Eastex @ Lauder",
        "roadway": "IH-69 Eastex",
        "location": "Lauder",
        "direction": "West",
        "image": "https://www.houstontranstar.org/snapshots/cctv/1225.jpg",
        "monitor": "0",
        "validimg": "False",
        "frameCount": "1",
        "framePauseMs": "0",
        "page": "https://traffic.houstontranstar.org/cctv/transtar/camera.aspx?cam=1225"
      }
    },
    {
      "type": "Feature",
      "geometry": {
        "type": "Point",
        "coordinates": [
          -95.30757,
          29.918085
        ]
      },
      "properties": {
        "name": "69 Eastex @ Greens Bayou",
        "roadway": "IH-69 Eastex",
        "location": "Greens Bayou",
        "direction": "West",
        "image": "https://www.houstontranstar.org/snapshots/cctv/1226.jpg",
        "monitor": "0",
        "validimg": "True",
        "frameCount": "1",
        "framePauseMs": "0",
        "page": "https://traffic.houstontranstar.org/cctv/transtar/camera.aspx?cam=1226"
      }
    },
    {
      "type": "Feature",
      "geometry": {
        "type": "Point",
        "coordinates": [
          -95.303133,
          29.924865
        ]
      },
      "properties": {
        "name": "69 Eastex @ Lee Road",
        "roadway": "IH-69 Eastex",
        "location": "Lee Road",
        "direction": "West",
        "image": "https://www.houstontranstar.org/snapshots/cctv/1227.jpg",
        "monitor": "0",
        "validimg": "True",
        "frameCount": "1",
        "framePauseMs": "0",
        "page": "https://traffic.houstontranstar.org/cctv/transtar/camera.aspx?cam=1227"
      }
    },
    {
      "type": "Feature",
      "geometry": {
        "type": "Point",
        "coordinates": [
          -95.3005,
          29.930543
        ]
      },
      "properties": {
        "name": "69 Eastex @ Aldine Bender",
        "roadway": "IH-69 Eastex",
        "location": "Aldine Bender",
        "direction": "West",
        "image": "https://www.houstontranstar.org/snapshots/cctv/1228.jpg",
        "monitor": "0",
        "validimg": "True",
        "frameCount": "1",
        "framePauseMs": "0",
        "page": "https://traffic.houstontranstar.org/cctv/transtar/camera.aspx?cam=1228"
      }
    },
    {
      "type": "Feature",
      "geometry": {
        "type": "Point",
        "coordinates": [
          -95.296435,
          29.939816
        ]
      },
      "properties": {
        "name": "69 Eastex @ North BW-8",
        "roadway": "IH-69 Eastex",
        "location": "North BW-8",
        "direction": "West",
        "image": "https://www.houstontranstar.org/snapshots/cctv/1229.jpg",
        "monitor": "0",
        "validimg": "True",
        "frameCount": "6",
        "framePauseMs": "300",
        "page": "https://traffic.houstontranstar.org/cctv/transtar/camera.aspx?cam=1229"
      }
    },
    {
      "type": "Feature",
      "geometry": {
        "type": "Point",
        "coordinates": [
          -95.197558,
          29.598563
        ]
      },
      "properties": {
        "name": "45 Gulf @ Scarsdale",
        "roadway": "IH-45 Gulf",
        "location": "Scarsdale",
        "direction": "West",
        "image": "https://www.houstontranstar.org/snapshots/cctv/123.jpg",
        "monitor": "0",
        "validimg": "True",
        "frameCount": "1",
        "framePauseMs": "0",
        "page": "https://traffic.houstontranstar.org/cctv/transtar/camera.aspx?cam=123"
      }
    },
    {
      "type": "Feature",
      "geometry": {
        "type": "Point",
        "coordinates": [
          -95.290934,
          29.952122
        ]
      },
      "properties": {
        "name": "69 Eastex @ Greens",
        "roadway": "IH-69 Eastex",
        "location": "Greens",
        "direction": "West",
        "image": "https://www.houstontranstar.org/snapshots/cctv/1230.jpg",
        "monitor": "0",
        "validimg": "True",
        "frameCount": "1",
        "framePauseMs": "0",
        "page": "https://traffic.houstontranstar.org/cctv/transtar/camera.aspx?cam=1230"
      }
    },
    {
      "type": "Feature",
      "geometry": {
        "type": "Point",
        "coordinates": [
          -95.285196,
          29.966925
        ]
      },
      "properties": {
        "name": "69 Eastex @ Rankin",
        "roadway": "IH-69 Eastex",
        "location": "Rankin",
        "direction": "West",
        "image": "https://www.houstontranstar.org/snapshots/cctv/1231.jpg",
        "monitor": "0",
        "validimg": "True",
        "frameCount": "1",
        "framePauseMs": "0",
        "page": "https://traffic.houstontranstar.org/cctv/transtar/camera.aspx?cam=1231"
      }
    },
    {
      "type": "Feature",
      "geometry": {
        "type": "Point",
        "coordinates": [
          -95.277484,
          29.982398
        ]
      },
      "properties": {
        "name": "69 Eastex @ Will Clayton Pkwy",
        "roadway": "IH-69 Eastex",
        "location": "Will Clayton Pkwy",
        "direction": "West",
        "image": "https://www.houstontranstar.org/snapshots/cctv/1232.jpg",
        "monitor": "0",
        "validimg": "True",
        "frameCount": "1",
        "framePauseMs": "0",
        "page": "https://traffic.houstontranstar.org/cctv/transtar/camera.aspx?cam=1232"
      }
    },
    {
      "type": "Feature",
      "geometry": {
        "type": "Point",
        "coordinates": [
          -95.273335,
          29.992637
        ]
      },
      "properties": {
        "name": "69 Eastex @ FM 1960 (S)",
        "roadway": "IH-69 Eastex",
        "location": "FM 1960 (S)",
        "direction": "West",
        "image": "https://www.houstontranstar.org/snapshots/cctv/1233.jpg",
        "monitor": "0",
        "validimg": "True",
        "frameCount": "1",
        "framePauseMs": "0",
        "page": "https://traffic.houstontranstar.org/cctv/transtar/camera.aspx?cam=1233"
      }
    },
    {
      "type": "Feature",
      "geometry": {
        "type": "Point",
        "coordinates": [
          -95.26903,
          30.00189
        ]
      },
      "properties": {
        "name": "IH-69 Eastex Northbound @ BF 1960",
        "roadway": "IH-69 Eastex",
        "location": "Business 1960",
        "direction": "East",
        "image": "https://www.houstontranstar.org/snapshots/cctv/1234.jpg",
        "monitor": "0",
        "validimg": "True",
        "frameCount": "1",
        "framePauseMs": "0",
        "page": "https://traffic.houstontranstar.org/cctv/transtar/camera.aspx?cam=1234"
      }
    },
    {
      "type": "Feature",
      "geometry": {
        "type": "Point",
        "coordinates": [
          -95.26858,
          30.00524
        ]
      },
      "properties": {
        "name": "IH-69 Eastex Southbound @ FM 1960",
        "roadway": "IH-69 Eastex",
        "location": "FM-1960",
        "direction": "West",
        "image": "https://www.houstontranstar.org/snapshots/cctv/1235.jpg",
        "monitor": "0",
        "validimg": "True",
        "frameCount": "1",
        "framePauseMs": "0",
        "page": "https://traffic.houstontranstar.org/cctv/transtar/camera.aspx?cam=1235"
      }
    },
    {
      "type": "Feature",
      "geometry": {
        "type": "Point",
        "coordinates": [
          -95.26546,
          30.00999
        ]
      },
      "properties": {
        "name": "IH-69 Eastex Northbound @ Townsen (South)",
        "roadway": "IH-69 Eastex",
        "location": "Townsen (South)",
        "direction": "East",
        "image": "https://www.houstontranstar.org/snapshots/cctv/1236.jpg",
        "monitor": "0",
        "validimg": "True",
        "frameCount": "1",
        "framePauseMs": "0",
        "page": "https://traffic.houstontranstar.org/cctv/transtar/camera.aspx?cam=1236"
      }
    },
    {
      "type": "Feature",
      "geometry": {
        "type": "Point",
        "coordinates": [
          -95.261154,
          30.020844
        ]
      },
      "properties": {
        "name": "IH-69 Eastex Southbound @ Townsen (North)",
        "roadway": "IH-69 Eastex",
        "location": "Townsen (North)",
        "direction": "West",
        "image": "https://www.houstontranstar.org/snapshots/cctv/1237.jpg",
        "monitor": "0",
        "validimg": "True",
        "frameCount": "1",
        "framePauseMs": "0",
        "page": "https://traffic.houstontranstar.org/cctv/transtar/camera.aspx?cam=1237"
      }
    },
    {
      "type": "Feature",
      "geometry": {
        "type": "Point",
        "coordinates": [
          -95.26047,
          30.02344
        ]
      },
      "properties": {
        "name": "IH-69 Eastex Southbound @ San Jacinto River (South)",
        "roadway": "IH-69 Eastex",
        "location": "San Jacinto River (South)",
        "direction": "West",
        "image": "https://www.houstontranstar.org/snapshots/cctv/1238.jpg",
        "monitor": "0",
        "validimg": "False",
        "frameCount": "1",
        "framePauseMs": "0",
        "page": "https://traffic.houstontranstar.org/cctv/transtar/camera.aspx?cam=1238"
      }
    },
    {
      "type": "Feature",
      "geometry": {
        "type": "Point",
        "coordinates": [
          -95.25824,
          30.02913
        ]
      },
      "properties": {
        "name": "IH-69 Eastex Southbound @ San Jacinto River",
        "roadway": "IH-69 Eastex",
        "location": "San Jacinto River",
        "direction": "West",
        "image": "https://www.houstontranstar.org/snapshots/cctv/1239.jpg",
        "monitor": "0",
        "validimg": "True",
        "frameCount": "1",
        "framePauseMs": "0",
        "page": "https://traffic.houstontranstar.org/cctv/transtar/camera.aspx?cam=1239"
      }
    },
    {
      "type": "Feature",
      "geometry": {
        "type": "Point",
        "coordinates": [
          -95.191286,
          29.592465
        ]
      },
      "properties": {
        "name": "45 Gulf @ Astoria Blvd",
        "roadway": "IH-45 Gulf",
        "location": "Astoria Blvd",
        "direction": "West",
        "image": "https://www.houstontranstar.org/snapshots/cctv/124.jpg",
        "monitor": "0",
        "validimg": "True",
        "frameCount": "1",
        "framePauseMs": "0",
        "page": "https://traffic.houstontranstar.org/cctv/transtar/camera.aspx?cam=124"
      }
    },
    {
      "type": "Feature",
      "geometry": {
        "type": "Point",
        "coordinates": [
          -95.25655,
          30.03407
        ]
      },
      "properties": {
        "name": "IH-69 Eastex Southbound @ Loop 494",
        "roadway": "IH-69 Eastex",
        "location": "Loop-494",
        "direction": "West",
        "image": "https://www.houstontranstar.org/snapshots/cctv/1240.jpg",
        "monitor": "0",
        "validimg": "True",
        "frameCount": "1",
        "framePauseMs": "0",
        "page": "https://traffic.houstontranstar.org/cctv/transtar/camera.aspx?cam=1240"
      }
    },
    {
      "type": "Feature",
      "geometry": {
        "type": "Point",
        "coordinates": [
          -95.25585,
          30.03824
        ]
      },
      "properties": {
        "name": "IH-69 Eastex Southbound @ Loop 494 (North)",
        "roadway": "IH-69 Eastex",
        "location": "Loop-494 (North)",
        "direction": "West",
        "image": "https://www.houstontranstar.org/snapshots/cctv/1241.jpg",
        "monitor": "0",
        "validimg": "True",
        "frameCount": "1",
        "framePauseMs": "0",
        "page": "https://traffic.houstontranstar.org/cctv/transtar/camera.aspx?cam=1241"
      }
    },
    {
      "type": "Feature",
      "geometry": {
        "type": "Point",
        "coordinates": [
          -95.184107,
          29.586298
        ]
      },
      "properties": {
        "name": "45 Gulf @ FM 1959/Dixie Farm Rd",
        "roadway": "IH-45 Gulf",
        "location": "FM 1959/Dixie Farm Rd",
        "direction": "East",
        "image": "https://www.houstontranstar.org/snapshots/cctv/125.jpg",
        "monitor": "0",
        "validimg": "True",
        "frameCount": "1",
        "framePauseMs": "0",
        "page": "https://traffic.houstontranstar.org/cctv/transtar/camera.aspx?cam=125"
      }
    },
    {
      "type": "Feature",
      "geometry": {
        "type": "Point",
        "coordinates": [
          -95.170658,
          29.571399
        ]
      },
      "properties": {
        "name": "45 Gulf @ FM 2351",
        "roadway": "IH-45 Gulf",
        "location": "FM 2351",
        "direction": "East",
        "image": "https://www.houstontranstar.org/snapshots/cctv/126.jpg",
        "monitor": "0",
        "validimg": "False",
        "frameCount": "6",
        "framePauseMs": "300",
        "page": "https://traffic.houstontranstar.org/cctv/transtar/camera.aspx?cam=126"
      }
    },
    {
      "type": "Feature",
      "geometry": {
        "type": "Point",
        "coordinates": [
          -95.162097,
          29.561544
        ]
      },
      "properties": {
        "name": "45 Gulf @ FM 2351 (S)",
        "roadway": "IH-45 Gulf",
        "location": "FM 2351 (S)",
        "direction": "West",
        "image": "https://www.houstontranstar.org/snapshots/cctv/127.jpg",
        "monitor": "0",
        "validimg": "True",
        "frameCount": "1",
        "framePauseMs": "0",
        "page": "https://traffic.houstontranstar.org/cctv/transtar/camera.aspx?cam=127"
      }
    },
    {
      "type": "Feature",
      "geometry": {
        "type": "Point",
        "coordinates": [
          -95.153863,
          29.55294
        ]
      },
      "properties": {
        "name": "45 Gulf @ Eldorado",
        "roadway": "IH-45 Gulf",
        "location": "Eldorado",
        "direction": "East",
        "image": "https://www.houstontranstar.org/snapshots/cctv/128.jpg",
        "monitor": "0",
        "validimg": "True",
        "frameCount": "1",
        "framePauseMs": "0",
        "page": "https://traffic.houstontranstar.org/cctv/transtar/camera.aspx?cam=128"
      }
    },
    {
      "type": "Feature",
      "geometry": {
        "type": "Point",
        "coordinates": [
          -95.14238,
          29.54079
        ]
      },
      "properties": {
        "name": "45 Gulf @ Bay Area Blvd",
        "roadway": "IH-45 Gulf",
        "location": "Bay Area Blvd",
        "direction": "West",
        "image": "https://www.houstontranstar.org/snapshots/cctv/129.jpg",
        "monitor": "0",
        "validimg": "True",
        "frameCount": "6",
        "framePauseMs": "300",
        "page": "https://traffic.houstontranstar.org/cctv/transtar/camera.aspx?cam=129"
      }
    },
    {
      "type": "Feature",
      "geometry": {
        "type": "Point",
        "coordinates": [
          -95.13016,
          29.52855
        ]
      },
      "properties": {
        "name": "45 Gulf @ Nasa Rd 1",
        "roadway": "IH-45 Gulf",
        "location": "Nasa Rd 1",
        "direction": "West",
        "image": "https://www.houstontranstar.org/snapshots/cctv/130.jpg",
        "monitor": "0",
        "validimg": "True",
        "frameCount": "1",
        "framePauseMs": "0",
        "page": "https://traffic.houstontranstar.org/cctv/transtar/camera.aspx?cam=130"
      }
    },
    {
      "type": "Feature",
      "geometry": {
        "type": "Point",
        "coordinates": [
          -95.1252,
          29.52173
        ]
      },
      "properties": {
        "name": "45 Gulf @ Nasa Rd 1 (S)",
        "roadway": "IH-45 Gulf",
        "location": "Nasa Rd 1 (S)",
        "direction": "West",
        "image": "https://www.houstontranstar.org/snapshots/cctv/131.jpg",
        "monitor": "0",
        "validimg": "True",
        "frameCount": "6",
        "framePauseMs": "300",
        "page": "https://traffic.houstontranstar.org/cctv/transtar/camera.aspx?cam=131"
      }
    },
    {
      "type": "Feature",
      "geometry": {
        "type": "Point",
        "coordinates": [
          -95.11714,
          29.50833
        ]
      },
      "properties": {
        "name": "45 Gulf @ FM 518 (N)",
        "roadway": "IH-45 Gulf",
        "location": "FM 518 (N)",
        "direction": "East",
        "image": "https://www.houstontranstar.org/snapshots/cctv/132.jpg",
        "monitor": "0",
        "validimg": "True",
        "frameCount": "1",
        "framePauseMs": "0",
        "page": "https://traffic.houstontranstar.org/cctv/transtar/camera.aspx?cam=132"
      }
    },
    {
      "type": "Feature",
      "geometry": {
        "type": "Point",
        "coordinates": [
          -95.1153,
          29.5047
        ]
      },
      "properties": {
        "name": "45 GULF @ FM 518",
        "roadway": "IH-45 Gulf",
        "location": "FM 518",
        "direction": "East",
        "image": "https://www.houstontranstar.org/snapshots/cctv/133.jpg",
        "monitor": "0",
        "validimg": "True",
        "frameCount": "1",
        "framePauseMs": "0",
        "page": "https://traffic.houstontranstar.org/cctv/transtar/camera.aspx?cam=133"
      }
    },
    {
      "type": "Feature",
      "geometry": {
        "type": "Point",
        "coordinates": [
          -95.106941,
          29.491548
        ]
      },
      "properties": {
        "name": "45 GULF @ CALDER",
        "roadway": "IH-45 Gulf",
        "location": "CALDER",
        "direction": "East",
        "image": "https://www.houstontranstar.org/snapshots/cctv/134.jpg",
        "monitor": "0",
        "validimg": "True",
        "frameCount": "1",
        "framePauseMs": "0",
        "page": "https://traffic.houstontranstar.org/cctv/transtar/camera.aspx?cam=134"
      }
    },
    {
      "type": "Feature",
      "geometry": {
        "type": "Point",
        "coordinates": [
          -95.1012,
          29.4826
        ]
      },
      "properties": {
        "name": "45 GULF @ CALDER (S)",
        "roadway": "IH-45 Gulf",
        "location": "CALDER (S)",
        "direction": "East",
        "image": "https://www.houstontranstar.org/snapshots/cctv/135.jpg",
        "monitor": "0",
        "validimg": "True",
        "frameCount": "1",
        "framePauseMs": "0",
        "page": "https://traffic.houstontranstar.org/cctv/transtar/camera.aspx?cam=135"
      }
    },
    {
      "type": "Feature",
      "geometry": {
        "type": "Point",
        "coordinates": [
          -95.095348,
          29.472235
        ]
      },
      "properties": {
        "name": "45 GULF @ FM 646 (N)",
        "roadway": "IH-45 Gulf",
        "location": "FM 646 (N)",
        "direction": "East",
        "image": "https://www.houstontranstar.org/snapshots/cctv/136.jpg",
        "monitor": "0",
        "validimg": "True",
        "frameCount": "1",
        "framePauseMs": "0",
        "page": "https://traffic.houstontranstar.org/cctv/transtar/camera.aspx?cam=136"
      }
    },
    {
      "type": "Feature",
      "geometry": {
        "type": "Point",
        "coordinates": [
          -95.09068,
          29.466279
        ]
      },
      "properties": {
        "name": "45 GULF @ FM 646",
        "roadway": "IH-45 Gulf",
        "location": "FM 646",
        "direction": "East",
        "image": "https://www.houstontranstar.org/snapshots/cctv/137.jpg",
        "monitor": "0",
        "validimg": "True",
        "frameCount": "1",
        "framePauseMs": "0",
        "page": "https://traffic.houstontranstar.org/cctv/transtar/camera.aspx?cam=137"
      }
    },
    {
      "type": "Feature",
      "geometry": {
        "type": "Point",
        "coordinates": [
          -95.0958,
          29.4717
        ]
      },
      "properties": {
        "name": "45 GULF @ FM 646-2",
        "roadway": "IH-45 Gulf",
        "location": "FM 646-2",
        "direction": "East",
        "image": "https://www.houstontranstar.org/snapshots/cctv/13711.jpg",
        "monitor": "0",
        "validimg": "True",
        "frameCount": "1",
        "framePauseMs": "0",
        "page": "https://traffic.houstontranstar.org/cctv/transtar/camera.aspx?cam=13711"
      }
    },
    {
      "type": "Feature",
      "geometry": {
        "type": "Point",
        "coordinates": [
          -95.084061,
          29.458059
        ]
      },
      "properties": {
        "name": "45 GULF @ FM 517 (N)",
        "roadway": "IH-45 Gulf",
        "location": "FM 517 (N)",
        "direction": "East",
        "image": "https://www.houstontranstar.org/snapshots/cctv/138.jpg",
        "monitor": "0",
        "validimg": "True",
        "frameCount": "1",
        "framePauseMs": "0",
        "page": "https://traffic.houstontranstar.org/cctv/transtar/camera.aspx?cam=138"
      }
    },
    {
      "type": "Feature",
      "geometry": {
        "type": "Point",
        "coordinates": [
          -95.08444,
          29.4578
        ]
      },
      "properties": {
        "name": "45 GULF @ FM 517 (N)-2",
        "roadway": "IH-45 Gulf",
        "location": "FM 517 (N)-2",
        "direction": "East",
        "image": "https://www.houstontranstar.org/snapshots/cctv/13811.jpg",
        "monitor": "0",
        "validimg": "True",
        "frameCount": "1",
        "framePauseMs": "0",
        "page": "https://traffic.houstontranstar.org/cctv/transtar/camera.aspx?cam=13811"
      }
    },
    {
      "type": "Feature",
      "geometry": {
        "type": "Point",
        "coordinates": [
          -95.077354,
          29.449293
        ]
      },
      "properties": {
        "name": "45 GULF @ FM 517",
        "roadway": "IH-45 Gulf",
        "location": "FM 517",
        "direction": "East",
        "image": "https://www.houstontranstar.org/snapshots/cctv/139.jpg",
        "monitor": "0",
        "validimg": "False",
        "frameCount": "1",
        "framePauseMs": "0",
        "page": "https://traffic.houstontranstar.org/cctv/transtar/camera.aspx?cam=139"
      }
    },
    {
      "type": "Feature",
      "geometry": {
        "type": "Point",
        "coordinates": [
          -95.070258,
          29.441424
        ]
      },
      "properties": {
        "name": "45 GULF @ HUGHES RD",
        "roadway": "IH-45 Gulf",
        "location": "HUGHES RD",
        "direction": "East",
        "image": "https://www.houstontranstar.org/snapshots/cctv/140.jpg",
        "monitor": "0",
        "validimg": "False",
        "frameCount": "1",
        "framePauseMs": "0",
        "page": "https://traffic.houstontranstar.org/cctv/transtar/camera.aspx?cam=140"
      }
    },
    {
      "type": "Feature",
      "geometry": {
        "type": "Point",
        "coordinates": [
          -95.05983,
          29.43059
        ]
      },
      "properties": {
        "name": "45 GULF @ HOLLAND RD",
        "roadway": "IH-45 Gulf",
        "location": "HOLLAND RD",
        "direction": "East",
        "image": "https://www.houstontranstar.org/snapshots/cctv/141.jpg",
        "monitor": "0",
        "validimg": "True",
        "frameCount": "1",
        "framePauseMs": "0",
        "page": "https://traffic.houstontranstar.org/cctv/transtar/camera.aspx?cam=141"
      }
    },
    {
      "type": "Feature",
      "geometry": {
        "type": "Point",
        "coordinates": [
          -95.052678,
          29.42298
        ]
      },
      "properties": {
        "name": "45 GULF @ HOLLAND RD (S)",
        "roadway": "IH-45 Gulf",
        "location": "HOLLAND RD (S)",
        "direction": "East",
        "image": "https://www.houstontranstar.org/snapshots/cctv/142.jpg",
        "monitor": "0",
        "validimg": "False",
        "frameCount": "1",
        "framePauseMs": "0",
        "page": "https://traffic.houstontranstar.org/cctv/transtar/camera.aspx?cam=142"
      }
    },
    {
      "type": "Feature",
      "geometry": {
        "type": "Point",
        "coordinates": [
          -95.045924,
          29.416105
        ]
      },
      "properties": {
        "name": "45 GULF @ FM 1764 (N)",
        "roadway": "IH-45 Gulf",
        "location": "FM 1764 (N)",
        "direction": "East",
        "image": "https://www.houstontranstar.org/snapshots/cctv/143.jpg",
        "monitor": "0",
        "validimg": "True",
        "frameCount": "1",
        "framePauseMs": "0",
        "page": "https://traffic.houstontranstar.org/cctv/transtar/camera.aspx?cam=143"
      }
    },
    {
      "type": "Feature",
      "geometry": {
        "type": "Point",
        "coordinates": [
          -95.0459,
          29.4168
        ]
      },
      "properties": {
        "name": "45 GULF @ FM 1764 (N)-2",
        "roadway": "IH-45 Gulf",
        "location": "FM 1764 (N)-2",
        "direction": "East",
        "image": "https://www.houstontranstar.org/snapshots/cctv/14311.jpg",
        "monitor": "0",
        "validimg": "True",
        "frameCount": "1",
        "framePauseMs": "0",
        "page": "https://traffic.houstontranstar.org/cctv/transtar/camera.aspx?cam=14311"
      }
    },
    {
      "type": "Feature",
      "geometry": {
        "type": "Point",
        "coordinates": [
          -95.040417,
          29.410574
        ]
      },
      "properties": {
        "name": "45 GULF @ FM 1764",
        "roadway": "IH-45 Gulf",
        "location": "FM 1764",
        "direction": "East",
        "image": "https://www.houstontranstar.org/snapshots/cctv/144.jpg",
        "monitor": "0",
        "validimg": "False",
        "frameCount": "1",
        "framePauseMs": "0",
        "page": "https://traffic.houstontranstar.org/cctv/transtar/camera.aspx?cam=144"
      }
    },
    {
      "type": "Feature",
      "geometry": {
        "type": "Point",
        "coordinates": [
          -95.0257,
          29.396
        ]
      },
      "properties": {
        "name": "45 GULF @ FM 2004",
        "roadway": "IH-45 Gulf",
        "location": "FM 2004",
        "direction": "East",
        "image": "https://www.houstontranstar.org/snapshots/cctv/145.jpg",
        "monitor": "0",
        "validimg": "True",
        "frameCount": "1",
        "framePauseMs": "0",
        "page": "https://traffic.houstontranstar.org/cctv/transtar/camera.aspx?cam=145"
      }
    },
    {
      "type": "Feature",
      "geometry": {
        "type": "Point",
        "coordinates": [
          -95.02632,
          29.39621
        ]
      },
      "properties": {
        "name": "45 GULF @ FM 2004 (S)",
        "roadway": "IH-45 Gulf",
        "location": "FM 2004 (S)",
        "direction": "East",
        "image": "https://www.houstontranstar.org/snapshots/cctv/146.jpg",
        "monitor": "0",
        "validimg": "False",
        "frameCount": "1",
        "framePauseMs": "0",
        "page": "https://traffic.houstontranstar.org/cctv/transtar/camera.aspx?cam=146"
      }
    },
    {
      "type": "Feature",
      "geometry": {
        "type": "Point",
        "coordinates": [
          -95.020512,
          29.390744
        ]
      },
      "properties": {
        "name": "45 GULF @ DELANY",
        "roadway": "IH-45 Gulf",
        "location": "DELANY",
        "direction": "East",
        "image": "https://www.houstontranstar.org/snapshots/cctv/147.jpg",
        "monitor": "0",
        "validimg": "True",
        "frameCount": "1",
        "framePauseMs": "0",
        "page": "https://traffic.houstontranstar.org/cctv/transtar/camera.aspx?cam=147"
      }
    },
    {
      "type": "Feature",
      "geometry": {
        "type": "Point",
        "coordinates": [
          -95.013601,
          29.38341
        ]
      },
      "properties": {
        "name": "45 GULF @ FM 1765 (N)",
        "roadway": "IH-45 Gulf",
        "location": "FM 1765 (N)",
        "direction": "East",
        "image": "https://www.houstontranstar.org/snapshots/cctv/148.jpg",
        "monitor": "0",
        "validimg": "False",
        "frameCount": "1",
        "framePauseMs": "0",
        "page": "https://traffic.houstontranstar.org/cctv/transtar/camera.aspx?cam=148"
      }
    },
    {
      "type": "Feature",
      "geometry": {
        "type": "Point",
        "coordinates": [
          -95.005809,
          29.377018
        ]
      },
      "properties": {
        "name": "45 GULF @ FM 1765",
        "roadway": "IH-45 Gulf",
        "location": "FM 1765",
        "direction": "East",
        "image": "https://www.houstontranstar.org/snapshots/cctv/149.jpg",
        "monitor": "0",
        "validimg": "False",
        "frameCount": "1",
        "framePauseMs": "0",
        "page": "https://traffic.houstontranstar.org/cctv/transtar/camera.aspx?cam=149"
      }
    },
    {
      "type": "Feature",
      "geometry": {
        "type": "Point",
        "coordinates": [
          -95.0016,
          29.3739
        ]
      },
      "properties": {
        "name": "45 GULF @ FM 1765 (S)",
        "roadway": "IH-45 Gulf",
        "location": "FM 1765 (S)",
        "direction": "East",
        "image": "https://www.houstontranstar.org/snapshots/cctv/150.jpg",
        "monitor": "0",
        "validimg": "False",
        "frameCount": "1",
        "framePauseMs": "0",
        "page": "https://traffic.houstontranstar.org/cctv/transtar/camera.aspx?cam=150"
      }
    },
    {
      "type": "Feature",
      "geometry": {
        "type": "Point",
        "coordinates": [
          -94.9926,
          29.36672
        ]
      },
      "properties": {
        "name": "45 GULF @ VAUTHIER",
        "roadway": "IH-45 Gulf",
        "location": "VAUTHIER",
        "direction": "East",
        "image": "https://www.houstontranstar.org/snapshots/cctv/151.jpg",
        "monitor": "0",
        "validimg": "True",
        "frameCount": "1",
        "framePauseMs": "0",
        "page": "https://traffic.houstontranstar.org/cctv/transtar/camera.aspx?cam=151"
      }
    },
    {
      "type": "Feature",
      "geometry": {
        "type": "Point",
        "coordinates": [
          -94.985535,
          29.360701
        ]
      },
      "properties": {
        "name": "45 GULF @ FM 519 (N)",
        "roadway": "IH-45 Gulf",
        "location": "FM 519 (N)",
        "direction": "East",
        "image": "https://www.houstontranstar.org/snapshots/cctv/152.jpg",
        "monitor": "0",
        "validimg": "False",
        "frameCount": "1",
        "framePauseMs": "0",
        "page": "https://traffic.houstontranstar.org/cctv/transtar/camera.aspx?cam=152"
      }
    },
    {
      "type": "Feature",
      "geometry": {
        "type": "Point",
        "coordinates": [
          -94.9799,
          29.3582
        ]
      },
      "properties": {
        "name": "45 GULF @ FM 519",
        "roadway": "IH-45 Gulf",
        "location": "FM 519",
        "direction": "East",
        "image": "https://www.houstontranstar.org/snapshots/cctv/153.jpg",
        "monitor": "0",
        "validimg": "True",
        "frameCount": "1",
        "framePauseMs": "0",
        "page": "https://traffic.houstontranstar.org/cctv/transtar/camera.aspx?cam=153"
      }
    },
    {
      "type": "Feature",
      "geometry": {
        "type": "Point",
        "coordinates": [
          -94.968464,
          29.35307
        ]
      },
      "properties": {
        "name": "45 GULF @ FM 519 (S)",
        "roadway": "IH-45 Gulf",
        "location": "FM 519 (S)",
        "direction": "East",
        "image": "https://www.houstontranstar.org/snapshots/cctv/154.jpg",
        "monitor": "0",
        "validimg": "False",
        "frameCount": "1",
        "framePauseMs": "0",
        "page": "https://traffic.houstontranstar.org/cctv/transtar/camera.aspx?cam=154"
      }
    },
    {
      "type": "Feature",
      "geometry": {
        "type": "Point",
        "coordinates": [
          -94.96325,
          29.350429
        ]
      },
      "properties": {
        "name": "45 GULF @ TCT RAILROAD (S)",
        "roadway": "IH-45 Gulf",
        "location": "TCT RAILROAD (S)",
        "direction": "West",
        "image": "https://www.houstontranstar.org/snapshots/cctv/155.jpg",
        "monitor": "0",
        "validimg": "False",
        "frameCount": "1",
        "framePauseMs": "0",
        "page": "https://traffic.houstontranstar.org/cctv/transtar/camera.aspx?cam=155"
      }
    },
    {
      "type": "Feature",
      "geometry": {
        "type": "Point",
        "coordinates": [
          -94.960843,
          29.349275
        ]
      },
      "properties": {
        "name": "45 GULF @ TCT RAILROAD",
        "roadway": "IH-45 Gulf",
        "location": "TCT RAILROAD",
        "direction": "West",
        "image": "https://www.houstontranstar.org/snapshots/cctv/156.jpg",
        "monitor": "0",
        "validimg": "False",
        "frameCount": "1",
        "framePauseMs": "0",
        "page": "https://traffic.houstontranstar.org/cctv/transtar/camera.aspx?cam=156"
      }
    },
    {
      "type": "Feature",
      "geometry": {
        "type": "Point",
        "coordinates": [
          -94.93846,
          29.33493
        ]
      },
      "properties": {
        "name": "45 GULF @ FM 146 (N)",
        "roadway": "IH-45 Gulf",
        "location": "FM 146 (N)",
        "direction": "East",
        "image": "https://www.houstontranstar.org/snapshots/cctv/157.jpg",
        "monitor": "0",
        "validimg": "True",
        "frameCount": "1",
        "framePauseMs": "0",
        "page": "https://traffic.houstontranstar.org/cctv/transtar/camera.aspx?cam=157"
      }
    },
    {
      "type": "Feature",
      "geometry": {
        "type": "Point",
        "coordinates": [
          -94.923283,
          29.332806
        ]
      },
      "properties": {
        "name": "45 GULF @ FM 146",
        "roadway": "IH-45 Gulf",
        "location": "FM 146",
        "direction": "East",
        "image": "https://www.houstontranstar.org/snapshots/cctv/158.jpg",
        "monitor": "0",
        "validimg": "True",
        "frameCount": "1",
        "framePauseMs": "0",
        "page": "https://traffic.houstontranstar.org/cctv/transtar/camera.aspx?cam=158"
      }
    },
    {
      "type": "Feature",
      "geometry": {
        "type": "Point",
        "coordinates": [
          -94.923283,
          29.32162
        ]
      },
      "properties": {
        "name": "45 GULF @ FM 146 (SOUTH)",
        "roadway": "IH-45 Gulf",
        "location": "FM 146 (SOUTH)",
        "direction": "East",
        "image": "https://www.houstontranstar.org/snapshots/cctv/159.jpg",
        "monitor": "0",
        "validimg": "True",
        "frameCount": "1",
        "framePauseMs": "0",
        "page": "https://traffic.houstontranstar.org/cctv/transtar/camera.aspx?cam=159"
      }
    },
    {
      "type": "Feature",
      "geometry": {
        "type": "Point",
        "coordinates": [
          -94.913051,
          29.314735
        ]
      },
      "properties": {
        "name": "45 GULF @ BAYOU VISTA (S)",
        "roadway": "IH-45 Gulf",
        "location": "BAYOU VISTA (S)",
        "direction": "East",
        "image": "https://www.houstontranstar.org/snapshots/cctv/160.jpg",
        "monitor": "0",
        "validimg": "False",
        "frameCount": "1",
        "framePauseMs": "0",
        "page": "https://traffic.houstontranstar.org/cctv/transtar/camera.aspx?cam=160"
      }
    },
    {
      "type": "Feature",
      "geometry": {
        "type": "Point",
        "coordinates": [
          -94.909807,
          29.311704
        ]
      },
      "properties": {
        "name": "45 GULF @ SANTE FE RAILWAY (N)",
        "roadway": "IH-45 Gulf",
        "location": "SANTE FE RAILWAY (N)",
        "direction": "West",
        "image": "https://www.houstontranstar.org/snapshots/cctv/161.jpg",
        "monitor": "0",
        "validimg": "True",
        "frameCount": "1",
        "framePauseMs": "0",
        "page": "https://traffic.houstontranstar.org/cctv/transtar/camera.aspx?cam=161"
      }
    },
    {
      "type": "Feature",
      "geometry": {
        "type": "Point",
        "coordinates": [
          -94.907671,
          29.30982
        ]
      },
      "properties": {
        "name": "45 GULF @ SANTA FE RAILWAY",
        "roadway": "IH-45 Gulf",
        "location": "SANTA FE RAILWAY",
        "direction": "East",
        "image": "https://www.houstontranstar.org/snapshots/cctv/162.jpg",
        "monitor": "0",
        "validimg": "True",
        "frameCount": "1",
        "framePauseMs": "0",
        "page": "https://traffic.houstontranstar.org/cctv/transtar/camera.aspx?cam=162"
      }
    },
    {
      "type": "Feature",
      "geometry": {
        "type": "Point",
        "coordinates": [
          -94.907671,
          29.30982
        ]
      },
      "properties": {
        "name": "45 GULF @ TIKI ISLAND",
        "roadway": "IH-45 Gulf",
        "location": "TIKI ISLAND",
        "direction": "West",
        "image": "https://www.houstontranstar.org/snapshots/cctv/163.jpg",
        "monitor": "0",
        "validimg": "True",
        "frameCount": "1",
        "framePauseMs": "0",
        "page": "https://traffic.houstontranstar.org/cctv/transtar/camera.aspx?cam=163"
      }
    },
    {
      "type": "Feature",
      "geometry": {
        "type": "Point",
        "coordinates": [
          -94.89771,
          29.30133
        ]
      },
      "properties": {
        "name": "45 GULF @ CAUSEWAY (N)",
        "roadway": "IH-45 Gulf",
        "location": "CAUSEWAY (N)",
        "direction": "West",
        "image": "https://www.houstontranstar.org/snapshots/cctv/164.jpg",
        "monitor": "0",
        "validimg": "True",
        "frameCount": "1",
        "framePauseMs": "0",
        "page": "https://traffic.houstontranstar.org/cctv/transtar/camera.aspx?cam=164"
      }
    },
    {
      "type": "Feature",
      "geometry": {
        "type": "Point",
        "coordinates": [
          -94.88629,
          29.29598
        ]
      },
      "properties": {
        "name": "45 GULF @ CAUSEWAY (S)",
        "roadway": "IH-45 Gulf",
        "location": "CAUSEWAY (E)",
        "direction": "West",
        "image": "https://www.houstontranstar.org/snapshots/cctv/165.jpg",
        "monitor": "0",
        "validimg": "True",
        "frameCount": "1",
        "framePauseMs": "0",
        "page": "https://traffic.houstontranstar.org/cctv/transtar/camera.aspx?cam=165"
      }
    },
    {
      "type": "Feature",
      "geometry": {
        "type": "Point",
        "coordinates": [
          -94.87703,
          29.290919
        ]
      },
      "properties": {
        "name": "45 GULF @ CAUSEWAY (W)",
        "roadway": "IH-45 Gulf",
        "location": "CAUSEWAY (W)",
        "direction": "West",
        "image": "https://www.houstontranstar.org/snapshots/cctv/166.jpg",
        "monitor": "0",
        "validimg": "True",
        "frameCount": "1",
        "framePauseMs": "0",
        "page": "https://traffic.houstontranstar.org/cctv/transtar/camera.aspx?cam=166"
      }
    },
    {
      "type": "Feature",
      "geometry": {
        "type": "Point",
        "coordinates": [
          -94.869577,
          29.287241
        ]
      },
      "properties": {
        "name": "45 GULF @ LEWIS LANE (E)",
        "roadway": "IH-45 Gulf",
        "location": "LEWIS LANE (E)",
        "direction": "East",
        "image": "https://www.houstontranstar.org/snapshots/cctv/167.jpg",
        "monitor": "0",
        "validimg": "True",
        "frameCount": "1",
        "framePauseMs": "0",
        "page": "https://traffic.houstontranstar.org/cctv/transtar/camera.aspx?cam=167"
      }
    },
    {
      "type": "Feature",
      "geometry": {
        "type": "Point",
        "coordinates": [
          -94.869575,
          29.287627
        ]
      },
      "properties": {
        "name": "45 GULF @ LEWIS LANE (W)",
        "roadway": "IH-45 Gulf",
        "location": "LEWIS LANE (W)",
        "direction": "West",
        "image": "https://www.houstontranstar.org/snapshots/cctv/168.jpg",
        "monitor": "0",
        "validimg": "True",
        "frameCount": "1",
        "framePauseMs": "0",
        "page": "https://traffic.houstontranstar.org/cctv/transtar/camera.aspx?cam=168"
      }
    },
    {
      "type": "Feature",
      "geometry": {
        "type": "Point",
        "coordinates": [
          -94.863403,
          29.285426
        ]
      },
      "properties": {
        "name": "45 GULF @ HARBORSIDE DR (W)",
        "roadway": "IH-45 Gulf",
        "location": "HARBORSIDE DR (W)",
        "direction": "West",
        "image": "https://www.houstontranstar.org/snapshots/cctv/169.jpg",
        "monitor": "0",
        "validimg": "True",
        "frameCount": "1",
        "framePauseMs": "0",
        "page": "https://traffic.houstontranstar.org/cctv/transtar/camera.aspx?cam=169"
      }
    },
    {
      "type": "Feature",
      "geometry": {
        "type": "Point",
        "coordinates": [
          -94.862633,
          29.285469
        ]
      },
      "properties": {
        "name": "45 GULF @ HARBORSIDE DR (E)",
        "roadway": "IH-45 Gulf",
        "location": "HARBORSIDE DR (E)",
        "direction": "East",
        "image": "https://www.houstontranstar.org/snapshots/cctv/170.jpg",
        "monitor": "0",
        "validimg": "True",
        "frameCount": "1",
        "framePauseMs": "0",
        "page": "https://traffic.houstontranstar.org/cctv/transtar/camera.aspx?cam=170"
      }
    },
    {
      "type": "Feature",
      "geometry": {
        "type": "Point",
        "coordinates": [
          -94.850426,
          29.285246
        ]
      },
      "properties": {
        "name": "45 GULF @ 71ST (W)",
        "roadway": "IH-45 Gulf",
        "location": "71ST (W)",
        "direction": "West",
        "image": "https://www.houstontranstar.org/snapshots/cctv/171.jpg",
        "monitor": "0",
        "validimg": "True",
        "frameCount": "1",
        "framePauseMs": "0",
        "page": "https://traffic.houstontranstar.org/cctv/transtar/camera.aspx?cam=171"
      }
    },
    {
      "type": "Feature",
      "geometry": {
        "type": "Point",
        "coordinates": [
          -94.850297,
          29.288683
        ]
      },
      "properties": {
        "name": "45 GULF @ 71ST (E)",
        "roadway": "IH-45 Gulf",
        "location": "71ST (E)",
        "direction": "East",
        "image": "https://www.houstontranstar.org/snapshots/cctv/172.jpg",
        "monitor": "0",
        "validimg": "True",
        "frameCount": "1",
        "framePauseMs": "0",
        "page": "https://traffic.houstontranstar.org/cctv/transtar/camera.aspx?cam=172"
      }
    },
    {
      "type": "Feature",
      "geometry": {
        "type": "Point",
        "coordinates": [
          -94.838279,
          29.288568
        ]
      },
      "properties": {
        "name": "45 GULF @ 61ST (W)",
        "roadway": "IH-45 Gulf",
        "location": "61ST (W)",
        "direction": "West",
        "image": "https://www.houstontranstar.org/snapshots/cctv/173.jpg",
        "monitor": "0",
        "validimg": "True",
        "frameCount": "1",
        "framePauseMs": "0",
        "page": "https://traffic.houstontranstar.org/cctv/transtar/camera.aspx?cam=173"
      }
    },
    {
      "type": "Feature",
      "geometry": {
        "type": "Point",
        "coordinates": [
          -94.850297,
          29.288683
        ]
      },
      "properties": {
        "name": "45 GULF @ 61ST (E)",
        "roadway": "IH-45 Gulf",
        "location": "61ST (E)",
        "direction": "East",
        "image": "https://www.houstontranstar.org/snapshots/cctv/174.jpg",
        "monitor": "0",
        "validimg": "True",
        "frameCount": "1",
        "framePauseMs": "0",
        "page": "https://traffic.houstontranstar.org/cctv/transtar/camera.aspx?cam=174"
      }
    },
    {
      "type": "Feature",
      "geometry": {
        "type": "Point",
        "coordinates": [
          -95.367628,
          29.765444
        ]
      },
      "properties": {
        "name": "45 North @ Franklin",
        "roadway": "IH-45 North",
        "location": "Franklin",
        "direction": "East",
        "image": "https://www.houstontranstar.org/snapshots/cctv/202.jpg",
        "monitor": "0",
        "validimg": "True",
        "frameCount": "1",
        "framePauseMs": "0",
        "page": "https://traffic.houstontranstar.org/cctv/transtar/camera.aspx?cam=202"
      }
    },
    {
      "type": "Feature",
      "geometry": {
        "type": "Point",
        "coordinates": [
          -95.362578,
          29.7648486
        ]
      },
      "properties": {
        "name": "North HOV Louisiana Entrance",
        "roadway": "IH-45 North",
        "location": "North HOV Louisiana Entrance",
        "direction": "None",
        "image": "https://www.houstontranstar.org/snapshots/cctv/203.jpg",
        "monitor": "0",
        "validimg": "False",
        "frameCount": "1",
        "framePauseMs": "0",
        "page": "https://traffic.houstontranstar.org/cctv/transtar/camera.aspx?cam=203"
      }
    },
    {
      "type": "Feature",
      "geometry": {
        "type": "Point",
        "coordinates": [
          -95.360849,
          29.766402
        ]
      },
      "properties": {
        "name": "North HOV Travis Entrance",
        "roadway": "IH-45 North",
        "location": "North HOV Travis Entrance",
        "direction": "None",
        "image": "https://www.houstontranstar.org/snapshots/cctv/204.jpg",
        "monitor": "0",
        "validimg": "False",
        "frameCount": "1",
        "framePauseMs": "0",
        "page": "https://traffic.houstontranstar.org/cctv/transtar/camera.aspx?cam=204"
      }
    },
    {
      "type": "Feature",
      "geometry": {
        "type": "Point",
        "coordinates": [
          -95.363877,
          29.768657
        ]
      },
      "properties": {
        "name": "45 North @ IH 10",
        "roadway": "IH-45 North",
        "location": "IH 10",
        "direction": "None",
        "image": "https://www.houstontranstar.org/snapshots/cctv/205.jpg",
        "monitor": "0",
        "validimg": "True",
        "frameCount": "1",
        "framePauseMs": "0",
        "page": "https://traffic.houstontranstar.org/cctv/transtar/camera.aspx?cam=205"
      }
    },
    {
      "type": "Feature",
      "geometry": {
        "type": "Point",
        "coordinates": [
          -95.364822,
          29.769514
        ]
      },
      "properties": {
        "name": "45 North @ Hogan (S)",
        "roadway": "IH-45 North",
        "location": "South of Hogan",
        "direction": "None",
        "image": "https://www.houstontranstar.org/snapshots/cctv/206.jpg",
        "monitor": "0",
        "validimg": "True",
        "frameCount": "1",
        "framePauseMs": "0",
        "page": "https://traffic.houstontranstar.org/cctv/transtar/camera.aspx?cam=206"
      }
    },
    {
      "type": "Feature",
      "geometry": {
        "type": "Point",
        "coordinates": [
          -95.367313,
          29.77371
        ]
      },
      "properties": {
        "name": "45 North @ Hogan",
        "roadway": "IH-45 North",
        "location": "Hogan",
        "direction": "East",
        "image": "https://www.houstontranstar.org/snapshots/cctv/207.jpg",
        "monitor": "0",
        "validimg": "True",
        "frameCount": "1",
        "framePauseMs": "0",
        "page": "https://traffic.houstontranstar.org/cctv/transtar/camera.aspx?cam=207"
      }
    },
    {
      "type": "Feature",
      "geometry": {
        "type": "Point",
        "coordinates": [
          -95.368351,
          29.7799177
        ]
      },
      "properties": {
        "name": "45 North @ Quitman",
        "roadway": "IH-45 North",
        "location": "Quitman",
        "direction": "East",
        "image": "https://www.houstontranstar.org/snapshots/cctv/208.jpg",
        "monitor": "0",
        "validimg": "True",
        "frameCount": "1",
        "framePauseMs": "0",
        "page": "https://traffic.houstontranstar.org/cctv/transtar/camera.aspx?cam=208"
      }
    },
    {
      "type": "Feature",
      "geometry": {
        "type": "Point",
        "coordinates": [
          -95.368429,
          29.7799466
        ]
      },
      "properties": {
        "name": "45 North @ Quitman (N)",
        "roadway": "IH-45 North",
        "location": "Quitman (N)",
        "direction": "None",
        "image": "https://www.houstontranstar.org/snapshots/cctv/209.jpg",
        "monitor": "0",
        "validimg": "True",
        "frameCount": "1",
        "framePauseMs": "0",
        "page": "https://traffic.houstontranstar.org/cctv/transtar/camera.aspx?cam=209"
      }
    },
    {
      "type": "Feature",
      "geometry": {
        "type": "Point",
        "coordinates": [
          -95.369318,
          29.785516
        ]
      },
      "properties": {
        "name": "45 North @ North Street",
        "roadway": "IH-45 North",
        "location": "North Street",
        "direction": "East",
        "image": "https://www.houstontranstar.org/snapshots/cctv/210.jpg",
        "monitor": "0",
        "validimg": "True",
        "frameCount": "1",
        "framePauseMs": "0",
        "page": "https://traffic.houstontranstar.org/cctv/transtar/camera.aspx?cam=210"
      }
    },
    {
      "type": "Feature",
      "geometry": {
        "type": "Point",
        "coordinates": [
          -95.372024,
          29.789544
        ]
      },
      "properties": {
        "name": "45 North @ North Main",
        "roadway": "IH-45 North",
        "location": "North Main",
        "direction": "West",
        "image": "https://www.houstontranstar.org/snapshots/cctv/211.jpg",
        "monitor": "0",
        "validimg": "True",
        "frameCount": "1",
        "framePauseMs": "0",
        "page": "https://traffic.houstontranstar.org/cctv/transtar/camera.aspx?cam=211"
      }
    },
    {
      "type": "Feature",
      "geometry": {
        "type": "Point",
        "coordinates": [
          -95.372808,
          29.804341
        ]
      },
      "properties": {
        "name": "45 North @ Cavalcade",
        "roadway": "IH-45 North",
        "location": "Cavalcade",
        "direction": "West",
        "image": "https://www.houstontranstar.org/snapshots/cctv/212.jpg",
        "monitor": "0",
        "validimg": "True",
        "frameCount": "1",
        "framePauseMs": "0",
        "page": "https://traffic.houstontranstar.org/cctv/transtar/camera.aspx?cam=212"
      }
    },
    {
      "type": "Feature",
      "geometry": {
        "type": "Point",
        "coordinates": [
          -95.376798,
          29.815197
        ]
      },
      "properties": {
        "name": "45 North @ North Loop (S)",
        "roadway": "IH-45 North",
        "location": "North Loop (S)",
        "direction": "West",
        "image": "https://www.houstontranstar.org/snapshots/cctv/213.jpg",
        "monitor": "0",
        "validimg": "True",
        "frameCount": "1",
        "framePauseMs": "0",
        "page": "https://traffic.houstontranstar.org/cctv/transtar/camera.aspx?cam=213"
      }
    },
    {
      "type": "Feature",
      "geometry": {
        "type": "Point",
        "coordinates": [
          -95.376004,
          29.813268
        ]
      },
      "properties": {
        "name": "45 North @ North Loop (N)",
        "roadway": "IH-45 North",
        "location": "North Loop (N)",
        "direction": "West",
        "image": "https://www.houstontranstar.org/snapshots/cctv/214.jpg",
        "monitor": "0",
        "validimg": "True",
        "frameCount": "6",
        "framePauseMs": "300",
        "page": "https://traffic.houstontranstar.org/cctv/transtar/camera.aspx?cam=214"
      }
    },
    {
      "type": "Feature",
      "geometry": {
        "type": "Point",
        "coordinates": [
          -95.378683,
          29.820518
        ]
      },
      "properties": {
        "name": "45 North @ Northern Railroad",
        "roadway": "IH-45 North",
        "location": "Northern Railroad",
        "direction": "West",
        "image": "https://www.houstontranstar.org/snapshots/cctv/215.jpg",
        "monitor": "0",
        "validimg": "True",
        "frameCount": "1",
        "framePauseMs": "0",
        "page": "https://traffic.houstontranstar.org/cctv/transtar/camera.aspx?cam=215"
      }
    },
    {
      "type": "Feature",
      "geometry": {
        "type": "Point",
        "coordinates": [
          -95.38361,
          29.830676
        ]
      },
      "properties": {
        "name": "North HOV Airline Entrance",
        "roadway": "IH-45 North",
        "location": "North HOV Airline Entrance",
        "direction": "None",
        "image": "https://www.houstontranstar.org/snapshots/cctv/216.jpg",
        "monitor": "0",
        "validimg": "True",
        "frameCount": "1",
        "framePauseMs": "0",
        "page": "https://traffic.houstontranstar.org/cctv/transtar/camera.aspx?cam=216"
      }
    },
    {
      "type": "Feature",
      "geometry": {
        "type": "Point",
        "coordinates": [
          -95.380222,
          29.82867
        ]
      },
      "properties": {
        "name": "45 North @ Crosstimbers",
        "roadway": "IH-45 North",
        "location": "Crosstimbers",
        "direction": "East",
        "image": "https://www.houstontranstar.org/snapshots/cctv/217.jpg",
        "monitor": "0",
        "validimg": "True",
        "frameCount": "1",
        "framePauseMs": "0",
        "page": "https://traffic.houstontranstar.org/cctv/transtar/camera.aspx?cam=217"
      }
    },
    {
      "type": "Feature",
      "geometry": {
        "type": "Point",
        "coordinates": [
          -95.385185,
          29.834121
        ]
      },
      "properties": {
        "name": "45 North @ Airline",
        "roadway": "IH-45 North",
        "location": "Airline",
        "direction": "West",
        "image": "https://www.houstontranstar.org/snapshots/cctv/218.jpg",
        "monitor": "0",
        "validimg": "True",
        "frameCount": "1",
        "framePauseMs": "0",
        "page": "https://traffic.houstontranstar.org/cctv/transtar/camera.aspx?cam=218"
      }
    },
    {
      "type": "Feature",
      "geometry": {
        "type": "Point",
        "coordinates": [
          -95.393254,
          29.846062
        ]
      },
      "properties": {
        "name": "45 North @ Tidwell",
        "roadway": "IH-45 North",
        "location": "Tidwell",
        "direction": "West",
        "image": "https://www.houstontranstar.org/snapshots/cctv/219.jpg",
        "monitor": "0",
        "validimg": "True",
        "frameCount": "6",
        "framePauseMs": "300",
        "page": "https://traffic.houstontranstar.org/cctv/transtar/camera.aspx?cam=219"
      }
    },
    {
      "type": "Feature",
      "geometry": {
        "type": "Point",
        "coordinates": [
          -95.403208,
          29.8604486
        ]
      },
      "properties": {
        "name": "45 North @ Parker",
        "roadway": "IH-45 North",
        "location": "Parker",
        "direction": "West",
        "image": "https://www.houstontranstar.org/snapshots/cctv/220.jpg",
        "monitor": "0",
        "validimg": "False",
        "frameCount": "1",
        "framePauseMs": "0",
        "page": "https://traffic.houstontranstar.org/cctv/transtar/camera.aspx?cam=220"
      }
    },
    {
      "type": "Feature",
      "geometry": {
        "type": "Point",
        "coordinates": [
          -95.408146,
          29.870247
        ]
      },
      "properties": {
        "name": "45 North @ Little York",
        "roadway": "IH-45 North",
        "location": "Little York",
        "direction": "West",
        "image": "https://www.houstontranstar.org/snapshots/cctv/221.jpg",
        "monitor": "0",
        "validimg": "True",
        "frameCount": "1",
        "framePauseMs": "0",
        "page": "https://traffic.houstontranstar.org/cctv/transtar/camera.aspx?cam=221"
      }
    },
    {
      "type": "Feature",
      "geometry": {
        "type": "Point",
        "coordinates": [
          -95.411607,
          29.8770517
        ]
      },
      "properties": {
        "name": "45 North @ Shepherd",
        "roadway": "IH-45 North",
        "location": "Shepherd",
        "direction": "West",
        "image": "https://www.houstontranstar.org/snapshots/cctv/222.jpg",
        "monitor": "0",
        "validimg": "True",
        "frameCount": "6",
        "framePauseMs": "300",
        "page": "https://traffic.houstontranstar.org/cctv/transtar/camera.aspx?cam=222"
      }
    },
    {
      "type": "Feature",
      "geometry": {
        "type": "Point",
        "coordinates": [
          -95.412297,
          29.8892315
        ]
      },
      "properties": {
        "name": "45 North @ Gulf Bank",
        "roadway": "IH-45 North",
        "location": "Gulf Bank",
        "direction": "West",
        "image": "https://www.houstontranstar.org/snapshots/cctv/223.jpg",
        "monitor": "0",
        "validimg": "True",
        "frameCount": "1",
        "framePauseMs": "0",
        "page": "https://traffic.houstontranstar.org/cctv/transtar/camera.aspx?cam=223"
      }
    },
    {
      "type": "Feature",
      "geometry": {
        "type": "Point",
        "coordinates": [
          -95.41252,
          29.8999641
        ]
      },
      "properties": {
        "name": "45 North @ Mt. Houston",
        "roadway": "IH-45 North",
        "location": "Mt. Houston",
        "direction": "West",
        "image": "https://www.houstontranstar.org/snapshots/cctv/224.jpg",
        "monitor": "0",
        "validimg": "True",
        "frameCount": "1",
        "framePauseMs": "0",
        "page": "https://traffic.houstontranstar.org/cctv/transtar/camera.aspx?cam=224"
      }
    },
    {
      "type": "Feature",
      "geometry": {
        "type": "Point",
        "coordinates": [
          -95.412763,
          29.9131569
        ]
      },
      "properties": {
        "name": "45 North @ West Road",
        "roadway": "IH-45 North",
        "location": "West Road",
        "direction": "West",
        "image": "https://www.houstontranstar.org/snapshots/cctv/225.jpg",
        "monitor": "0",
        "validimg": "True",
        "frameCount": "1",
        "framePauseMs": "0",
        "page": "https://traffic.houstontranstar.org/cctv/transtar/camera.aspx?cam=225"
      }
    },
    {
      "type": "Feature",
      "geometry": {
        "type": "Point",
        "coordinates": [
          -95.411977,
          29.931454
        ]
      },
      "properties": {
        "name": "45 North @ Aldine Bender/FM 525",
        "roadway": "IH-45 North",
        "location": "Aldine Bender/FM 525",
        "direction": "West",
        "image": "https://www.houstontranstar.org/snapshots/cctv/226.jpg",
        "monitor": "0",
        "validimg": "True",
        "frameCount": "1",
        "framePauseMs": "0",
        "page": "https://traffic.houstontranstar.org/cctv/transtar/camera.aspx?cam=226"
      }
    },
    {
      "type": "Feature",
      "geometry": {
        "type": "Point",
        "coordinates": [
          -95.41411,
          29.940661
        ]
      },
      "properties": {
        "name": "45 North @ North BW-8 (N)",
        "roadway": "IH-45 North",
        "location": "North BW-8 (N)",
        "direction": "East",
        "image": "https://www.houstontranstar.org/snapshots/cctv/227.jpg",
        "monitor": "0",
        "validimg": "True",
        "frameCount": "6",
        "framePauseMs": "300",
        "page": "https://traffic.houstontranstar.org/cctv/transtar/camera.aspx?cam=227"
      }
    },
    {
      "type": "Feature",
      "geometry": {
        "type": "Point",
        "coordinates": [
          -95.41399,
          29.940492
        ]
      },
      "properties": {
        "name": "45 North @ North BW-8 (S)",
        "roadway": "IH-45 North",
        "location": "North BW-8 (S)",
        "direction": "West",
        "image": "https://www.houstontranstar.org/snapshots/cctv/228.jpg",
        "monitor": "0",
        "validimg": "False",
        "frameCount": "1",
        "framePauseMs": "0",
        "page": "https://traffic.houstontranstar.org/cctv/transtar/camera.aspx?cam=228"
      }
    },
    {
      "type": "Feature",
      "geometry": {
        "type": "Point",
        "coordinates": [
          -95.417252,
          29.949033
        ]
      },
      "properties": {
        "name": "45 North @ Gears Road",
        "roadway": "IH-45 North",
        "location": "Gears Road",
        "direction": "West",
        "image": "https://www.houstontranstar.org/snapshots/cctv/229.jpg",
        "monitor": "0",
        "validimg": "True",
        "frameCount": "1",
        "framePauseMs": "0",
        "page": "https://traffic.houstontranstar.org/cctv/transtar/camera.aspx?cam=229"
      }
    },
    {
      "type": "Feature",
      "geometry": {
        "type": "Point",
        "coordinates": [
          -95.41661,
          29.94904
        ]
      },
      "properties": {
        "name": "45 North @ Greens Road",
        "roadway": "IH-45 North",
        "location": "Greens Road",
        "direction": "West",
        "image": "https://www.houstontranstar.org/snapshots/cctv/230.jpg",
        "monitor": "0",
        "validimg": "True",
        "frameCount": "1",
        "framePauseMs": "0",
        "page": "https://traffic.houstontranstar.org/cctv/transtar/camera.aspx?cam=230"
      }
    },
    {
      "type": "Feature",
      "geometry": {
        "type": "Point",
        "coordinates": [
          -95.41861,
          29.965829
        ]
      },
      "properties": {
        "name": "45 North @ Rankin",
        "roadway": "IH-45 North",
        "location": "Rankin",
        "direction": "West",
        "image": "https://www.houstontranstar.org/snapshots/cctv/231.jpg",
        "monitor": "0",
        "validimg": "True",
        "frameCount": "1",
        "framePauseMs": "0",
        "page": "https://traffic.houstontranstar.org/cctv/transtar/camera.aspx?cam=231"
      }
    },
    {
      "type": "Feature",
      "geometry": {
        "type": "Point",
        "coordinates": [
          -95.42151,
          29.97419
        ]
      },
      "properties": {
        "name": "45 NORTH @ RANKIN (N)",
        "roadway": "IH-45 North",
        "location": "RANKIN (N)",
        "direction": "West",
        "image": "https://www.houstontranstar.org/snapshots/cctv/232.jpg",
        "monitor": "0",
        "validimg": "False",
        "frameCount": "1",
        "framePauseMs": "0",
        "page": "https://traffic.houstontranstar.org/cctv/transtar/camera.aspx?cam=232"
      }
    },
    {
      "type": "Feature",
      "geometry": {
        "type": "Point",
        "coordinates": [
          -95.422779,
          29.981192
        ]
      },
      "properties": {
        "name": "45 NORTH @ AIRTEX",
        "roadway": "IH-45 North",
        "location": "AIRTEX",
        "direction": "West",
        "image": "https://www.houstontranstar.org/snapshots/cctv/233.jpg",
        "monitor": "0",
        "validimg": "False",
        "frameCount": "1",
        "framePauseMs": "0",
        "page": "https://traffic.houstontranstar.org/cctv/transtar/camera.aspx?cam=233"
      }
    },
    {
      "type": "Feature",
      "geometry": {
        "type": "Point",
        "coordinates": [
          -95.424399,
          29.989853
        ]
      },
      "properties": {
        "name": "45 NORTH @ AIRTEX (N)",
        "roadway": "IH-45 North",
        "location": "AIRTEX (N)",
        "direction": "West",
        "image": "https://www.houstontranstar.org/snapshots/cctv/234.jpg",
        "monitor": "0",
        "validimg": "True",
        "frameCount": "1",
        "framePauseMs": "0",
        "page": "https://traffic.houstontranstar.org/cctv/transtar/camera.aspx?cam=234"
      }
    },
    {
      "type": "Feature",
      "geometry": {
        "type": "Point",
        "coordinates": [
          -95.425747,
          29.997575
        ]
      },
      "properties": {
        "name": "45 NORTH @ RICHEY",
        "roadway": "IH-45 North",
        "location": "RICHEY",
        "direction": "West",
        "image": "https://www.houstontranstar.org/snapshots/cctv/235.jpg",
        "monitor": "0",
        "validimg": "True",
        "frameCount": "1",
        "framePauseMs": "0",
        "page": "https://traffic.houstontranstar.org/cctv/transtar/camera.aspx?cam=235"
      }
    },
    {
      "type": "Feature",
      "geometry": {
        "type": "Point",
        "coordinates": [
          -95.427732,
          30.013022
        ]
      },
      "properties": {
        "name": "45 NORTH @ FM 1960 (S)",
        "roadway": "IH-45 North",
        "location": "FM 1960 (S)",
        "direction": "East",
        "image": "https://www.houstontranstar.org/snapshots/cctv/236.jpg",
        "monitor": "0",
        "validimg": "True",
        "frameCount": "1",
        "framePauseMs": "0",
        "page": "https://traffic.houstontranstar.org/cctv/transtar/camera.aspx?cam=236"
      }
    },
    {
      "type": "Feature",
      "geometry": {
        "type": "Point",
        "coordinates": [
          -95.429189,
          30.021644
        ]
      },
      "properties": {
        "name": "45 NORTH @ FM 1960",
        "roadway": "IH-45 North",
        "location": "FM 1960",
        "direction": "West",
        "image": "https://www.houstontranstar.org/snapshots/cctv/237.jpg",
        "monitor": "0",
        "validimg": "False",
        "frameCount": "6",
        "framePauseMs": "300",
        "page": "https://traffic.houstontranstar.org/cctv/transtar/camera.aspx?cam=237"
      }
    },
    {
      "type": "Feature",
      "geometry": {
        "type": "Point",
        "coordinates": [
          -95.429433,
          30.028931
        ]
      },
      "properties": {
        "name": "45 NORTH @ PARAMATTA",
        "roadway": "IH-45 North",
        "location": "PARAMATTA",
        "direction": "West",
        "image": "https://www.houstontranstar.org/snapshots/cctv/238.jpg",
        "monitor": "0",
        "validimg": "False",
        "frameCount": "1",
        "framePauseMs": "0",
        "page": "https://traffic.houstontranstar.org/cctv/transtar/camera.aspx?cam=238"
      }
    },
    {
      "type": "Feature",
      "geometry": {
        "type": "Point",
        "coordinates": [
          -95.43055,
          30.04574
        ]
      },
      "properties": {
        "name": "45 NORTH @ CYPRESSWOOD (S)",
        "roadway": "IH-45 North",
        "location": "CYPRESSWOOD (S)",
        "direction": "West",
        "image": "https://www.houstontranstar.org/snapshots/cctv/239.jpg",
        "monitor": "0",
        "validimg": "True",
        "frameCount": "1",
        "framePauseMs": "0",
        "page": "https://traffic.houstontranstar.org/cctv/transtar/camera.aspx?cam=239"
      }
    },
    {
      "type": "Feature",
      "geometry": {
        "type": "Point",
        "coordinates": [
          -95.4321,
          30.05292
        ]
      },
      "properties": {
        "name": "45 NORTH @ CYPRESSWOOD",
        "roadway": "IH-45 North",
        "location": "CYPRESSWOOD",
        "direction": "West",
        "image": "https://www.houstontranstar.org/snapshots/cctv/240.jpg",
        "monitor": "0",
        "validimg": "False",
        "frameCount": "1",
        "framePauseMs": "0",
        "page": "https://traffic.houstontranstar.org/cctv/transtar/camera.aspx?cam=240"
      }
    },
    {
      "type": "Feature",
      "geometry": {
        "type": "Point",
        "coordinates": [
          -95.43378,
          30.06171
        ]
      },
      "properties": {
        "name": "IH-45 NORTH @ LOUETTA (S)",
        "roadway": "IH-45 North",
        "location": "LOUETTA (S)",
        "direction": "West",
        "image": "https://www.houstontranstar.org/snapshots/cctv/241.jpg",
        "monitor": "0",
        "validimg": "True",
        "frameCount": "1",
        "framePauseMs": "0",
        "page": "https://traffic.houstontranstar.org/cctv/transtar/camera.aspx?cam=241"
      }
    },
    {
      "type": "Feature",
      "geometry": {
        "type": "Point",
        "coordinates": [
          -95.43459,
          30.06663
        ]
      },
      "properties": {
        "name": "IH-45 NORTH @ LOUETTA",
        "roadway": "IH-45 North",
        "location": "LOUETTA",
        "direction": "West",
        "image": "https://www.houstontranstar.org/snapshots/cctv/242.jpg",
        "monitor": "0",
        "validimg": "True",
        "frameCount": "1",
        "framePauseMs": "0",
        "page": "https://traffic.houstontranstar.org/cctv/transtar/camera.aspx?cam=242"
      }
    },
    {
      "type": "Feature",
      "geometry": {
        "type": "Point",
        "coordinates": [
          -95.43606,
          30.07505
        ]
      },
      "properties": {
        "name": "IH-45 NORTH @ SPRING CYPRESS",
        "roadway": "IH-45 North",
        "location": "SPRING CYPRESS",
        "direction": "West",
        "image": "https://www.houstontranstar.org/snapshots/cctv/243.jpg",
        "monitor": "0",
        "validimg": "True",
        "frameCount": "1",
        "framePauseMs": "0",
        "page": "https://traffic.houstontranstar.org/cctv/transtar/camera.aspx?cam=243"
      }
    },
    {
      "type": "Feature",
      "geometry": {
        "type": "Point",
        "coordinates": [
          -95.43624,
          30.08444
        ]
      },
      "properties": {
        "name": "IH-45 NORTH @ SPRING STUEBNER",
        "roadway": "IH-45 North",
        "location": "SPRING STUEBNER",
        "direction": "East",
        "image": "https://www.houstontranstar.org/snapshots/cctv/244.jpg",
        "monitor": "0",
        "validimg": "True",
        "frameCount": "1",
        "framePauseMs": "0",
        "page": "https://traffic.houstontranstar.org/cctv/transtar/camera.aspx?cam=244"
      }
    },
    {
      "type": "Feature",
      "geometry": {
        "type": "Point",
        "coordinates": [
          -95.43526,
          30.09769
        ]
      },
      "properties": {
        "name": "IH-45 NORTH @ HARDY TOLL RD (S)",
        "roadway": "IH-45 North",
        "location": "HARDY TOLL RD (S)",
        "direction": "West",
        "image": "https://www.houstontranstar.org/snapshots/cctv/245.jpg",
        "monitor": "0",
        "validimg": "True",
        "frameCount": "1",
        "framePauseMs": "0",
        "page": "https://traffic.houstontranstar.org/cctv/transtar/camera.aspx?cam=245"
      }
    },
    {
      "type": "Feature",
      "geometry": {
        "type": "Point",
        "coordinates": [
          -95.43545,
          30.10814
        ]
      },
      "properties": {
        "name": "IH-45 NORTH @ HARDY TOLL RD",
        "roadway": "IH-45 North",
        "location": "HARDY TOLL RD",
        "direction": "East",
        "image": "https://www.houstontranstar.org/snapshots/cctv/246.jpg",
        "monitor": "0",
        "validimg": "True",
        "frameCount": "6",
        "framePauseMs": "300",
        "page": "https://traffic.houstontranstar.org/cctv/transtar/camera.aspx?cam=246"
      }
    },
    {
      "type": "Feature",
      "geometry": {
        "type": "Point",
        "coordinates": [
          -95.43629,
          30.11096
        ]
      },
      "properties": {
        "name": "IH-45 NORTH @ HARDY TOLL RD (N)",
        "roadway": "IH-45 North",
        "location": "HARDY TOLL RD (N)",
        "direction": "East",
        "image": "https://www.houstontranstar.org/snapshots/cctv/247.jpg",
        "monitor": "0",
        "validimg": "True",
        "frameCount": "1",
        "framePauseMs": "0",
        "page": "https://traffic.houstontranstar.org/cctv/transtar/camera.aspx?cam=247"
      }
    },
    {
      "type": "Feature",
      "geometry": {
        "type": "Point",
        "coordinates": [
          -95.44188,
          30.12216
        ]
      },
      "properties": {
        "name": "IH-45 NORTH @ RAYFORD (S)",
        "roadway": "IH-45 North",
        "location": "RAYFORD (S)",
        "direction": "East",
        "image": "https://www.houstontranstar.org/snapshots/cctv/248.jpg",
        "monitor": "0",
        "validimg": "True",
        "frameCount": "1",
        "framePauseMs": "0",
        "page": "https://traffic.houstontranstar.org/cctv/transtar/camera.aspx?cam=248"
      }
    },
    {
      "type": "Feature",
      "geometry": {
        "type": "Point",
        "coordinates": [
          -95.44344,
          30.12721
        ]
      },
      "properties": {
        "name": "IH-45 NORTH @ RAYFORD",
        "roadway": "IH-45 North",
        "location": "RAYFORD",
        "direction": "West",
        "image": "https://www.houstontranstar.org/snapshots/cctv/249.jpg",
        "monitor": "0",
        "validimg": "True",
        "frameCount": "1",
        "framePauseMs": "0",
        "page": "https://traffic.houstontranstar.org/cctv/transtar/camera.aspx?cam=249"
      }
    },
    {
      "type": "Feature",
      "geometry": {
        "type": "Point",
        "coordinates": [
          -95.44401,
          30.12995
        ]
      },
      "properties": {
        "name": "IH-45 NORTH @ RAYFORD (N)",
        "roadway": "IH-45 North",
        "location": "RAYFORD (N)",
        "direction": "West",
        "image": "https://www.houstontranstar.org/snapshots/cctv/250.jpg",
        "monitor": "0",
        "validimg": "True",
        "frameCount": "1",
        "framePauseMs": "0",
        "page": "https://traffic.houstontranstar.org/cctv/transtar/camera.aspx?cam=250"
      }
    },
    {
      "type": "Feature",
      "geometry": {
        "type": "Point",
        "coordinates": [
          -95.44613,
          30.14067
        ]
      },
      "properties": {
        "name": "IH-45 NORTH @ NURSERY",
        "roadway": "IH-45 North",
        "location": "NURSERY",
        "direction": "West",
        "image": "https://www.houstontranstar.org/snapshots/cctv/251.jpg",
        "monitor": "0",
        "validimg": "True",
        "frameCount": "1",
        "framePauseMs": "0",
        "page": "https://traffic.houstontranstar.org/cctv/transtar/camera.aspx?cam=251"
      }
    },
    {
      "type": "Feature",
      "geometry": {
        "type": "Point",
        "coordinates": [
          -95.44744,
          30.14931
        ]
      },
      "properties": {
        "name": "IH-45 NORTH @ OAKRIDGE",
        "roadway": "IH-45 North",
        "location": "OAKRIDGE",
        "direction": "West",
        "image": "https://www.houstontranstar.org/snapshots/cctv/252.jpg",
        "monitor": "0",
        "validimg": "True",
        "frameCount": "1",
        "framePauseMs": "0",
        "page": "https://traffic.houstontranstar.org/cctv/transtar/camera.aspx?cam=252"
      }
    },
    {
      "type": "Feature",
      "geometry": {
        "type": "Point",
        "coordinates": [
          -95.44902,
          30.15714
        ]
      },
      "properties": {
        "name": "IH-45 NORTH @ WOODLANDS PARKWAY",
        "roadway": "IH-45 North",
        "location": "WOODLANDS PARKWAY",
        "direction": "East",
        "image": "https://www.houstontranstar.org/snapshots/cctv/253.jpg",
        "monitor": "0",
        "validimg": "True",
        "frameCount": "6",
        "framePauseMs": "300",
        "page": "https://traffic.houstontranstar.org/cctv/transtar/camera.aspx?cam=253"
      }
    },
    {
      "type": "Feature",
      "geometry": {
        "type": "Point",
        "coordinates": [
          -95.45095,
          30.16755
        ]
      },
      "properties": {
        "name": "IH-45 NORTH @ LAKE WOODLANDS DR.",
        "roadway": "IH-45 North",
        "location": "LAKE WOODLANDS DR.",
        "direction": "West",
        "image": "https://www.houstontranstar.org/snapshots/cctv/254.jpg",
        "monitor": "0",
        "validimg": "False",
        "frameCount": "1",
        "framePauseMs": "0",
        "page": "https://traffic.houstontranstar.org/cctv/transtar/camera.aspx?cam=254"
      }
    },
    {
      "type": "Feature",
      "geometry": {
        "type": "Point",
        "coordinates": [
          -95.45206,
          30.17858
        ]
      },
      "properties": {
        "name": "IH-45 NORTH @ TAMINA",
        "roadway": "IH-45 North",
        "location": "TAMINA",
        "direction": "West",
        "image": "https://www.houstontranstar.org/snapshots/cctv/255.jpg",
        "monitor": "0",
        "validimg": "True",
        "frameCount": "1",
        "framePauseMs": "0",
        "page": "https://traffic.houstontranstar.org/cctv/transtar/camera.aspx?cam=255"
      }
    },
    {
      "type": "Feature",
      "geometry": {
        "type": "Point",
        "coordinates": [
          -95.45246,
          30.18183
        ]
      },
      "properties": {
        "name": "IH-45 NORTH @ TAMINA N",
        "roadway": "IH-45 North",
        "location": "TAMINA N",
        "direction": "West",
        "image": "https://www.houstontranstar.org/snapshots/cctv/256.jpg",
        "monitor": "0",
        "validimg": "True",
        "frameCount": "1",
        "framePauseMs": "0",
        "page": "https://traffic.houstontranstar.org/cctv/transtar/camera.aspx?cam=256"
      }
    },
    {
      "type": "Feature",
      "geometry": {
        "type": "Point",
        "coordinates": [
          -95.45269,
          30.18702
        ]
      },
      "properties": {
        "name": "IH-45 NORTH @ Shenandoah Parkway S",
        "roadway": "IH-45 North",
        "location": "Shenandoah Parkway S",
        "direction": "West",
        "image": "https://www.houstontranstar.org/snapshots/cctv/257.jpg",
        "monitor": "0",
        "validimg": "True",
        "frameCount": "1",
        "framePauseMs": "0",
        "page": "https://traffic.houstontranstar.org/cctv/transtar/camera.aspx?cam=257"
      }
    },
    {
      "type": "Feature",
      "geometry": {
        "type": "Point",
        "coordinates": [
          -95.45497,
          30.19826
        ]
      },
      "properties": {
        "name": "IH-45 NORTH @ Shenandoah Parkway N",
        "roadway": "IH-45 North",
        "location": "Shenandoah Parkway N",
        "direction": "West",
        "image": "https://www.houstontranstar.org/snapshots/cctv/258.jpg",
        "monitor": "0",
        "validimg": "True",
        "frameCount": "1",
        "framePauseMs": "0",
        "page": "https://traffic.houstontranstar.org/cctv/transtar/camera.aspx?cam=258"
      }
    },
    {
      "type": "Feature",
      "geometry": {
        "type": "Point",
        "coordinates": [
          -95.45566,
          30.20289
        ]
      },
      "properties": {
        "name": "IH-45 NORTH @ SH-242 S",
        "roadway": "IH-45 North",
        "location": "SH-242 S",
        "direction": "East",
        "image": "https://www.houstontranstar.org/snapshots/cctv/259.jpg",
        "monitor": "0",
        "validimg": "True",
        "frameCount": "1",
        "framePauseMs": "0",
        "page": "https://traffic.houstontranstar.org/cctv/transtar/camera.aspx?cam=259"
      }
    },
    {
      "type": "Feature",
      "geometry": {
        "type": "Point",
        "coordinates": [
          -95.45613,
          30.20742
        ]
      },
      "properties": {
        "name": "IH-45 NORTH @ SH-242",
        "roadway": "IH-45 North",
        "location": "SH-242",
        "direction": "West",
        "image": "https://www.houstontranstar.org/snapshots/cctv/260.jpg",
        "monitor": "0",
        "validimg": "True",
        "frameCount": "1",
        "framePauseMs": "0",
        "page": "https://traffic.houstontranstar.org/cctv/transtar/camera.aspx?cam=260"
      }
    },
    {
      "type": "Feature",
      "geometry": {
        "type": "Point",
        "coordinates": [
          -95.45686,
          30.21547
        ]
      },
      "properties": {
        "name": "IH-45 NORTH @ SH-242 N",
        "roadway": "IH-45 North",
        "location": "SH-242 N",
        "direction": "East",
        "image": "https://www.houstontranstar.org/snapshots/cctv/261.jpg",
        "monitor": "0",
        "validimg": "True",
        "frameCount": "1",
        "framePauseMs": "0",
        "page": "https://traffic.houstontranstar.org/cctv/transtar/camera.aspx?cam=261"
      }
    },
    {
      "type": "Feature",
      "geometry": {
        "type": "Point",
        "coordinates": [
          -95.4575,
          30.22214
        ]
      },
      "properties": {
        "name": "IH-45 NORTH @ Windsor Lake",
        "roadway": "IH-45 North",
        "location": "Windsor Lake",
        "direction": "West",
        "image": "https://www.houstontranstar.org/snapshots/cctv/262.jpg",
        "monitor": "0",
        "validimg": "True",
        "frameCount": "1",
        "framePauseMs": "0",
        "page": "https://traffic.houstontranstar.org/cctv/transtar/camera.aspx?cam=262"
      }
    },
    {
      "type": "Feature",
      "geometry": {
        "type": "Point",
        "coordinates": [
          -95.4578,
          30.22878
        ]
      },
      "properties": {
        "name": "IH-45 NORTH @ FM-1488 S",
        "roadway": "IH-45 North",
        "location": "FM-1488 S",
        "direction": "West",
        "image": "https://www.houstontranstar.org/snapshots/cctv/263.jpg",
        "monitor": "0",
        "validimg": "True",
        "frameCount": "6",
        "framePauseMs": "300",
        "page": "https://traffic.houstontranstar.org/cctv/transtar/camera.aspx?cam=263"
      }
    },
    {
      "type": "Feature",
      "geometry": {
        "type": "Point",
        "coordinates": [
          -95.45862,
          30.23679
        ]
      },
      "properties": {
        "name": "IH-45 NORTH @ FM-1488",
        "roadway": "IH-45 North",
        "location": "FM-1488",
        "direction": "West",
        "image": "https://www.houstontranstar.org/snapshots/cctv/264.jpg",
        "monitor": "0",
        "validimg": "True",
        "frameCount": "1",
        "framePauseMs": "0",
        "page": "https://traffic.houstontranstar.org/cctv/transtar/camera.aspx?cam=264"
      }
    },
    {
      "type": "Feature",
      "geometry": {
        "type": "Point",
        "coordinates": [
          -95.45814,
          30.24184
        ]
      },
      "properties": {
        "name": "IH-45 NORTH @ FM-1488 N",
        "roadway": "IH-45 North",
        "location": "FM-1488 N",
        "direction": "West",
        "image": "https://www.houstontranstar.org/snapshots/cctv/265.jpg",
        "monitor": "0",
        "validimg": "True",
        "frameCount": "1",
        "framePauseMs": "0",
        "page": "https://traffic.houstontranstar.org/cctv/transtar/camera.aspx?cam=265"
      }
    },
    {
      "type": "Feature",
      "geometry": {
        "type": "Point",
        "coordinates": [
          -95.45677,
          30.25582
        ]
      },
      "properties": {
        "name": "IH-45 NORTH @ River Plantation",
        "roadway": "IH-45 North",
        "location": "River Plantation",
        "direction": "West",
        "image": "https://www.houstontranstar.org/snapshots/cctv/266.jpg",
        "monitor": "0",
        "validimg": "True",
        "frameCount": "1",
        "framePauseMs": "0",
        "page": "https://traffic.houstontranstar.org/cctv/transtar/camera.aspx?cam=266"
      }
    },
    {
      "type": "Feature",
      "geometry": {
        "type": "Point",
        "coordinates": [
          -95.45675,
          30.26537
        ]
      },
      "properties": {
        "name": "IH-45 NORTH @ Crighton",
        "roadway": "IH-45 North",
        "location": "Crighton",
        "direction": "West",
        "image": "https://www.houstontranstar.org/snapshots/cctv/267.jpg",
        "monitor": "0",
        "validimg": "True",
        "frameCount": "1",
        "framePauseMs": "0",
        "page": "https://traffic.houstontranstar.org/cctv/transtar/camera.aspx?cam=267"
      }
    },
    {
      "type": "Feature",
      "geometry": {
        "type": "Point",
        "coordinates": [
          -95.457,
          30.279444
        ]
      },
      "properties": {
        "name": "IH-45 North @ Loop 336 South",
        "roadway": "IH-45 North",
        "location": "Loop 336 South",
        "direction": "East",
        "image": "https://www.houstontranstar.org/snapshots/cctv/268.jpg",
        "monitor": "0",
        "validimg": "True",
        "frameCount": "1",
        "framePauseMs": "0",
        "page": "https://traffic.houstontranstar.org/cctv/transtar/camera.aspx?cam=268"
      }
    },
    {
      "type": "Feature",
      "geometry": {
        "type": "Point",
        "coordinates": [
          -95.458056,
          30.280111
        ]
      },
      "properties": {
        "name": "IH-45 North @ Loop 336 South (N)",
        "roadway": "IH-45 North",
        "location": "Loop 336 South (N)",
        "direction": "West",
        "image": "https://www.houstontranstar.org/snapshots/cctv/269.jpg",
        "monitor": "0",
        "validimg": "True",
        "frameCount": "1",
        "framePauseMs": "0",
        "page": "https://traffic.houstontranstar.org/cctv/transtar/camera.aspx?cam=269"
      }
    },
    {
      "type": "Feature",
      "geometry": {
        "type": "Point",
        "coordinates": [
          -95.462278,
          30.287083
        ]
      },
      "properties": {
        "name": "IH-45 North @ Gladstell (S)",
        "roadway": "IH-45 North",
        "location": "Gladstell (S)",
        "direction": "West",
        "image": "https://www.houstontranstar.org/snapshots/cctv/270.jpg",
        "monitor": "0",
        "validimg": "True",
        "frameCount": "1",
        "framePauseMs": "0",
        "page": "https://traffic.houstontranstar.org/cctv/transtar/camera.aspx?cam=270"
      }
    },
    {
      "type": "Feature",
      "geometry": {
        "type": "Point",
        "coordinates": [
          -95.464556,
          30.292833
        ]
      },
      "properties": {
        "name": "IH-45 North @ Gladstell",
        "roadway": "IH-45 North",
        "location": "Gladstell",
        "direction": "West",
        "image": "https://www.houstontranstar.org/snapshots/cctv/271.jpg",
        "monitor": "0",
        "validimg": "True",
        "frameCount": "1",
        "framePauseMs": "0",
        "page": "https://traffic.houstontranstar.org/cctv/transtar/camera.aspx?cam=271"
      }
    },
    {
      "type": "Feature",
      "geometry": {
        "type": "Point",
        "coordinates": [
          -95.464444,
          30.299472
        ]
      },
      "properties": {
        "name": "IH-45 North @ FM 2854 (S)",
        "roadway": "IH-45 North",
        "location": "FM 2854 (S)",
        "direction": "East",
        "image": "https://www.houstontranstar.org/snapshots/cctv/272.jpg",
        "monitor": "0",
        "validimg": "True",
        "frameCount": "1",
        "framePauseMs": "0",
        "page": "https://traffic.houstontranstar.org/cctv/transtar/camera.aspx?cam=272"
      }
    },
    {
      "type": "Feature",
      "geometry": {
        "type": "Point",
        "coordinates": [
          -95.469083,
          30.308056
        ]
      },
      "properties": {
        "name": "IH-45 North @ FM 2854",
        "roadway": "IH-45 North",
        "location": "FM 2854",
        "direction": "East",
        "image": "https://www.houstontranstar.org/snapshots/cctv/273.jpg",
        "monitor": "0",
        "validimg": "True",
        "frameCount": "1",
        "framePauseMs": "0",
        "page": "https://traffic.houstontranstar.org/cctv/transtar/camera.aspx?cam=273"
      }
    },
    {
      "type": "Feature",
      "geometry": {
        "type": "Point",
        "coordinates": [
          -95.471222,
          30.315056
        ]
      },
      "properties": {
        "name": "IH-45 North @ SH 105",
        "roadway": "IH-45 North",
        "location": "SH 105",
        "direction": "East",
        "image": "https://www.houstontranstar.org/snapshots/cctv/274.jpg",
        "monitor": "0",
        "validimg": "True",
        "frameCount": "1",
        "framePauseMs": "0",
        "page": "https://traffic.houstontranstar.org/cctv/transtar/camera.aspx?cam=274"
      }
    },
    {
      "type": "Feature",
      "geometry": {
        "type": "Point",
        "coordinates": [
          -95.471722,
          30.31475
        ]
      },
      "properties": {
        "name": "IH-45 North @ SH 105 (N)",
        "roadway": "IH-45 North",
        "location": "SH 105 (N)",
        "direction": "West",
        "image": "https://www.houstontranstar.org/snapshots/cctv/275.jpg",
        "monitor": "0",
        "validimg": "True",
        "frameCount": "1",
        "framePauseMs": "0",
        "page": "https://traffic.houstontranstar.org/cctv/transtar/camera.aspx?cam=275"
      }
    },
    {
      "type": "Feature",
      "geometry": {
        "type": "Point",
        "coordinates": [
          -95.475167,
          30.324833
        ]
      },
      "properties": {
        "name": "IH-45 North @  Wilson Rd.",
        "roadway": "IH-45 North",
        "location": "Wilson Rd.",
        "direction": "West",
        "image": "https://www.houstontranstar.org/snapshots/cctv/276.jpg",
        "monitor": "0",
        "validimg": "True",
        "frameCount": "1",
        "framePauseMs": "0",
        "page": "https://traffic.houstontranstar.org/cctv/transtar/camera.aspx?cam=276"
      }
    },
    {
      "type": "Feature",
      "geometry": {
        "type": "Point",
        "coordinates": [
          -95.477528,
          30.333889
        ]
      },
      "properties": {
        "name": "IH-45 North @ Loop 336 North",
        "roadway": "IH-45 North",
        "location": "Loop 336 North",
        "direction": "East",
        "image": "https://www.houstontranstar.org/snapshots/cctv/277.jpg",
        "monitor": "0",
        "validimg": "True",
        "frameCount": "1",
        "framePauseMs": "0",
        "page": "https://traffic.houstontranstar.org/cctv/transtar/camera.aspx?cam=277"
      }
    },
    {
      "type": "Feature",
      "geometry": {
        "type": "Point",
        "coordinates": [
          -95.485389,
          30.351083
        ]
      },
      "properties": {
        "name": "IH-45 North @ FM 3083",
        "roadway": "IH-45 North",
        "location": "FM 3083",
        "direction": "West",
        "image": "https://www.houstontranstar.org/snapshots/cctv/278.jpg",
        "monitor": "0",
        "validimg": "False",
        "frameCount": "1",
        "framePauseMs": "0",
        "page": "https://traffic.houstontranstar.org/cctv/transtar/camera.aspx?cam=278"
      }
    },
    {
      "type": "Feature",
      "geometry": {
        "type": "Point",
        "coordinates": [
          -95.4855,
          30.366722
        ]
      },
      "properties": {
        "name": "IH-45 North @  League Line",
        "roadway": "IH-45 North",
        "location": "League Line",
        "direction": "West",
        "image": "https://www.houstontranstar.org/snapshots/cctv/279.jpg",
        "monitor": "0",
        "validimg": "True",
        "frameCount": "1",
        "framePauseMs": "0",
        "page": "https://traffic.houstontranstar.org/cctv/transtar/camera.aspx?cam=279"
      }
    },
    {
      "type": "Feature",
      "geometry": {
        "type": "Point",
        "coordinates": [
          -95.485079,
          30.373642
        ]
      },
      "properties": {
        "name": "IH-45 North @ League Line (N)",
        "roadway": "IH-45 North",
        "location": "League Line (N)",
        "direction": "East",
        "image": "https://www.houstontranstar.org/snapshots/cctv/280.jpg",
        "monitor": "0",
        "validimg": "True",
        "frameCount": "1",
        "framePauseMs": "0",
        "page": "https://traffic.houstontranstar.org/cctv/transtar/camera.aspx?cam=280"
      }
    },
    {
      "type": "Feature",
      "geometry": {
        "type": "Point",
        "coordinates": [
          -95.486526,
          30.382607
        ]
      },
      "properties": {
        "name": "IH-45 North @ Panorama (W)",
        "roadway": "IH-45 North",
        "location": "Panorama (W)",
        "direction": "East",
        "image": "https://www.houstontranstar.org/snapshots/cctv/281.jpg",
        "monitor": "0",
        "validimg": "True",
        "frameCount": "1",
        "framePauseMs": "0",
        "page": "https://traffic.houstontranstar.org/cctv/transtar/camera.aspx?cam=281"
      }
    },
    {
      "type": "Feature",
      "geometry": {
        "type": "Point",
        "coordinates": [
          -95.485567,
          30.383032
        ]
      },
      "properties": {
        "name": "IH-45 North @ Panorama (E)",
        "roadway": "IH-45 North",
        "location": "Panorama (E)",
        "direction": "East",
        "image": "https://www.houstontranstar.org/snapshots/cctv/282.jpg",
        "monitor": "0",
        "validimg": "True",
        "frameCount": "1",
        "framePauseMs": "0",
        "page": "https://traffic.houstontranstar.org/cctv/transtar/camera.aspx?cam=282"
      }
    },
    {
      "type": "Feature",
      "geometry": {
        "type": "Point",
        "coordinates": [
          -95.48569,
          30.391742
        ]
      },
      "properties": {
        "name": "IH-45 North @ FM 830 (E)",
        "roadway": "IH-45 North",
        "location": "FM 830 (E)",
        "direction": "East",
        "image": "https://www.houstontranstar.org/snapshots/cctv/283.jpg",
        "monitor": "0",
        "validimg": "True",
        "frameCount": "1",
        "framePauseMs": "0",
        "page": "https://traffic.houstontranstar.org/cctv/transtar/camera.aspx?cam=283"
      }
    },
    {
      "type": "Feature",
      "geometry": {
        "type": "Point",
        "coordinates": [
          -95.486833,
          30.391611
        ]
      },
      "properties": {
        "name": "IH-45 North @ FM 830 (W)",
        "roadway": "IH-45 North",
        "location": "FM 830 (W)",
        "direction": "East",
        "image": "https://www.houstontranstar.org/snapshots/cctv/284.jpg",
        "monitor": "0",
        "validimg": "True",
        "frameCount": "1",
        "framePauseMs": "0",
        "page": "https://traffic.houstontranstar.org/cctv/transtar/camera.aspx?cam=284"
      }
    },
    {
      "type": "Feature",
      "geometry": {
        "type": "Point",
        "coordinates": [
          -95.49238,
          30.42075
        ]
      },
      "properties": {
        "name": "IH-45 North @ FM 1097",
        "roadway": "IH-45 North",
        "location": "FM 1097",
        "direction": "East",
        "image": "https://www.houstontranstar.org/snapshots/cctv/285.jpg",
        "monitor": "0",
        "validimg": "True",
        "frameCount": "1",
        "framePauseMs": "0",
        "page": "https://traffic.houstontranstar.org/cctv/transtar/camera.aspx?cam=285"
      }
    },
    {
      "type": "Feature",
      "geometry": {
        "type": "Point",
        "coordinates": [
          -95.494958,
          30.436339
        ]
      },
      "properties": {
        "name": "IH-45 North @ Longstreet",
        "roadway": "IH-45 North",
        "location": "Longstreet",
        "direction": "East",
        "image": "https://www.houstontranstar.org/snapshots/cctv/286.jpg",
        "monitor": "0",
        "validimg": "True",
        "frameCount": "1",
        "framePauseMs": "0",
        "page": "https://traffic.houstontranstar.org/cctv/transtar/camera.aspx?cam=286"
      }
    },
    {
      "type": "Feature",
      "geometry": {
        "type": "Point",
        "coordinates": [
          -95.494979,
          30.455849
        ]
      },
      "properties": {
        "name": "IH-45 North @ Calvary",
        "roadway": "IH-45 North",
        "location": "Calvary",
        "direction": "East",
        "image": "https://www.houstontranstar.org/snapshots/cctv/287.jpg",
        "monitor": "0",
        "validimg": "True",
        "frameCount": "1",
        "framePauseMs": "0",
        "page": "https://traffic.houstontranstar.org/cctv/transtar/camera.aspx?cam=287"
      }
    },
    {
      "type": "Feature",
      "geometry": {
        "type": "Point",
        "coordinates": [
          -95.496371,
          30.465468
        ]
      },
      "properties": {
        "name": "IH-45 North @ Calvary (N)",
        "roadway": "IH-45 North",
        "location": "Calvary (N)",
        "direction": "East",
        "image": "https://www.houstontranstar.org/snapshots/cctv/288.jpg",
        "monitor": "0",
        "validimg": "True",
        "frameCount": "1",
        "framePauseMs": "0",
        "page": "https://traffic.houstontranstar.org/cctv/transtar/camera.aspx?cam=288"
      }
    },
    {
      "type": "Feature",
      "geometry": {
        "type": "Point",
        "coordinates": [
          -95.496789,
          30.477976
        ]
      },
      "properties": {
        "name": "IH-45 North @ Shepard Hill",
        "roadway": "IH-45 North",
        "location": "Shepard Hill",
        "direction": "East",
        "image": "https://www.houstontranstar.org/snapshots/cctv/289.jpg",
        "monitor": "0",
        "validimg": "True",
        "frameCount": "1",
        "framePauseMs": "0",
        "page": "https://traffic.houstontranstar.org/cctv/transtar/camera.aspx?cam=289"
      }
    },
    {
      "type": "Feature",
      "geometry": {
        "type": "Point",
        "coordinates": [
          -95.494268,
          30.484831
        ]
      },
      "properties": {
        "name": "IH-45 North @ Esperanza",
        "roadway": "IH-45 North",
        "location": "Esperanza",
        "direction": "East",
        "image": "https://www.houstontranstar.org/snapshots/cctv/290.jpg",
        "monitor": "0",
        "validimg": "True",
        "frameCount": "1",
        "framePauseMs": "0",
        "page": "https://traffic.houstontranstar.org/cctv/transtar/camera.aspx?cam=290"
      }
    },
    {
      "type": "Feature",
      "geometry": {
        "type": "Point",
        "coordinates": [
          -95.49367,
          30.491184
        ]
      },
      "properties": {
        "name": "IH-45 North @ Danville",
        "roadway": "IH-45 North",
        "location": "Danville",
        "direction": "East",
        "image": "https://www.houstontranstar.org/snapshots/cctv/291.jpg",
        "monitor": "0",
        "validimg": "True",
        "frameCount": "1",
        "framePauseMs": "0",
        "page": "https://traffic.houstontranstar.org/cctv/transtar/camera.aspx?cam=291"
      }
    },
    {
      "type": "Feature",
      "geometry": {
        "type": "Point",
        "coordinates": [
          -95.493026,
          30.495854
        ]
      },
      "properties": {
        "name": "IH-45 North @ Danville (N)",
        "roadway": "IH-45 North",
        "location": "Danville (N)",
        "direction": "East",
        "image": "https://www.houstontranstar.org/snapshots/cctv/292.jpg",
        "monitor": "0",
        "validimg": "True",
        "frameCount": "1",
        "framePauseMs": "0",
        "page": "https://traffic.houstontranstar.org/cctv/transtar/camera.aspx?cam=292"
      }
    },
    {
      "type": "Feature",
      "geometry": {
        "type": "Point",
        "coordinates": [
          -95.371282,
          29.778275
        ]
      },
      "properties": {
        "name": "10 KATY @ Entrance from IH-45 North",
        "roadway": "IH-10 Katy",
        "location": "Entrance from IH-45 North",
        "direction": "South",
        "image": "https://www.houstontranstar.org/snapshots/cctv/304.jpg",
        "monitor": "0",
        "validimg": "False",
        "frameCount": "1",
        "framePauseMs": "0",
        "page": "https://traffic.houstontranstar.org/cctv/transtar/camera.aspx?cam=304"
      }
    },
    {
      "type": "Feature",
      "geometry": {
        "type": "Point",
        "coordinates": [
          -95.372728,
          29.778809
        ]
      },
      "properties": {
        "name": "10 KATY @ HOUSTON AVE",
        "roadway": "IH-10 Katy",
        "location": "HOUSTON AVE",
        "direction": "North",
        "image": "https://www.houstontranstar.org/snapshots/cctv/305.jpg",
        "monitor": "0",
        "validimg": "True",
        "frameCount": "1",
        "framePauseMs": "0",
        "page": "https://traffic.houstontranstar.org/cctv/transtar/camera.aspx?cam=305"
      }
    },
    {
      "type": "Feature",
      "geometry": {
        "type": "Point",
        "coordinates": [
          -95.37357,
          29.778065
        ]
      },
      "properties": {
        "name": "10 KATY @ HOUSTON AVE (W)",
        "roadway": "IH-10 Katy",
        "location": "West of Houston Ave",
        "direction": "South",
        "image": "https://www.houstontranstar.org/snapshots/cctv/306.jpg",
        "monitor": "0",
        "validimg": "True",
        "frameCount": "1",
        "framePauseMs": "0",
        "page": "https://traffic.houstontranstar.org/cctv/transtar/camera.aspx?cam=306"
      }
    },
    {
      "type": "Feature",
      "geometry": {
        "type": "Point",
        "coordinates": [
          -95.376146,
          29.779384
        ]
      },
      "properties": {
        "name": "10 KATY @ TAYLOR (E)",
        "roadway": "IH-10 Katy",
        "location": "East of Taylor",
        "direction": "North",
        "image": "https://www.houstontranstar.org/snapshots/cctv/307.jpg",
        "monitor": "0",
        "validimg": "False",
        "frameCount": "1",
        "framePauseMs": "0",
        "page": "https://traffic.houstontranstar.org/cctv/transtar/camera.aspx?cam=307"
      }
    },
    {
      "type": "Feature",
      "geometry": {
        "type": "Point",
        "coordinates": [
          -95.380972,
          29.778598
        ]
      },
      "properties": {
        "name": "10 KATY @ TAYLOR",
        "roadway": "IH-10 Katy",
        "location": "TAYLOR",
        "direction": "North",
        "image": "https://www.houstontranstar.org/snapshots/cctv/308.jpg",
        "monitor": "0",
        "validimg": "True",
        "frameCount": "1",
        "framePauseMs": "0",
        "page": "https://traffic.houstontranstar.org/cctv/transtar/camera.aspx?cam=308"
      }
    },
    {
      "type": "Feature",
      "geometry": {
        "type": "Point",
        "coordinates": [
          -95.388053,
          29.777224
        ]
      },
      "properties": {
        "name": "10 KATY @ STUDEMONT",
        "roadway": "IH-10 Katy",
        "location": "STUDEMONT",
        "direction": "North",
        "image": "https://www.houstontranstar.org/snapshots/cctv/309.jpg",
        "monitor": "0",
        "validimg": "True",
        "frameCount": "1",
        "framePauseMs": "0",
        "page": "https://traffic.houstontranstar.org/cctv/transtar/camera.aspx?cam=309"
      }
    },
    {
      "type": "Feature",
      "geometry": {
        "type": "Point",
        "coordinates": [
          -95.397219,
          29.776666
        ]
      },
      "properties": {
        "name": "10 Katy @ Heights",
        "roadway": "IH-10 Katy",
        "location": "Heights",
        "direction": "South",
        "image": "https://www.houstontranstar.org/snapshots/cctv/310.jpg",
        "monitor": "0",
        "validimg": "True",
        "frameCount": "1",
        "framePauseMs": "0",
        "page": "https://traffic.houstontranstar.org/cctv/transtar/camera.aspx?cam=310"
      }
    },
    {
      "type": "Feature",
      "geometry": {
        "type": "Point",
        "coordinates": [
          -95.404175,
          29.7771065
        ]
      },
      "properties": {
        "name": "10 Katy @ Patterson",
        "roadway": "IH-10 Katy",
        "location": "Patterson",
        "direction": "South",
        "image": "https://www.houstontranstar.org/snapshots/cctv/311.jpg",
        "monitor": "0",
        "validimg": "True",
        "frameCount": "1",
        "framePauseMs": "0",
        "page": "https://traffic.houstontranstar.org/cctv/transtar/camera.aspx?cam=311"
      }
    },
    {
      "type": "Feature",
      "geometry": {
        "type": "Point",
        "coordinates": [
          -95.418199,
          29.777602
        ]
      },
      "properties": {
        "name": "10 Katy @ TC Jester",
        "roadway": "IH-10 Katy",
        "location": "TC Jester",
        "direction": "North",
        "image": "https://www.houstontranstar.org/snapshots/cctv/312.jpg",
        "monitor": "0",
        "validimg": "True",
        "frameCount": "1",
        "framePauseMs": "0",
        "page": "https://traffic.houstontranstar.org/cctv/transtar/camera.aspx?cam=312"
      }
    },
    {
      "type": "Feature",
      "geometry": {
        "type": "Point",
        "coordinates": [
          -95.421868,
          29.77763
        ]
      },
      "properties": {
        "name": "10 Katy @ TC Jester (W)",
        "roadway": "IH-10 Katy",
        "location": "West of TC Jester",
        "direction": "North",
        "image": "https://www.houstontranstar.org/snapshots/cctv/313.jpg",
        "monitor": "0",
        "validimg": "True",
        "frameCount": "1",
        "framePauseMs": "0",
        "page": "https://traffic.houstontranstar.org/cctv/transtar/camera.aspx?cam=313"
      }
    },
    {
      "type": "Feature",
      "geometry": {
        "type": "Point",
        "coordinates": [
          -95.429921,
          29.777877
        ]
      },
      "properties": {
        "name": "10 Katy @ Washington",
        "roadway": "IH-10 Katy",
        "location": "Washington",
        "direction": "North",
        "image": "https://www.houstontranstar.org/snapshots/cctv/314.jpg",
        "monitor": "0",
        "validimg": "True",
        "frameCount": "1",
        "framePauseMs": "0",
        "page": "https://traffic.houstontranstar.org/cctv/transtar/camera.aspx?cam=314"
      }
    },
    {
      "type": "Feature",
      "geometry": {
        "type": "Point",
        "coordinates": [
          -95.448523,
          29.7792779
        ]
      },
      "properties": {
        "name": "10 Katy @ West Loop (E)",
        "roadway": "IH-10 Katy",
        "location": "East of West Loop",
        "direction": "North",
        "image": "https://www.houstontranstar.org/snapshots/cctv/315.jpg",
        "monitor": "0",
        "validimg": "True",
        "frameCount": "6",
        "framePauseMs": "300",
        "page": "https://traffic.houstontranstar.org/cctv/transtar/camera.aspx?cam=315"
      }
    },
    {
      "type": "Feature",
      "geometry": {
        "type": "Point",
        "coordinates": [
          -95.371282,
          29.778275
        ]
      },
      "properties": {
        "name": "10 Katy @ West Loop",
        "roadway": "IH-10 Katy",
        "location": "West Loop",
        "direction": "South",
        "image": "https://www.houstontranstar.org/snapshots/cctv/316.jpg",
        "monitor": "0",
        "validimg": "True",
        "frameCount": "6",
        "framePauseMs": "300",
        "page": "https://traffic.houstontranstar.org/cctv/transtar/camera.aspx?cam=316"
      }
    },
    {
      "type": "Feature",
      "geometry": {
        "type": "Point",
        "coordinates": [
          -95.456462,
          29.782767
        ]
      },
      "properties": {
        "name": "I10 Katy @ Post Oak",
        "roadway": "IH-10 Katy",
        "location": "Post Oak",
        "direction": "North",
        "image": "https://www.houstontranstar.org/snapshots/cctv/317.jpg",
        "monitor": "0",
        "validimg": "True",
        "frameCount": "1",
        "framePauseMs": "0",
        "page": "https://traffic.houstontranstar.org/cctv/transtar/camera.aspx?cam=317"
      }
    },
    {
      "type": "Feature",
      "geometry": {
        "type": "Point",
        "coordinates": [
          -95.458173,
          29.783426
        ]
      },
      "properties": {
        "name": "10 Katy @ North Post Oak",
        "roadway": "IH-10 Katy",
        "location": "North Post Oak",
        "direction": "North",
        "image": "https://www.houstontranstar.org/snapshots/cctv/318.jpg",
        "monitor": "0",
        "validimg": "False",
        "frameCount": "1",
        "framePauseMs": "0",
        "page": "https://traffic.houstontranstar.org/cctv/transtar/camera.aspx?cam=318"
      }
    },
    {
      "type": "Feature",
      "geometry": {
        "type": "Point",
        "coordinates": [
          -95.468346,
          29.7838106
        ]
      },
      "properties": {
        "name": "10 Katy @ Silber",
        "roadway": "IH-10 Katy",
        "location": "Silber",
        "direction": "North",
        "image": "https://www.houstontranstar.org/snapshots/cctv/319.jpg",
        "monitor": "0",
        "validimg": "True",
        "frameCount": "1",
        "framePauseMs": "0",
        "page": "https://traffic.houstontranstar.org/cctv/transtar/camera.aspx?cam=319"
      }
    },
    {
      "type": "Feature",
      "geometry": {
        "type": "Point",
        "coordinates": [
          -95.48442,
          29.7836914
        ]
      },
      "properties": {
        "name": "10 Katy @ Wirt",
        "roadway": "IH-10 Katy",
        "location": "Wirt",
        "direction": "North",
        "image": "https://www.houstontranstar.org/snapshots/cctv/320.jpg",
        "monitor": "0",
        "validimg": "True",
        "frameCount": "1",
        "framePauseMs": "0",
        "page": "https://traffic.houstontranstar.org/cctv/transtar/camera.aspx?cam=320"
      }
    },
    {
      "type": "Feature",
      "geometry": {
        "type": "Point",
        "coordinates": [
          -95.498979,
          29.783806
        ]
      },
      "properties": {
        "name": "10 KATY @ BINGLE",
        "roadway": "IH-10 Katy",
        "location": "BINGLE",
        "direction": "North",
        "image": "https://www.houstontranstar.org/snapshots/cctv/321.jpg",
        "monitor": "0",
        "validimg": "True",
        "frameCount": "1",
        "framePauseMs": "0",
        "page": "https://traffic.houstontranstar.org/cctv/transtar/camera.aspx?cam=321"
      }
    },
    {
      "type": "Feature",
      "geometry": {
        "type": "Point",
        "coordinates": [
          -95.520936,
          29.7839537
        ]
      },
      "properties": {
        "name": "10 Katy @ Blalock",
        "roadway": "IH-10 Katy",
        "location": "Blalock",
        "direction": "North",
        "image": "https://www.houstontranstar.org/snapshots/cctv/322.jpg",
        "monitor": "0",
        "validimg": "True",
        "frameCount": "1",
        "framePauseMs": "0",
        "page": "https://traffic.houstontranstar.org/cctv/transtar/camera.aspx?cam=322"
      }
    },
    {
      "type": "Feature",
      "geometry": {
        "type": "Point",
        "coordinates": [
          -95.542479,
          29.78404
        ]
      },
      "properties": {
        "name": "10 Katy @ Gessner",
        "roadway": "IH-10 Katy",
        "location": "Gessner",
        "direction": "North",
        "image": "https://www.houstontranstar.org/snapshots/cctv/323.jpg",
        "monitor": "0",
        "validimg": "True",
        "frameCount": "1",
        "framePauseMs": "0",
        "page": "https://traffic.houstontranstar.org/cctv/transtar/camera.aspx?cam=323"
      }
    },
    {
      "type": "Feature",
      "geometry": {
        "type": "Point",
        "coordinates": [
          -95.551971,
          29.7839872
        ]
      },
      "properties": {
        "name": "10 Katy @ West BW-8",
        "roadway": "IH-10 Katy",
        "location": "West BW-8",
        "direction": "North",
        "image": "https://www.houstontranstar.org/snapshots/cctv/324.jpg",
        "monitor": "0",
        "validimg": "True",
        "frameCount": "6",
        "framePauseMs": "300",
        "page": "https://traffic.houstontranstar.org/cctv/transtar/camera.aspx?cam=324"
      }
    },
    {
      "type": "Feature",
      "geometry": {
        "type": "Point",
        "coordinates": [
          -95.576191,
          29.784238
        ]
      },
      "properties": {
        "name": "10 Katy @ Wilcrest",
        "roadway": "IH-10 Katy",
        "location": "Wilcrest",
        "direction": "North",
        "image": "https://www.houstontranstar.org/snapshots/cctv/325.jpg",
        "monitor": "0",
        "validimg": "True",
        "frameCount": "1",
        "framePauseMs": "0",
        "page": "https://traffic.houstontranstar.org/cctv/transtar/camera.aspx?cam=325"
      }
    },
    {
      "type": "Feature",
      "geometry": {
        "type": "Point",
        "coordinates": [
          -95.590916,
          29.7843342
        ]
      },
      "properties": {
        "name": "10 Katy @ Kirkwood",
        "roadway": "IH-10 Katy",
        "location": "Kirkwood",
        "direction": "North",
        "image": "https://www.houstontranstar.org/snapshots/cctv/326.jpg",
        "monitor": "0",
        "validimg": "True",
        "frameCount": "1",
        "framePauseMs": "0",
        "page": "https://traffic.houstontranstar.org/cctv/transtar/camera.aspx?cam=326"
      }
    },
    {
      "type": "Feature",
      "geometry": {
        "type": "Point",
        "coordinates": [
          -95.607045,
          29.7844195
        ]
      },
      "properties": {
        "name": "10 Katy @ Dairy Ashford",
        "roadway": "IH-10 Katy",
        "location": "Dairy Ashford",
        "direction": "North",
        "image": "https://www.houstontranstar.org/snapshots/cctv/327.jpg",
        "monitor": "0",
        "validimg": "True",
        "frameCount": "1",
        "framePauseMs": "0",
        "page": "https://traffic.houstontranstar.org/cctv/transtar/camera.aspx?cam=327"
      }
    },
    {
      "type": "Feature",
      "geometry": {
        "type": "Point",
        "coordinates": [
          -95.618138,
          29.7844789
        ]
      },
      "properties": {
        "name": "10 Katy @ Eldridge",
        "roadway": "IH-10 Katy",
        "location": "Eldridge",
        "direction": "North",
        "image": "https://www.houstontranstar.org/snapshots/cctv/328.jpg",
        "monitor": "0",
        "validimg": "True",
        "frameCount": "1",
        "framePauseMs": "0",
        "page": "https://traffic.houstontranstar.org/cctv/transtar/camera.aspx?cam=328"
      }
    },
    {
      "type": "Feature",
      "geometry": {
        "type": "Point",
        "coordinates": [
          -95.637765,
          29.784946
        ]
      },
      "properties": {
        "name": "10 Katy @ Addicks Park and Ride",
        "roadway": "IH-10 Katy",
        "location": "Addicks Park and Ride",
        "direction": "North",
        "image": "https://www.houstontranstar.org/snapshots/cctv/329.jpg",
        "monitor": "0",
        "validimg": "True",
        "frameCount": "1",
        "framePauseMs": "0",
        "page": "https://traffic.houstontranstar.org/cctv/transtar/camera.aspx?cam=329"
      }
    },
    {
      "type": "Feature",
      "geometry": {
        "type": "Point",
        "coordinates": [
          -95.645112,
          29.78444
        ]
      },
      "properties": {
        "name": "10 Katy @ SH 6",
        "roadway": "IH-10 Katy",
        "location": "SH 6",
        "direction": "North",
        "image": "https://www.houstontranstar.org/snapshots/cctv/330.jpg",
        "monitor": "0",
        "validimg": "True",
        "frameCount": "1",
        "framePauseMs": "0",
        "page": "https://traffic.houstontranstar.org/cctv/transtar/camera.aspx?cam=330"
      }
    },
    {
      "type": "Feature",
      "geometry": {
        "type": "Point",
        "coordinates": [
          -95.657428,
          29.7845911
        ]
      },
      "properties": {
        "name": "10 Katy @ SH 6 (W)",
        "roadway": "IH-10 Katy",
        "location": "SH 6 (W)",
        "direction": "North",
        "image": "https://www.houstontranstar.org/snapshots/cctv/331.jpg",
        "monitor": "0",
        "validimg": "True",
        "frameCount": "6",
        "framePauseMs": "300",
        "page": "https://traffic.houstontranstar.org/cctv/transtar/camera.aspx?cam=331"
      }
    },
    {
      "type": "Feature",
      "geometry": {
        "type": "Point",
        "coordinates": [
          -95.675084,
          29.784636
        ]
      },
      "properties": {
        "name": "10 Katy @ Park Ten",
        "roadway": "IH-10 Katy",
        "location": "Park Ten",
        "direction": "North",
        "image": "https://www.houstontranstar.org/snapshots/cctv/332.jpg",
        "monitor": "0",
        "validimg": "True",
        "frameCount": "1",
        "framePauseMs": "0",
        "page": "https://traffic.houstontranstar.org/cctv/transtar/camera.aspx?cam=332"
      }
    },
    {
      "type": "Feature",
      "geometry": {
        "type": "Point",
        "coordinates": [
          -95.688277,
          29.784412
        ]
      },
      "properties": {
        "name": "10 Katy @ Barker Cypress Rd",
        "roadway": "IH-10 Katy",
        "location": "Barker Cypress Rd",
        "direction": "North",
        "image": "https://www.houstontranstar.org/snapshots/cctv/333.jpg",
        "monitor": "0",
        "validimg": "True",
        "frameCount": "1",
        "framePauseMs": "0",
        "page": "https://traffic.houstontranstar.org/cctv/transtar/camera.aspx?cam=333"
      }
    },
    {
      "type": "Feature",
      "geometry": {
        "type": "Point",
        "coordinates": [
          -95.7007,
          29.784755
        ]
      },
      "properties": {
        "name": "10 Katy @ Greenhouse",
        "roadway": "IH-10 Katy",
        "location": "Greenhouse",
        "direction": "North",
        "image": "https://www.houstontranstar.org/snapshots/cctv/334.jpg",
        "monitor": "0",
        "validimg": "True",
        "frameCount": "1",
        "framePauseMs": "0",
        "page": "https://traffic.houstontranstar.org/cctv/transtar/camera.aspx?cam=334"
      }
    },
    {
      "type": "Feature",
      "geometry": {
        "type": "Point",
        "coordinates": [
          -95.718802,
          29.784496
        ]
      },
      "properties": {
        "name": "10 Katy @ Fry",
        "roadway": "IH-10 Katy",
        "location": "Fry",
        "direction": "North",
        "image": "https://www.houstontranstar.org/snapshots/cctv/335.jpg",
        "monitor": "0",
        "validimg": "True",
        "frameCount": "1",
        "framePauseMs": "0",
        "page": "https://traffic.houstontranstar.org/cctv/transtar/camera.aspx?cam=335"
      }
    },
    {
      "type": "Feature",
      "geometry": {
        "type": "Point",
        "coordinates": [
          -95.734716,
          29.784968
        ]
      },
      "properties": {
        "name": "10 Katy @ Fry (W)",
        "roadway": "IH-10 Katy",
        "location": "Fry (W)",
        "direction": "North",
        "image": "https://www.houstontranstar.org/snapshots/cctv/336.jpg",
        "monitor": "0",
        "validimg": "True",
        "frameCount": "1",
        "framePauseMs": "0",
        "page": "https://traffic.houstontranstar.org/cctv/transtar/camera.aspx?cam=336"
      }
    },
    {
      "type": "Feature",
      "geometry": {
        "type": "Point",
        "coordinates": [
          -95.751739,
          29.784608
        ]
      },
      "properties": {
        "name": "10 Katy @ Mason",
        "roadway": "IH-10 Katy",
        "location": "Mason",
        "direction": "North",
        "image": "https://www.houstontranstar.org/snapshots/cctv/337.jpg",
        "monitor": "0",
        "validimg": "True",
        "frameCount": "1",
        "framePauseMs": "0",
        "page": "https://traffic.houstontranstar.org/cctv/transtar/camera.aspx?cam=337"
      }
    },
    {
      "type": "Feature",
      "geometry": {
        "type": "Point",
        "coordinates": [
          -95.763017,
          29.785055
        ]
      },
      "properties": {
        "name": "10 Katy @ Mason (W)",
        "roadway": "IH-10 Katy",
        "location": "Mason (W)",
        "direction": "North",
        "image": "https://www.houstontranstar.org/snapshots/cctv/338.jpg",
        "monitor": "0",
        "validimg": "True",
        "frameCount": "1",
        "framePauseMs": "0",
        "page": "https://traffic.houstontranstar.org/cctv/transtar/camera.aspx?cam=338"
      }
    },
    {
      "type": "Feature",
      "geometry": {
        "type": "Point",
        "coordinates": [
          -95.776985,
          29.784776
        ]
      },
      "properties": {
        "name": "10 Katy @ SH 99",
        "roadway": "IH-10 Katy",
        "location": "SH 99",
        "direction": "North",
        "image": "https://www.houstontranstar.org/snapshots/cctv/339.jpg",
        "monitor": "0",
        "validimg": "True",
        "frameCount": "1",
        "framePauseMs": "0",
        "page": "https://traffic.houstontranstar.org/cctv/transtar/camera.aspx?cam=339"
      }
    },
    {
      "type": "Feature",
      "geometry": {
        "type": "Point",
        "coordinates": [
          -95.790359,
          29.785181
        ]
      },
      "properties": {
        "name": "10 Katy @ SH 99 (W)",
        "roadway": "IH-10 Katy",
        "location": "SH 99 (W)",
        "direction": "North",
        "image": "https://www.houstontranstar.org/snapshots/cctv/340.jpg",
        "monitor": "0",
        "validimg": "True",
        "frameCount": "1",
        "framePauseMs": "0",
        "page": "https://traffic.houstontranstar.org/cctv/transtar/camera.aspx?cam=340"
      }
    },
    {
      "type": "Feature",
      "geometry": {
        "type": "Point",
        "coordinates": [
          -95.801586,
          29.785146
        ]
      },
      "properties": {
        "name": "10 Katy @ Katy Fort Bend Rd",
        "roadway": "IH-10 Katy",
        "location": "Katy Fort Bend Rd",
        "direction": "North",
        "image": "https://www.houstontranstar.org/snapshots/cctv/341.jpg",
        "monitor": "0",
        "validimg": "True",
        "frameCount": "1",
        "framePauseMs": "0",
        "page": "https://traffic.houstontranstar.org/cctv/transtar/camera.aspx?cam=341"
      }
    },
    {
      "type": "Feature",
      "geometry": {
        "type": "Point",
        "coordinates": [
          -95.810078,
          29.782831
        ]
      },
      "properties": {
        "name": "10 Katy @ Pin Oak (E)",
        "roadway": "IH-10 Katy",
        "location": "Pin Oak (E)",
        "direction": "South",
        "image": "https://www.houstontranstar.org/snapshots/cctv/342.jpg",
        "monitor": "0",
        "validimg": "True",
        "frameCount": "1",
        "framePauseMs": "0",
        "page": "https://traffic.houstontranstar.org/cctv/transtar/camera.aspx?cam=342"
      }
    },
    {
      "type": "Feature",
      "geometry": {
        "type": "Point",
        "coordinates": [
          -95.81925,
          29.77688
        ]
      },
      "properties": {
        "name": "I10 Katy @ Pin Oak",
        "roadway": "IH-10 Katy",
        "location": "Pin Oak",
        "direction": "South",
        "image": "https://www.houstontranstar.org/snapshots/cctv/343.jpg",
        "monitor": "0",
        "validimg": "True",
        "frameCount": "1",
        "framePauseMs": "0",
        "page": "https://traffic.houstontranstar.org/cctv/transtar/camera.aspx?cam=343"
      }
    },
    {
      "type": "Feature",
      "geometry": {
        "type": "Point",
        "coordinates": [
          -95.83202,
          29.77718
        ]
      },
      "properties": {
        "name": "I10 Katy @ FM 1463",
        "roadway": "IH-10 Katy",
        "location": "FM 1463",
        "direction": "South",
        "image": "https://www.houstontranstar.org/snapshots/cctv/344.jpg",
        "monitor": "0",
        "validimg": "True",
        "frameCount": "1",
        "framePauseMs": "0",
        "page": "https://traffic.houstontranstar.org/cctv/transtar/camera.aspx?cam=344"
      }
    },
    {
      "type": "Feature",
      "geometry": {
        "type": "Point",
        "coordinates": [
          -95.84898,
          29.77695
        ]
      },
      "properties": {
        "name": "I10 Katy @ FM 1463 (W)",
        "roadway": "IH-10 Katy",
        "location": "FM 1463 (W)",
        "direction": "South",
        "image": "https://www.houstontranstar.org/snapshots/cctv/345.jpg",
        "monitor": "0",
        "validimg": "True",
        "frameCount": "1",
        "framePauseMs": "0",
        "page": "https://traffic.houstontranstar.org/cctv/transtar/camera.aspx?cam=345"
      }
    },
    {
      "type": "Feature",
      "geometry": {
        "type": "Point",
        "coordinates": [
          -95.866606,
          29.777112
        ]
      },
      "properties": {
        "name": "I10 Katy @ Pederson (E)",
        "roadway": "IH-10 Katy",
        "location": "Pederson (E)",
        "direction": "South",
        "image": "https://www.houstontranstar.org/snapshots/cctv/346.jpg",
        "monitor": "0",
        "validimg": "True",
        "frameCount": "1",
        "framePauseMs": "0",
        "page": "https://traffic.houstontranstar.org/cctv/transtar/camera.aspx?cam=346"
      }
    },
    {
      "type": "Feature",
      "geometry": {
        "type": "Point",
        "coordinates": [
          -95.88124,
          29.77698
        ]
      },
      "properties": {
        "name": "I10 Katy @ Pederson",
        "roadway": "IH-10 Katy",
        "location": "Pederson",
        "direction": "South",
        "image": "https://www.houstontranstar.org/snapshots/cctv/347.jpg",
        "monitor": "0",
        "validimg": "True",
        "frameCount": "1",
        "framePauseMs": "0",
        "page": "https://traffic.houstontranstar.org/cctv/transtar/camera.aspx?cam=347"
      }
    },
    {
      "type": "Feature",
      "geometry": {
        "type": "Point",
        "coordinates": [
          -95.90121,
          29.77691
        ]
      },
      "properties": {
        "name": "I10 Katy @ Igloo",
        "roadway": "IH-10 Katy",
        "location": "Igloo",
        "direction": "South",
        "image": "https://www.houstontranstar.org/snapshots/cctv/348.jpg",
        "monitor": "0",
        "validimg": "True",
        "frameCount": "1",
        "framePauseMs": "0",
        "page": "https://traffic.houstontranstar.org/cctv/transtar/camera.aspx?cam=348"
      }
    },
    {
      "type": "Feature",
      "geometry": {
        "type": "Point",
        "coordinates": [
          -95.92042,
          29.77682
        ]
      },
      "properties": {
        "name": "I10 Katy @ Woods",
        "roadway": "IH-10 Katy",
        "location": "Woods",
        "direction": "South",
        "image": "https://www.houstontranstar.org/snapshots/cctv/349.jpg",
        "monitor": "0",
        "validimg": "True",
        "frameCount": "1",
        "framePauseMs": "0",
        "page": "https://traffic.houstontranstar.org/cctv/transtar/camera.aspx?cam=349"
      }
    },
    {
      "type": "Feature",
      "geometry": {
        "type": "Point",
        "coordinates": [
          -95.95152,
          29.77918
        ]
      },
      "properties": {
        "name": "I10 Katy @ FM 359",
        "roadway": "IH-10 Katy",
        "location": "FM 359",
        "direction": "North",
        "image": "https://www.houstontranstar.org/snapshots/cctv/350.jpg",
        "monitor": "0",
        "validimg": "True",
        "frameCount": "1",
        "framePauseMs": "0",
        "page": "https://traffic.houstontranstar.org/cctv/transtar/camera.aspx?cam=350"
      }
    },
    {
      "type": "Feature",
      "geometry": {
        "type": "Point",
        "coordinates": [
          -95.96774,
          29.77843
        ]
      },
      "properties": {
        "name": "I10 Katy @ FM 1489",
        "roadway": "IH-10 Katy",
        "location": "FM 1489",
        "direction": "South",
        "image": "https://www.houstontranstar.org/snapshots/cctv/351.jpg",
        "monitor": "0",
        "validimg": "True",
        "frameCount": "1",
        "framePauseMs": "0",
        "page": "https://traffic.houstontranstar.org/cctv/transtar/camera.aspx?cam=351"
      }
    },
    {
      "type": "Feature",
      "geometry": {
        "type": "Point",
        "coordinates": [
          -95.9279,
          29.778
        ]
      },
      "properties": {
        "name": "I-10 Katy Near Woods Rd",
        "roadway": "IH-10 Katy",
        "location": "West of Woods Rd",
        "direction": "North",
        "image": "https://www.houstontranstar.org/snapshots/cctv/35100.jpg",
        "monitor": "0",
        "validimg": "True",
        "frameCount": "1",
        "framePauseMs": "0",
        "page": "https://traffic.houstontranstar.org/cctv/transtar/camera.aspx?cam=35100"
      }
    },
    {
      "type": "Feature",
      "geometry": {
        "type": "Point",
        "coordinates": [
          -95.946391,
          29.779152
        ]
      },
      "properties": {
        "name": "I-10 Katy Near Katy Freeway Exit",
        "roadway": "IH-10 Katy",
        "location": "East of FM-359",
        "direction": "North",
        "image": "https://www.houstontranstar.org/snapshots/cctv/35101.jpg",
        "monitor": "0",
        "validimg": "True",
        "frameCount": "1",
        "framePauseMs": "0",
        "page": "https://traffic.houstontranstar.org/cctv/transtar/camera.aspx?cam=35101"
      }
    },
    {
      "type": "Feature",
      "geometry": {
        "type": "Point",
        "coordinates": [
          -95.96202,
          29.779
        ]
      },
      "properties": {
        "name": "I-10 Katy Near Baines St",
        "roadway": "IH-10 Katy",
        "location": "East of FM-1489",
        "direction": "North",
        "image": "https://www.houstontranstar.org/snapshots/cctv/35102.jpg",
        "monitor": "0",
        "validimg": "True",
        "frameCount": "1",
        "framePauseMs": "0",
        "page": "https://traffic.houstontranstar.org/cctv/transtar/camera.aspx?cam=35102"
      }
    },
    {
      "type": "Feature",
      "geometry": {
        "type": "Point",
        "coordinates": [
          -95.9767,
          29.7796
        ]
      },
      "properties": {
        "name": "I-10 Katy Beyond Donigan Rd",
        "roadway": "IH-10 Katy",
        "location": "Eastbound I-10 West of FM-1489",
        "direction": "South",
        "image": "https://www.houstontranstar.org/snapshots/cctv/35103.jpg",
        "monitor": "0",
        "validimg": "True",
        "frameCount": "1",
        "framePauseMs": "0",
        "page": "https://traffic.houstontranstar.org/cctv/transtar/camera.aspx?cam=35103"
      }
    },
    {
      "type": "Feature",
      "geometry": {
        "type": "Point",
        "coordinates": [
          -95.97593,
          29.78091
        ]
      },
      "properties": {
        "name": "I-10 Katy Beyond Katy Fwy PCMS",
        "roadway": "IH-10 Katy",
        "location": "Westbound I-10 West of FM-1489",
        "direction": "North",
        "image": "https://www.houstontranstar.org/snapshots/cctv/35104.jpg",
        "monitor": "0",
        "validimg": "True",
        "frameCount": "1",
        "framePauseMs": "0",
        "page": "https://traffic.houstontranstar.org/cctv/transtar/camera.aspx?cam=35104"
      }
    },
    {
      "type": "Feature",
      "geometry": {
        "type": "Point",
        "coordinates": [
          -95.9945,
          29.781
        ]
      },
      "properties": {
        "name": "I-10 Katy Near Wilpitz Rd",
        "roadway": "IH-10 Katy",
        "location": "East of Peach Ridge",
        "direction": "South",
        "image": "https://www.houstontranstar.org/snapshots/cctv/35105.jpg",
        "monitor": "0",
        "validimg": "True",
        "frameCount": "1",
        "framePauseMs": "0",
        "page": "https://traffic.houstontranstar.org/cctv/transtar/camera.aspx?cam=35105"
      }
    },
    {
      "type": "Feature",
      "geometry": {
        "type": "Point",
        "coordinates": [
          -96.02497,
          29.77365
        ]
      },
      "properties": {
        "name": "I-10 Katy at Brazos River",
        "roadway": "IH-10 Katy",
        "location": "Brazos River",
        "direction": "South",
        "image": "https://www.houstontranstar.org/snapshots/cctv/35107.jpg",
        "monitor": "0",
        "validimg": "True",
        "frameCount": "1",
        "framePauseMs": "0",
        "page": "https://traffic.houstontranstar.org/cctv/transtar/camera.aspx?cam=35107"
      }
    },
    {
      "type": "Feature",
      "geometry": {
        "type": "Point",
        "coordinates": [
          -96.073563,
          29.77253448
        ]
      },
      "properties": {
        "name": "I-10 Katy Near Bartlett Rd",
        "roadway": "IH-10 Katy",
        "location": "Mlcak",
        "direction": "South",
        "image": "https://www.houstontranstar.org/snapshots/cctv/35108.jpg",
        "monitor": "0",
        "validimg": "True",
        "frameCount": "1",
        "framePauseMs": "0",
        "page": "https://traffic.houstontranstar.org/cctv/transtar/camera.aspx?cam=35108"
      }
    },
    {
      "type": "Feature",
      "geometry": {
        "type": "Point",
        "coordinates": [
          -95.97779,
          29.78199
        ]
      },
      "properties": {
        "name": "I10 Katy @ FM 1489 (W)",
        "roadway": "IH-10 Katy",
        "location": "FM 1489 (W)",
        "direction": "North",
        "image": "https://www.houstontranstar.org/snapshots/cctv/352.jpg",
        "monitor": "0",
        "validimg": "True",
        "frameCount": "1",
        "framePauseMs": "0",
        "page": "https://traffic.houstontranstar.org/cctv/transtar/camera.aspx?cam=352"
      }
    },
    {
      "type": "Feature",
      "geometry": {
        "type": "Point",
        "coordinates": [
          -95.98533,
          29.78103
        ]
      },
      "properties": {
        "name": "I10 Katy @ Donigan",
        "roadway": "IH-10 Katy",
        "location": "Donigan",
        "direction": "South",
        "image": "https://www.houstontranstar.org/snapshots/cctv/353.jpg",
        "monitor": "0",
        "validimg": "True",
        "frameCount": "1",
        "framePauseMs": "0",
        "page": "https://traffic.houstontranstar.org/cctv/transtar/camera.aspx?cam=353"
      }
    },
    {
      "type": "Feature",
      "geometry": {
        "type": "Point",
        "coordinates": [
          -96.01095,
          29.77704
        ]
      },
      "properties": {
        "name": "I10 Katy @ Peach Ridge (W)",
        "roadway": "IH-10 Katy",
        "location": "Peach Ridge (W)",
        "direction": "South",
        "image": "https://www.houstontranstar.org/snapshots/cctv/355.jpg",
        "monitor": "0",
        "validimg": "True",
        "frameCount": "1",
        "framePauseMs": "0",
        "page": "https://traffic.houstontranstar.org/cctv/transtar/camera.aspx?cam=355"
      }
    },
    {
      "type": "Feature",
      "geometry": {
        "type": "Point",
        "coordinates": [
          -96.02185,
          29.77422
        ]
      },
      "properties": {
        "name": "I10 Katy @ Brazos River (E)",
        "roadway": "IH-10 Katy",
        "location": "Brazos River (E)",
        "direction": "South",
        "image": "https://www.houstontranstar.org/snapshots/cctv/356.jpg",
        "monitor": "0",
        "validimg": "True",
        "frameCount": "1",
        "framePauseMs": "0",
        "page": "https://traffic.houstontranstar.org/cctv/transtar/camera.aspx?cam=356"
      }
    },
    {
      "type": "Feature",
      "geometry": {
        "type": "Point",
        "coordinates": [
          -96.03461,
          29.7712
        ]
      },
      "properties": {
        "name": "I10 Katy @ Brazos River",
        "roadway": "IH-10 Katy",
        "location": "Brazos River",
        "direction": "South",
        "image": "https://www.houstontranstar.org/snapshots/cctv/357.jpg",
        "monitor": "0",
        "validimg": "True",
        "frameCount": "1",
        "framePauseMs": "0",
        "page": "https://traffic.houstontranstar.org/cctv/transtar/camera.aspx?cam=357"
      }
    },
    {
      "type": "Feature",
      "geometry": {
        "type": "Point",
        "coordinates": [
          -96.045585,
          29.770149
        ]
      },
      "properties": {
        "name": "IH-10 West @ Chew",
        "roadway": "IH-10 West",
        "location": "Chew",
        "direction": "North",
        "image": "https://www.houstontranstar.org/snapshots/cctv/358.jpg",
        "monitor": "0",
        "validimg": "True",
        "frameCount": "1",
        "framePauseMs": "0",
        "page": "https://traffic.houstontranstar.org/cctv/transtar/camera.aspx?cam=358"
      }
    },
    {
      "type": "Feature",
      "geometry": {
        "type": "Point",
        "coordinates": [
          -96.057561,
          29.771182
        ]
      },
      "properties": {
        "name": "IH-10 West @ Chew ( W )",
        "roadway": "IH-10 West",
        "location": "Chew ( W )",
        "direction": "South",
        "image": "https://www.houstontranstar.org/snapshots/cctv/359.jpg",
        "monitor": "0",
        "validimg": "True",
        "frameCount": "1",
        "framePauseMs": "0",
        "page": "https://traffic.houstontranstar.org/cctv/transtar/camera.aspx?cam=359"
      }
    },
    {
      "type": "Feature",
      "geometry": {
        "type": "Point",
        "coordinates": [
          -96.071349,
          29.772647
        ]
      },
      "properties": {
        "name": "IH-10 West @ Mlcak ( E )",
        "roadway": "IH-10 West",
        "location": "Mlcak ( E )",
        "direction": "South",
        "image": "https://www.houstontranstar.org/snapshots/cctv/360.jpg",
        "monitor": "0",
        "validimg": "False",
        "frameCount": "1",
        "framePauseMs": "0",
        "page": "https://traffic.houstontranstar.org/cctv/transtar/camera.aspx?cam=360"
      }
    },
    {
      "type": "Feature",
      "geometry": {
        "type": "Point",
        "coordinates": [
          -96.075779,
          29.773583
        ]
      },
      "properties": {
        "name": "IH-10 West @ Mlcak",
        "roadway": "IH-10 West",
        "location": "Mlcak",
        "direction": "North",
        "image": "https://www.houstontranstar.org/snapshots/cctv/361.jpg",
        "monitor": "0",
        "validimg": "True",
        "frameCount": "1",
        "framePauseMs": "0",
        "page": "https://traffic.houstontranstar.org/cctv/transtar/camera.aspx?cam=361"
      }
    },
    {
      "type": "Feature",
      "geometry": {
        "type": "Point",
        "coordinates": [
          -96.087493,
          29.774873
        ]
      },
      "properties": {
        "name": "IH-10 West @ Mlcak ( W )",
        "roadway": "IH-10 West",
        "location": "Mlcak ( W )",
        "direction": "South",
        "image": "https://www.houstontranstar.org/snapshots/cctv/362.jpg",
        "monitor": "0",
        "validimg": "True",
        "frameCount": "1",
        "framePauseMs": "0",
        "page": "https://traffic.houstontranstar.org/cctv/transtar/camera.aspx?cam=362"
      }
    },
    {
      "type": "Feature",
      "geometry": {
        "type": "Point",
        "coordinates": [
          -96.096913,
          29.776157
        ]
      },
      "properties": {
        "name": "IH-10 West @ FM 1458 ( E )",
        "roadway": "IH-10 West",
        "location": "FM 1458 ( E )",
        "direction": "None",
        "image": "https://www.houstontranstar.org/snapshots/cctv/363.jpg",
        "monitor": "0",
        "validimg": "True",
        "frameCount": "1",
        "framePauseMs": "0",
        "page": "https://traffic.houstontranstar.org/cctv/transtar/camera.aspx?cam=363"
      }
    },
    {
      "type": "Feature",
      "geometry": {
        "type": "Point",
        "coordinates": [
          -96.108612,
          29.775959
        ]
      },
      "properties": {
        "name": "IH-10 West @ FM 1458 ",
        "roadway": "IH-10 West",
        "location": "FM 1458",
        "direction": "South",
        "image": "https://www.houstontranstar.org/snapshots/cctv/364.jpg",
        "monitor": "0",
        "validimg": "True",
        "frameCount": "1",
        "framePauseMs": "0",
        "page": "https://traffic.houstontranstar.org/cctv/transtar/camera.aspx?cam=364"
      }
    },
    {
      "type": "Feature",
      "geometry": {
        "type": "Point",
        "coordinates": [
          -96.121121,
          29.775484
        ]
      },
      "properties": {
        "name": "IH-10 West @ Mountain Laurel Rd.",
        "roadway": "IH-10 West",
        "location": "Mountain Laurel Rd.",
        "direction": "South",
        "image": "https://www.houstontranstar.org/snapshots/cctv/365.jpg",
        "monitor": "0",
        "validimg": "True",
        "frameCount": "1",
        "framePauseMs": "0",
        "page": "https://traffic.houstontranstar.org/cctv/transtar/camera.aspx?cam=365"
      }
    },
    {
      "type": "Feature",
      "geometry": {
        "type": "Point",
        "coordinates": [
          -96.133866,
          29.773695
        ]
      },
      "properties": {
        "name": "IH-10 West @ US 90",
        "roadway": "IH-10 West",
        "location": "US 90",
        "direction": "North",
        "image": "https://www.houstontranstar.org/snapshots/cctv/366.jpg",
        "monitor": "0",
        "validimg": "True",
        "frameCount": "1",
        "framePauseMs": "0",
        "page": "https://traffic.houstontranstar.org/cctv/transtar/camera.aspx?cam=366"
      }
    },
    {
      "type": "Feature",
      "geometry": {
        "type": "Point",
        "coordinates": [
          -96.140846,
          29.768129
        ]
      },
      "properties": {
        "name": "IH-10 West @ Ward Bend Rd.",
        "roadway": "IH-10 West",
        "location": "Ward Bend Rd.",
        "direction": "South",
        "image": "https://www.houstontranstar.org/snapshots/cctv/367.jpg",
        "monitor": "0",
        "validimg": "True",
        "frameCount": "1",
        "framePauseMs": "0",
        "page": "https://traffic.houstontranstar.org/cctv/transtar/camera.aspx?cam=367"
      }
    },
    {
      "type": "Feature",
      "geometry": {
        "type": "Point",
        "coordinates": [
          -96.152359,
          29.764681
        ]
      },
      "properties": {
        "name": "IH-10 West @ SH 36",
        "roadway": "IH-10 Katy",
        "location": "SH 36",
        "direction": "None",
        "image": "https://www.houstontranstar.org/snapshots/cctv/368.jpg",
        "monitor": "0",
        "validimg": "True",
        "frameCount": "1",
        "framePauseMs": "0",
        "page": "https://traffic.houstontranstar.org/cctv/transtar/camera.aspx?cam=368"
      }
    },
    {
      "type": "Feature",
      "geometry": {
        "type": "Point",
        "coordinates": [
          -96.170988,
          29.760026
        ]
      },
      "properties": {
        "name": "IH-10 West @ Rexville Rd.",
        "roadway": "IH-10 West",
        "location": "Rexville Rd.",
        "direction": "North",
        "image": "https://www.houstontranstar.org/snapshots/cctv/369.jpg",
        "monitor": "0",
        "validimg": "True",
        "frameCount": "1",
        "framePauseMs": "0",
        "page": "https://traffic.houstontranstar.org/cctv/transtar/camera.aspx?cam=369"
      }
    },
    {
      "type": "Feature",
      "geometry": {
        "type": "Point",
        "coordinates": [
          -96.185942,
          29.76302
        ]
      },
      "properties": {
        "name": "IH-10 West @ FM 3538",
        "roadway": "IH-10 West",
        "location": "FM 3538",
        "direction": "South",
        "image": "https://www.houstontranstar.org/snapshots/cctv/370.jpg",
        "monitor": "0",
        "validimg": "True",
        "frameCount": "1",
        "framePauseMs": "0",
        "page": "https://traffic.houstontranstar.org/cctv/transtar/camera.aspx?cam=370"
      }
    },
    {
      "type": "Feature",
      "geometry": {
        "type": "Point",
        "coordinates": [
          -96.198476,
          29.762268
        ]
      },
      "properties": {
        "name": "IH-10 West @ FM 3538 ( W )",
        "roadway": "IH-10 West",
        "location": "FM 3538 ( W )",
        "direction": "South",
        "image": "https://www.houstontranstar.org/snapshots/cctv/371.jpg",
        "monitor": "0",
        "validimg": "True",
        "frameCount": "1",
        "framePauseMs": "0",
        "page": "https://traffic.houstontranstar.org/cctv/transtar/camera.aspx?cam=371"
      }
    },
    {
      "type": "Feature",
      "geometry": {
        "type": "Point",
        "coordinates": [
          -96.220658,
          29.759309
        ]
      },
      "properties": {
        "name": "HI-10 West @ Pyka Rd",
        "roadway": "IH-10 West",
        "location": "Pyka Rd",
        "direction": "North",
        "image": "https://www.houstontranstar.org/snapshots/cctv/372.jpg",
        "monitor": "0",
        "validimg": "True",
        "frameCount": "1",
        "framePauseMs": "0",
        "page": "https://traffic.houstontranstar.org/cctv/transtar/camera.aspx?cam=372"
      }
    },
    {
      "type": "Feature",
      "geometry": {
        "type": "Point",
        "coordinates": [
          -96.237869,
          29.756538
        ]
      },
      "properties": {
        "name": "IH-10 West @ Pyka Rd (W)",
        "roadway": "IH-10 West",
        "location": "Pyka Rd (W)",
        "direction": "North",
        "image": "https://www.houstontranstar.org/snapshots/cctv/373.jpg",
        "monitor": "0",
        "validimg": "True",
        "frameCount": "1",
        "framePauseMs": "0",
        "page": "https://traffic.houstontranstar.org/cctv/transtar/camera.aspx?cam=373"
      }
    },
    {
      "type": "Feature",
      "geometry": {
        "type": "Point",
        "coordinates": [
          -96.254431,
          29.754549
        ]
      },
      "properties": {
        "name": "IH-10 West @ Beckendorff Rd (E)",
        "roadway": "IH-10 West",
        "location": "Beckendorff Rd (E)",
        "direction": "North",
        "image": "https://www.houstontranstar.org/snapshots/cctv/374.jpg",
        "monitor": "0",
        "validimg": "False",
        "frameCount": "1",
        "framePauseMs": "0",
        "page": "https://traffic.houstontranstar.org/cctv/transtar/camera.aspx?cam=374"
      }
    },
    {
      "type": "Feature",
      "geometry": {
        "type": "Point",
        "coordinates": [
          -96.27038,
          29.752902
        ]
      },
      "properties": {
        "name": "IH-10 West @ Beckendorff Rd",
        "roadway": "IH-10 West",
        "location": "Beckendorff Rd",
        "direction": "North",
        "image": "https://www.houstontranstar.org/snapshots/cctv/375.jpg",
        "monitor": "0",
        "validimg": "True",
        "frameCount": "1",
        "framePauseMs": "0",
        "page": "https://traffic.houstontranstar.org/cctv/transtar/camera.aspx?cam=375"
      }
    },
    {
      "type": "Feature",
      "geometry": {
        "type": "Point",
        "coordinates": [
          -96.287056,
          29.750071
        ]
      },
      "properties": {
        "name": "IH-10 West @ Old Columbus Rd",
        "roadway": "IH-10 West",
        "location": "Old Columbus Rd",
        "direction": "South",
        "image": "https://www.houstontranstar.org/snapshots/cctv/376.jpg",
        "monitor": "0",
        "validimg": "False",
        "frameCount": "1",
        "framePauseMs": "0",
        "page": "https://traffic.houstontranstar.org/cctv/transtar/camera.aspx?cam=376"
      }
    },
    {
      "type": "Feature",
      "geometry": {
        "type": "Point",
        "coordinates": [
          -96.305971,
          29.746278
        ]
      },
      "properties": {
        "name": "IH-10 West @ San Bernard River",
        "roadway": "IH-10 West",
        "location": "San Bernard River",
        "direction": "South",
        "image": "https://www.houstontranstar.org/snapshots/cctv/377.jpg",
        "monitor": "0",
        "validimg": "True",
        "frameCount": "1",
        "framePauseMs": "0",
        "page": "https://traffic.houstontranstar.org/cctv/transtar/camera.aspx?cam=377"
      }
    },
    {
      "type": "Feature",
      "geometry": {
        "type": "Point",
        "coordinates": [
          -95.446111,
          29.778889
        ]
      },
      "properties": {
        "name": "IH-10ML Washington Entrance",
        "roadway": "IH-10 Katy Managed Lane",
        "location": "IH-10ML Washington Entrance",
        "direction": "None",
        "image": "https://www.houstontranstar.org/snapshots/cctv/4101.jpg",
        "monitor": "0",
        "validimg": "True",
        "frameCount": "1",
        "framePauseMs": "0",
        "page": "https://traffic.houstontranstar.org/cctv/transtar/camera.aspx?cam=4101"
      }
    },
    {
      "type": "Feature",
      "geometry": {
        "type": "Point",
        "coordinates": [
          -95.457778,
          29.782778
        ]
      },
      "properties": {
        "name": "IH-10ML @ N Post Oak",
        "roadway": "IH-10 Katy Managed Lane",
        "location": "N Post Oak",
        "direction": "None",
        "image": "https://www.houstontranstar.org/snapshots/cctv/4102.jpg",
        "monitor": "0",
        "validimg": "True",
        "frameCount": "1",
        "framePauseMs": "0",
        "page": "https://traffic.houstontranstar.org/cctv/transtar/camera.aspx?cam=4102"
      }
    },
    {
      "type": "Feature",
      "geometry": {
        "type": "Point",
        "coordinates": [
          -95.468889,
          29.784167
        ]
      },
      "properties": {
        "name": "IH-10ML @ Silber",
        "roadway": "IH-10 Katy Managed Lane",
        "location": "Silber",
        "direction": "None",
        "image": "https://www.houstontranstar.org/snapshots/cctv/4103.jpg",
        "monitor": "0",
        "validimg": "True",
        "frameCount": "1",
        "framePauseMs": "0",
        "page": "https://traffic.houstontranstar.org/cctv/transtar/camera.aspx?cam=4103"
      }
    },
    {
      "type": "Feature",
      "geometry": {
        "type": "Point",
        "coordinates": [
          -95.474167,
          29.783889
        ]
      },
      "properties": {
        "name": "IH-10ML @ Antoine",
        "roadway": "IH-10 Katy Managed Lane",
        "location": "Antoine",
        "direction": "None",
        "image": "https://www.houstontranstar.org/snapshots/cctv/4104.jpg",
        "monitor": "0",
        "validimg": "True",
        "frameCount": "1",
        "framePauseMs": "0",
        "page": "https://traffic.houstontranstar.org/cctv/transtar/camera.aspx?cam=4104"
      }
    },
    {
      "type": "Feature",
      "geometry": {
        "type": "Point",
        "coordinates": [
          -95.481389,
          29.783889
        ]
      },
      "properties": {
        "name": "IH-10ML @ Chimney Rock WB Exit",
        "roadway": "IH-10 Katy Managed Lane",
        "location": "Chimney Rock WB Exit",
        "direction": "None",
        "image": "https://www.houstontranstar.org/snapshots/cctv/4105.jpg",
        "monitor": "0",
        "validimg": "True",
        "frameCount": "1",
        "framePauseMs": "0",
        "page": "https://traffic.houstontranstar.org/cctv/transtar/camera.aspx?cam=4105"
      }
    },
    {
      "type": "Feature",
      "geometry": {
        "type": "Point",
        "coordinates": [
          -95.491389,
          29.783889
        ]
      },
      "properties": {
        "name": "IH-10ML Toll Plaza # 3",
        "roadway": "IH-10 Katy Managed Lane",
        "location": "IH-10ML Toll Plaza # 3",
        "direction": "None",
        "image": "https://www.houstontranstar.org/snapshots/cctv/4106.jpg",
        "monitor": "0",
        "validimg": "True",
        "frameCount": "1",
        "framePauseMs": "0",
        "page": "https://traffic.houstontranstar.org/cctv/transtar/camera.aspx?cam=4106"
      }
    },
    {
      "type": "Feature",
      "geometry": {
        "type": "Point",
        "coordinates": [
          -95.496667,
          29.784167
        ]
      },
      "properties": {
        "name": "IH-10ML @ Voss-Bingle",
        "roadway": "IH-10 Katy Managed Lane",
        "location": "Voss-Bingle",
        "direction": "None",
        "image": "https://www.houstontranstar.org/snapshots/cctv/4107.jpg",
        "monitor": "0",
        "validimg": "True",
        "frameCount": "1",
        "framePauseMs": "0",
        "page": "https://traffic.houstontranstar.org/cctv/transtar/camera.aspx?cam=4107"
      }
    },
    {
      "type": "Feature",
      "geometry": {
        "type": "Point",
        "coordinates": [
          -95.504722,
          29.784167
        ]
      },
      "properties": {
        "name": "IH-10ML @ Brogden Rd",
        "roadway": "IH-10 Katy Managed Lane",
        "location": "Brogden Rd",
        "direction": "None",
        "image": "https://www.houstontranstar.org/snapshots/cctv/4108.jpg",
        "monitor": "0",
        "validimg": "True",
        "frameCount": "1",
        "framePauseMs": "0",
        "page": "https://traffic.houstontranstar.org/cctv/transtar/camera.aspx?cam=4108"
      }
    },
    {
      "type": "Feature",
      "geometry": {
        "type": "Point",
        "coordinates": [
          -95.512222,
          29.783889
        ]
      },
      "properties": {
        "name": "IH-10ML @ Campbell",
        "roadway": "IH-10 Katy Managed Lane",
        "location": "Campbell",
        "direction": "None",
        "image": "https://www.houstontranstar.org/snapshots/cctv/4109.jpg",
        "monitor": "0",
        "validimg": "True",
        "frameCount": "1",
        "framePauseMs": "0",
        "page": "https://traffic.houstontranstar.org/cctv/transtar/camera.aspx?cam=4109"
      }
    },
    {
      "type": "Feature",
      "geometry": {
        "type": "Point",
        "coordinates": [
          -95.520556,
          29.783889
        ]
      },
      "properties": {
        "name": "IH-10ML @ Echo Ln-Blalock",
        "roadway": "IH-10 Katy Managed Lane",
        "location": "Echo Ln-Blalock",
        "direction": "None",
        "image": "https://www.houstontranstar.org/snapshots/cctv/4110.jpg",
        "monitor": "0",
        "validimg": "True",
        "frameCount": "1",
        "framePauseMs": "0",
        "page": "https://traffic.houstontranstar.org/cctv/transtar/camera.aspx?cam=4110"
      }
    },
    {
      "type": "Feature",
      "geometry": {
        "type": "Point",
        "coordinates": [
          -95.523889,
          29.783889
        ]
      },
      "properties": {
        "name": "IH-10ML @ Bunker Hill WB Exit #1",
        "roadway": "IH-10 Katy Managed Lane",
        "location": "Bunker Hill WB Exit #1",
        "direction": "None",
        "image": "https://www.houstontranstar.org/snapshots/cctv/4111.jpg",
        "monitor": "0",
        "validimg": "True",
        "frameCount": "1",
        "framePauseMs": "0",
        "page": "https://traffic.houstontranstar.org/cctv/transtar/camera.aspx?cam=4111"
      }
    },
    {
      "type": "Feature",
      "geometry": {
        "type": "Point",
        "coordinates": [
          -95.530833,
          29.783889
        ]
      },
      "properties": {
        "name": "IH-10ML @ Bunker Hill WB Exit #2",
        "roadway": "IH-10 Katy Managed Lane",
        "location": "Bunker Hill WB Exit #2",
        "direction": "None",
        "image": "https://www.houstontranstar.org/snapshots/cctv/4112.jpg",
        "monitor": "0",
        "validimg": "True",
        "frameCount": "1",
        "framePauseMs": "0",
        "page": "https://traffic.houstontranstar.org/cctv/transtar/camera.aspx?cam=4112"
      }
    },
    {
      "type": "Feature",
      "geometry": {
        "type": "Point",
        "coordinates": [
          -95.539167,
          29.784167
        ]
      },
      "properties": {
        "name": "IH-10ML @ Gessner WB Exit #1",
        "roadway": "IH-10 Katy Managed Lane",
        "location": "Gessner WB Exit #1",
        "direction": "None",
        "image": "https://www.houstontranstar.org/snapshots/cctv/4113.jpg",
        "monitor": "0",
        "validimg": "True",
        "frameCount": "1",
        "framePauseMs": "0",
        "page": "https://traffic.houstontranstar.org/cctv/transtar/camera.aspx?cam=4113"
      }
    },
    {
      "type": "Feature",
      "geometry": {
        "type": "Point",
        "coordinates": [
          -95.545556,
          29.784167
        ]
      },
      "properties": {
        "name": "IH-10ML @ Gessner WB Exit #2",
        "roadway": "IH-10 Katy Managed Lane",
        "location": "Gessner WB Exit #2",
        "direction": "None",
        "image": "https://www.houstontranstar.org/snapshots/cctv/4114.jpg",
        "monitor": "0",
        "validimg": "True",
        "frameCount": "1",
        "framePauseMs": "0",
        "page": "https://traffic.houstontranstar.org/cctv/transtar/camera.aspx?cam=4114"
      }
    },
    {
      "type": "Feature",
      "geometry": {
        "type": "Point",
        "coordinates": [
          -95.553611,
          29.784167
        ]
      },
      "properties": {
        "name": "IH-10ML @ BW8 WB Exit",
        "roadway": "IH-10 Katy Managed Lane",
        "location": "BW8 WB Exit",
        "direction": "None",
        "image": "https://www.houstontranstar.org/snapshots/cctv/4115.jpg",
        "monitor": "0",
        "validimg": "True",
        "frameCount": "1",
        "framePauseMs": "0",
        "page": "https://traffic.houstontranstar.org/cctv/transtar/camera.aspx?cam=4115"
      }
    },
    {
      "type": "Feature",
      "geometry": {
        "type": "Point",
        "coordinates": [
          -95.56,
          29.784167
        ]
      },
      "properties": {
        "name": "IH-10ML @ Gessner EB Exit",
        "roadway": "IH-10 Katy Managed Lane",
        "location": "Gessner EB Exit",
        "direction": "None",
        "image": "https://www.houstontranstar.org/snapshots/cctv/4116.jpg",
        "monitor": "0",
        "validimg": "True",
        "frameCount": "1",
        "framePauseMs": "0",
        "page": "https://traffic.houstontranstar.org/cctv/transtar/camera.aspx?cam=4116"
      }
    },
    {
      "type": "Feature",
      "geometry": {
        "type": "Point",
        "coordinates": [
          -95.563056,
          29.785278
        ]
      },
      "properties": {
        "name": "IH-10ML Satellite Building",
        "roadway": "IH-10 Katy Managed Lane",
        "location": "IH-10ML Satellite Building",
        "direction": "None",
        "image": "https://www.houstontranstar.org/snapshots/cctv/4117.jpg",
        "monitor": "0",
        "validimg": "True",
        "frameCount": "1",
        "framePauseMs": "0",
        "page": "https://traffic.houstontranstar.org/cctv/transtar/camera.aspx?cam=4117"
      }
    },
    {
      "type": "Feature",
      "geometry": {
        "type": "Point",
        "coordinates": [
          -95.565,
          29.784444
        ]
      },
      "properties": {
        "name": "IH-10ML @ Wilcrest WB Exit",
        "roadway": "IH-10 Katy Managed Lane",
        "location": "Wilcrest WB Exit",
        "direction": "None",
        "image": "https://www.houstontranstar.org/snapshots/cctv/4118.jpg",
        "monitor": "0",
        "validimg": "True",
        "frameCount": "1",
        "framePauseMs": "0",
        "page": "https://traffic.houstontranstar.org/cctv/transtar/camera.aspx?cam=4118"
      }
    },
    {
      "type": "Feature",
      "geometry": {
        "type": "Point",
        "coordinates": [
          -95.574722,
          29.784167
        ]
      },
      "properties": {
        "name": "IH-10ML @ Wilcrest",
        "roadway": "IH-10 Katy Managed Lane",
        "location": "Wilcrest",
        "direction": "None",
        "image": "https://www.houstontranstar.org/snapshots/cctv/4119.jpg",
        "monitor": "0",
        "validimg": "True",
        "frameCount": "1",
        "framePauseMs": "0",
        "page": "https://traffic.houstontranstar.org/cctv/transtar/camera.aspx?cam=4119"
      }
    },
    {
      "type": "Feature",
      "geometry": {
        "type": "Point",
        "coordinates": [
          -95.581944,
          29.784444
        ]
      },
      "properties": {
        "name": "IH-10ML Toll Plaza # 2",
        "roadway": "IH-10 Katy Managed Lane",
        "location": "IH-10ML Toll Plaza # 2",
        "direction": "None",
        "image": "https://www.houstontranstar.org/snapshots/cctv/4120.jpg",
        "monitor": "0",
        "validimg": "True",
        "frameCount": "1",
        "framePauseMs": "0",
        "page": "https://traffic.houstontranstar.org/cctv/transtar/camera.aspx?cam=4120"
      }
    },
    {
      "type": "Feature",
      "geometry": {
        "type": "Point",
        "coordinates": [
          -95.586667,
          29.784444
        ]
      },
      "properties": {
        "name": "IH-10ML @ Kirkwood WB Exit",
        "roadway": "IH-10 Katy Managed Lane",
        "location": "Kirkwood WB Exit",
        "direction": "None",
        "image": "https://www.houstontranstar.org/snapshots/cctv/4121.jpg",
        "monitor": "0",
        "validimg": "True",
        "frameCount": "1",
        "framePauseMs": "0",
        "page": "https://traffic.houstontranstar.org/cctv/transtar/camera.aspx?cam=4121"
      }
    },
    {
      "type": "Feature",
      "geometry": {
        "type": "Point",
        "coordinates": [
          -95.595278,
          29.784444
        ]
      },
      "properties": {
        "name": "IH-10ML @ Tully Rd",
        "roadway": "IH-10 Katy Managed Lane",
        "location": "Tully Rd",
        "direction": "None",
        "image": "https://www.houstontranstar.org/snapshots/cctv/4122.jpg",
        "monitor": "0",
        "validimg": "True",
        "frameCount": "1",
        "framePauseMs": "0",
        "page": "https://traffic.houstontranstar.org/cctv/transtar/camera.aspx?cam=4122"
      }
    },
    {
      "type": "Feature",
      "geometry": {
        "type": "Point",
        "coordinates": [
          -95.601667,
          29.784444
        ]
      },
      "properties": {
        "name": "IH-10ML @ Kirkwood EB Exit",
        "roadway": "IH-10 Katy Managed Lane",
        "location": "Kirkwood EB Exit",
        "direction": "None",
        "image": "https://www.houstontranstar.org/snapshots/cctv/4123.jpg",
        "monitor": "0",
        "validimg": "False",
        "frameCount": "1",
        "framePauseMs": "0",
        "page": "https://traffic.houstontranstar.org/cctv/transtar/camera.aspx?cam=4123"
      }
    },
    {
      "type": "Feature",
      "geometry": {
        "type": "Point",
        "coordinates": [
          -95.608611,
          29.784444
        ]
      },
      "properties": {
        "name": "IH-10ML @ Dairy Ashford",
        "roadway": "IH-10 Katy Managed Lane",
        "location": "Dairy Ashford",
        "direction": "None",
        "image": "https://www.houstontranstar.org/snapshots/cctv/4124.jpg",
        "monitor": "0",
        "validimg": "True",
        "frameCount": "1",
        "framePauseMs": "0",
        "page": "https://traffic.houstontranstar.org/cctv/transtar/camera.aspx?cam=4124"
      }
    },
    {
      "type": "Feature",
      "geometry": {
        "type": "Point",
        "coordinates": [
          -95.6125,
          29.784444
        ]
      },
      "properties": {
        "name": "IH-10ML Toll Plaza # 1",
        "roadway": "IH-10 Katy Managed Lane",
        "location": "IH-10ML Toll Plaza # 1",
        "direction": "None",
        "image": "https://www.houstontranstar.org/snapshots/cctv/4125.jpg",
        "monitor": "0",
        "validimg": "True",
        "frameCount": "1",
        "framePauseMs": "0",
        "page": "https://traffic.houstontranstar.org/cctv/transtar/camera.aspx?cam=4125"
      }
    },
    {
      "type": "Feature",
      "geometry": {
        "type": "Point",
        "coordinates": [
          -95.618611,
          29.784444
        ]
      },
      "properties": {
        "name": "IH-10ML @ Eldridge",
        "roadway": "IH-10 Katy Managed Lane",
        "location": "Eldridge",
        "direction": "None",
        "image": "https://www.houstontranstar.org/snapshots/cctv/4126.jpg",
        "monitor": "0",
        "validimg": "True",
        "frameCount": "1",
        "framePauseMs": "0",
        "page": "https://traffic.houstontranstar.org/cctv/transtar/camera.aspx?cam=4126"
      }
    },
    {
      "type": "Feature",
      "geometry": {
        "type": "Point",
        "coordinates": [
          -95.628333,
          29.784444
        ]
      },
      "properties": {
        "name": "IH-10ML @ T-Ramp Entrance # 1",
        "roadway": "IH-10 Katy Managed Lane",
        "location": "T-Ramp Entrance # 1",
        "direction": "None",
        "image": "https://www.houstontranstar.org/snapshots/cctv/4127.jpg",
        "monitor": "0",
        "validimg": "True",
        "frameCount": "1",
        "framePauseMs": "0",
        "page": "https://traffic.houstontranstar.org/cctv/transtar/camera.aspx?cam=4127"
      }
    },
    {
      "type": "Feature",
      "geometry": {
        "type": "Point",
        "coordinates": [
          -95.631944,
          29.784444
        ]
      },
      "properties": {
        "name": "IH-10ML @ T-Ramp Entrance # 2",
        "roadway": "IH-10 Katy Managed Lane",
        "location": "T-Ramp Entrance # 2",
        "direction": "None",
        "image": "https://www.houstontranstar.org/snapshots/cctv/4128.jpg",
        "monitor": "0",
        "validimg": "True",
        "frameCount": "1",
        "framePauseMs": "0",
        "page": "https://traffic.houstontranstar.org/cctv/transtar/camera.aspx?cam=4128"
      }
    },
    {
      "type": "Feature",
      "geometry": {
        "type": "Point",
        "coordinates": [
          -95.642222,
          29.784444
        ]
      },
      "properties": {
        "name": "IH-10ML @  Highway 6",
        "roadway": "IH-10 Katy Managed Lane",
        "location": "Highway 6",
        "direction": "None",
        "image": "https://www.houstontranstar.org/snapshots/cctv/4129.jpg",
        "monitor": "0",
        "validimg": "True",
        "frameCount": "1",
        "framePauseMs": "0",
        "page": "https://traffic.houstontranstar.org/cctv/transtar/camera.aspx?cam=4129"
      }
    },
    {
      "type": "Feature",
      "geometry": {
        "type": "Point",
        "coordinates": [
          -95.65,
          29.784444
        ]
      },
      "properties": {
        "name": "IH-10ML West Entrance",
        "roadway": "IH-10 Katy Managed Lane",
        "location": "IH-10ML West Entrance",
        "direction": "None",
        "image": "https://www.houstontranstar.org/snapshots/cctv/4130.jpg",
        "monitor": "0",
        "validimg": "True",
        "frameCount": "1",
        "framePauseMs": "0",
        "page": "https://traffic.houstontranstar.org/cctv/transtar/camera.aspx?cam=4130"
      }
    },
    {
      "type": "Feature",
      "geometry": {
        "type": "Point",
        "coordinates": [
          -95.666944,
          29.784722
        ]
      },
      "properties": {
        "name": "IH-10ML @ Park Ten",
        "roadway": "IH-10 Katy Managed Lane",
        "location": "Park Ten",
        "direction": "None",
        "image": "https://www.houstontranstar.org/snapshots/cctv/4131.jpg",
        "monitor": "0",
        "validimg": "False",
        "frameCount": "1",
        "framePauseMs": "0",
        "page": "https://traffic.houstontranstar.org/cctv/transtar/camera.aspx?cam=4131"
      }
    },
    {
      "type": "Feature",
      "geometry": {
        "type": "Point",
        "coordinates": [
          -95.638611,
          29.788056
        ]
      },
      "properties": {
        "name": "IH-10ML T-Ramp @ Park Row",
        "roadway": "IH-10 Katy Managed Lane",
        "location": "Park Row",
        "direction": "None",
        "image": "https://www.houstontranstar.org/snapshots/cctv/4132.jpg",
        "monitor": "0",
        "validimg": "True",
        "frameCount": "1",
        "framePauseMs": "0",
        "page": "https://traffic.houstontranstar.org/cctv/transtar/camera.aspx?cam=4132"
      }
    },
    {
      "type": "Feature",
      "geometry": {
        "type": "Point",
        "coordinates": [
          -95.637222,
          29.786111
        ]
      },
      "properties": {
        "name": "IH-10ML T-Ramp (Top)",
        "roadway": "IH-10 Katy Managed Lane",
        "location": "IH-10ML T-Ramp (Top)",
        "direction": "North",
        "image": "https://www.houstontranstar.org/snapshots/cctv/4133.jpg",
        "monitor": "0",
        "validimg": "True",
        "frameCount": "1",
        "framePauseMs": "0",
        "page": "https://traffic.houstontranstar.org/cctv/transtar/camera.aspx?cam=4133"
      }
    },
    {
      "type": "Feature",
      "geometry": {
        "type": "Point",
        "coordinates": [
          -95.36547,
          29.74004
        ]
      },
      "properties": {
        "name": "69 Southwest @ Mc Gowen",
        "roadway": "IH-69 Southwest",
        "location": "McGowen",
        "direction": "East",
        "image": "https://www.houstontranstar.org/snapshots/cctv/501.jpg",
        "monitor": "0",
        "validimg": "True",
        "frameCount": "6",
        "framePauseMs": "300",
        "page": "https://traffic.houstontranstar.org/cctv/transtar/camera.aspx?cam=501"
      }
    },
    {
      "type": "Feature",
      "geometry": {
        "type": "Point",
        "coordinates": [
          -95.36914,
          29.73665
        ]
      },
      "properties": {
        "name": "69 Southwest @ Elgin",
        "roadway": "IH-69 Southwest",
        "location": "Elgin",
        "direction": "West",
        "image": "https://www.houstontranstar.org/snapshots/cctv/502.jpg",
        "monitor": "0",
        "validimg": "False",
        "frameCount": "1",
        "framePauseMs": "0",
        "page": "https://traffic.houstontranstar.org/cctv/transtar/camera.aspx?cam=502"
      }
    },
    {
      "type": "Feature",
      "geometry": {
        "type": "Point",
        "coordinates": [
          -95.37042,
          29.73338
        ]
      },
      "properties": {
        "name": "69 Southwest @ SH 288",
        "roadway": "IH-69 Southwest",
        "location": "SH-288",
        "direction": "East",
        "image": "https://www.houstontranstar.org/snapshots/cctv/503.jpg",
        "monitor": "0",
        "validimg": "True",
        "frameCount": "6",
        "framePauseMs": "300",
        "page": "https://traffic.houstontranstar.org/cctv/transtar/camera.aspx?cam=503"
      }
    },
    {
      "type": "Feature",
      "geometry": {
        "type": "Point",
        "coordinates": [
          -95.37439,
          29.73316
        ]
      },
      "properties": {
        "name": "69 Southwest @ SH 288 (S)",
        "roadway": "IH-69 Southwest",
        "location": "SH-288 (S)",
        "direction": "West",
        "image": "https://www.houstontranstar.org/snapshots/cctv/504.jpg",
        "monitor": "0",
        "validimg": "True",
        "frameCount": "1",
        "framePauseMs": "0",
        "page": "https://traffic.houstontranstar.org/cctv/transtar/camera.aspx?cam=504"
      }
    },
    {
      "type": "Feature",
      "geometry": {
        "type": "Point",
        "coordinates": [
          -95.3837,
          29.73206
        ]
      },
      "properties": {
        "name": "69 Southwest @ Fannin",
        "roadway": "IH-69 Southwest",
        "location": "Fannin",
        "direction": "East",
        "image": "https://www.houstontranstar.org/snapshots/cctv/505.jpg",
        "monitor": "0",
        "validimg": "True",
        "frameCount": "1",
        "framePauseMs": "0",
        "page": "https://traffic.houstontranstar.org/cctv/transtar/camera.aspx?cam=505"
      }
    },
    {
      "type": "Feature",
      "geometry": {
        "type": "Point",
        "coordinates": [
          -95.3875,
          29.73209
        ]
      },
      "properties": {
        "name": "69 Southwest @ Spur 527",
        "roadway": "IH-69 Southwest",
        "location": "Spur-527",
        "direction": "None",
        "image": "https://www.houstontranstar.org/snapshots/cctv/506.jpg",
        "monitor": "0",
        "validimg": "True",
        "frameCount": "6",
        "framePauseMs": "300",
        "page": "https://traffic.houstontranstar.org/cctv/transtar/camera.aspx?cam=506"
      }
    },
    {
      "type": "Feature",
      "geometry": {
        "type": "Point",
        "coordinates": [
          -95.40197,
          29.73079
        ]
      },
      "properties": {
        "name": "69 Southwest @ Dunlavy",
        "roadway": "IH-69 Southwest",
        "location": "Dunlavy",
        "direction": "East",
        "image": "https://www.houstontranstar.org/snapshots/cctv/507.jpg",
        "monitor": "0",
        "validimg": "True",
        "frameCount": "1",
        "framePauseMs": "0",
        "page": "https://traffic.houstontranstar.org/cctv/transtar/camera.aspx?cam=507"
      }
    },
    {
      "type": "Feature",
      "geometry": {
        "type": "Point",
        "coordinates": [
          -95.410405,
          29.730573
        ]
      },
      "properties": {
        "name": "69 Southwest @ Shepherd",
        "roadway": "IH-69 Southwest",
        "location": "Shepherd",
        "direction": "East",
        "image": "https://www.houstontranstar.org/snapshots/cctv/508.jpg",
        "monitor": "0",
        "validimg": "True",
        "frameCount": "6",
        "framePauseMs": "300",
        "page": "https://traffic.houstontranstar.org/cctv/transtar/camera.aspx?cam=508"
      }
    },
    {
      "type": "Feature",
      "geometry": {
        "type": "Point",
        "coordinates": [
          -95.427647,
          29.729706
        ]
      },
      "properties": {
        "name": "69 Southwest @ Buffalo Spdwy",
        "roadway": "IH-69 Southwest",
        "location": "Buffalo Spdwy",
        "direction": "East",
        "image": "https://www.houstontranstar.org/snapshots/cctv/509.jpg",
        "monitor": "0",
        "validimg": "True",
        "frameCount": "1",
        "framePauseMs": "0",
        "page": "https://traffic.houstontranstar.org/cctv/transtar/camera.aspx?cam=509"
      }
    },
    {
      "type": "Feature",
      "geometry": {
        "type": "Point",
        "coordinates": [
          -95.440989,
          29.728655
        ]
      },
      "properties": {
        "name": "69 Southwest @ Weslayan",
        "roadway": "IH-69 Southwest",
        "location": "Weslayan",
        "direction": "East",
        "image": "https://www.houstontranstar.org/snapshots/cctv/510.jpg",
        "monitor": "0",
        "validimg": "True",
        "frameCount": "1",
        "framePauseMs": "0",
        "page": "https://traffic.houstontranstar.org/cctv/transtar/camera.aspx?cam=510"
      }
    },
    {
      "type": "Feature",
      "geometry": {
        "type": "Point",
        "coordinates": [
          -95.449741,
          29.729781
        ]
      },
      "properties": {
        "name": "69 Southwest @ Newcastle",
        "roadway": "IH-69 Southwest",
        "location": "Newcastle",
        "direction": "East",
        "image": "https://www.houstontranstar.org/snapshots/cctv/511.jpg",
        "monitor": "0",
        "validimg": "True",
        "frameCount": "1",
        "framePauseMs": "0",
        "page": "https://traffic.houstontranstar.org/cctv/transtar/camera.aspx?cam=511"
      }
    },
    {
      "type": "Feature",
      "geometry": {
        "type": "Point",
        "coordinates": [
          -95.455801,
          29.730384
        ]
      },
      "properties": {
        "name": "69 Southwest @ Lancashire",
        "roadway": "IH-69 Southwest",
        "location": "East of West Loop",
        "direction": "West",
        "image": "https://www.houstontranstar.org/snapshots/cctv/512.jpg",
        "monitor": "0",
        "validimg": "True",
        "frameCount": "1",
        "framePauseMs": "0",
        "page": "https://traffic.houstontranstar.org/cctv/transtar/camera.aspx?cam=512"
      }
    },
    {
      "type": "Feature",
      "geometry": {
        "type": "Point",
        "coordinates": [
          -95.468089,
          29.725974
        ]
      },
      "properties": {
        "name": "69 Southwest @ West Loop",
        "roadway": "IH-69 Southwest",
        "location": "West Loop",
        "direction": "East",
        "image": "https://www.houstontranstar.org/snapshots/cctv/513.jpg",
        "monitor": "0",
        "validimg": "True",
        "frameCount": "6",
        "framePauseMs": "300",
        "page": "https://traffic.houstontranstar.org/cctv/transtar/camera.aspx?cam=513"
      }
    },
    {
      "type": "Feature",
      "geometry": {
        "type": "Point",
        "coordinates": [
          -95.476082,
          29.725643
        ]
      },
      "properties": {
        "name": "69 Southwest @ Chimney Rock",
        "roadway": "IH-69 Southwest",
        "location": "Chimney Rock",
        "direction": "East",
        "image": "https://www.houstontranstar.org/snapshots/cctv/514.jpg",
        "monitor": "0",
        "validimg": "True",
        "frameCount": "1",
        "framePauseMs": "0",
        "page": "https://traffic.houstontranstar.org/cctv/transtar/camera.aspx?cam=514"
      }
    },
    {
      "type": "Feature",
      "geometry": {
        "type": "Point",
        "coordinates": [
          -95.4904,
          29.724299
        ]
      },
      "properties": {
        "name": "69 Southwest @ Westpark",
        "roadway": "IH-69 Southwest",
        "location": "Westpark",
        "direction": "East",
        "image": "https://www.houstontranstar.org/snapshots/cctv/515.jpg",
        "monitor": "0",
        "validimg": "True",
        "frameCount": "1",
        "framePauseMs": "0",
        "page": "https://traffic.houstontranstar.org/cctv/transtar/camera.aspx?cam=515"
      }
    },
    {
      "type": "Feature",
      "geometry": {
        "type": "Point",
        "coordinates": [
          -95.49489,
          29.72113
        ]
      },
      "properties": {
        "name": "69 Southwest @ Harwin",
        "roadway": "IH-69 Southwest",
        "location": "Harwin",
        "direction": "West",
        "image": "https://www.houstontranstar.org/snapshots/cctv/516.jpg",
        "monitor": "0",
        "validimg": "True",
        "frameCount": "1",
        "framePauseMs": "0",
        "page": "https://traffic.houstontranstar.org/cctv/transtar/camera.aspx?cam=516"
      }
    },
    {
      "type": "Feature",
      "geometry": {
        "type": "Point",
        "coordinates": [
          -95.497173,
          29.718407
        ]
      },
      "properties": {
        "name": "69 Southwest @ Hillcroft",
        "roadway": "IH-69 Southwest",
        "location": "Hillcroft",
        "direction": "East",
        "image": "https://www.houstontranstar.org/snapshots/cctv/517.jpg",
        "monitor": "0",
        "validimg": "True",
        "frameCount": "1",
        "framePauseMs": "0",
        "page": "https://traffic.houstontranstar.org/cctv/transtar/camera.aspx?cam=517"
      }
    },
    {
      "type": "Feature",
      "geometry": {
        "type": "Point",
        "coordinates": [
          -95.512307,
          29.704767
        ]
      },
      "properties": {
        "name": "69 Southwest @ Bellaire",
        "roadway": "IH-69 Southwest",
        "location": "Bellaire",
        "direction": "East",
        "image": "https://www.houstontranstar.org/snapshots/cctv/518.jpg",
        "monitor": "0",
        "validimg": "True",
        "frameCount": "1",
        "framePauseMs": "0",
        "page": "https://traffic.houstontranstar.org/cctv/transtar/camera.aspx?cam=518"
      }
    },
    {
      "type": "Feature",
      "geometry": {
        "type": "Point",
        "coordinates": [
          -95.526322,
          29.69238
        ]
      },
      "properties": {
        "name": "69 Southwest @ Beechnut",
        "roadway": "IH-69 Southwest",
        "location": "Beechnut",
        "direction": "East",
        "image": "https://www.houstontranstar.org/snapshots/cctv/519.jpg",
        "monitor": "0",
        "validimg": "False",
        "frameCount": "1",
        "framePauseMs": "0",
        "page": "https://traffic.houstontranstar.org/cctv/transtar/camera.aspx?cam=519"
      }
    },
    {
      "type": "Feature",
      "geometry": {
        "type": "Point",
        "coordinates": [
          -95.541012,
          29.676451
        ]
      },
      "properties": {
        "name": "69 Southwest @ Bissonnet",
        "roadway": "IH-69 Southwest",
        "location": "Bissonnet",
        "direction": "East",
        "image": "https://www.houstontranstar.org/snapshots/cctv/520.jpg",
        "monitor": "0",
        "validimg": "True",
        "frameCount": "1",
        "framePauseMs": "0",
        "page": "https://traffic.houstontranstar.org/cctv/transtar/camera.aspx?cam=520"
      }
    },
    {
      "type": "Feature",
      "geometry": {
        "type": "Point",
        "coordinates": [
          -95.551185,
          29.666854
        ]
      },
      "properties": {
        "name": "69 Southwest @ West BW-8 (N)",
        "roadway": "IH-69 Southwest",
        "location": "West BW-8 (N)",
        "direction": "East",
        "image": "https://www.houstontranstar.org/snapshots/cctv/521.jpg",
        "monitor": "0",
        "validimg": "True",
        "frameCount": "1",
        "framePauseMs": "0",
        "page": "https://traffic.houstontranstar.org/cctv/transtar/camera.aspx?cam=521"
      }
    },
    {
      "type": "Feature",
      "geometry": {
        "type": "Point",
        "coordinates": [
          -95.561921,
          29.6568156
        ]
      },
      "properties": {
        "name": "69 Southwest @ West BW-8 (S)",
        "roadway": "IH-69 Southwest",
        "location": "West BW-8 (S)",
        "direction": "West",
        "image": "https://www.houstontranstar.org/snapshots/cctv/522.jpg",
        "monitor": "0",
        "validimg": "True",
        "frameCount": "1",
        "framePauseMs": "0",
        "page": "https://traffic.houstontranstar.org/cctv/transtar/camera.aspx?cam=522"
      }
    },
    {
      "type": "Feature",
      "geometry": {
        "type": "Point",
        "coordinates": [
          -95.56585,
          29.65415
        ]
      },
      "properties": {
        "name": "69 Southwest @ W. Bellfort",
        "roadway": "IH-69 Southwest",
        "location": "W. Bellfort",
        "direction": "West",
        "image": "https://www.houstontranstar.org/snapshots/cctv/523.jpg",
        "monitor": "0",
        "validimg": "True",
        "frameCount": "1",
        "framePauseMs": "0",
        "page": "https://traffic.houstontranstar.org/cctv/transtar/camera.aspx?cam=523"
      }
    },
    {
      "type": "Feature",
      "geometry": {
        "type": "Point",
        "coordinates": [
          -95.56881,
          29.65139
        ]
      },
      "properties": {
        "name": "69 Southwest @ Wilcrest",
        "roadway": "IH-69 Southwest",
        "location": "Wilcrest",
        "direction": "West",
        "image": "https://www.houstontranstar.org/snapshots/cctv/524.jpg",
        "monitor": "0",
        "validimg": "True",
        "frameCount": "1",
        "framePauseMs": "0",
        "page": "https://traffic.houstontranstar.org/cctv/transtar/camera.aspx?cam=524"
      }
    },
    {
      "type": "Feature",
      "geometry": {
        "type": "Point",
        "coordinates": [
          -95.57301,
          29.64642
        ]
      },
      "properties": {
        "name": "69 Southwest @ W. Airport (N)",
        "roadway": "IH-69 Southwest",
        "location": "W. Airport (N)",
        "direction": "East",
        "image": "https://www.houstontranstar.org/snapshots/cctv/525.jpg",
        "monitor": "0",
        "validimg": "True",
        "frameCount": "1",
        "framePauseMs": "0",
        "page": "https://traffic.houstontranstar.org/cctv/transtar/camera.aspx?cam=525"
      }
    },
    {
      "type": "Feature",
      "geometry": {
        "type": "Point",
        "coordinates": [
          -95.57606,
          29.64368
        ]
      },
      "properties": {
        "name": "69 Southwest @ W. Airport",
        "roadway": "IH-69 Southwest",
        "location": "W. Airport",
        "direction": "East",
        "image": "https://www.houstontranstar.org/snapshots/cctv/526.jpg",
        "monitor": "0",
        "validimg": "True",
        "frameCount": "1",
        "framePauseMs": "0",
        "page": "https://traffic.houstontranstar.org/cctv/transtar/camera.aspx?cam=526"
      }
    },
    {
      "type": "Feature",
      "geometry": {
        "type": "Point",
        "coordinates": [
          -95.58376,
          29.63752
        ]
      },
      "properties": {
        "name": "69 Southwest @ Kirkwood (S)",
        "roadway": "IH-69 Southwest",
        "location": "Kirkwood (S)",
        "direction": "West",
        "image": "https://www.houstontranstar.org/snapshots/cctv/527.jpg",
        "monitor": "0",
        "validimg": "True",
        "frameCount": "1",
        "framePauseMs": "0",
        "page": "https://traffic.houstontranstar.org/cctv/transtar/camera.aspx?cam=527"
      }
    },
    {
      "type": "Feature",
      "geometry": {
        "type": "Point",
        "coordinates": [
          -95.58178,
          29.63926
        ]
      },
      "properties": {
        "name": "69 Southwest @ Kirkwood",
        "roadway": "IH-69 Southwest",
        "location": "Kirkwood",
        "direction": "West",
        "image": "https://www.houstontranstar.org/snapshots/cctv/528.jpg",
        "monitor": "0",
        "validimg": "True",
        "frameCount": "1",
        "framePauseMs": "0",
        "page": "https://traffic.houstontranstar.org/cctv/transtar/camera.aspx?cam=528"
      }
    },
    {
      "type": "Feature",
      "geometry": {
        "type": "Point",
        "coordinates": [
          -95.59578,
          29.62619
        ]
      },
      "properties": {
        "name": "69 Southwest @ US 90 A (N)",
        "roadway": "IH-69 Southwest",
        "location": "US 90 A",
        "direction": "West",
        "image": "https://www.houstontranstar.org/snapshots/cctv/529.jpg",
        "monitor": "0",
        "validimg": "True",
        "frameCount": "1",
        "framePauseMs": "0",
        "page": "https://traffic.houstontranstar.org/cctv/transtar/camera.aspx?cam=529"
      }
    },
    {
      "type": "Feature",
      "geometry": {
        "type": "Point",
        "coordinates": [
          -95.59555,
          29.62761
        ]
      },
      "properties": {
        "name": "90 A @ US 69 (W)",
        "roadway": "IH-69 Southwest",
        "location": "IH 69 (W)",
        "direction": "South",
        "image": "https://www.houstontranstar.org/snapshots/cctv/530.jpg",
        "monitor": "0",
        "validimg": "True",
        "frameCount": "1",
        "framePauseMs": "0",
        "page": "https://traffic.houstontranstar.org/cctv/transtar/camera.aspx?cam=530"
      }
    },
    {
      "type": "Feature",
      "geometry": {
        "type": "Point",
        "coordinates": [
          -95.5898,
          29.63095
        ]
      },
      "properties": {
        "name": "69 Southwest @ US 90 A",
        "roadway": "IH-69 Southwest",
        "location": "US 90 A",
        "direction": "East",
        "image": "https://www.houstontranstar.org/snapshots/cctv/531.jpg",
        "monitor": "0",
        "validimg": "True",
        "frameCount": "1",
        "framePauseMs": "0",
        "page": "https://traffic.houstontranstar.org/cctv/transtar/camera.aspx?cam=531"
      }
    },
    {
      "type": "Feature",
      "geometry": {
        "type": "Point",
        "coordinates": [
          -95.5917,
          29.62828
        ]
      },
      "properties": {
        "name": "90 A @ IH 69 (E)",
        "roadway": "IH-69 Southwest",
        "location": "IH 69 (E)",
        "direction": "South",
        "image": "https://www.houstontranstar.org/snapshots/cctv/532.jpg",
        "monitor": "0",
        "validimg": "True",
        "frameCount": "1",
        "framePauseMs": "0",
        "page": "https://traffic.houstontranstar.org/cctv/transtar/camera.aspx?cam=532"
      }
    },
    {
      "type": "Feature",
      "geometry": {
        "type": "Point",
        "coordinates": [
          -95.60225,
          29.62152
        ]
      },
      "properties": {
        "name": "69 Southwest @ Dairy Ashford",
        "roadway": "IH-69 Southwest",
        "location": "Dairy Ashford",
        "direction": "West",
        "image": "https://www.houstontranstar.org/snapshots/cctv/533.jpg",
        "monitor": "0",
        "validimg": "True",
        "frameCount": "1",
        "framePauseMs": "0",
        "page": "https://traffic.houstontranstar.org/cctv/transtar/camera.aspx?cam=533"
      }
    },
    {
      "type": "Feature",
      "geometry": {
        "type": "Point",
        "coordinates": [
          -95.60601,
          29.61656
        ]
      },
      "properties": {
        "name": "69 Southwest @ Dairy Ashford (S)",
        "roadway": "IH-69 Southwest",
        "location": "Dairy Ashford (S)",
        "direction": "West",
        "image": "https://www.houstontranstar.org/snapshots/cctv/534.jpg",
        "monitor": "0",
        "validimg": "True",
        "frameCount": "1",
        "framePauseMs": "0",
        "page": "https://traffic.houstontranstar.org/cctv/transtar/camera.aspx?cam=534"
      }
    },
    {
      "type": "Feature",
      "geometry": {
        "type": "Point",
        "coordinates": [
          -95.61423,
          29.6069
        ]
      },
      "properties": {
        "name": "69 Southwest @ Williams Trace",
        "roadway": "IH-69 Southwest",
        "location": "Williams Trace",
        "direction": "West",
        "image": "https://www.houstontranstar.org/snapshots/cctv/535.jpg",
        "monitor": "0",
        "validimg": "True",
        "frameCount": "1",
        "framePauseMs": "0",
        "page": "https://traffic.houstontranstar.org/cctv/transtar/camera.aspx?cam=535"
      }
    },
    {
      "type": "Feature",
      "geometry": {
        "type": "Point",
        "coordinates": [
          -95.61688,
          29.60352
        ]
      },
      "properties": {
        "name": "69 Southwest @ Williams Trace (S)",
        "roadway": "IH-69 Southwest",
        "location": "Williams Trace (S)",
        "direction": "East",
        "image": "https://www.houstontranstar.org/snapshots/cctv/536.jpg",
        "monitor": "0",
        "validimg": "True",
        "frameCount": "1",
        "framePauseMs": "0",
        "page": "https://traffic.houstontranstar.org/cctv/transtar/camera.aspx?cam=536"
      }
    },
    {
      "type": "Feature",
      "geometry": {
        "type": "Point",
        "coordinates": [
          -95.62317,
          29.59816
        ]
      },
      "properties": {
        "name": "69 Southwest @ SH 6",
        "roadway": "IH-69 Southwest",
        "location": "SH 6",
        "direction": "West",
        "image": "https://www.houstontranstar.org/snapshots/cctv/537.jpg",
        "monitor": "0",
        "validimg": "True",
        "frameCount": "6",
        "framePauseMs": "300",
        "page": "https://traffic.houstontranstar.org/cctv/transtar/camera.aspx?cam=537"
      }
    },
    {
      "type": "Feature",
      "geometry": {
        "type": "Point",
        "coordinates": [
          -95.63468,
          29.589333
        ]
      },
      "properties": {
        "name": "69 Southwest @ Sweetwater Blvd",
        "roadway": "IH-69 Southwest",
        "location": "Sweetwater",
        "direction": "West",
        "image": "https://www.houstontranstar.org/snapshots/cctv/538.jpg",
        "monitor": "0",
        "validimg": "True",
        "frameCount": "1",
        "framePauseMs": "0",
        "page": "https://traffic.houstontranstar.org/cctv/transtar/camera.aspx?cam=538"
      }
    },
    {
      "type": "Feature",
      "geometry": {
        "type": "Point",
        "coordinates": [
          -95.643874,
          29.583059
        ]
      },
      "properties": {
        "name": "69 Southwest @ University Blvd",
        "roadway": "IH-69 Southwest",
        "location": "University",
        "direction": "East",
        "image": "https://www.houstontranstar.org/snapshots/cctv/539.jpg",
        "monitor": "0",
        "validimg": "True",
        "frameCount": "1",
        "framePauseMs": "0",
        "page": "https://traffic.houstontranstar.org/cctv/transtar/camera.aspx?cam=539"
      }
    },
    {
      "type": "Feature",
      "geometry": {
        "type": "Point",
        "coordinates": [
          -95.652786,
          29.578195
        ]
      },
      "properties": {
        "name": "69 Southwest @ University (S)",
        "roadway": "IH-69 Southwest",
        "location": "South of University",
        "direction": "West",
        "image": "https://www.houstontranstar.org/snapshots/cctv/540.jpg",
        "monitor": "0",
        "validimg": "True",
        "frameCount": "1",
        "framePauseMs": "0",
        "page": "https://traffic.houstontranstar.org/cctv/transtar/camera.aspx?cam=540"
      }
    },
    {
      "type": "Feature",
      "geometry": {
        "type": "Point",
        "coordinates": [
          -95.6667,
          29.569356
        ]
      },
      "properties": {
        "name": "69 Southwest @ Brazos River",
        "roadway": "IH-69 Southwest",
        "location": "Brazos River",
        "direction": "East",
        "image": "https://www.houstontranstar.org/snapshots/cctv/541.jpg",
        "monitor": "0",
        "validimg": "True",
        "frameCount": "1",
        "framePauseMs": "0",
        "page": "https://traffic.houstontranstar.org/cctv/transtar/camera.aspx?cam=541"
      }
    },
    {
      "type": "Feature",
      "geometry": {
        "type": "Point",
        "coordinates": [
          -95.673246,
          29.564907
        ]
      },
      "properties": {
        "name": "69 Southwest @ Riverbrook Dr",
        "roadway": "IH-69 Southwest",
        "location": "Riverbrook",
        "direction": "East",
        "image": "https://www.houstontranstar.org/snapshots/cctv/542.jpg",
        "monitor": "0",
        "validimg": "True",
        "frameCount": "1",
        "framePauseMs": "0",
        "page": "https://traffic.houstontranstar.org/cctv/transtar/camera.aspx?cam=542"
      }
    },
    {
      "type": "Feature",
      "geometry": {
        "type": "Point",
        "coordinates": [
          -95.675382,
          29.564267
        ]
      },
      "properties": {
        "name": "69 Southwest @ SH 99 (N)",
        "roadway": "IH-69 Southwest",
        "location": "North of SH-99",
        "direction": "East",
        "image": "https://www.houstontranstar.org/snapshots/cctv/543.jpg",
        "monitor": "0",
        "validimg": "True",
        "frameCount": "1",
        "framePauseMs": "0",
        "page": "https://traffic.houstontranstar.org/cctv/transtar/camera.aspx?cam=543"
      }
    },
    {
      "type": "Feature",
      "geometry": {
        "type": "Point",
        "coordinates": [
          -95.691349,
          29.56087
        ]
      },
      "properties": {
        "name": "69 Southwest @ SH 99",
        "roadway": "IH-69 Southwest",
        "location": "SH-99",
        "direction": "East",
        "image": "https://www.houstontranstar.org/snapshots/cctv/544.jpg",
        "monitor": "0",
        "validimg": "True",
        "frameCount": "1",
        "framePauseMs": "0",
        "page": "https://traffic.houstontranstar.org/cctv/transtar/camera.aspx?cam=544"
      }
    },
    {
      "type": "Feature",
      "geometry": {
        "type": "Point",
        "coordinates": [
          -95.465806,
          29.726464
        ]
      },
      "properties": {
        "name": "IH-69 Southwest @ McCue",
        "roadway": "IH-69 Southwest",
        "location": "McCue",
        "direction": "East",
        "image": "https://www.houstontranstar.org/snapshots/cctv/577.jpg",
        "monitor": "0",
        "validimg": "True",
        "frameCount": "1",
        "framePauseMs": "0",
        "page": "https://traffic.houstontranstar.org/cctv/transtar/camera.aspx?cam=577"
      }
    },
    {
      "type": "Feature",
      "geometry": {
        "type": "Point",
        "coordinates": [
          -95.284667,
          29.804279
        ]
      },
      "properties": {
        "name": "610 NORTH LOOP @ WAYSIDE",
        "roadway": "IH-610 North Loop",
        "location": "WAYSIDE",
        "direction": "South",
        "image": "https://www.houstontranstar.org/snapshots/cctv/601.jpg",
        "monitor": "0",
        "validimg": "False",
        "frameCount": "1",
        "framePauseMs": "0",
        "page": "https://traffic.houstontranstar.org/cctv/transtar/camera.aspx?cam=601"
      }
    },
    {
      "type": "Feature",
      "geometry": {
        "type": "Point",
        "coordinates": [
          -95.291161,
          29.804076
        ]
      },
      "properties": {
        "name": "610 NORTH LOOP @ KIRKPATRICK",
        "roadway": "IH-610 North Loop",
        "location": "KIRKPATRICK",
        "direction": "North",
        "image": "https://www.houstontranstar.org/snapshots/cctv/602.jpg",
        "monitor": "0",
        "validimg": "True",
        "frameCount": "1",
        "framePauseMs": "0",
        "page": "https://traffic.houstontranstar.org/cctv/transtar/camera.aspx?cam=602"
      }
    },
    {
      "type": "Feature",
      "geometry": {
        "type": "Point",
        "coordinates": [
          -95.301987,
          29.807363
        ]
      },
      "properties": {
        "name": "610 NORTH LOOP @ HOMESTEAD",
        "roadway": "IH-610 North Loop",
        "location": "HOMESTEAD",
        "direction": "North",
        "image": "https://www.houstontranstar.org/snapshots/cctv/603.jpg",
        "monitor": "0",
        "validimg": "True",
        "frameCount": "1",
        "framePauseMs": "0",
        "page": "https://traffic.houstontranstar.org/cctv/transtar/camera.aspx?cam=603"
      }
    },
    {
      "type": "Feature",
      "geometry": {
        "type": "Point",
        "coordinates": [
          -95.317072,
          29.80925
        ]
      },
      "properties": {
        "name": "610 NORTH LOOP @ LOCKWOOD",
        "roadway": "IH-610 North Loop",
        "location": "LOCKWOOD",
        "direction": "North",
        "image": "https://www.houstontranstar.org/snapshots/cctv/604.jpg",
        "monitor": "0",
        "validimg": "True",
        "frameCount": "1",
        "framePauseMs": "0",
        "page": "https://traffic.houstontranstar.org/cctv/transtar/camera.aspx?cam=604"
      }
    },
    {
      "type": "Feature",
      "geometry": {
        "type": "Point",
        "coordinates": [
          -95.328642,
          29.808431
        ]
      },
      "properties": {
        "name": "610 NORTH LOOP @ HIRSCH",
        "roadway": "IH-610 North Loop",
        "location": "HIRSCH",
        "direction": "North",
        "image": "https://www.houstontranstar.org/snapshots/cctv/605.jpg",
        "monitor": "0",
        "validimg": "False",
        "frameCount": "1",
        "framePauseMs": "0",
        "page": "https://traffic.houstontranstar.org/cctv/transtar/camera.aspx?cam=605"
      }
    },
    {
      "type": "Feature",
      "geometry": {
        "type": "Point",
        "coordinates": [
          -95.34243,
          29.809846
        ]
      },
      "properties": {
        "name": "610 NORTH LOOP @ JENSEN",
        "roadway": "IH-610 North Loop",
        "location": "JENSEN",
        "direction": "North",
        "image": "https://www.houstontranstar.org/snapshots/cctv/606.jpg",
        "monitor": "0",
        "validimg": "True",
        "frameCount": "1",
        "framePauseMs": "0",
        "page": "https://traffic.houstontranstar.org/cctv/transtar/camera.aspx?cam=606"
      }
    },
    {
      "type": "Feature",
      "geometry": {
        "type": "Point",
        "coordinates": [
          -95.355835,
          29.814175
        ]
      },
      "properties": {
        "name": "610 NORTH LOOP @ HTR",
        "roadway": "IH-610 North Loop",
        "location": "Hardy Toll Road",
        "direction": "North",
        "image": "https://www.houstontranstar.org/snapshots/cctv/607.jpg",
        "monitor": "0",
        "validimg": "True",
        "frameCount": "1",
        "framePauseMs": "0",
        "page": "https://traffic.houstontranstar.org/cctv/transtar/camera.aspx?cam=607"
      }
    },
    {
      "type": "Feature",
      "geometry": {
        "type": "Point",
        "coordinates": [
          -95.361325,
          29.813764
        ]
      },
      "properties": {
        "name": "610 NORTH LOOP @ IRVINGTON BLVD",
        "roadway": "IH-610 North Loop",
        "location": "IRVINGTON BLVD",
        "direction": "North",
        "image": "https://www.houstontranstar.org/snapshots/cctv/608.jpg",
        "monitor": "0",
        "validimg": "True",
        "frameCount": "1",
        "framePauseMs": "0",
        "page": "https://traffic.houstontranstar.org/cctv/transtar/camera.aspx?cam=608"
      }
    },
    {
      "type": "Feature",
      "geometry": {
        "type": "Point",
        "coordinates": [
          -95.369766,
          29.81376
        ]
      },
      "properties": {
        "name": "610 NORTH LOOP @ FULTON",
        "roadway": "IH-610 North Loop",
        "location": "FULTON",
        "direction": "North",
        "image": "https://www.houstontranstar.org/snapshots/cctv/609.jpg",
        "monitor": "0",
        "validimg": "True",
        "frameCount": "1",
        "framePauseMs": "0",
        "page": "https://traffic.houstontranstar.org/cctv/transtar/camera.aspx?cam=609"
      }
    },
    {
      "type": "Feature",
      "geometry": {
        "type": "Point",
        "coordinates": [
          -95.382405,
          29.813931
        ]
      },
      "properties": {
        "name": "610 NORTH LOOP @ AIRLINE",
        "roadway": "IH-610 North Loop",
        "location": "AIRLINE",
        "direction": "North",
        "image": "https://www.houstontranstar.org/snapshots/cctv/610.jpg",
        "monitor": "0",
        "validimg": "True",
        "frameCount": "1",
        "framePauseMs": "0",
        "page": "https://traffic.houstontranstar.org/cctv/transtar/camera.aspx?cam=610"
      }
    },
    {
      "type": "Feature",
      "geometry": {
        "type": "Point",
        "coordinates": [
          -95.391461,
          29.813845
        ]
      },
      "properties": {
        "name": "610 NORTH LOOP @ NORTH MAIN",
        "roadway": "IH-610 North Loop",
        "location": "NORTH MAIN",
        "direction": "North",
        "image": "https://www.houstontranstar.org/snapshots/cctv/611.jpg",
        "monitor": "0",
        "validimg": "True",
        "frameCount": "1",
        "framePauseMs": "0",
        "page": "https://traffic.houstontranstar.org/cctv/transtar/camera.aspx?cam=611"
      }
    },
    {
      "type": "Feature",
      "geometry": {
        "type": "Point",
        "coordinates": [
          -95.399268,
          29.812856
        ]
      },
      "properties": {
        "name": "610 NORTH LOOP @ YALE",
        "roadway": "IH-610 North Loop",
        "location": "YALE",
        "direction": "North",
        "image": "https://www.houstontranstar.org/snapshots/cctv/612.jpg",
        "monitor": "0",
        "validimg": "True",
        "frameCount": "1",
        "framePauseMs": "0",
        "page": "https://traffic.houstontranstar.org/cctv/transtar/camera.aspx?cam=612"
      }
    },
    {
      "type": "Feature",
      "geometry": {
        "type": "Point",
        "coordinates": [
          -95.41054,
          29.813112
        ]
      },
      "properties": {
        "name": "610 NORTH LOOP @ SHEPHERD",
        "roadway": "IH-610 North Loop",
        "location": "SHEPHERD",
        "direction": "North",
        "image": "https://www.houstontranstar.org/snapshots/cctv/613.jpg",
        "monitor": "0",
        "validimg": "True",
        "frameCount": "1",
        "framePauseMs": "0",
        "page": "https://traffic.houstontranstar.org/cctv/transtar/camera.aspx?cam=613"
      }
    },
    {
      "type": "Feature",
      "geometry": {
        "type": "Point",
        "coordinates": [
          -95.410275,
          29.812797
        ]
      },
      "properties": {
        "name": "610 NORTH LOOP @ ELLA",
        "roadway": "IH-610 North Loop",
        "location": "ELLA",
        "direction": "North",
        "image": "https://www.houstontranstar.org/snapshots/cctv/614.jpg",
        "monitor": "0",
        "validimg": "True",
        "frameCount": "1",
        "framePauseMs": "0",
        "page": "https://traffic.houstontranstar.org/cctv/transtar/camera.aspx?cam=614"
      }
    },
    {
      "type": "Feature",
      "geometry": {
        "type": "Point",
        "coordinates": [
          -95.441525,
          29.808511
        ]
      },
      "properties": {
        "name": "610 NORTH LOOP @ TC JESTER",
        "roadway": "IH-610 North Loop",
        "location": "TC JESTER",
        "direction": "South",
        "image": "https://www.houstontranstar.org/snapshots/cctv/615.jpg",
        "monitor": "0",
        "validimg": "True",
        "frameCount": "6",
        "framePauseMs": "300",
        "page": "https://traffic.houstontranstar.org/cctv/transtar/camera.aspx?cam=615"
      }
    },
    {
      "type": "Feature",
      "geometry": {
        "type": "Point",
        "coordinates": [
          -95.44875,
          29.801463
        ]
      },
      "properties": {
        "name": "610 WEST LOOP @ 18TH",
        "roadway": "IH-610 West Loop",
        "location": "18TH",
        "direction": "East",
        "image": "https://www.houstontranstar.org/snapshots/cctv/616.jpg",
        "monitor": "0",
        "validimg": "True",
        "frameCount": "1",
        "framePauseMs": "0",
        "page": "https://traffic.houstontranstar.org/cctv/transtar/camera.aspx?cam=616"
      }
    },
    {
      "type": "Feature",
      "geometry": {
        "type": "Point",
        "coordinates": [
          -95.451216,
          29.795283
        ]
      },
      "properties": {
        "name": "610 WEST LOOP @ HEMPSTEAD",
        "roadway": "IH-610 West Loop",
        "location": "HEMPSTEAD",
        "direction": "West",
        "image": "https://www.houstontranstar.org/snapshots/cctv/617.jpg",
        "monitor": "0",
        "validimg": "True",
        "frameCount": "1",
        "framePauseMs": "0",
        "page": "https://traffic.houstontranstar.org/cctv/transtar/camera.aspx?cam=617"
      }
    },
    {
      "type": "Feature",
      "geometry": {
        "type": "Point",
        "coordinates": [
          -95.452078,
          29.783649
        ]
      },
      "properties": {
        "name": "610 WEST LOOP @ OLD KATY RD",
        "roadway": "IH-610 West Loop",
        "location": "OLD KATY RD",
        "direction": "West",
        "image": "https://www.houstontranstar.org/snapshots/cctv/618.jpg",
        "monitor": "0",
        "validimg": "True",
        "frameCount": "6",
        "framePauseMs": "300",
        "page": "https://traffic.houstontranstar.org/cctv/transtar/camera.aspx?cam=618"
      }
    },
    {
      "type": "Feature",
      "geometry": {
        "type": "Point",
        "coordinates": [
          -95.453409,
          29.782361
        ]
      },
      "properties": {
        "name": "610 WEST LOOP @ I-10 KATY",
        "roadway": "IH-610 West Loop",
        "location": "I-10 KATY",
        "direction": "West",
        "image": "https://www.houstontranstar.org/snapshots/cctv/619.jpg",
        "monitor": "0",
        "validimg": "True",
        "frameCount": "1",
        "framePauseMs": "0",
        "page": "https://traffic.houstontranstar.org/cctv/transtar/camera.aspx?cam=619"
      }
    },
    {
      "type": "Feature",
      "geometry": {
        "type": "Point",
        "coordinates": [
          -95.456172,
          29.773165
        ]
      },
      "properties": {
        "name": "610 WEST LOOP @ MEMORIAL",
        "roadway": "IH-610 West Loop",
        "location": "MEMORIAL",
        "direction": "West",
        "image": "https://www.houstontranstar.org/snapshots/cctv/620.jpg",
        "monitor": "0",
        "validimg": "True",
        "frameCount": "1",
        "framePauseMs": "0",
        "page": "https://traffic.houstontranstar.org/cctv/transtar/camera.aspx?cam=620"
      }
    },
    {
      "type": "Feature",
      "geometry": {
        "type": "Point",
        "coordinates": [
          -95.45541,
          29.76043
        ]
      },
      "properties": {
        "name": "610 WEST LOOP @ Woodway",
        "roadway": "IH-610 West Loop",
        "location": "Woodway",
        "direction": "East",
        "image": "https://www.houstontranstar.org/snapshots/cctv/621.jpg",
        "monitor": "0",
        "validimg": "True",
        "frameCount": "1",
        "framePauseMs": "0",
        "page": "https://traffic.houstontranstar.org/cctv/transtar/camera.aspx?cam=621"
      }
    },
    {
      "type": "Feature",
      "geometry": {
        "type": "Point",
        "coordinates": [
          -95.455752,
          29.754192
        ]
      },
      "properties": {
        "name": "610 WEST LOOP @ S POST OAK RD",
        "roadway": "IH-610 West Loop",
        "location": "POST OAK RD",
        "direction": "West",
        "image": "https://www.houstontranstar.org/snapshots/cctv/622.jpg",
        "monitor": "0",
        "validimg": "False",
        "frameCount": "1",
        "framePauseMs": "0",
        "page": "https://traffic.houstontranstar.org/cctv/transtar/camera.aspx?cam=622"
      }
    },
    {
      "type": "Feature",
      "geometry": {
        "type": "Point",
        "coordinates": [
          -95.458417,
          29.741051
        ]
      },
      "properties": {
        "name": "610 WEST LOOP @ WESTHEIMER",
        "roadway": "IH-610 West Loop",
        "location": "WESTHEIMER",
        "direction": "West",
        "image": "https://www.houstontranstar.org/snapshots/cctv/623.jpg",
        "monitor": "0",
        "validimg": "True",
        "frameCount": "6",
        "framePauseMs": "300",
        "page": "https://traffic.houstontranstar.org/cctv/transtar/camera.aspx?cam=623"
      }
    },
    {
      "type": "Feature",
      "geometry": {
        "type": "Point",
        "coordinates": [
          -95.460257,
          29.731855
        ]
      },
      "properties": {
        "name": "610 WEST LOOP @ RICHMOND",
        "roadway": "IH-610 West Loop",
        "location": "RICHMOND",
        "direction": "West",
        "image": "https://www.houstontranstar.org/snapshots/cctv/624.jpg",
        "monitor": "0",
        "validimg": "True",
        "frameCount": "1",
        "framePauseMs": "0",
        "page": "https://traffic.houstontranstar.org/cctv/transtar/camera.aspx?cam=624"
      }
    },
    {
      "type": "Feature",
      "geometry": {
        "type": "Point",
        "coordinates": [
          -95.461357,
          29.726595
        ]
      },
      "properties": {
        "name": "I-610 W Loop Frtg @ Westpark",
        "roadway": "IH-610 West Loop",
        "location": "Frontage Road at Westpark",
        "direction": "East",
        "image": "https://www.houstontranstar.org/snapshots/cctv/625.jpg",
        "monitor": "0",
        "validimg": "True",
        "frameCount": "1",
        "framePauseMs": "0",
        "page": "https://traffic.houstontranstar.org/cctv/transtar/camera.aspx?cam=625"
      }
    },
    {
      "type": "Feature",
      "geometry": {
        "type": "Point",
        "coordinates": [
          -95.460636,
          29.726438
        ]
      },
      "properties": {
        "name": "610 West Loop @ IH-69",
        "roadway": "IH-610 West Loop",
        "location": "IH-69",
        "direction": "West",
        "image": "https://www.houstontranstar.org/snapshots/cctv/626.jpg",
        "monitor": "0",
        "validimg": "True",
        "frameCount": "1",
        "framePauseMs": "0",
        "page": "https://traffic.houstontranstar.org/cctv/transtar/camera.aspx?cam=626"
      }
    },
    {
      "type": "Feature",
      "geometry": {
        "type": "Point",
        "coordinates": [
          -95.460511,
          29.716696
        ]
      },
      "properties": {
        "name": "610 WEST LOOP @ FOURNACE",
        "roadway": "IH-610 West Loop",
        "location": "FOURNACE",
        "direction": "West",
        "image": "https://www.houstontranstar.org/snapshots/cctv/627.jpg",
        "monitor": "0",
        "validimg": "True",
        "frameCount": "6",
        "framePauseMs": "300",
        "page": "https://traffic.houstontranstar.org/cctv/transtar/camera.aspx?cam=627"
      }
    },
    {
      "type": "Feature",
      "geometry": {
        "type": "Point",
        "coordinates": [
          -95.459498,
          29.705701
        ]
      },
      "properties": {
        "name": "610 WEST LOOP @ BELLAIRE",
        "roadway": "IH-610 West Loop",
        "location": "BELLAIRE",
        "direction": "West",
        "image": "https://www.houstontranstar.org/snapshots/cctv/628.jpg",
        "monitor": "0",
        "validimg": "True",
        "frameCount": "1",
        "framePauseMs": "0",
        "page": "https://traffic.houstontranstar.org/cctv/transtar/camera.aspx?cam=628"
      }
    },
    {
      "type": "Feature",
      "geometry": {
        "type": "Point",
        "coordinates": [
          -95.459264,
          29.689199
        ]
      },
      "properties": {
        "name": "610 WEST LOOP @ BEECHNUT",
        "roadway": "IH-610 West Loop",
        "location": "BEECHNUT",
        "direction": "West",
        "image": "https://www.houstontranstar.org/snapshots/cctv/629.jpg",
        "monitor": "0",
        "validimg": "True",
        "frameCount": "1",
        "framePauseMs": "0",
        "page": "https://traffic.houstontranstar.org/cctv/transtar/camera.aspx?cam=629"
      }
    },
    {
      "type": "Feature",
      "geometry": {
        "type": "Point",
        "coordinates": [
          -95.458906,
          29.681866
        ]
      },
      "properties": {
        "name": "610 SOUTH LOOP @ BRAESWOOD",
        "roadway": "IH-610 South Loop",
        "location": "BRAESWOOD",
        "direction": "South",
        "image": "https://www.houstontranstar.org/snapshots/cctv/630.jpg",
        "monitor": "0",
        "validimg": "True",
        "frameCount": "6",
        "framePauseMs": "300",
        "page": "https://traffic.houstontranstar.org/cctv/transtar/camera.aspx?cam=630"
      }
    },
    {
      "type": "Feature",
      "geometry": {
        "type": "Point",
        "coordinates": [
          -95.440331,
          29.679672
        ]
      },
      "properties": {
        "name": "610 SOUTH LOOP @ STELLA LINK",
        "roadway": "IH-610 South Loop",
        "location": "STELLA LINK",
        "direction": "North",
        "image": "https://www.houstontranstar.org/snapshots/cctv/631.jpg",
        "monitor": "0",
        "validimg": "True",
        "frameCount": "1",
        "framePauseMs": "0",
        "page": "https://traffic.houstontranstar.org/cctv/transtar/camera.aspx?cam=631"
      }
    },
    {
      "type": "Feature",
      "geometry": {
        "type": "Point",
        "coordinates": [
          -95.427703,
          29.677845
        ]
      },
      "properties": {
        "name": "610 SOUTH LOOP @ SOUTH MAIN",
        "roadway": "IH-610 South Loop",
        "location": "SOUTH MAIN",
        "direction": "North",
        "image": "https://www.houstontranstar.org/snapshots/cctv/632.jpg",
        "monitor": "0",
        "validimg": "True",
        "frameCount": "1",
        "framePauseMs": "0",
        "page": "https://traffic.houstontranstar.org/cctv/transtar/camera.aspx?cam=632"
      }
    },
    {
      "type": "Feature",
      "geometry": {
        "type": "Point",
        "coordinates": [
          -95.412555,
          29.678082
        ]
      },
      "properties": {
        "name": "610 SOUTH LOOP @ KIRBY",
        "roadway": "IH-610 South Loop",
        "location": "KIRBY",
        "direction": "North",
        "image": "https://www.houstontranstar.org/snapshots/cctv/633.jpg",
        "monitor": "0",
        "validimg": "True",
        "frameCount": "6",
        "framePauseMs": "300",
        "page": "https://traffic.houstontranstar.org/cctv/transtar/camera.aspx?cam=633"
      }
    },
    {
      "type": "Feature",
      "geometry": {
        "type": "Point",
        "coordinates": [
          -95.403329,
          29.679093
        ]
      },
      "properties": {
        "name": "610 SOUTH LOOP @ FANNIN",
        "roadway": "IH-610 South Loop",
        "location": "FANNIN",
        "direction": "North",
        "image": "https://www.houstontranstar.org/snapshots/cctv/634.jpg",
        "monitor": "0",
        "validimg": "True",
        "frameCount": "1",
        "framePauseMs": "0",
        "page": "https://traffic.houstontranstar.org/cctv/transtar/camera.aspx?cam=634"
      }
    },
    {
      "type": "Feature",
      "geometry": {
        "type": "Point",
        "coordinates": [
          -95.393211,
          29.680642
        ]
      },
      "properties": {
        "name": "610 SOUTH LOOP @ ALMEDA",
        "roadway": "IH-610 South Loop",
        "location": "ALMEDA",
        "direction": "North",
        "image": "https://www.houstontranstar.org/snapshots/cctv/635.jpg",
        "monitor": "0",
        "validimg": "True",
        "frameCount": "1",
        "framePauseMs": "0",
        "page": "https://traffic.houstontranstar.org/cctv/transtar/camera.aspx?cam=635"
      }
    },
    {
      "type": "Feature",
      "geometry": {
        "type": "Point",
        "coordinates": [
          -95.366826,
          29.681006
        ]
      },
      "properties": {
        "name": "610 SOUTH LOOP @ SCOTT",
        "roadway": "IH-610 South Loop",
        "location": "SCOTT",
        "direction": "North",
        "image": "https://www.houstontranstar.org/snapshots/cctv/636.jpg",
        "monitor": "0",
        "validimg": "True",
        "frameCount": "1",
        "framePauseMs": "0",
        "page": "https://traffic.houstontranstar.org/cctv/transtar/camera.aspx?cam=636"
      }
    },
    {
      "type": "Feature",
      "geometry": {
        "type": "Point",
        "coordinates": [
          -95.355961,
          29.68092
        ]
      },
      "properties": {
        "name": "610 SOUTH LOOP @ CULLEN",
        "roadway": "IH-610 South Loop",
        "location": "CULLEN",
        "direction": "South",
        "image": "https://www.houstontranstar.org/snapshots/cctv/637.jpg",
        "monitor": "0",
        "validimg": "True",
        "frameCount": "1",
        "framePauseMs": "0",
        "page": "https://traffic.houstontranstar.org/cctv/transtar/camera.aspx?cam=637"
      }
    },
    {
      "type": "Feature",
      "geometry": {
        "type": "Point",
        "coordinates": [
          -95.340953,
          29.685692
        ]
      },
      "properties": {
        "name": "610 SOUTH LOOP @ MLK BLVD",
        "roadway": "IH-610 South Loop",
        "location": "MLK BLVD",
        "direction": "South",
        "image": "https://www.houstontranstar.org/snapshots/cctv/638.jpg",
        "monitor": "0",
        "validimg": "True",
        "frameCount": "1",
        "framePauseMs": "0",
        "page": "https://traffic.houstontranstar.org/cctv/transtar/camera.aspx?cam=638"
      }
    },
    {
      "type": "Feature",
      "geometry": {
        "type": "Point",
        "coordinates": [
          -95.332128,
          29.688967
        ]
      },
      "properties": {
        "name": "610 SOUTH LOOP @ CRESTMONT",
        "roadway": "IH-610 South Loop",
        "location": "CRESTMONT",
        "direction": "South",
        "image": "https://www.houstontranstar.org/snapshots/cctv/639.jpg",
        "monitor": "0",
        "validimg": "True",
        "frameCount": "1",
        "framePauseMs": "0",
        "page": "https://traffic.houstontranstar.org/cctv/transtar/camera.aspx?cam=639"
      }
    },
    {
      "type": "Feature",
      "geometry": {
        "type": "Point",
        "coordinates": [
          -95.319389,
          29.694937
        ]
      },
      "properties": {
        "name": "610 SOUTH LOOP @ SOUTH WAYSIDE",
        "roadway": "IH-610 South Loop",
        "location": "SOUTH WAYSIDE",
        "direction": "South",
        "image": "https://www.houstontranstar.org/snapshots/cctv/640.jpg",
        "monitor": "0",
        "validimg": "True",
        "frameCount": "1",
        "framePauseMs": "0",
        "page": "https://traffic.houstontranstar.org/cctv/transtar/camera.aspx?cam=640"
      }
    },
    {
      "type": "Feature",
      "geometry": {
        "type": "Point",
        "coordinates": [
          -95.31071,
          29.697188
        ]
      },
      "properties": {
        "name": "610 SOUTH LOOP @ BROAD",
        "roadway": "IH-610 South Loop",
        "location": "BROAD",
        "direction": "South",
        "image": "https://www.houstontranstar.org/snapshots/cctv/641.jpg",
        "monitor": "0",
        "validimg": "True",
        "frameCount": "1",
        "framePauseMs": "0",
        "page": "https://traffic.houstontranstar.org/cctv/transtar/camera.aspx?cam=641"
      }
    },
    {
      "type": "Feature",
      "geometry": {
        "type": "Point",
        "coordinates": [
          -95.297903,
          29.695666
        ]
      },
      "properties": {
        "name": "610 SOUTH LOOP @ WOODRIDGE",
        "roadway": "IH-610 South Loop",
        "location": "WOODRIDGE",
        "direction": "South",
        "image": "https://www.houstontranstar.org/snapshots/cctv/642.jpg",
        "monitor": "0",
        "validimg": "True",
        "frameCount": "1",
        "framePauseMs": "0",
        "page": "https://traffic.houstontranstar.org/cctv/transtar/camera.aspx?cam=642"
      }
    },
    {
      "type": "Feature",
      "geometry": {
        "type": "Point",
        "coordinates": [
          -95.283271,
          29.699255
        ]
      },
      "properties": {
        "name": "610 SOUTH LOOP @ IH-45",
        "roadway": "IH-610 South Loop",
        "location": "IH-45",
        "direction": "South",
        "image": "https://www.houstontranstar.org/snapshots/cctv/643.jpg",
        "monitor": "0",
        "validimg": "True",
        "frameCount": "1",
        "framePauseMs": "0",
        "page": "https://traffic.houstontranstar.org/cctv/transtar/camera.aspx?cam=643"
      }
    },
    {
      "type": "Feature",
      "geometry": {
        "type": "Point",
        "coordinates": [
          -95.277791,
          29.702766
        ]
      },
      "properties": {
        "name": "610 SOUTH LOOP @ OLD GALVESTON",
        "roadway": "IH-610 South Loop",
        "location": "OLD GALVESTON",
        "direction": "South",
        "image": "https://www.houstontranstar.org/snapshots/cctv/644.jpg",
        "monitor": "0",
        "validimg": "True",
        "frameCount": "1",
        "framePauseMs": "0",
        "page": "https://traffic.houstontranstar.org/cctv/transtar/camera.aspx?cam=644"
      }
    },
    {
      "type": "Feature",
      "geometry": {
        "type": "Point",
        "coordinates": [
          -95.260466,
          29.709467
        ]
      },
      "properties": {
        "name": "610 SOUTH LOOP @ SH-225",
        "roadway": "IH-610 South Loop",
        "location": "SH-225",
        "direction": "South",
        "image": "https://www.houstontranstar.org/snapshots/cctv/645.jpg",
        "monitor": "0",
        "validimg": "True",
        "frameCount": "1",
        "framePauseMs": "0",
        "page": "https://traffic.houstontranstar.org/cctv/transtar/camera.aspx?cam=645"
      }
    },
    {
      "type": "Feature",
      "geometry": {
        "type": "Point",
        "coordinates": [
          -95.265886,
          29.713767
        ]
      },
      "properties": {
        "name": "610 EAST LOOP @ MANCHESTER",
        "roadway": "IH-610 East Loop",
        "location": "MANCHESTER",
        "direction": "East",
        "image": "https://www.houstontranstar.org/snapshots/cctv/646.jpg",
        "monitor": "0",
        "validimg": "True",
        "frameCount": "6",
        "framePauseMs": "300",
        "page": "https://traffic.houstontranstar.org/cctv/transtar/camera.aspx?cam=646"
      }
    },
    {
      "type": "Feature",
      "geometry": {
        "type": "Point",
        "coordinates": [
          -95.266517,
          29.72627
        ]
      },
      "properties": {
        "name": "610 EAST LOOP @ PORT OF HOUSTON",
        "roadway": "IH-610 East Loop",
        "location": "PORT OF HOUSTON",
        "direction": "None",
        "image": "https://www.houstontranstar.org/snapshots/cctv/647.jpg",
        "monitor": "0",
        "validimg": "True",
        "frameCount": "1",
        "framePauseMs": "0",
        "page": "https://traffic.houstontranstar.org/cctv/transtar/camera.aspx?cam=647"
      }
    },
    {
      "type": "Feature",
      "geometry": {
        "type": "Point",
        "coordinates": [
          -95.265055,
          29.738062
        ]
      },
      "properties": {
        "name": "610 EAST LOOP @ CLINTON",
        "roadway": "IH-610 East Loop",
        "location": "CLINTON",
        "direction": "East",
        "image": "https://www.houstontranstar.org/snapshots/cctv/648.jpg",
        "monitor": "0",
        "validimg": "True",
        "frameCount": "1",
        "framePauseMs": "0",
        "page": "https://traffic.houstontranstar.org/cctv/transtar/camera.aspx?cam=648"
      }
    },
    {
      "type": "Feature",
      "geometry": {
        "type": "Point",
        "coordinates": [
          -95.265542,
          29.760679
        ]
      },
      "properties": {
        "name": "610 EAST LOOP @ INDUSTRIAL",
        "roadway": "IH-610 East Loop",
        "location": "INDUSTRIAL",
        "direction": "West",
        "image": "https://www.houstontranstar.org/snapshots/cctv/649.jpg",
        "monitor": "0",
        "validimg": "True",
        "frameCount": "1",
        "framePauseMs": "0",
        "page": "https://traffic.houstontranstar.org/cctv/transtar/camera.aspx?cam=649"
      }
    },
    {
      "type": "Feature",
      "geometry": {
        "type": "Point",
        "coordinates": [
          -95.265036,
          29.760721
        ]
      },
      "properties": {
        "name": "610 EAST LOOP @ TURNING BASIN",
        "roadway": "IH-610 East Loop",
        "location": "TURNING BASIN",
        "direction": "East",
        "image": "https://www.houstontranstar.org/snapshots/cctv/650.jpg",
        "monitor": "0",
        "validimg": "True",
        "frameCount": "1",
        "framePauseMs": "0",
        "page": "https://traffic.houstontranstar.org/cctv/transtar/camera.aspx?cam=650"
      }
    },
    {
      "type": "Feature",
      "geometry": {
        "type": "Point",
        "coordinates": [
          -95.2651,
          29.76951
        ]
      },
      "properties": {
        "name": "610 EAST LOOP @ MARKET STREET",
        "roadway": "IH-610 East Loop",
        "location": "MARKET STREET",
        "direction": "East",
        "image": "https://www.houstontranstar.org/snapshots/cctv/651.jpg",
        "monitor": "0",
        "validimg": "True",
        "frameCount": "1",
        "framePauseMs": "0",
        "page": "https://traffic.houstontranstar.org/cctv/transtar/camera.aspx?cam=651"
      }
    },
    {
      "type": "Feature",
      "geometry": {
        "type": "Point",
        "coordinates": [
          -95.264713,
          29.784559
        ]
      },
      "properties": {
        "name": "610 NORTH LOOP @ GELLHORN",
        "roadway": "IH-610 North Loop",
        "location": "GELLHORN",
        "direction": "East",
        "image": "https://www.houstontranstar.org/snapshots/cctv/652.jpg",
        "monitor": "0",
        "validimg": "True",
        "frameCount": "1",
        "framePauseMs": "0",
        "page": "https://traffic.houstontranstar.org/cctv/transtar/camera.aspx?cam=652"
      }
    },
    {
      "type": "Feature",
      "geometry": {
        "type": "Point",
        "coordinates": [
          -95.26772,
          29.791545
        ]
      },
      "properties": {
        "name": "610 EAST LOOP @ WALLISVILLE",
        "roadway": "IH-610 East Loop",
        "location": "WALLISVILLE",
        "direction": "East",
        "image": "https://www.houstontranstar.org/snapshots/cctv/653.jpg",
        "monitor": "0",
        "validimg": "True",
        "frameCount": "1",
        "framePauseMs": "0",
        "page": "https://traffic.houstontranstar.org/cctv/transtar/camera.aspx?cam=653"
      }
    },
    {
      "type": "Feature",
      "geometry": {
        "type": "Point",
        "coordinates": [
          -95.271452,
          29.797023
        ]
      },
      "properties": {
        "name": "610 EAST LOOP @ MCCARTY",
        "roadway": "IH-610 East Loop",
        "location": "MCCARTY",
        "direction": "East",
        "image": "https://www.houstontranstar.org/snapshots/cctv/654.jpg",
        "monitor": "0",
        "validimg": "True",
        "frameCount": "1",
        "framePauseMs": "0",
        "page": "https://traffic.houstontranstar.org/cctv/transtar/camera.aspx?cam=654"
      }
    },
    {
      "type": "Feature",
      "geometry": {
        "type": "Point",
        "coordinates": [
          -95.44709,
          29.804752
        ]
      },
      "properties": {
        "name": "610 WEST LOOP @ US-290",
        "roadway": "IH-610 West Loop",
        "location": "US-290",
        "direction": "West",
        "image": "https://www.houstontranstar.org/snapshots/cctv/655.jpg",
        "monitor": "0",
        "validimg": "False",
        "frameCount": "1",
        "framePauseMs": "0",
        "page": "https://traffic.houstontranstar.org/cctv/transtar/camera.aspx?cam=655"
      }
    },
    {
      "type": "Feature",
      "geometry": {
        "type": "Point",
        "coordinates": [
          -95.459848,
          29.721386
        ]
      },
      "properties": {
        "name": "IH-610 West @ Glenmont Dr",
        "roadway": "IH-610 West Loop",
        "location": "Glenmont",
        "direction": "East",
        "image": "https://www.houstontranstar.org/snapshots/cctv/657.jpg",
        "monitor": "0",
        "validimg": "True",
        "frameCount": "1",
        "framePauseMs": "0",
        "page": "https://traffic.houstontranstar.org/cctv/transtar/camera.aspx?cam=657"
      }
    },
    {
      "type": "Feature",
      "geometry": {
        "type": "Point",
        "coordinates": [
          -95.240142,
          29.788556
        ]
      },
      "properties": {
        "name": "US-90 @ Hunting Bayou",
        "roadway": "US-90",
        "location": "Hunting Bayou",
        "direction": "South",
        "image": "https://www.houstontranstar.org/snapshots/cctv/10000.jpg",
        "monitor": "0",
        "validimg": "True",
        "frameCount": "1",
        "framePauseMs": "0",
        "page": "https://traffic.houstontranstar.org/cctv/transtar/camera.aspx?cam=10000"
      }
    },
    {
      "type": "Feature",
      "geometry": {
        "type": "Point",
        "coordinates": [
          -95.210381,
          29.812607
        ]
      },
      "properties": {
        "name": "US-90 @ S Lake Houston Pkwy",
        "roadway": "US-90",
        "location": "S Lake Houston Pkwy",
        "direction": "South",
        "image": "https://www.houstontranstar.org/snapshots/cctv/10001.jpg",
        "monitor": "0",
        "validimg": "True",
        "frameCount": "1",
        "framePauseMs": "0",
        "page": "https://traffic.houstontranstar.org/cctv/transtar/camera.aspx?cam=10001"
      }
    },
    {
      "type": "Feature",
      "geometry": {
        "type": "Point",
        "coordinates": [
          -95.16166,
          29.83844
        ]
      },
      "properties": {
        "name": "US-90 @ Miller Road Number 3",
        "roadway": "US-90",
        "location": "Miller Road Number 3",
        "direction": "South",
        "image": "https://www.houstontranstar.org/snapshots/cctv/10002.jpg",
        "monitor": "0",
        "validimg": "True",
        "frameCount": "1",
        "framePauseMs": "0",
        "page": "https://traffic.houstontranstar.org/cctv/transtar/camera.aspx?cam=10002"
      }
    },
    {
      "type": "Feature",
      "geometry": {
        "type": "Point",
        "coordinates": [
          -95.101932,
          29.862702
        ]
      },
      "properties": {
        "name": "US-90 @ San Jacinto River",
        "roadway": "US-90",
        "location": "San Jacinto River",
        "direction": "South",
        "image": "https://www.houstontranstar.org/snapshots/cctv/10003.jpg",
        "monitor": "0",
        "validimg": "True",
        "frameCount": "1",
        "framePauseMs": "0",
        "page": "https://traffic.houstontranstar.org/cctv/transtar/camera.aspx?cam=10003"
      }
    },
    {
      "type": "Feature",
      "geometry": {
        "type": "Point",
        "coordinates": [
          -95.068035,
          29.879806
        ]
      },
      "properties": {
        "name": "US-90 @ FM-1942",
        "roadway": "US-90",
        "location": "FM-1942",
        "direction": "South",
        "image": "https://www.houstontranstar.org/snapshots/cctv/10004.jpg",
        "monitor": "0",
        "validimg": "True",
        "frameCount": "1",
        "framePauseMs": "0",
        "page": "https://traffic.houstontranstar.org/cctv/transtar/camera.aspx?cam=10004"
      }
    },
    {
      "type": "Feature",
      "geometry": {
        "type": "Point",
        "coordinates": [
          -95.04845,
          29.909497
        ]
      },
      "properties": {
        "name": "US-90 @ Runneburg Rd",
        "roadway": "US-90",
        "location": "Runneburg Rd",
        "direction": "South",
        "image": "https://www.houstontranstar.org/snapshots/cctv/10005.jpg",
        "monitor": "0",
        "validimg": "True",
        "frameCount": "1",
        "framePauseMs": "0",
        "page": "https://traffic.houstontranstar.org/cctv/transtar/camera.aspx?cam=10005"
      }
    },
    {
      "type": "Feature",
      "geometry": {
        "type": "Point",
        "coordinates": [
          -95.025899,
          29.940959
        ]
      },
      "properties": {
        "name": "US-90 @ Janacek Rd",
        "roadway": "US-90",
        "location": "Janacek Rd",
        "direction": "South",
        "image": "https://www.houstontranstar.org/snapshots/cctv/10006.jpg",
        "monitor": "0",
        "validimg": "True",
        "frameCount": "1",
        "framePauseMs": "0",
        "page": "https://traffic.houstontranstar.org/cctv/transtar/camera.aspx?cam=10006"
      }
    },
    {
      "type": "Feature",
      "geometry": {
        "type": "Point",
        "coordinates": [
          -94.985728,
          29.972246
        ]
      },
      "properties": {
        "name": "US-90 @ Liberty County Line",
        "roadway": "US-90",
        "location": "Liberty County Line",
        "direction": "South",
        "image": "https://www.houstontranstar.org/snapshots/cctv/10007.jpg",
        "monitor": "0",
        "validimg": "True",
        "frameCount": "1",
        "framePauseMs": "0",
        "page": "https://traffic.houstontranstar.org/cctv/transtar/camera.aspx?cam=10007"
      }
    },
    {
      "type": "Feature",
      "geometry": {
        "type": "Point",
        "coordinates": [
          -95.450946,
          29.802276
        ]
      },
      "properties": {
        "name": "290 NORTHWEST @ WEST LOOP",
        "roadway": "US-290 Northwest",
        "location": "WEST LOOP",
        "direction": "South",
        "image": "https://www.houstontranstar.org/snapshots/cctv/401.jpg",
        "monitor": "0",
        "validimg": "True",
        "frameCount": "6",
        "framePauseMs": "300",
        "page": "https://traffic.houstontranstar.org/cctv/transtar/camera.aspx?cam=401"
      }
    },
    {
      "type": "Feature",
      "geometry": {
        "type": "Point",
        "coordinates": [
          -95.458327,
          29.809572
        ]
      },
      "properties": {
        "name": "290 NORTHWEST @ MANGUM",
        "roadway": "US-290 Northwest",
        "location": "MANGUM",
        "direction": "South",
        "image": "https://www.houstontranstar.org/snapshots/cctv/402.jpg",
        "monitor": "0",
        "validimg": "True",
        "frameCount": "1",
        "framePauseMs": "0",
        "page": "https://traffic.houstontranstar.org/cctv/transtar/camera.aspx?cam=402"
      }
    },
    {
      "type": "Feature",
      "geometry": {
        "type": "Point",
        "coordinates": [
          -95.483103,
          29.832602
        ]
      },
      "properties": {
        "name": "290 NORTHWEST @ 43RD",
        "roadway": "US-290 Northwest",
        "location": "43RD",
        "direction": "None",
        "image": "https://www.houstontranstar.org/snapshots/cctv/405.jpg",
        "monitor": "0",
        "validimg": "True",
        "frameCount": "1",
        "framePauseMs": "0",
        "page": "https://traffic.houstontranstar.org/cctv/transtar/camera.aspx?cam=405"
      }
    },
    {
      "type": "Feature",
      "geometry": {
        "type": "Point",
        "coordinates": [
          -95.49365,
          29.841993
        ]
      },
      "properties": {
        "name": "290 NORTHWEST @ PINEMONT",
        "roadway": "US-290 Northwest",
        "location": "PINEMONT",
        "direction": "South",
        "image": "https://www.houstontranstar.org/snapshots/cctv/407.jpg",
        "monitor": "0",
        "validimg": "True",
        "frameCount": "1",
        "framePauseMs": "0",
        "page": "https://traffic.houstontranstar.org/cctv/transtar/camera.aspx?cam=407"
      }
    },
    {
      "type": "Feature",
      "geometry": {
        "type": "Point",
        "coordinates": [
          -95.510636,
          29.851623
        ]
      },
      "properties": {
        "name": "290 NORTHWEST @ TIDWELL",
        "roadway": "US-290 Northwest",
        "location": "TIDWELL",
        "direction": "South",
        "image": "https://www.houstontranstar.org/snapshots/cctv/409.jpg",
        "monitor": "0",
        "validimg": "True",
        "frameCount": "1",
        "framePauseMs": "0",
        "page": "https://traffic.houstontranstar.org/cctv/transtar/camera.aspx?cam=409"
      }
    },
    {
      "type": "Feature",
      "geometry": {
        "type": "Point",
        "coordinates": [
          -95.524994,
          29.859779
        ]
      },
      "properties": {
        "name": "290 NORTHWEST @ FAIRBANKS",
        "roadway": "US-290 Northwest",
        "location": "FAIRBANKS",
        "direction": "South",
        "image": "https://www.houstontranstar.org/snapshots/cctv/411.jpg",
        "monitor": "0",
        "validimg": "True",
        "frameCount": "1",
        "framePauseMs": "0",
        "page": "https://traffic.houstontranstar.org/cctv/transtar/camera.aspx?cam=411"
      }
    },
    {
      "type": "Feature",
      "geometry": {
        "type": "Point",
        "coordinates": [
          -95.541564,
          29.867127
        ]
      },
      "properties": {
        "name": "290 NORTHWEST @ GESSNER",
        "roadway": "US-290 Northwest",
        "location": "GESSNER",
        "direction": "South",
        "image": "https://www.houstontranstar.org/snapshots/cctv/413.jpg",
        "monitor": "0",
        "validimg": "True",
        "frameCount": "1",
        "framePauseMs": "0",
        "page": "https://traffic.houstontranstar.org/cctv/transtar/camera.aspx?cam=413"
      }
    },
    {
      "type": "Feature",
      "geometry": {
        "type": "Point",
        "coordinates": [
          -95.549373,
          29.870406
        ]
      },
      "properties": {
        "name": "290 NORTHWEST @ LITTLE YORK",
        "roadway": "US-290 Northwest",
        "location": "LITTLE YORK",
        "direction": "South",
        "image": "https://www.houstontranstar.org/snapshots/cctv/415.jpg",
        "monitor": "0",
        "validimg": "False",
        "frameCount": "1",
        "framePauseMs": "0",
        "page": "https://traffic.houstontranstar.org/cctv/transtar/camera.aspx?cam=415"
      }
    },
    {
      "type": "Feature",
      "geometry": {
        "type": "Point",
        "coordinates": [
          -95.562862,
          29.877003
        ]
      },
      "properties": {
        "name": "290 NORTHWEST @ SENATE",
        "roadway": "US-290 Northwest",
        "location": "SENATE",
        "direction": "South",
        "image": "https://www.houstontranstar.org/snapshots/cctv/416.jpg",
        "monitor": "0",
        "validimg": "True",
        "frameCount": "1",
        "framePauseMs": "0",
        "page": "https://traffic.houstontranstar.org/cctv/transtar/camera.aspx?cam=416"
      }
    },
    {
      "type": "Feature",
      "geometry": {
        "type": "Point",
        "coordinates": [
          -95.571894,
          29.881825
        ]
      },
      "properties": {
        "name": "290 NORTHWEST @ FM 529",
        "roadway": "US-290 Northwest",
        "location": "FM 529",
        "direction": "North",
        "image": "https://www.houstontranstar.org/snapshots/cctv/417.jpg",
        "monitor": "0",
        "validimg": "False",
        "frameCount": "6",
        "framePauseMs": "300",
        "page": "https://traffic.houstontranstar.org/cctv/transtar/camera.aspx?cam=417"
      }
    },
    {
      "type": "Feature",
      "geometry": {
        "type": "Point",
        "coordinates": [
          -95.58441,
          29.890633
        ]
      },
      "properties": {
        "name": "290 NORTHWEST @ JONES",
        "roadway": "US-290 Northwest",
        "location": "JONES",
        "direction": "North",
        "image": "https://www.houstontranstar.org/snapshots/cctv/418.jpg",
        "monitor": "0",
        "validimg": "True",
        "frameCount": "1",
        "framePauseMs": "0",
        "page": "https://traffic.houstontranstar.org/cctv/transtar/camera.aspx?cam=418"
      }
    },
    {
      "type": "Feature",
      "geometry": {
        "type": "Point",
        "coordinates": [
          -95.596122,
          29.898856
        ]
      },
      "properties": {
        "name": "290 NORTHWEST @ WEST",
        "roadway": "US-290 Northwest",
        "location": "WEST",
        "direction": "North",
        "image": "https://www.houstontranstar.org/snapshots/cctv/419.jpg",
        "monitor": "0",
        "validimg": "True",
        "frameCount": "1",
        "framePauseMs": "0",
        "page": "https://traffic.houstontranstar.org/cctv/transtar/camera.aspx?cam=419"
      }
    },
    {
      "type": "Feature",
      "geometry": {
        "type": "Point",
        "coordinates": [
          -95.615391,
          29.916216
        ]
      },
      "properties": {
        "name": "290 NORTHWEST @ FM 1960",
        "roadway": "US-290 Northwest",
        "location": "FM 1960",
        "direction": "North",
        "image": "https://www.houstontranstar.org/snapshots/cctv/422.jpg",
        "monitor": "0",
        "validimg": "True",
        "frameCount": "1",
        "framePauseMs": "0",
        "page": "https://traffic.houstontranstar.org/cctv/transtar/camera.aspx?cam=422"
      }
    },
    {
      "type": "Feature",
      "geometry": {
        "type": "Point",
        "coordinates": [
          -95.627894,
          29.923603
        ]
      },
      "properties": {
        "name": "290 NORTHWEST @ HUFFMEISTER",
        "roadway": "US-290 Northwest",
        "location": "HUFFMEISTER",
        "direction": "North",
        "image": "https://www.houstontranstar.org/snapshots/cctv/423.jpg",
        "monitor": "0",
        "validimg": "True",
        "frameCount": "1",
        "framePauseMs": "0",
        "page": "https://traffic.houstontranstar.org/cctv/transtar/camera.aspx?cam=423"
      }
    },
    {
      "type": "Feature",
      "geometry": {
        "type": "Point",
        "coordinates": [
          -95.63302,
          29.9239
        ]
      },
      "properties": {
        "name": "290 NORTHWEST @ HUFFMEISTER (W)",
        "roadway": "US-290 Northwest",
        "location": "HUFFMEISTER (W)",
        "direction": "South",
        "image": "https://www.houstontranstar.org/snapshots/cctv/424.jpg",
        "monitor": "0",
        "validimg": "False",
        "frameCount": "1",
        "framePauseMs": "0",
        "page": "https://traffic.houstontranstar.org/cctv/transtar/camera.aspx?cam=424"
      }
    },
    {
      "type": "Feature",
      "geometry": {
        "type": "Point",
        "coordinates": [
          -95.6502,
          29.9361
        ]
      },
      "properties": {
        "name": "290 NORTHWEST @ TELGE",
        "roadway": "US-290 Northwest",
        "location": "TELGE",
        "direction": "South",
        "image": "https://www.houstontranstar.org/snapshots/cctv/425.jpg",
        "monitor": "0",
        "validimg": "True",
        "frameCount": "6",
        "framePauseMs": "300",
        "page": "https://traffic.houstontranstar.org/cctv/transtar/camera.aspx?cam=425"
      }
    },
    {
      "type": "Feature",
      "geometry": {
        "type": "Point",
        "coordinates": [
          -95.6734,
          29.9539
        ]
      },
      "properties": {
        "name": "290 NORTHWEST @ BARKER CYPRESS",
        "roadway": "US-290 Northwest",
        "location": "BARKER CYPRESS",
        "direction": "North",
        "image": "https://www.houstontranstar.org/snapshots/cctv/426.jpg",
        "monitor": "0",
        "validimg": "True",
        "frameCount": "6",
        "framePauseMs": "300",
        "page": "https://traffic.houstontranstar.org/cctv/transtar/camera.aspx?cam=426"
      }
    },
    {
      "type": "Feature",
      "geometry": {
        "type": "Point",
        "coordinates": [
          -95.6874,
          29.9621
        ]
      },
      "properties": {
        "name": "290 NORTHWEST @ SKINNER",
        "roadway": "US-290 Northwest",
        "location": "SKINNER",
        "direction": "South",
        "image": "https://www.houstontranstar.org/snapshots/cctv/427.jpg",
        "monitor": "0",
        "validimg": "True",
        "frameCount": "1",
        "framePauseMs": "0",
        "page": "https://traffic.houstontranstar.org/cctv/transtar/camera.aspx?cam=427"
      }
    },
    {
      "type": "Feature",
      "geometry": {
        "type": "Point",
        "coordinates": [
          -95.6936,
          29.9719
        ]
      },
      "properties": {
        "name": "290 NORTHWEST @ SPRING CYPRESS",
        "roadway": "US-290 Northwest",
        "location": "SPRING CYPRESS",
        "direction": "North",
        "image": "https://www.houstontranstar.org/snapshots/cctv/428.jpg",
        "monitor": "0",
        "validimg": "True",
        "frameCount": "1",
        "framePauseMs": "0",
        "page": "https://traffic.houstontranstar.org/cctv/transtar/camera.aspx?cam=428"
      }
    },
    {
      "type": "Feature",
      "geometry": {
        "type": "Point",
        "coordinates": [
          -95.70008,
          29.9731
        ]
      },
      "properties": {
        "name": "290 NORTHWEST @ CYPRESS ROSEHILL",
        "roadway": "US-290 Northwest",
        "location": "CYPRESS ROSEHILL",
        "direction": "South",
        "image": "https://www.houstontranstar.org/snapshots/cctv/429.jpg",
        "monitor": "0",
        "validimg": "True",
        "frameCount": "1",
        "framePauseMs": "0",
        "page": "https://traffic.houstontranstar.org/cctv/transtar/camera.aspx?cam=429"
      }
    },
    {
      "type": "Feature",
      "geometry": {
        "type": "Point",
        "coordinates": [
          -95.710751,
          29.977118
        ]
      },
      "properties": {
        "name": "290 NORTHWEST @ MUESCHKE (E)",
        "roadway": "US-290 Northwest",
        "location": "MUESCHKE (E)",
        "direction": "North",
        "image": "https://www.houstontranstar.org/snapshots/cctv/430.jpg",
        "monitor": "0",
        "validimg": "True",
        "frameCount": "1",
        "framePauseMs": "0",
        "page": "https://traffic.houstontranstar.org/cctv/transtar/camera.aspx?cam=430"
      }
    },
    {
      "type": "Feature",
      "geometry": {
        "type": "Point",
        "coordinates": [
          -95.7166,
          29.9795
        ]
      },
      "properties": {
        "name": "290 NORTHWEST @ MUESCHKE",
        "roadway": "US-290 Northwest",
        "location": "MUESCHKE",
        "direction": "North",
        "image": "https://www.houstontranstar.org/snapshots/cctv/431.jpg",
        "monitor": "0",
        "validimg": "False",
        "frameCount": "1",
        "framePauseMs": "0",
        "page": "https://traffic.houstontranstar.org/cctv/transtar/camera.aspx?cam=431"
      }
    },
    {
      "type": "Feature",
      "geometry": {
        "type": "Point",
        "coordinates": [
          -95.779311,
          30.00349
        ]
      },
      "properties": {
        "name": "290 NORTHWEST @ BAUER",
        "roadway": "US-290 Northwest",
        "location": "BAUER",
        "direction": "South",
        "image": "https://www.houstontranstar.org/snapshots/cctv/4440.jpg",
        "monitor": "0",
        "validimg": "True",
        "frameCount": "1",
        "framePauseMs": "0",
        "page": "https://traffic.houstontranstar.org/cctv/transtar/camera.aspx?cam=4440"
      }
    },
    {
      "type": "Feature",
      "geometry": {
        "type": "Point",
        "coordinates": [
          -95.81406,
          30.01644
        ]
      },
      "properties": {
        "name": "290 NORTHWEST @ ROBERTS",
        "roadway": "US-290 Northwest",
        "location": "ROBERTS",
        "direction": "South",
        "image": "https://www.houstontranstar.org/snapshots/cctv/4441.jpg",
        "monitor": "0",
        "validimg": "True",
        "frameCount": "1",
        "framePauseMs": "0",
        "page": "https://traffic.houstontranstar.org/cctv/transtar/camera.aspx?cam=4441"
      }
    },
    {
      "type": "Feature",
      "geometry": {
        "type": "Point",
        "coordinates": [
          -95.86869,
          30.044529
        ]
      },
      "properties": {
        "name": "290 NORTHWEST @ KICKAPOO",
        "roadway": "US-290 Northwest",
        "location": "KICKAPOO",
        "direction": "None",
        "image": "https://www.houstontranstar.org/snapshots/cctv/4450.jpg",
        "monitor": "0",
        "validimg": "True",
        "frameCount": "1",
        "framePauseMs": "0",
        "page": "https://traffic.houstontranstar.org/cctv/transtar/camera.aspx?cam=4450"
      }
    },
    {
      "type": "Feature",
      "geometry": {
        "type": "Point",
        "coordinates": [
          -95.907557,
          30.063404
        ]
      },
      "properties": {
        "name": "290 NORTHWEST @ FM-2920",
        "roadway": "US-290 Northwest",
        "location": "FM-2920",
        "direction": "North",
        "image": "https://www.houstontranstar.org/snapshots/cctv/4451.jpg",
        "monitor": "0",
        "validimg": "False",
        "frameCount": "1",
        "framePauseMs": "0",
        "page": "https://traffic.houstontranstar.org/cctv/transtar/camera.aspx?cam=4451"
      }
    },
    {
      "type": "Feature",
      "geometry": {
        "type": "Point",
        "coordinates": [
          -95.9407,
          30.071456
        ]
      },
      "properties": {
        "name": "290 NORTHWEST @ FM-362",
        "roadway": "US-290 Northwest",
        "location": "FM-362",
        "direction": "North",
        "image": "https://www.houstontranstar.org/snapshots/cctv/4460.jpg",
        "monitor": "0",
        "validimg": "True",
        "frameCount": "1",
        "framePauseMs": "0",
        "page": "https://traffic.houstontranstar.org/cctv/transtar/camera.aspx?cam=4460"
      }
    },
    {
      "type": "Feature",
      "geometry": {
        "type": "Point",
        "coordinates": [
          -95.99207,
          30.080179
        ]
      },
      "properties": {
        "name": "290 NORTHWEST @ FM-1098",
        "roadway": "US-290 Northwest",
        "location": "FM-1098",
        "direction": "None",
        "image": "https://www.houstontranstar.org/snapshots/cctv/4470.jpg",
        "monitor": "0",
        "validimg": "True",
        "frameCount": "1",
        "framePauseMs": "0",
        "page": "https://traffic.houstontranstar.org/cctv/transtar/camera.aspx?cam=4470"
      }
    },
    {
      "type": "Feature",
      "geometry": {
        "type": "Point",
        "coordinates": [
          -96.046155,
          30.106234
        ]
      },
      "properties": {
        "name": "290 NORTHWEST @ FM-1488",
        "roadway": "US-290 Northwest",
        "location": "FM-1488",
        "direction": "North",
        "image": "https://www.houstontranstar.org/snapshots/cctv/4471.jpg",
        "monitor": "0",
        "validimg": "True",
        "frameCount": "1",
        "framePauseMs": "0",
        "page": "https://traffic.houstontranstar.org/cctv/transtar/camera.aspx?cam=4471"
      }
    },
    {
      "type": "Feature",
      "geometry": {
        "type": "Point",
        "coordinates": [
          -96.07835,
          30.114677
        ]
      },
      "properties": {
        "name": "290 NORTHWEST @ SH-6N",
        "roadway": "US-290 Northwest",
        "location": "SH-6N",
        "direction": "South",
        "image": "https://www.houstontranstar.org/snapshots/cctv/4480.jpg",
        "monitor": "0",
        "validimg": "True",
        "frameCount": "1",
        "framePauseMs": "0",
        "page": "https://traffic.houstontranstar.org/cctv/transtar/camera.aspx?cam=4480"
      }
    },
    {
      "type": "Feature",
      "geometry": {
        "type": "Point",
        "coordinates": [
          -96.075162,
          30.120126
        ]
      },
      "properties": {
        "name": "290 NORTHWEST @ WENDT RD",
        "roadway": "US-290 Northwest",
        "location": "WENDT RD",
        "direction": "West",
        "image": "https://www.houstontranstar.org/snapshots/cctv/4490.jpg",
        "monitor": "0",
        "validimg": "True",
        "frameCount": "1",
        "framePauseMs": "0",
        "page": "https://traffic.houstontranstar.org/cctv/transtar/camera.aspx?cam=4490"
      }
    },
    {
      "type": "Feature",
      "geometry": {
        "type": "Point",
        "coordinates": [
          -94.99503,
          29.71391
        ]
      },
      "properties": {
        "name": "B.S. 146 SB @ WYOMING",
        "roadway": "SH-146",
        "location": "Wyoming",
        "direction": "West",
        "image": "https://www.houstontranstar.org/snapshots/cctv/1301.jpg",
        "monitor": "0",
        "validimg": "True",
        "frameCount": "1",
        "framePauseMs": "0",
        "page": "https://traffic.houstontranstar.org/cctv/transtar/camera.aspx?cam=1301"
      }
    },
    {
      "type": "Feature",
      "geometry": {
        "type": "Point",
        "coordinates": [
          -94.98675,
          29.74651
        ]
      },
      "properties": {
        "name": "146 @ Spur 330",
        "roadway": "SH-146",
        "location": "Spur-330",
        "direction": "West",
        "image": "https://www.houstontranstar.org/snapshots/cctv/1302.jpg",
        "monitor": "0",
        "validimg": "True",
        "frameCount": "1",
        "framePauseMs": "0",
        "page": "https://traffic.houstontranstar.org/cctv/transtar/camera.aspx?cam=1302"
      }
    },
    {
      "type": "Feature",
      "geometry": {
        "type": "Point",
        "coordinates": [
          -94.99069,
          29.74086
        ]
      },
      "properties": {
        "name": "146 @ Texas",
        "roadway": "SH-146",
        "location": "Texas",
        "direction": "West",
        "image": "https://www.houstontranstar.org/snapshots/cctv/1303.jpg",
        "monitor": "0",
        "validimg": "True",
        "frameCount": "1",
        "framePauseMs": "0",
        "page": "https://traffic.houstontranstar.org/cctv/transtar/camera.aspx?cam=1303"
      }
    },
    {
      "type": "Feature",
      "geometry": {
        "type": "Point",
        "coordinates": [
          -94.99453,
          29.73205
        ]
      },
      "properties": {
        "name": "146 @ J.B Lefevre",
        "roadway": "SH-146",
        "location": "J.B Lefevre",
        "direction": "West",
        "image": "https://www.houstontranstar.org/snapshots/cctv/1304.jpg",
        "monitor": "0",
        "validimg": "True",
        "frameCount": "1",
        "framePauseMs": "0",
        "page": "https://traffic.houstontranstar.org/cctv/transtar/camera.aspx?cam=1304"
      }
    },
    {
      "type": "Feature",
      "geometry": {
        "type": "Point",
        "coordinates": [
          -94.99344,
          29.72062
        ]
      },
      "properties": {
        "name": "146 @ Main (S)",
        "roadway": "SH-146",
        "location": "Main (S)",
        "direction": "East",
        "image": "https://www.houstontranstar.org/snapshots/cctv/1306.jpg",
        "monitor": "0",
        "validimg": "True",
        "frameCount": "1",
        "framePauseMs": "0",
        "page": "https://traffic.houstontranstar.org/cctv/transtar/camera.aspx?cam=1306"
      }
    },
    {
      "type": "Feature",
      "geometry": {
        "type": "Point",
        "coordinates": [
          -94.99784,
          29.71696
        ]
      },
      "properties": {
        "name": "146 SB @ MISSOURI",
        "roadway": "SH-146",
        "location": "Missouri",
        "direction": "West",
        "image": "https://www.houstontranstar.org/snapshots/cctv/1307.jpg",
        "monitor": "0",
        "validimg": "True",
        "frameCount": "1",
        "framePauseMs": "0",
        "page": "https://traffic.houstontranstar.org/cctv/transtar/camera.aspx?cam=1307"
      }
    },
    {
      "type": "Feature",
      "geometry": {
        "type": "Point",
        "coordinates": [
          -95.00876,
          29.70963
        ]
      },
      "properties": {
        "name": "146 NB @ FRED HARTMAN (NORTH)",
        "roadway": "SH-146",
        "location": "Fred Hartman Bridge North",
        "direction": "East",
        "image": "https://www.houstontranstar.org/snapshots/cctv/1308.jpg",
        "monitor": "0",
        "validimg": "True",
        "frameCount": "6",
        "framePauseMs": "300",
        "page": "https://traffic.houstontranstar.org/cctv/transtar/camera.aspx?cam=1308"
      }
    },
    {
      "type": "Feature",
      "geometry": {
        "type": "Point",
        "coordinates": [
          -95.02999,
          29.69254
        ]
      },
      "properties": {
        "name": "146 SB @ 225 (N)",
        "roadway": "SH-146",
        "location": "SH-225 North",
        "direction": "West",
        "image": "https://www.houstontranstar.org/snapshots/cctv/1310.jpg",
        "monitor": "0",
        "validimg": "True",
        "frameCount": "1",
        "framePauseMs": "0",
        "page": "https://traffic.houstontranstar.org/cctv/transtar/camera.aspx?cam=1310"
      }
    },
    {
      "type": "Feature",
      "geometry": {
        "type": "Point",
        "coordinates": [
          -95.02992,
          29.67832
        ]
      },
      "properties": {
        "name": "146 NB @ 225 (S)",
        "roadway": "SH-146",
        "location": "SH-225 South",
        "direction": "East",
        "image": "https://www.houstontranstar.org/snapshots/cctv/1311.jpg",
        "monitor": "0",
        "validimg": "True",
        "frameCount": "1",
        "framePauseMs": "0",
        "page": "https://traffic.houstontranstar.org/cctv/transtar/camera.aspx?cam=1311"
      }
    },
    {
      "type": "Feature",
      "geometry": {
        "type": "Point",
        "coordinates": [
          -95.02921,
          29.67294
        ]
      },
      "properties": {
        "name": "146 NB @ BARBOURS CUT",
        "roadway": "SH-146",
        "location": "Barbours Cut",
        "direction": "East",
        "image": "https://www.houstontranstar.org/snapshots/cctv/1312.jpg",
        "monitor": "0",
        "validimg": "True",
        "frameCount": "1",
        "framePauseMs": "0",
        "page": "https://traffic.houstontranstar.org/cctv/transtar/camera.aspx?cam=1312"
      }
    },
    {
      "type": "Feature",
      "geometry": {
        "type": "Point",
        "coordinates": [
          -95.02871,
          29.66509
        ]
      },
      "properties": {
        "name": "146 NB @ W. MAIN",
        "roadway": "SH-146",
        "location": "West Main",
        "direction": "East",
        "image": "https://www.houstontranstar.org/snapshots/cctv/1313.jpg",
        "monitor": "0",
        "validimg": "True",
        "frameCount": "1",
        "framePauseMs": "0",
        "page": "https://traffic.houstontranstar.org/cctv/transtar/camera.aspx?cam=1313"
      }
    },
    {
      "type": "Feature",
      "geometry": {
        "type": "Point",
        "coordinates": [
          -95.0298,
          29.65217
        ]
      },
      "properties": {
        "name": "146 NB @ FAIRMONT PKWY",
        "roadway": "SH-146",
        "location": "Fairmont Parkway",
        "direction": "East",
        "image": "https://www.houstontranstar.org/snapshots/cctv/1314.jpg",
        "monitor": "0",
        "validimg": "True",
        "frameCount": "1",
        "framePauseMs": "0",
        "page": "https://traffic.houstontranstar.org/cctv/transtar/camera.aspx?cam=1314"
      }
    },
    {
      "type": "Feature",
      "geometry": {
        "type": "Point",
        "coordinates": [
          -95.0297,
          29.63664
        ]
      },
      "properties": {
        "name": "146 NB @ WHARTON WEEMS",
        "roadway": "SH-146",
        "location": "Wharton Weems",
        "direction": "East",
        "image": "https://www.houstontranstar.org/snapshots/cctv/1315.jpg",
        "monitor": "0",
        "validimg": "True",
        "frameCount": "1",
        "framePauseMs": "0",
        "page": "https://traffic.houstontranstar.org/cctv/transtar/camera.aspx?cam=1315"
      }
    },
    {
      "type": "Feature",
      "geometry": {
        "type": "Point",
        "coordinates": [
          -94.98631,
          29.74677
        ]
      },
      "properties": {
        "name": "SH 146 @ SPUR 330 E",
        "roadway": "SH-146",
        "location": "Spur-330",
        "direction": "West",
        "image": "https://www.houstontranstar.org/snapshots/cctv/1316.jpg",
        "monitor": "0",
        "validimg": "False",
        "frameCount": "1",
        "framePauseMs": "0",
        "page": "https://traffic.houstontranstar.org/cctv/transtar/camera.aspx?cam=1316"
      }
    },
    {
      "type": "Feature",
      "geometry": {
        "type": "Point",
        "coordinates": [
          -95.028668,
          29.588423
        ]
      },
      "properties": {
        "name": "SH-146 @ Red Bluff",
        "roadway": "SH-146",
        "location": "Red Bluff",
        "direction": "None",
        "image": "https://www.houstontranstar.org/snapshots/cctv/1317.jpg",
        "monitor": "0",
        "validimg": "True",
        "frameCount": "1",
        "framePauseMs": "0",
        "page": "https://traffic.houstontranstar.org/cctv/transtar/camera.aspx?cam=1317"
      }
    },
    {
      "type": "Feature",
      "geometry": {
        "type": "Point",
        "coordinates": [
          -95.027776,
          29.576232
        ]
      },
      "properties": {
        "name": "SH-146 @ Repsdorph WTI",
        "roadway": "SH-146",
        "location": "Repsdorph WTI",
        "direction": "None",
        "image": "https://www.houstontranstar.org/snapshots/cctv/1318.jpg",
        "monitor": "0",
        "validimg": "True",
        "frameCount": "1",
        "framePauseMs": "0",
        "page": "https://traffic.houstontranstar.org/cctv/transtar/camera.aspx?cam=1318"
      }
    },
    {
      "type": "Feature",
      "geometry": {
        "type": "Point",
        "coordinates": [
          -95.02745,
          29.572777
        ]
      },
      "properties": {
        "name": "SH-146 @ Hialeah Dr ",
        "roadway": "SH-146",
        "location": "Hialeah Dr",
        "direction": "None",
        "image": "https://www.houstontranstar.org/snapshots/cctv/1319.jpg",
        "monitor": "0",
        "validimg": "True",
        "frameCount": "1",
        "framePauseMs": "0",
        "page": "https://traffic.houstontranstar.org/cctv/transtar/camera.aspx?cam=1319"
      }
    },
    {
      "type": "Feature",
      "geometry": {
        "type": "Point",
        "coordinates": [
          -95.023666,
          29.551979
        ]
      },
      "properties": {
        "name": "SH-146 @ 10th St",
        "roadway": "SH-146",
        "location": "10th St",
        "direction": "None",
        "image": "https://www.houstontranstar.org/snapshots/cctv/1320.jpg",
        "monitor": "0",
        "validimg": "True",
        "frameCount": "1",
        "framePauseMs": "0",
        "page": "https://traffic.houstontranstar.org/cctv/transtar/camera.aspx?cam=1320"
      }
    },
    {
      "type": "Feature",
      "geometry": {
        "type": "Point",
        "coordinates": [
          -95.022265,
          29.545976
        ]
      },
      "properties": {
        "name": "SH-146 @ 4th St",
        "roadway": "SH-146",
        "location": "4th St",
        "direction": "None",
        "image": "https://www.houstontranstar.org/snapshots/cctv/1321.jpg",
        "monitor": "0",
        "validimg": "True",
        "frameCount": "1",
        "framePauseMs": "0",
        "page": "https://traffic.houstontranstar.org/cctv/transtar/camera.aspx?cam=1321"
      }
    },
    {
      "type": "Feature",
      "geometry": {
        "type": "Point",
        "coordinates": [
          -95.422798,
          29.898187
        ]
      },
      "properties": {
        "name": "SH-249 @ Deer Trail",
        "roadway": "SH-249",
        "location": "Deer Trail",
        "direction": "None",
        "image": "https://www.houstontranstar.org/snapshots/cctv/1401.jpg",
        "monitor": "0",
        "validimg": "True",
        "frameCount": "1",
        "framePauseMs": "0",
        "page": "https://traffic.houstontranstar.org/cctv/transtar/camera.aspx?cam=1401"
      }
    },
    {
      "type": "Feature",
      "geometry": {
        "type": "Point",
        "coordinates": [
          -95.429714,
          29.898139
        ]
      },
      "properties": {
        "name": "SH-249 @ Veterans Memorial",
        "roadway": "SH-249",
        "location": "Veterans Memorial",
        "direction": "None",
        "image": "https://www.houstontranstar.org/snapshots/cctv/1402.jpg",
        "monitor": "0",
        "validimg": "True",
        "frameCount": "1",
        "framePauseMs": "0",
        "page": "https://traffic.houstontranstar.org/cctv/transtar/camera.aspx?cam=1402"
      }
    },
    {
      "type": "Feature",
      "geometry": {
        "type": "Point",
        "coordinates": [
          -95.432412,
          29.897763
        ]
      },
      "properties": {
        "name": "SH-249 @ Ella Blvd",
        "roadway": "SH-249",
        "location": "Ella Blvd",
        "direction": "None",
        "image": "https://www.houstontranstar.org/snapshots/cctv/1403.jpg",
        "monitor": "0",
        "validimg": "True",
        "frameCount": "1",
        "framePauseMs": "0",
        "page": "https://traffic.houstontranstar.org/cctv/transtar/camera.aspx?cam=1403"
      }
    },
    {
      "type": "Feature",
      "geometry": {
        "type": "Point",
        "coordinates": [
          -95.443299,
          29.897947
        ]
      },
      "properties": {
        "name": "SH-249 @ Rosslyn Rd",
        "roadway": "SH-249",
        "location": "Rosslyn Rd",
        "direction": "None",
        "image": "https://www.houstontranstar.org/snapshots/cctv/1404.jpg",
        "monitor": "0",
        "validimg": "True",
        "frameCount": "1",
        "framePauseMs": "0",
        "page": "https://traffic.houstontranstar.org/cctv/transtar/camera.aspx?cam=1404"
      }
    },
    {
      "type": "Feature",
      "geometry": {
        "type": "Point",
        "coordinates": [
          -95.457761,
          29.897752
        ]
      },
      "properties": {
        "name": "SH-249 @ TC Jester",
        "roadway": "SH-249",
        "location": "TC Jester",
        "direction": "None",
        "image": "https://www.houstontranstar.org/snapshots/cctv/1405.jpg",
        "monitor": "0",
        "validimg": "True",
        "frameCount": "1",
        "framePauseMs": "0",
        "page": "https://traffic.houstontranstar.org/cctv/transtar/camera.aspx?cam=1405"
      }
    },
    {
      "type": "Feature",
      "geometry": {
        "type": "Point",
        "coordinates": [
          -95.461491,
          29.897627
        ]
      },
      "properties": {
        "name": "SH-249 @ TC Jester (W)",
        "roadway": "SH-249",
        "location": "TC Jester (W)",
        "direction": "None",
        "image": "https://www.houstontranstar.org/snapshots/cctv/1406.jpg",
        "monitor": "0",
        "validimg": "False",
        "frameCount": "1",
        "framePauseMs": "0",
        "page": "https://traffic.houstontranstar.org/cctv/transtar/camera.aspx?cam=1406"
      }
    },
    {
      "type": "Feature",
      "geometry": {
        "type": "Point",
        "coordinates": [
          -95.463907,
          29.89914
        ]
      },
      "properties": {
        "name": "SH-249 @ Breen Dr",
        "roadway": "SH-249",
        "location": "Breen Dr",
        "direction": "None",
        "image": "https://www.houstontranstar.org/snapshots/cctv/1407.jpg",
        "monitor": "0",
        "validimg": "True",
        "frameCount": "1",
        "framePauseMs": "0",
        "page": "https://traffic.houstontranstar.org/cctv/transtar/camera.aspx?cam=1407"
      }
    },
    {
      "type": "Feature",
      "geometry": {
        "type": "Point",
        "coordinates": [
          -95.46581,
          29.901743
        ]
      },
      "properties": {
        "name": "SH-249 @ Upland Willow Ave",
        "roadway": "SH-249",
        "location": "Upland Willow Ave",
        "direction": "None",
        "image": "https://www.houstontranstar.org/snapshots/cctv/1408.jpg",
        "monitor": "0",
        "validimg": "True",
        "frameCount": "1",
        "framePauseMs": "0",
        "page": "https://traffic.houstontranstar.org/cctv/transtar/camera.aspx?cam=1408"
      }
    },
    {
      "type": "Feature",
      "geometry": {
        "type": "Point",
        "coordinates": [
          -95.469689,
          29.904871
        ]
      },
      "properties": {
        "name": "SH-249 @ Old Foltin Dr",
        "roadway": "SH-249",
        "location": "Old Foltin Dr",
        "direction": "None",
        "image": "https://www.houstontranstar.org/snapshots/cctv/1409.jpg",
        "monitor": "0",
        "validimg": "True",
        "frameCount": "1",
        "framePauseMs": "0",
        "page": "https://traffic.houstontranstar.org/cctv/transtar/camera.aspx?cam=1409"
      }
    },
    {
      "type": "Feature",
      "geometry": {
        "type": "Point",
        "coordinates": [
          -95.480167,
          29.91153
        ]
      },
      "properties": {
        "name": "SH-249 @ Antoine",
        "roadway": "SH-249",
        "location": "Antoine",
        "direction": "None",
        "image": "https://www.houstontranstar.org/snapshots/cctv/1410.jpg",
        "monitor": "0",
        "validimg": "True",
        "frameCount": "1",
        "framePauseMs": "0",
        "page": "https://traffic.houstontranstar.org/cctv/transtar/camera.aspx?cam=1410"
      }
    },
    {
      "type": "Feature",
      "geometry": {
        "type": "Point",
        "coordinates": [
          -95.494043,
          29.920237
        ]
      },
      "properties": {
        "name": "SH-249 @ Bammel N Houston",
        "roadway": "SH-249",
        "location": "Bammel N Houston",
        "direction": "None",
        "image": "https://www.houstontranstar.org/snapshots/cctv/1411.jpg",
        "monitor": "0",
        "validimg": "True",
        "frameCount": "1",
        "framePauseMs": "0",
        "page": "https://traffic.houstontranstar.org/cctv/transtar/camera.aspx?cam=1411"
      }
    },
    {
      "type": "Feature",
      "geometry": {
        "type": "Point",
        "coordinates": [
          -95.500318,
          29.924943
        ]
      },
      "properties": {
        "name": "SH-249 @ Fallbrook Dr",
        "roadway": "SH-249",
        "location": "Fallbrook Dr",
        "direction": "None",
        "image": "https://www.houstontranstar.org/snapshots/cctv/1412.jpg",
        "monitor": "0",
        "validimg": "True",
        "frameCount": "1",
        "framePauseMs": "0",
        "page": "https://traffic.houstontranstar.org/cctv/transtar/camera.aspx?cam=1412"
      }
    },
    {
      "type": "Feature",
      "geometry": {
        "type": "Point",
        "coordinates": [
          -95.508841,
          29.931059
        ]
      },
      "properties": {
        "name": "SH-249 @ Hollister",
        "roadway": "SH-249",
        "location": "Hollister",
        "direction": "None",
        "image": "https://www.houstontranstar.org/snapshots/cctv/1413.jpg",
        "monitor": "0",
        "validimg": "False",
        "frameCount": "1",
        "framePauseMs": "0",
        "page": "https://traffic.houstontranstar.org/cctv/transtar/camera.aspx?cam=1413"
      }
    },
    {
      "type": "Feature",
      "geometry": {
        "type": "Point",
        "coordinates": [
          -95.51544,
          29.9361
        ]
      },
      "properties": {
        "name": "SH-249 @ BW 8 (S)",
        "roadway": "SH-249",
        "location": "Beltway 8 (S)",
        "direction": "West",
        "image": "https://www.houstontranstar.org/snapshots/cctv/1414.jpg",
        "monitor": "0",
        "validimg": "True",
        "frameCount": "1",
        "framePauseMs": "0",
        "page": "https://traffic.houstontranstar.org/cctv/transtar/camera.aspx?cam=1414"
      }
    },
    {
      "type": "Feature",
      "geometry": {
        "type": "Point",
        "coordinates": [
          -95.51729,
          29.93805
        ]
      },
      "properties": {
        "name": "SH 249 Tomball Pkwy Northbound @ BW 8",
        "roadway": "SH-249",
        "location": "Beltway 8",
        "direction": "East",
        "image": "https://www.houstontranstar.org/snapshots/cctv/1415.jpg",
        "monitor": "0",
        "validimg": "True",
        "frameCount": "1",
        "framePauseMs": "0",
        "page": "https://traffic.houstontranstar.org/cctv/transtar/camera.aspx?cam=1415"
      }
    },
    {
      "type": "Feature",
      "geometry": {
        "type": "Point",
        "coordinates": [
          -95.52457,
          29.94303
        ]
      },
      "properties": {
        "name": "SH 249 Tomball Pkwy Southbound @ BW 8(N)",
        "roadway": "SH-249",
        "location": "Beltway 8 (N)",
        "direction": "West",
        "image": "https://www.houstontranstar.org/snapshots/cctv/1416.jpg",
        "monitor": "0",
        "validimg": "True",
        "frameCount": "1",
        "framePauseMs": "0",
        "page": "https://traffic.houstontranstar.org/cctv/transtar/camera.aspx?cam=1416"
      }
    },
    {
      "type": "Feature",
      "geometry": {
        "type": "Point",
        "coordinates": [
          -95.52991,
          29.94793
        ]
      },
      "properties": {
        "name": "SH 249 Tomball Pkwy Northbound before Mills",
        "roadway": "SH-249",
        "location": "Greens (S)",
        "direction": "East",
        "image": "https://www.houstontranstar.org/snapshots/cctv/1417.jpg",
        "monitor": "0",
        "validimg": "True",
        "frameCount": "1",
        "framePauseMs": "0",
        "page": "https://traffic.houstontranstar.org/cctv/transtar/camera.aspx?cam=1417"
      }
    },
    {
      "type": "Feature",
      "geometry": {
        "type": "Point",
        "coordinates": [
          -95.5377,
          29.9535
        ]
      },
      "properties": {
        "name": "SH 249 Tomball Pkwy Northbound @ Greens",
        "roadway": "SH-249",
        "location": "Greens",
        "direction": "East",
        "image": "https://www.houstontranstar.org/snapshots/cctv/1418.jpg",
        "monitor": "0",
        "validimg": "True",
        "frameCount": "1",
        "framePauseMs": "0",
        "page": "https://traffic.houstontranstar.org/cctv/transtar/camera.aspx?cam=1418"
      }
    },
    {
      "type": "Feature",
      "geometry": {
        "type": "Point",
        "coordinates": [
          -95.54281,
          29.95733
        ]
      },
      "properties": {
        "name": "SH 249 Tomball Pkwy Northbound @ Gessner",
        "roadway": "SH-249",
        "location": "Gessner",
        "direction": "East",
        "image": "https://www.houstontranstar.org/snapshots/cctv/1419.jpg",
        "monitor": "0",
        "validimg": "True",
        "frameCount": "1",
        "framePauseMs": "0",
        "page": "https://traffic.houstontranstar.org/cctv/transtar/camera.aspx?cam=1419"
      }
    },
    {
      "type": "Feature",
      "geometry": {
        "type": "Point",
        "coordinates": [
          -95.54763,
          29.96139
        ]
      },
      "properties": {
        "name": "SH 249 Tomball Pkwy Northbound @ FM 1960",
        "roadway": "SH-249",
        "location": "FM-1960",
        "direction": "East",
        "image": "https://www.houstontranstar.org/snapshots/cctv/1420.jpg",
        "monitor": "0",
        "validimg": "True",
        "frameCount": "1",
        "framePauseMs": "0",
        "page": "https://traffic.houstontranstar.org/cctv/transtar/camera.aspx?cam=1420"
      }
    },
    {
      "type": "Feature",
      "geometry": {
        "type": "Point",
        "coordinates": [
          -95.547061,
          29.96088
        ]
      },
      "properties": {
        "name": "FM-1960 @ SH-249",
        "roadway": "SH-249",
        "location": "FM-1960",
        "direction": "South",
        "image": "https://www.houstontranstar.org/snapshots/cctv/1421.jpg",
        "monitor": "0",
        "validimg": "True",
        "frameCount": "1",
        "framePauseMs": "0",
        "page": "https://traffic.houstontranstar.org/cctv/transtar/camera.aspx?cam=1421"
      }
    },
    {
      "type": "Feature",
      "geometry": {
        "type": "Point",
        "coordinates": [
          -95.54998,
          29.9584
        ]
      },
      "properties": {
        "name": "FM 1960 Eastbound before SH 249",
        "roadway": "SH-249",
        "location": "FM 1960 Eastbound before SH 249",
        "direction": "South",
        "image": "https://www.houstontranstar.org/snapshots/cctv/1422.jpg",
        "monitor": "0",
        "validimg": "True",
        "frameCount": "1",
        "framePauseMs": "0",
        "page": "https://traffic.houstontranstar.org/cctv/transtar/camera.aspx?cam=1422"
      }
    },
    {
      "type": "Feature",
      "geometry": {
        "type": "Point",
        "coordinates": [
          -95.55696,
          29.96733
        ]
      },
      "properties": {
        "name": "SH 249 Tomball Pkwy Southbound @ Grant",
        "roadway": "SH-249",
        "location": "Grant",
        "direction": "West",
        "image": "https://www.houstontranstar.org/snapshots/cctv/1423.jpg",
        "monitor": "0",
        "validimg": "True",
        "frameCount": "1",
        "framePauseMs": "0",
        "page": "https://traffic.houstontranstar.org/cctv/transtar/camera.aspx?cam=1423"
      }
    },
    {
      "type": "Feature",
      "geometry": {
        "type": "Point",
        "coordinates": [
          -95.5623,
          29.97147
        ]
      },
      "properties": {
        "name": "SH 249 Tomball Pkwy Southbound @ Perry (S)",
        "roadway": "SH-249",
        "location": "Perry (S)",
        "direction": "West",
        "image": "https://www.houstontranstar.org/snapshots/cctv/1424.jpg",
        "monitor": "0",
        "validimg": "True",
        "frameCount": "1",
        "framePauseMs": "0",
        "page": "https://traffic.houstontranstar.org/cctv/transtar/camera.aspx?cam=1424"
      }
    },
    {
      "type": "Feature",
      "geometry": {
        "type": "Point",
        "coordinates": [
          -95.56322,
          29.97378
        ]
      },
      "properties": {
        "name": "SH 249 Tomball Pkwy Northbound @ Perry",
        "roadway": "SH-249",
        "location": "Perry",
        "direction": "East",
        "image": "https://www.houstontranstar.org/snapshots/cctv/1425.jpg",
        "monitor": "0",
        "validimg": "True",
        "frameCount": "1",
        "framePauseMs": "0",
        "page": "https://traffic.houstontranstar.org/cctv/transtar/camera.aspx?cam=1425"
      }
    },
    {
      "type": "Feature",
      "geometry": {
        "type": "Point",
        "coordinates": [
          -95.56769,
          29.98082
        ]
      },
      "properties": {
        "name": "SH 249 Tomball Pkwy Southbound @ Cypresswood",
        "roadway": "SH-249",
        "location": "Cypresswood",
        "direction": "West",
        "image": "https://www.houstontranstar.org/snapshots/cctv/1426.jpg",
        "monitor": "0",
        "validimg": "True",
        "frameCount": "1",
        "framePauseMs": "0",
        "page": "https://traffic.houstontranstar.org/cctv/transtar/camera.aspx?cam=1426"
      }
    },
    {
      "type": "Feature",
      "geometry": {
        "type": "Point",
        "coordinates": [
          -95.57192,
          29.98845
        ]
      },
      "properties": {
        "name": "SH 249 Tomball Pkwy Northbound @ Chasewood",
        "roadway": "SH-249",
        "location": "Chasewood",
        "direction": "East",
        "image": "https://www.houstontranstar.org/snapshots/cctv/1427.jpg",
        "monitor": "0",
        "validimg": "False",
        "frameCount": "1",
        "framePauseMs": "0",
        "page": "https://traffic.houstontranstar.org/cctv/transtar/camera.aspx?cam=1427"
      }
    },
    {
      "type": "Feature",
      "geometry": {
        "type": "Point",
        "coordinates": [
          -95.5795,
          29.99651
        ]
      },
      "properties": {
        "name": "SH 249 Tomball Pkwy Southbound @ Louetta",
        "roadway": "SH-249",
        "location": "Louetta",
        "direction": "West",
        "image": "https://www.houstontranstar.org/snapshots/cctv/1428.jpg",
        "monitor": "0",
        "validimg": "True",
        "frameCount": "1",
        "framePauseMs": "0",
        "page": "https://traffic.houstontranstar.org/cctv/transtar/camera.aspx?cam=1428"
      }
    },
    {
      "type": "Feature",
      "geometry": {
        "type": "Point",
        "coordinates": [
          -95.58283,
          30.00147
        ]
      },
      "properties": {
        "name": "SH 249 Tomball Pkwy Northbound @ Jones",
        "roadway": "SH-249",
        "location": "Jones",
        "direction": "East",
        "image": "https://www.houstontranstar.org/snapshots/cctv/1429.jpg",
        "monitor": "0",
        "validimg": "True",
        "frameCount": "1",
        "framePauseMs": "0",
        "page": "https://traffic.houstontranstar.org/cctv/transtar/camera.aspx?cam=1429"
      }
    },
    {
      "type": "Feature",
      "geometry": {
        "type": "Point",
        "coordinates": [
          -95.58685,
          30.00713
        ]
      },
      "properties": {
        "name": "SH 249 Tomball Pkwy Northbound @ Spring Cyp(S)",
        "roadway": "SH-249",
        "location": "Spring-Cypress (S)",
        "direction": "East",
        "image": "https://www.houstontranstar.org/snapshots/cctv/1430.jpg",
        "monitor": "0",
        "validimg": "True",
        "frameCount": "1",
        "framePauseMs": "0",
        "page": "https://traffic.houstontranstar.org/cctv/transtar/camera.aspx?cam=1430"
      }
    },
    {
      "type": "Feature",
      "geometry": {
        "type": "Point",
        "coordinates": [
          -95.5903,
          30.01291
        ]
      },
      "properties": {
        "name": "SH 249 Tomball Pkwy Northbound @ Spring Cypress",
        "roadway": "SH-249",
        "location": "Spring-Cypress",
        "direction": "East",
        "image": "https://www.houstontranstar.org/snapshots/cctv/1431.jpg",
        "monitor": "0",
        "validimg": "True",
        "frameCount": "1",
        "framePauseMs": "0",
        "page": "https://traffic.houstontranstar.org/cctv/transtar/camera.aspx?cam=1431"
      }
    },
    {
      "type": "Feature",
      "geometry": {
        "type": "Point",
        "coordinates": [
          -95.59316,
          30.01759
        ]
      },
      "properties": {
        "name": "SH 249 Tomball Pkwy Northbound @ Spring Cypress(N)",
        "roadway": "SH-249",
        "location": "Spring-Cypress(N)",
        "direction": "East",
        "image": "https://www.houstontranstar.org/snapshots/cctv/1432.jpg",
        "monitor": "0",
        "validimg": "True",
        "frameCount": "1",
        "framePauseMs": "0",
        "page": "https://traffic.houstontranstar.org/cctv/transtar/camera.aspx?cam=1432"
      }
    },
    {
      "type": "Feature",
      "geometry": {
        "type": "Point",
        "coordinates": [
          -95.59691,
          30.02365
        ]
      },
      "properties": {
        "name": "SH 249 Tomball Pkwy @ Gregson",
        "roadway": "SH-249",
        "location": "Gregson",
        "direction": "East",
        "image": "https://www.houstontranstar.org/snapshots/cctv/1433.jpg",
        "monitor": "0",
        "validimg": "True",
        "frameCount": "1",
        "framePauseMs": "0",
        "page": "https://traffic.houstontranstar.org/cctv/transtar/camera.aspx?cam=1433"
      }
    },
    {
      "type": "Feature",
      "geometry": {
        "type": "Point",
        "coordinates": [
          -95.60014,
          30.02936
        ]
      },
      "properties": {
        "name": "SH 249 Tomball Pkwy @ Northpointe (S)",
        "roadway": "SH-249",
        "location": "South of Northpointe",
        "direction": "East",
        "image": "https://www.houstontranstar.org/snapshots/cctv/1434.jpg",
        "monitor": "0",
        "validimg": "True",
        "frameCount": "1",
        "framePauseMs": "0",
        "page": "https://traffic.houstontranstar.org/cctv/transtar/camera.aspx?cam=1434"
      }
    },
    {
      "type": "Feature",
      "geometry": {
        "type": "Point",
        "coordinates": [
          -95.603831,
          30.035984
        ]
      },
      "properties": {
        "name": "SH 249 Tomball Pkwy @ Northpointe",
        "roadway": "SH-249",
        "location": "Northpointe",
        "direction": "East",
        "image": "https://www.houstontranstar.org/snapshots/cctv/1435.jpg",
        "monitor": "0",
        "validimg": "True",
        "frameCount": "1",
        "framePauseMs": "0",
        "page": "https://traffic.houstontranstar.org/cctv/transtar/camera.aspx?cam=1435"
      }
    },
    {
      "type": "Feature",
      "geometry": {
        "type": "Point",
        "coordinates": [
          -95.612573,
          30.048336
        ]
      },
      "properties": {
        "name": "SH 249 Tomball Pkwy @ Boudreaux",
        "roadway": "SH-249",
        "location": "Boudreaux",
        "direction": "East",
        "image": "https://www.houstontranstar.org/snapshots/cctv/1436.jpg",
        "monitor": "0",
        "validimg": "True",
        "frameCount": "1",
        "framePauseMs": "0",
        "page": "https://traffic.houstontranstar.org/cctv/transtar/camera.aspx?cam=1436"
      }
    },
    {
      "type": "Feature",
      "geometry": {
        "type": "Point",
        "coordinates": [
          -95.616465,
          30.056584
        ]
      },
      "properties": {
        "name": "SH 249 Tomball Pkwy @ Grand Pkwy (N)",
        "roadway": "SH-249",
        "location": "SH-99 North",
        "direction": "East",
        "image": "https://www.houstontranstar.org/snapshots/cctv/1437.jpg",
        "monitor": "0",
        "validimg": "True",
        "frameCount": "1",
        "framePauseMs": "0",
        "page": "https://traffic.houstontranstar.org/cctv/transtar/camera.aspx?cam=1437"
      }
    },
    {
      "type": "Feature",
      "geometry": {
        "type": "Point",
        "coordinates": [
          -95.622336,
          30.066395
        ]
      },
      "properties": {
        "name": "SH 249 Tomball Pkwy @ Holderrieth",
        "roadway": "SH-249",
        "location": "Holderrieth",
        "direction": "East",
        "image": "https://www.houstontranstar.org/snapshots/cctv/1438.jpg",
        "monitor": "0",
        "validimg": "True",
        "frameCount": "1",
        "framePauseMs": "0",
        "page": "https://traffic.houstontranstar.org/cctv/transtar/camera.aspx?cam=1438"
      }
    },
    {
      "type": "Feature",
      "geometry": {
        "type": "Point",
        "coordinates": [
          -95.631158,
          30.073794
        ]
      },
      "properties": {
        "name": "SH 249 Tomball Pkwy @ Alice",
        "roadway": "SH-249",
        "location": "Alice",
        "direction": "East",
        "image": "https://www.houstontranstar.org/snapshots/cctv/1439.jpg",
        "monitor": "0",
        "validimg": "True",
        "frameCount": "1",
        "framePauseMs": "0",
        "page": "https://traffic.houstontranstar.org/cctv/transtar/camera.aspx?cam=1439"
      }
    },
    {
      "type": "Feature",
      "geometry": {
        "type": "Point",
        "coordinates": [
          -95.635748,
          30.088978
        ]
      },
      "properties": {
        "name": "SH 249 Tomball Pkwy @ FM-2920",
        "roadway": "SH-249",
        "location": "FM-2920",
        "direction": "East",
        "image": "https://www.houstontranstar.org/snapshots/cctv/1440.jpg",
        "monitor": "0",
        "validimg": "True",
        "frameCount": "1",
        "framePauseMs": "0",
        "page": "https://traffic.houstontranstar.org/cctv/transtar/camera.aspx?cam=1440"
      }
    },
    {
      "type": "Feature",
      "geometry": {
        "type": "Point",
        "coordinates": [
          -95.636162,
          30.096402
        ]
      },
      "properties": {
        "name": "SH 249 Tomball Pkwy @ Hicks",
        "roadway": "SH-249",
        "location": "Hicks",
        "direction": "East",
        "image": "https://www.houstontranstar.org/snapshots/cctv/1441.jpg",
        "monitor": "0",
        "validimg": "True",
        "frameCount": "1",
        "framePauseMs": "0",
        "page": "https://traffic.houstontranstar.org/cctv/transtar/camera.aspx?cam=1441"
      }
    },
    {
      "type": "Feature",
      "geometry": {
        "type": "Point",
        "coordinates": [
          -95.638537,
          30.103191
        ]
      },
      "properties": {
        "name": "SH 249 Tomball Pkwy @ Brown",
        "roadway": "SH-249",
        "location": "Brown",
        "direction": "East",
        "image": "https://www.houstontranstar.org/snapshots/cctv/1442.jpg",
        "monitor": "0",
        "validimg": "True",
        "frameCount": "1",
        "framePauseMs": "0",
        "page": "https://traffic.houstontranstar.org/cctv/transtar/camera.aspx?cam=1442"
      }
    },
    {
      "type": "Feature",
      "geometry": {
        "type": "Point",
        "coordinates": [
          -95.639834,
          30.10557
        ]
      },
      "properties": {
        "name": "SH 249 Tomball Pkwy @ Baker",
        "roadway": "SH-249",
        "location": "Baker",
        "direction": "East",
        "image": "https://www.houstontranstar.org/snapshots/cctv/1443.jpg",
        "monitor": "0",
        "validimg": "True",
        "frameCount": "1",
        "framePauseMs": "0",
        "page": "https://traffic.houstontranstar.org/cctv/transtar/camera.aspx?cam=1443"
      }
    },
    {
      "type": "Feature",
      "geometry": {
        "type": "Point",
        "coordinates": [
          -95.64269,
          30.113065
        ]
      },
      "properties": {
        "name": "SH 249 Tomball Pkwy @ Zion",
        "roadway": "SH-249",
        "location": "Zion",
        "direction": "West",
        "image": "https://www.houstontranstar.org/snapshots/cctv/1444.jpg",
        "monitor": "0",
        "validimg": "True",
        "frameCount": "1",
        "framePauseMs": "0",
        "page": "https://traffic.houstontranstar.org/cctv/transtar/camera.aspx?cam=1444"
      }
    },
    {
      "type": "Feature",
      "geometry": {
        "type": "Point",
        "coordinates": [
          -95.654508,
          30.134931
        ]
      },
      "properties": {
        "name": "SH 249 @ Decker Prairie",
        "roadway": "SH-249",
        "location": "Decker Prairie",
        "direction": "East",
        "image": "https://www.houstontranstar.org/snapshots/cctv/1445.jpg",
        "monitor": "0",
        "validimg": "True",
        "frameCount": "1",
        "framePauseMs": "0",
        "page": "https://traffic.houstontranstar.org/cctv/transtar/camera.aspx?cam=1445"
      }
    },
    {
      "type": "Feature",
      "geometry": {
        "type": "Point",
        "coordinates": [
          -95.667315,
          30.15507
        ]
      },
      "properties": {
        "name": "SH 249 @ Woodtrace",
        "roadway": "SH-249",
        "location": "Woodtrace",
        "direction": "West",
        "image": "https://www.houstontranstar.org/snapshots/cctv/1446.jpg",
        "monitor": "0",
        "validimg": "False",
        "frameCount": "1",
        "framePauseMs": "0",
        "page": "https://traffic.houstontranstar.org/cctv/transtar/camera.aspx?cam=1446"
      }
    },
    {
      "type": "Feature",
      "geometry": {
        "type": "Point",
        "coordinates": [
          -95.669217,
          30.158953
        ]
      },
      "properties": {
        "name": "SH 249 @ Woodtrace (N)",
        "roadway": "SH-249",
        "location": "North of Woodchase",
        "direction": "East",
        "image": "https://www.houstontranstar.org/snapshots/cctv/1447.jpg",
        "monitor": "0",
        "validimg": "True",
        "frameCount": "1",
        "framePauseMs": "0",
        "page": "https://traffic.houstontranstar.org/cctv/transtar/camera.aspx?cam=1447"
      }
    },
    {
      "type": "Feature",
      "geometry": {
        "type": "Point",
        "coordinates": [
          -95.675117,
          30.168497
        ]
      },
      "properties": {
        "name": "SH 249 @ Circle Lake",
        "roadway": "SH-249",
        "location": "Circle Lake",
        "direction": "West",
        "image": "https://www.houstontranstar.org/snapshots/cctv/1448.jpg",
        "monitor": "0",
        "validimg": "True",
        "frameCount": "1",
        "framePauseMs": "0",
        "page": "https://traffic.houstontranstar.org/cctv/transtar/camera.aspx?cam=1448"
      }
    },
    {
      "type": "Feature",
      "geometry": {
        "type": "Point",
        "coordinates": [
          -95.677822,
          30.177617
        ]
      },
      "properties": {
        "name": "SH 249 @ FM-149 (S)",
        "roadway": "SH-249",
        "location": "South of FM-149",
        "direction": "East",
        "image": "https://www.houstontranstar.org/snapshots/cctv/1449.jpg",
        "monitor": "0",
        "validimg": "True",
        "frameCount": "1",
        "framePauseMs": "0",
        "page": "https://traffic.houstontranstar.org/cctv/transtar/camera.aspx?cam=1449"
      }
    },
    {
      "type": "Feature",
      "geometry": {
        "type": "Point",
        "coordinates": [
          -95.681592,
          30.182903
        ]
      },
      "properties": {
        "name": "SH 249 @ FM-149",
        "roadway": "SH-249",
        "location": "FM-149",
        "direction": "East",
        "image": "https://www.houstontranstar.org/snapshots/cctv/1450.jpg",
        "monitor": "0",
        "validimg": "True",
        "frameCount": "1",
        "framePauseMs": "0",
        "page": "https://traffic.houstontranstar.org/cctv/transtar/camera.aspx?cam=1450"
      }
    },
    {
      "type": "Feature",
      "geometry": {
        "type": "Point",
        "coordinates": [
          -95.687153,
          30.186056
        ]
      },
      "properties": {
        "name": "SH 249 @ Jennie Ln",
        "roadway": "SH-249",
        "location": "Jennie Ln",
        "direction": "West",
        "image": "https://www.houstontranstar.org/snapshots/cctv/1451.jpg",
        "monitor": "0",
        "validimg": "True",
        "frameCount": "1",
        "framePauseMs": "0",
        "page": "https://traffic.houstontranstar.org/cctv/transtar/camera.aspx?cam=1451"
      }
    },
    {
      "type": "Feature",
      "geometry": {
        "type": "Point",
        "coordinates": [
          -95.694022,
          30.195297
        ]
      },
      "properties": {
        "name": "SH 249 @ Mildred Ln",
        "roadway": "SH-249",
        "location": "Mildred Ln",
        "direction": "East",
        "image": "https://www.houstontranstar.org/snapshots/cctv/1452.jpg",
        "monitor": "0",
        "validimg": "True",
        "frameCount": "1",
        "framePauseMs": "0",
        "page": "https://traffic.houstontranstar.org/cctv/transtar/camera.aspx?cam=1452"
      }
    },
    {
      "type": "Feature",
      "geometry": {
        "type": "Point",
        "coordinates": [
          -95.702242,
          30.202561
        ]
      },
      "properties": {
        "name": "SH 249 @ Cripple Creek N Dr (S)",
        "roadway": "SH-249",
        "location": "South of Cripple Creek",
        "direction": "West",
        "image": "https://www.houstontranstar.org/snapshots/cctv/1453.jpg",
        "monitor": "0",
        "validimg": "True",
        "frameCount": "1",
        "framePauseMs": "0",
        "page": "https://traffic.houstontranstar.org/cctv/transtar/camera.aspx?cam=1453"
      }
    },
    {
      "type": "Feature",
      "geometry": {
        "type": "Point",
        "coordinates": [
          -95.710836,
          30.210117
        ]
      },
      "properties": {
        "name": "SH 249 @ Cripple Creek N Dr (N)",
        "roadway": "SH-249",
        "location": "North of Cripple Creek",
        "direction": "East",
        "image": "https://www.houstontranstar.org/snapshots/cctv/1454.jpg",
        "monitor": "0",
        "validimg": "True",
        "frameCount": "1",
        "framePauseMs": "0",
        "page": "https://traffic.houstontranstar.org/cctv/transtar/camera.aspx?cam=1454"
      }
    },
    {
      "type": "Feature",
      "geometry": {
        "type": "Point",
        "coordinates": [
          -95.720167,
          30.217625
        ]
      },
      "properties": {
        "name": "SH 249 @ FM-1488 (S)",
        "roadway": "SH-249",
        "location": "South of FM-1488",
        "direction": "East",
        "image": "https://www.houstontranstar.org/snapshots/cctv/1455.jpg",
        "monitor": "0",
        "validimg": "False",
        "frameCount": "1",
        "framePauseMs": "0",
        "page": "https://traffic.houstontranstar.org/cctv/transtar/camera.aspx?cam=1455"
      }
    },
    {
      "type": "Feature",
      "geometry": {
        "type": "Point",
        "coordinates": [
          -95.726544,
          30.222739
        ]
      },
      "properties": {
        "name": "SH 249 @ FM-1488",
        "roadway": "SH-249",
        "location": "FM-1488",
        "direction": "East",
        "image": "https://www.houstontranstar.org/snapshots/cctv/1456.jpg",
        "monitor": "0",
        "validimg": "True",
        "frameCount": "1",
        "framePauseMs": "0",
        "page": "https://traffic.houstontranstar.org/cctv/transtar/camera.aspx?cam=1456"
      }
    },
    {
      "type": "Feature",
      "geometry": {
        "type": "Point",
        "coordinates": [
          -95.73075,
          30.226172
        ]
      },
      "properties": {
        "name": "SH-249 @ FM 1488 (N)",
        "roadway": "SH-249",
        "location": "FM 1488 (N)",
        "direction": "None",
        "image": "https://www.houstontranstar.org/snapshots/cctv/1457.jpg",
        "monitor": "0",
        "validimg": "True",
        "frameCount": "1",
        "framePauseMs": "0",
        "page": "https://traffic.houstontranstar.org/cctv/transtar/camera.aspx?cam=1457"
      }
    },
    {
      "type": "Feature",
      "geometry": {
        "type": "Point",
        "coordinates": [
          -95.737798,
          30.232433
        ]
      },
      "properties": {
        "name": "SH-249 @ Bridge Ln",
        "roadway": "SH-249",
        "location": "Bridge Ln",
        "direction": "None",
        "image": "https://www.houstontranstar.org/snapshots/cctv/1458.jpg",
        "monitor": "0",
        "validimg": "True",
        "frameCount": "1",
        "framePauseMs": "0",
        "page": "https://traffic.houstontranstar.org/cctv/transtar/camera.aspx?cam=1458"
      }
    },
    {
      "type": "Feature",
      "geometry": {
        "type": "Point",
        "coordinates": [
          -95.740515,
          30.243155
        ]
      },
      "properties": {
        "name": "SH-249 @ Bridge Ln (N)",
        "roadway": "SH-249",
        "location": "Bridge Ln (N)",
        "direction": "None",
        "image": "https://www.houstontranstar.org/snapshots/cctv/1459.jpg",
        "monitor": "0",
        "validimg": "True",
        "frameCount": "1",
        "framePauseMs": "0",
        "page": "https://traffic.houstontranstar.org/cctv/transtar/camera.aspx?cam=1459"
      }
    },
    {
      "type": "Feature",
      "geometry": {
        "type": "Point",
        "coordinates": [
          -95.745392,
          30.248785
        ]
      },
      "properties": {
        "name": "SH-249 @ 1B-3",
        "roadway": "SH-249",
        "location": "Bewteen Bridge Ln and FM-1486",
        "direction": "None",
        "image": "https://www.houstontranstar.org/snapshots/cctv/1460.jpg",
        "monitor": "0",
        "validimg": "True",
        "frameCount": "1",
        "framePauseMs": "0",
        "page": "https://traffic.houstontranstar.org/cctv/transtar/camera.aspx?cam=1460"
      }
    },
    {
      "type": "Feature",
      "geometry": {
        "type": "Point",
        "coordinates": [
          -95.757643,
          30.24968
        ]
      },
      "properties": {
        "name": "SH-249 @ FM 1486 (S)",
        "roadway": "SH-249",
        "location": "FM 1486 (S)",
        "direction": "None",
        "image": "https://www.houstontranstar.org/snapshots/cctv/1461.jpg",
        "monitor": "0",
        "validimg": "False",
        "frameCount": "1",
        "framePauseMs": "0",
        "page": "https://traffic.houstontranstar.org/cctv/transtar/camera.aspx?cam=1461"
      }
    },
    {
      "type": "Feature",
      "geometry": {
        "type": "Point",
        "coordinates": [
          -95.769993,
          30.249595
        ]
      },
      "properties": {
        "name": "SH-249 @ FM 1486",
        "roadway": "SH-249",
        "location": "FM 1486",
        "direction": "None",
        "image": "https://www.houstontranstar.org/snapshots/cctv/1462.jpg",
        "monitor": "0",
        "validimg": "True",
        "frameCount": "1",
        "framePauseMs": "0",
        "page": "https://traffic.houstontranstar.org/cctv/transtar/camera.aspx?cam=1462"
      }
    },
    {
      "type": "Feature",
      "geometry": {
        "type": "Point",
        "coordinates": [
          -95.778529,
          30.250129
        ]
      },
      "properties": {
        "name": "SH-249 @ FM 1486 (N)",
        "roadway": "SH-249",
        "location": "FM 1486 (N)",
        "direction": "None",
        "image": "https://www.houstontranstar.org/snapshots/cctv/1463.jpg",
        "monitor": "0",
        "validimg": "True",
        "frameCount": "1",
        "framePauseMs": "0",
        "page": "https://traffic.houstontranstar.org/cctv/transtar/camera.aspx?cam=1463"
      }
    },
    {
      "type": "Feature",
      "geometry": {
        "type": "Point",
        "coordinates": [
          -95.784402,
          30.255714
        ]
      },
      "properties": {
        "name": "SH-249 @ IB-9",
        "roadway": "SH-249",
        "location": "North of FM-1486",
        "direction": "None",
        "image": "https://www.houstontranstar.org/snapshots/cctv/1464.jpg",
        "monitor": "0",
        "validimg": "True",
        "frameCount": "1",
        "framePauseMs": "0",
        "page": "https://traffic.houstontranstar.org/cctv/transtar/camera.aspx?cam=1464"
      }
    },
    {
      "type": "Feature",
      "geometry": {
        "type": "Point",
        "coordinates": [
          -95.790389,
          30.265477
        ]
      },
      "properties": {
        "name": "SH-249 @ IB-11",
        "roadway": "SH-249",
        "location": "Between FM-1486 and FM-1774 (1)",
        "direction": "None",
        "image": "https://www.houstontranstar.org/snapshots/cctv/1465.jpg",
        "monitor": "0",
        "validimg": "True",
        "frameCount": "1",
        "framePauseMs": "0",
        "page": "https://traffic.houstontranstar.org/cctv/transtar/camera.aspx?cam=1465"
      }
    },
    {
      "type": "Feature",
      "geometry": {
        "type": "Point",
        "coordinates": [
          -95.797043,
          30.274579
        ]
      },
      "properties": {
        "name": "SH-249 @ IB-12",
        "roadway": "SH-249",
        "location": "Between FM-1486 and FM-1774 (2)",
        "direction": "None",
        "image": "https://www.houstontranstar.org/snapshots/cctv/1466.jpg",
        "monitor": "0",
        "validimg": "False",
        "frameCount": "1",
        "framePauseMs": "0",
        "page": "https://traffic.houstontranstar.org/cctv/transtar/camera.aspx?cam=1466"
      }
    },
    {
      "type": "Feature",
      "geometry": {
        "type": "Point",
        "coordinates": [
          -95.805904,
          30.282158
        ]
      },
      "properties": {
        "name": "SH-249 @ IB-13",
        "roadway": "SH-249",
        "location": "South of FM-1774 (1)",
        "direction": "None",
        "image": "https://www.houstontranstar.org/snapshots/cctv/1467.jpg",
        "monitor": "0",
        "validimg": "False",
        "frameCount": "1",
        "framePauseMs": "0",
        "page": "https://traffic.houstontranstar.org/cctv/transtar/camera.aspx?cam=1467"
      }
    },
    {
      "type": "Feature",
      "geometry": {
        "type": "Point",
        "coordinates": [
          -95.814856,
          30.289609
        ]
      },
      "properties": {
        "name": "SH-249 @ IB-15",
        "roadway": "SH-249",
        "location": "South of FM-1774 (2)",
        "direction": "None",
        "image": "https://www.houstontranstar.org/snapshots/cctv/1468.jpg",
        "monitor": "0",
        "validimg": "False",
        "frameCount": "1",
        "framePauseMs": "0",
        "page": "https://traffic.houstontranstar.org/cctv/transtar/camera.aspx?cam=1468"
      }
    },
    {
      "type": "Feature",
      "geometry": {
        "type": "Point",
        "coordinates": [
          -95.825903,
          30.294783
        ]
      },
      "properties": {
        "name": "SH-249 @ FM 1774 (S)",
        "roadway": "SH-249",
        "location": "FM 1774 (S)",
        "direction": "None",
        "image": "https://www.houstontranstar.org/snapshots/cctv/1469.jpg",
        "monitor": "0",
        "validimg": "True",
        "frameCount": "1",
        "framePauseMs": "0",
        "page": "https://traffic.houstontranstar.org/cctv/transtar/camera.aspx?cam=1469"
      }
    },
    {
      "type": "Feature",
      "geometry": {
        "type": "Point",
        "coordinates": [
          -95.835784,
          30.295902
        ]
      },
      "properties": {
        "name": "SH-249 @ FM 1774",
        "roadway": "SH-249",
        "location": "FM 1774",
        "direction": "None",
        "image": "https://www.houstontranstar.org/snapshots/cctv/1470.jpg",
        "monitor": "0",
        "validimg": "True",
        "frameCount": "1",
        "framePauseMs": "0",
        "page": "https://traffic.houstontranstar.org/cctv/transtar/camera.aspx?cam=1470"
      }
    },
    {
      "type": "Feature",
      "geometry": {
        "type": "Point",
        "coordinates": [
          -95.845936,
          30.297788
        ]
      },
      "properties": {
        "name": "SH-249 @ FM 1774 (N)",
        "roadway": "SH-249",
        "location": "FM 1774 (N)",
        "direction": "None",
        "image": "https://www.houstontranstar.org/snapshots/cctv/1471.jpg",
        "monitor": "0",
        "validimg": "False",
        "frameCount": "1",
        "framePauseMs": "0",
        "page": "https://traffic.houstontranstar.org/cctv/transtar/camera.aspx?cam=1471"
      }
    },
    {
      "type": "Feature",
      "geometry": {
        "type": "Point",
        "coordinates": [
          -95.85362,
          30.300211
        ]
      },
      "properties": {
        "name": "SH-249 @ Urbanosky (S)",
        "roadway": "SH-249",
        "location": "Urbanosky (S)",
        "direction": "None",
        "image": "https://www.houstontranstar.org/snapshots/cctv/1472.jpg",
        "monitor": "0",
        "validimg": "True",
        "frameCount": "1",
        "framePauseMs": "0",
        "page": "https://traffic.houstontranstar.org/cctv/transtar/camera.aspx?cam=1472"
      }
    },
    {
      "type": "Feature",
      "geometry": {
        "type": "Point",
        "coordinates": [
          -95.86412,
          30.300017
        ]
      },
      "properties": {
        "name": "SH-249 @ Urbanosky",
        "roadway": "SH-249",
        "location": "Urbanosky",
        "direction": "None",
        "image": "https://www.houstontranstar.org/snapshots/cctv/1473.jpg",
        "monitor": "0",
        "validimg": "True",
        "frameCount": "1",
        "framePauseMs": "0",
        "page": "https://traffic.houstontranstar.org/cctv/transtar/camera.aspx?cam=1473"
      }
    },
    {
      "type": "Feature",
      "geometry": {
        "type": "Point",
        "coordinates": [
          -95.870916,
          30.298251
        ]
      },
      "properties": {
        "name": "SH-249 @ Urbanosky (N)",
        "roadway": "SH-249",
        "location": "Urbanosky (N)",
        "direction": "None",
        "image": "https://www.houstontranstar.org/snapshots/cctv/1474.jpg",
        "monitor": "0",
        "validimg": "True",
        "frameCount": "1",
        "framePauseMs": "0",
        "page": "https://traffic.houstontranstar.org/cctv/transtar/camera.aspx?cam=1474"
      }
    },
    {
      "type": "Feature",
      "geometry": {
        "type": "Point",
        "coordinates": [
          -95.881738,
          30.298983
        ]
      },
      "properties": {
        "name": "SH-249 @ Slot Rd (S)",
        "roadway": "SH-249",
        "location": "Slot Rd (S)",
        "direction": "None",
        "image": "https://www.houstontranstar.org/snapshots/cctv/1475.jpg",
        "monitor": "0",
        "validimg": "True",
        "frameCount": "1",
        "framePauseMs": "0",
        "page": "https://traffic.houstontranstar.org/cctv/transtar/camera.aspx?cam=1475"
      }
    },
    {
      "type": "Feature",
      "geometry": {
        "type": "Point",
        "coordinates": [
          -95.891187,
          30.306242
        ]
      },
      "properties": {
        "name": "SH-249 @ Slot Rd",
        "roadway": "SH-249",
        "location": "Slot Rd",
        "direction": "None",
        "image": "https://www.houstontranstar.org/snapshots/cctv/1476.jpg",
        "monitor": "0",
        "validimg": "True",
        "frameCount": "1",
        "framePauseMs": "0",
        "page": "https://traffic.houstontranstar.org/cctv/transtar/camera.aspx?cam=1476"
      }
    },
    {
      "type": "Feature",
      "geometry": {
        "type": "Point",
        "coordinates": [
          -95.899279,
          30.308022
        ]
      },
      "properties": {
        "name": "SH-249 @ JouBert",
        "roadway": "SH-249",
        "location": "JouBert",
        "direction": "None",
        "image": "https://www.houstontranstar.org/snapshots/cctv/1477.jpg",
        "monitor": "0",
        "validimg": "True",
        "frameCount": "1",
        "framePauseMs": "0",
        "page": "https://traffic.houstontranstar.org/cctv/transtar/camera.aspx?cam=1477"
      }
    },
    {
      "type": "Feature",
      "geometry": {
        "type": "Point",
        "coordinates": [
          -95.90771,
          30.307874
        ]
      },
      "properties": {
        "name": "SH-249 @ Joubert (N)",
        "roadway": "SH-249",
        "location": "Joubert (N)",
        "direction": "None",
        "image": "https://www.houstontranstar.org/snapshots/cctv/1478.jpg",
        "monitor": "0",
        "validimg": "True",
        "frameCount": "1",
        "framePauseMs": "0",
        "page": "https://traffic.houstontranstar.org/cctv/transtar/camera.aspx?cam=1478"
      }
    },
    {
      "type": "Feature",
      "geometry": {
        "type": "Point",
        "coordinates": [
          -95.916959,
          30.307539
        ]
      },
      "properties": {
        "name": "SH-249 @ Co 304",
        "roadway": "SH-249",
        "location": "Co 304",
        "direction": "None",
        "image": "https://www.houstontranstar.org/snapshots/cctv/1479.jpg",
        "monitor": "0",
        "validimg": "True",
        "frameCount": "1",
        "framePauseMs": "0",
        "page": "https://traffic.houstontranstar.org/cctv/transtar/camera.aspx?cam=1479"
      }
    },
    {
      "type": "Feature",
      "geometry": {
        "type": "Point",
        "coordinates": [
          -95.924023,
          30.307596
        ]
      },
      "properties": {
        "name": "SH-249 @ Co 304 (N)",
        "roadway": "SH-249",
        "location": "Co 304 (N)",
        "direction": "None",
        "image": "https://www.houstontranstar.org/snapshots/cctv/1480.jpg",
        "monitor": "0",
        "validimg": "True",
        "frameCount": "1",
        "framePauseMs": "0",
        "page": "https://traffic.houstontranstar.org/cctv/transtar/camera.aspx?cam=1480"
      }
    },
    {
      "type": "Feature",
      "geometry": {
        "type": "Point",
        "coordinates": [
          -95.933626,
          30.312545
        ]
      },
      "properties": {
        "name": "SH-249 @ Co 304 (N2)",
        "roadway": "SH-249",
        "location": "Co 304 (N2)",
        "direction": "None",
        "image": "https://www.houstontranstar.org/snapshots/cctv/1481.jpg",
        "monitor": "0",
        "validimg": "True",
        "frameCount": "1",
        "framePauseMs": "0",
        "page": "https://traffic.houstontranstar.org/cctv/transtar/camera.aspx?cam=1481"
      }
    },
    {
      "type": "Feature",
      "geometry": {
        "type": "Point",
        "coordinates": [
          -95.93649,
          30.315517
        ]
      },
      "properties": {
        "name": "SH-249 @ Co 307 (S2)",
        "roadway": "SH-249",
        "location": "Co 307 (S2)",
        "direction": "None",
        "image": "https://www.houstontranstar.org/snapshots/cctv/1482.jpg",
        "monitor": "0",
        "validimg": "False",
        "frameCount": "1",
        "framePauseMs": "0",
        "page": "https://traffic.houstontranstar.org/cctv/transtar/camera.aspx?cam=1482"
      }
    },
    {
      "type": "Feature",
      "geometry": {
        "type": "Point",
        "coordinates": [
          -95.941018,
          30.320345
        ]
      },
      "properties": {
        "name": "SH-249 @ Co 307 (S)",
        "roadway": "SH-249",
        "location": "Co 307 (S)",
        "direction": "None",
        "image": "https://www.houstontranstar.org/snapshots/cctv/1483.jpg",
        "monitor": "0",
        "validimg": "True",
        "frameCount": "1",
        "framePauseMs": "0",
        "page": "https://traffic.houstontranstar.org/cctv/transtar/camera.aspx?cam=1483"
      }
    },
    {
      "type": "Feature",
      "geometry": {
        "type": "Point",
        "coordinates": [
          -95.948177,
          30.325097
        ]
      },
      "properties": {
        "name": "SH-249 @ Co 307",
        "roadway": "SH-249",
        "location": "Co 307",
        "direction": "None",
        "image": "https://www.houstontranstar.org/snapshots/cctv/1484.jpg",
        "monitor": "0",
        "validimg": "True",
        "frameCount": "1",
        "framePauseMs": "0",
        "page": "https://traffic.houstontranstar.org/cctv/transtar/camera.aspx?cam=1484"
      }
    },
    {
      "type": "Feature",
      "geometry": {
        "type": "Point",
        "coordinates": [
          -95.950832,
          30.32933
        ]
      },
      "properties": {
        "name": "SH-249 @ Co 307 (N)",
        "roadway": "SH-249",
        "location": "Co 307 (N)",
        "direction": "None",
        "image": "https://www.houstontranstar.org/snapshots/cctv/1485.jpg",
        "monitor": "0",
        "validimg": "True",
        "frameCount": "1",
        "framePauseMs": "0",
        "page": "https://traffic.houstontranstar.org/cctv/transtar/camera.aspx?cam=1485"
      }
    },
    {
      "type": "Feature",
      "geometry": {
        "type": "Point",
        "coordinates": [
          -95.951101,
          30.337436
        ]
      },
      "properties": {
        "name": "SH-249 @ Co 306",
        "roadway": "SH-249",
        "location": "Co 306",
        "direction": "None",
        "image": "https://www.houstontranstar.org/snapshots/cctv/1486.jpg",
        "monitor": "0",
        "validimg": "True",
        "frameCount": "1",
        "framePauseMs": "0",
        "page": "https://traffic.houstontranstar.org/cctv/transtar/camera.aspx?cam=1486"
      }
    },
    {
      "type": "Feature",
      "geometry": {
        "type": "Point",
        "coordinates": [
          -95.95341,
          30.343042
        ]
      },
      "properties": {
        "name": "SH-249 @ Co 306 (N)",
        "roadway": "SH-249",
        "location": "Co 306 (N)",
        "direction": "None",
        "image": "https://www.houstontranstar.org/snapshots/cctv/1487.jpg",
        "monitor": "0",
        "validimg": "False",
        "frameCount": "1",
        "framePauseMs": "0",
        "page": "https://traffic.houstontranstar.org/cctv/transtar/camera.aspx?cam=1487"
      }
    },
    {
      "type": "Feature",
      "geometry": {
        "type": "Point",
        "coordinates": [
          -95.96026,
          30.349489
        ]
      },
      "properties": {
        "name": "SH-249 @ FM 1748",
        "roadway": "SH-249",
        "location": "FM 1748",
        "direction": "None",
        "image": "https://www.houstontranstar.org/snapshots/cctv/1488.jpg",
        "monitor": "0",
        "validimg": "True",
        "frameCount": "1",
        "framePauseMs": "0",
        "page": "https://traffic.houstontranstar.org/cctv/transtar/camera.aspx?cam=1488"
      }
    },
    {
      "type": "Feature",
      "geometry": {
        "type": "Point",
        "coordinates": [
          -95.965558,
          30.355677
        ]
      },
      "properties": {
        "name": "SH-249 @ FM 1748 (N)",
        "roadway": "SH-249",
        "location": "FM 1748 (N)",
        "direction": "None",
        "image": "https://www.houstontranstar.org/snapshots/cctv/1489.jpg",
        "monitor": "0",
        "validimg": "True",
        "frameCount": "1",
        "framePauseMs": "0",
        "page": "https://traffic.houstontranstar.org/cctv/transtar/camera.aspx?cam=1489"
      }
    },
    {
      "type": "Feature",
      "geometry": {
        "type": "Point",
        "coordinates": [
          -95.966567,
          30.356416
        ]
      },
      "properties": {
        "name": "SH-249 @ SH 105",
        "roadway": "SH-249",
        "location": "SH 105",
        "direction": "None",
        "image": "https://www.houstontranstar.org/snapshots/cctv/1490.jpg",
        "monitor": "0",
        "validimg": "True",
        "frameCount": "1",
        "framePauseMs": "0",
        "page": "https://traffic.houstontranstar.org/cctv/transtar/camera.aspx?cam=1490"
      }
    },
    {
      "type": "Feature",
      "geometry": {
        "type": "Point",
        "coordinates": [
          -95.970108,
          30.355006
        ]
      },
      "properties": {
        "name": "SH-249 @ SH 105 (W)",
        "roadway": "SH-249",
        "location": "SH 105 (W)",
        "direction": "None",
        "image": "https://www.houstontranstar.org/snapshots/cctv/1491.jpg",
        "monitor": "0",
        "validimg": "True",
        "frameCount": "1",
        "framePauseMs": "0",
        "page": "https://traffic.houstontranstar.org/cctv/transtar/camera.aspx?cam=1491"
      }
    },
    {
      "type": "Feature",
      "geometry": {
        "type": "Point",
        "coordinates": [
          -95.970771,
          30.355271
        ]
      },
      "properties": {
        "name": "SH-249 @ SH 105 (W2)",
        "roadway": "SH-249",
        "location": "SH 105 (W2)",
        "direction": "None",
        "image": "https://www.houstontranstar.org/snapshots/cctv/1492.jpg",
        "monitor": "0",
        "validimg": "True",
        "frameCount": "1",
        "framePauseMs": "0",
        "page": "https://traffic.houstontranstar.org/cctv/transtar/camera.aspx?cam=1492"
      }
    },
    {
      "type": "Feature",
      "geometry": {
        "type": "Point",
        "coordinates": [
          -95.978249,
          30.354897
        ]
      },
      "properties": {
        "name": "SH-249 @ Co 412 (S)",
        "roadway": "SH-249",
        "location": "Co 412 (S)",
        "direction": "None",
        "image": "https://www.houstontranstar.org/snapshots/cctv/1493.jpg",
        "monitor": "0",
        "validimg": "True",
        "frameCount": "1",
        "framePauseMs": "0",
        "page": "https://traffic.houstontranstar.org/cctv/transtar/camera.aspx?cam=1493"
      }
    },
    {
      "type": "Feature",
      "geometry": {
        "type": "Point",
        "coordinates": [
          -95.011262,
          29.526036
        ]
      },
      "properties": {
        "name": "SH146 @ SH96",
        "roadway": "SH-146",
        "location": "SH96",
        "direction": "West",
        "image": "https://www.houstontranstar.org/snapshots/cctv/1905.jpg",
        "monitor": "0",
        "validimg": "False",
        "frameCount": "1",
        "framePauseMs": "0",
        "page": "https://traffic.houstontranstar.org/cctv/transtar/camera.aspx?cam=1905"
      }
    },
    {
      "type": "Feature",
      "geometry": {
        "type": "Point",
        "coordinates": [
          -94.994995,
          29.498954
        ]
      },
      "properties": {
        "name": "SH146 @ FM646",
        "roadway": "SH-146",
        "location": "FM646",
        "direction": "East",
        "image": "https://www.houstontranstar.org/snapshots/cctv/1906.jpg",
        "monitor": "0",
        "validimg": "True",
        "frameCount": "1",
        "framePauseMs": "0",
        "page": "https://traffic.houstontranstar.org/cctv/transtar/camera.aspx?cam=1906"
      }
    },
    {
      "type": "Feature",
      "geometry": {
        "type": "Point",
        "coordinates": [
          -94.978878,
          29.471476
        ]
      },
      "properties": {
        "name": "SH146 @ FM517",
        "roadway": "SH-146",
        "location": "FM517",
        "direction": "East",
        "image": "https://www.houstontranstar.org/snapshots/cctv/1907.jpg",
        "monitor": "0",
        "validimg": "False",
        "frameCount": "1",
        "framePauseMs": "0",
        "page": "https://traffic.houstontranstar.org/cctv/transtar/camera.aspx?cam=1907"
      }
    },
    {
      "type": "Feature",
      "geometry": {
        "type": "Point",
        "coordinates": [
          -94.955862,
          29.407896
        ]
      },
      "properties": {
        "name": "SH146 @ Loop 197 N",
        "roadway": "SH-146",
        "location": "Loop 197 N",
        "direction": "East",
        "image": "https://www.houstontranstar.org/snapshots/cctv/1908.jpg",
        "monitor": "0",
        "validimg": "False",
        "frameCount": "1",
        "framePauseMs": "0",
        "page": "https://traffic.houstontranstar.org/cctv/transtar/camera.aspx?cam=1908"
      }
    },
    {
      "type": "Feature",
      "geometry": {
        "type": "Point",
        "coordinates": [
          -94.950701,
          29.395467
        ]
      },
      "properties": {
        "name": "SH146 @ FM1764",
        "roadway": "SH-146",
        "location": "FM1764",
        "direction": "None",
        "image": "https://www.houstontranstar.org/snapshots/cctv/1909.jpg",
        "monitor": "0",
        "validimg": "False",
        "frameCount": "1",
        "framePauseMs": "0",
        "page": "https://traffic.houstontranstar.org/cctv/transtar/camera.aspx?cam=1909"
      }
    },
    {
      "type": "Feature",
      "geometry": {
        "type": "Point",
        "coordinates": [
          -94.951202,
          29.379296
        ]
      },
      "properties": {
        "name": "SH146 @ FM1765",
        "roadway": "SH-146",
        "location": "FM1765",
        "direction": "West",
        "image": "https://www.houstontranstar.org/snapshots/cctv/1910.jpg",
        "monitor": "0",
        "validimg": "False",
        "frameCount": "1",
        "framePauseMs": "0",
        "page": "https://traffic.houstontranstar.org/cctv/transtar/camera.aspx?cam=1910"
      }
    },
    {
      "type": "Feature",
      "geometry": {
        "type": "Point",
        "coordinates": [
          -94.945967,
          29.358202
        ]
      },
      "properties": {
        "name": "SH146 @ FM519",
        "roadway": "SH-146",
        "location": "FM519",
        "direction": "West",
        "image": "https://www.houstontranstar.org/snapshots/cctv/1911.jpg",
        "monitor": "0",
        "validimg": "True",
        "frameCount": "1",
        "framePauseMs": "0",
        "page": "https://traffic.houstontranstar.org/cctv/transtar/camera.aspx?cam=1911"
      }
    },
    {
      "type": "Feature",
      "geometry": {
        "type": "Point",
        "coordinates": [
          -95.472531,
          29.513085
        ]
      },
      "properties": {
        "name": "SH6 @ South Post Oak",
        "roadway": "SH-6",
        "location": "South Post Oak",
        "direction": "South",
        "image": "https://www.houstontranstar.org/snapshots/cctv/1912.jpg",
        "monitor": "0",
        "validimg": "True",
        "frameCount": "1",
        "framePauseMs": "0",
        "page": "https://traffic.houstontranstar.org/cctv/transtar/camera.aspx?cam=1912"
      }
    },
    {
      "type": "Feature",
      "geometry": {
        "type": "Point",
        "coordinates": [
          -95.439333,
          29.495717
        ]
      },
      "properties": {
        "name": "SH6 @ Savannah Pkwy",
        "roadway": "SH-6",
        "location": "Savannah Pkwy",
        "direction": "South",
        "image": "https://www.houstontranstar.org/snapshots/cctv/1913.jpg",
        "monitor": "0",
        "validimg": "True",
        "frameCount": "1",
        "framePauseMs": "0",
        "page": "https://traffic.houstontranstar.org/cctv/transtar/camera.aspx?cam=1913"
      }
    },
    {
      "type": "Feature",
      "geometry": {
        "type": "Point",
        "coordinates": [
          -95.415235,
          29.487124
        ]
      },
      "properties": {
        "name": "SH6 @ CR48",
        "roadway": "SH-6",
        "location": "CR48",
        "direction": "South",
        "image": "https://www.houstontranstar.org/snapshots/cctv/1914.jpg",
        "monitor": "0",
        "validimg": "True",
        "frameCount": "1",
        "framePauseMs": "0",
        "page": "https://traffic.houstontranstar.org/cctv/transtar/camera.aspx?cam=1914"
      }
    },
    {
      "type": "Feature",
      "geometry": {
        "type": "Point",
        "coordinates": [
          -95.364397,
          29.470222
        ]
      },
      "properties": {
        "name": "SH6 @ CR918",
        "roadway": "SH-6",
        "location": "CR918",
        "direction": "North",
        "image": "https://www.houstontranstar.org/snapshots/cctv/1915.jpg",
        "monitor": "0",
        "validimg": "True",
        "frameCount": "1",
        "framePauseMs": "0",
        "page": "https://traffic.houstontranstar.org/cctv/transtar/camera.aspx?cam=1915"
      }
    },
    {
      "type": "Feature",
      "geometry": {
        "type": "Point",
        "coordinates": [
          -95.356276,
          29.467083
        ]
      },
      "properties": {
        "name": "SH6  @ FM1128",
        "roadway": "SH-6",
        "location": "FM1128",
        "direction": "South",
        "image": "https://www.houstontranstar.org/snapshots/cctv/1916.jpg",
        "monitor": "0",
        "validimg": "True",
        "frameCount": "1",
        "framePauseMs": "0",
        "page": "https://traffic.houstontranstar.org/cctv/transtar/camera.aspx?cam=1916"
      }
    },
    {
      "type": "Feature",
      "geometry": {
        "type": "Point",
        "coordinates": [
          -95.315823,
          29.453619
        ]
      },
      "properties": {
        "name": "SH6 @ CR99",
        "roadway": "SH-6",
        "location": "CR99",
        "direction": "North",
        "image": "https://www.houstontranstar.org/snapshots/cctv/1917.jpg",
        "monitor": "0",
        "validimg": "True",
        "frameCount": "1",
        "framePauseMs": "0",
        "page": "https://traffic.houstontranstar.org/cctv/transtar/camera.aspx?cam=1917"
      }
    },
    {
      "type": "Feature",
      "geometry": {
        "type": "Point",
        "coordinates": [
          -95.297269,
          29.447416
        ]
      },
      "properties": {
        "name": "SH6 @ CR146",
        "roadway": "SH-6",
        "location": "CR146",
        "direction": "North",
        "image": "https://www.houstontranstar.org/snapshots/cctv/1918.jpg",
        "monitor": "0",
        "validimg": "True",
        "frameCount": "1",
        "framePauseMs": "0",
        "page": "https://traffic.houstontranstar.org/cctv/transtar/camera.aspx?cam=1918"
      }
    },
    {
      "type": "Feature",
      "geometry": {
        "type": "Point",
        "coordinates": [
          -95.271817,
          29.438745
        ]
      },
      "properties": {
        "name": "SH6 @ CR149",
        "roadway": "SH-6",
        "location": "CR149",
        "direction": "North",
        "image": "https://www.houstontranstar.org/snapshots/cctv/1919.jpg",
        "monitor": "0",
        "validimg": "True",
        "frameCount": "1",
        "framePauseMs": "0",
        "page": "https://traffic.houstontranstar.org/cctv/transtar/camera.aspx?cam=1919"
      }
    },
    {
      "type": "Feature",
      "geometry": {
        "type": "Point",
        "coordinates": [
          -95.244139,
          29.428908
        ]
      },
      "properties": {
        "name": "SH6 @ BUS35",
        "roadway": "SH-6",
        "location": "BUS35",
        "direction": "South",
        "image": "https://www.houstontranstar.org/snapshots/cctv/1920.jpg",
        "monitor": "0",
        "validimg": "False",
        "frameCount": "1",
        "framePauseMs": "0",
        "page": "https://traffic.houstontranstar.org/cctv/transtar/camera.aspx?cam=1920"
      }
    },
    {
      "type": "Feature",
      "geometry": {
        "type": "Point",
        "coordinates": [
          -95.227103,
          29.423356
        ]
      },
      "properties": {
        "name": "SH6 @ SH35",
        "roadway": "SH-6",
        "location": "SH35",
        "direction": "North",
        "image": "https://www.houstontranstar.org/snapshots/cctv/1921.jpg",
        "monitor": "0",
        "validimg": "False",
        "frameCount": "1",
        "framePauseMs": "0",
        "page": "https://traffic.houstontranstar.org/cctv/transtar/camera.aspx?cam=1921"
      }
    },
    {
      "type": "Feature",
      "geometry": {
        "type": "Point",
        "coordinates": [
          -95.112236,
          29.380792
        ]
      },
      "properties": {
        "name": "SH6 @ FM1764",
        "roadway": "SH-6",
        "location": "FM1764",
        "direction": "North",
        "image": "https://www.houstontranstar.org/snapshots/cctv/1923.jpg",
        "monitor": "0",
        "validimg": "True",
        "frameCount": "1",
        "framePauseMs": "0",
        "page": "https://traffic.houstontranstar.org/cctv/transtar/camera.aspx?cam=1923"
      }
    },
    {
      "type": "Feature",
      "geometry": {
        "type": "Point",
        "coordinates": [
          -95.089603,
          29.372674
        ]
      },
      "properties": {
        "name": "SH6 @ FM646N",
        "roadway": "SH-6",
        "location": "FM646N",
        "direction": "South",
        "image": "https://www.houstontranstar.org/snapshots/cctv/1924.jpg",
        "monitor": "0",
        "validimg": "True",
        "frameCount": "1",
        "framePauseMs": "0",
        "page": "https://traffic.houstontranstar.org/cctv/transtar/camera.aspx?cam=1924"
      }
    },
    {
      "type": "Feature",
      "geometry": {
        "type": "Point",
        "coordinates": [
          -95.081574,
          29.370223
        ]
      },
      "properties": {
        "name": "SH6 @ FM646S",
        "roadway": "SH-6",
        "location": "FM646S",
        "direction": "North",
        "image": "https://www.houstontranstar.org/snapshots/cctv/1925.jpg",
        "monitor": "0",
        "validimg": "True",
        "frameCount": "1",
        "framePauseMs": "0",
        "page": "https://traffic.houstontranstar.org/cctv/transtar/camera.aspx?cam=1925"
      }
    },
    {
      "type": "Feature",
      "geometry": {
        "type": "Point",
        "coordinates": [
          -95.030753,
          29.352627
        ]
      },
      "properties": {
        "name": "SH6 @ FM2004",
        "roadway": "SH-6",
        "location": "FM2004",
        "direction": "South",
        "image": "https://www.houstontranstar.org/snapshots/cctv/1926.jpg",
        "monitor": "0",
        "validimg": "True",
        "frameCount": "1",
        "framePauseMs": "0",
        "page": "https://traffic.houstontranstar.org/cctv/transtar/camera.aspx?cam=1926"
      }
    },
    {
      "type": "Feature",
      "geometry": {
        "type": "Point",
        "coordinates": [
          -95.016252,
          29.348574
        ]
      },
      "properties": {
        "name": "SH6 @ FM519",
        "roadway": "SH-6",
        "location": "FM519",
        "direction": "North",
        "image": "https://www.houstontranstar.org/snapshots/cctv/1927.jpg",
        "monitor": "0",
        "validimg": "True",
        "frameCount": "1",
        "framePauseMs": "0",
        "page": "https://traffic.houstontranstar.org/cctv/transtar/camera.aspx?cam=1927"
      }
    },
    {
      "type": "Feature",
      "geometry": {
        "type": "Point",
        "coordinates": [
          -94.996445,
          29.342259
        ]
      },
      "properties": {
        "name": "SH6 @ Fairwood",
        "roadway": "SH-6",
        "location": "Fairwood",
        "direction": "South",
        "image": "https://www.houstontranstar.org/snapshots/cctv/1928.jpg",
        "monitor": "0",
        "validimg": "True",
        "frameCount": "1",
        "framePauseMs": "0",
        "page": "https://traffic.houstontranstar.org/cctv/transtar/camera.aspx?cam=1928"
      }
    },
    {
      "type": "Feature",
      "geometry": {
        "type": "Point",
        "coordinates": [
          -94.938843,
          29.330491
        ]
      },
      "properties": {
        "name": "SH6 @ Tarpon",
        "roadway": "SH-6",
        "location": "Tarpon",
        "direction": "South",
        "image": "https://www.houstontranstar.org/snapshots/cctv/1929.jpg",
        "monitor": "0",
        "validimg": "False",
        "frameCount": "1",
        "framePauseMs": "0",
        "page": "https://traffic.houstontranstar.org/cctv/transtar/camera.aspx?cam=1929"
      }
    },
    {
      "type": "Feature",
      "geometry": {
        "type": "Point",
        "coordinates": [
          -95.68276303,
          29.57227694
        ]
      },
      "properties": {
        "name": "SH 99 @ River Park Toll Plaza",
        "roadway": "SH-99 Lanier Parkway-West",
        "location": "River Park Toll Plaza",
        "direction": "East",
        "image": "https://www.houstontranstar.org/snapshots/cctv/2262.jpg",
        "monitor": "0",
        "validimg": "False",
        "frameCount": "1",
        "framePauseMs": "0",
        "page": "https://traffic.houstontranstar.org/cctv/transtar/camera.aspx?cam=2262"
      }
    },
    {
      "type": "Feature",
      "geometry": {
        "type": "Point",
        "coordinates": [
          -95.67892161,
          29.57844169
        ]
      },
      "properties": {
        "name": "SH 99 @ South of Brazos River",
        "roadway": "SH-99 Lanier Parkway-West",
        "location": "South of Brazos River",
        "direction": "East",
        "image": "https://www.houstontranstar.org/snapshots/cctv/2263.jpg",
        "monitor": "0",
        "validimg": "True",
        "frameCount": "1",
        "framePauseMs": "0",
        "page": "https://traffic.houstontranstar.org/cctv/transtar/camera.aspx?cam=2263"
      }
    },
    {
      "type": "Feature",
      "geometry": {
        "type": "Point",
        "coordinates": [
          -95.67745311,
          29.58490016
        ]
      },
      "properties": {
        "name": "SH 99 @ North of Brazos River",
        "roadway": "SH-99 Lanier Parkway-West",
        "location": "North of Brazos River",
        "direction": "East",
        "image": "https://www.houstontranstar.org/snapshots/cctv/2264.jpg",
        "monitor": "0",
        "validimg": "False",
        "frameCount": "1",
        "framePauseMs": "0",
        "page": "https://traffic.houstontranstar.org/cctv/transtar/camera.aspx?cam=2264"
      }
    },
    {
      "type": "Feature",
      "geometry": {
        "type": "Point",
        "coordinates": [
          -95.67951593,
          29.59213558
        ]
      },
      "properties": {
        "name": "SH 99 @ New Territory",
        "roadway": "SH-99 Lanier Parkway-West",
        "location": "New Territory Blvd",
        "direction": "East",
        "image": "https://www.houstontranstar.org/snapshots/cctv/2265.jpg",
        "monitor": "0",
        "validimg": "False",
        "frameCount": "1",
        "framePauseMs": "0",
        "page": "https://traffic.houstontranstar.org/cctv/transtar/camera.aspx?cam=2265"
      }
    },
    {
      "type": "Feature",
      "geometry": {
        "type": "Point",
        "coordinates": [
          -95.68338811,
          29.6001314
        ]
      },
      "properties": {
        "name": "SH 99 @ Sandhill",
        "roadway": "SH-99 Lanier Parkway-West",
        "location": "Sandhill",
        "direction": "East",
        "image": "https://www.houstontranstar.org/snapshots/cctv/2267.jpg",
        "monitor": "0",
        "validimg": "False",
        "frameCount": "1",
        "framePauseMs": "0",
        "page": "https://traffic.houstontranstar.org/cctv/transtar/camera.aspx?cam=2267"
      }
    },
    {
      "type": "Feature",
      "geometry": {
        "type": "Point",
        "coordinates": [
          -95.68654877,
          29.60600204
        ]
      },
      "properties": {
        "name": "SH 99 @ US90A",
        "roadway": "SH-99 Lanier Parkway-West",
        "location": "US90A",
        "direction": "East",
        "image": "https://www.houstontranstar.org/snapshots/cctv/2268.jpg",
        "monitor": "0",
        "validimg": "True",
        "frameCount": "1",
        "framePauseMs": "0",
        "page": "https://traffic.houstontranstar.org/cctv/transtar/camera.aspx?cam=2268"
      }
    },
    {
      "type": "Feature",
      "geometry": {
        "type": "Point",
        "coordinates": [
          -95.69037,
          29.61220872
        ]
      },
      "properties": {
        "name": "SH 99 @ Windsor Estates",
        "roadway": "SH-99 Lanier Parkway-West",
        "location": "N of US-90A",
        "direction": "East",
        "image": "https://www.houstontranstar.org/snapshots/cctv/2269.jpg",
        "monitor": "0",
        "validimg": "False",
        "frameCount": "1",
        "framePauseMs": "0",
        "page": "https://traffic.houstontranstar.org/cctv/transtar/camera.aspx?cam=2269"
      }
    },
    {
      "type": "Feature",
      "geometry": {
        "type": "Point",
        "coordinates": [
          -95.70472602,
          29.63811392
        ]
      },
      "properties": {
        "name": "SH 99 @ Oyster Creek",
        "roadway": "SH-99 Lanier Parkway-West",
        "location": "Oyster Creek",
        "direction": "East",
        "image": "https://www.houstontranstar.org/snapshots/cctv/2270.jpg",
        "monitor": "0",
        "validimg": "True",
        "frameCount": "1",
        "framePauseMs": "0",
        "page": "https://traffic.houstontranstar.org/cctv/transtar/camera.aspx?cam=2270"
      }
    },
    {
      "type": "Feature",
      "geometry": {
        "type": "Point",
        "coordinates": [
          -95.71245715,
          29.65584467
        ]
      },
      "properties": {
        "name": "SH 99 @ Airport",
        "roadway": "SH-99 Lanier Parkway-West",
        "location": "Airport Blvd",
        "direction": "East",
        "image": "https://www.houstontranstar.org/snapshots/cctv/2271.jpg",
        "monitor": "0",
        "validimg": "True",
        "frameCount": "1",
        "framePauseMs": "0",
        "page": "https://traffic.houstontranstar.org/cctv/transtar/camera.aspx?cam=2271"
      }
    },
    {
      "type": "Feature",
      "geometry": {
        "type": "Point",
        "coordinates": [
          -95.71661,
          29.65941
        ]
      },
      "properties": {
        "name": "SH 99 @ Waterview Meadow",
        "roadway": "SH-99 Lanier Parkway-West",
        "location": "Harlem Rd",
        "direction": "East",
        "image": "https://www.houstontranstar.org/snapshots/cctv/2272.jpg",
        "monitor": "0",
        "validimg": "False",
        "frameCount": "1",
        "framePauseMs": "0",
        "page": "https://traffic.houstontranstar.org/cctv/transtar/camera.aspx?cam=2272"
      }
    },
    {
      "type": "Feature",
      "geometry": {
        "type": "Point",
        "coordinates": [
          -95.74064,
          29.661884
        ]
      },
      "properties": {
        "name": "SH 99 @ West Bellfort",
        "roadway": "SH-99 Lanier Parkway-West",
        "location": "West Bellfort",
        "direction": "East",
        "image": "https://www.houstontranstar.org/snapshots/cctv/2273.jpg",
        "monitor": "0",
        "validimg": "True",
        "frameCount": "1",
        "framePauseMs": "0",
        "page": "https://traffic.houstontranstar.org/cctv/transtar/camera.aspx?cam=2273"
      }
    },
    {
      "type": "Feature",
      "geometry": {
        "type": "Point",
        "coordinates": [
          -95.74508626,
          29.6654629
        ]
      },
      "properties": {
        "name": "SH 99 @ N of West Bellfort",
        "roadway": "SH-99 Lanier Parkway-West",
        "location": "N of West Bellfort",
        "direction": "None",
        "image": "https://www.houstontranstar.org/snapshots/cctv/2274.jpg",
        "monitor": "0",
        "validimg": "True",
        "frameCount": "1",
        "framePauseMs": "0",
        "page": "https://traffic.houstontranstar.org/cctv/transtar/camera.aspx?cam=2274"
      }
    },
    {
      "type": "Feature",
      "geometry": {
        "type": "Point",
        "coordinates": [
          -95.75881592,
          29.67680135
        ]
      },
      "properties": {
        "name": "SH 99 @ Peek 1",
        "roadway": "SH-99 Lanier Parkway-West",
        "location": "S of Beechnut",
        "direction": "West",
        "image": "https://www.houstontranstar.org/snapshots/cctv/2275.jpg",
        "monitor": "0",
        "validimg": "True",
        "frameCount": "1",
        "framePauseMs": "0",
        "page": "https://traffic.houstontranstar.org/cctv/transtar/camera.aspx?cam=2275"
      }
    },
    {
      "type": "Feature",
      "geometry": {
        "type": "Point",
        "coordinates": [
          -95.76775674,
          29.68408845
        ]
      },
      "properties": {
        "name": "SH 99 @ Peek 2",
        "roadway": "SH-99 Lanier Parkway-West",
        "location": "S of Bellaire",
        "direction": "East",
        "image": "https://www.houstontranstar.org/snapshots/cctv/2276.jpg",
        "monitor": "0",
        "validimg": "True",
        "frameCount": "1",
        "framePauseMs": "0",
        "page": "https://traffic.houstontranstar.org/cctv/transtar/camera.aspx?cam=2276"
      }
    },
    {
      "type": "Feature",
      "geometry": {
        "type": "Point",
        "coordinates": [
          -95.769756,
          29.691134
        ]
      },
      "properties": {
        "name": "SH 99 @ Bellaire",
        "roadway": "SH-99 Lanier Parkway-West",
        "location": "Bellaire",
        "direction": "East",
        "image": "https://www.houstontranstar.org/snapshots/cctv/2277.jpg",
        "monitor": "0",
        "validimg": "False",
        "frameCount": "1",
        "framePauseMs": "0",
        "page": "https://traffic.houstontranstar.org/cctv/transtar/camera.aspx?cam=2277"
      }
    },
    {
      "type": "Feature",
      "geometry": {
        "type": "Point",
        "coordinates": [
          -95.771317,
          29.692826
        ]
      },
      "properties": {
        "name": "SH 99 @ Bellaire",
        "roadway": "SH-99 Lanier Parkway-West",
        "location": "Bellaire",
        "direction": "East",
        "image": "https://www.houstontranstar.org/snapshots/cctv/2278.jpg",
        "monitor": "0",
        "validimg": "True",
        "frameCount": "1",
        "framePauseMs": "0",
        "page": "https://traffic.houstontranstar.org/cctv/transtar/camera.aspx?cam=2278"
      }
    },
    {
      "type": "Feature",
      "geometry": {
        "type": "Point",
        "coordinates": [
          -95.77470596,
          29.69742965
        ]
      },
      "properties": {
        "name": "SH 99 @ Bella Terra",
        "roadway": "SH-99 Lanier Parkway-West",
        "location": "S of Westpark",
        "direction": "East",
        "image": "https://www.houstontranstar.org/snapshots/cctv/2279.jpg",
        "monitor": "0",
        "validimg": "False",
        "frameCount": "1",
        "framePauseMs": "0",
        "page": "https://traffic.houstontranstar.org/cctv/transtar/camera.aspx?cam=2279"
      }
    },
    {
      "type": "Feature",
      "geometry": {
        "type": "Point",
        "coordinates": [
          -95.7762075,
          29.7041621
        ]
      },
      "properties": {
        "name": "SH 99 @ Westpark",
        "roadway": "SH-99 Lanier Parkway-West",
        "location": "Westpark Tollway",
        "direction": "East",
        "image": "https://www.houstontranstar.org/snapshots/cctv/2280.jpg",
        "monitor": "0",
        "validimg": "True",
        "frameCount": "1",
        "framePauseMs": "0",
        "page": "https://traffic.houstontranstar.org/cctv/transtar/camera.aspx?cam=2280"
      }
    },
    {
      "type": "Feature",
      "geometry": {
        "type": "Point",
        "coordinates": [
          -95.773058,
          29.714662
        ]
      },
      "properties": {
        "name": "SH 99 @ S Fry Rd",
        "roadway": "SH-99 Lanier Parkway-West",
        "location": "S Fry Rd",
        "direction": "East",
        "image": "https://www.houstontranstar.org/snapshots/cctv/2281.jpg",
        "monitor": "0",
        "validimg": "True",
        "frameCount": "1",
        "framePauseMs": "0",
        "page": "https://traffic.houstontranstar.org/cctv/transtar/camera.aspx?cam=2281"
      }
    },
    {
      "type": "Feature",
      "geometry": {
        "type": "Point",
        "coordinates": [
          -95.772786,
          29.744573
        ]
      },
      "properties": {
        "name": "SH 99 @ Cinco Ranch Blvd",
        "roadway": "SH-99 Lanier Parkway-West",
        "location": "Cinco Ranch Blvd",
        "direction": "East",
        "image": "https://www.houstontranstar.org/snapshots/cctv/2282.jpg",
        "monitor": "0",
        "validimg": "False",
        "frameCount": "1",
        "framePauseMs": "0",
        "page": "https://traffic.houstontranstar.org/cctv/transtar/camera.aspx?cam=2282"
      }
    },
    {
      "type": "Feature",
      "geometry": {
        "type": "Point",
        "coordinates": [
          -95.777271,
          29.772888
        ]
      },
      "properties": {
        "name": "SH 99 @ Kingsland",
        "roadway": "SH-99 Lanier Parkway-West",
        "location": "Kingsland",
        "direction": "None",
        "image": "https://www.houstontranstar.org/snapshots/cctv/2283.jpg",
        "monitor": "0",
        "validimg": "False",
        "frameCount": "1",
        "framePauseMs": "0",
        "page": "https://traffic.houstontranstar.org/cctv/transtar/camera.aspx?cam=2283"
      }
    },
    {
      "type": "Feature",
      "geometry": {
        "type": "Point",
        "coordinates": [
          -95.775792,
          29.794149
        ]
      },
      "properties": {
        "name": "SH 99 @ Colonial Parkway",
        "roadway": "SH-99 Lanier Parkway-West",
        "location": "Colonial Parkway",
        "direction": "East",
        "image": "https://www.houstontranstar.org/snapshots/cctv/2301.jpg",
        "monitor": "0",
        "validimg": "True",
        "frameCount": "1",
        "framePauseMs": "0",
        "page": "https://traffic.houstontranstar.org/cctv/transtar/camera.aspx?cam=2301"
      }
    },
    {
      "type": "Feature",
      "geometry": {
        "type": "Point",
        "coordinates": [
          -95.77484,
          29.804397
        ]
      },
      "properties": {
        "name": "SH 99 @ Franz",
        "roadway": "SH-99 Lanier Parkway-West",
        "location": "Franz",
        "direction": "East",
        "image": "https://www.houstontranstar.org/snapshots/cctv/2302.jpg",
        "monitor": "0",
        "validimg": "True",
        "frameCount": "1",
        "framePauseMs": "0",
        "page": "https://traffic.houstontranstar.org/cctv/transtar/camera.aspx?cam=2302"
      }
    },
    {
      "type": "Feature",
      "geometry": {
        "type": "Point",
        "coordinates": [
          -95.766103,
          29.823666
        ]
      },
      "properties": {
        "name": "SH 99 @ Morton",
        "roadway": "SH-99 Lanier Parkway-West",
        "location": "Morton",
        "direction": "East",
        "image": "https://www.houstontranstar.org/snapshots/cctv/2303.jpg",
        "monitor": "0",
        "validimg": "True",
        "frameCount": "1",
        "framePauseMs": "0",
        "page": "https://traffic.houstontranstar.org/cctv/transtar/camera.aspx?cam=2303"
      }
    },
    {
      "type": "Feature",
      "geometry": {
        "type": "Point",
        "coordinates": [
          -95.7609,
          29.8308
        ]
      },
      "properties": {
        "name": "SH 99 @ Clay Rd.",
        "roadway": "SH-99 Lanier Parkway-West",
        "location": "Clay",
        "direction": "East",
        "image": "https://www.houstontranstar.org/snapshots/cctv/2304.jpg",
        "monitor": "0",
        "validimg": "True",
        "frameCount": "1",
        "framePauseMs": "0",
        "page": "https://traffic.houstontranstar.org/cctv/transtar/camera.aspx?cam=2304"
      }
    },
    {
      "type": "Feature",
      "geometry": {
        "type": "Point",
        "coordinates": [
          -95.756725,
          29.838746
        ]
      },
      "properties": {
        "name": "SH 99 @ Clay Rd. North",
        "roadway": "SH-99 Lanier Parkway-West",
        "location": "Clay North",
        "direction": "East",
        "image": "https://www.houstontranstar.org/snapshots/cctv/2305.jpg",
        "monitor": "0",
        "validimg": "True",
        "frameCount": "1",
        "framePauseMs": "0",
        "page": "https://traffic.houstontranstar.org/cctv/transtar/camera.aspx?cam=2305"
      }
    },
    {
      "type": "Feature",
      "geometry": {
        "type": "Point",
        "coordinates": [
          -95.756125,
          29.846206
        ]
      },
      "properties": {
        "name": "SH 99 @ Stockdick",
        "roadway": "SH-99 Lanier Parkway-West",
        "location": "Stockdick",
        "direction": "East",
        "image": "https://www.houstontranstar.org/snapshots/cctv/2306.jpg",
        "monitor": "0",
        "validimg": "True",
        "frameCount": "1",
        "framePauseMs": "0",
        "page": "https://traffic.houstontranstar.org/cctv/transtar/camera.aspx?cam=2306"
      }
    },
    {
      "type": "Feature",
      "geometry": {
        "type": "Point",
        "coordinates": [
          -95.756083,
          29.86014
        ]
      },
      "properties": {
        "name": "SH 99 @ Beckendorff Rd.",
        "roadway": "SH-99 Lanier Parkway-West",
        "location": "Beckendorff",
        "direction": "East",
        "image": "https://www.houstontranstar.org/snapshots/cctv/2307.jpg",
        "monitor": "0",
        "validimg": "True",
        "frameCount": "1",
        "framePauseMs": "0",
        "page": "https://traffic.houstontranstar.org/cctv/transtar/camera.aspx?cam=2307"
      }
    },
    {
      "type": "Feature",
      "geometry": {
        "type": "Point",
        "coordinates": [
          -95.756258,
          29.875869
        ]
      },
      "properties": {
        "name": "SH 99 @ 529",
        "roadway": "SH-99 Lanier Parkway-West",
        "location": "FM-529",
        "direction": "East",
        "image": "https://www.houstontranstar.org/snapshots/cctv/2308.jpg",
        "monitor": "0",
        "validimg": "True",
        "frameCount": "1",
        "framePauseMs": "0",
        "page": "https://traffic.houstontranstar.org/cctv/transtar/camera.aspx?cam=2308"
      }
    },
    {
      "type": "Feature",
      "geometry": {
        "type": "Point",
        "coordinates": [
          -95.757777,
          29.889238
        ]
      },
      "properties": {
        "name": "SH 99 @ Longenbaugh",
        "roadway": "SH-99 Lanier Parkway-West",
        "location": "Longenbaugh",
        "direction": "East",
        "image": "https://www.houstontranstar.org/snapshots/cctv/2309.jpg",
        "monitor": "0",
        "validimg": "True",
        "frameCount": "1",
        "framePauseMs": "0",
        "page": "https://traffic.houstontranstar.org/cctv/transtar/camera.aspx?cam=2309"
      }
    },
    {
      "type": "Feature",
      "geometry": {
        "type": "Point",
        "coordinates": [
          -95.758386,
          29.90488
        ]
      },
      "properties": {
        "name": "SH 99 @ West Rd.",
        "roadway": "SH-99 Lanier Parkway-West",
        "location": "West Rd",
        "direction": "East",
        "image": "https://www.houstontranstar.org/snapshots/cctv/2310.jpg",
        "monitor": "0",
        "validimg": "True",
        "frameCount": "1",
        "framePauseMs": "0",
        "page": "https://traffic.houstontranstar.org/cctv/transtar/camera.aspx?cam=2310"
      }
    },
    {
      "type": "Feature",
      "geometry": {
        "type": "Point",
        "coordinates": [
          -95.761637,
          29.912425
        ]
      },
      "properties": {
        "name": "SH 99 @ West Rd North",
        "roadway": "SH-99 Lanier Parkway-West",
        "location": "West Rd North",
        "direction": "East",
        "image": "https://www.houstontranstar.org/snapshots/cctv/2311.jpg",
        "monitor": "0",
        "validimg": "True",
        "frameCount": "1",
        "framePauseMs": "0",
        "page": "https://traffic.houstontranstar.org/cctv/transtar/camera.aspx?cam=2311"
      }
    },
    {
      "type": "Feature",
      "geometry": {
        "type": "Point",
        "coordinates": [
          -95.761963,
          29.922812
        ]
      },
      "properties": {
        "name": "SH 99 @ Tuckerton",
        "roadway": "SH-99 Lanier Parkway-West",
        "location": "Tuckerton",
        "direction": "East",
        "image": "https://www.houstontranstar.org/snapshots/cctv/2312.jpg",
        "monitor": "0",
        "validimg": "True",
        "frameCount": "1",
        "framePauseMs": "0",
        "page": "https://traffic.houstontranstar.org/cctv/transtar/camera.aspx?cam=2312"
      }
    },
    {
      "type": "Feature",
      "geometry": {
        "type": "Point",
        "coordinates": [
          -95.763194,
          29.93286
        ]
      },
      "properties": {
        "name": "SH 99 @ House Hahl Rd South",
        "roadway": "SH-99 Lanier Parkway-West",
        "location": "House Hahl South",
        "direction": "East",
        "image": "https://www.houstontranstar.org/snapshots/cctv/2313.jpg",
        "monitor": "0",
        "validimg": "True",
        "frameCount": "1",
        "framePauseMs": "0",
        "page": "https://traffic.houstontranstar.org/cctv/transtar/camera.aspx?cam=2313"
      }
    },
    {
      "type": "Feature",
      "geometry": {
        "type": "Point",
        "coordinates": [
          -95.765546,
          29.940309
        ]
      },
      "properties": {
        "name": "SH 99 @ House Hahl Rd",
        "roadway": "SH-99 Lanier Parkway-West",
        "location": "House Hahl Rd",
        "direction": "East",
        "image": "https://www.houstontranstar.org/snapshots/cctv/2314.jpg",
        "monitor": "0",
        "validimg": "True",
        "frameCount": "1",
        "framePauseMs": "0",
        "page": "https://traffic.houstontranstar.org/cctv/transtar/camera.aspx?cam=2314"
      }
    },
    {
      "type": "Feature",
      "geometry": {
        "type": "Point",
        "coordinates": [
          -95.76944,
          29.953796
        ]
      },
      "properties": {
        "name": "SH 99 @ N Bridgeland Lake Pkwy",
        "roadway": "SH-99 Lanier Parkway-West",
        "location": "N Bridgeland Lake Pkwy",
        "direction": "East",
        "image": "https://www.houstontranstar.org/snapshots/cctv/2315.jpg",
        "monitor": "0",
        "validimg": "True",
        "frameCount": "1",
        "framePauseMs": "0",
        "page": "https://traffic.houstontranstar.org/cctv/transtar/camera.aspx?cam=2315"
      }
    },
    {
      "type": "Feature",
      "geometry": {
        "type": "Point",
        "coordinates": [
          -95.769336,
          29.978781
        ]
      },
      "properties": {
        "name": "SH 99 @ Louetta",
        "roadway": "SH-99 Lanier Parkway-West",
        "location": "Louetta",
        "direction": "East",
        "image": "https://www.houstontranstar.org/snapshots/cctv/2316.jpg",
        "monitor": "0",
        "validimg": "True",
        "frameCount": "1",
        "framePauseMs": "0",
        "page": "https://traffic.houstontranstar.org/cctv/transtar/camera.aspx?cam=2316"
      }
    },
    {
      "type": "Feature",
      "geometry": {
        "type": "Point",
        "coordinates": [
          -95.768789,
          29.9915
        ]
      },
      "properties": {
        "name": "SH 99 @ Mound Rd",
        "roadway": "SH-99 Lanier Parkway-West",
        "location": "Mound Rd",
        "direction": "East",
        "image": "https://www.houstontranstar.org/snapshots/cctv/2317.jpg",
        "monitor": "0",
        "validimg": "True",
        "frameCount": "1",
        "framePauseMs": "0",
        "page": "https://traffic.houstontranstar.org/cctv/transtar/camera.aspx?cam=2317"
      }
    },
    {
      "type": "Feature",
      "geometry": {
        "type": "Point",
        "coordinates": [
          -95.768143,
          29.999361
        ]
      },
      "properties": {
        "name": "SH99 @ US-290 (N)",
        "roadway": "SH-99 Lanier Parkway-North",
        "location": "US-290 (N)",
        "direction": "South",
        "image": "https://www.houstontranstar.org/snapshots/cctv/2318.jpg",
        "monitor": "0",
        "validimg": "True",
        "frameCount": "1",
        "framePauseMs": "0",
        "page": "https://traffic.houstontranstar.org/cctv/transtar/camera.aspx?cam=2318"
      }
    },
    {
      "type": "Feature",
      "geometry": {
        "type": "Point",
        "coordinates": [
          -95.768745,
          30.002167
        ]
      },
      "properties": {
        "name": "SH99 @ Cypresswood Rd",
        "roadway": "SH-99 Lanier Parkway-North",
        "location": "Cypresswood Rd",
        "direction": "None",
        "image": "https://www.houstontranstar.org/snapshots/cctv/2319.jpg",
        "monitor": "0",
        "validimg": "True",
        "frameCount": "1",
        "framePauseMs": "0",
        "page": "https://traffic.houstontranstar.org/cctv/transtar/camera.aspx?cam=2319"
      }
    },
    {
      "type": "Feature",
      "geometry": {
        "type": "Point",
        "coordinates": [
          -95.7687,
          30.009239
        ]
      },
      "properties": {
        "name": "SH99 @ Cypresswood Rd (N)",
        "roadway": "SH-99 Lanier Parkway-North",
        "location": "Cypresswood Rd (N)",
        "direction": "None",
        "image": "https://www.houstontranstar.org/snapshots/cctv/2320.jpg",
        "monitor": "0",
        "validimg": "True",
        "frameCount": "1",
        "framePauseMs": "0",
        "page": "https://traffic.houstontranstar.org/cctv/transtar/camera.aspx?cam=2320"
      }
    },
    {
      "type": "Feature",
      "geometry": {
        "type": "Point",
        "coordinates": [
          -95.767143,
          30.024694
        ]
      },
      "properties": {
        "name": "SH99 @ Schiel Rd (N)",
        "roadway": "SH-99 Lanier Parkway-North",
        "location": "Schiel Rd (N)",
        "direction": "None",
        "image": "https://www.houstontranstar.org/snapshots/cctv/2321.jpg",
        "monitor": "0",
        "validimg": "True",
        "frameCount": "1",
        "framePauseMs": "0",
        "page": "https://traffic.houstontranstar.org/cctv/transtar/camera.aspx?cam=2321"
      }
    },
    {
      "type": "Feature",
      "geometry": {
        "type": "Point",
        "coordinates": [
          -95.760918,
          30.038082
        ]
      },
      "properties": {
        "name": "SH99 @ Mason Rd (S)",
        "roadway": "SH-99 Lanier Parkway-North",
        "location": "Mason Rd (S)",
        "direction": "None",
        "image": "https://www.houstontranstar.org/snapshots/cctv/2322.jpg",
        "monitor": "0",
        "validimg": "True",
        "frameCount": "1",
        "framePauseMs": "0",
        "page": "https://traffic.houstontranstar.org/cctv/transtar/camera.aspx?cam=2322"
      }
    },
    {
      "type": "Feature",
      "geometry": {
        "type": "Point",
        "coordinates": [
          -95.75766,
          30.042293
        ]
      },
      "properties": {
        "name": "SH99 @ Mason Rd",
        "roadway": "SH-99 Lanier Parkway-North",
        "location": "Mason Rd",
        "direction": "None",
        "image": "https://www.houstontranstar.org/snapshots/cctv/2323.jpg",
        "monitor": "0",
        "validimg": "True",
        "frameCount": "1",
        "framePauseMs": "0",
        "page": "https://traffic.houstontranstar.org/cctv/transtar/camera.aspx?cam=2323"
      }
    },
    {
      "type": "Feature",
      "geometry": {
        "type": "Point",
        "coordinates": [
          -95.74765,
          30.051935
        ]
      },
      "properties": {
        "name": "SH99 @ Mason Rd (N)",
        "roadway": "SH-99 Lanier Parkway-North",
        "location": "Mason Rd (N)",
        "direction": "None",
        "image": "https://www.houstontranstar.org/snapshots/cctv/2324.jpg",
        "monitor": "0",
        "validimg": "True",
        "frameCount": "1",
        "framePauseMs": "0",
        "page": "https://traffic.houstontranstar.org/cctv/transtar/camera.aspx?cam=2324"
      }
    },
    {
      "type": "Feature",
      "geometry": {
        "type": "Point",
        "coordinates": [
          -95.735992,
          30.053579
        ]
      },
      "properties": {
        "name": "SH99 @ Cumberland Ridge",
        "roadway": "SH-99 Lanier Parkway-North",
        "location": "Cumberland Ridge",
        "direction": "None",
        "image": "https://www.houstontranstar.org/snapshots/cctv/2325.jpg",
        "monitor": "0",
        "validimg": "True",
        "frameCount": "1",
        "framePauseMs": "0",
        "page": "https://traffic.houstontranstar.org/cctv/transtar/camera.aspx?cam=2325"
      }
    },
    {
      "type": "Feature",
      "geometry": {
        "type": "Point",
        "coordinates": [
          -95.719597,
          30.054449
        ]
      },
      "properties": {
        "name": "SH99 @ Cypress Rosehill (W)",
        "roadway": "SH-99 Lanier Parkway-North",
        "location": "Cypress Rosehill (W)",
        "direction": "None",
        "image": "https://www.houstontranstar.org/snapshots/cctv/2326.jpg",
        "monitor": "0",
        "validimg": "True",
        "frameCount": "1",
        "framePauseMs": "0",
        "page": "https://traffic.houstontranstar.org/cctv/transtar/camera.aspx?cam=2326"
      }
    },
    {
      "type": "Feature",
      "geometry": {
        "type": "Point",
        "coordinates": [
          -95.70372,
          30.053781
        ]
      },
      "properties": {
        "name": "SH99 @ Cypress Rosehill",
        "roadway": "SH-99 Lanier Parkway-North",
        "location": "Cypress Rosehill",
        "direction": "None",
        "image": "https://www.houstontranstar.org/snapshots/cctv/2327.jpg",
        "monitor": "0",
        "validimg": "True",
        "frameCount": "1",
        "framePauseMs": "0",
        "page": "https://traffic.houstontranstar.org/cctv/transtar/camera.aspx?cam=2327"
      }
    },
    {
      "type": "Feature",
      "geometry": {
        "type": "Point",
        "coordinates": [
          -95.687553,
          30.050486
        ]
      },
      "properties": {
        "name": "SH99 @ Cypress Rosehill (E)",
        "roadway": "SH-99 Lanier Parkway-North",
        "location": "Cypress Rosehill (E)",
        "direction": "None",
        "image": "https://www.houstontranstar.org/snapshots/cctv/2328.jpg",
        "monitor": "0",
        "validimg": "False",
        "frameCount": "1",
        "framePauseMs": "0",
        "page": "https://traffic.houstontranstar.org/cctv/transtar/camera.aspx?cam=2328"
      }
    },
    {
      "type": "Feature",
      "geometry": {
        "type": "Point",
        "coordinates": [
          -95.669807,
          30.050554
        ]
      },
      "properties": {
        "name": "SH99 @ Cedar Lane (E)",
        "roadway": "SH-99 Lanier Parkway-North",
        "location": "Cedar Lane (E)",
        "direction": "None",
        "image": "https://www.houstontranstar.org/snapshots/cctv/2329.jpg",
        "monitor": "0",
        "validimg": "True",
        "frameCount": "1",
        "framePauseMs": "0",
        "page": "https://traffic.houstontranstar.org/cctv/transtar/camera.aspx?cam=2329"
      }
    },
    {
      "type": "Feature",
      "geometry": {
        "type": "Point",
        "coordinates": [
          -95.65332,
          30.051081
        ]
      },
      "properties": {
        "name": "SH99 @ Shaw Rd (W)",
        "roadway": "SH-99 Lanier Parkway-North",
        "location": "Shaw Rd (W)",
        "direction": "None",
        "image": "https://www.houstontranstar.org/snapshots/cctv/2330.jpg",
        "monitor": "0",
        "validimg": "True",
        "frameCount": "1",
        "framePauseMs": "0",
        "page": "https://traffic.houstontranstar.org/cctv/transtar/camera.aspx?cam=2330"
      }
    },
    {
      "type": "Feature",
      "geometry": {
        "type": "Point",
        "coordinates": [
          -95.638824,
          30.052345
        ]
      },
      "properties": {
        "name": "SH99 @ Shaw Rd",
        "roadway": "SH-99 Lanier Parkway-North",
        "location": "Shaw Rd",
        "direction": "None",
        "image": "https://www.houstontranstar.org/snapshots/cctv/2331.jpg",
        "monitor": "0",
        "validimg": "True",
        "frameCount": "1",
        "framePauseMs": "0",
        "page": "https://traffic.houstontranstar.org/cctv/transtar/camera.aspx?cam=2331"
      }
    },
    {
      "type": "Feature",
      "geometry": {
        "type": "Point",
        "coordinates": [
          -95.621872,
          30.051752
        ]
      },
      "properties": {
        "name": "SH99 @ Boudreaux (W)",
        "roadway": "SH-99 Lanier Parkway-North",
        "location": "Boudreaux (W)",
        "direction": "None",
        "image": "https://www.houstontranstar.org/snapshots/cctv/2332.jpg",
        "monitor": "0",
        "validimg": "True",
        "frameCount": "1",
        "framePauseMs": "0",
        "page": "https://traffic.houstontranstar.org/cctv/transtar/camera.aspx?cam=2332"
      }
    },
    {
      "type": "Feature",
      "geometry": {
        "type": "Point",
        "coordinates": [
          -95.614143,
          30.05086
        ]
      },
      "properties": {
        "name": "SH99 @ SH-249",
        "roadway": "SH-99 Lanier Parkway-North",
        "location": "SH-249",
        "direction": "None",
        "image": "https://www.houstontranstar.org/snapshots/cctv/2333.jpg",
        "monitor": "0",
        "validimg": "True",
        "frameCount": "1",
        "framePauseMs": "0",
        "page": "https://traffic.houstontranstar.org/cctv/transtar/camera.aspx?cam=2333"
      }
    },
    {
      "type": "Feature",
      "geometry": {
        "type": "Point",
        "coordinates": [
          -95.608536,
          30.051931
        ]
      },
      "properties": {
        "name": "SH99 @ Future Boudreaux",
        "roadway": "SH-99 Lanier Parkway-North",
        "location": "Future Boudreaux",
        "direction": "South",
        "image": "https://www.houstontranstar.org/snapshots/cctv/2334.jpg",
        "monitor": "0",
        "validimg": "True",
        "frameCount": "1",
        "framePauseMs": "0",
        "page": "https://traffic.houstontranstar.org/cctv/transtar/camera.aspx?cam=2334"
      }
    },
    {
      "type": "Feature",
      "geometry": {
        "type": "Point",
        "coordinates": [
          -95.596558,
          30.05142
        ]
      },
      "properties": {
        "name": "SH99 @ Huffsmith-Kohrville (W)",
        "roadway": "SH-99 Lanier Parkway-North",
        "location": "Huffsmith-Kohrville (W)",
        "direction": "South",
        "image": "https://www.houstontranstar.org/snapshots/cctv/2335.jpg",
        "monitor": "0",
        "validimg": "True",
        "frameCount": "1",
        "framePauseMs": "0",
        "page": "https://traffic.houstontranstar.org/cctv/transtar/camera.aspx?cam=2335"
      }
    },
    {
      "type": "Feature",
      "geometry": {
        "type": "Point",
        "coordinates": [
          -95.580551,
          30.052656
        ]
      },
      "properties": {
        "name": "SH99 @ Gleannloch Forest",
        "roadway": "SH-99 Lanier Parkway-North",
        "location": "Gleannloch Forest",
        "direction": "South",
        "image": "https://www.houstontranstar.org/snapshots/cctv/2336.jpg",
        "monitor": "0",
        "validimg": "True",
        "frameCount": "1",
        "framePauseMs": "0",
        "page": "https://traffic.houstontranstar.org/cctv/transtar/camera.aspx?cam=2336"
      }
    },
    {
      "type": "Feature",
      "geometry": {
        "type": "Point",
        "coordinates": [
          -95.576019,
          30.056755
        ]
      },
      "properties": {
        "name": "SH99 @ Champion Forest",
        "roadway": "SH-99 Lanier Parkway-North",
        "location": "Champion Forest",
        "direction": "South",
        "image": "https://www.houstontranstar.org/snapshots/cctv/2337.jpg",
        "monitor": "0",
        "validimg": "True",
        "frameCount": "1",
        "framePauseMs": "0",
        "page": "https://traffic.houstontranstar.org/cctv/transtar/camera.aspx?cam=2337"
      }
    },
    {
      "type": "Feature",
      "geometry": {
        "type": "Point",
        "coordinates": [
          -95.564674,
          30.066734
        ]
      },
      "properties": {
        "name": "SH99 @ Glenwillow Dr",
        "roadway": "SH-99 Lanier Parkway-North",
        "location": "Glenwillow Dr",
        "direction": "South",
        "image": "https://www.houstontranstar.org/snapshots/cctv/2338.jpg",
        "monitor": "0",
        "validimg": "True",
        "frameCount": "1",
        "framePauseMs": "0",
        "page": "https://traffic.houstontranstar.org/cctv/transtar/camera.aspx?cam=2338"
      }
    },
    {
      "type": "Feature",
      "geometry": {
        "type": "Point",
        "coordinates": [
          -95.55793,
          30.073515
        ]
      },
      "properties": {
        "name": "SH99 @ FM2920",
        "roadway": "SH-99 Lanier Parkway-North",
        "location": "FM2920",
        "direction": "South",
        "image": "https://www.houstontranstar.org/snapshots/cctv/2339.jpg",
        "monitor": "0",
        "validimg": "True",
        "frameCount": "1",
        "framePauseMs": "0",
        "page": "https://traffic.houstontranstar.org/cctv/transtar/camera.aspx?cam=2339"
      }
    },
    {
      "type": "Feature",
      "geometry": {
        "type": "Point",
        "coordinates": [
          -95.555176,
          30.076473
        ]
      },
      "properties": {
        "name": "SH99 @ Boudreaux 1 (W)",
        "roadway": "SH-99 Lanier Parkway-North",
        "location": "Boudreaux 1 (W)",
        "direction": "South",
        "image": "https://www.houstontranstar.org/snapshots/cctv/2340.jpg",
        "monitor": "0",
        "validimg": "True",
        "frameCount": "1",
        "framePauseMs": "0",
        "page": "https://traffic.houstontranstar.org/cctv/transtar/camera.aspx?cam=2340"
      }
    },
    {
      "type": "Feature",
      "geometry": {
        "type": "Point",
        "coordinates": [
          -95.542877,
          30.077799
        ]
      },
      "properties": {
        "name": "SH99 @ Boudreaux 1 (E)",
        "roadway": "SH-99 Lanier Parkway-North",
        "location": "Boudreaux 1 (E)",
        "direction": "South",
        "image": "https://www.houstontranstar.org/snapshots/cctv/2341.jpg",
        "monitor": "0",
        "validimg": "True",
        "frameCount": "1",
        "framePauseMs": "0",
        "page": "https://traffic.houstontranstar.org/cctv/transtar/camera.aspx?cam=2341"
      }
    },
    {
      "type": "Feature",
      "geometry": {
        "type": "Point",
        "coordinates": [
          -95.534714,
          30.084902
        ]
      },
      "properties": {
        "name": "SH99 @ Boudreaux 2 (W)",
        "roadway": "SH-99 Lanier Parkway-North",
        "location": "Boudreaux 2 (W)",
        "direction": "South",
        "image": "https://www.houstontranstar.org/snapshots/cctv/2342.jpg",
        "monitor": "0",
        "validimg": "True",
        "frameCount": "1",
        "framePauseMs": "0",
        "page": "https://traffic.houstontranstar.org/cctv/transtar/camera.aspx?cam=2342"
      }
    },
    {
      "type": "Feature",
      "geometry": {
        "type": "Point",
        "coordinates": [
          -95.530487,
          30.086105
        ]
      },
      "properties": {
        "name": "SH99 @ Boudreaux 2",
        "roadway": "SH-99 Lanier Parkway-North",
        "location": "Boudreaux 2",
        "direction": "South",
        "image": "https://www.houstontranstar.org/snapshots/cctv/2343.jpg",
        "monitor": "0",
        "validimg": "False",
        "frameCount": "1",
        "framePauseMs": "0",
        "page": "https://traffic.houstontranstar.org/cctv/transtar/camera.aspx?cam=2343"
      }
    },
    {
      "type": "Feature",
      "geometry": {
        "type": "Point",
        "coordinates": [
          -95.515793,
          30.093027
        ]
      },
      "properties": {
        "name": "SH99 @ Northcrest",
        "roadway": "SH-99 Lanier Parkway-North",
        "location": "Northcrest",
        "direction": "None",
        "image": "https://www.houstontranstar.org/snapshots/cctv/2344.jpg",
        "monitor": "0",
        "validimg": "True",
        "frameCount": "1",
        "framePauseMs": "0",
        "page": "https://traffic.houstontranstar.org/cctv/transtar/camera.aspx?cam=2344"
      }
    },
    {
      "type": "Feature",
      "geometry": {
        "type": "Point",
        "coordinates": [
          -95.506966,
          30.09453
        ]
      },
      "properties": {
        "name": "SH99 @ Gosling",
        "roadway": "SH-99 Lanier Parkway-North",
        "location": "Gosling",
        "direction": "South",
        "image": "https://www.houstontranstar.org/snapshots/cctv/2345.jpg",
        "monitor": "0",
        "validimg": "True",
        "frameCount": "1",
        "framePauseMs": "0",
        "page": "https://traffic.houstontranstar.org/cctv/transtar/camera.aspx?cam=2345"
      }
    },
    {
      "type": "Feature",
      "geometry": {
        "type": "Point",
        "coordinates": [
          -95.498726,
          30.094618
        ]
      },
      "properties": {
        "name": "SH99 @ Rothwood Rd",
        "roadway": "SH-99 Lanier Parkway-North",
        "location": "Rothwood Rd",
        "direction": "South",
        "image": "https://www.houstontranstar.org/snapshots/cctv/2346.jpg",
        "monitor": "0",
        "validimg": "True",
        "frameCount": "1",
        "framePauseMs": "0",
        "page": "https://traffic.houstontranstar.org/cctv/transtar/camera.aspx?cam=2346"
      }
    },
    {
      "type": "Feature",
      "geometry": {
        "type": "Point",
        "coordinates": [
          -95.490898,
          30.094047
        ]
      },
      "properties": {
        "name": "SH99 @ Rothwood Rd (E)",
        "roadway": "SH-99 Lanier Parkway-North",
        "location": "Rothwood Rd (E)",
        "direction": "South",
        "image": "https://www.houstontranstar.org/snapshots/cctv/2347.jpg",
        "monitor": "0",
        "validimg": "False",
        "frameCount": "1",
        "framePauseMs": "0",
        "page": "https://traffic.houstontranstar.org/cctv/transtar/camera.aspx?cam=2347"
      }
    },
    {
      "type": "Feature",
      "geometry": {
        "type": "Point",
        "coordinates": [
          -95.480606,
          30.09333
        ]
      },
      "properties": {
        "name": "SH99 @ Mossy Oaks",
        "roadway": "SH-99 Lanier Parkway-North",
        "location": "Mossy Oaks",
        "direction": "South",
        "image": "https://www.houstontranstar.org/snapshots/cctv/2348.jpg",
        "monitor": "0",
        "validimg": "False",
        "frameCount": "1",
        "framePauseMs": "0",
        "page": "https://traffic.houstontranstar.org/cctv/transtar/camera.aspx?cam=2348"
      }
    },
    {
      "type": "Feature",
      "geometry": {
        "type": "Point",
        "coordinates": [
          -95.4645,
          30.090515
        ]
      },
      "properties": {
        "name": "SH99 @ Springwoods Village Pkwy (W)",
        "roadway": "SH-99 Lanier Parkway-North",
        "location": "Springwoods Village Pkwy (W)",
        "direction": "North",
        "image": "https://www.houstontranstar.org/snapshots/cctv/2349.jpg",
        "monitor": "0",
        "validimg": "True",
        "frameCount": "1",
        "framePauseMs": "0",
        "page": "https://traffic.houstontranstar.org/cctv/transtar/camera.aspx?cam=2349"
      }
    },
    {
      "type": "Feature",
      "geometry": {
        "type": "Point",
        "coordinates": [
          -95.459427,
          30.089348
        ]
      },
      "properties": {
        "name": "SH99 @ Springwoods Village Pkwy",
        "roadway": "SH-99 Lanier Parkway-North",
        "location": "Springwoods Village Pkwy",
        "direction": "South",
        "image": "https://www.houstontranstar.org/snapshots/cctv/2350.jpg",
        "monitor": "0",
        "validimg": "True",
        "frameCount": "1",
        "framePauseMs": "0",
        "page": "https://traffic.houstontranstar.org/cctv/transtar/camera.aspx?cam=2350"
      }
    },
    {
      "type": "Feature",
      "geometry": {
        "type": "Point",
        "coordinates": [
          -95.451637,
          30.088297
        ]
      },
      "properties": {
        "name": "SH99 @ Holzwarth",
        "roadway": "SH-99 Lanier Parkway-North",
        "location": "Holzwarth",
        "direction": "South",
        "image": "https://www.houstontranstar.org/snapshots/cctv/2351.jpg",
        "monitor": "0",
        "validimg": "True",
        "frameCount": "1",
        "framePauseMs": "0",
        "page": "https://traffic.houstontranstar.org/cctv/transtar/camera.aspx?cam=2351"
      }
    },
    {
      "type": "Feature",
      "geometry": {
        "type": "Point",
        "coordinates": [
          -95.448151,
          30.088352
        ]
      },
      "properties": {
        "name": "SH99 @ Holzwarth (E)",
        "roadway": "SH-99 Lanier Parkway-North",
        "location": "Holzwarth (E)",
        "direction": "South",
        "image": "https://www.houstontranstar.org/snapshots/cctv/2352.jpg",
        "monitor": "0",
        "validimg": "True",
        "frameCount": "1",
        "framePauseMs": "0",
        "page": "https://traffic.houstontranstar.org/cctv/transtar/camera.aspx?cam=2352"
      }
    },
    {
      "type": "Feature",
      "geometry": {
        "type": "Point",
        "coordinates": [
          -95.443413,
          30.090572
        ]
      },
      "properties": {
        "name": "SH99 @ 45N (W)",
        "roadway": "SH-99 Lanier Parkway-North",
        "location": "West of I-45 North",
        "direction": "South",
        "image": "https://www.houstontranstar.org/snapshots/cctv/2353.jpg",
        "monitor": "0",
        "validimg": "True",
        "frameCount": "1",
        "framePauseMs": "0",
        "page": "https://traffic.houstontranstar.org/cctv/transtar/camera.aspx?cam=2353"
      }
    },
    {
      "type": "Feature",
      "geometry": {
        "type": "Point",
        "coordinates": [
          -95.435684,
          30.091799
        ]
      },
      "properties": {
        "name": "SH99 @ 45N",
        "roadway": "SH-99 Lanier Parkway-North",
        "location": "I-45 North",
        "direction": "South",
        "image": "https://www.houstontranstar.org/snapshots/cctv/2354.jpg",
        "monitor": "0",
        "validimg": "True",
        "frameCount": "1",
        "framePauseMs": "0",
        "page": "https://traffic.houstontranstar.org/cctv/transtar/camera.aspx?cam=2354"
      }
    },
    {
      "type": "Feature",
      "geometry": {
        "type": "Point",
        "coordinates": [
          -95.422073,
          30.09202
        ]
      },
      "properties": {
        "name": "SH99 @ North Gate Crossing",
        "roadway": "SH-99 Lanier Parkway-North",
        "location": "Northgate Crossing",
        "direction": "South",
        "image": "https://www.houstontranstar.org/snapshots/cctv/2355.jpg",
        "monitor": "0",
        "validimg": "True",
        "frameCount": "1",
        "framePauseMs": "0",
        "page": "https://traffic.houstontranstar.org/cctv/transtar/camera.aspx?cam=2355"
      }
    },
    {
      "type": "Feature",
      "geometry": {
        "type": "Point",
        "coordinates": [
          -95.412331,
          30.093071
        ]
      },
      "properties": {
        "name": "SH99 @ Hardy Toll Rd",
        "roadway": "SH-99 Lanier Parkway-North",
        "location": "Hardy Toll Road",
        "direction": "South",
        "image": "https://www.houstontranstar.org/snapshots/cctv/2356.jpg",
        "monitor": "0",
        "validimg": "True",
        "frameCount": "1",
        "framePauseMs": "0",
        "page": "https://traffic.houstontranstar.org/cctv/transtar/camera.aspx?cam=2356"
      }
    },
    {
      "type": "Feature",
      "geometry": {
        "type": "Point",
        "coordinates": [
          -95.401825,
          30.097193
        ]
      },
      "properties": {
        "name": "SH99 @ Riley Fuzzel",
        "roadway": "SH-99 Lanier Parkway-North",
        "location": "Riley Fuzzel",
        "direction": "North",
        "image": "https://www.houstontranstar.org/snapshots/cctv/2357.jpg",
        "monitor": "0",
        "validimg": "True",
        "frameCount": "1",
        "framePauseMs": "0",
        "page": "https://traffic.houstontranstar.org/cctv/transtar/camera.aspx?cam=2357"
      }
    },
    {
      "type": "Feature",
      "geometry": {
        "type": "Point",
        "coordinates": [
          -95.393906,
          30.104933
        ]
      },
      "properties": {
        "name": "SH99 @ Riley Fuzzel (E)",
        "roadway": "SH-99 Lanier Parkway-North",
        "location": "East of Riley Fuzzel",
        "direction": "North",
        "image": "https://www.houstontranstar.org/snapshots/cctv/2358.jpg",
        "monitor": "0",
        "validimg": "False",
        "frameCount": "1",
        "framePauseMs": "0",
        "page": "https://traffic.houstontranstar.org/cctv/transtar/camera.aspx?cam=2358"
      }
    },
    {
      "type": "Feature",
      "geometry": {
        "type": "Point",
        "coordinates": [
          -95.385498,
          30.11272
        ]
      },
      "properties": {
        "name": "SH99 @ Rayford (E)",
        "roadway": "SH-99 Lanier Parkway-North",
        "location": "East of Rayford",
        "direction": "South",
        "image": "https://www.houstontranstar.org/snapshots/cctv/2359.jpg",
        "monitor": "0",
        "validimg": "True",
        "frameCount": "1",
        "framePauseMs": "0",
        "page": "https://traffic.houstontranstar.org/cctv/transtar/camera.aspx?cam=2359"
      }
    },
    {
      "type": "Feature",
      "geometry": {
        "type": "Point",
        "coordinates": [
          -95.367394,
          30.124861
        ]
      },
      "properties": {
        "name": "SH99 @ Birnham Woods",
        "roadway": "SH-99 Lanier Parkway-North",
        "location": "Birnham Woods",
        "direction": "South",
        "image": "https://www.houstontranstar.org/snapshots/cctv/2360.jpg",
        "monitor": "0",
        "validimg": "True",
        "frameCount": "1",
        "framePauseMs": "0",
        "page": "https://traffic.houstontranstar.org/cctv/transtar/camera.aspx?cam=2360"
      }
    },
    {
      "type": "Feature",
      "geometry": {
        "type": "Point",
        "coordinates": [
          -95.357429,
          30.13072
        ]
      },
      "properties": {
        "name": "SH99 @ Birnham Woods (E)",
        "roadway": "SH-99 Lanier Parkway-North",
        "location": "East of Birnham Woods",
        "direction": "South",
        "image": "https://www.houstontranstar.org/snapshots/cctv/2361.jpg",
        "monitor": "0",
        "validimg": "True",
        "frameCount": "1",
        "framePauseMs": "0",
        "page": "https://traffic.houstontranstar.org/cctv/transtar/camera.aspx?cam=2361"
      }
    },
    {
      "type": "Feature",
      "geometry": {
        "type": "Point",
        "coordinates": [
          -95.350792,
          30.134386
        ]
      },
      "properties": {
        "name": "SH99 @ San Jacinto Bridge (W)",
        "roadway": "SH-99 Lanier Parkway-North",
        "location": "West of San Jacinto Bridge",
        "direction": "None",
        "image": "https://www.houstontranstar.org/snapshots/cctv/2362.jpg",
        "monitor": "0",
        "validimg": "True",
        "frameCount": "1",
        "framePauseMs": "0",
        "page": "https://traffic.houstontranstar.org/cctv/transtar/camera.aspx?cam=2362"
      }
    },
    {
      "type": "Feature",
      "geometry": {
        "type": "Point",
        "coordinates": [
          -95.337219,
          30.138596
        ]
      },
      "properties": {
        "name": "SH99 @ San Jacinto Bridge",
        "roadway": "SH-99 Lanier Parkway-North",
        "location": "San Jacinto Bridge",
        "direction": "None",
        "image": "https://www.houstontranstar.org/snapshots/cctv/2363.jpg",
        "monitor": "0",
        "validimg": "True",
        "frameCount": "1",
        "framePauseMs": "0",
        "page": "https://traffic.houstontranstar.org/cctv/transtar/camera.aspx?cam=2363"
      }
    },
    {
      "type": "Feature",
      "geometry": {
        "type": "Point",
        "coordinates": [
          -95.322151,
          30.140192
        ]
      },
      "properties": {
        "name": "SH99 @ San Jacinto Bridge (E)",
        "roadway": "SH-99 Lanier Parkway-North",
        "location": "East of San Jacinto Bridge",
        "direction": "None",
        "image": "https://www.houstontranstar.org/snapshots/cctv/2364.jpg",
        "monitor": "0",
        "validimg": "False",
        "frameCount": "1",
        "framePauseMs": "0",
        "page": "https://traffic.houstontranstar.org/cctv/transtar/camera.aspx?cam=2364"
      }
    },
    {
      "type": "Feature",
      "geometry": {
        "type": "Point",
        "coordinates": [
          -95.309669,
          30.138289
        ]
      },
      "properties": {
        "name": "SH99 @ Alexander Ln (W)",
        "roadway": "SH-99 Lanier Parkway-North",
        "location": "West of Alexander Ln",
        "direction": "None",
        "image": "https://www.houstontranstar.org/snapshots/cctv/2365.jpg",
        "monitor": "0",
        "validimg": "False",
        "frameCount": "1",
        "framePauseMs": "0",
        "page": "https://traffic.houstontranstar.org/cctv/transtar/camera.aspx?cam=2365"
      }
    },
    {
      "type": "Feature",
      "geometry": {
        "type": "Point",
        "coordinates": [
          -95.30423,
          30.137844
        ]
      },
      "properties": {
        "name": "SH99 @ Alexander Ln",
        "roadway": "SH-99 Lanier Parkway-North",
        "location": "Alexander Ln",
        "direction": "None",
        "image": "https://www.houstontranstar.org/snapshots/cctv/2366.jpg",
        "monitor": "0",
        "validimg": "False",
        "frameCount": "1",
        "framePauseMs": "0",
        "page": "https://traffic.houstontranstar.org/cctv/transtar/camera.aspx?cam=2366"
      }
    },
    {
      "type": "Feature",
      "geometry": {
        "type": "Point",
        "coordinates": [
          -95.296196,
          30.137518
        ]
      },
      "properties": {
        "name": "SH99 @ 1314 (W)",
        "roadway": "SH-99 Lanier Parkway-North",
        "location": "West of FM-1314",
        "direction": "None",
        "image": "https://www.houstontranstar.org/snapshots/cctv/2367.jpg",
        "monitor": "0",
        "validimg": "False",
        "frameCount": "1",
        "framePauseMs": "0",
        "page": "https://traffic.houstontranstar.org/cctv/transtar/camera.aspx?cam=2367"
      }
    },
    {
      "type": "Feature",
      "geometry": {
        "type": "Point",
        "coordinates": [
          -95.289818,
          30.137415
        ]
      },
      "properties": {
        "name": "SH99 @ 1314",
        "roadway": "SH-99 Lanier Parkway-North",
        "location": "FM-1314",
        "direction": "None",
        "image": "https://www.houstontranstar.org/snapshots/cctv/2368.jpg",
        "monitor": "0",
        "validimg": "True",
        "frameCount": "1",
        "framePauseMs": "0",
        "page": "https://traffic.houstontranstar.org/cctv/transtar/camera.aspx?cam=2368"
      }
    },
    {
      "type": "Feature",
      "geometry": {
        "type": "Point",
        "coordinates": [
          -95.281349,
          30.137678
        ]
      },
      "properties": {
        "name": "SH99 @ 1314 (E)",
        "roadway": "SH-99 Lanier Parkway-North",
        "location": "East of FM-1314",
        "direction": "None",
        "image": "https://www.houstontranstar.org/snapshots/cctv/2369.jpg",
        "monitor": "0",
        "validimg": "True",
        "frameCount": "1",
        "framePauseMs": "0",
        "page": "https://traffic.houstontranstar.org/cctv/transtar/camera.aspx?cam=2369"
      }
    },
    {
      "type": "Feature",
      "geometry": {
        "type": "Point",
        "coordinates": [
          -95.269028,
          30.137608
        ]
      },
      "properties": {
        "name": "SH99 @ Timber Ln (E)",
        "roadway": "SH-99 Lanier Parkway-North",
        "location": "East of Timber Ln",
        "direction": "None",
        "image": "https://www.houstontranstar.org/snapshots/cctv/2370.jpg",
        "monitor": "0",
        "validimg": "True",
        "frameCount": "1",
        "framePauseMs": "0",
        "page": "https://traffic.houstontranstar.org/cctv/transtar/camera.aspx?cam=2370"
      }
    },
    {
      "type": "Feature",
      "geometry": {
        "type": "Point",
        "coordinates": [
          -95.257294,
          30.134016
        ]
      },
      "properties": {
        "name": "SH99 @ Valley Ranch Pkwy (W)",
        "roadway": "SH-99 Lanier Parkway-North",
        "location": "West of Valley Ranch Parkway",
        "direction": "None",
        "image": "https://www.houstontranstar.org/snapshots/cctv/2371.jpg",
        "monitor": "0",
        "validimg": "True",
        "frameCount": "1",
        "framePauseMs": "0",
        "page": "https://traffic.houstontranstar.org/cctv/transtar/camera.aspx?cam=2371"
      }
    },
    {
      "type": "Feature",
      "geometry": {
        "type": "Point",
        "coordinates": [
          -95.247971,
          30.131804
        ]
      },
      "properties": {
        "name": "SH99 @ Valley Ranch Pkwy",
        "roadway": "SH-99 Lanier Parkway-North",
        "location": "Valley Ranch Parkway",
        "direction": "None",
        "image": "https://www.houstontranstar.org/snapshots/cctv/2372.jpg",
        "monitor": "0",
        "validimg": "False",
        "frameCount": "1",
        "framePauseMs": "0",
        "page": "https://traffic.houstontranstar.org/cctv/transtar/camera.aspx?cam=2372"
      }
    },
    {
      "type": "Feature",
      "geometry": {
        "type": "Point",
        "coordinates": [
          -95.243263,
          30.130428
        ]
      },
      "properties": {
        "name": "SH99 @ Valley Ranch Pkwy (E)",
        "roadway": "SH-99 Lanier Parkway-North",
        "location": "East of Valley Ranch Parkway",
        "direction": "None",
        "image": "https://www.houstontranstar.org/snapshots/cctv/2373.jpg",
        "monitor": "0",
        "validimg": "True",
        "frameCount": "1",
        "framePauseMs": "0",
        "page": "https://traffic.houstontranstar.org/cctv/transtar/camera.aspx?cam=2373"
      }
    },
    {
      "type": "Feature",
      "geometry": {
        "type": "Point",
        "coordinates": [
          -95.235969,
          30.129175
        ]
      },
      "properties": {
        "name": "SH99 @ 69N (E)",
        "roadway": "SH-99 Lanier Parkway-North",
        "location": "West of IH-69 Eastex",
        "direction": "None",
        "image": "https://www.houstontranstar.org/snapshots/cctv/2374.jpg",
        "monitor": "0",
        "validimg": "True",
        "frameCount": "1",
        "framePauseMs": "0",
        "page": "https://traffic.houstontranstar.org/cctv/transtar/camera.aspx?cam=2374"
      }
    },
    {
      "type": "Feature",
      "geometry": {
        "type": "Point",
        "coordinates": [
          -95.230919,
          30.12908
        ]
      },
      "properties": {
        "name": "SH99 @ 69N",
        "roadway": "SH-99 Lanier Parkway-North",
        "location": "IH-69 Eastex",
        "direction": "None",
        "image": "https://www.houstontranstar.org/snapshots/cctv/2375.jpg",
        "monitor": "0",
        "validimg": "False",
        "frameCount": "1",
        "framePauseMs": "0",
        "page": "https://traffic.houstontranstar.org/cctv/transtar/camera.aspx?cam=2375"
      }
    },
    {
      "type": "Feature",
      "geometry": {
        "type": "Point",
        "coordinates": [
          -95.227709,
          30.130025
        ]
      },
      "properties": {
        "name": "SH99 @ IH69N (E)",
        "roadway": "SH-99 Lanier Parkway-East",
        "location": "IH69N (E)",
        "direction": "None",
        "image": "https://www.houstontranstar.org/snapshots/cctv/2376.jpg",
        "monitor": "0",
        "validimg": "True",
        "frameCount": "1",
        "framePauseMs": "0",
        "page": "https://traffic.houstontranstar.org/cctv/transtar/camera.aspx?cam=2376"
      }
    },
    {
      "type": "Feature",
      "geometry": {
        "type": "Point",
        "coordinates": [
          -95.22098,
          30.129688
        ]
      },
      "properties": {
        "name": "SH99 @ Loop 494",
        "roadway": "SH-99 Lanier Parkway-East",
        "location": "Loop 494",
        "direction": "None",
        "image": "https://www.houstontranstar.org/snapshots/cctv/2377.jpg",
        "monitor": "0",
        "validimg": "True",
        "frameCount": "1",
        "framePauseMs": "0",
        "page": "https://traffic.houstontranstar.org/cctv/transtar/camera.aspx?cam=2377"
      }
    },
    {
      "type": "Feature",
      "geometry": {
        "type": "Point",
        "coordinates": [
          -95.207614,
          30.130434
        ]
      },
      "properties": {
        "name": "SH99 @ LP 494 (E)",
        "roadway": "SH-99 Lanier Parkway-East",
        "location": "LP 494 (E)",
        "direction": "None",
        "image": "https://www.houstontranstar.org/snapshots/cctv/2378.jpg",
        "monitor": "0",
        "validimg": "False",
        "frameCount": "1",
        "framePauseMs": "0",
        "page": "https://traffic.houstontranstar.org/cctv/transtar/camera.aspx?cam=2378"
      }
    },
    {
      "type": "Feature",
      "geometry": {
        "type": "Point",
        "coordinates": [
          -95.196469,
          30.131902
        ]
      },
      "properties": {
        "name": "SH99 @ Baptist Encampment (W)",
        "roadway": "SH-99 Lanier Parkway-East",
        "location": "Baptist Encampment (W)",
        "direction": "None",
        "image": "https://www.houstontranstar.org/snapshots/cctv/2380.jpg",
        "monitor": "0",
        "validimg": "True",
        "frameCount": "1",
        "framePauseMs": "0",
        "page": "https://traffic.houstontranstar.org/cctv/transtar/camera.aspx?cam=2380"
      }
    },
    {
      "type": "Feature",
      "geometry": {
        "type": "Point",
        "coordinates": [
          -95.189259,
          30.134884
        ]
      },
      "properties": {
        "name": "SH99 @ Baptist Encampment",
        "roadway": "SH-99 Lanier Parkway-East",
        "location": "Baptist Encampment",
        "direction": "None",
        "image": "https://www.houstontranstar.org/snapshots/cctv/2381.jpg",
        "monitor": "0",
        "validimg": "True",
        "frameCount": "1",
        "framePauseMs": "0",
        "page": "https://traffic.houstontranstar.org/cctv/transtar/camera.aspx?cam=2381"
      }
    },
    {
      "type": "Feature",
      "geometry": {
        "type": "Point",
        "coordinates": [
          -95.184442,
          30.139384
        ]
      },
      "properties": {
        "name": "SH99 @ Baptist Encampment (E)",
        "roadway": "SH-99 Lanier Parkway-East",
        "location": "Baptist Encampment (E)",
        "direction": "None",
        "image": "https://www.houstontranstar.org/snapshots/cctv/2382.jpg",
        "monitor": "0",
        "validimg": "True",
        "frameCount": "1",
        "framePauseMs": "0",
        "page": "https://traffic.houstontranstar.org/cctv/transtar/camera.aspx?cam=2382"
      }
    },
    {
      "type": "Feature",
      "geometry": {
        "type": "Point",
        "coordinates": [
          -95.181293,
          30.143829
        ]
      },
      "properties": {
        "name": "SH99 @ FM 1485",
        "roadway": "SH-99 Lanier Parkway-East",
        "location": "FM 1485",
        "direction": "None",
        "image": "https://www.houstontranstar.org/snapshots/cctv/2383.jpg",
        "monitor": "0",
        "validimg": "False",
        "frameCount": "1",
        "framePauseMs": "0",
        "page": "https://traffic.houstontranstar.org/cctv/transtar/camera.aspx?cam=2383"
      }
    },
    {
      "type": "Feature",
      "geometry": {
        "type": "Point",
        "coordinates": [
          -95.177289,
          30.146545
        ]
      },
      "properties": {
        "name": "SH99 @ Wilderness",
        "roadway": "SH-99 Lanier Parkway-East",
        "location": "Wilderness",
        "direction": "None",
        "image": "https://www.houstontranstar.org/snapshots/cctv/2384.jpg",
        "monitor": "0",
        "validimg": "True",
        "frameCount": "1",
        "framePauseMs": "0",
        "page": "https://traffic.houstontranstar.org/cctv/transtar/camera.aspx?cam=2384"
      }
    },
    {
      "type": "Feature",
      "geometry": {
        "type": "Point",
        "coordinates": [
          -95.168694,
          30.148386
        ]
      },
      "properties": {
        "name": "SH99 @ Roadway Ln",
        "roadway": "SH-99 Lanier Parkway-East",
        "location": "Roadway Ln",
        "direction": "None",
        "image": "https://www.houstontranstar.org/snapshots/cctv/2385.jpg",
        "monitor": "0",
        "validimg": "False",
        "frameCount": "1",
        "framePauseMs": "0",
        "page": "https://traffic.houstontranstar.org/cctv/transtar/camera.aspx?cam=2385"
      }
    },
    {
      "type": "Feature",
      "geometry": {
        "type": "Point",
        "coordinates": [
          -95.162586,
          30.149271
        ]
      },
      "properties": {
        "name": "SH99 @ Galaxy Blvd",
        "roadway": "SH-99 Lanier Parkway-East",
        "location": "Galaxy Blvd",
        "direction": "None",
        "image": "https://www.houstontranstar.org/snapshots/cctv/2386.jpg",
        "monitor": "0",
        "validimg": "False",
        "frameCount": "1",
        "framePauseMs": "0",
        "page": "https://traffic.houstontranstar.org/cctv/transtar/camera.aspx?cam=2386"
      }
    },
    {
      "type": "Feature",
      "geometry": {
        "type": "Point",
        "coordinates": [
          -95.134364,
          30.147509
        ]
      },
      "properties": {
        "name": "SH99 @ Monday Hargrove",
        "roadway": "SH-99 Lanier Parkway-East",
        "location": "Monday Hargrove",
        "direction": "None",
        "image": "https://www.houstontranstar.org/snapshots/cctv/2387.jpg",
        "monitor": "0",
        "validimg": "False",
        "frameCount": "1",
        "framePauseMs": "0",
        "page": "https://traffic.houstontranstar.org/cctv/transtar/camera.aspx?cam=2387"
      }
    },
    {
      "type": "Feature",
      "geometry": {
        "type": "Point",
        "coordinates": [
          -95.117728,
          30.146652
        ]
      },
      "properties": {
        "name": "SH99 @ Cypress Hollow",
        "roadway": "SH-99 Lanier Parkway-East",
        "location": "Cypress Hollow",
        "direction": "None",
        "image": "https://www.houstontranstar.org/snapshots/cctv/2388.jpg",
        "monitor": "0",
        "validimg": "False",
        "frameCount": "1",
        "framePauseMs": "0",
        "page": "https://traffic.houstontranstar.org/cctv/transtar/camera.aspx?cam=2388"
      }
    },
    {
      "type": "Feature",
      "geometry": {
        "type": "Point",
        "coordinates": [
          -95.103091,
          30.150937
        ]
      },
      "properties": {
        "name": "SH99 @ Plum Grove (W)",
        "roadway": "SH-99 Lanier Parkway-East",
        "location": "Plum Grove (W)",
        "direction": "None",
        "image": "https://www.houstontranstar.org/snapshots/cctv/2389.jpg",
        "monitor": "0",
        "validimg": "False",
        "frameCount": "1",
        "framePauseMs": "0",
        "page": "https://traffic.houstontranstar.org/cctv/transtar/camera.aspx?cam=2389"
      }
    },
    {
      "type": "Feature",
      "geometry": {
        "type": "Point",
        "coordinates": [
          -95.097951,
          30.152093
        ]
      },
      "properties": {
        "name": "SH99 @ Plum Grove",
        "roadway": "SH-99 Lanier Parkway-East",
        "location": "Plum Grove",
        "direction": "None",
        "image": "https://www.houstontranstar.org/snapshots/cctv/2390.jpg",
        "monitor": "0",
        "validimg": "False",
        "frameCount": "1",
        "framePauseMs": "0",
        "page": "https://traffic.houstontranstar.org/cctv/transtar/camera.aspx?cam=2390"
      }
    },
    {
      "type": "Feature",
      "geometry": {
        "type": "Point",
        "coordinates": [
          -95.082262,
          30.152005
        ]
      },
      "properties": {
        "name": "SH99 @ Plum Grove (E)",
        "roadway": "SH-99 Lanier Parkway-East",
        "location": "Plum Grove (E)",
        "direction": "None",
        "image": "https://www.houstontranstar.org/snapshots/cctv/2391.jpg",
        "monitor": "0",
        "validimg": "False",
        "frameCount": "1",
        "framePauseMs": "0",
        "page": "https://traffic.houstontranstar.org/cctv/transtar/camera.aspx?cam=2391"
      }
    },
    {
      "type": "Feature",
      "geometry": {
        "type": "Point",
        "coordinates": [
          -95.071822,
          30.151639
        ]
      },
      "properties": {
        "name": "SH99 @ Elm Pl",
        "roadway": "SH-99 Lanier Parkway-East",
        "location": "Elm Pl",
        "direction": "None",
        "image": "https://www.houstontranstar.org/snapshots/cctv/2392.jpg",
        "monitor": "0",
        "validimg": "False",
        "frameCount": "1",
        "framePauseMs": "0",
        "page": "https://traffic.houstontranstar.org/cctv/transtar/camera.aspx?cam=2392"
      }
    },
    {
      "type": "Feature",
      "geometry": {
        "type": "Point",
        "coordinates": [
          -95.067373,
          30.150468
        ]
      },
      "properties": {
        "name": "SH99 @ Miller Wilson",
        "roadway": "SH-99 Lanier Parkway-East",
        "location": "Miller Wilson",
        "direction": "None",
        "image": "https://www.houstontranstar.org/snapshots/cctv/2393.jpg",
        "monitor": "0",
        "validimg": "False",
        "frameCount": "1",
        "framePauseMs": "0",
        "page": "https://traffic.houstontranstar.org/cctv/transtar/camera.aspx?cam=2393"
      }
    },
    {
      "type": "Feature",
      "geometry": {
        "type": "Point",
        "coordinates": [
          -95.05976,
          30.144802
        ]
      },
      "properties": {
        "name": "SH99 @ Magnolia",
        "roadway": "SH-99 Lanier Parkway-East",
        "location": "Magnolia",
        "direction": "None",
        "image": "https://www.houstontranstar.org/snapshots/cctv/2394.jpg",
        "monitor": "0",
        "validimg": "False",
        "frameCount": "1",
        "framePauseMs": "0",
        "page": "https://traffic.houstontranstar.org/cctv/transtar/camera.aspx?cam=2394"
      }
    },
    {
      "type": "Feature",
      "geometry": {
        "type": "Point",
        "coordinates": [
          -95.05608,
          30.136415
        ]
      },
      "properties": {
        "name": "SH99 @ Community (W)",
        "roadway": "SH-99 Lanier Parkway-East",
        "location": "Community (W)",
        "direction": "None",
        "image": "https://www.houstontranstar.org/snapshots/cctv/2395.jpg",
        "monitor": "0",
        "validimg": "True",
        "frameCount": "1",
        "framePauseMs": "0",
        "page": "https://traffic.houstontranstar.org/cctv/transtar/camera.aspx?cam=2395"
      }
    },
    {
      "type": "Feature",
      "geometry": {
        "type": "Point",
        "coordinates": [
          -95.054465,
          30.132518
        ]
      },
      "properties": {
        "name": "SH99 @ Community",
        "roadway": "SH-99 Lanier Parkway-East",
        "location": "Community",
        "direction": "None",
        "image": "https://www.houstontranstar.org/snapshots/cctv/2396.jpg",
        "monitor": "0",
        "validimg": "True",
        "frameCount": "1",
        "framePauseMs": "0",
        "page": "https://traffic.houstontranstar.org/cctv/transtar/camera.aspx?cam=2396"
      }
    },
    {
      "type": "Feature",
      "geometry": {
        "type": "Point",
        "coordinates": [
          -95.050433,
          30.126521
        ]
      },
      "properties": {
        "name": "SH99 @ Community (E)",
        "roadway": "SH-99 Lanier Parkway-East",
        "location": "Community (E)",
        "direction": "None",
        "image": "https://www.houstontranstar.org/snapshots/cctv/2397.jpg",
        "monitor": "0",
        "validimg": "True",
        "frameCount": "1",
        "framePauseMs": "0",
        "page": "https://traffic.houstontranstar.org/cctv/transtar/camera.aspx?cam=2397"
      }
    },
    {
      "type": "Feature",
      "geometry": {
        "type": "Point",
        "coordinates": [
          -95.040778,
          30.117613
        ]
      },
      "properties": {
        "name": "SH99 @ Wolf Trot",
        "roadway": "SH-99 Lanier Parkway-East",
        "location": "Wolf Trot",
        "direction": "None",
        "image": "https://www.houstontranstar.org/snapshots/cctv/2398.jpg",
        "monitor": "0",
        "validimg": "False",
        "frameCount": "1",
        "framePauseMs": "0",
        "page": "https://traffic.houstontranstar.org/cctv/transtar/camera.aspx?cam=2398"
      }
    },
    {
      "type": "Feature",
      "geometry": {
        "type": "Point",
        "coordinates": [
          -95.033307,
          30.10631
        ]
      },
      "properties": {
        "name": "SH99 @ Kingwood (W)",
        "roadway": "SH-99 Lanier Parkway-East",
        "location": "Kingwood (W)",
        "direction": "None",
        "image": "https://www.houstontranstar.org/snapshots/cctv/2399.jpg",
        "monitor": "0",
        "validimg": "False",
        "frameCount": "1",
        "framePauseMs": "0",
        "page": "https://traffic.houstontranstar.org/cctv/transtar/camera.aspx?cam=2399"
      }
    },
    {
      "type": "Feature",
      "geometry": {
        "type": "Point",
        "coordinates": [
          -95.020265,
          30.094518
        ]
      },
      "properties": {
        "name": "SH99 @ Cedar Bayou Trib 1",
        "roadway": "SH-99 Lanier Parkway-East",
        "location": "Cedar Bayou Trib 1",
        "direction": "None",
        "image": "https://www.houstontranstar.org/snapshots/cctv/2401.jpg",
        "monitor": "0",
        "validimg": "True",
        "frameCount": "1",
        "framePauseMs": "0",
        "page": "https://traffic.houstontranstar.org/cctv/transtar/camera.aspx?cam=2401"
      }
    },
    {
      "type": "Feature",
      "geometry": {
        "type": "Point",
        "coordinates": [
          -95.013214,
          30.088989
        ]
      },
      "properties": {
        "name": "SH99 @ Stoesser (CR622)",
        "roadway": "SH-99 Lanier Parkway-East",
        "location": "Stoesser (CR622)",
        "direction": "None",
        "image": "https://www.houstontranstar.org/snapshots/cctv/2402.jpg",
        "monitor": "0",
        "validimg": "True",
        "frameCount": "1",
        "framePauseMs": "0",
        "page": "https://traffic.houstontranstar.org/cctv/transtar/camera.aspx?cam=2402"
      }
    },
    {
      "type": "Feature",
      "geometry": {
        "type": "Point",
        "coordinates": [
          -95.007699,
          30.08403
        ]
      },
      "properties": {
        "name": "SH99 @ E Fork Cedar Bayou",
        "roadway": "SH-99 Lanier Parkway-East",
        "location": "E Fork Cedar Bayou",
        "direction": "None",
        "image": "https://www.houstontranstar.org/snapshots/cctv/2403.jpg",
        "monitor": "0",
        "validimg": "True",
        "frameCount": "1",
        "framePauseMs": "0",
        "page": "https://traffic.houstontranstar.org/cctv/transtar/camera.aspx?cam=2403"
      }
    },
    {
      "type": "Feature",
      "geometry": {
        "type": "Point",
        "coordinates": [
          -95.00152,
          30.075416
        ]
      },
      "properties": {
        "name": "SH99 @ FM 606",
        "roadway": "SH-99 Lanier Parkway-East",
        "location": "FM 606",
        "direction": "None",
        "image": "https://www.houstontranstar.org/snapshots/cctv/2404.jpg",
        "monitor": "0",
        "validimg": "True",
        "frameCount": "1",
        "framePauseMs": "0",
        "page": "https://traffic.houstontranstar.org/cctv/transtar/camera.aspx?cam=2404"
      }
    },
    {
      "type": "Feature",
      "geometry": {
        "type": "Point",
        "coordinates": [
          -94.992539,
          30.063147
        ]
      },
      "properties": {
        "name": "SH99 @ Gun Grove (CR621)",
        "roadway": "SH-99 Lanier Parkway-East",
        "location": "Gun Grove (CR621)",
        "direction": "None",
        "image": "https://www.houstontranstar.org/snapshots/cctv/2405.jpg",
        "monitor": "0",
        "validimg": "False",
        "frameCount": "1",
        "framePauseMs": "0",
        "page": "https://traffic.houstontranstar.org/cctv/transtar/camera.aspx?cam=2405"
      }
    },
    {
      "type": "Feature",
      "geometry": {
        "type": "Point",
        "coordinates": [
          -94.986825,
          30.05931
        ]
      },
      "properties": {
        "name": "SH99 @ CR615",
        "roadway": "SH-99 Lanier Parkway-East",
        "location": "CR615",
        "direction": "None",
        "image": "https://www.houstontranstar.org/snapshots/cctv/2406.jpg",
        "monitor": "0",
        "validimg": "True",
        "frameCount": "1",
        "framePauseMs": "0",
        "page": "https://traffic.houstontranstar.org/cctv/transtar/camera.aspx?cam=2406"
      }
    },
    {
      "type": "Feature",
      "geometry": {
        "type": "Point",
        "coordinates": [
          -94.981786,
          30.055135
        ]
      },
      "properties": {
        "name": "SH99 @ FM 1960 (W)",
        "roadway": "SH-99 Lanier Parkway-East",
        "location": "FM 1960 (W)",
        "direction": "None",
        "image": "https://www.houstontranstar.org/snapshots/cctv/2407.jpg",
        "monitor": "0",
        "validimg": "True",
        "frameCount": "1",
        "framePauseMs": "0",
        "page": "https://traffic.houstontranstar.org/cctv/transtar/camera.aspx?cam=2407"
      }
    },
    {
      "type": "Feature",
      "geometry": {
        "type": "Point",
        "coordinates": [
          -94.976946,
          30.046186
        ]
      },
      "properties": {
        "name": "SH99 @ FM 1960",
        "roadway": "SH-99 Lanier Parkway-East",
        "location": "FM 1960",
        "direction": "None",
        "image": "https://www.houstontranstar.org/snapshots/cctv/2408.jpg",
        "monitor": "0",
        "validimg": "True",
        "frameCount": "1",
        "framePauseMs": "0",
        "page": "https://traffic.houstontranstar.org/cctv/transtar/camera.aspx?cam=2408"
      }
    },
    {
      "type": "Feature",
      "geometry": {
        "type": "Point",
        "coordinates": [
          -94.969128,
          30.035747
        ]
      },
      "properties": {
        "name": "SH99 @ CR605",
        "roadway": "SH-99 Lanier Parkway-East",
        "location": "CR605",
        "direction": "None",
        "image": "https://www.houstontranstar.org/snapshots/cctv/2409.jpg",
        "monitor": "0",
        "validimg": "True",
        "frameCount": "1",
        "framePauseMs": "0",
        "page": "https://traffic.houstontranstar.org/cctv/transtar/camera.aspx?cam=2409"
      }
    },
    {
      "type": "Feature",
      "geometry": {
        "type": "Point",
        "coordinates": [
          -94.958931,
          30.027462
        ]
      },
      "properties": {
        "name": "SH99 @ CR603",
        "roadway": "SH-99 Lanier Parkway-East",
        "location": "CR603",
        "direction": "None",
        "image": "https://www.houstontranstar.org/snapshots/cctv/2410.jpg",
        "monitor": "0",
        "validimg": "True",
        "frameCount": "1",
        "framePauseMs": "0",
        "page": "https://traffic.houstontranstar.org/cctv/transtar/camera.aspx?cam=2410"
      }
    },
    {
      "type": "Feature",
      "geometry": {
        "type": "Point",
        "coordinates": [
          -94.947201,
          30.016378
        ]
      },
      "properties": {
        "name": "SH99 @ CR602",
        "roadway": "SH-99 Lanier Parkway-East",
        "location": "CR602",
        "direction": "None",
        "image": "https://www.houstontranstar.org/snapshots/cctv/2411.jpg",
        "monitor": "0",
        "validimg": "True",
        "frameCount": "1",
        "framePauseMs": "0",
        "page": "https://traffic.houstontranstar.org/cctv/transtar/camera.aspx?cam=2411"
      }
    },
    {
      "type": "Feature",
      "geometry": {
        "type": "Point",
        "coordinates": [
          -94.937271,
          30.009955
        ]
      },
      "properties": {
        "name": "SH99 @ US 90",
        "roadway": "SH-99 Lanier Parkway-East",
        "location": "US 90",
        "direction": "None",
        "image": "https://www.houstontranstar.org/snapshots/cctv/2412.jpg",
        "monitor": "0",
        "validimg": "True",
        "frameCount": "1",
        "framePauseMs": "0",
        "page": "https://traffic.houstontranstar.org/cctv/transtar/camera.aspx?cam=2412"
      }
    },
    {
      "type": "Feature",
      "geometry": {
        "type": "Point",
        "coordinates": [
          -94.928176,
          29.996042
        ]
      },
      "properties": {
        "name": "SH99 @ CR 491 (E)",
        "roadway": "SH-99 Lanier Parkway-East",
        "location": "CR 491 (E)",
        "direction": "None",
        "image": "https://www.houstontranstar.org/snapshots/cctv/2413.jpg",
        "monitor": "0",
        "validimg": "False",
        "frameCount": "1",
        "framePauseMs": "0",
        "page": "https://traffic.houstontranstar.org/cctv/transtar/camera.aspx?cam=2413"
      }
    },
    {
      "type": "Feature",
      "geometry": {
        "type": "Point",
        "coordinates": [
          -94.932663,
          29.97625
        ]
      },
      "properties": {
        "name": "SH99 @ FM 1413 (N)",
        "roadway": "SH-99 Lanier Parkway-East",
        "location": "FM 1413 (N)",
        "direction": "None",
        "image": "https://www.houstontranstar.org/snapshots/cctv/2414.jpg",
        "monitor": "0",
        "validimg": "True",
        "frameCount": "1",
        "framePauseMs": "0",
        "page": "https://traffic.houstontranstar.org/cctv/transtar/camera.aspx?cam=2414"
      }
    },
    {
      "type": "Feature",
      "geometry": {
        "type": "Point",
        "coordinates": [
          -94.931672,
          29.958293
        ]
      },
      "properties": {
        "name": "SH99 @ FM 1413",
        "roadway": "SH-99 Lanier Parkway-East",
        "location": "FM 1413",
        "direction": "None",
        "image": "https://www.houstontranstar.org/snapshots/cctv/2415.jpg",
        "monitor": "0",
        "validimg": "False",
        "frameCount": "1",
        "framePauseMs": "0",
        "page": "https://traffic.houstontranstar.org/cctv/transtar/camera.aspx?cam=2415"
      }
    },
    {
      "type": "Feature",
      "geometry": {
        "type": "Point",
        "coordinates": [
          -94.929549,
          29.932944
        ]
      },
      "properties": {
        "name": "SH99 @ FM 1413 (S)",
        "roadway": "SH-99 Lanier Parkway-East",
        "location": "FM 1413 (S)",
        "direction": "None",
        "image": "https://www.houstontranstar.org/snapshots/cctv/2416.jpg",
        "monitor": "0",
        "validimg": "False",
        "frameCount": "1",
        "framePauseMs": "0",
        "page": "https://traffic.houstontranstar.org/cctv/transtar/camera.aspx?cam=2416"
      }
    },
    {
      "type": "Feature",
      "geometry": {
        "type": "Point",
        "coordinates": [
          -94.9295,
          29.916654
        ]
      },
      "properties": {
        "name": "SH99 @ #58 & RR",
        "roadway": "SH-99 Lanier Parkway-East",
        "location": "#58 & RR",
        "direction": "None",
        "image": "https://www.houstontranstar.org/snapshots/cctv/2417.jpg",
        "monitor": "0",
        "validimg": "False",
        "frameCount": "1",
        "framePauseMs": "0",
        "page": "https://traffic.houstontranstar.org/cctv/transtar/camera.aspx?cam=2417"
      }
    },
    {
      "type": "Feature",
      "geometry": {
        "type": "Point",
        "coordinates": [
          -94.926883,
          29.908769
        ]
      },
      "properties": {
        "name": "SH99 @ #5C & RR",
        "roadway": "SH-99 Lanier Parkway-East",
        "location": "#5C & RR",
        "direction": "None",
        "image": "https://www.houstontranstar.org/snapshots/cctv/2418.jpg",
        "monitor": "0",
        "validimg": "False",
        "frameCount": "1",
        "framePauseMs": "0",
        "page": "https://traffic.houstontranstar.org/cctv/transtar/camera.aspx?cam=2418"
      }
    },
    {
      "type": "Feature",
      "geometry": {
        "type": "Point",
        "coordinates": [
          -94.922869,
          29.903276
        ]
      },
      "properties": {
        "name": "SH99 @ #5C & RR (E)",
        "roadway": "SH-99 Lanier Parkway-East",
        "location": "#5C & RR (E)",
        "direction": "None",
        "image": "https://www.houstontranstar.org/snapshots/cctv/2419.jpg",
        "monitor": "0",
        "validimg": "False",
        "frameCount": "1",
        "framePauseMs": "0",
        "page": "https://traffic.houstontranstar.org/cctv/transtar/camera.aspx?cam=2419"
      }
    },
    {
      "type": "Feature",
      "geometry": {
        "type": "Point",
        "coordinates": [
          -94.917926,
          29.899443
        ]
      },
      "properties": {
        "name": "SH99 @ Spur RR Yard",
        "roadway": "SH-99 Lanier Parkway-East",
        "location": "Spur RR Yard",
        "direction": "None",
        "image": "https://www.houstontranstar.org/snapshots/cctv/2420.jpg",
        "monitor": "0",
        "validimg": "False",
        "frameCount": "1",
        "framePauseMs": "0",
        "page": "https://traffic.houstontranstar.org/cctv/transtar/camera.aspx?cam=2420"
      }
    },
    {
      "type": "Feature",
      "geometry": {
        "type": "Point",
        "coordinates": [
          -94.90722,
          29.88702
        ]
      },
      "properties": {
        "name": "SH99 @ Placid Dr",
        "roadway": "SH-99 Lanier Parkway-East",
        "location": "Placid Dr",
        "direction": "None",
        "image": "https://www.houstontranstar.org/snapshots/cctv/2421.jpg",
        "monitor": "0",
        "validimg": "False",
        "frameCount": "1",
        "framePauseMs": "0",
        "page": "https://traffic.houstontranstar.org/cctv/transtar/camera.aspx?cam=2421"
      }
    },
    {
      "type": "Feature",
      "geometry": {
        "type": "Point",
        "coordinates": [
          -94.905665,
          29.875094
        ]
      },
      "properties": {
        "name": "SH99 @ Placid Dr (E)",
        "roadway": "SH-99 Lanier Parkway-East",
        "location": "Placid Dr (E)",
        "direction": "None",
        "image": "https://www.houstontranstar.org/snapshots/cctv/2422.jpg",
        "monitor": "0",
        "validimg": "False",
        "frameCount": "1",
        "framePauseMs": "0",
        "page": "https://traffic.houstontranstar.org/cctv/transtar/camera.aspx?cam=2422"
      }
    },
    {
      "type": "Feature",
      "geometry": {
        "type": "Point",
        "coordinates": [
          -94.89214,
          29.869293
        ]
      },
      "properties": {
        "name": "SH99 @ FM 146",
        "roadway": "SH-99 Lanier Parkway-East",
        "location": "FM 146",
        "direction": "None",
        "image": "https://www.houstontranstar.org/snapshots/cctv/2423.jpg",
        "monitor": "0",
        "validimg": "False",
        "frameCount": "1",
        "framePauseMs": "0",
        "page": "https://traffic.houstontranstar.org/cctv/transtar/camera.aspx?cam=2423"
      }
    },
    {
      "type": "Feature",
      "geometry": {
        "type": "Point",
        "coordinates": [
          -94.87611,
          29.861034
        ]
      },
      "properties": {
        "name": "SH99 @ 565N (N)",
        "roadway": "SH-99 Lanier Parkway-East",
        "location": "565N (N)",
        "direction": "None",
        "image": "https://www.houstontranstar.org/snapshots/cctv/2424.jpg",
        "monitor": "0",
        "validimg": "False",
        "frameCount": "1",
        "framePauseMs": "0",
        "page": "https://traffic.houstontranstar.org/cctv/transtar/camera.aspx?cam=2424"
      }
    },
    {
      "type": "Feature",
      "geometry": {
        "type": "Point",
        "coordinates": [
          -94.872551,
          29.851492
        ]
      },
      "properties": {
        "name": "SH99 @ FM 565N",
        "roadway": "SH-99 Lanier Parkway-East",
        "location": "FM 565N",
        "direction": "None",
        "image": "https://www.houstontranstar.org/snapshots/cctv/2425.jpg",
        "monitor": "0",
        "validimg": "False",
        "frameCount": "1",
        "framePauseMs": "0",
        "page": "https://traffic.houstontranstar.org/cctv/transtar/camera.aspx?cam=2425"
      }
    },
    {
      "type": "Feature",
      "geometry": {
        "type": "Point",
        "coordinates": [
          -94.873323,
          29.839178
        ]
      },
      "properties": {
        "name": "SH99 @ FM 565N (S)",
        "roadway": "SH-99 Lanier Parkway-East",
        "location": "FM 565N (S)",
        "direction": "None",
        "image": "https://www.houstontranstar.org/snapshots/cctv/2426.jpg",
        "monitor": "0",
        "validimg": "False",
        "frameCount": "1",
        "framePauseMs": "0",
        "page": "https://traffic.houstontranstar.org/cctv/transtar/camera.aspx?cam=2426"
      }
    },
    {
      "type": "Feature",
      "geometry": {
        "type": "Point",
        "coordinates": [
          -94.86193,
          29.816871
        ]
      },
      "properties": {
        "name": "SH99 @ Old Needlepoint Rd",
        "roadway": "SH-99 Lanier Parkway-East",
        "location": "Old Needlepoint Rd",
        "direction": "None",
        "image": "https://www.houstontranstar.org/snapshots/cctv/2427.jpg",
        "monitor": "0",
        "validimg": "True",
        "frameCount": "1",
        "framePauseMs": "0",
        "page": "https://traffic.houstontranstar.org/cctv/transtar/camera.aspx?cam=2427"
      }
    },
    {
      "type": "Feature",
      "geometry": {
        "type": "Point",
        "coordinates": [
          -94.868094,
          29.803664
        ]
      },
      "properties": {
        "name": "SH99 @ Kilgore Pkwy",
        "roadway": "SH-99 Lanier Parkway-East",
        "location": "Kilgore Pkwy",
        "direction": "None",
        "image": "https://www.houstontranstar.org/snapshots/cctv/2428.jpg",
        "monitor": "0",
        "validimg": "False",
        "frameCount": "1",
        "framePauseMs": "0",
        "page": "https://traffic.houstontranstar.org/cctv/transtar/camera.aspx?cam=2428"
      }
    },
    {
      "type": "Feature",
      "geometry": {
        "type": "Point",
        "coordinates": [
          -94.869681,
          29.792549
        ]
      },
      "properties": {
        "name": "SH99 @ FM 2354",
        "roadway": "SH-99 Lanier Parkway-East",
        "location": "FM 2354",
        "direction": "None",
        "image": "https://www.houstontranstar.org/snapshots/cctv/2429.jpg",
        "monitor": "0",
        "validimg": "False",
        "frameCount": "1",
        "framePauseMs": "0",
        "page": "https://traffic.houstontranstar.org/cctv/transtar/camera.aspx?cam=2429"
      }
    },
    {
      "type": "Feature",
      "geometry": {
        "type": "Point",
        "coordinates": [
          -94.872294,
          29.784694
        ]
      },
      "properties": {
        "name": "SH99 @ FM 565",
        "roadway": "SH-99 Lanier Parkway-East",
        "location": "FM 565",
        "direction": "None",
        "image": "https://www.houstontranstar.org/snapshots/cctv/2430.jpg",
        "monitor": "0",
        "validimg": "False",
        "frameCount": "1",
        "framePauseMs": "0",
        "page": "https://traffic.houstontranstar.org/cctv/transtar/camera.aspx?cam=2430"
      }
    },
    {
      "type": "Feature",
      "geometry": {
        "type": "Point",
        "coordinates": [
          -94.873289,
          29.778768
        ]
      },
      "properties": {
        "name": "SH99 @ FM 565 (S)",
        "roadway": "SH-99 Lanier Parkway-East",
        "location": "FM 565 (S)",
        "direction": "None",
        "image": "https://www.houstontranstar.org/snapshots/cctv/2431.jpg",
        "monitor": "0",
        "validimg": "False",
        "frameCount": "1",
        "framePauseMs": "0",
        "page": "https://traffic.houstontranstar.org/cctv/transtar/camera.aspx?cam=2431"
      }
    },
    {
      "type": "Feature",
      "geometry": {
        "type": "Point",
        "coordinates": [
          -94.872751,
          29.760627
        ]
      },
      "properties": {
        "name": "SH99 @ CCTV3 (I-2A2)",
        "roadway": "SH-99 Lanier Parkway-East",
        "location": "CCTV3 (I-2A2)",
        "direction": "None",
        "image": "https://www.houstontranstar.org/snapshots/cctv/2432.jpg",
        "monitor": "0",
        "validimg": "True",
        "frameCount": "1",
        "framePauseMs": "0",
        "page": "https://traffic.houstontranstar.org/cctv/transtar/camera.aspx?cam=2432"
      }
    },
    {
      "type": "Feature",
      "geometry": {
        "type": "Point",
        "coordinates": [
          -94.872864,
          29.745801
        ]
      },
      "properties": {
        "name": "SH99 @ Cedar Port Pkwy (N)",
        "roadway": "SH-99 Lanier Parkway-East",
        "location": "Cedar Port Pkwy (N)",
        "direction": "None",
        "image": "https://www.houstontranstar.org/snapshots/cctv/2433.jpg",
        "monitor": "0",
        "validimg": "False",
        "frameCount": "1",
        "framePauseMs": "0",
        "page": "https://traffic.houstontranstar.org/cctv/transtar/camera.aspx?cam=2433"
      }
    },
    {
      "type": "Feature",
      "geometry": {
        "type": "Point",
        "coordinates": [
          -94.876046,
          29.732274
        ]
      },
      "properties": {
        "name": "SH99 @ Cedar Port Pkwy",
        "roadway": "SH-99 Lanier Parkway-East",
        "location": "Cedar Port Pkwy",
        "direction": "None",
        "image": "https://www.houstontranstar.org/snapshots/cctv/2434.jpg",
        "monitor": "0",
        "validimg": "True",
        "frameCount": "1",
        "framePauseMs": "0",
        "page": "https://traffic.houstontranstar.org/cctv/transtar/camera.aspx?cam=2434"
      }
    },
    {
      "type": "Feature",
      "geometry": {
        "type": "Point",
        "coordinates": [
          -94.875914,
          29.732234
        ]
      },
      "properties": {
        "name": "SH99 @ FM 1405 (E)",
        "roadway": "SH-99 Lanier Parkway-East",
        "location": "FM 1405 (E)",
        "direction": "None",
        "image": "https://www.houstontranstar.org/snapshots/cctv/2435.jpg",
        "monitor": "0",
        "validimg": "True",
        "frameCount": "1",
        "framePauseMs": "0",
        "page": "https://traffic.houstontranstar.org/cctv/transtar/camera.aspx?cam=2435"
      }
    },
    {
      "type": "Feature",
      "geometry": {
        "type": "Point",
        "coordinates": [
          -94.899462,
          29.727813
        ]
      },
      "properties": {
        "name": "SH99 @ FM 1405",
        "roadway": "SH-99 Lanier Parkway-East",
        "location": "FM 1405",
        "direction": "None",
        "image": "https://www.houstontranstar.org/snapshots/cctv/2436.jpg",
        "monitor": "0",
        "validimg": "True",
        "frameCount": "1",
        "framePauseMs": "0",
        "page": "https://traffic.houstontranstar.org/cctv/transtar/camera.aspx?cam=2436"
      }
    },
    {
      "type": "Feature",
      "geometry": {
        "type": "Point",
        "coordinates": [
          -94.927635,
          29.72547
        ]
      },
      "properties": {
        "name": "SH99 @ W Bay Rd",
        "roadway": "SH-99 Lanier Parkway-East",
        "location": "W Bay Rd",
        "direction": "None",
        "image": "https://www.houstontranstar.org/snapshots/cctv/2437.jpg",
        "monitor": "0",
        "validimg": "True",
        "frameCount": "1",
        "framePauseMs": "0",
        "page": "https://traffic.houstontranstar.org/cctv/transtar/camera.aspx?cam=2437"
      }
    },
    {
      "type": "Feature",
      "geometry": {
        "type": "Point",
        "coordinates": [
          -94.938368,
          29.719947
        ]
      },
      "properties": {
        "name": "SH99 @ Cedar Bayou",
        "roadway": "SH-99 Lanier Parkway-East",
        "location": "Cedar Bayou",
        "direction": "None",
        "image": "https://www.houstontranstar.org/snapshots/cctv/2438.jpg",
        "monitor": "0",
        "validimg": "True",
        "frameCount": "1",
        "framePauseMs": "0",
        "page": "https://traffic.houstontranstar.org/cctv/transtar/camera.aspx?cam=2438"
      }
    },
    {
      "type": "Feature",
      "geometry": {
        "type": "Point",
        "coordinates": [
          -94.949553,
          29.719564
        ]
      },
      "properties": {
        "name": "SH99 @ Tri Cities Beach (E)",
        "roadway": "SH-99 Lanier Parkway-East",
        "location": "Tri Cities Beach (E)",
        "direction": "None",
        "image": "https://www.houstontranstar.org/snapshots/cctv/2439.jpg",
        "monitor": "0",
        "validimg": "True",
        "frameCount": "1",
        "framePauseMs": "0",
        "page": "https://traffic.houstontranstar.org/cctv/transtar/camera.aspx?cam=2439"
      }
    },
    {
      "type": "Feature",
      "geometry": {
        "type": "Point",
        "coordinates": [
          -94.961265,
          29.721429
        ]
      },
      "properties": {
        "name": "SH99 @ BS 146",
        "roadway": "SH-99 Lanier Parkway-East",
        "location": "BS 146",
        "direction": "None",
        "image": "https://www.houstontranstar.org/snapshots/cctv/2440.jpg",
        "monitor": "0",
        "validimg": "True",
        "frameCount": "1",
        "framePauseMs": "0",
        "page": "https://traffic.houstontranstar.org/cctv/transtar/camera.aspx?cam=2440"
      }
    },
    {
      "type": "Feature",
      "geometry": {
        "type": "Point",
        "coordinates": [
          -94.980896,
          29.714114
        ]
      },
      "properties": {
        "name": "SH99 @ Lee Rd",
        "roadway": "SH-99 Lanier Parkway-East",
        "location": "Lee Rd",
        "direction": "None",
        "image": "https://www.houstontranstar.org/snapshots/cctv/2441.jpg",
        "monitor": "0",
        "validimg": "True",
        "frameCount": "1",
        "framePauseMs": "0",
        "page": "https://traffic.houstontranstar.org/cctv/transtar/camera.aspx?cam=2441"
      }
    },
    {
      "type": "Feature",
      "geometry": {
        "type": "Point",
        "coordinates": [
          -95.254424,
          29.707144
        ]
      },
      "properties": {
        "name": "225 La Porte @ Goodyear",
        "roadway": "SH-225",
        "location": "Goodyear",
        "direction": "South",
        "image": "https://www.houstontranstar.org/snapshots/cctv/702.jpg",
        "monitor": "0",
        "validimg": "True",
        "frameCount": "6",
        "framePauseMs": "300",
        "page": "https://traffic.houstontranstar.org/cctv/transtar/camera.aspx?cam=702"
      }
    },
    {
      "type": "Feature",
      "geometry": {
        "type": "Point",
        "coordinates": [
          -95.24481,
          29.705861
        ]
      },
      "properties": {
        "name": "225 La Porte @ Allen Genoa",
        "roadway": "SH-225",
        "location": "Allen Genoa",
        "direction": "South",
        "image": "https://www.houstontranstar.org/snapshots/cctv/703.jpg",
        "monitor": "0",
        "validimg": "True",
        "frameCount": "1",
        "framePauseMs": "0",
        "page": "https://traffic.houstontranstar.org/cctv/transtar/camera.aspx?cam=703"
      }
    },
    {
      "type": "Feature",
      "geometry": {
        "type": "Point",
        "coordinates": [
          -95.22885,
          29.707295
        ]
      },
      "properties": {
        "name": "225 La Porte @ Scarborough",
        "roadway": "SH-225",
        "location": "Scarborough",
        "direction": "South",
        "image": "https://www.houstontranstar.org/snapshots/cctv/704.jpg",
        "monitor": "0",
        "validimg": "True",
        "frameCount": "1",
        "framePauseMs": "0",
        "page": "https://traffic.houstontranstar.org/cctv/transtar/camera.aspx?cam=704"
      }
    },
    {
      "type": "Feature",
      "geometry": {
        "type": "Point",
        "coordinates": [
          -95.219881,
          29.710017
        ]
      },
      "properties": {
        "name": "225 La Porte @ Richey",
        "roadway": "SH-225",
        "location": "Richey",
        "direction": "North",
        "image": "https://www.houstontranstar.org/snapshots/cctv/705.jpg",
        "monitor": "0",
        "validimg": "False",
        "frameCount": "1",
        "framePauseMs": "0",
        "page": "https://traffic.houstontranstar.org/cctv/transtar/camera.aspx?cam=705"
      }
    },
    {
      "type": "Feature",
      "geometry": {
        "type": "Point",
        "coordinates": [
          -95.201639,
          29.711833
        ]
      },
      "properties": {
        "name": "225 La Porte @ Pasadena",
        "roadway": "SH-225",
        "location": "Pasadena",
        "direction": "North",
        "image": "https://www.houstontranstar.org/snapshots/cctv/706.jpg",
        "monitor": "0",
        "validimg": "True",
        "frameCount": "1",
        "framePauseMs": "0",
        "page": "https://traffic.houstontranstar.org/cctv/transtar/camera.aspx?cam=706"
      }
    },
    {
      "type": "Feature",
      "geometry": {
        "type": "Point",
        "coordinates": [
          -95.184634,
          29.71272
        ]
      },
      "properties": {
        "name": "225 La Porte @ Bearle",
        "roadway": "SH-225",
        "location": "Bearle",
        "direction": "North",
        "image": "https://www.houstontranstar.org/snapshots/cctv/707.jpg",
        "monitor": "0",
        "validimg": "True",
        "frameCount": "1",
        "framePauseMs": "0",
        "page": "https://traffic.houstontranstar.org/cctv/transtar/camera.aspx?cam=707"
      }
    },
    {
      "type": "Feature",
      "geometry": {
        "type": "Point",
        "coordinates": [
          -95.172205,
          29.712378
        ]
      },
      "properties": {
        "name": "225 La Porte @ Preston",
        "roadway": "SH-225",
        "location": "Preston",
        "direction": "South",
        "image": "https://www.houstontranstar.org/snapshots/cctv/708.jpg",
        "monitor": "0",
        "validimg": "True",
        "frameCount": "1",
        "framePauseMs": "0",
        "page": "https://traffic.houstontranstar.org/cctv/transtar/camera.aspx?cam=708"
      }
    },
    {
      "type": "Feature",
      "geometry": {
        "type": "Point",
        "coordinates": [
          -95.154273,
          29.711997
        ]
      },
      "properties": {
        "name": "225 La Porte @ East BW-8",
        "roadway": "SH-225",
        "location": "East BW-8",
        "direction": "South",
        "image": "https://www.houstontranstar.org/snapshots/cctv/709.jpg",
        "monitor": "0",
        "validimg": "True",
        "frameCount": "1",
        "framePauseMs": "0",
        "page": "https://traffic.houstontranstar.org/cctv/transtar/camera.aspx?cam=709"
      }
    },
    {
      "type": "Feature",
      "geometry": {
        "type": "Point",
        "coordinates": [
          -95.139076,
          29.711379
        ]
      },
      "properties": {
        "name": "225 La Porte @ Rail Road Street",
        "roadway": "SH-225",
        "location": "Rail Road Street",
        "direction": "South",
        "image": "https://www.houstontranstar.org/snapshots/cctv/710.jpg",
        "monitor": "0",
        "validimg": "True",
        "frameCount": "1",
        "framePauseMs": "0",
        "page": "https://traffic.houstontranstar.org/cctv/transtar/camera.aspx?cam=710"
      }
    },
    {
      "type": "Feature",
      "geometry": {
        "type": "Point",
        "coordinates": [
          -95.123339,
          29.711188
        ]
      },
      "properties": {
        "name": "225 La Porte @ Center",
        "roadway": "SH-225",
        "location": "Center",
        "direction": "South",
        "image": "https://www.houstontranstar.org/snapshots/cctv/711.jpg",
        "monitor": "0",
        "validimg": "True",
        "frameCount": "1",
        "framePauseMs": "0",
        "page": "https://traffic.houstontranstar.org/cctv/transtar/camera.aspx?cam=711"
      }
    },
    {
      "type": "Feature",
      "geometry": {
        "type": "Point",
        "coordinates": [
          -95.113765,
          29.710484
        ]
      },
      "properties": {
        "name": "225 La Porte @ Tidal",
        "roadway": "SH-225",
        "location": "Tidal",
        "direction": "North",
        "image": "https://www.houstontranstar.org/snapshots/cctv/712.jpg",
        "monitor": "0",
        "validimg": "True",
        "frameCount": "1",
        "framePauseMs": "0",
        "page": "https://traffic.houstontranstar.org/cctv/transtar/camera.aspx?cam=712"
      }
    },
    {
      "type": "Feature",
      "geometry": {
        "type": "Point",
        "coordinates": [
          -95.102606,
          29.70763
        ]
      },
      "properties": {
        "name": "225 La Porte @ East",
        "roadway": "SH-225",
        "location": "East",
        "direction": "North",
        "image": "https://www.houstontranstar.org/snapshots/cctv/713.jpg",
        "monitor": "0",
        "validimg": "True",
        "frameCount": "1",
        "framePauseMs": "0",
        "page": "https://traffic.houstontranstar.org/cctv/transtar/camera.aspx?cam=713"
      }
    },
    {
      "type": "Feature",
      "geometry": {
        "type": "Point",
        "coordinates": [
          -95.092966,
          29.704829
        ]
      },
      "properties": {
        "name": "225 La Porte @ Underwood",
        "roadway": "SH-225",
        "location": "Underwood",
        "direction": "North",
        "image": "https://www.houstontranstar.org/snapshots/cctv/714.jpg",
        "monitor": "0",
        "validimg": "True",
        "frameCount": "1",
        "framePauseMs": "0",
        "page": "https://traffic.houstontranstar.org/cctv/transtar/camera.aspx?cam=714"
      }
    },
    {
      "type": "Feature",
      "geometry": {
        "type": "Point",
        "coordinates": [
          -95.083,
          29.701
        ]
      },
      "properties": {
        "name": "225 La Porte @ Underwood (E)",
        "roadway": "SH-225",
        "location": "Underwood (E)",
        "direction": "North",
        "image": "https://www.houstontranstar.org/snapshots/cctv/715.jpg",
        "monitor": "0",
        "validimg": "True",
        "frameCount": "1",
        "framePauseMs": "0",
        "page": "https://traffic.houstontranstar.org/cctv/transtar/camera.aspx?cam=715"
      }
    },
    {
      "type": "Feature",
      "geometry": {
        "type": "Point",
        "coordinates": [
          -95.0718,
          29.698
        ]
      },
      "properties": {
        "name": "225 La Porte @ Miller Cut Off W",
        "roadway": "SH-225",
        "location": "Miller Cut Off W",
        "direction": "North",
        "image": "https://www.houstontranstar.org/snapshots/cctv/716.jpg",
        "monitor": "0",
        "validimg": "True",
        "frameCount": "1",
        "framePauseMs": "0",
        "page": "https://traffic.houstontranstar.org/cctv/transtar/camera.aspx?cam=716"
      }
    },
    {
      "type": "Feature",
      "geometry": {
        "type": "Point",
        "coordinates": [
          -95.067,
          29.697
        ]
      },
      "properties": {
        "name": "225 La Porte @ Miller Cut Off",
        "roadway": "SH-225",
        "location": "Miller Cut Off",
        "direction": "North",
        "image": "https://www.houstontranstar.org/snapshots/cctv/717.jpg",
        "monitor": "0",
        "validimg": "True",
        "frameCount": "1",
        "framePauseMs": "0",
        "page": "https://traffic.houstontranstar.org/cctv/transtar/camera.aspx?cam=717"
      }
    },
    {
      "type": "Feature",
      "geometry": {
        "type": "Point",
        "coordinates": [
          -95.058,
          29.694
        ]
      },
      "properties": {
        "name": "225 La Porte @ Sens (W)",
        "roadway": "SH-225",
        "location": "Sens (W)",
        "direction": "North",
        "image": "https://www.houstontranstar.org/snapshots/cctv/718.jpg",
        "monitor": "0",
        "validimg": "True",
        "frameCount": "1",
        "framePauseMs": "0",
        "page": "https://traffic.houstontranstar.org/cctv/transtar/camera.aspx?cam=718"
      }
    },
    {
      "type": "Feature",
      "geometry": {
        "type": "Point",
        "coordinates": [
          -95.047,
          29.691
        ]
      },
      "properties": {
        "name": "225 La Porte @ Sens",
        "roadway": "SH-225",
        "location": "Sens",
        "direction": "North",
        "image": "https://www.houstontranstar.org/snapshots/cctv/719.jpg",
        "monitor": "0",
        "validimg": "True",
        "frameCount": "1",
        "framePauseMs": "0",
        "page": "https://traffic.houstontranstar.org/cctv/transtar/camera.aspx?cam=719"
      }
    },
    {
      "type": "Feature",
      "geometry": {
        "type": "Point",
        "coordinates": [
          -95.033,
          29.6888
        ]
      },
      "properties": {
        "name": "225 La Porte @ SH 146",
        "roadway": "SH-225",
        "location": "SH 146",
        "direction": "North",
        "image": "https://www.houstontranstar.org/snapshots/cctv/720.jpg",
        "monitor": "0",
        "validimg": "True",
        "frameCount": "1",
        "framePauseMs": "0",
        "page": "https://traffic.houstontranstar.org/cctv/transtar/camera.aspx?cam=720"
      }
    },
    {
      "type": "Feature",
      "geometry": {
        "type": "Point",
        "coordinates": [
          -95.644283,
          29.775438
        ]
      },
      "properties": {
        "name": "SH-6@Memorial",
        "roadway": "SH-6",
        "location": "Memorial",
        "direction": "None",
        "image": "https://www.houstontranstar.org/snapshots/cctv/8053.jpg",
        "monitor": "0",
        "validimg": "True",
        "frameCount": "1",
        "framePauseMs": "0",
        "page": "https://traffic.houstontranstar.org/cctv/transtar/camera.aspx?cam=8053"
      }
    },
    {
      "type": "Feature",
      "geometry": {
        "type": "Point",
        "coordinates": [
          -95.644279,
          29.735415
        ]
      },
      "properties": {
        "name": "SH-6@Westheimer",
        "roadway": "SH-6",
        "location": "Westheimer",
        "direction": "None",
        "image": "https://www.houstontranstar.org/snapshots/cctv/8054.jpg",
        "monitor": "0",
        "validimg": "True",
        "frameCount": "1",
        "framePauseMs": "0",
        "page": "https://traffic.houstontranstar.org/cctv/transtar/camera.aspx?cam=8054"
      }
    },
    {
      "type": "Feature",
      "geometry": {
        "type": "Point",
        "coordinates": [
          -95.38656,
          29.5798
        ]
      },
      "properties": {
        "name": "288 South SB @ McHard",
        "roadway": "SH-288",
        "location": "McHard",
        "direction": "West",
        "image": "https://www.houstontranstar.org/snapshots/cctv/816.jpg",
        "monitor": "0",
        "validimg": "True",
        "frameCount": "1",
        "framePauseMs": "0",
        "page": "https://traffic.houstontranstar.org/cctv/transtar/camera.aspx?cam=816"
      }
    },
    {
      "type": "Feature",
      "geometry": {
        "type": "Point",
        "coordinates": [
          -95.38765,
          29.56301
        ]
      },
      "properties": {
        "name": "288 South SB @ McHard (S)",
        "roadway": "SH-288",
        "location": "McHard (S)",
        "direction": "West",
        "image": "https://www.houstontranstar.org/snapshots/cctv/817.jpg",
        "monitor": "0",
        "validimg": "True",
        "frameCount": "1",
        "framePauseMs": "0",
        "page": "https://traffic.houstontranstar.org/cctv/transtar/camera.aspx?cam=817"
      }
    },
    {
      "type": "Feature",
      "geometry": {
        "type": "Point",
        "coordinates": [
          -95.38808,
          29.55636
        ]
      },
      "properties": {
        "name": "288 South SB @ FM 518",
        "roadway": "SH-288",
        "location": "FM-518",
        "direction": "West",
        "image": "https://www.houstontranstar.org/snapshots/cctv/819.jpg",
        "monitor": "0",
        "validimg": "True",
        "frameCount": "6",
        "framePauseMs": "300",
        "page": "https://traffic.houstontranstar.org/cctv/transtar/camera.aspx?cam=819"
      }
    },
    {
      "type": "Feature",
      "geometry": {
        "type": "Point",
        "coordinates": [
          -95.38789,
          29.54842
        ]
      },
      "properties": {
        "name": "288 South SB @ FM 518 (S)",
        "roadway": "SH-288",
        "location": "FM-518 (S)",
        "direction": "West",
        "image": "https://www.houstontranstar.org/snapshots/cctv/820.jpg",
        "monitor": "0",
        "validimg": "False",
        "frameCount": "1",
        "framePauseMs": "0",
        "page": "https://traffic.houstontranstar.org/cctv/transtar/camera.aspx?cam=820"
      }
    },
    {
      "type": "Feature",
      "geometry": {
        "type": "Point",
        "coordinates": [
          -95.38764,
          29.54115
        ]
      },
      "properties": {
        "name": "288 South SB @ CR 59",
        "roadway": "SH-288",
        "location": "County Road 59",
        "direction": "West",
        "image": "https://www.houstontranstar.org/snapshots/cctv/821.jpg",
        "monitor": "0",
        "validimg": "True",
        "frameCount": "1",
        "framePauseMs": "0",
        "page": "https://traffic.houstontranstar.org/cctv/transtar/camera.aspx?cam=821"
      }
    },
    {
      "type": "Feature",
      "geometry": {
        "type": "Point",
        "coordinates": [
          -95.38667,
          29.53414
        ]
      },
      "properties": {
        "name": "288 South SB @ CR 59 (S)",
        "roadway": "SH-288",
        "location": "County Road 59 (S)",
        "direction": "East",
        "image": "https://www.houstontranstar.org/snapshots/cctv/822.jpg",
        "monitor": "0",
        "validimg": "True",
        "frameCount": "1",
        "framePauseMs": "0",
        "page": "https://traffic.houstontranstar.org/cctv/transtar/camera.aspx?cam=822"
      }
    },
    {
      "type": "Feature",
      "geometry": {
        "type": "Point",
        "coordinates": [
          -95.38649,
          29.52621
        ]
      },
      "properties": {
        "name": "288 South NB @ CR 101",
        "roadway": "SH-288",
        "location": "County Road 101",
        "direction": "East",
        "image": "https://www.houstontranstar.org/snapshots/cctv/823.jpg",
        "monitor": "0",
        "validimg": "True",
        "frameCount": "1",
        "framePauseMs": "0",
        "page": "https://traffic.houstontranstar.org/cctv/transtar/camera.aspx?cam=823"
      }
    },
    {
      "type": "Feature",
      "geometry": {
        "type": "Point",
        "coordinates": [
          -95.38635,
          29.51836
        ]
      },
      "properties": {
        "name": "288 South NB @ CR 58 (N)",
        "roadway": "SH-288",
        "location": "County Road 58 (N)",
        "direction": "East",
        "image": "https://www.houstontranstar.org/snapshots/cctv/824.jpg",
        "monitor": "0",
        "validimg": "True",
        "frameCount": "1",
        "framePauseMs": "0",
        "page": "https://traffic.houstontranstar.org/cctv/transtar/camera.aspx?cam=824"
      }
    },
    {
      "type": "Feature",
      "geometry": {
        "type": "Point",
        "coordinates": [
          -95.38837,
          29.51273
        ]
      },
      "properties": {
        "name": "288 South SB @ CR 58",
        "roadway": "SH-288",
        "location": "County Road 58",
        "direction": "West",
        "image": "https://www.houstontranstar.org/snapshots/cctv/825.jpg",
        "monitor": "0",
        "validimg": "True",
        "frameCount": "1",
        "framePauseMs": "0",
        "page": "https://traffic.houstontranstar.org/cctv/transtar/camera.aspx?cam=825"
      }
    },
    {
      "type": "Feature",
      "geometry": {
        "type": "Point",
        "coordinates": [
          -95.38853,
          29.50588
        ]
      },
      "properties": {
        "name": "288 South SB @ CR 58 (S)",
        "roadway": "SH-288",
        "location": "County Road 58 (S)",
        "direction": "West",
        "image": "https://www.houstontranstar.org/snapshots/cctv/826.jpg",
        "monitor": "0",
        "validimg": "True",
        "frameCount": "1",
        "framePauseMs": "0",
        "page": "https://traffic.houstontranstar.org/cctv/transtar/camera.aspx?cam=826"
      }
    },
    {
      "type": "Feature",
      "geometry": {
        "type": "Point",
        "coordinates": [
          -95.39024,
          29.49872
        ]
      },
      "properties": {
        "name": "288 South SB @ Rodeo Palms",
        "roadway": "SH-288",
        "location": "Rodeo Palms",
        "direction": "West",
        "image": "https://www.houstontranstar.org/snapshots/cctv/827.jpg",
        "monitor": "0",
        "validimg": "False",
        "frameCount": "1",
        "framePauseMs": "0",
        "page": "https://traffic.houstontranstar.org/cctv/transtar/camera.aspx?cam=827"
      }
    },
    {
      "type": "Feature",
      "geometry": {
        "type": "Point",
        "coordinates": [
          -95.39278,
          29.49365
        ]
      },
      "properties": {
        "name": "288 South SB @ Rodeo Palms (S)",
        "roadway": "SH-288",
        "location": "Rodeo Palms (S)",
        "direction": "West",
        "image": "https://www.houstontranstar.org/snapshots/cctv/828.jpg",
        "monitor": "0",
        "validimg": "True",
        "frameCount": "1",
        "framePauseMs": "0",
        "page": "https://traffic.houstontranstar.org/cctv/transtar/camera.aspx?cam=828"
      }
    },
    {
      "type": "Feature",
      "geometry": {
        "type": "Point",
        "coordinates": [
          -95.39658,
          29.48859
        ]
      },
      "properties": {
        "name": "288 South SB @ SH 6 (N)",
        "roadway": "SH-288",
        "location": "SH-6 (N)",
        "direction": "West",
        "image": "https://www.houstontranstar.org/snapshots/cctv/829.jpg",
        "monitor": "0",
        "validimg": "True",
        "frameCount": "1",
        "framePauseMs": "0",
        "page": "https://traffic.houstontranstar.org/cctv/transtar/camera.aspx?cam=829"
      }
    },
    {
      "type": "Feature",
      "geometry": {
        "type": "Point",
        "coordinates": [
          -95.40171,
          29.48215
        ]
      },
      "properties": {
        "name": "288 South SB @ SH 6",
        "roadway": "SH-288",
        "location": "SH-6",
        "direction": "West",
        "image": "https://www.houstontranstar.org/snapshots/cctv/830.jpg",
        "monitor": "0",
        "validimg": "True",
        "frameCount": "1",
        "framePauseMs": "0",
        "page": "https://traffic.houstontranstar.org/cctv/transtar/camera.aspx?cam=830"
      }
    },
    {
      "type": "Feature",
      "geometry": {
        "type": "Point",
        "coordinates": [
          -95.36593,
          29.74024
        ]
      },
      "properties": {
        "name": "SH288 @ McGowen (S)",
        "roadway": "SH-288",
        "location": "McGowen (S)",
        "direction": "None",
        "image": "https://www.houstontranstar.org/snapshots/cctv/901.jpg",
        "monitor": "0",
        "validimg": "True",
        "frameCount": "1",
        "framePauseMs": "0",
        "page": "https://traffic.houstontranstar.org/cctv/transtar/camera.aspx?cam=901"
      }
    },
    {
      "type": "Feature",
      "geometry": {
        "type": "Point",
        "coordinates": [
          -95.37221,
          29.73019
        ]
      },
      "properties": {
        "name": "SH288 @ Cleburne",
        "roadway": "SH-288",
        "location": "Cleburne",
        "direction": "None",
        "image": "https://www.houstontranstar.org/snapshots/cctv/902.jpg",
        "monitor": "0",
        "validimg": "True",
        "frameCount": "1",
        "framePauseMs": "0",
        "page": "https://traffic.houstontranstar.org/cctv/transtar/camera.aspx?cam=902"
      }
    },
    {
      "type": "Feature",
      "geometry": {
        "type": "Point",
        "coordinates": [
          -95.37255,
          29.72844
        ]
      },
      "properties": {
        "name": "SH288 @ Wheeler",
        "roadway": "SH-288",
        "location": "Wheeler",
        "direction": "East",
        "image": "https://www.houstontranstar.org/snapshots/cctv/903.jpg",
        "monitor": "0",
        "validimg": "True",
        "frameCount": "1",
        "framePauseMs": "0",
        "page": "https://traffic.houstontranstar.org/cctv/transtar/camera.aspx?cam=903"
      }
    },
    {
      "type": "Feature",
      "geometry": {
        "type": "Point",
        "coordinates": [
          -95.286851,
          29.595958
        ]
      },
      "properties": {
        "name": "SH-35 at Flea Market",
        "roadway": "SH-35",
        "location": "Flea Market",
        "direction": "None",
        "image": "https://www.houstontranstar.org/snapshots/cctv/9037.jpg",
        "monitor": "0",
        "validimg": "True",
        "frameCount": "1",
        "framePauseMs": "0",
        "page": "https://traffic.houstontranstar.org/cctv/transtar/camera.aspx?cam=9037"
      }
    },
    {
      "type": "Feature",
      "geometry": {
        "type": "Point",
        "coordinates": [
          -95.286721,
          29.590905
        ]
      },
      "properties": {
        "name": "SH-35 at Knapp Rd",
        "roadway": "SH-35",
        "location": "Knapp Rd",
        "direction": "None",
        "image": "https://www.houstontranstar.org/snapshots/cctv/9038.jpg",
        "monitor": "0",
        "validimg": "True",
        "frameCount": "1",
        "framePauseMs": "0",
        "page": "https://traffic.houstontranstar.org/cctv/transtar/camera.aspx?cam=9038"
      }
    },
    {
      "type": "Feature",
      "geometry": {
        "type": "Point",
        "coordinates": [
          -95.286374,
          29.569109
        ]
      },
      "properties": {
        "name": "SH-35 at Orange St",
        "roadway": "SH-35",
        "location": "Orange St",
        "direction": "None",
        "image": "https://www.houstontranstar.org/snapshots/cctv/9039.jpg",
        "monitor": "0",
        "validimg": "True",
        "frameCount": "1",
        "framePauseMs": "0",
        "page": "https://traffic.houstontranstar.org/cctv/transtar/camera.aspx?cam=9039"
      }
    },
    {
      "type": "Feature",
      "geometry": {
        "type": "Point",
        "coordinates": [
          -95.37642,
          29.72247
        ]
      },
      "properties": {
        "name": "SH288 @ Southmore",
        "roadway": "SH-288",
        "location": "Southmore",
        "direction": "East",
        "image": "https://www.houstontranstar.org/snapshots/cctv/904.jpg",
        "monitor": "0",
        "validimg": "True",
        "frameCount": "1",
        "framePauseMs": "0",
        "page": "https://traffic.houstontranstar.org/cctv/transtar/camera.aspx?cam=904"
      }
    },
    {
      "type": "Feature",
      "geometry": {
        "type": "Point",
        "coordinates": [
          -95.286433,
          29.572527
        ]
      },
      "properties": {
        "name": "SH-35 at Walmart East",
        "roadway": "SH-35",
        "location": "Walmart East",
        "direction": "None",
        "image": "https://www.houstontranstar.org/snapshots/cctv/9040.jpg",
        "monitor": "0",
        "validimg": "True",
        "frameCount": "1",
        "framePauseMs": "0",
        "page": "https://traffic.houstontranstar.org/cctv/transtar/camera.aspx?cam=9040"
      }
    },
    {
      "type": "Feature",
      "geometry": {
        "type": "Point",
        "coordinates": [
          -95.37732,
          29.71935
        ]
      },
      "properties": {
        "name": "SH288 @ Calumet",
        "roadway": "SH-288",
        "location": "Calumet",
        "direction": "East",
        "image": "https://www.houstontranstar.org/snapshots/cctv/905.jpg",
        "monitor": "0",
        "validimg": "True",
        "frameCount": "1",
        "framePauseMs": "0",
        "page": "https://traffic.houstontranstar.org/cctv/transtar/camera.aspx?cam=905"
      }
    },
    {
      "type": "Feature",
      "geometry": {
        "type": "Point",
        "coordinates": [
          -95.37903,
          29.71252
        ]
      },
      "properties": {
        "name": "SH288 @ MacGregor",
        "roadway": "SH-288",
        "location": "MacGregor",
        "direction": "West",
        "image": "https://www.houstontranstar.org/snapshots/cctv/906.jpg",
        "monitor": "0",
        "validimg": "True",
        "frameCount": "1",
        "framePauseMs": "0",
        "page": "https://traffic.houstontranstar.org/cctv/transtar/camera.aspx?cam=906"
      }
    },
    {
      "type": "Feature",
      "geometry": {
        "type": "Point",
        "coordinates": [
          -95.3777,
          29.7127
        ]
      },
      "properties": {
        "name": "SH288 @ MacGregor (Brays Bayou)",
        "roadway": "SH-288",
        "location": "MacGregor Brays Bayou",
        "direction": "West",
        "image": "https://www.houstontranstar.org/snapshots/cctv/9061.jpg",
        "monitor": "0",
        "validimg": "False",
        "frameCount": "1",
        "framePauseMs": "0",
        "page": "https://traffic.houstontranstar.org/cctv/transtar/camera.aspx?cam=9061"
      }
    },
    {
      "type": "Feature",
      "geometry": {
        "type": "Point",
        "coordinates": [
          -95.3763,
          29.7086
        ]
      },
      "properties": {
        "name": "SH288 @ Dixie",
        "roadway": "SH-288",
        "location": "Dixie",
        "direction": "East",
        "image": "https://www.houstontranstar.org/snapshots/cctv/907.jpg",
        "monitor": "0",
        "validimg": "True",
        "frameCount": "1",
        "framePauseMs": "0",
        "page": "https://traffic.houstontranstar.org/cctv/transtar/camera.aspx?cam=907"
      }
    },
    {
      "type": "Feature",
      "geometry": {
        "type": "Point",
        "coordinates": [
          -95.37409,
          29.70131
        ]
      },
      "properties": {
        "name": "SH288 @ Holcombe",
        "roadway": "SH-288",
        "location": "Holcombe",
        "direction": "East",
        "image": "https://www.houstontranstar.org/snapshots/cctv/908.jpg",
        "monitor": "0",
        "validimg": "True",
        "frameCount": "1",
        "framePauseMs": "0",
        "page": "https://traffic.houstontranstar.org/cctv/transtar/camera.aspx?cam=908"
      }
    },
    {
      "type": "Feature",
      "geometry": {
        "type": "Point",
        "coordinates": [
          -95.376,
          29.7025
        ]
      },
      "properties": {
        "name": "SH288 @ Holcombe TMC",
        "roadway": "SH-288",
        "location": "Holcombe TMC",
        "direction": "West",
        "image": "https://www.houstontranstar.org/snapshots/cctv/9088.jpg",
        "monitor": "0",
        "validimg": "True",
        "frameCount": "1",
        "framePauseMs": "0",
        "page": "https://traffic.houstontranstar.org/cctv/transtar/camera.aspx?cam=9088"
      }
    },
    {
      "type": "Feature",
      "geometry": {
        "type": "Point",
        "coordinates": [
          -95.37542,
          29.69828
        ]
      },
      "properties": {
        "name": "SH288 @ Yellowstone",
        "roadway": "SH-288",
        "location": "Yellowstone",
        "direction": "East",
        "image": "https://www.houstontranstar.org/snapshots/cctv/909.jpg",
        "monitor": "0",
        "validimg": "True",
        "frameCount": "1",
        "framePauseMs": "0",
        "page": "https://traffic.houstontranstar.org/cctv/transtar/camera.aspx?cam=909"
      }
    },
    {
      "type": "Feature",
      "geometry": {
        "type": "Point",
        "coordinates": [
          -95.37818,
          29.6921
        ]
      },
      "properties": {
        "name": "SH288 @ Holly Hall (N)",
        "roadway": "SH-288",
        "location": "Holly Hall (N)",
        "direction": "West",
        "image": "https://www.houstontranstar.org/snapshots/cctv/910.jpg",
        "monitor": "0",
        "validimg": "True",
        "frameCount": "1",
        "framePauseMs": "0",
        "page": "https://traffic.houstontranstar.org/cctv/transtar/camera.aspx?cam=910"
      }
    },
    {
      "type": "Feature",
      "geometry": {
        "type": "Point",
        "coordinates": [
          -95.37852,
          29.68733
        ]
      },
      "properties": {
        "name": "SH288 @ Holly Hall",
        "roadway": "SH-288",
        "location": "Holly Hall",
        "direction": "East",
        "image": "https://www.houstontranstar.org/snapshots/cctv/911.jpg",
        "monitor": "0",
        "validimg": "True",
        "frameCount": "1",
        "framePauseMs": "0",
        "page": "https://traffic.houstontranstar.org/cctv/transtar/camera.aspx?cam=911"
      }
    },
    {
      "type": "Feature",
      "geometry": {
        "type": "Point",
        "coordinates": [
          -95.37962,
          29.68396
        ]
      },
      "properties": {
        "name": "SH288 @ Holly Hall (S)",
        "roadway": "SH-288",
        "location": "Holly Hall (S)",
        "direction": "None",
        "image": "https://www.houstontranstar.org/snapshots/cctv/912.jpg",
        "monitor": "0",
        "validimg": "True",
        "frameCount": "1",
        "framePauseMs": "0",
        "page": "https://traffic.houstontranstar.org/cctv/transtar/camera.aspx?cam=912"
      }
    },
    {
      "type": "Feature",
      "geometry": {
        "type": "Point",
        "coordinates": [
          -95.38108,
          29.68364
        ]
      },
      "properties": {
        "name": "SH288 @ 610S 1 (N)",
        "roadway": "SH-288",
        "location": "610S 1 (N)",
        "direction": "None",
        "image": "https://www.houstontranstar.org/snapshots/cctv/913.jpg",
        "monitor": "0",
        "validimg": "True",
        "frameCount": "1",
        "framePauseMs": "0",
        "page": "https://traffic.houstontranstar.org/cctv/transtar/camera.aspx?cam=913"
      }
    },
    {
      "type": "Feature",
      "geometry": {
        "type": "Point",
        "coordinates": [
          -95.3811,
          29.68003
        ]
      },
      "properties": {
        "name": "SH288 @ 610",
        "roadway": "SH-288",
        "location": "610",
        "direction": "None",
        "image": "https://www.houstontranstar.org/snapshots/cctv/914.jpg",
        "monitor": "0",
        "validimg": "True",
        "frameCount": "1",
        "framePauseMs": "0",
        "page": "https://traffic.houstontranstar.org/cctv/transtar/camera.aspx?cam=914"
      }
    },
    {
      "type": "Feature",
      "geometry": {
        "type": "Point",
        "coordinates": [
          -95.38199,
          29.67828
        ]
      },
      "properties": {
        "name": "SH288 @ 610S (S)",
        "roadway": "SH-288",
        "location": "610S (S)",
        "direction": "None",
        "image": "https://www.houstontranstar.org/snapshots/cctv/915.jpg",
        "monitor": "0",
        "validimg": "True",
        "frameCount": "1",
        "framePauseMs": "0",
        "page": "https://traffic.houstontranstar.org/cctv/transtar/camera.aspx?cam=915"
      }
    },
    {
      "type": "Feature",
      "geometry": {
        "type": "Point",
        "coordinates": [
          -95.38135,
          29.67799
        ]
      },
      "properties": {
        "name": "SH288 @ Holmes (N)",
        "roadway": "SH-288",
        "location": "Holmes (N)",
        "direction": "West",
        "image": "https://www.houstontranstar.org/snapshots/cctv/916.jpg",
        "monitor": "0",
        "validimg": "True",
        "frameCount": "1",
        "framePauseMs": "0",
        "page": "https://traffic.houstontranstar.org/cctv/transtar/camera.aspx?cam=916"
      }
    },
    {
      "type": "Feature",
      "geometry": {
        "type": "Point",
        "coordinates": [
          -95.38111,
          29.67598
        ]
      },
      "properties": {
        "name": "SH288 @ Holmes",
        "roadway": "SH-288",
        "location": "Holmes",
        "direction": "East",
        "image": "https://www.houstontranstar.org/snapshots/cctv/917.jpg",
        "monitor": "0",
        "validimg": "True",
        "frameCount": "1",
        "framePauseMs": "0",
        "page": "https://traffic.houstontranstar.org/cctv/transtar/camera.aspx?cam=917"
      }
    },
    {
      "type": "Feature",
      "geometry": {
        "type": "Point",
        "coordinates": [
          -95.38235,
          29.66862
        ]
      },
      "properties": {
        "name": "SH288 @ Bellfort",
        "roadway": "SH-288",
        "location": "Bellfort",
        "direction": "East",
        "image": "https://www.houstontranstar.org/snapshots/cctv/918.jpg",
        "monitor": "0",
        "validimg": "True",
        "frameCount": "1",
        "framePauseMs": "0",
        "page": "https://traffic.houstontranstar.org/cctv/transtar/camera.aspx?cam=918"
      }
    },
    {
      "type": "Feature",
      "geometry": {
        "type": "Point",
        "coordinates": [
          -95.38515,
          29.6632
        ]
      },
      "properties": {
        "name": "SH288 @ Reed (N)",
        "roadway": "SH-288",
        "location": "Reed (N)",
        "direction": "East",
        "image": "https://www.houstontranstar.org/snapshots/cctv/919.jpg",
        "monitor": "0",
        "validimg": "True",
        "frameCount": "1",
        "framePauseMs": "0",
        "page": "https://traffic.houstontranstar.org/cctv/transtar/camera.aspx?cam=919"
      }
    },
    {
      "type": "Feature",
      "geometry": {
        "type": "Point",
        "coordinates": [
          -95.3868,
          29.65818
        ]
      },
      "properties": {
        "name": "SH288 @ Reed",
        "roadway": "SH-288",
        "location": "Reed",
        "direction": "East",
        "image": "https://www.houstontranstar.org/snapshots/cctv/920.jpg",
        "monitor": "0",
        "validimg": "True",
        "frameCount": "1",
        "framePauseMs": "0",
        "page": "https://traffic.houstontranstar.org/cctv/transtar/camera.aspx?cam=920"
      }
    },
    {
      "type": "Feature",
      "geometry": {
        "type": "Point",
        "coordinates": [
          -95.38687,
          29.6576
        ]
      },
      "properties": {
        "name": "SH288 @ Airport (N)",
        "roadway": "SH-288",
        "location": "Airport (N)",
        "direction": "East",
        "image": "https://www.houstontranstar.org/snapshots/cctv/921.jpg",
        "monitor": "0",
        "validimg": "True",
        "frameCount": "1",
        "framePauseMs": "0",
        "page": "https://traffic.houstontranstar.org/cctv/transtar/camera.aspx?cam=921"
      }
    },
    {
      "type": "Feature",
      "geometry": {
        "type": "Point",
        "coordinates": [
          -95.38679,
          29.6432
        ]
      },
      "properties": {
        "name": "SH288 @ Airport",
        "roadway": "SH-288",
        "location": "Airport",
        "direction": "East",
        "image": "https://www.houstontranstar.org/snapshots/cctv/922.jpg",
        "monitor": "0",
        "validimg": "True",
        "frameCount": "1",
        "framePauseMs": "0",
        "page": "https://traffic.houstontranstar.org/cctv/transtar/camera.aspx?cam=922"
      }
    },
    {
      "type": "Feature",
      "geometry": {
        "type": "Point",
        "coordinates": [
          -95.38665,
          29.63554
        ]
      },
      "properties": {
        "name": "SH288 @ W Orem (N)",
        "roadway": "SH-288",
        "location": "W Orem (N)",
        "direction": "East",
        "image": "https://www.houstontranstar.org/snapshots/cctv/923.jpg",
        "monitor": "0",
        "validimg": "True",
        "frameCount": "1",
        "framePauseMs": "0",
        "page": "https://traffic.houstontranstar.org/cctv/transtar/camera.aspx?cam=923"
      }
    },
    {
      "type": "Feature",
      "geometry": {
        "type": "Point",
        "coordinates": [
          -95.38735,
          29.62802
        ]
      },
      "properties": {
        "name": "SH288 @ W Orem",
        "roadway": "SH-288",
        "location": "W Orem",
        "direction": "West",
        "image": "https://www.houstontranstar.org/snapshots/cctv/924.jpg",
        "monitor": "0",
        "validimg": "True",
        "frameCount": "1",
        "framePauseMs": "0",
        "page": "https://traffic.houstontranstar.org/cctv/transtar/camera.aspx?cam=924"
      }
    },
    {
      "type": "Feature",
      "geometry": {
        "type": "Point",
        "coordinates": [
          -95.38653,
          29.62109
        ]
      },
      "properties": {
        "name": "SH288 @ W Orem (S)",
        "roadway": "SH-288",
        "location": "W Orem (S)",
        "direction": "East",
        "image": "https://www.houstontranstar.org/snapshots/cctv/925.jpg",
        "monitor": "0",
        "validimg": "True",
        "frameCount": "1",
        "framePauseMs": "0",
        "page": "https://traffic.houstontranstar.org/cctv/transtar/camera.aspx?cam=925"
      }
    },
    {
      "type": "Feature",
      "geometry": {
        "type": "Point",
        "coordinates": [
          -95.38658,
          29.61602
        ]
      },
      "properties": {
        "name": "SH288 @ Almeda Genoa (N)",
        "roadway": "SH-288",
        "location": "Almeda Genoa (N)",
        "direction": "East",
        "image": "https://www.houstontranstar.org/snapshots/cctv/926.jpg",
        "monitor": "0",
        "validimg": "True",
        "frameCount": "1",
        "framePauseMs": "0",
        "page": "https://traffic.houstontranstar.org/cctv/transtar/camera.aspx?cam=926"
      }
    },
    {
      "type": "Feature",
      "geometry": {
        "type": "Point",
        "coordinates": [
          -95.38725,
          29.60857
        ]
      },
      "properties": {
        "name": "SH288 @ Almeda Genoa",
        "roadway": "SH-288",
        "location": "Almeda Genoa",
        "direction": "West",
        "image": "https://www.houstontranstar.org/snapshots/cctv/927.jpg",
        "monitor": "0",
        "validimg": "True",
        "frameCount": "1",
        "framePauseMs": "0",
        "page": "https://traffic.houstontranstar.org/cctv/transtar/camera.aspx?cam=927"
      }
    },
    {
      "type": "Feature",
      "geometry": {
        "type": "Point",
        "coordinates": [
          -95.3861,
          29.60172
        ]
      },
      "properties": {
        "name": "SH288 @ Almeda Genoa (S)",
        "roadway": "SH-288",
        "location": "Almeda Gena (S)",
        "direction": "East",
        "image": "https://www.houstontranstar.org/snapshots/cctv/928.jpg",
        "monitor": "0",
        "validimg": "True",
        "frameCount": "1",
        "framePauseMs": "0",
        "page": "https://traffic.houstontranstar.org/cctv/transtar/camera.aspx?cam=928"
      }
    },
    {
      "type": "Feature",
      "geometry": {
        "type": "Point",
        "coordinates": [
          -95.38694,
          29.5983
        ]
      },
      "properties": {
        "name": "SH288 @ BW8 (N)",
        "roadway": "SH-288",
        "location": "BW8 (N)",
        "direction": "West",
        "image": "https://www.houstontranstar.org/snapshots/cctv/929.jpg",
        "monitor": "0",
        "validimg": "True",
        "frameCount": "1",
        "framePauseMs": "0",
        "page": "https://traffic.houstontranstar.org/cctv/transtar/camera.aspx?cam=929"
      }
    },
    {
      "type": "Feature",
      "geometry": {
        "type": "Point",
        "coordinates": [
          -95.38968,
          29.59765
        ]
      },
      "properties": {
        "name": "SH288 @ BW8 (W)",
        "roadway": "SH-288",
        "location": "BW8 (W)",
        "direction": "None",
        "image": "https://www.houstontranstar.org/snapshots/cctv/930.jpg",
        "monitor": "0",
        "validimg": "True",
        "frameCount": "1",
        "framePauseMs": "0",
        "page": "https://traffic.houstontranstar.org/cctv/transtar/camera.aspx?cam=930"
      }
    },
    {
      "type": "Feature",
      "geometry": {
        "type": "Point",
        "coordinates": [
          -95.38617,
          29.59657
        ]
      },
      "properties": {
        "name": "SH288 @ BW8",
        "roadway": "SH-288",
        "location": "BW8",
        "direction": "East",
        "image": "https://www.houstontranstar.org/snapshots/cctv/931.jpg",
        "monitor": "0",
        "validimg": "True",
        "frameCount": "1",
        "framePauseMs": "0",
        "page": "https://traffic.houstontranstar.org/cctv/transtar/camera.aspx?cam=931"
      }
    },
    {
      "type": "Feature",
      "geometry": {
        "type": "Point",
        "coordinates": [
          -95.38531,
          29.59684
        ]
      },
      "properties": {
        "name": "SH288 @ BW8 (E)",
        "roadway": "SH-288",
        "location": "BW8 (E)",
        "direction": "None",
        "image": "https://www.houstontranstar.org/snapshots/cctv/932.jpg",
        "monitor": "0",
        "validimg": "True",
        "frameCount": "1",
        "framePauseMs": "0",
        "page": "https://traffic.houstontranstar.org/cctv/transtar/camera.aspx?cam=932"
      }
    },
    {
      "type": "Feature",
      "geometry": {
        "type": "Point",
        "coordinates": [
          -95.38715,
          29.59325
        ]
      },
      "properties": {
        "name": "SH288 @ BW8 (S)",
        "roadway": "SH-288",
        "location": "BW8 (S)",
        "direction": "West",
        "image": "https://www.houstontranstar.org/snapshots/cctv/933.jpg",
        "monitor": "0",
        "validimg": "True",
        "frameCount": "1",
        "framePauseMs": "0",
        "page": "https://traffic.houstontranstar.org/cctv/transtar/camera.aspx?cam=933"
      }
    },
    {
      "type": "Feature",
      "geometry": {
        "type": "Point",
        "coordinates": [
          -95.38599,
          29.58738
        ]
      },
      "properties": {
        "name": "SH288 @ Clear Creek",
        "roadway": "SH-288",
        "location": "Clear Creek",
        "direction": "East",
        "image": "https://www.houstontranstar.org/snapshots/cctv/934.jpg",
        "monitor": "0",
        "validimg": "True",
        "frameCount": "1",
        "framePauseMs": "0",
        "page": "https://traffic.houstontranstar.org/cctv/transtar/camera.aspx?cam=934"
      }
    },
    {
      "type": "Feature",
      "geometry": {
        "type": "Point",
        "coordinates": [
          -95.38586,
          29.57859
        ]
      },
      "properties": {
        "name": "SH288 @ McHard (N)",
        "roadway": "SH-288",
        "location": "McHard (N)",
        "direction": "East",
        "image": "https://www.houstontranstar.org/snapshots/cctv/935.jpg",
        "monitor": "0",
        "validimg": "True",
        "frameCount": "1",
        "framePauseMs": "0",
        "page": "https://traffic.houstontranstar.org/cctv/transtar/camera.aspx?cam=935"
      }
    },
    {
      "type": "Feature",
      "geometry": {
        "type": "Point",
        "coordinates": [
          -95.04061,
          29.78643
        ]
      },
      "properties": {
        "name": "330 @ Bayway (W)",
        "roadway": "Spur-330",
        "location": "Bayway (W)",
        "direction": "South",
        "image": "https://www.houstontranstar.org/snapshots/cctv/1501.jpg",
        "monitor": "0",
        "validimg": "True",
        "frameCount": "1",
        "framePauseMs": "0",
        "page": "https://traffic.houstontranstar.org/cctv/transtar/camera.aspx?cam=1501"
      }
    },
    {
      "type": "Feature",
      "geometry": {
        "type": "Point",
        "coordinates": [
          -95.03225,
          29.78287
        ]
      },
      "properties": {
        "name": "330 @ Bayway",
        "roadway": "Spur-330",
        "location": "Bayway",
        "direction": "South",
        "image": "https://www.houstontranstar.org/snapshots/cctv/1502.jpg",
        "monitor": "0",
        "validimg": "True",
        "frameCount": "1",
        "framePauseMs": "0",
        "page": "https://traffic.houstontranstar.org/cctv/transtar/camera.aspx?cam=1502"
      }
    },
    {
      "type": "Feature",
      "geometry": {
        "type": "Point",
        "coordinates": [
          -95.02535,
          29.78003
        ]
      },
      "properties": {
        "name": "330 @ Bayway (E)",
        "roadway": "Spur-330",
        "location": "Bayway (E)",
        "direction": "South",
        "image": "https://www.houstontranstar.org/snapshots/cctv/1503.jpg",
        "monitor": "0",
        "validimg": "True",
        "frameCount": "1",
        "framePauseMs": "0",
        "page": "https://traffic.houstontranstar.org/cctv/transtar/camera.aspx?cam=1503"
      }
    },
    {
      "type": "Feature",
      "geometry": {
        "type": "Point",
        "coordinates": [
          -95.01902,
          29.77569
        ]
      },
      "properties": {
        "name": "330 @ Wade",
        "roadway": "Spur-330",
        "location": "Wade",
        "direction": "South",
        "image": "https://www.houstontranstar.org/snapshots/cctv/1504.jpg",
        "monitor": "0",
        "validimg": "False",
        "frameCount": "1",
        "framePauseMs": "0",
        "page": "https://traffic.houstontranstar.org/cctv/transtar/camera.aspx?cam=1504"
      }
    },
    {
      "type": "Feature",
      "geometry": {
        "type": "Point",
        "coordinates": [
          -95.01311,
          29.7698
        ]
      },
      "properties": {
        "name": "330 @ Baker",
        "roadway": "Spur-330",
        "location": "Baker",
        "direction": "South",
        "image": "https://www.houstontranstar.org/snapshots/cctv/1505.jpg",
        "monitor": "0",
        "validimg": "False",
        "frameCount": "1",
        "framePauseMs": "0",
        "page": "https://traffic.houstontranstar.org/cctv/transtar/camera.aspx?cam=1505"
      }
    },
    {
      "type": "Feature",
      "geometry": {
        "type": "Point",
        "coordinates": [
          -95.00844,
          29.76547
        ]
      },
      "properties": {
        "name": "330 @ Baker (E)",
        "roadway": "Spur-330",
        "location": "Baker (E)",
        "direction": "South",
        "image": "https://www.houstontranstar.org/snapshots/cctv/1506.jpg",
        "monitor": "0",
        "validimg": "True",
        "frameCount": "1",
        "framePauseMs": "0",
        "page": "https://traffic.houstontranstar.org/cctv/transtar/camera.aspx?cam=1506"
      }
    },
    {
      "type": "Feature",
      "geometry": {
        "type": "Point",
        "coordinates": [
          -95.00301,
          29.76012
        ]
      },
      "properties": {
        "name": "330 @ Rollingbrook (W)",
        "roadway": "Spur-330",
        "location": "Rollingbrook (W)",
        "direction": "South",
        "image": "https://www.houstontranstar.org/snapshots/cctv/1507.jpg",
        "monitor": "0",
        "validimg": "True",
        "frameCount": "1",
        "framePauseMs": "0",
        "page": "https://traffic.houstontranstar.org/cctv/transtar/camera.aspx?cam=1507"
      }
    },
    {
      "type": "Feature",
      "geometry": {
        "type": "Point",
        "coordinates": [
          -94.99577,
          29.75591
        ]
      },
      "properties": {
        "name": "330 @ Rollingbrook",
        "roadway": "Spur-330",
        "location": "Rollingbrook",
        "direction": "South",
        "image": "https://www.houstontranstar.org/snapshots/cctv/1508.jpg",
        "monitor": "0",
        "validimg": "True",
        "frameCount": "1",
        "framePauseMs": "0",
        "page": "https://traffic.houstontranstar.org/cctv/transtar/camera.aspx?cam=1508"
      }
    },
    {
      "type": "Feature",
      "geometry": {
        "type": "Point",
        "coordinates": [
          -95.315683,
          29.939133
        ]
      },
      "properties": {
        "name": "North BW-8 @ Vickery Drive",
        "roadway": "Beltway 8-North",
        "location": "Vickery Drive",
        "direction": "South",
        "image": "https://www.houstontranstar.org/snapshots/cctv/1102.jpg",
        "monitor": "0",
        "validimg": "True",
        "frameCount": "6",
        "framePauseMs": "300",
        "page": "https://traffic.houstontranstar.org/cctv/transtar/camera.aspx?cam=1102"
      }
    },
    {
      "type": "Feature",
      "geometry": {
        "type": "Point",
        "coordinates": [
          -95.33131,
          29.938995
        ]
      },
      "properties": {
        "name": "North BW-8 @ JFK (E)",
        "roadway": "Beltway 8-North",
        "location": "JFK (E)",
        "direction": "South",
        "image": "https://www.houstontranstar.org/snapshots/cctv/1103.jpg",
        "monitor": "0",
        "validimg": "True",
        "frameCount": "1",
        "framePauseMs": "0",
        "page": "https://traffic.houstontranstar.org/cctv/transtar/camera.aspx?cam=1103"
      }
    },
    {
      "type": "Feature",
      "geometry": {
        "type": "Point",
        "coordinates": [
          -95.331544,
          29.939024
        ]
      },
      "properties": {
        "name": "North BW-8 @ JFK",
        "roadway": "Beltway 8-North",
        "location": "JFK",
        "direction": "South",
        "image": "https://www.houstontranstar.org/snapshots/cctv/1104.jpg",
        "monitor": "0",
        "validimg": "True",
        "frameCount": "1",
        "framePauseMs": "0",
        "page": "https://traffic.houstontranstar.org/cctv/transtar/camera.aspx?cam=1104"
      }
    },
    {
      "type": "Feature",
      "geometry": {
        "type": "Point",
        "coordinates": [
          -95.331778,
          29.939024
        ]
      },
      "properties": {
        "name": "North BW-8 @ JFK (W)",
        "roadway": "Beltway 8-North",
        "location": "JFK (W)",
        "direction": "South",
        "image": "https://www.houstontranstar.org/snapshots/cctv/1105.jpg",
        "monitor": "0",
        "validimg": "True",
        "frameCount": "1",
        "framePauseMs": "0",
        "page": "https://traffic.houstontranstar.org/cctv/transtar/camera.aspx?cam=1105"
      }
    },
    {
      "type": "Feature",
      "geometry": {
        "type": "Point",
        "coordinates": [
          -95.356124,
          29.938871
        ]
      },
      "properties": {
        "name": "North BW-8 @ Aldine Westfield",
        "roadway": "Beltway 8-North",
        "location": "Aldine Westfield",
        "direction": "South",
        "image": "https://www.houstontranstar.org/snapshots/cctv/1106.jpg",
        "monitor": "0",
        "validimg": "True",
        "frameCount": "6",
        "framePauseMs": "300",
        "page": "https://traffic.houstontranstar.org/cctv/transtar/camera.aspx?cam=1106"
      }
    },
    {
      "type": "Feature",
      "geometry": {
        "type": "Point",
        "coordinates": [
          -95.383041,
          29.938646
        ]
      },
      "properties": {
        "name": "North BW-8 @ Hardy (E)",
        "roadway": "Beltway 8-North",
        "location": "Hardy (E)",
        "direction": "South",
        "image": "https://www.houstontranstar.org/snapshots/cctv/1107.jpg",
        "monitor": "0",
        "validimg": "True",
        "frameCount": "1",
        "framePauseMs": "0",
        "page": "https://traffic.houstontranstar.org/cctv/transtar/camera.aspx?cam=1107"
      }
    },
    {
      "type": "Feature",
      "geometry": {
        "type": "Point",
        "coordinates": [
          -95.383334,
          29.93864
        ]
      },
      "properties": {
        "name": "North BW-8 @ Hardy (W)",
        "roadway": "Beltway 8-North",
        "location": "Hardy (W)",
        "direction": "South",
        "image": "https://www.houstontranstar.org/snapshots/cctv/1108.jpg",
        "monitor": "0",
        "validimg": "True",
        "frameCount": "1",
        "framePauseMs": "0",
        "page": "https://traffic.houstontranstar.org/cctv/transtar/camera.aspx?cam=1108"
      }
    },
    {
      "type": "Feature",
      "geometry": {
        "type": "Point",
        "coordinates": [
          -95.397739,
          29.939123
        ]
      },
      "properties": {
        "name": "North BW-8 @ Imperial Valley",
        "roadway": "Beltway 8-North",
        "location": "Imperial Valley",
        "direction": "South",
        "image": "https://www.houstontranstar.org/snapshots/cctv/1109.jpg",
        "monitor": "0",
        "validimg": "True",
        "frameCount": "1",
        "framePauseMs": "0",
        "page": "https://traffic.houstontranstar.org/cctv/transtar/camera.aspx?cam=1109"
      }
    },
    {
      "type": "Feature",
      "geometry": {
        "type": "Point",
        "coordinates": [
          -95.407444,
          29.940496
        ]
      },
      "properties": {
        "name": "North BW-8 @ Greenspoint",
        "roadway": "Beltway 8-North",
        "location": "Greenspoint",
        "direction": "South",
        "image": "https://www.houstontranstar.org/snapshots/cctv/1110.jpg",
        "monitor": "0",
        "validimg": "True",
        "frameCount": "1",
        "framePauseMs": "0",
        "page": "https://traffic.houstontranstar.org/cctv/transtar/camera.aspx?cam=1110"
      }
    },
    {
      "type": "Feature",
      "geometry": {
        "type": "Point",
        "coordinates": [
          -95.42484,
          29.93937
        ]
      },
      "properties": {
        "name": "N Sam Hou/BW8 @ Greens Crossing",
        "roadway": "Beltway 8-North",
        "location": "Greens Crossing",
        "direction": "South",
        "image": "https://www.houstontranstar.org/snapshots/cctv/1111.jpg",
        "monitor": "0",
        "validimg": "True",
        "frameCount": "1",
        "framePauseMs": "0",
        "page": "https://traffic.houstontranstar.org/cctv/transtar/camera.aspx?cam=1111"
      }
    },
    {
      "type": "Feature",
      "geometry": {
        "type": "Point",
        "coordinates": [
          -95.4326,
          29.93792
        ]
      },
      "properties": {
        "name": "N Sam Hou/BW8 @ Ella",
        "roadway": "Beltway 8-North",
        "location": "Ella",
        "direction": "North",
        "image": "https://www.houstontranstar.org/snapshots/cctv/1112.jpg",
        "monitor": "0",
        "validimg": "True",
        "frameCount": "1",
        "framePauseMs": "0",
        "page": "https://traffic.houstontranstar.org/cctv/transtar/camera.aspx?cam=1112"
      }
    },
    {
      "type": "Feature",
      "geometry": {
        "type": "Point",
        "coordinates": [
          -95.44029,
          29.93824
        ]
      },
      "properties": {
        "name": "N Sam Hou/BW8 @ Ella (W)",
        "roadway": "Beltway 8-North",
        "location": "Ella (W)",
        "direction": "North",
        "image": "https://www.houstontranstar.org/snapshots/cctv/1113.jpg",
        "monitor": "0",
        "validimg": "True",
        "frameCount": "1",
        "framePauseMs": "0",
        "page": "https://traffic.houstontranstar.org/cctv/transtar/camera.aspx?cam=1113"
      }
    },
    {
      "type": "Feature",
      "geometry": {
        "type": "Point",
        "coordinates": [
          -95.45546,
          29.93786
        ]
      },
      "properties": {
        "name": "N Sam Hou/BW8 @ T.C Jester",
        "roadway": "Beltway 8-North",
        "location": "T.C Jester",
        "direction": "North",
        "image": "https://www.houstontranstar.org/snapshots/cctv/1114.jpg",
        "monitor": "0",
        "validimg": "True",
        "frameCount": "1",
        "framePauseMs": "0",
        "page": "https://traffic.houstontranstar.org/cctv/transtar/camera.aspx?cam=1114"
      }
    },
    {
      "type": "Feature",
      "geometry": {
        "type": "Point",
        "coordinates": [
          -95.46047,
          29.93735
        ]
      },
      "properties": {
        "name": "N Sam Hou/BW8 @ Veteran Memorial",
        "roadway": "Beltway 8-North",
        "location": "Veteran Memorial",
        "direction": "South",
        "image": "https://www.houstontranstar.org/snapshots/cctv/1115.jpg",
        "monitor": "0",
        "validimg": "True",
        "frameCount": "1",
        "framePauseMs": "0",
        "page": "https://traffic.houstontranstar.org/cctv/transtar/camera.aspx?cam=1115"
      }
    },
    {
      "type": "Feature",
      "geometry": {
        "type": "Point",
        "coordinates": [
          -95.47377,
          29.93732
        ]
      },
      "properties": {
        "name": "N Sam Hou/BW8 @ N Toll Plaza (W)",
        "roadway": "Beltway 8-North",
        "location": "N Toll Plaza (W)",
        "direction": "South",
        "image": "https://www.houstontranstar.org/snapshots/cctv/1117.jpg",
        "monitor": "0",
        "validimg": "True",
        "frameCount": "1",
        "framePauseMs": "0",
        "page": "https://traffic.houstontranstar.org/cctv/transtar/camera.aspx?cam=1117"
      }
    },
    {
      "type": "Feature",
      "geometry": {
        "type": "Point",
        "coordinates": [
          -95.48386,
          29.93765
        ]
      },
      "properties": {
        "name": "N Sam Hou/BW8 @ Antoine",
        "roadway": "Beltway 8-North",
        "location": "Antoine",
        "direction": "North",
        "image": "https://www.houstontranstar.org/snapshots/cctv/1118.jpg",
        "monitor": "0",
        "validimg": "True",
        "frameCount": "1",
        "framePauseMs": "0",
        "page": "https://traffic.houstontranstar.org/cctv/transtar/camera.aspx?cam=1118"
      }
    },
    {
      "type": "Feature",
      "geometry": {
        "type": "Point",
        "coordinates": [
          -95.49776,
          29.93747
        ]
      },
      "properties": {
        "name": "N Sam Hou/BW8 @ Bammel",
        "roadway": "Beltway 8-North",
        "location": "Bammel",
        "direction": "North",
        "image": "https://www.houstontranstar.org/snapshots/cctv/1119.jpg",
        "monitor": "0",
        "validimg": "True",
        "frameCount": "1",
        "framePauseMs": "0",
        "page": "https://traffic.houstontranstar.org/cctv/transtar/camera.aspx?cam=1119"
      }
    },
    {
      "type": "Feature",
      "geometry": {
        "type": "Point",
        "coordinates": [
          -95.50809,
          29.93734
        ]
      },
      "properties": {
        "name": "N Sam Hou/BW8 @ Hollister",
        "roadway": "Beltway 8-North",
        "location": "Hollister",
        "direction": "North",
        "image": "https://www.houstontranstar.org/snapshots/cctv/1120.jpg",
        "monitor": "0",
        "validimg": "True",
        "frameCount": "1",
        "framePauseMs": "0",
        "page": "https://traffic.houstontranstar.org/cctv/transtar/camera.aspx?cam=1120"
      }
    },
    {
      "type": "Feature",
      "geometry": {
        "type": "Point",
        "coordinates": [
          -95.52135,
          29.93738
        ]
      },
      "properties": {
        "name": "N Sam Hou/BW8 @ SH 249 (W)",
        "roadway": "Beltway 8-North",
        "location": "SH 249 (W)",
        "direction": "North",
        "image": "https://www.houstontranstar.org/snapshots/cctv/1122.jpg",
        "monitor": "0",
        "validimg": "True",
        "frameCount": "1",
        "framePauseMs": "0",
        "page": "https://traffic.houstontranstar.org/cctv/transtar/camera.aspx?cam=1122"
      }
    },
    {
      "type": "Feature",
      "geometry": {
        "type": "Point",
        "coordinates": [
          -95.5296,
          29.93543
        ]
      },
      "properties": {
        "name": "N Sam Hou/BW8 @ Fairbanks",
        "roadway": "Beltway 8-North",
        "location": "Fairbanks",
        "direction": "South",
        "image": "https://www.houstontranstar.org/snapshots/cctv/1123.jpg",
        "monitor": "0",
        "validimg": "True",
        "frameCount": "1",
        "framePauseMs": "0",
        "page": "https://traffic.houstontranstar.org/cctv/transtar/camera.aspx?cam=1123"
      }
    },
    {
      "type": "Feature",
      "geometry": {
        "type": "Point",
        "coordinates": [
          -95.53595,
          29.93343
        ]
      },
      "properties": {
        "name": "N Sam Hou/BW8 @ Fairbanks (W)",
        "roadway": "Beltway 8-North",
        "location": "Fairbanks (W)",
        "direction": "North",
        "image": "https://www.houstontranstar.org/snapshots/cctv/1124.jpg",
        "monitor": "0",
        "validimg": "True",
        "frameCount": "1",
        "framePauseMs": "0",
        "page": "https://traffic.houstontranstar.org/cctv/transtar/camera.aspx?cam=1124"
      }
    },
    {
      "type": "Feature",
      "geometry": {
        "type": "Point",
        "coordinates": [
          -95.54483,
          29.92981
        ]
      },
      "properties": {
        "name": "N Sam Hou/BW8 @ Gessner",
        "roadway": "Beltway 8-North",
        "location": "Gessner",
        "direction": "North",
        "image": "https://www.houstontranstar.org/snapshots/cctv/1125.jpg",
        "monitor": "0",
        "validimg": "True",
        "frameCount": "1",
        "framePauseMs": "0",
        "page": "https://traffic.houstontranstar.org/cctv/transtar/camera.aspx?cam=1125"
      }
    },
    {
      "type": "Feature",
      "geometry": {
        "type": "Point",
        "coordinates": [
          -95.55552,
          29.9235
        ]
      },
      "properties": {
        "name": "N Sam Hou/BW8 @ Fallbrook",
        "roadway": "Beltway 8-North",
        "location": "Fallbrook",
        "direction": "North",
        "image": "https://www.houstontranstar.org/snapshots/cctv/1126.jpg",
        "monitor": "0",
        "validimg": "True",
        "frameCount": "1",
        "framePauseMs": "0",
        "page": "https://traffic.houstontranstar.org/cctv/transtar/camera.aspx?cam=1126"
      }
    },
    {
      "type": "Feature",
      "geometry": {
        "type": "Point",
        "coordinates": [
          -95.55635,
          29.91715
        ]
      },
      "properties": {
        "name": "N Sam Hou/BW8 @ Fallbrook (W)",
        "roadway": "Beltway 8-North",
        "location": "Fallbrook (W)",
        "direction": "North",
        "image": "https://www.houstontranstar.org/snapshots/cctv/1127.jpg",
        "monitor": "0",
        "validimg": "True",
        "frameCount": "1",
        "framePauseMs": "0",
        "page": "https://traffic.houstontranstar.org/cctv/transtar/camera.aspx?cam=1127"
      }
    },
    {
      "type": "Feature",
      "geometry": {
        "type": "Point",
        "coordinates": [
          -95.55274,
          29.9032
        ]
      },
      "properties": {
        "name": "W Sam Hou/BW8 @ West Rd",
        "roadway": "Beltway 8-West",
        "location": "West Rd",
        "direction": "West",
        "image": "https://www.houstontranstar.org/snapshots/cctv/1128.jpg",
        "monitor": "0",
        "validimg": "False",
        "frameCount": "1",
        "framePauseMs": "0",
        "page": "https://traffic.houstontranstar.org/cctv/transtar/camera.aspx?cam=1128"
      }
    },
    {
      "type": "Feature",
      "geometry": {
        "type": "Point",
        "coordinates": [
          -95.54981,
          29.89572
        ]
      },
      "properties": {
        "name": "W Sam Hou/BW8 @ West Rd (S)",
        "roadway": "Beltway 8-West",
        "location": "West Rd (S)",
        "direction": "West",
        "image": "https://www.houstontranstar.org/snapshots/cctv/1129.jpg",
        "monitor": "0",
        "validimg": "True",
        "frameCount": "1",
        "framePauseMs": "0",
        "page": "https://traffic.houstontranstar.org/cctv/transtar/camera.aspx?cam=1129"
      }
    },
    {
      "type": "Feature",
      "geometry": {
        "type": "Point",
        "coordinates": [
          -95.54949,
          29.88643
        ]
      },
      "properties": {
        "name": "W Sam Hou/BW8 @Philippine",
        "roadway": "Beltway 8-West",
        "location": "Philippine",
        "direction": "West",
        "image": "https://www.houstontranstar.org/snapshots/cctv/1130.jpg",
        "monitor": "0",
        "validimg": "True",
        "frameCount": "1",
        "framePauseMs": "0",
        "page": "https://traffic.houstontranstar.org/cctv/transtar/camera.aspx?cam=1130"
      }
    },
    {
      "type": "Feature",
      "geometry": {
        "type": "Point",
        "coordinates": [
          -95.54855,
          29.87933
        ]
      },
      "properties": {
        "name": "W Sam Hou/BW8 @ Gulf Bank",
        "roadway": "Beltway 8-West",
        "location": "Gulf Bank",
        "direction": "East",
        "image": "https://www.houstontranstar.org/snapshots/cctv/1131.jpg",
        "monitor": "0",
        "validimg": "True",
        "frameCount": "1",
        "framePauseMs": "0",
        "page": "https://traffic.houstontranstar.org/cctv/transtar/camera.aspx?cam=1131"
      }
    },
    {
      "type": "Feature",
      "geometry": {
        "type": "Point",
        "coordinates": [
          -95.55187,
          29.87549
        ]
      },
      "properties": {
        "name": "W Sam Hou/BW8 @ US 290",
        "roadway": "Beltway 8-West",
        "location": "US 290",
        "direction": "West",
        "image": "https://www.houstontranstar.org/snapshots/cctv/1132.jpg",
        "monitor": "0",
        "validimg": "True",
        "frameCount": "1",
        "framePauseMs": "0",
        "page": "https://traffic.houstontranstar.org/cctv/transtar/camera.aspx?cam=1132"
      }
    },
    {
      "type": "Feature",
      "geometry": {
        "type": "Point",
        "coordinates": [
          -95.5641,
          29.86706
        ]
      },
      "properties": {
        "name": "W Sam Hou/BW8 @ Little York",
        "roadway": "Beltway 8-West",
        "location": "Little York",
        "direction": "West",
        "image": "https://www.houstontranstar.org/snapshots/cctv/1133.jpg",
        "monitor": "0",
        "validimg": "True",
        "frameCount": "6",
        "framePauseMs": "300",
        "page": "https://traffic.houstontranstar.org/cctv/transtar/camera.aspx?cam=1133"
      }
    },
    {
      "type": "Feature",
      "geometry": {
        "type": "Point",
        "coordinates": [
          -95.56439,
          29.85867
        ]
      },
      "properties": {
        "name": "W Sam Hou/BW8 @ Central Plaza",
        "roadway": "Beltway 8-West",
        "location": "Central Plaza",
        "direction": "West",
        "image": "https://www.houstontranstar.org/snapshots/cctv/1134.jpg",
        "monitor": "0",
        "validimg": "True",
        "frameCount": "1",
        "framePauseMs": "0",
        "page": "https://traffic.houstontranstar.org/cctv/transtar/camera.aspx?cam=1134"
      }
    },
    {
      "type": "Feature",
      "geometry": {
        "type": "Point",
        "coordinates": [
          -95.56437,
          29.85564
        ]
      },
      "properties": {
        "name": "W Sam Hou/BW8 @ Central Plaza (S)",
        "roadway": "Beltway 8-West",
        "location": "Central Plaza (S)",
        "direction": "West",
        "image": "https://www.houstontranstar.org/snapshots/cctv/1135.jpg",
        "monitor": "0",
        "validimg": "True",
        "frameCount": "1",
        "framePauseMs": "0",
        "page": "https://traffic.houstontranstar.org/cctv/transtar/camera.aspx?cam=1135"
      }
    },
    {
      "type": "Feature",
      "geometry": {
        "type": "Point",
        "coordinates": [
          -95.56411,
          29.85061
        ]
      },
      "properties": {
        "name": "W Sam Hou/BW8 @ Tanner",
        "roadway": "Beltway 8-West",
        "location": "Tanner",
        "direction": "West",
        "image": "https://www.houstontranstar.org/snapshots/cctv/1136.jpg",
        "monitor": "0",
        "validimg": "True",
        "frameCount": "1",
        "framePauseMs": "0",
        "page": "https://traffic.houstontranstar.org/cctv/transtar/camera.aspx?cam=1136"
      }
    },
    {
      "type": "Feature",
      "geometry": {
        "type": "Point",
        "coordinates": [
          -95.56349,
          29.84382
        ]
      },
      "properties": {
        "name": "W Sam Hou/BW8 @ Clay (N)",
        "roadway": "Beltway 8-West",
        "location": "Clay (N)",
        "direction": "East",
        "image": "https://www.houstontranstar.org/snapshots/cctv/1137.jpg",
        "monitor": "0",
        "validimg": "True",
        "frameCount": "1",
        "framePauseMs": "0",
        "page": "https://traffic.houstontranstar.org/cctv/transtar/camera.aspx?cam=1137"
      }
    },
    {
      "type": "Feature",
      "geometry": {
        "type": "Point",
        "coordinates": [
          -95.56438,
          29.83175
        ]
      },
      "properties": {
        "name": "W Sam Hou/BW8 @ Clay",
        "roadway": "Beltway 8-West",
        "location": "Clay",
        "direction": "West",
        "image": "https://www.houstontranstar.org/snapshots/cctv/1138.jpg",
        "monitor": "0",
        "validimg": "True",
        "frameCount": "1",
        "framePauseMs": "0",
        "page": "https://traffic.houstontranstar.org/cctv/transtar/camera.aspx?cam=1138"
      }
    },
    {
      "type": "Feature",
      "geometry": {
        "type": "Point",
        "coordinates": [
          -95.56405,
          29.82316
        ]
      },
      "properties": {
        "name": "W Sam Hou/BW8 @ Kempwood",
        "roadway": "Beltway 8-West",
        "location": "Kempwood",
        "direction": "West",
        "image": "https://www.houstontranstar.org/snapshots/cctv/1139.jpg",
        "monitor": "0",
        "validimg": "True",
        "frameCount": "1",
        "framePauseMs": "0",
        "page": "https://traffic.houstontranstar.org/cctv/transtar/camera.aspx?cam=1139"
      }
    },
    {
      "type": "Feature",
      "geometry": {
        "type": "Point",
        "coordinates": [
          -95.56397,
          29.81287
        ]
      },
      "properties": {
        "name": "W Sam Hou/BW8 @ Hammerly",
        "roadway": "Beltway 8-West",
        "location": "Hammerly",
        "direction": "West",
        "image": "https://www.houstontranstar.org/snapshots/cctv/1140.jpg",
        "monitor": "0",
        "validimg": "True",
        "frameCount": "1",
        "framePauseMs": "0",
        "page": "https://traffic.houstontranstar.org/cctv/transtar/camera.aspx?cam=1140"
      }
    },
    {
      "type": "Feature",
      "geometry": {
        "type": "Point",
        "coordinates": [
          -95.56336,
          29.80517
        ]
      },
      "properties": {
        "name": "W Sam Hou/BW8 @ Hammerly (S)",
        "roadway": "Beltway 8-West",
        "location": "Hammerly (S)",
        "direction": "East",
        "image": "https://www.houstontranstar.org/snapshots/cctv/1141.jpg",
        "monitor": "0",
        "validimg": "True",
        "frameCount": "1",
        "framePauseMs": "0",
        "page": "https://traffic.houstontranstar.org/cctv/transtar/camera.aspx?cam=1141"
      }
    },
    {
      "type": "Feature",
      "geometry": {
        "type": "Point",
        "coordinates": [
          -95.56291,
          29.79064
        ]
      },
      "properties": {
        "name": "W Sam Hou/BW8 @ Westview",
        "roadway": "Beltway 8-West",
        "location": "Westview",
        "direction": "East",
        "image": "https://www.houstontranstar.org/snapshots/cctv/1142.jpg",
        "monitor": "0",
        "validimg": "True",
        "frameCount": "6",
        "framePauseMs": "300",
        "page": "https://traffic.houstontranstar.org/cctv/transtar/camera.aspx?cam=1142"
      }
    },
    {
      "type": "Feature",
      "geometry": {
        "type": "Point",
        "coordinates": [
          -95.56256,
          29.77633
        ]
      },
      "properties": {
        "name": "W Sam Hou/BW8 @ Kimberly",
        "roadway": "Beltway 8-West",
        "location": "Kimberly",
        "direction": "West",
        "image": "https://www.houstontranstar.org/snapshots/cctv/1143.jpg",
        "monitor": "0",
        "validimg": "True",
        "frameCount": "1",
        "framePauseMs": "0",
        "page": "https://traffic.houstontranstar.org/cctv/transtar/camera.aspx?cam=1143"
      }
    },
    {
      "type": "Feature",
      "geometry": {
        "type": "Point",
        "coordinates": [
          -95.56253,
          29.7725
        ]
      },
      "properties": {
        "name": "W Sam Hou/BW8 @ Memorial",
        "roadway": "Beltway 8-West",
        "location": "Memorial",
        "direction": "West",
        "image": "https://www.houstontranstar.org/snapshots/cctv/1144.jpg",
        "monitor": "0",
        "validimg": "True",
        "frameCount": "1",
        "framePauseMs": "0",
        "page": "https://traffic.houstontranstar.org/cctv/transtar/camera.aspx?cam=1144"
      }
    },
    {
      "type": "Feature",
      "geometry": {
        "type": "Point",
        "coordinates": [
          -95.55827,
          29.76302
        ]
      },
      "properties": {
        "name": "W Sam Hou/BW8 @ Buffalo Bayou",
        "roadway": "Beltway 8-West",
        "location": "Buffalo Bayou",
        "direction": "East",
        "image": "https://www.houstontranstar.org/snapshots/cctv/1145.jpg",
        "monitor": "0",
        "validimg": "True",
        "frameCount": "1",
        "framePauseMs": "0",
        "page": "https://traffic.houstontranstar.org/cctv/transtar/camera.aspx?cam=1145"
      }
    },
    {
      "type": "Feature",
      "geometry": {
        "type": "Point",
        "coordinates": [
          -95.55828,
          29.7594
        ]
      },
      "properties": {
        "name": "W Sam Hou/BW8 @ S Toll Plaza (N)",
        "roadway": "Beltway 8-West",
        "location": "S Toll Plaza (N)",
        "direction": "West",
        "image": "https://www.houstontranstar.org/snapshots/cctv/1146.jpg",
        "monitor": "0",
        "validimg": "True",
        "frameCount": "1",
        "framePauseMs": "0",
        "page": "https://traffic.houstontranstar.org/cctv/transtar/camera.aspx?cam=1146"
      }
    },
    {
      "type": "Feature",
      "geometry": {
        "type": "Point",
        "coordinates": [
          -95.55819,
          29.75279
        ]
      },
      "properties": {
        "name": "W Sam Hou/BW8 @ S Toll Plaza (S)",
        "roadway": "Beltway 8-West",
        "location": "S Toll Plaza (S)",
        "direction": "West",
        "image": "https://www.houstontranstar.org/snapshots/cctv/1147.jpg",
        "monitor": "0",
        "validimg": "True",
        "frameCount": "6",
        "framePauseMs": "300",
        "page": "https://traffic.houstontranstar.org/cctv/transtar/camera.aspx?cam=1147"
      }
    },
    {
      "type": "Feature",
      "geometry": {
        "type": "Point",
        "coordinates": [
          -95.55803,
          29.74712
        ]
      },
      "properties": {
        "name": "W Sam Hou/BW8 @ Briar Forest",
        "roadway": "Beltway 8-West",
        "location": "Briar Forest",
        "direction": "West",
        "image": "https://www.houstontranstar.org/snapshots/cctv/1148.jpg",
        "monitor": "0",
        "validimg": "True",
        "frameCount": "1",
        "framePauseMs": "0",
        "page": "https://traffic.houstontranstar.org/cctv/transtar/camera.aspx?cam=1148"
      }
    },
    {
      "type": "Feature",
      "geometry": {
        "type": "Point",
        "coordinates": [
          -95.55787,
          29.73749
        ]
      },
      "properties": {
        "name": "W Sam Hou/BW8 @ Westheimer",
        "roadway": "Beltway 8-West",
        "location": "Westheimer",
        "direction": "West",
        "image": "https://www.houstontranstar.org/snapshots/cctv/1149.jpg",
        "monitor": "0",
        "validimg": "True",
        "frameCount": "1",
        "framePauseMs": "0",
        "page": "https://traffic.houstontranstar.org/cctv/transtar/camera.aspx?cam=1149"
      }
    },
    {
      "type": "Feature",
      "geometry": {
        "type": "Point",
        "coordinates": [
          -95.55779,
          29.72779
        ]
      },
      "properties": {
        "name": "W Sam Hou/BW8 @ Richmond",
        "roadway": "Beltway 8-West",
        "location": "Richmond",
        "direction": "West",
        "image": "https://www.houstontranstar.org/snapshots/cctv/1150.jpg",
        "monitor": "0",
        "validimg": "True",
        "frameCount": "1",
        "framePauseMs": "0",
        "page": "https://traffic.houstontranstar.org/cctv/transtar/camera.aspx?cam=1150"
      }
    },
    {
      "type": "Feature",
      "geometry": {
        "type": "Point",
        "coordinates": [
          -95.55711,
          29.71301
        ]
      },
      "properties": {
        "name": "W Sam Hou/BW8 @ Harwin (S)",
        "roadway": "Beltway 8-West",
        "location": "Harwin (S)",
        "direction": "West",
        "image": "https://www.houstontranstar.org/snapshots/cctv/1152.jpg",
        "monitor": "0",
        "validimg": "True",
        "frameCount": "1",
        "framePauseMs": "0",
        "page": "https://traffic.houstontranstar.org/cctv/transtar/camera.aspx?cam=1152"
      }
    },
    {
      "type": "Feature",
      "geometry": {
        "type": "Point",
        "coordinates": [
          -95.55704,
          29.70403
        ]
      },
      "properties": {
        "name": "W Sam Hou/BW8 @ Bellaire",
        "roadway": "Beltway 8-West",
        "location": "Bellaire",
        "direction": "East",
        "image": "https://www.houstontranstar.org/snapshots/cctv/1153.jpg",
        "monitor": "0",
        "validimg": "True",
        "frameCount": "1",
        "framePauseMs": "0",
        "page": "https://traffic.houstontranstar.org/cctv/transtar/camera.aspx?cam=1153"
      }
    },
    {
      "type": "Feature",
      "geometry": {
        "type": "Point",
        "coordinates": [
          -95.55688,
          29.69643
        ]
      },
      "properties": {
        "name": "W Sam Hou/BW8 @ Bellaire (S)",
        "roadway": "Beltway 8-West",
        "location": "Bellaire (S)",
        "direction": "East",
        "image": "https://www.houstontranstar.org/snapshots/cctv/1154.jpg",
        "monitor": "0",
        "validimg": "True",
        "frameCount": "1",
        "framePauseMs": "0",
        "page": "https://traffic.houstontranstar.org/cctv/transtar/camera.aspx?cam=1154"
      }
    },
    {
      "type": "Feature",
      "geometry": {
        "type": "Point",
        "coordinates": [
          -95.55679,
          29.69334
        ]
      },
      "properties": {
        "name": "W Sam Hou/BW8 @ Beechnut (N)",
        "roadway": "Beltway 8-West",
        "location": "Beechnut (N)",
        "direction": "None",
        "image": "https://www.houstontranstar.org/snapshots/cctv/1155.jpg",
        "monitor": "0",
        "validimg": "False",
        "frameCount": "1",
        "framePauseMs": "0",
        "page": "https://traffic.houstontranstar.org/cctv/transtar/camera.aspx?cam=1155"
      }
    },
    {
      "type": "Feature",
      "geometry": {
        "type": "Point",
        "coordinates": [
          -95.55704,
          29.68987
        ]
      },
      "properties": {
        "name": "W Sam Hou/BW8 @ Beechnut",
        "roadway": "Beltway 8-West",
        "location": "Beechnut",
        "direction": "East",
        "image": "https://www.houstontranstar.org/snapshots/cctv/1156.jpg",
        "monitor": "0",
        "validimg": "True",
        "frameCount": "1",
        "framePauseMs": "0",
        "page": "https://traffic.houstontranstar.org/cctv/transtar/camera.aspx?cam=1156"
      }
    },
    {
      "type": "Feature",
      "geometry": {
        "type": "Point",
        "coordinates": [
          -95.55899,
          29.68294
        ]
      },
      "properties": {
        "name": "W Sam Hou/BW8 @ Beechnut (S)",
        "roadway": "Beltway 8-West",
        "location": "Beechnut (S)",
        "direction": "West",
        "image": "https://www.houstontranstar.org/snapshots/cctv/1157.jpg",
        "monitor": "0",
        "validimg": "True",
        "frameCount": "1",
        "framePauseMs": "0",
        "page": "https://traffic.houstontranstar.org/cctv/transtar/camera.aspx?cam=1157"
      }
    },
    {
      "type": "Feature",
      "geometry": {
        "type": "Point",
        "coordinates": [
          -95.56071,
          29.67415
        ]
      },
      "properties": {
        "name": "W Sam Hou/BW8 @ Bissonnet",
        "roadway": "Beltway 8-West",
        "location": "Bissonnet",
        "direction": "West",
        "image": "https://www.houstontranstar.org/snapshots/cctv/1158.jpg",
        "monitor": "0",
        "validimg": "True",
        "frameCount": "1",
        "framePauseMs": "0",
        "page": "https://traffic.houstontranstar.org/cctv/transtar/camera.aspx?cam=1158"
      }
    },
    {
      "type": "Feature",
      "geometry": {
        "type": "Point",
        "coordinates": [
          -95.56047,
          29.6681
        ]
      },
      "properties": {
        "name": "W Sam Hou/BW8 @ IH 69 (N)",
        "roadway": "Beltway 8-West",
        "location": "IH 69 (N)",
        "direction": "West",
        "image": "https://www.houstontranstar.org/snapshots/cctv/1159.jpg",
        "monitor": "0",
        "validimg": "True",
        "frameCount": "1",
        "framePauseMs": "0",
        "page": "https://traffic.houstontranstar.org/cctv/transtar/camera.aspx?cam=1159"
      }
    },
    {
      "type": "Feature",
      "geometry": {
        "type": "Point",
        "coordinates": [
          -95.55086,
          29.65368
        ]
      },
      "properties": {
        "name": "S Sam Hou/BW8 @ Bellfort",
        "roadway": "Beltway 8-South",
        "location": "Bellfort",
        "direction": "South",
        "image": "https://www.houstontranstar.org/snapshots/cctv/1160.jpg",
        "monitor": "0",
        "validimg": "True",
        "frameCount": "1",
        "framePauseMs": "0",
        "page": "https://traffic.houstontranstar.org/cctv/transtar/camera.aspx?cam=1160"
      }
    },
    {
      "type": "Feature",
      "geometry": {
        "type": "Point",
        "coordinates": [
          -95.53878,
          29.64368
        ]
      },
      "properties": {
        "name": "S Sam Hou/BW8 @ West Airport",
        "roadway": "Beltway 8-South",
        "location": "West Airport",
        "direction": "South",
        "image": "https://www.houstontranstar.org/snapshots/cctv/1161.jpg",
        "monitor": "0",
        "validimg": "True",
        "frameCount": "1",
        "framePauseMs": "0",
        "page": "https://traffic.houstontranstar.org/cctv/transtar/camera.aspx?cam=1161"
      }
    },
    {
      "type": "Feature",
      "geometry": {
        "type": "Point",
        "coordinates": [
          -95.53096,
          29.63694
        ]
      },
      "properties": {
        "name": "S Sam Hou/BW8 @ Gessner",
        "roadway": "Beltway 8-South",
        "location": "Gessner",
        "direction": "South",
        "image": "https://www.houstontranstar.org/snapshots/cctv/1162.jpg",
        "monitor": "0",
        "validimg": "True",
        "frameCount": "1",
        "framePauseMs": "0",
        "page": "https://traffic.houstontranstar.org/cctv/transtar/camera.aspx?cam=1162"
      }
    },
    {
      "type": "Feature",
      "geometry": {
        "type": "Point",
        "coordinates": [
          -95.52364,
          29.63088
        ]
      },
      "properties": {
        "name": "S Sam Hou/BW8 @ US 90 A (W)",
        "roadway": "Beltway 8-South",
        "location": "US 90 A (W)",
        "direction": "South",
        "image": "https://www.houstontranstar.org/snapshots/cctv/1163.jpg",
        "monitor": "0",
        "validimg": "True",
        "frameCount": "1",
        "framePauseMs": "0",
        "page": "https://traffic.houstontranstar.org/cctv/transtar/camera.aspx?cam=1163"
      }
    },
    {
      "type": "Feature",
      "geometry": {
        "type": "Point",
        "coordinates": [
          -95.51773,
          29.62592
        ]
      },
      "properties": {
        "name": "S Sam Hou/BW8 @ US 90 A",
        "roadway": "Beltway 8-South",
        "location": "US 90 A",
        "direction": "South",
        "image": "https://www.houstontranstar.org/snapshots/cctv/1164.jpg",
        "monitor": "0",
        "validimg": "True",
        "frameCount": "1",
        "framePauseMs": "0",
        "page": "https://traffic.houstontranstar.org/cctv/transtar/camera.aspx?cam=1164"
      }
    },
    {
      "type": "Feature",
      "geometry": {
        "type": "Point",
        "coordinates": [
          -95.50831,
          29.6204
        ]
      },
      "properties": {
        "name": "S Sam Hou/BW8 @ Fondren",
        "roadway": "Beltway 8-South",
        "location": "Fondren",
        "direction": "South",
        "image": "https://www.houstontranstar.org/snapshots/cctv/1165.jpg",
        "monitor": "0",
        "validimg": "True",
        "frameCount": "1",
        "framePauseMs": "0",
        "page": "https://traffic.houstontranstar.org/cctv/transtar/camera.aspx?cam=1165"
      }
    },
    {
      "type": "Feature",
      "geometry": {
        "type": "Point",
        "coordinates": [
          -95.49523,
          29.61396
        ]
      },
      "properties": {
        "name": "S Sam Hou/BW8 @ Hillcroft",
        "roadway": "Beltway 8-South",
        "location": "Hillcroft",
        "direction": "South",
        "image": "https://www.houstontranstar.org/snapshots/cctv/1166.jpg",
        "monitor": "0",
        "validimg": "True",
        "frameCount": "1",
        "framePauseMs": "0",
        "page": "https://traffic.houstontranstar.org/cctv/transtar/camera.aspx?cam=1166"
      }
    },
    {
      "type": "Feature",
      "geometry": {
        "type": "Point",
        "coordinates": [
          -95.48629,
          29.60971
        ]
      },
      "properties": {
        "name": "S Sam Hou/BW8 @ Hillcroft (E)",
        "roadway": "Beltway 8-South",
        "location": "Hillcroft (E)",
        "direction": "South",
        "image": "https://www.houstontranstar.org/snapshots/cctv/1167.jpg",
        "monitor": "0",
        "validimg": "True",
        "frameCount": "1",
        "framePauseMs": "0",
        "page": "https://traffic.houstontranstar.org/cctv/transtar/camera.aspx?cam=1167"
      }
    },
    {
      "type": "Feature",
      "geometry": {
        "type": "Point",
        "coordinates": [
          -95.47759,
          29.60585
        ]
      },
      "properties": {
        "name": "S Sam Hou/BW8 @ West Fuqua",
        "roadway": "Beltway 8-South",
        "location": "West Fuqua",
        "direction": "South",
        "image": "https://www.houstontranstar.org/snapshots/cctv/1168.jpg",
        "monitor": "0",
        "validimg": "True",
        "frameCount": "1",
        "framePauseMs": "0",
        "page": "https://traffic.houstontranstar.org/cctv/transtar/camera.aspx?cam=1168"
      }
    },
    {
      "type": "Feature",
      "geometry": {
        "type": "Point",
        "coordinates": [
          -95.4645,
          29.59997
        ]
      },
      "properties": {
        "name": "S Sam Hou/BW8 @ S Post Oak",
        "roadway": "Beltway 8-South",
        "location": "S Post Oak",
        "direction": "South",
        "image": "https://www.houstontranstar.org/snapshots/cctv/1169.jpg",
        "monitor": "0",
        "validimg": "True",
        "frameCount": "1",
        "framePauseMs": "0",
        "page": "https://traffic.houstontranstar.org/cctv/transtar/camera.aspx?cam=1169"
      }
    },
    {
      "type": "Feature",
      "geometry": {
        "type": "Point",
        "coordinates": [
          -95.4554,
          29.59654
        ]
      },
      "properties": {
        "name": "S Sam Hou/BW8 @ S Post Oak (E)",
        "roadway": "Beltway 8-South",
        "location": "S Post Oak (E)",
        "direction": "South",
        "image": "https://www.houstontranstar.org/snapshots/cctv/1170.jpg",
        "monitor": "0",
        "validimg": "True",
        "frameCount": "1",
        "framePauseMs": "0",
        "page": "https://traffic.houstontranstar.org/cctv/transtar/camera.aspx?cam=1170"
      }
    },
    {
      "type": "Feature",
      "geometry": {
        "type": "Point",
        "coordinates": [
          -95.44505,
          29.5964
        ]
      },
      "properties": {
        "name": "S Sam Hou/BW8 @ Hiram Clark",
        "roadway": "Beltway 8-South",
        "location": "Hiram Clark",
        "direction": "South",
        "image": "https://www.houstontranstar.org/snapshots/cctv/1171.jpg",
        "monitor": "0",
        "validimg": "True",
        "frameCount": "1",
        "framePauseMs": "0",
        "page": "https://traffic.houstontranstar.org/cctv/transtar/camera.aspx?cam=1171"
      }
    },
    {
      "type": "Feature",
      "geometry": {
        "type": "Point",
        "coordinates": [
          -95.42517,
          29.59669
        ]
      },
      "properties": {
        "name": "S Sam Hou/BW8 @ Almeda",
        "roadway": "Beltway 8-South",
        "location": "Almeda",
        "direction": "South",
        "image": "https://www.houstontranstar.org/snapshots/cctv/1172.jpg",
        "monitor": "0",
        "validimg": "True",
        "frameCount": "1",
        "framePauseMs": "0",
        "page": "https://traffic.houstontranstar.org/cctv/transtar/camera.aspx?cam=1172"
      }
    },
    {
      "type": "Feature",
      "geometry": {
        "type": "Point",
        "coordinates": [
          -95.41548,
          29.59646
        ]
      },
      "properties": {
        "name": "S Sam Hou/BW8 @ Almeda (E)",
        "roadway": "Beltway 8-South",
        "location": "Almeda (E)",
        "direction": "South",
        "image": "https://www.houstontranstar.org/snapshots/cctv/1173.jpg",
        "monitor": "0",
        "validimg": "True",
        "frameCount": "1",
        "framePauseMs": "0",
        "page": "https://traffic.houstontranstar.org/cctv/transtar/camera.aspx?cam=1173"
      }
    },
    {
      "type": "Feature",
      "geometry": {
        "type": "Point",
        "coordinates": [
          -95.40907,
          29.59653
        ]
      },
      "properties": {
        "name": "S Sam Hou/BW8 @ 288 Toll Plaza",
        "roadway": "Beltway 8-South",
        "location": "288 Toll Plaza",
        "direction": "South",
        "image": "https://www.houstontranstar.org/snapshots/cctv/1174.jpg",
        "monitor": "0",
        "validimg": "True",
        "frameCount": "1",
        "framePauseMs": "0",
        "page": "https://traffic.houstontranstar.org/cctv/transtar/camera.aspx?cam=1174"
      }
    },
    {
      "type": "Feature",
      "geometry": {
        "type": "Point",
        "coordinates": [
          -95.40008,
          29.59686
        ]
      },
      "properties": {
        "name": "S Sam Hou/BW8 @ Kirby",
        "roadway": "Beltway 8-South",
        "location": "Kirby",
        "direction": "South",
        "image": "https://www.houstontranstar.org/snapshots/cctv/1175.jpg",
        "monitor": "0",
        "validimg": "False",
        "frameCount": "1",
        "framePauseMs": "0",
        "page": "https://traffic.houstontranstar.org/cctv/transtar/camera.aspx?cam=1175"
      }
    },
    {
      "type": "Feature",
      "geometry": {
        "type": "Point",
        "coordinates": [
          -95.39079,
          29.59702
        ]
      },
      "properties": {
        "name": "S Sam Hou/BW8 @ SH 288 (W)",
        "roadway": "Beltway 8-South",
        "location": "SH 288 (W)",
        "direction": "South",
        "image": "https://www.houstontranstar.org/snapshots/cctv/1176.jpg",
        "monitor": "0",
        "validimg": "True",
        "frameCount": "1",
        "framePauseMs": "0",
        "page": "https://traffic.houstontranstar.org/cctv/transtar/camera.aspx?cam=1176"
      }
    },
    {
      "type": "Feature",
      "geometry": {
        "type": "Point",
        "coordinates": [
          -95.38276,
          29.59736
        ]
      },
      "properties": {
        "name": "S Sam Hou/BW8 @ SH 288 (E)",
        "roadway": "Beltway 8-South",
        "location": "SH 288 (E)",
        "direction": "South",
        "image": "https://www.houstontranstar.org/snapshots/cctv/1177.jpg",
        "monitor": "0",
        "validimg": "True",
        "frameCount": "1",
        "framePauseMs": "0",
        "page": "https://traffic.houstontranstar.org/cctv/transtar/camera.aspx?cam=1177"
      }
    },
    {
      "type": "Feature",
      "geometry": {
        "type": "Point",
        "coordinates": [
          -95.36744,
          29.59779
        ]
      },
      "properties": {
        "name": "S Sam Hou/BW8 @ Fellows",
        "roadway": "Beltway 8-South",
        "location": "Fellows",
        "direction": "South",
        "image": "https://www.houstontranstar.org/snapshots/cctv/1178.jpg",
        "monitor": "0",
        "validimg": "True",
        "frameCount": "1",
        "framePauseMs": "0",
        "page": "https://traffic.houstontranstar.org/cctv/transtar/camera.aspx?cam=1178"
      }
    },
    {
      "type": "Feature",
      "geometry": {
        "type": "Point",
        "coordinates": [
          -95.35836,
          29.59791
        ]
      },
      "properties": {
        "name": "S Sam Hou/BW8 @ Cullen (W)",
        "roadway": "Beltway 8-South",
        "location": "Cullen (W)",
        "direction": "South",
        "image": "https://www.houstontranstar.org/snapshots/cctv/1179.jpg",
        "monitor": "0",
        "validimg": "True",
        "frameCount": "1",
        "framePauseMs": "0",
        "page": "https://traffic.houstontranstar.org/cctv/transtar/camera.aspx?cam=1179"
      }
    },
    {
      "type": "Feature",
      "geometry": {
        "type": "Point",
        "coordinates": [
          -95.35383,
          29.59864
        ]
      },
      "properties": {
        "name": "S Sam Hou/BW8 @ Cullen",
        "roadway": "Beltway 8-South",
        "location": "Cullen",
        "direction": "South",
        "image": "https://www.houstontranstar.org/snapshots/cctv/1180.jpg",
        "monitor": "0",
        "validimg": "False",
        "frameCount": "1",
        "framePauseMs": "0",
        "page": "https://traffic.houstontranstar.org/cctv/transtar/camera.aspx?cam=1180"
      }
    },
    {
      "type": "Feature",
      "geometry": {
        "type": "Point",
        "coordinates": [
          -95.34641,
          29.59992
        ]
      },
      "properties": {
        "name": "S Sam Hou/BW8 @ Cullen (E)",
        "roadway": "Beltway 8-South",
        "location": "Cullen (E)",
        "direction": "South",
        "image": "https://www.houstontranstar.org/snapshots/cctv/1181.jpg",
        "monitor": "0",
        "validimg": "True",
        "frameCount": "1",
        "framePauseMs": "0",
        "page": "https://traffic.houstontranstar.org/cctv/transtar/camera.aspx?cam=1181"
      }
    },
    {
      "type": "Feature",
      "geometry": {
        "type": "Point",
        "coordinates": [
          -95.34148,
          29.59992
        ]
      },
      "properties": {
        "name": "S Sam Hou/BW8 @ MLK",
        "roadway": "Beltway 8-South",
        "location": "MLK",
        "direction": "South",
        "image": "https://www.houstontranstar.org/snapshots/cctv/1182.jpg",
        "monitor": "0",
        "validimg": "True",
        "frameCount": "1",
        "framePauseMs": "0",
        "page": "https://traffic.houstontranstar.org/cctv/transtar/camera.aspx?cam=1182"
      }
    },
    {
      "type": "Feature",
      "geometry": {
        "type": "Point",
        "coordinates": [
          -95.33478,
          29.59997
        ]
      },
      "properties": {
        "name": "S Sam Hou/BW8 @ MLK (E)",
        "roadway": "Beltway 8-South",
        "location": "MLK (E)",
        "direction": "South",
        "image": "https://www.houstontranstar.org/snapshots/cctv/1183.jpg",
        "monitor": "0",
        "validimg": "True",
        "frameCount": "1",
        "framePauseMs": "0",
        "page": "https://traffic.houstontranstar.org/cctv/transtar/camera.aspx?cam=1183"
      }
    },
    {
      "type": "Feature",
      "geometry": {
        "type": "Point",
        "coordinates": [
          -95.32475,
          29.60006
        ]
      },
      "properties": {
        "name": "S Sam Hou/BW8 @ Wayside (W)",
        "roadway": "Beltway 8-South",
        "location": "Wayside (W)",
        "direction": "South",
        "image": "https://www.houstontranstar.org/snapshots/cctv/1184.jpg",
        "monitor": "0",
        "validimg": "True",
        "frameCount": "1",
        "framePauseMs": "0",
        "page": "https://traffic.houstontranstar.org/cctv/transtar/camera.aspx?cam=1184"
      }
    },
    {
      "type": "Feature",
      "geometry": {
        "type": "Point",
        "coordinates": [
          -95.31833,
          29.60014
        ]
      },
      "properties": {
        "name": "S Sam Hou/BW8 @ Wayside",
        "roadway": "Beltway 8-South",
        "location": "Wayside",
        "direction": "South",
        "image": "https://www.houstontranstar.org/snapshots/cctv/1185.jpg",
        "monitor": "0",
        "validimg": "True",
        "frameCount": "1",
        "framePauseMs": "0",
        "page": "https://traffic.houstontranstar.org/cctv/transtar/camera.aspx?cam=1185"
      }
    },
    {
      "type": "Feature",
      "geometry": {
        "type": "Point",
        "coordinates": [
          -95.31052,
          29.60025
        ]
      },
      "properties": {
        "name": "S Sam Hou/BW8 @ Mykawa (W)",
        "roadway": "Beltway 8-South",
        "location": "Mykawa (W)",
        "direction": "South",
        "image": "https://www.houstontranstar.org/snapshots/cctv/1186.jpg",
        "monitor": "0",
        "validimg": "True",
        "frameCount": "1",
        "framePauseMs": "0",
        "page": "https://traffic.houstontranstar.org/cctv/transtar/camera.aspx?cam=1186"
      }
    },
    {
      "type": "Feature",
      "geometry": {
        "type": "Point",
        "coordinates": [
          -95.29895,
          29.60031
        ]
      },
      "properties": {
        "name": "S Sam Hou/BW8 @ Mykawa",
        "roadway": "Beltway 8-South",
        "location": "Mykawa",
        "direction": "South",
        "image": "https://www.houstontranstar.org/snapshots/cctv/1187.jpg",
        "monitor": "0",
        "validimg": "True",
        "frameCount": "1",
        "framePauseMs": "0",
        "page": "https://traffic.houstontranstar.org/cctv/transtar/camera.aspx?cam=1187"
      }
    },
    {
      "type": "Feature",
      "geometry": {
        "type": "Point",
        "coordinates": [
          -95.28698,
          29.60003
        ]
      },
      "properties": {
        "name": "S Sam Hou/BW8 @ SH 35",
        "roadway": "Beltway 8-South",
        "location": "SH 35",
        "direction": "South",
        "image": "https://www.houstontranstar.org/snapshots/cctv/1188.jpg",
        "monitor": "0",
        "validimg": "True",
        "frameCount": "1",
        "framePauseMs": "0",
        "page": "https://traffic.houstontranstar.org/cctv/transtar/camera.aspx?cam=1188"
      }
    },
    {
      "type": "Feature",
      "geometry": {
        "type": "Point",
        "coordinates": [
          -95.26908,
          29.60008
        ]
      },
      "properties": {
        "name": "S Sam Hou/BW8 @ Monroe",
        "roadway": "Beltway 8-South",
        "location": "Monroe",
        "direction": "South",
        "image": "https://www.houstontranstar.org/snapshots/cctv/1189.jpg",
        "monitor": "0",
        "validimg": "True",
        "frameCount": "1",
        "framePauseMs": "0",
        "page": "https://traffic.houstontranstar.org/cctv/transtar/camera.aspx?cam=1189"
      }
    },
    {
      "type": "Feature",
      "geometry": {
        "type": "Point",
        "coordinates": [
          -95.26151,
          29.60021
        ]
      },
      "properties": {
        "name": "S Sam Hou/BW8 @ Monroe (E)",
        "roadway": "Beltway 8-South",
        "location": "Monroe (E)",
        "direction": "South",
        "image": "https://www.houstontranstar.org/snapshots/cctv/1190.jpg",
        "monitor": "0",
        "validimg": "True",
        "frameCount": "1",
        "framePauseMs": "0",
        "page": "https://traffic.houstontranstar.org/cctv/transtar/camera.aspx?cam=1190"
      }
    },
    {
      "type": "Feature",
      "geometry": {
        "type": "Point",
        "coordinates": [
          -95.24656,
          29.60057
        ]
      },
      "properties": {
        "name": "S Sam Hou/BW8 @ Blackhawk",
        "roadway": "Beltway 8-South",
        "location": "Blackhawk",
        "direction": "South",
        "image": "https://www.houstontranstar.org/snapshots/cctv/1191.jpg",
        "monitor": "0",
        "validimg": "True",
        "frameCount": "1",
        "framePauseMs": "0",
        "page": "https://traffic.houstontranstar.org/cctv/transtar/camera.aspx?cam=1191"
      }
    },
    {
      "type": "Feature",
      "geometry": {
        "type": "Point",
        "coordinates": [
          -95.2384,
          29.60055
        ]
      },
      "properties": {
        "name": "S Sam Hou/BW8 @ Beamer (W)",
        "roadway": "Beltway 8-South",
        "location": "Beamer (W)",
        "direction": "South",
        "image": "https://www.houstontranstar.org/snapshots/cctv/1192.jpg",
        "monitor": "0",
        "validimg": "True",
        "frameCount": "1",
        "framePauseMs": "0",
        "page": "https://traffic.houstontranstar.org/cctv/transtar/camera.aspx?cam=1192"
      }
    },
    {
      "type": "Feature",
      "geometry": {
        "type": "Point",
        "coordinates": [
          -95.22885,
          29.60069
        ]
      },
      "properties": {
        "name": "S Sam Hou/BW8 @ Beamer",
        "roadway": "Beltway 8-South",
        "location": "Beamer",
        "direction": "South",
        "image": "https://www.houstontranstar.org/snapshots/cctv/1193.jpg",
        "monitor": "0",
        "validimg": "True",
        "frameCount": "1",
        "framePauseMs": "0",
        "page": "https://traffic.houstontranstar.org/cctv/transtar/camera.aspx?cam=1193"
      }
    },
    {
      "type": "Feature",
      "geometry": {
        "type": "Point",
        "coordinates": [
          -95.21584,
          29.60098
        ]
      },
      "properties": {
        "name": "S Sam Hou/BW8 @ Sabo",
        "roadway": "Beltway 8-South",
        "location": "Sabo",
        "direction": "South",
        "image": "https://www.houstontranstar.org/snapshots/cctv/1194.jpg",
        "monitor": "0",
        "validimg": "True",
        "frameCount": "1",
        "framePauseMs": "0",
        "page": "https://traffic.houstontranstar.org/cctv/transtar/camera.aspx?cam=1194"
      }
    },
    {
      "type": "Feature",
      "geometry": {
        "type": "Point",
        "coordinates": [
          -95.20827,
          29.60418
        ]
      },
      "properties": {
        "name": "S Sam Hou/BW8 @ Sabo (E)",
        "roadway": "Beltway 8-South",
        "location": "Sabo (E)",
        "direction": "South",
        "image": "https://www.houstontranstar.org/snapshots/cctv/1195.jpg",
        "monitor": "0",
        "validimg": "True",
        "frameCount": "1",
        "framePauseMs": "0",
        "page": "https://traffic.houstontranstar.org/cctv/transtar/camera.aspx?cam=1195"
      }
    },
    {
      "type": "Feature",
      "geometry": {
        "type": "Point",
        "coordinates": [
          -95.1503,
          29.7181
        ]
      },
      "properties": {
        "name": "E. Sam Hou/BW8 @ Bridge (S)",
        "roadway": "Beltway 8-East",
        "location": "Bridge (S)",
        "direction": "West",
        "image": "https://www.houstontranstar.org/snapshots/cctv/1601.jpg",
        "monitor": "0",
        "validimg": "True",
        "frameCount": "1",
        "framePauseMs": "0",
        "page": "https://traffic.houstontranstar.org/cctv/transtar/camera.aspx?cam=1601"
      }
    },
    {
      "type": "Feature",
      "geometry": {
        "type": "Point",
        "coordinates": [
          -95.1457,
          29.7362
        ]
      },
      "properties": {
        "name": "E. Sam Hou/BW8 @ Bridge (Top S)",
        "roadway": "Beltway 8-East",
        "location": "Bridge (Top S)",
        "direction": "West",
        "image": "https://www.houstontranstar.org/snapshots/cctv/1602.jpg",
        "monitor": "0",
        "validimg": "True",
        "frameCount": "1",
        "framePauseMs": "0",
        "page": "https://traffic.houstontranstar.org/cctv/transtar/camera.aspx?cam=1602"
      }
    },
    {
      "type": "Feature",
      "geometry": {
        "type": "Point",
        "coordinates": [
          -95.146,
          29.7362
        ]
      },
      "properties": {
        "name": "E. Sam Hou/BW8 @ Bridge (Top N)",
        "roadway": "Beltway 8-East",
        "location": "Bridge (Top N)",
        "direction": "West",
        "image": "https://www.houstontranstar.org/snapshots/cctv/1603.jpg",
        "monitor": "0",
        "validimg": "False",
        "frameCount": "1",
        "framePauseMs": "0",
        "page": "https://traffic.houstontranstar.org/cctv/transtar/camera.aspx?cam=1603"
      }
    },
    {
      "type": "Feature",
      "geometry": {
        "type": "Point",
        "coordinates": [
          -95.146,
          29.736
        ]
      },
      "properties": {
        "name": "E. Sam Hou/BW8 @ Bridge (Water)",
        "roadway": "Beltway 8-East",
        "location": "Bridge (Water)",
        "direction": "West",
        "image": "https://www.houstontranstar.org/snapshots/cctv/1604.jpg",
        "monitor": "0",
        "validimg": "True",
        "frameCount": "1",
        "framePauseMs": "0",
        "page": "https://traffic.houstontranstar.org/cctv/transtar/camera.aspx?cam=1604"
      }
    },
    {
      "type": "Feature",
      "geometry": {
        "type": "Point",
        "coordinates": [
          -95.1458,
          29.745
        ]
      },
      "properties": {
        "name": "E. Sam Hou/BW8 @ Bridge (N)",
        "roadway": "Beltway 8-East",
        "location": "Bridge (N)",
        "direction": "East",
        "image": "https://www.houstontranstar.org/snapshots/cctv/1605.jpg",
        "monitor": "0",
        "validimg": "True",
        "frameCount": "1",
        "framePauseMs": "0",
        "page": "https://traffic.houstontranstar.org/cctv/transtar/camera.aspx?cam=1605"
      }
    },
    {
      "type": "Feature",
      "geometry": {
        "type": "Point",
        "coordinates": [
          -95.26934,
          29.93846
        ]
      },
      "properties": {
        "name": "BW8E @ Mesa Rd",
        "roadway": "Beltway 8-East",
        "location": "Mesa Rd",
        "direction": "West",
        "image": "https://www.houstontranstar.org/snapshots/cctv/2101.jpg",
        "monitor": "0",
        "validimg": "False",
        "frameCount": "6",
        "framePauseMs": "300",
        "page": "https://traffic.houstontranstar.org/cctv/transtar/camera.aspx?cam=2101"
      }
    },
    {
      "type": "Feature",
      "geometry": {
        "type": "Point",
        "coordinates": [
          -95.25917,
          29.9351
        ]
      },
      "properties": {
        "name": "BW8E @ Bellow Falls",
        "roadway": "Beltway 8-East",
        "location": "Bellow Falls",
        "direction": "West",
        "image": "https://www.houstontranstar.org/snapshots/cctv/2102.jpg",
        "monitor": "0",
        "validimg": "True",
        "frameCount": "1",
        "framePauseMs": "0",
        "page": "https://traffic.houstontranstar.org/cctv/transtar/camera.aspx?cam=2102"
      }
    },
    {
      "type": "Feature",
      "geometry": {
        "type": "Point",
        "coordinates": [
          -95.24905,
          29.93438
        ]
      },
      "properties": {
        "name": "BW8E @ Wilson Rd.",
        "roadway": "Beltway 8-East",
        "location": "Wilson Rd.",
        "direction": "West",
        "image": "https://www.houstontranstar.org/snapshots/cctv/2103.jpg",
        "monitor": "0",
        "validimg": "True",
        "frameCount": "1",
        "framePauseMs": "0",
        "page": "https://traffic.houstontranstar.org/cctv/transtar/camera.aspx?cam=2103"
      }
    },
    {
      "type": "Feature",
      "geometry": {
        "type": "Point",
        "coordinates": [
          -95.23318,
          29.93368
        ]
      },
      "properties": {
        "name": "BW8E @ Garners Bayou",
        "roadway": "Beltway 8-East",
        "location": "Garners Bayou",
        "direction": "West",
        "image": "https://www.houstontranstar.org/snapshots/cctv/2104.jpg",
        "monitor": "0",
        "validimg": "True",
        "frameCount": "1",
        "framePauseMs": "0",
        "page": "https://traffic.houstontranstar.org/cctv/transtar/camera.aspx?cam=2104"
      }
    },
    {
      "type": "Feature",
      "geometry": {
        "type": "Point",
        "coordinates": [
          -95.22549,
          29.93443
        ]
      },
      "properties": {
        "name": "BW8E @ John Ralston",
        "roadway": "Beltway 8-East",
        "location": "John Ralston",
        "direction": "East",
        "image": "https://www.houstontranstar.org/snapshots/cctv/2105.jpg",
        "monitor": "0",
        "validimg": "True",
        "frameCount": "1",
        "framePauseMs": "0",
        "page": "https://traffic.houstontranstar.org/cctv/transtar/camera.aspx?cam=2105"
      }
    },
    {
      "type": "Feature",
      "geometry": {
        "type": "Point",
        "coordinates": [
          -95.21049,
          29.93446
        ]
      },
      "properties": {
        "name": "BW8E @ Lockwood",
        "roadway": "Beltway 8-East",
        "location": "Lockwood",
        "direction": "East",
        "image": "https://www.houstontranstar.org/snapshots/cctv/2106.jpg",
        "monitor": "0",
        "validimg": "True",
        "frameCount": "1",
        "framePauseMs": "0",
        "page": "https://traffic.houstontranstar.org/cctv/transtar/camera.aspx?cam=2106"
      }
    },
    {
      "type": "Feature",
      "geometry": {
        "type": "Point",
        "coordinates": [
          -95.19959,
          29.92488
        ]
      },
      "properties": {
        "name": "BW8E @ West Lake Houston",
        "roadway": "Beltway 8-East",
        "location": "West Lake Houston",
        "direction": "East",
        "image": "https://www.houstontranstar.org/snapshots/cctv/2107.jpg",
        "monitor": "0",
        "validimg": "True",
        "frameCount": "1",
        "framePauseMs": "0",
        "page": "https://traffic.houstontranstar.org/cctv/transtar/camera.aspx?cam=2107"
      }
    },
    {
      "type": "Feature",
      "geometry": {
        "type": "Point",
        "coordinates": [
          -95.20182,
          29.90705
        ]
      },
      "properties": {
        "name": "BW8E @ N. of N Lake Houston Pkwy",
        "roadway": "Beltway 8-East",
        "location": "N. of N Lake Houston Pkwy",
        "direction": "East",
        "image": "https://www.houstontranstar.org/snapshots/cctv/2108.jpg",
        "monitor": "0",
        "validimg": "True",
        "frameCount": "1",
        "framePauseMs": "0",
        "page": "https://traffic.houstontranstar.org/cctv/transtar/camera.aspx?cam=2108"
      }
    },
    {
      "type": "Feature",
      "geometry": {
        "type": "Point",
        "coordinates": [
          -95.20272,
          29.89671
        ]
      },
      "properties": {
        "name": "BW8E @ N. Lake Houston Pkwy",
        "roadway": "Beltway 8-East",
        "location": "N. Lake Houston Pkwy",
        "direction": "East",
        "image": "https://www.houstontranstar.org/snapshots/cctv/2109.jpg",
        "monitor": "0",
        "validimg": "True",
        "frameCount": "1",
        "framePauseMs": "0",
        "page": "https://traffic.houstontranstar.org/cctv/transtar/camera.aspx?cam=2109"
      }
    },
    {
      "type": "Feature",
      "geometry": {
        "type": "Point",
        "coordinates": [
          -95.20271,
          29.89205
        ]
      },
      "properties": {
        "name": "BW8E @ CE King",
        "roadway": "Beltway 8-East",
        "location": "CE King",
        "direction": "East",
        "image": "https://www.houstontranstar.org/snapshots/cctv/2110.jpg",
        "monitor": "0",
        "validimg": "True",
        "frameCount": "1",
        "framePauseMs": "0",
        "page": "https://traffic.houstontranstar.org/cctv/transtar/camera.aspx?cam=2110"
      }
    },
    {
      "type": "Feature",
      "geometry": {
        "type": "Point",
        "coordinates": [
          -95.20273,
          29.89047
        ]
      },
      "properties": {
        "name": "BW8E @ CE King Satellite Bldg",
        "roadway": "Beltway 8-East",
        "location": "CE King Satellite Bldg",
        "direction": "None",
        "image": "https://www.houstontranstar.org/snapshots/cctv/2111.jpg",
        "monitor": "0",
        "validimg": "True",
        "frameCount": "1",
        "framePauseMs": "0",
        "page": "https://traffic.houstontranstar.org/cctv/transtar/camera.aspx?cam=2111"
      }
    },
    {
      "type": "Feature",
      "geometry": {
        "type": "Point",
        "coordinates": [
          -95.1979,
          29.88363
        ]
      },
      "properties": {
        "name": "BW8E @ Garret Rd.",
        "roadway": "Beltway 8-East",
        "location": "Garret Rd.",
        "direction": "East",
        "image": "https://www.houstontranstar.org/snapshots/cctv/2112.jpg",
        "monitor": "0",
        "validimg": "True",
        "frameCount": "1",
        "framePauseMs": "0",
        "page": "https://traffic.houstontranstar.org/cctv/transtar/camera.aspx?cam=2112"
      }
    },
    {
      "type": "Feature",
      "geometry": {
        "type": "Point",
        "coordinates": [
          -95.18965,
          29.87429
        ]
      },
      "properties": {
        "name": "BW8E @ Parkfield",
        "roadway": "Beltway 8-East",
        "location": "Parkfield",
        "direction": "East",
        "image": "https://www.houstontranstar.org/snapshots/cctv/2113.jpg",
        "monitor": "0",
        "validimg": "True",
        "frameCount": "1",
        "framePauseMs": "0",
        "page": "https://traffic.houstontranstar.org/cctv/transtar/camera.aspx?cam=2113"
      }
    },
    {
      "type": "Feature",
      "geometry": {
        "type": "Point",
        "coordinates": [
          -95.18757,
          29.87117
        ]
      },
      "properties": {
        "name": "BW8E @ Little York",
        "roadway": "Beltway 8-East",
        "location": "Little York",
        "direction": "East",
        "image": "https://www.houstontranstar.org/snapshots/cctv/2114.jpg",
        "monitor": "0",
        "validimg": "True",
        "frameCount": "1",
        "framePauseMs": "0",
        "page": "https://traffic.houstontranstar.org/cctv/transtar/camera.aspx?cam=2114"
      }
    },
    {
      "type": "Feature",
      "geometry": {
        "type": "Point",
        "coordinates": [
          -95.18661,
          29.85283
        ]
      },
      "properties": {
        "name": "BW8E @ Tidwell",
        "roadway": "Beltway 8-East",
        "location": "Tidwell",
        "direction": "East",
        "image": "https://www.houstontranstar.org/snapshots/cctv/2115.jpg",
        "monitor": "0",
        "validimg": "True",
        "frameCount": "1",
        "framePauseMs": "0",
        "page": "https://traffic.houstontranstar.org/cctv/transtar/camera.aspx?cam=2115"
      }
    },
    {
      "type": "Feature",
      "geometry": {
        "type": "Point",
        "coordinates": [
          -95.18472,
          29.84277
        ]
      },
      "properties": {
        "name": "BW8E @ Beaumont Hwy",
        "roadway": "Beltway 8-East",
        "location": "Beaumont Hwy",
        "direction": "East",
        "image": "https://www.houstontranstar.org/snapshots/cctv/2116.jpg",
        "monitor": "0",
        "validimg": "True",
        "frameCount": "1",
        "framePauseMs": "0",
        "page": "https://traffic.houstontranstar.org/cctv/transtar/camera.aspx?cam=2116"
      }
    },
    {
      "type": "Feature",
      "geometry": {
        "type": "Point",
        "coordinates": [
          -95.17463,
          29.83191
        ]
      },
      "properties": {
        "name": "BW8E @ Highway 90",
        "roadway": "Beltway 8-East",
        "location": "Highway 90",
        "direction": "East",
        "image": "https://www.houstontranstar.org/snapshots/cctv/2117.jpg",
        "monitor": "0",
        "validimg": "True",
        "frameCount": "1",
        "framePauseMs": "0",
        "page": "https://traffic.houstontranstar.org/cctv/transtar/camera.aspx?cam=2117"
      }
    },
    {
      "type": "Feature",
      "geometry": {
        "type": "Point",
        "coordinates": [
          -95.16439,
          29.81628
        ]
      },
      "properties": {
        "name": "BW8E @ Stone Park",
        "roadway": "Beltway 8-East",
        "location": "Stone Park",
        "direction": "East",
        "image": "https://www.houstontranstar.org/snapshots/cctv/2118.jpg",
        "monitor": "0",
        "validimg": "True",
        "frameCount": "1",
        "framePauseMs": "0",
        "page": "https://traffic.houstontranstar.org/cctv/transtar/camera.aspx?cam=2118"
      }
    },
    {
      "type": "Feature",
      "geometry": {
        "type": "Point",
        "coordinates": [
          -95.16356,
          29.80907
        ]
      },
      "properties": {
        "name": "BW8E @ Wallisville(S)",
        "roadway": "Beltway 8-East",
        "location": "Wallisville(S)",
        "direction": "West",
        "image": "https://www.houstontranstar.org/snapshots/cctv/2119.jpg",
        "monitor": "0",
        "validimg": "True",
        "frameCount": "1",
        "framePauseMs": "0",
        "page": "https://traffic.houstontranstar.org/cctv/transtar/camera.aspx?cam=2119"
      }
    },
    {
      "type": "Feature",
      "geometry": {
        "type": "Point",
        "coordinates": [
          -95.16309,
          29.79934
        ]
      },
      "properties": {
        "name": "BW8E @ Sterling Green",
        "roadway": "Beltway 8-East",
        "location": "Sterling Green",
        "direction": "East",
        "image": "https://www.houstontranstar.org/snapshots/cctv/2120.jpg",
        "monitor": "0",
        "validimg": "True",
        "frameCount": "1",
        "framePauseMs": "0",
        "page": "https://traffic.houstontranstar.org/cctv/transtar/camera.aspx?cam=2120"
      }
    },
    {
      "type": "Feature",
      "geometry": {
        "type": "Point",
        "coordinates": [
          -95.16128,
          29.79018
        ]
      },
      "properties": {
        "name": "BW8E @ Woodforest Blvd. (S)",
        "roadway": "Beltway 8-East",
        "location": "Woodforest Blvd. (S)",
        "direction": "West",
        "image": "https://www.houstontranstar.org/snapshots/cctv/2121.jpg",
        "monitor": "0",
        "validimg": "True",
        "frameCount": "1",
        "framePauseMs": "0",
        "page": "https://traffic.houstontranstar.org/cctv/transtar/camera.aspx?cam=2121"
      }
    },
    {
      "type": "Feature",
      "geometry": {
        "type": "Point",
        "coordinates": [
          -95.15805,
          29.77691
        ]
      },
      "properties": {
        "name": "BW8E @ I-10 EB Connector (S)",
        "roadway": "Beltway 8-East",
        "location": "I-10 EB Connector (S)",
        "direction": "West",
        "image": "https://www.houstontranstar.org/snapshots/cctv/2122.jpg",
        "monitor": "0",
        "validimg": "False",
        "frameCount": "1",
        "framePauseMs": "0",
        "page": "https://traffic.houstontranstar.org/cctv/transtar/camera.aspx?cam=2122"
      }
    },
    {
      "type": "Feature",
      "geometry": {
        "type": "Point",
        "coordinates": [
          -95.15389,
          29.77169
        ]
      },
      "properties": {
        "name": "BW8E @ I-10 East Satellite Building",
        "roadway": "Beltway 8-East",
        "location": "I-10 East Satellite Building",
        "direction": "None",
        "image": "https://www.houstontranstar.org/snapshots/cctv/2123.jpg",
        "monitor": "0",
        "validimg": "True",
        "frameCount": "1",
        "framePauseMs": "0",
        "page": "https://traffic.houstontranstar.org/cctv/transtar/camera.aspx?cam=2123"
      }
    },
    {
      "type": "Feature",
      "geometry": {
        "type": "Point",
        "coordinates": [
          -95.1533,
          29.77066
        ]
      },
      "properties": {
        "name": "BW8E @ I-10 (S)",
        "roadway": "Beltway 8-East",
        "location": "I-10 (S)",
        "direction": "West",
        "image": "https://www.houstontranstar.org/snapshots/cctv/2124.jpg",
        "monitor": "0",
        "validimg": "True",
        "frameCount": "6",
        "framePauseMs": "300",
        "page": "https://traffic.houstontranstar.org/cctv/transtar/camera.aspx?cam=2124"
      }
    },
    {
      "type": "Feature",
      "geometry": {
        "type": "Point",
        "coordinates": [
          -95.1498,
          29.7667
        ]
      },
      "properties": {
        "name": "BW8E @ Market St. Exit(S)",
        "roadway": "Beltway 8-East",
        "location": "Market St. Exit(S)",
        "direction": "West",
        "image": "https://www.houstontranstar.org/snapshots/cctv/2125.jpg",
        "monitor": "0",
        "validimg": "True",
        "frameCount": "1",
        "framePauseMs": "0",
        "page": "https://traffic.houstontranstar.org/cctv/transtar/camera.aspx?cam=2125"
      }
    },
    {
      "type": "Feature",
      "geometry": {
        "type": "Point",
        "coordinates": [
          -95.14581,
          29.75914
        ]
      },
      "properties": {
        "name": "BW8E @ Jacinto Port (N)",
        "roadway": "Beltway 8-East",
        "location": "Jacinto Port (N)",
        "direction": "East",
        "image": "https://www.houstontranstar.org/snapshots/cctv/2126.jpg",
        "monitor": "0",
        "validimg": "True",
        "frameCount": "1",
        "framePauseMs": "0",
        "page": "https://traffic.houstontranstar.org/cctv/transtar/camera.aspx?cam=2126"
      }
    },
    {
      "type": "Feature",
      "geometry": {
        "type": "Point",
        "coordinates": [
          -95.1532,
          29.70126
        ]
      },
      "properties": {
        "name": "BW8E @ Greenshadow (N)",
        "roadway": "Beltway 8-East",
        "location": "Greenshadow (N)",
        "direction": "East",
        "image": "https://www.houstontranstar.org/snapshots/cctv/2127.jpg",
        "monitor": "0",
        "validimg": "True",
        "frameCount": "1",
        "framePauseMs": "0",
        "page": "https://traffic.houstontranstar.org/cctv/transtar/camera.aspx?cam=2127"
      }
    },
    {
      "type": "Feature",
      "geometry": {
        "type": "Point",
        "coordinates": [
          -95.15375,
          29.68996
        ]
      },
      "properties": {
        "name": "BW8E @ San Augustine (S)",
        "roadway": "Beltway 8-East",
        "location": "San Augustine (S)",
        "direction": "West",
        "image": "https://www.houstontranstar.org/snapshots/cctv/2128.jpg",
        "monitor": "0",
        "validimg": "False",
        "frameCount": "1",
        "framePauseMs": "0",
        "page": "https://traffic.houstontranstar.org/cctv/transtar/camera.aspx?cam=2128"
      }
    },
    {
      "type": "Feature",
      "geometry": {
        "type": "Point",
        "coordinates": [
          -95.15551,
          29.6819
        ]
      },
      "properties": {
        "name": "BW8E @ Pasadena Blvd. (S)",
        "roadway": "Beltway 8-East",
        "location": "Pasadena Blvd. (S)",
        "direction": "West",
        "image": "https://www.houstontranstar.org/snapshots/cctv/2129.jpg",
        "monitor": "0",
        "validimg": "True",
        "frameCount": "1",
        "framePauseMs": "0",
        "page": "https://traffic.houstontranstar.org/cctv/transtar/camera.aspx?cam=2129"
      }
    },
    {
      "type": "Feature",
      "geometry": {
        "type": "Point",
        "coordinates": [
          -95.15613,
          29.66964
        ]
      },
      "properties": {
        "name": "BW8E @ Sycamore (S)",
        "roadway": "Beltway 8-East",
        "location": "Sycamore (S)",
        "direction": "West",
        "image": "https://www.houstontranstar.org/snapshots/cctv/2130.jpg",
        "monitor": "0",
        "validimg": "True",
        "frameCount": "1",
        "framePauseMs": "0",
        "page": "https://traffic.houstontranstar.org/cctv/transtar/camera.aspx?cam=2130"
      }
    },
    {
      "type": "Feature",
      "geometry": {
        "type": "Point",
        "coordinates": [
          -95.15604,
          29.66531
        ]
      },
      "properties": {
        "name": "BW8E @ Spencer (S)",
        "roadway": "Beltway 8-East",
        "location": "Spencer (S)",
        "direction": "West",
        "image": "https://www.houstontranstar.org/snapshots/cctv/2131.jpg",
        "monitor": "0",
        "validimg": "True",
        "frameCount": "1",
        "framePauseMs": "0",
        "page": "https://traffic.houstontranstar.org/cctv/transtar/camera.aspx?cam=2131"
      }
    },
    {
      "type": "Feature",
      "geometry": {
        "type": "Point",
        "coordinates": [
          -95.15643,
          29.6494
        ]
      },
      "properties": {
        "name": "BW8E @ Fairmont Pkwy (S)",
        "roadway": "Beltway 8-East",
        "location": "Fairmont Pkwy (S)",
        "direction": "West",
        "image": "https://www.houstontranstar.org/snapshots/cctv/2132.jpg",
        "monitor": "0",
        "validimg": "True",
        "frameCount": "1",
        "framePauseMs": "0",
        "page": "https://traffic.houstontranstar.org/cctv/transtar/camera.aspx?cam=2132"
      }
    },
    {
      "type": "Feature",
      "geometry": {
        "type": "Point",
        "coordinates": [
          -95.16087,
          29.63988
        ]
      },
      "properties": {
        "name": "BW8E @ Crenshaw Rd. (S)",
        "roadway": "Beltway 8-East",
        "location": "Crenshaw Rd. (S)",
        "direction": "West",
        "image": "https://www.houstontranstar.org/snapshots/cctv/2133.jpg",
        "monitor": "0",
        "validimg": "True",
        "frameCount": "1",
        "framePauseMs": "0",
        "page": "https://traffic.houstontranstar.org/cctv/transtar/camera.aspx?cam=2133"
      }
    },
    {
      "type": "Feature",
      "geometry": {
        "type": "Point",
        "coordinates": [
          -95.16738,
          29.63366
        ]
      },
      "properties": {
        "name": "BW8E @ Preston Ave. (S)",
        "roadway": "Beltway 8-East",
        "location": "Preston Ave. (S)",
        "direction": "West",
        "image": "https://www.houstontranstar.org/snapshots/cctv/2134.jpg",
        "monitor": "0",
        "validimg": "False",
        "frameCount": "1",
        "framePauseMs": "0",
        "page": "https://traffic.houstontranstar.org/cctv/transtar/camera.aspx?cam=2134"
      }
    },
    {
      "type": "Feature",
      "geometry": {
        "type": "Point",
        "coordinates": [
          -95.16975,
          29.63097
        ]
      },
      "properties": {
        "name": "BW8E @ Genoa Red Bluff (N)",
        "roadway": "Beltway 8-East",
        "location": "Genoa Red Bluff (N)",
        "direction": "East",
        "image": "https://www.houstontranstar.org/snapshots/cctv/2135.jpg",
        "monitor": "0",
        "validimg": "True",
        "frameCount": "1",
        "framePauseMs": "0",
        "page": "https://traffic.houstontranstar.org/cctv/transtar/camera.aspx?cam=2135"
      }
    },
    {
      "type": "Feature",
      "geometry": {
        "type": "Point",
        "coordinates": [
          -95.19174,
          29.61562
        ]
      },
      "properties": {
        "name": "BW8E @ Galveston Rd.",
        "roadway": "Beltway 8-East",
        "location": "Galveston Rd.",
        "direction": "East",
        "image": "https://www.houstontranstar.org/snapshots/cctv/2136.jpg",
        "monitor": "0",
        "validimg": "True",
        "frameCount": "6",
        "framePauseMs": "300",
        "page": "https://traffic.houstontranstar.org/cctv/transtar/camera.aspx?cam=2136"
      }
    },
    {
      "type": "Feature",
      "geometry": {
        "type": "Point",
        "coordinates": [
          -95.19431,
          29.61427
        ]
      },
      "properties": {
        "name": "BW8E @ West of Galveston Rd. (N)",
        "roadway": "Beltway 8-East",
        "location": "West of Galveston Rd. (N)",
        "direction": "East",
        "image": "https://www.houstontranstar.org/snapshots/cctv/2137.jpg",
        "monitor": "0",
        "validimg": "False",
        "frameCount": "1",
        "framePauseMs": "0",
        "page": "https://traffic.houstontranstar.org/cctv/transtar/camera.aspx?cam=2137"
      }
    },
    {
      "type": "Feature",
      "geometry": {
        "type": "Point",
        "coordinates": [
          -95.4584443,
          29.7281823
        ]
      },
      "properties": {
        "name": "West Park @ TR Exit",
        "roadway": "Westpark Tollway",
        "location": "East of IH-610 at Toll Exit",
        "direction": "South",
        "image": "https://www.houstontranstar.org/snapshots/cctv/3501.jpg",
        "monitor": "0",
        "validimg": "True",
        "frameCount": "1",
        "framePauseMs": "0",
        "page": "https://traffic.houstontranstar.org/cctv/transtar/camera.aspx?cam=3501"
      }
    },
    {
      "type": "Feature",
      "geometry": {
        "type": "Point",
        "coordinates": [
          -95.461,
          29.726
        ]
      },
      "properties": {
        "name": "Westpark @ Post Oak 1",
        "roadway": "Westpark Tollway",
        "location": "West of IH-610",
        "direction": "None",
        "image": "https://www.houstontranstar.org/snapshots/cctv/3502.jpg",
        "monitor": "0",
        "validimg": "True",
        "frameCount": "1",
        "framePauseMs": "0",
        "page": "https://traffic.houstontranstar.org/cctv/transtar/camera.aspx?cam=3502"
      }
    },
    {
      "type": "Feature",
      "geometry": {
        "type": "Point",
        "coordinates": [
          -95.46,
          29.727
        ]
      },
      "properties": {
        "name": "Westpark @ Post Oak 2",
        "roadway": "Westpark Tollway",
        "location": "East of IH-610",
        "direction": "None",
        "image": "https://www.houstontranstar.org/snapshots/cctv/3503.jpg",
        "monitor": "0",
        "validimg": "True",
        "frameCount": "1",
        "framePauseMs": "0",
        "page": "https://traffic.houstontranstar.org/cctv/transtar/camera.aspx?cam=3503"
      }
    },
    {
      "type": "Feature",
      "geometry": {
        "type": "Point",
        "coordinates": [
          -95.492,
          29.723
        ]
      },
      "properties": {
        "name": "Westpark @ IH-69 Tunnel 2",
        "roadway": "Westpark Tollway",
        "location": "IH-69 Southwest Tunnel 2",
        "direction": "None",
        "image": "https://www.houstontranstar.org/snapshots/cctv/3507.jpg",
        "monitor": "0",
        "validimg": "True",
        "frameCount": "1",
        "framePauseMs": "0",
        "page": "https://traffic.houstontranstar.org/cctv/transtar/camera.aspx?cam=3507"
      }
    },
    {
      "type": "Feature",
      "geometry": {
        "type": "Point",
        "coordinates": [
          -95.49,
          29.723
        ]
      },
      "properties": {
        "name": "Westpark @ IH-69 Tunnel 1",
        "roadway": "Westpark Tollway",
        "location": "IH-69 Southwest Tunnel 1",
        "direction": "None",
        "image": "https://www.houstontranstar.org/snapshots/cctv/3508.jpg",
        "monitor": "0",
        "validimg": "True",
        "frameCount": "1",
        "framePauseMs": "0",
        "page": "https://traffic.houstontranstar.org/cctv/transtar/camera.aspx?cam=3508"
      }
    },
    {
      "type": "Feature",
      "geometry": {
        "type": "Point",
        "coordinates": [
          -95.5,
          29.722
        ]
      },
      "properties": {
        "name": "Westpark @ IH-69",
        "roadway": "Westpark Tollway",
        "location": "IH-69 Southwest",
        "direction": "South",
        "image": "https://www.houstontranstar.org/snapshots/cctv/3510.jpg",
        "monitor": "0",
        "validimg": "True",
        "frameCount": "1",
        "framePauseMs": "0",
        "page": "https://traffic.houstontranstar.org/cctv/transtar/camera.aspx?cam=3510"
      }
    },
    {
      "type": "Feature",
      "geometry": {
        "type": "Point",
        "coordinates": [
          -95.5061,
          29.72212
        ]
      },
      "properties": {
        "name": "West Park @ Savoy Dr.",
        "roadway": "Westpark Tollway",
        "location": "Savoy",
        "direction": "North",
        "image": "https://www.houstontranstar.org/snapshots/cctv/3511.jpg",
        "monitor": "0",
        "validimg": "True",
        "frameCount": "1",
        "framePauseMs": "0",
        "page": "https://traffic.houstontranstar.org/cctv/transtar/camera.aspx?cam=3511"
      }
    },
    {
      "type": "Feature",
      "geometry": {
        "type": "Point",
        "coordinates": [
          -95.51387,
          29.72179
        ]
      },
      "properties": {
        "name": "West Park @ Dunvale Dr.",
        "roadway": "Westpark Tollway",
        "location": "Dunvale",
        "direction": "South",
        "image": "https://www.houstontranstar.org/snapshots/cctv/3512.jpg",
        "monitor": "0",
        "validimg": "True",
        "frameCount": "1",
        "framePauseMs": "0",
        "page": "https://traffic.houstontranstar.org/cctv/transtar/camera.aspx?cam=3512"
      }
    },
    {
      "type": "Feature",
      "geometry": {
        "type": "Point",
        "coordinates": [
          -95.5228,
          29.72162
        ]
      },
      "properties": {
        "name": "West Park @ Fondren Dr.",
        "roadway": "Westpark Tollway",
        "location": "Fondren",
        "direction": "South",
        "image": "https://www.houstontranstar.org/snapshots/cctv/3513.jpg",
        "monitor": "0",
        "validimg": "True",
        "frameCount": "1",
        "framePauseMs": "0",
        "page": "https://traffic.houstontranstar.org/cctv/transtar/camera.aspx?cam=3513"
      }
    },
    {
      "type": "Feature",
      "geometry": {
        "type": "Point",
        "coordinates": [
          -95.52655,
          29.72076
        ]
      },
      "properties": {
        "name": "West Park @ Osage",
        "roadway": "Westpark Tollway",
        "location": "Osage",
        "direction": "South",
        "image": "https://www.houstontranstar.org/snapshots/cctv/3514.jpg",
        "monitor": "0",
        "validimg": "True",
        "frameCount": "1",
        "framePauseMs": "0",
        "page": "https://traffic.houstontranstar.org/cctv/transtar/camera.aspx?cam=3514"
      }
    },
    {
      "type": "Feature",
      "geometry": {
        "type": "Point",
        "coordinates": [
          -95.5355,
          29.72009
        ]
      },
      "properties": {
        "name": "West Park @ Tanglewilde",
        "roadway": "Westpark Tollway",
        "location": "Tanglewilde",
        "direction": "North",
        "image": "https://www.houstontranstar.org/snapshots/cctv/3515.jpg",
        "monitor": "0",
        "validimg": "False",
        "frameCount": "1",
        "framePauseMs": "0",
        "page": "https://traffic.houstontranstar.org/cctv/transtar/camera.aspx?cam=3515"
      }
    },
    {
      "type": "Feature",
      "geometry": {
        "type": "Point",
        "coordinates": [
          -95.54889,
          29.71888
        ]
      },
      "properties": {
        "name": "West Park @ Ranchester",
        "roadway": "Westpark Tollway",
        "location": "Ranchester",
        "direction": "South",
        "image": "https://www.houstontranstar.org/snapshots/cctv/3516.jpg",
        "monitor": "0",
        "validimg": "True",
        "frameCount": "1",
        "framePauseMs": "0",
        "page": "https://traffic.houstontranstar.org/cctv/transtar/camera.aspx?cam=3516"
      }
    },
    {
      "type": "Feature",
      "geometry": {
        "type": "Point",
        "coordinates": [
          -95.55627,
          29.71828
        ]
      },
      "properties": {
        "name": "West Park @ Beltway 8 East",
        "roadway": "Westpark Tollway",
        "location": "East of Beltway 8",
        "direction": "South",
        "image": "https://www.houstontranstar.org/snapshots/cctv/3517.jpg",
        "monitor": "0",
        "validimg": "True",
        "frameCount": "6",
        "framePauseMs": "300",
        "page": "https://traffic.houstontranstar.org/cctv/transtar/camera.aspx?cam=3517"
      }
    },
    {
      "type": "Feature",
      "geometry": {
        "type": "Point",
        "coordinates": [
          -95.55627,
          29.71828
        ]
      },
      "properties": {
        "name": "West Park @ Beltway 8 EB #2",
        "roadway": "Westpark Tollway",
        "location": "Ramp from BW 8",
        "direction": "",
        "image": "https://www.houstontranstar.org/snapshots/cctv/3518.jpg",
        "monitor": "0",
        "validimg": "True",
        "frameCount": "6",
        "framePauseMs": "300",
        "page": "https://traffic.houstontranstar.org/cctv/transtar/camera.aspx?cam=3518"
      }
    },
    {
      "type": "Feature",
      "geometry": {
        "type": "Point",
        "coordinates": [
          -95.55627,
          29.71828
        ]
      },
      "properties": {
        "name": "West Park @ Beltway 8 EB #1",
        "roadway": "Westpark Tollway",
        "location": "Ramp from BW 8",
        "direction": "",
        "image": "https://www.houstontranstar.org/snapshots/cctv/3519.jpg",
        "monitor": "0",
        "validimg": "True",
        "frameCount": "6",
        "framePauseMs": "300",
        "page": "https://traffic.houstontranstar.org/cctv/transtar/camera.aspx?cam=3519"
      }
    },
    {
      "type": "Feature",
      "geometry": {
        "type": "Point",
        "coordinates": [
          -95.55627,
          29.71828
        ]
      },
      "properties": {
        "name": "West Park @ Beltway 8 EB #3",
        "roadway": "Westpark Tollway",
        "location": "Ramp from BW 8",
        "direction": "",
        "image": "https://www.houstontranstar.org/snapshots/cctv/3520.jpg",
        "monitor": "0",
        "validimg": "True",
        "frameCount": "6",
        "framePauseMs": "300",
        "page": "https://traffic.houstontranstar.org/cctv/transtar/camera.aspx?cam=3520"
      }
    },
    {
      "type": "Feature",
      "geometry": {
        "type": "Point",
        "coordinates": [
          -95.55788,
          29.71834
        ]
      },
      "properties": {
        "name": "West Park @ Beltway 8 West",
        "roadway": "Westpark Tollway",
        "location": "West of Beltway 8",
        "direction": "South",
        "image": "https://www.houstontranstar.org/snapshots/cctv/3521.jpg",
        "monitor": "0",
        "validimg": "True",
        "frameCount": "1",
        "framePauseMs": "0",
        "page": "https://traffic.houstontranstar.org/cctv/transtar/camera.aspx?cam=3521"
      }
    },
    {
      "type": "Feature",
      "geometry": {
        "type": "Point",
        "coordinates": [
          -95.56333,
          29.71774
        ]
      },
      "properties": {
        "name": "West Park @ N. Course",
        "roadway": "Westpark Tollway",
        "location": "North Course",
        "direction": "South",
        "image": "https://www.houstontranstar.org/snapshots/cctv/3522.jpg",
        "monitor": "0",
        "validimg": "True",
        "frameCount": "1",
        "framePauseMs": "0",
        "page": "https://traffic.houstontranstar.org/cctv/transtar/camera.aspx?cam=3522"
      }
    },
    {
      "type": "Feature",
      "geometry": {
        "type": "Point",
        "coordinates": [
          -95.57146,
          29.71698
        ]
      },
      "properties": {
        "name": "West Park @ Wilcrest",
        "roadway": "Westpark Tollway",
        "location": "Wilcrest",
        "direction": "South",
        "image": "https://www.houstontranstar.org/snapshots/cctv/3523.jpg",
        "monitor": "0",
        "validimg": "True",
        "frameCount": "1",
        "framePauseMs": "0",
        "page": "https://traffic.houstontranstar.org/cctv/transtar/camera.aspx?cam=3523"
      }
    },
    {
      "type": "Feature",
      "geometry": {
        "type": "Point",
        "coordinates": [
          -95.58717,
          29.71582
        ]
      },
      "properties": {
        "name": "West Park @ Brays Bayou",
        "roadway": "Westpark Tollway",
        "location": "Brays Bayou",
        "direction": "North",
        "image": "https://www.houstontranstar.org/snapshots/cctv/3524.jpg",
        "monitor": "0",
        "validimg": "False",
        "frameCount": "1",
        "framePauseMs": "0",
        "page": "https://traffic.houstontranstar.org/cctv/transtar/camera.aspx?cam=3524"
      }
    },
    {
      "type": "Feature",
      "geometry": {
        "type": "Point",
        "coordinates": [
          -95.59221,
          29.71545
        ]
      },
      "properties": {
        "name": "West Park @ W. Houston Center",
        "roadway": "Westpark Tollway",
        "location": "West Houston Center",
        "direction": "North",
        "image": "https://www.houstontranstar.org/snapshots/cctv/3525.jpg",
        "monitor": "0",
        "validimg": "True",
        "frameCount": "1",
        "framePauseMs": "0",
        "page": "https://traffic.houstontranstar.org/cctv/transtar/camera.aspx?cam=3525"
      }
    },
    {
      "type": "Feature",
      "geometry": {
        "type": "Point",
        "coordinates": [
          -95.59633,
          29.71502
        ]
      },
      "properties": {
        "name": "West Park @ Cook Rd.",
        "roadway": "Westpark Tollway",
        "location": "Cook",
        "direction": "South",
        "image": "https://www.houstontranstar.org/snapshots/cctv/3526.jpg",
        "monitor": "0",
        "validimg": "True",
        "frameCount": "1",
        "framePauseMs": "0",
        "page": "https://traffic.houstontranstar.org/cctv/transtar/camera.aspx?cam=3526"
      }
    },
    {
      "type": "Feature",
      "geometry": {
        "type": "Point",
        "coordinates": [
          -95.60468,
          29.71439
        ]
      },
      "properties": {
        "name": "West Park @ Dairy Ashford Dr.",
        "roadway": "Westpark Tollway",
        "location": "Dairy Ashford",
        "direction": "North",
        "image": "https://www.houstontranstar.org/snapshots/cctv/3527.jpg",
        "monitor": "0",
        "validimg": "True",
        "frameCount": "1",
        "framePauseMs": "0",
        "page": "https://traffic.houstontranstar.org/cctv/transtar/camera.aspx?cam=3527"
      }
    },
    {
      "type": "Feature",
      "geometry": {
        "type": "Point",
        "coordinates": [
          -95.61466,
          29.71336
        ]
      },
      "properties": {
        "name": "West Park @ Synott Dr.",
        "roadway": "Westpark Tollway",
        "location": "Synott",
        "direction": "North",
        "image": "https://www.houstontranstar.org/snapshots/cctv/3528.jpg",
        "monitor": "0",
        "validimg": "True",
        "frameCount": "1",
        "framePauseMs": "0",
        "page": "https://traffic.houstontranstar.org/cctv/transtar/camera.aspx?cam=3528"
      }
    },
    {
      "type": "Feature",
      "geometry": {
        "type": "Point",
        "coordinates": [
          -95.62539,
          29.71471
        ]
      },
      "properties": {
        "name": "West Park @ Eldridge Dr.",
        "roadway": "Westpark Tollway",
        "location": "Eldridge",
        "direction": "North",
        "image": "https://www.houstontranstar.org/snapshots/cctv/3529.jpg",
        "monitor": "0",
        "validimg": "False",
        "frameCount": "1",
        "framePauseMs": "0",
        "page": "https://traffic.houstontranstar.org/cctv/transtar/camera.aspx?cam=3529"
      }
    },
    {
      "type": "Feature",
      "geometry": {
        "type": "Point",
        "coordinates": [
          -95.64375,
          29.71115
        ]
      },
      "properties": {
        "name": "West Park @ State Highway 6",
        "roadway": "Westpark Tollway",
        "location": "SH-6",
        "direction": "South",
        "image": "https://www.houstontranstar.org/snapshots/cctv/3530.jpg",
        "monitor": "0",
        "validimg": "True",
        "frameCount": "6",
        "framePauseMs": "300",
        "page": "https://traffic.houstontranstar.org/cctv/transtar/camera.aspx?cam=3530"
      }
    },
    {
      "type": "Feature",
      "geometry": {
        "type": "Point",
        "coordinates": [
          -95.66043,
          29.7096
        ]
      },
      "properties": {
        "name": "West Park @ Addicks Clodine",
        "roadway": "Westpark Tollway",
        "location": "Addicks-Clodine",
        "direction": "North",
        "image": "https://www.houstontranstar.org/snapshots/cctv/3531.jpg",
        "monitor": "0",
        "validimg": "True",
        "frameCount": "1",
        "framePauseMs": "0",
        "page": "https://traffic.houstontranstar.org/cctv/transtar/camera.aspx?cam=3531"
      }
    },
    {
      "type": "Feature",
      "geometry": {
        "type": "Point",
        "coordinates": [
          -95.67068,
          29.70895
        ]
      },
      "properties": {
        "name": "West Park @ Old Westheimer",
        "roadway": "Westpark Tollway",
        "location": "Westheimer",
        "direction": "North",
        "image": "https://www.houstontranstar.org/snapshots/cctv/3532.jpg",
        "monitor": "0",
        "validimg": "True",
        "frameCount": "1",
        "framePauseMs": "0",
        "page": "https://traffic.houstontranstar.org/cctv/transtar/camera.aspx?cam=3532"
      }
    },
    {
      "type": "Feature",
      "geometry": {
        "type": "Point",
        "coordinates": [
          -95.68817,
          29.70725
        ]
      },
      "properties": {
        "name": "West Park @ FM 1464",
        "roadway": "Westpark Tollway",
        "location": "FM-1464",
        "direction": "North",
        "image": "https://www.houstontranstar.org/snapshots/cctv/3533.jpg",
        "monitor": "0",
        "validimg": "True",
        "frameCount": "1",
        "framePauseMs": "0",
        "page": "https://traffic.houstontranstar.org/cctv/transtar/camera.aspx?cam=3533"
      }
    },
    {
      "type": "Feature",
      "geometry": {
        "type": "Point",
        "coordinates": [
          -95.68534712,
          29.70767111
        ]
      },
      "properties": {
        "name": "Westpark @ Fort Bend County Line",
        "roadway": "Westpark Tollway",
        "location": "Fort Bend County Line",
        "direction": "South",
        "image": "https://www.houstontranstar.org/snapshots/cctv/3600.jpg",
        "monitor": "0",
        "validimg": "True",
        "frameCount": "1",
        "framePauseMs": "0",
        "page": "https://traffic.houstontranstar.org/cctv/transtar/camera.aspx?cam=3600"
      }
    },
    {
      "type": "Feature",
      "geometry": {
        "type": "Point",
        "coordinates": [
          -95.70721723,
          29.70609999
        ]
      },
      "properties": {
        "name": "West Park @ Westmoor",
        "roadway": "Westpark Tollway",
        "location": "Westmoor",
        "direction": "North",
        "image": "https://www.houstontranstar.org/snapshots/cctv/3601.jpg",
        "monitor": "0",
        "validimg": "True",
        "frameCount": "1",
        "framePauseMs": "0",
        "page": "https://traffic.houstontranstar.org/cctv/transtar/camera.aspx?cam=3601"
      }
    },
    {
      "type": "Feature",
      "geometry": {
        "type": "Point",
        "coordinates": [
          -95.72353381,
          29.70444535
        ]
      },
      "properties": {
        "name": "Westpark @ Grand Mission",
        "roadway": "Westpark Tollway",
        "location": "Grand Mission",
        "direction": "South",
        "image": "https://www.houstontranstar.org/snapshots/cctv/3602.jpg",
        "monitor": "0",
        "validimg": "True",
        "frameCount": "1",
        "framePauseMs": "0",
        "page": "https://traffic.houstontranstar.org/cctv/transtar/camera.aspx?cam=3602"
      }
    },
    {
      "type": "Feature",
      "geometry": {
        "type": "Point",
        "coordinates": [
          -95.74253025,
          29.70283016
        ]
      },
      "properties": {
        "name": "Westpark @ Mason",
        "roadway": "Westpark Tollway",
        "location": "Mason",
        "direction": "South",
        "image": "https://www.houstontranstar.org/snapshots/cctv/3603.jpg",
        "monitor": "0",
        "validimg": "False",
        "frameCount": "1",
        "framePauseMs": "0",
        "page": "https://traffic.houstontranstar.org/cctv/transtar/camera.aspx?cam=3603"
      }
    },
    {
      "type": "Feature",
      "geometry": {
        "type": "Point",
        "coordinates": [
          -95.75068318,
          29.70251865
        ]
      },
      "properties": {
        "name": "Westpark @ Peek",
        "roadway": "Westpark Tollway",
        "location": "Peek",
        "direction": "North",
        "image": "https://www.houstontranstar.org/snapshots/cctv/3604.jpg",
        "monitor": "0",
        "validimg": "True",
        "frameCount": "1",
        "framePauseMs": "0",
        "page": "https://traffic.houstontranstar.org/cctv/transtar/camera.aspx?cam=3604"
      }
    },
    {
      "type": "Feature",
      "geometry": {
        "type": "Point",
        "coordinates": [
          -95.76798756,
          29.70008416
        ]
      },
      "properties": {
        "name": "Westpark @ E of SH-99",
        "roadway": "Westpark Tollway",
        "location": "East of SH-99",
        "direction": "South",
        "image": "https://www.houstontranstar.org/snapshots/cctv/3605.jpg",
        "monitor": "0",
        "validimg": "False",
        "frameCount": "1",
        "framePauseMs": "0",
        "page": "https://traffic.houstontranstar.org/cctv/transtar/camera.aspx?cam=3605"
      }
    },
    {
      "type": "Feature",
      "geometry": {
        "type": "Point",
        "coordinates": [
          -95.77694528,
          29.70008416
        ]
      },
      "properties": {
        "name": "Westpark @ W of SH-99",
        "roadway": "Westpark Tollway",
        "location": "West of SH-99",
        "direction": "South",
        "image": "https://www.houstontranstar.org/snapshots/cctv/3606.jpg",
        "monitor": "0",
        "validimg": "False",
        "frameCount": "1",
        "framePauseMs": "0",
        "page": "https://traffic.houstontranstar.org/cctv/transtar/camera.aspx?cam=3606"
      }
    },
    {
      "type": "Feature",
      "geometry": {
        "type": "Point",
        "coordinates": [
          -95.7987886,
          29.69853253
        ]
      },
      "properties": {
        "name": "Westpark @ Katy-Gaston",
        "roadway": "Westpark Tollway",
        "location": "Katy-Gaston",
        "direction": "North",
        "image": "https://www.houstontranstar.org/snapshots/cctv/3607.jpg",
        "monitor": "0",
        "validimg": "True",
        "frameCount": "1",
        "framePauseMs": "0",
        "page": "https://traffic.houstontranstar.org/cctv/transtar/camera.aspx?cam=3607"
      }
    },
    {
      "type": "Feature",
      "geometry": {
        "type": "Point",
        "coordinates": [
          -95.81828356,
          29.69657578
        ]
      },
      "properties": {
        "name": "Westpark @ Cinco Terrace",
        "roadway": "Westpark Tollway",
        "location": "Cinco Terrace",
        "direction": "South",
        "image": "https://www.houstontranstar.org/snapshots/cctv/3608.jpg",
        "monitor": "0",
        "validimg": "True",
        "frameCount": "1",
        "framePauseMs": "0",
        "page": "https://traffic.houstontranstar.org/cctv/transtar/camera.aspx?cam=3608"
      }
    },
    {
      "type": "Feature",
      "geometry": {
        "type": "Point",
        "coordinates": [
          -95.83460547,
          29.6953444
        ]
      },
      "properties": {
        "name": "Westpark @ FM-1463",
        "roadway": "Westpark Tollway",
        "location": "FM-1463",
        "direction": "South",
        "image": "https://www.houstontranstar.org/snapshots/cctv/3609.jpg",
        "monitor": "0",
        "validimg": "False",
        "frameCount": "1",
        "framePauseMs": "0",
        "page": "https://traffic.houstontranstar.org/cctv/transtar/camera.aspx?cam=3609"
      }
    },
    {
      "type": "Feature",
      "geometry": {
        "type": "Point",
        "coordinates": [
          -95.41568,
          30.09644
        ]
      },
      "properties": {
        "name": "HTR @ East Hardy (North)",
        "roadway": "Hardy Toll Road",
        "location": "East Hardy (North)",
        "direction": "East",
        "image": "https://www.houstontranstar.org/snapshots/cctv/4002.jpg",
        "monitor": "0",
        "validimg": "True",
        "frameCount": "1",
        "framePauseMs": "0",
        "page": "https://traffic.houstontranstar.org/cctv/transtar/camera.aspx?cam=4002"
      }
    },
    {
      "type": "Feature",
      "geometry": {
        "type": "Point",
        "coordinates": [
          -95.41347,
          30.09091
        ]
      },
      "properties": {
        "name": "HTR @ East Hardy (South)",
        "roadway": "Hardy Toll Road",
        "location": "East Hardy (South)",
        "direction": "None",
        "image": "https://www.houstontranstar.org/snapshots/cctv/4003.jpg",
        "monitor": "0",
        "validimg": "True",
        "frameCount": "1",
        "framePauseMs": "0",
        "page": "https://traffic.houstontranstar.org/cctv/transtar/camera.aspx?cam=4003"
      }
    },
    {
      "type": "Feature",
      "geometry": {
        "type": "Point",
        "coordinates": [
          -95.43052,
          30.10378
        ]
      },
      "properties": {
        "name": "HTR @ Riley Fuzzell (North)",
        "roadway": "Hardy Toll Road",
        "location": "Riley Fuzzell (North)",
        "direction": "East",
        "image": "https://www.houstontranstar.org/snapshots/cctv/4004.jpg",
        "monitor": "0",
        "validimg": "True",
        "frameCount": "1",
        "framePauseMs": "0",
        "page": "https://traffic.houstontranstar.org/cctv/transtar/camera.aspx?cam=4004"
      }
    },
    {
      "type": "Feature",
      "geometry": {
        "type": "Point",
        "coordinates": [
          -95.41196,
          30.0837
        ]
      },
      "properties": {
        "name": "HTR @ Riley Fuzzell (South)",
        "roadway": "Hardy Toll Road",
        "location": "Riley Fuzzell (South)",
        "direction": "West",
        "image": "https://www.houstontranstar.org/snapshots/cctv/4005.jpg",
        "monitor": "0",
        "validimg": "True",
        "frameCount": "1",
        "framePauseMs": "0",
        "page": "https://traffic.houstontranstar.org/cctv/transtar/camera.aspx?cam=4005"
      }
    },
    {
      "type": "Feature",
      "geometry": {
        "type": "Point",
        "coordinates": [
          -95.4112,
          30.0762
        ]
      },
      "properties": {
        "name": "HTR @ Lexington Woods (North)",
        "roadway": "Hardy Toll Road",
        "location": "Lexington Woods (North)",
        "direction": "East",
        "image": "https://www.houstontranstar.org/snapshots/cctv/4006.jpg",
        "monitor": "0",
        "validimg": "False",
        "frameCount": "1",
        "framePauseMs": "0",
        "page": "https://traffic.houstontranstar.org/cctv/transtar/camera.aspx?cam=4006"
      }
    },
    {
      "type": "Feature",
      "geometry": {
        "type": "Point",
        "coordinates": [
          -95.41186,
          30.07069
        ]
      },
      "properties": {
        "name": "HTR @ E Louetta (South)",
        "roadway": "Hardy Toll Road",
        "location": "E Louetta (South)",
        "direction": "West",
        "image": "https://www.houstontranstar.org/snapshots/cctv/4007.jpg",
        "monitor": "0",
        "validimg": "True",
        "frameCount": "1",
        "framePauseMs": "0",
        "page": "https://traffic.houstontranstar.org/cctv/transtar/camera.aspx?cam=4007"
      }
    },
    {
      "type": "Feature",
      "geometry": {
        "type": "Point",
        "coordinates": [
          -95.40698,
          30.06391
        ]
      },
      "properties": {
        "name": "HTR @ Cypresswood (South)",
        "roadway": "Hardy Toll Road",
        "location": "Cypresswood (South)",
        "direction": "West",
        "image": "https://www.houstontranstar.org/snapshots/cctv/4008.jpg",
        "monitor": "0",
        "validimg": "True",
        "frameCount": "1",
        "framePauseMs": "0",
        "page": "https://traffic.houstontranstar.org/cctv/transtar/camera.aspx?cam=4008"
      }
    },
    {
      "type": "Feature",
      "geometry": {
        "type": "Point",
        "coordinates": [
          -95.40533,
          30.06028
        ]
      },
      "properties": {
        "name": "HTR @ North Hardy TP (North)",
        "roadway": "Hardy Toll Road",
        "location": "North Hardy TP (North)",
        "direction": "East",
        "image": "https://www.houstontranstar.org/snapshots/cctv/4009.jpg",
        "monitor": "0",
        "validimg": "True",
        "frameCount": "1",
        "framePauseMs": "0",
        "page": "https://traffic.houstontranstar.org/cctv/transtar/camera.aspx?cam=4009"
      }
    },
    {
      "type": "Feature",
      "geometry": {
        "type": "Point",
        "coordinates": [
          -95.40496,
          30.05707
        ]
      },
      "properties": {
        "name": "HTR @ North Hardy TP",
        "roadway": "Hardy Toll Road",
        "location": "North Hardy TP",
        "direction": "West",
        "image": "https://www.houstontranstar.org/snapshots/cctv/4010.jpg",
        "monitor": "0",
        "validimg": "True",
        "frameCount": "1",
        "framePauseMs": "0",
        "page": "https://traffic.houstontranstar.org/cctv/transtar/camera.aspx?cam=4010"
      }
    },
    {
      "type": "Feature",
      "geometry": {
        "type": "Point",
        "coordinates": [
          -95.40651,
          30.04582
        ]
      },
      "properties": {
        "name": "HTR @ UPRR #1 (North)",
        "roadway": "Hardy Toll Road",
        "location": "UPRR #1 (North)",
        "direction": "West",
        "image": "https://www.houstontranstar.org/snapshots/cctv/4011.jpg",
        "monitor": "0",
        "validimg": "True",
        "frameCount": "1",
        "framePauseMs": "0",
        "page": "https://traffic.houstontranstar.org/cctv/transtar/camera.aspx?cam=4011"
      }
    },
    {
      "type": "Feature",
      "geometry": {
        "type": "Point",
        "coordinates": [
          -95.40675,
          30.03543
        ]
      },
      "properties": {
        "name": "HTR @ Cypress Creek (North)",
        "roadway": "Hardy Toll Road",
        "location": "Cypress Creek (North)",
        "direction": "West",
        "image": "https://www.houstontranstar.org/snapshots/cctv/4012.jpg",
        "monitor": "0",
        "validimg": "True",
        "frameCount": "1",
        "framePauseMs": "0",
        "page": "https://traffic.houstontranstar.org/cctv/transtar/camera.aspx?cam=4012"
      }
    },
    {
      "type": "Feature",
      "geometry": {
        "type": "Point",
        "coordinates": [
          -95.4041,
          30.02408
        ]
      },
      "properties": {
        "name": "HTR @ FM1960 Ramp Plaza_",
        "roadway": "Hardy Toll Road",
        "location": "FM1960 Ramp Plaza_",
        "direction": "East",
        "image": "https://www.houstontranstar.org/snapshots/cctv/4013.jpg",
        "monitor": "0",
        "validimg": "False",
        "frameCount": "1",
        "framePauseMs": "0",
        "page": "https://traffic.houstontranstar.org/cctv/transtar/camera.aspx?cam=4013"
      }
    },
    {
      "type": "Feature",
      "geometry": {
        "type": "Point",
        "coordinates": [
          -95.40474,
          30.01784
        ]
      },
      "properties": {
        "name": "HTR @ Centerpoint Energy Utility Crossing",
        "roadway": "Hardy Toll Road",
        "location": "Centerpoint Energy Utility Crossing",
        "direction": "West",
        "image": "https://www.houstontranstar.org/snapshots/cctv/4014.jpg",
        "monitor": "0",
        "validimg": "True",
        "frameCount": "1",
        "framePauseMs": "0",
        "page": "https://traffic.houstontranstar.org/cctv/transtar/camera.aspx?cam=4014"
      }
    },
    {
      "type": "Feature",
      "geometry": {
        "type": "Point",
        "coordinates": [
          -95.40303,
          30.00814
        ]
      },
      "properties": {
        "name": "HTR @ Turkey Creek (North)",
        "roadway": "Hardy Toll Road",
        "location": "Turkey Creek (North)",
        "direction": "West",
        "image": "https://www.houstontranstar.org/snapshots/cctv/4015.jpg",
        "monitor": "0",
        "validimg": "True",
        "frameCount": "1",
        "framePauseMs": "0",
        "page": "https://traffic.houstontranstar.org/cctv/transtar/camera.aspx?cam=4015"
      }
    },
    {
      "type": "Feature",
      "geometry": {
        "type": "Point",
        "coordinates": [
          -95.39887,
          30.00302
        ]
      },
      "properties": {
        "name": "HTR @ Turkey Creek (South)",
        "roadway": "Hardy Toll Road",
        "location": "Turkey Creek (South)",
        "direction": "West",
        "image": "https://www.houstontranstar.org/snapshots/cctv/4016.jpg",
        "monitor": "0",
        "validimg": "False",
        "frameCount": "1",
        "framePauseMs": "0",
        "page": "https://traffic.houstontranstar.org/cctv/transtar/camera.aspx?cam=4016"
      }
    },
    {
      "type": "Feature",
      "geometry": {
        "type": "Point",
        "coordinates": [
          -95.39671,
          29.99431
        ]
      },
      "properties": {
        "name": "HTR @ Richey Ramp Plaza_",
        "roadway": "Hardy Toll Road",
        "location": "Richey Ramp Plaza_",
        "direction": "West",
        "image": "https://www.houstontranstar.org/snapshots/cctv/4017.jpg",
        "monitor": "0",
        "validimg": "True",
        "frameCount": "1",
        "framePauseMs": "0",
        "page": "https://traffic.houstontranstar.org/cctv/transtar/camera.aspx?cam=4017"
      }
    },
    {
      "type": "Feature",
      "geometry": {
        "type": "Point",
        "coordinates": [
          -95.39497,
          29.98729
        ]
      },
      "properties": {
        "name": "HTR @ Airtex (North)",
        "roadway": "Hardy Toll Road",
        "location": "Airtex (North)",
        "direction": "West",
        "image": "https://www.houstontranstar.org/snapshots/cctv/4018.jpg",
        "monitor": "0",
        "validimg": "False",
        "frameCount": "1",
        "framePauseMs": "0",
        "page": "https://traffic.houstontranstar.org/cctv/transtar/camera.aspx?cam=4018"
      }
    },
    {
      "type": "Feature",
      "geometry": {
        "type": "Point",
        "coordinates": [
          -95.39287,
          29.97867
        ]
      },
      "properties": {
        "name": "HTR @ Airtex (South)",
        "roadway": "Hardy Toll Road",
        "location": "Airtex (South)",
        "direction": "West",
        "image": "https://www.houstontranstar.org/snapshots/cctv/4019.jpg",
        "monitor": "0",
        "validimg": "True",
        "frameCount": "1",
        "framePauseMs": "0",
        "page": "https://traffic.houstontranstar.org/cctv/transtar/camera.aspx?cam=4019"
      }
    },
    {
      "type": "Feature",
      "geometry": {
        "type": "Point",
        "coordinates": [
          -95.38848,
          29.97249
        ]
      },
      "properties": {
        "name": "HTR @ UPRR #2 (North)",
        "roadway": "Hardy Toll Road",
        "location": "UPRR #2 (North)",
        "direction": "West",
        "image": "https://www.houstontranstar.org/snapshots/cctv/4020.jpg",
        "monitor": "0",
        "validimg": "True",
        "frameCount": "1",
        "framePauseMs": "0",
        "page": "https://traffic.houstontranstar.org/cctv/transtar/camera.aspx?cam=4020"
      }
    },
    {
      "type": "Feature",
      "geometry": {
        "type": "Point",
        "coordinates": [
          -95.38137,
          29.96977
        ]
      },
      "properties": {
        "name": "HTR @ Rankin Rd (North)",
        "roadway": "Hardy Toll Road",
        "location": "Rankin Rd (North)",
        "direction": "East",
        "image": "https://www.houstontranstar.org/snapshots/cctv/4021.jpg",
        "monitor": "0",
        "validimg": "False",
        "frameCount": "1",
        "framePauseMs": "0",
        "page": "https://traffic.houstontranstar.org/cctv/transtar/camera.aspx?cam=4021"
      }
    },
    {
      "type": "Feature",
      "geometry": {
        "type": "Point",
        "coordinates": [
          -95.38014,
          29.96396
        ]
      },
      "properties": {
        "name": "HTR @ Rankin Ramp Plaza_ (South)",
        "roadway": "Hardy Toll Road",
        "location": "Rankin Ramp Plaza_ (South)",
        "direction": "West",
        "image": "https://www.houstontranstar.org/snapshots/cctv/4022.jpg",
        "monitor": "0",
        "validimg": "True",
        "frameCount": "1",
        "framePauseMs": "0",
        "page": "https://traffic.houstontranstar.org/cctv/transtar/camera.aspx?cam=4022"
      }
    },
    {
      "type": "Feature",
      "geometry": {
        "type": "Point",
        "coordinates": [
          -95.38044,
          29.95651
        ]
      },
      "properties": {
        "name": "HTR @ Airport Connector_",
        "roadway": "Hardy Toll Road",
        "location": "Airport Connector_",
        "direction": "East",
        "image": "https://www.houstontranstar.org/snapshots/cctv/4023.jpg",
        "monitor": "0",
        "validimg": "True",
        "frameCount": "1",
        "framePauseMs": "0",
        "page": "https://traffic.houstontranstar.org/cctv/transtar/camera.aspx?cam=4023"
      }
    },
    {
      "type": "Feature",
      "geometry": {
        "type": "Point",
        "coordinates": [
          -95.382222,
          29.942222
        ]
      },
      "properties": {
        "name": "HTR @ BW8 (North of)_",
        "roadway": "Hardy Toll Road",
        "location": "BW8 (North of)_",
        "direction": "West",
        "image": "https://www.houstontranstar.org/snapshots/cctv/4025.jpg",
        "monitor": "0",
        "validimg": "True",
        "frameCount": "1",
        "framePauseMs": "0",
        "page": "https://traffic.houstontranstar.org/cctv/transtar/camera.aspx?cam=4025"
      }
    },
    {
      "type": "Feature",
      "geometry": {
        "type": "Point",
        "coordinates": [
          -95.381111,
          29.936111
        ]
      },
      "properties": {
        "name": "HTR @ BW8 (South of)_",
        "roadway": "Hardy Toll Road",
        "location": "BW8 (South of)_",
        "direction": "West",
        "image": "https://www.houstontranstar.org/snapshots/cctv/4026.jpg",
        "monitor": "0",
        "validimg": "True",
        "frameCount": "1",
        "framePauseMs": "0",
        "page": "https://traffic.houstontranstar.org/cctv/transtar/camera.aspx?cam=4026"
      }
    },
    {
      "type": "Feature",
      "geometry": {
        "type": "Point",
        "coordinates": [
          -95.379722,
          29.932222
        ]
      },
      "properties": {
        "name": "HTR @ Aldine Bender",
        "roadway": "Hardy Toll Road",
        "location": "Aldine Bender",
        "direction": "West",
        "image": "https://www.houstontranstar.org/snapshots/cctv/4027.jpg",
        "monitor": "0",
        "validimg": "True",
        "frameCount": "1",
        "framePauseMs": "0",
        "page": "https://traffic.houstontranstar.org/cctv/transtar/camera.aspx?cam=4027"
      }
    },
    {
      "type": "Feature",
      "geometry": {
        "type": "Point",
        "coordinates": [
          -95.378889,
          29.929167
        ]
      },
      "properties": {
        "name": "HTR @ South Hardy TP",
        "roadway": "Hardy Toll Road",
        "location": "South Hardy TP",
        "direction": "West",
        "image": "https://www.houstontranstar.org/snapshots/cctv/4028.jpg",
        "monitor": "0",
        "validimg": "True",
        "frameCount": "1",
        "framePauseMs": "0",
        "page": "https://traffic.houstontranstar.org/cctv/transtar/camera.aspx?cam=4028"
      }
    },
    {
      "type": "Feature",
      "geometry": {
        "type": "Point",
        "coordinates": [
          -95.375833,
          29.913611
        ]
      },
      "properties": {
        "name": "HTR @ Walston (North)",
        "roadway": "Hardy Toll Road",
        "location": "Walston (North)",
        "direction": "None",
        "image": "https://www.houstontranstar.org/snapshots/cctv/4029.jpg",
        "monitor": "0",
        "validimg": "True",
        "frameCount": "1",
        "framePauseMs": "0",
        "page": "https://traffic.houstontranstar.org/cctv/transtar/camera.aspx?cam=4029"
      }
    },
    {
      "type": "Feature",
      "geometry": {
        "type": "Point",
        "coordinates": [
          -95.374444,
          29.907778
        ]
      },
      "properties": {
        "name": "HTR @ Walston (South)",
        "roadway": "Hardy Toll Road",
        "location": "Walston (South)",
        "direction": "West",
        "image": "https://www.houstontranstar.org/snapshots/cctv/4030.jpg",
        "monitor": "0",
        "validimg": "True",
        "frameCount": "1",
        "framePauseMs": "0",
        "page": "https://traffic.houstontranstar.org/cctv/transtar/camera.aspx?cam=4030"
      }
    },
    {
      "type": "Feature",
      "geometry": {
        "type": "Point",
        "coordinates": [
          -95.370556,
          29.895556
        ]
      },
      "properties": {
        "name": "HTR @ Aldine Mail Rt Ramp Plaza_",
        "roadway": "Hardy Toll Road",
        "location": "Aldine Mail Rt Ramp Plaza_",
        "direction": "East",
        "image": "https://www.houstontranstar.org/snapshots/cctv/4031.jpg",
        "monitor": "0",
        "validimg": "True",
        "frameCount": "1",
        "framePauseMs": "0",
        "page": "https://traffic.houstontranstar.org/cctv/transtar/camera.aspx?cam=4031"
      }
    },
    {
      "type": "Feature",
      "geometry": {
        "type": "Point",
        "coordinates": [
          -95.368611,
          29.886944
        ]
      },
      "properties": {
        "name": "HTR @ Gulf Bank (South)",
        "roadway": "Hardy Toll Road",
        "location": "Gulf Bank (South)",
        "direction": "East",
        "image": "https://www.houstontranstar.org/snapshots/cctv/4032.jpg",
        "monitor": "0",
        "validimg": "True",
        "frameCount": "1",
        "framePauseMs": "0",
        "page": "https://traffic.houstontranstar.org/cctv/transtar/camera.aspx?cam=4032"
      }
    },
    {
      "type": "Feature",
      "geometry": {
        "type": "Point",
        "coordinates": [
          -95.366667,
          29.879444
        ]
      },
      "properties": {
        "name": "HTR @ Hopper_",
        "roadway": "Hardy Toll Road",
        "location": "Hopper_",
        "direction": "East",
        "image": "https://www.houstontranstar.org/snapshots/cctv/4033.jpg",
        "monitor": "0",
        "validimg": "True",
        "frameCount": "1",
        "framePauseMs": "0",
        "page": "https://traffic.houstontranstar.org/cctv/transtar/camera.aspx?cam=4033"
      }
    },
    {
      "type": "Feature",
      "geometry": {
        "type": "Point",
        "coordinates": [
          -95.364444,
          29.870833
        ]
      },
      "properties": {
        "name": "HTR @ E Little York",
        "roadway": "Hardy Toll Road",
        "location": "E Little York",
        "direction": "East",
        "image": "https://www.houstontranstar.org/snapshots/cctv/4034.jpg",
        "monitor": "0",
        "validimg": "True",
        "frameCount": "1",
        "framePauseMs": "0",
        "page": "https://traffic.houstontranstar.org/cctv/transtar/camera.aspx?cam=4034"
      }
    },
    {
      "type": "Feature",
      "geometry": {
        "type": "Point",
        "coordinates": [
          -95.36229,
          29.860557
        ]
      },
      "properties": {
        "name": "HTR @ E Parker (North)",
        "roadway": "Hardy Toll Road",
        "location": "E Parker (North)",
        "direction": "East",
        "image": "https://www.houstontranstar.org/snapshots/cctv/4035.jpg",
        "monitor": "0",
        "validimg": "True",
        "frameCount": "1",
        "framePauseMs": "0",
        "page": "https://traffic.houstontranstar.org/cctv/transtar/camera.aspx?cam=4035"
      }
    },
    {
      "type": "Feature",
      "geometry": {
        "type": "Point",
        "coordinates": [
          -95.359167,
          29.841111
        ]
      },
      "properties": {
        "name": "HTR @ Tidwell (North)",
        "roadway": "Hardy Toll Road",
        "location": "Tidwell (North)",
        "direction": "East",
        "image": "https://www.houstontranstar.org/snapshots/cctv/4036.jpg",
        "monitor": "0",
        "validimg": "True",
        "frameCount": "1",
        "framePauseMs": "0",
        "page": "https://traffic.houstontranstar.org/cctv/transtar/camera.aspx?cam=4036"
      }
    },
    {
      "type": "Feature",
      "geometry": {
        "type": "Point",
        "coordinates": [
          -95.358333,
          29.844444
        ]
      },
      "properties": {
        "name": "HTR @ Tidwell Ramp Plaza_",
        "roadway": "Hardy Toll Road",
        "location": "Tidwell Ramp Plaza_",
        "direction": "East",
        "image": "https://www.houstontranstar.org/snapshots/cctv/4037.jpg",
        "monitor": "0",
        "validimg": "True",
        "frameCount": "1",
        "framePauseMs": "0",
        "page": "https://traffic.houstontranstar.org/cctv/transtar/camera.aspx?cam=4037"
      }
    },
    {
      "type": "Feature",
      "geometry": {
        "type": "Point",
        "coordinates": [
          -95.356667,
          29.836944
        ]
      },
      "properties": {
        "name": "HTR @ Berry (South)",
        "roadway": "Hardy Toll Road",
        "location": "Berry (South)",
        "direction": "West",
        "image": "https://www.houstontranstar.org/snapshots/cctv/4038.jpg",
        "monitor": "0",
        "validimg": "True",
        "frameCount": "1",
        "framePauseMs": "0",
        "page": "https://traffic.houstontranstar.org/cctv/transtar/camera.aspx?cam=4038"
      }
    },
    {
      "type": "Feature",
      "geometry": {
        "type": "Point",
        "coordinates": [
          -95.354722,
          29.829167
        ]
      },
      "properties": {
        "name": "HTR @ East Crosstimbers_",
        "roadway": "Hardy Toll Road",
        "location": "East Crosstimbers_",
        "direction": "West",
        "image": "https://www.houstontranstar.org/snapshots/cctv/4039.jpg",
        "monitor": "0",
        "validimg": "True",
        "frameCount": "1",
        "framePauseMs": "0",
        "page": "https://traffic.houstontranstar.org/cctv/transtar/camera.aspx?cam=4039"
      }
    },
    {
      "type": "Feature",
      "geometry": {
        "type": "Point",
        "coordinates": [
          -95.48239,
          29.6365
        ]
      },
      "properties": {
        "name": "FBTR @ South US 90",
        "roadway": "Fort Bend Toll Road",
        "location": "South US 90",
        "direction": "West",
        "image": "https://www.houstontranstar.org/snapshots/cctv/4201.jpg",
        "monitor": "0",
        "validimg": "True",
        "frameCount": "1",
        "framePauseMs": "0",
        "page": "https://traffic.houstontranstar.org/cctv/transtar/camera.aspx?cam=4201"
      }
    },
    {
      "type": "Feature",
      "geometry": {
        "type": "Point",
        "coordinates": [
          -95.4828,
          29.6264
        ]
      },
      "properties": {
        "name": "FBTR @ Sims Bayou",
        "roadway": "Fort Bend Toll Road",
        "location": "Sims Bayou",
        "direction": "West",
        "image": "https://www.houstontranstar.org/snapshots/cctv/4202.jpg",
        "monitor": "0",
        "validimg": "True",
        "frameCount": "1",
        "framePauseMs": "0",
        "page": "https://traffic.houstontranstar.org/cctv/transtar/camera.aspx?cam=4202"
      }
    },
    {
      "type": "Feature",
      "geometry": {
        "type": "Point",
        "coordinates": [
          -95.48214,
          29.62867
        ]
      },
      "properties": {
        "name": "FBTR @ W. Orem",
        "roadway": "Fort Bend Toll Road",
        "location": "W. Orem",
        "direction": "West",
        "image": "https://www.houstontranstar.org/snapshots/cctv/4203.jpg",
        "monitor": "0",
        "validimg": "True",
        "frameCount": "1",
        "framePauseMs": "0",
        "page": "https://traffic.houstontranstar.org/cctv/transtar/camera.aspx?cam=4203"
      }
    },
    {
      "type": "Feature",
      "geometry": {
        "type": "Point",
        "coordinates": [
          -95.48672,
          29.6245
        ]
      },
      "properties": {
        "name": "FBTR @ N. Toll Plaza",
        "roadway": "Fort Bend Toll Road",
        "location": "N. Toll Plaza",
        "direction": "West",
        "image": "https://www.houstontranstar.org/snapshots/cctv/4204.jpg",
        "monitor": "0",
        "validimg": "True",
        "frameCount": "1",
        "framePauseMs": "0",
        "page": "https://traffic.houstontranstar.org/cctv/transtar/camera.aspx?cam=4204"
      }
    },
    {
      "type": "Feature",
      "geometry": {
        "type": "Point",
        "coordinates": [
          -95.48994,
          29.62086
        ]
      },
      "properties": {
        "name": "FBTR @ S. Toll Plaza",
        "roadway": "Fort Bend Toll Road",
        "location": "S. Toll Plaza",
        "direction": "West",
        "image": "https://www.houstontranstar.org/snapshots/cctv/4205.jpg",
        "monitor": "0",
        "validimg": "True",
        "frameCount": "1",
        "framePauseMs": "0",
        "page": "https://traffic.houstontranstar.org/cctv/transtar/camera.aspx?cam=4205"
      }
    },
    {
      "type": "Feature",
      "geometry": {
        "type": "Point",
        "coordinates": [
          -95.49203,
          29.61689
        ]
      },
      "properties": {
        "name": "FBTR @ Hillcroft",
        "roadway": "Fort Bend Toll Road",
        "location": "Hillcroft",
        "direction": "West",
        "image": "https://www.houstontranstar.org/snapshots/cctv/4206.jpg",
        "monitor": "0",
        "validimg": "True",
        "frameCount": "1",
        "framePauseMs": "0",
        "page": "https://traffic.houstontranstar.org/cctv/transtar/camera.aspx?cam=4206"
      }
    },
    {
      "type": "Feature",
      "geometry": {
        "type": "Point",
        "coordinates": [
          -95.49661,
          29.60989
        ]
      },
      "properties": {
        "name": "FBTR @ Carey Chase",
        "roadway": "Fort Bend Toll Road",
        "location": "Carey Chase",
        "direction": "West",
        "image": "https://www.houstontranstar.org/snapshots/cctv/4207.jpg",
        "monitor": "0",
        "validimg": "True",
        "frameCount": "1",
        "framePauseMs": "0",
        "page": "https://traffic.houstontranstar.org/cctv/transtar/camera.aspx?cam=4207"
      }
    },
    {
      "type": "Feature",
      "geometry": {
        "type": "Point",
        "coordinates": [
          -95.50508,
          29.59581
        ]
      },
      "properties": {
        "name": "FBTR @ Fondren",
        "roadway": "Fort Bend Toll Road",
        "location": "Fondren",
        "direction": "West",
        "image": "https://www.houstontranstar.org/snapshots/cctv/4208.jpg",
        "monitor": "0",
        "validimg": "False",
        "frameCount": "1",
        "framePauseMs": "0",
        "page": "https://traffic.houstontranstar.org/cctv/transtar/camera.aspx?cam=4208"
      }
    },
    {
      "type": "Feature",
      "geometry": {
        "type": "Point",
        "coordinates": [
          -95.50639,
          29.58781
        ]
      },
      "properties": {
        "name": "FBTR @ Toll Plaza",
        "roadway": "Fort Bend Toll Road",
        "location": "Fondren Toll Plaza",
        "direction": "West",
        "image": "https://www.houstontranstar.org/snapshots/cctv/4209.jpg",
        "monitor": "0",
        "validimg": "True",
        "frameCount": "1",
        "framePauseMs": "0",
        "page": "https://traffic.houstontranstar.org/cctv/transtar/camera.aspx?cam=4209"
      }
    },
    {
      "type": "Feature",
      "geometry": {
        "type": "Point",
        "coordinates": [
          -95.50611,
          29.57975
        ]
      },
      "properties": {
        "name": "FBTR @ Mc Hard",
        "roadway": "Fort Bend Toll Road",
        "location": "Mc Hard",
        "direction": "West",
        "image": "https://www.houstontranstar.org/snapshots/cctv/4210.jpg",
        "monitor": "0",
        "validimg": "True",
        "frameCount": "1",
        "framePauseMs": "0",
        "page": "https://traffic.houstontranstar.org/cctv/transtar/camera.aspx?cam=4210"
      }
    },
    {
      "type": "Feature",
      "geometry": {
        "type": "Point",
        "coordinates": [
          -95.50681,
          29.55903
        ]
      },
      "properties": {
        "name": "FBTR @ Lake Olympia",
        "roadway": "Fort Bend Toll Road",
        "location": "Lake Olympia",
        "direction": "West",
        "image": "https://www.houstontranstar.org/snapshots/cctv/4211.jpg",
        "monitor": "0",
        "validimg": "True",
        "frameCount": "1",
        "framePauseMs": "0",
        "page": "https://traffic.houstontranstar.org/cctv/transtar/camera.aspx?cam=4211"
      }
    },
    {
      "type": "Feature",
      "geometry": {
        "type": "Point",
        "coordinates": [
          -95.505315,
          29.55254
        ]
      },
      "properties": {
        "name": "FBTR @ Senior",
        "roadway": "Fort Bend Toll Road",
        "location": "Senior",
        "direction": "West",
        "image": "https://www.houstontranstar.org/snapshots/cctv/4212.jpg",
        "monitor": "0",
        "validimg": "True",
        "frameCount": "1",
        "framePauseMs": "0",
        "page": "https://traffic.houstontranstar.org/cctv/transtar/camera.aspx?cam=4212"
      }
    },
    {
      "type": "Feature",
      "geometry": {
        "type": "Point",
        "coordinates": [
          -95.50306,
          29.53561
        ]
      },
      "properties": {
        "name": "FBTR @ Trammel-Fresno",
        "roadway": "Fort Bend Toll Road",
        "location": "Trammel-Fresno",
        "direction": "West",
        "image": "https://www.houstontranstar.org/snapshots/cctv/4213.jpg",
        "monitor": "0",
        "validimg": "True",
        "frameCount": "1",
        "framePauseMs": "0",
        "page": "https://traffic.houstontranstar.org/cctv/transtar/camera.aspx?cam=4213"
      }
    },
    {
      "type": "Feature",
      "geometry": {
        "type": "Point",
        "coordinates": [
          -95.50617806,
          29.53130264
        ]
      },
      "properties": {
        "name": "FBTR @ SH-6",
        "roadway": "Fort Bend Toll Road",
        "location": "SH-6",
        "direction": "West",
        "image": "https://www.houstontranstar.org/snapshots/cctv/4214.jpg",
        "monitor": "0",
        "validimg": "True",
        "frameCount": "1",
        "framePauseMs": "0",
        "page": "https://traffic.houstontranstar.org/cctv/transtar/camera.aspx?cam=4214"
      }
    },
    {
      "type": "Feature",
      "geometry": {
        "type": "Point",
        "coordinates": [
          -95.50867821,
          29.52872198
        ]
      },
      "properties": {
        "name": "FBTR @ Knight",
        "roadway": "Fort Bend Toll Road",
        "location": "Knight Rd",
        "direction": "South",
        "image": "https://www.houstontranstar.org/snapshots/cctv/4215.jpg",
        "monitor": "0",
        "validimg": "False",
        "frameCount": "1",
        "framePauseMs": "0",
        "page": "https://traffic.houstontranstar.org/cctv/transtar/camera.aspx?cam=4215"
      }
    },
    {
      "type": "Feature",
      "geometry": {
        "type": "Point",
        "coordinates": [
          -95.52260789,
          29.52731708
        ]
      },
      "properties": {
        "name": "FBTR @ East of Sienna Parkway",
        "roadway": "Fort Bend Toll Road",
        "location": "East of Sienna Parkway",
        "direction": "South",
        "image": "https://www.houstontranstar.org/snapshots/cctv/4216.jpg",
        "monitor": "0",
        "validimg": "False",
        "frameCount": "1",
        "framePauseMs": "0",
        "page": "https://traffic.houstontranstar.org/cctv/transtar/camera.aspx?cam=4216"
      }
    },
    {
      "type": "Feature",
      "geometry": {
        "type": "Point",
        "coordinates": [
          -95.53469457,
          29.52757749
        ]
      },
      "properties": {
        "name": "FBTR @ Sienna Parkway",
        "roadway": "Fort Bend Toll Road",
        "location": "Sienna Parkway",
        "direction": "None",
        "image": "https://www.houstontranstar.org/snapshots/cctv/4217.jpg",
        "monitor": "0",
        "validimg": "True",
        "frameCount": "1",
        "framePauseMs": "0",
        "page": "https://traffic.houstontranstar.org/cctv/transtar/camera.aspx?cam=4217"
      }
    },
    {
      "type": "Feature",
      "geometry": {
        "type": "Point",
        "coordinates": [
          -95.387704,
          29.790725
        ]
      },
      "properties": {
        "name": "11th@Studewood",
        "roadway": "11th",
        "location": "Studewood",
        "direction": "None",
        "image": "https://www.houstontranstar.org/snapshots/cctv/8033.jpg",
        "monitor": "0",
        "validimg": "False",
        "frameCount": "1",
        "framePauseMs": "0",
        "page": "https://traffic.houstontranstar.org/cctv/transtar/camera.aspx?cam=8033"
      }
    },
    {
      "type": "Feature",
      "geometry": {
        "type": "Point",
        "coordinates": [
          -95.381788,
          29.804016
        ]
      },
      "properties": {
        "name": "Airline@Cavalcade",
        "roadway": "Airline",
        "location": "Cavalcade",
        "direction": "None",
        "image": "https://www.houstontranstar.org/snapshots/cctv/8000.jpg",
        "monitor": "0",
        "validimg": "True",
        "frameCount": "1",
        "framePauseMs": "0",
        "page": "https://traffic.houstontranstar.org/cctv/transtar/camera.aspx?cam=8000"
      }
    },
    {
      "type": "Feature",
      "geometry": {
        "type": "Point",
        "coordinates": [
          -95.385031,
          29.870177
        ]
      },
      "properties": {
        "name": "Airline@Little York",
        "roadway": "Airline",
        "location": "Little York",
        "direction": "None",
        "image": "https://www.houstontranstar.org/snapshots/cctv/8001.jpg",
        "monitor": "0",
        "validimg": "True",
        "frameCount": "1",
        "framePauseMs": "0",
        "page": "https://traffic.houstontranstar.org/cctv/transtar/camera.aspx?cam=8001"
      }
    },
    {
      "type": "Feature",
      "geometry": {
        "type": "Point",
        "coordinates": [
          -95.384292,
          29.845396
        ]
      },
      "properties": {
        "name": "Airline@Tidwell",
        "roadway": "Airline",
        "location": "Tidwell",
        "direction": "None",
        "image": "https://www.houstontranstar.org/snapshots/cctv/8002.jpg",
        "monitor": "0",
        "validimg": "True",
        "frameCount": "1",
        "framePauseMs": "0",
        "page": "https://traffic.houstontranstar.org/cctv/transtar/camera.aspx?cam=8002"
      }
    },
    {
      "type": "Feature",
      "geometry": {
        "type": "Point",
        "coordinates": [
          -95.405215,
          29.915239
        ]
      },
      "properties": {
        "name": "Airline@West Rd",
        "roadway": "Airline",
        "location": "West Rd",
        "direction": "None",
        "image": "https://www.houstontranstar.org/snapshots/cctv/8003.jpg",
        "monitor": "0",
        "validimg": "True",
        "frameCount": "1",
        "framePauseMs": "0",
        "page": "https://traffic.houstontranstar.org/cctv/transtar/camera.aspx?cam=8003"
      }
    },
    {
      "type": "Feature",
      "geometry": {
        "type": "Point",
        "coordinates": [
          -95.356182,
          29.931481
        ]
      },
      "properties": {
        "name": "Aldine-Westfield@Aldine Bender",
        "roadway": "Aldine-Westfield",
        "location": "Aldine Bender",
        "direction": "None",
        "image": "https://www.houstontranstar.org/snapshots/cctv/8004.jpg",
        "monitor": "0",
        "validimg": "True",
        "frameCount": "1",
        "framePauseMs": "0",
        "page": "https://traffic.houstontranstar.org/cctv/transtar/camera.aspx?cam=8004"
      }
    },
    {
      "type": "Feature",
      "geometry": {
        "type": "Point",
        "coordinates": [
          -95.351958,
          29.870789
        ]
      },
      "properties": {
        "name": "Aldine-Westfield@Little York",
        "roadway": "Aldine-Westfield",
        "location": "Little York",
        "direction": "None",
        "image": "https://www.houstontranstar.org/snapshots/cctv/8005.jpg",
        "monitor": "0",
        "validimg": "True",
        "frameCount": "1",
        "framePauseMs": "0",
        "page": "https://traffic.houstontranstar.org/cctv/transtar/camera.aspx?cam=8005"
      }
    },
    {
      "type": "Feature",
      "geometry": {
        "type": "Point",
        "coordinates": [
          -95.379932,
          29.719853
        ]
      },
      "properties": {
        "name": "Almeda@Binz",
        "roadway": "Almeda",
        "location": "Binz",
        "direction": "None",
        "image": "https://www.houstontranstar.org/snapshots/cctv/8006.jpg",
        "monitor": "0",
        "validimg": "True",
        "frameCount": "1",
        "framePauseMs": "0",
        "page": "https://traffic.houstontranstar.org/cctv/transtar/camera.aspx?cam=8006"
      }
    },
    {
      "type": "Feature",
      "geometry": {
        "type": "Point",
        "coordinates": [
          -95.386704,
          29.698743
        ]
      },
      "properties": {
        "name": "Almeda@Old Spanish Trail",
        "roadway": "Almeda",
        "location": "Old Spanish Trail",
        "direction": "None",
        "image": "https://www.houstontranstar.org/snapshots/cctv/8007.jpg",
        "monitor": "0",
        "validimg": "True",
        "frameCount": "1",
        "framePauseMs": "0",
        "page": "https://traffic.houstontranstar.org/cctv/transtar/camera.aspx?cam=8007"
      }
    },
    {
      "type": "Feature",
      "geometry": {
        "type": "Point",
        "coordinates": [
          -95.419807,
          29.613505
        ]
      },
      "properties": {
        "name": "Almeda@W Fuqua",
        "roadway": "Almeda",
        "location": "W Fuqua",
        "direction": "None",
        "image": "https://www.houstontranstar.org/snapshots/cctv/8008.jpg",
        "monitor": "0",
        "validimg": "False",
        "frameCount": "1",
        "framePauseMs": "0",
        "page": "https://traffic.houstontranstar.org/cctv/transtar/camera.aspx?cam=8008"
      }
    },
    {
      "type": "Feature",
      "geometry": {
        "type": "Point",
        "coordinates": [
          -95.473491,
          29.848797
        ]
      },
      "properties": {
        "name": "Antoine@Tidwell",
        "roadway": "Antoine",
        "location": "Tidwell",
        "direction": "None",
        "image": "https://www.houstontranstar.org/snapshots/cctv/8009.jpg",
        "monitor": "0",
        "validimg": "False",
        "frameCount": "1",
        "framePauseMs": "0",
        "page": "https://traffic.houstontranstar.org/cctv/transtar/camera.aspx?cam=8009"
      }
    },
    {
      "type": "Feature",
      "geometry": {
        "type": "Point",
        "coordinates": [
          -94.7747,
          29.36452
        ]
      },
      "properties": {
        "name": "Bolivar Ferry @ French Town Rd.",
        "roadway": "Bolivar Ferry",
        "location": "French Town Rd.",
        "direction": "North",
        "image": "https://www.houstontranstar.org/snapshots/cctv/181.jpg",
        "monitor": "0",
        "validimg": "True",
        "frameCount": "1",
        "framePauseMs": "0",
        "page": "https://traffic.houstontranstar.org/cctv/transtar/camera.aspx?cam=181"
      }
    },
    {
      "type": "Feature",
      "geometry": {
        "type": "Point",
        "coordinates": [
          -94.7612,
          29.3671
        ]
      },
      "properties": {
        "name": "Bolivar Ferry @ 7th",
        "roadway": "Bolivar Ferry",
        "location": "7th",
        "direction": "North",
        "image": "https://www.houstontranstar.org/snapshots/cctv/182.jpg",
        "monitor": "0",
        "validimg": "True",
        "frameCount": "1",
        "framePauseMs": "0",
        "page": "https://traffic.houstontranstar.org/cctv/transtar/camera.aspx?cam=182"
      }
    },
    {
      "type": "Feature",
      "geometry": {
        "type": "Point",
        "coordinates": [
          -94.75537,
          29.372139
        ]
      },
      "properties": {
        "name": "Bolivar Ferry @ 15th",
        "roadway": "Bolivar Ferry",
        "location": "15th",
        "direction": "North",
        "image": "https://www.houstontranstar.org/snapshots/cctv/183.jpg",
        "monitor": "0",
        "validimg": "True",
        "frameCount": "1",
        "framePauseMs": "0",
        "page": "https://traffic.houstontranstar.org/cctv/transtar/camera.aspx?cam=183"
      }
    },
    {
      "type": "Feature",
      "geometry": {
        "type": "Point",
        "coordinates": [
          -95.120249,
          29.555045
        ]
      },
      "properties": {
        "name": "Bay Area@El Camino",
        "roadway": "Bay Area",
        "location": "El Camino",
        "direction": "None",
        "image": "https://www.houstontranstar.org/snapshots/cctv/8010.jpg",
        "monitor": "0",
        "validimg": "False",
        "frameCount": "1",
        "framePauseMs": "0",
        "page": "https://traffic.houstontranstar.org/cctv/transtar/camera.aspx?cam=8010"
      }
    },
    {
      "type": "Feature",
      "geometry": {
        "type": "Point",
        "coordinates": [
          -95.604104,
          29.689134
        ]
      },
      "properties": {
        "name": "Beechnut@Dairy Ashford",
        "roadway": "Beechnut",
        "location": "Dairy Ashford",
        "direction": "None",
        "image": "https://www.houstontranstar.org/snapshots/cctv/8011.jpg",
        "monitor": "0",
        "validimg": "False",
        "frameCount": "1",
        "framePauseMs": "0",
        "page": "https://traffic.houstontranstar.org/cctv/transtar/camera.aspx?cam=8011"
      }
    },
    {
      "type": "Feature",
      "geometry": {
        "type": "Point",
        "coordinates": [
          -95.535539,
          29.691222
        ]
      },
      "properties": {
        "name": "Beechnut@Gessner",
        "roadway": "Beechnut",
        "location": "Gessner",
        "direction": "None",
        "image": "https://www.houstontranstar.org/snapshots/cctv/8012.jpg",
        "monitor": "0",
        "validimg": "False",
        "frameCount": "1",
        "framePauseMs": "0",
        "page": "https://traffic.houstontranstar.org/cctv/transtar/camera.aspx?cam=8012"
      }
    },
    {
      "type": "Feature",
      "geometry": {
        "type": "Point",
        "coordinates": [
          -95.570162,
          29.688585
        ]
      },
      "properties": {
        "name": "Beechnut@Wilcrest",
        "roadway": "Beechnut",
        "location": "Wilcrest",
        "direction": "None",
        "image": "https://www.houstontranstar.org/snapshots/cctv/8013.jpg",
        "monitor": "0",
        "validimg": "False",
        "frameCount": "1",
        "framePauseMs": "0",
        "page": "https://traffic.houstontranstar.org/cctv/transtar/camera.aspx?cam=8013"
      }
    },
    {
      "type": "Feature",
      "geometry": {
        "type": "Point",
        "coordinates": [
          -95.604253,
          29.703333
        ]
      },
      "properties": {
        "name": "Bellaire@Dairy Ashford",
        "roadway": "Bellaire",
        "location": "Dairy Ashford",
        "direction": "None",
        "image": "https://www.houstontranstar.org/snapshots/cctv/8014.jpg",
        "monitor": "0",
        "validimg": "False",
        "frameCount": "1",
        "framePauseMs": "0",
        "page": "https://traffic.houstontranstar.org/cctv/transtar/camera.aspx?cam=8014"
      }
    },
    {
      "type": "Feature",
      "geometry": {
        "type": "Point",
        "coordinates": [
          -95.538212,
          29.70483
        ]
      },
      "properties": {
        "name": "Bellaire@Gessner",
        "roadway": "Bellaire",
        "location": "Gessner",
        "direction": "None",
        "image": "https://www.houstontranstar.org/snapshots/cctv/8015.jpg",
        "monitor": "0",
        "validimg": "False",
        "frameCount": "1",
        "framePauseMs": "0",
        "page": "https://traffic.houstontranstar.org/cctv/transtar/camera.aspx?cam=8015"
      }
    },
    {
      "type": "Feature",
      "geometry": {
        "type": "Point",
        "coordinates": [
          -95.57104,
          29.703725
        ]
      },
      "properties": {
        "name": "Bellaire@Wilcrest",
        "roadway": "Bellaire",
        "location": "Wilcrest",
        "direction": "None",
        "image": "https://www.houstontranstar.org/snapshots/cctv/8016.jpg",
        "monitor": "0",
        "validimg": "True",
        "frameCount": "1",
        "framePauseMs": "0",
        "page": "https://traffic.houstontranstar.org/cctv/transtar/camera.aspx?cam=8016"
      }
    },
    {
      "type": "Feature",
      "geometry": {
        "type": "Point",
        "coordinates": [
          -95.500742,
          29.803163
        ]
      },
      "properties": {
        "name": "Bingle@Long Point",
        "roadway": "Bingle",
        "location": "Long Point",
        "direction": "None",
        "image": "https://www.houstontranstar.org/snapshots/cctv/8017.jpg",
        "monitor": "0",
        "validimg": "False",
        "frameCount": "1",
        "framePauseMs": "0",
        "page": "https://traffic.houstontranstar.org/cctv/transtar/camera.aspx?cam=8017"
      }
    },
    {
      "type": "Feature",
      "geometry": {
        "type": "Point",
        "coordinates": [
          -95.570207,
          29.674183
        ]
      },
      "properties": {
        "name": "Bissonnet@Wilcrest",
        "roadway": "Bissonnet",
        "location": "Wilcrest",
        "direction": "None",
        "image": "https://www.houstontranstar.org/snapshots/cctv/8018.jpg",
        "monitor": "0",
        "validimg": "False",
        "frameCount": "1",
        "framePauseMs": "0",
        "page": "https://traffic.houstontranstar.org/cctv/transtar/camera.aspx?cam=8018"
      }
    },
    {
      "type": "Feature",
      "geometry": {
        "type": "Point",
        "coordinates": [
          -95.24871,
          29.627302
        ]
      },
      "properties": {
        "name": "Blackhawk@Almeda Genoa",
        "roadway": "Blackhawk",
        "location": "Almeda Genoa",
        "direction": "None",
        "image": "https://www.houstontranstar.org/snapshots/cctv/8019.jpg",
        "monitor": "0",
        "validimg": "True",
        "frameCount": "1",
        "framePauseMs": "0",
        "page": "https://traffic.houstontranstar.org/cctv/transtar/camera.aspx?cam=8019"
      }
    },
    {
      "type": "Feature",
      "geometry": {
        "type": "Point",
        "coordinates": [
          -95.606333,
          29.753779
        ]
      },
      "properties": {
        "name": "Briar Forest@Dairy Ashford",
        "roadway": "Briar Forest",
        "location": "Dairy Ashford",
        "direction": "None",
        "image": "https://www.houstontranstar.org/snapshots/cctv/8020.jpg",
        "monitor": "0",
        "validimg": "True",
        "frameCount": "1",
        "framePauseMs": "0",
        "page": "https://traffic.houstontranstar.org/cctv/transtar/camera.aspx?cam=8020"
      }
    },
    {
      "type": "Feature",
      "geometry": {
        "type": "Point",
        "coordinates": [
          -95.276931,
          29.672281
        ]
      },
      "properties": {
        "name": "Broadway@Bellfort",
        "roadway": "Broadway",
        "location": "Bellfort",
        "direction": "None",
        "image": "https://www.houstontranstar.org/snapshots/cctv/8021.jpg",
        "monitor": "0",
        "validimg": "True",
        "frameCount": "1",
        "framePauseMs": "0",
        "page": "https://traffic.houstontranstar.org/cctv/transtar/camera.aspx?cam=8021"
      }
    },
    {
      "type": "Feature",
      "geometry": {
        "type": "Point",
        "coordinates": [
          -95.278205,
          29.709705
        ]
      },
      "properties": {
        "name": "Broadway@Galveston/SH3",
        "roadway": "Broadway",
        "location": "Galveston/SH3",
        "direction": "None",
        "image": "https://www.houstontranstar.org/snapshots/cctv/8022.jpg",
        "monitor": "0",
        "validimg": "False",
        "frameCount": "1",
        "framePauseMs": "0",
        "page": "https://traffic.houstontranstar.org/cctv/transtar/camera.aspx?cam=8022"
      }
    },
    {
      "type": "Feature",
      "geometry": {
        "type": "Point",
        "coordinates": [
          -95.278284,
          29.715828
        ]
      },
      "properties": {
        "name": "Broadway@Lawndale",
        "roadway": "Broadway",
        "location": "Lawndale",
        "direction": "None",
        "image": "https://www.houstontranstar.org/snapshots/cctv/8023.jpg",
        "monitor": "0",
        "validimg": "True",
        "frameCount": "1",
        "framePauseMs": "0",
        "page": "https://traffic.houstontranstar.org/cctv/transtar/camera.aspx?cam=8023"
      }
    },
    {
      "type": "Feature",
      "geometry": {
        "type": "Point",
        "coordinates": [
          -95.427045,
          29.696427
        ]
      },
      "properties": {
        "name": "Buffalo Speedway@N Braeswood",
        "roadway": "Buffalo Speedway",
        "location": "N Braeswood",
        "direction": "None",
        "image": "https://www.houstontranstar.org/snapshots/cctv/8024.jpg",
        "monitor": "0",
        "validimg": "True",
        "frameCount": "1",
        "framePauseMs": "0",
        "page": "https://traffic.houstontranstar.org/cctv/transtar/camera.aspx?cam=8024"
      }
    },
    {
      "type": "Feature",
      "geometry": {
        "type": "Point",
        "coordinates": [
          -95.429217,
          29.734098
        ]
      },
      "properties": {
        "name": "Buffalo Speedway@Richmond",
        "roadway": "Buffalo Speedway",
        "location": "Richmond",
        "direction": "None",
        "image": "https://www.houstontranstar.org/snapshots/cctv/8025.jpg",
        "monitor": "0",
        "validimg": "True",
        "frameCount": "1",
        "framePauseMs": "0",
        "page": "https://traffic.houstontranstar.org/cctv/transtar/camera.aspx?cam=8025"
      }
    },
    {
      "type": "Feature",
      "geometry": {
        "type": "Point",
        "coordinates": [
          -95.430197,
          29.741962
        ]
      },
      "properties": {
        "name": "Buffalo Speedway@Westheimer",
        "roadway": "Buffalo Speedway",
        "location": "Westheimer",
        "direction": "None",
        "image": "https://www.houstontranstar.org/snapshots/cctv/8026.jpg",
        "monitor": "0",
        "validimg": "True",
        "frameCount": "1",
        "framePauseMs": "0",
        "page": "https://traffic.houstontranstar.org/cctv/transtar/camera.aspx?cam=8026"
      }
    },
    {
      "type": "Feature",
      "geometry": {
        "type": "Point",
        "coordinates": [
          -95.428167,
          29.728474
        ]
      },
      "properties": {
        "name": "Buffalo Speedway@Westpark",
        "roadway": "Buffalo Speedway",
        "location": "Westpark",
        "direction": "None",
        "image": "https://www.houstontranstar.org/snapshots/cctv/8027.jpg",
        "monitor": "0",
        "validimg": "False",
        "frameCount": "1",
        "framePauseMs": "0",
        "page": "https://traffic.houstontranstar.org/cctv/transtar/camera.aspx?cam=8027"
      }
    },
    {
      "type": "Feature",
      "geometry": {
        "type": "Point",
        "coordinates": [
          -95.33039091,
          29.53047789
        ]
      },
      "properties": {
        "name": "Bailey at FM-1128",
        "roadway": "Bailey",
        "location": "FM-1128",
        "direction": "None",
        "image": "https://www.houstontranstar.org/snapshots/cctv/9032.jpg",
        "monitor": "0",
        "validimg": "False",
        "frameCount": "1",
        "framePauseMs": "0",
        "page": "https://traffic.houstontranstar.org/cctv/transtar/camera.aspx?cam=9032"
      }
    },
    {
      "type": "Feature",
      "geometry": {
        "type": "Point",
        "coordinates": [
          -95.31424175,
          29.53074138
        ]
      },
      "properties": {
        "name": "Bailey at Harkey",
        "roadway": "Bailey",
        "location": "Harkey",
        "direction": "None",
        "image": "https://www.houstontranstar.org/snapshots/cctv/9033.jpg",
        "monitor": "0",
        "validimg": "False",
        "frameCount": "1",
        "framePauseMs": "0",
        "page": "https://traffic.houstontranstar.org/cctv/transtar/camera.aspx?cam=9033"
      }
    },
    {
      "type": "Feature",
      "geometry": {
        "type": "Point",
        "coordinates": [
          -95.29728826,
          29.53101161
        ]
      },
      "properties": {
        "name": "Bailey at McLean",
        "roadway": "Bailey",
        "location": "McLean",
        "direction": "None",
        "image": "https://www.houstontranstar.org/snapshots/cctv/9034.jpg",
        "monitor": "0",
        "validimg": "False",
        "frameCount": "1",
        "framePauseMs": "0",
        "page": "https://traffic.houstontranstar.org/cctv/transtar/camera.aspx?cam=9034"
      }
    },
    {
      "type": "Feature",
      "geometry": {
        "type": "Point",
        "coordinates": [
          -95.28890992,
          29.53115478
        ]
      },
      "properties": {
        "name": "Bailey at Veterans",
        "roadway": "Bailey",
        "location": "Veterans",
        "direction": "None",
        "image": "https://www.houstontranstar.org/snapshots/cctv/9035.jpg",
        "monitor": "0",
        "validimg": "False",
        "frameCount": "1",
        "framePauseMs": "0",
        "page": "https://traffic.houstontranstar.org/cctv/transtar/camera.aspx?cam=9035"
      }
    },
    {
      "type": "Feature",
      "geometry": {
        "type": "Point",
        "coordinates": [
          -95.476132,
          29.703583
        ]
      },
      "properties": {
        "name": "Chimney Rock@Bissonnet",
        "roadway": "Chimney Rock",
        "location": "Bissonnet",
        "direction": "None",
        "image": "https://www.houstontranstar.org/snapshots/cctv/8028.jpg",
        "monitor": "0",
        "validimg": "True",
        "frameCount": "1",
        "framePauseMs": "0",
        "page": "https://traffic.houstontranstar.org/cctv/transtar/camera.aspx?cam=8028"
      }
    },
    {
      "type": "Feature",
      "geometry": {
        "type": "Point",
        "coordinates": [
          -95.476728,
          29.677913
        ]
      },
      "properties": {
        "name": "Chimney Rock@N Braeswood",
        "roadway": "Chimney Rock",
        "location": "N Braeswood",
        "direction": "None",
        "image": "https://www.houstontranstar.org/snapshots/cctv/8029.jpg",
        "monitor": "0",
        "validimg": "False",
        "frameCount": "1",
        "framePauseMs": "0",
        "page": "https://traffic.houstontranstar.org/cctv/transtar/camera.aspx?cam=8029"
      }
    },
    {
      "type": "Feature",
      "geometry": {
        "type": "Point",
        "coordinates": [
          -95.356604,
          29.647552
        ]
      },
      "properties": {
        "name": "Cullen@Airport",
        "roadway": "Cullen",
        "location": "Airport",
        "direction": "None",
        "image": "https://www.houstontranstar.org/snapshots/cctv/8030.jpg",
        "monitor": "0",
        "validimg": "False",
        "frameCount": "1",
        "framePauseMs": "0",
        "page": "https://traffic.houstontranstar.org/cctv/transtar/camera.aspx?cam=8030"
      }
    },
    {
      "type": "Feature",
      "geometry": {
        "type": "Point",
        "coordinates": [
          -95.339896,
          29.737602
        ]
      },
      "properties": {
        "name": "Cullen@Leeland",
        "roadway": "Cullen",
        "location": "Leeland",
        "direction": "None",
        "image": "https://www.houstontranstar.org/snapshots/cctv/8031.jpg",
        "monitor": "0",
        "validimg": "False",
        "frameCount": "1",
        "framePauseMs": "0",
        "page": "https://traffic.houstontranstar.org/cctv/transtar/camera.aspx?cam=8031"
      }
    },
    {
      "type": "Feature",
      "geometry": {
        "type": "Point",
        "coordinates": [
          -95.355336,
          29.658527
        ]
      },
      "properties": {
        "name": "Cullen@Reed",
        "roadway": "Cullen",
        "location": "Reed",
        "direction": "None",
        "image": "https://www.houstontranstar.org/snapshots/cctv/8032.jpg",
        "monitor": "0",
        "validimg": "True",
        "frameCount": "1",
        "framePauseMs": "0",
        "page": "https://traffic.houstontranstar.org/cctv/transtar/camera.aspx?cam=8032"
      }
    },
    {
      "type": "Feature",
      "geometry": {
        "type": "Point",
        "coordinates": [
          -95.148197,
          29.584444
        ]
      },
      "properties": {
        "name": "El Camino Real@Clear Lake City",
        "roadway": "El Camino Real",
        "location": "Clear Lake City",
        "direction": "None",
        "image": "https://www.houstontranstar.org/snapshots/cctv/8034.jpg",
        "monitor": "0",
        "validimg": "True",
        "frameCount": "1",
        "framePauseMs": "0",
        "page": "https://traffic.houstontranstar.org/cctv/transtar/camera.aspx?cam=8034"
      }
    },
    {
      "type": "Feature",
      "geometry": {
        "type": "Point",
        "coordinates": [
          -95.132547,
          29.567719
        ]
      },
      "properties": {
        "name": "El Camino Real@El Dorado",
        "roadway": "El Camino Real",
        "location": "El Dorado",
        "direction": "None",
        "image": "https://www.houstontranstar.org/snapshots/cctv/8036.jpg",
        "monitor": "0",
        "validimg": "True",
        "frameCount": "1",
        "framePauseMs": "0",
        "page": "https://traffic.houstontranstar.org/cctv/transtar/camera.aspx?cam=8036"
      }
    },
    {
      "type": "Feature",
      "geometry": {
        "type": "Point",
        "coordinates": [
          -95.445818,
          30.070308
        ]
      },
      "properties": {
        "name": "FM 2920 @ Spring West Dr.",
        "roadway": "FM-2920",
        "location": "Spring West Dr.",
        "direction": "South",
        "image": "https://www.houstontranstar.org/snapshots/cctv/2201.jpg",
        "monitor": "0",
        "validimg": "True",
        "frameCount": "1",
        "framePauseMs": "0",
        "page": "https://traffic.houstontranstar.org/cctv/transtar/camera.aspx?cam=2201"
      }
    },
    {
      "type": "Feature",
      "geometry": {
        "type": "Point",
        "coordinates": [
          -95.469486,
          30.070444
        ]
      },
      "properties": {
        "name": "FM 2920 @ Meadow Hill",
        "roadway": "FM-2920",
        "location": "Meadow Hill",
        "direction": "North",
        "image": "https://www.houstontranstar.org/snapshots/cctv/2206.jpg",
        "monitor": "0",
        "validimg": "True",
        "frameCount": "1",
        "framePauseMs": "0",
        "page": "https://traffic.houstontranstar.org/cctv/transtar/camera.aspx?cam=2206"
      }
    },
    {
      "type": "Feature",
      "geometry": {
        "type": "Point",
        "coordinates": [
          -95.476395,
          30.070703
        ]
      },
      "properties": {
        "name": "FM 2920 @ Falvel Rd",
        "roadway": "FM-2920",
        "location": "Falvel Rd",
        "direction": "North",
        "image": "https://www.houstontranstar.org/snapshots/cctv/2209.jpg",
        "monitor": "0",
        "validimg": "False",
        "frameCount": "1",
        "framePauseMs": "0",
        "page": "https://traffic.houstontranstar.org/cctv/transtar/camera.aspx?cam=2209"
      }
    },
    {
      "type": "Feature",
      "geometry": {
        "type": "Point",
        "coordinates": [
          -95.485856,
          30.071337
        ]
      },
      "properties": {
        "name": "FM 2920 @ Bridgestone",
        "roadway": "FM-2920",
        "location": "Bridgestone",
        "direction": "North",
        "image": "https://www.houstontranstar.org/snapshots/cctv/2212.jpg",
        "monitor": "0",
        "validimg": "False",
        "frameCount": "1",
        "framePauseMs": "0",
        "page": "https://traffic.houstontranstar.org/cctv/transtar/camera.aspx?cam=2212"
      }
    },
    {
      "type": "Feature",
      "geometry": {
        "type": "Point",
        "coordinates": [
          -95.496988,
          30.074195
        ]
      },
      "properties": {
        "name": "FM 2920 @ Rhodes Rd.",
        "roadway": "FM-2920",
        "location": "Rhodes Rd.",
        "direction": "North",
        "image": "https://www.houstontranstar.org/snapshots/cctv/2217.jpg",
        "monitor": "0",
        "validimg": "True",
        "frameCount": "1",
        "framePauseMs": "0",
        "page": "https://traffic.houstontranstar.org/cctv/transtar/camera.aspx?cam=2217"
      }
    },
    {
      "type": "Feature",
      "geometry": {
        "type": "Point",
        "coordinates": [
          -95.513725,
          30.074231
        ]
      },
      "properties": {
        "name": "FM 2920 @ Kuykendahl",
        "roadway": "FM-2920",
        "location": "Kuykendahl",
        "direction": "South",
        "image": "https://www.houstontranstar.org/snapshots/cctv/2226.jpg",
        "monitor": "0",
        "validimg": "True",
        "frameCount": "1",
        "framePauseMs": "0",
        "page": "https://traffic.houstontranstar.org/cctv/transtar/camera.aspx?cam=2226"
      }
    },
    {
      "type": "Feature",
      "geometry": {
        "type": "Point",
        "coordinates": [
          -95.522573,
          30.074152
        ]
      },
      "properties": {
        "name": "FM 2920 @ T.C. Jester",
        "roadway": "FM-2920",
        "location": "T.C. Jester",
        "direction": "None",
        "image": "https://www.houstontranstar.org/snapshots/cctv/2229.jpg",
        "monitor": "0",
        "validimg": "False",
        "frameCount": "1",
        "framePauseMs": "0",
        "page": "https://traffic.houstontranstar.org/cctv/transtar/camera.aspx?cam=2229"
      }
    },
    {
      "type": "Feature",
      "geometry": {
        "type": "Point",
        "coordinates": [
          -95.528306,
          30.073621
        ]
      },
      "properties": {
        "name": "FM 2920 @ Krimmel IM School",
        "roadway": "FM-2920",
        "location": "Krimmel IM School",
        "direction": "South",
        "image": "https://www.houstontranstar.org/snapshots/cctv/2232.jpg",
        "monitor": "0",
        "validimg": "True",
        "frameCount": "1",
        "framePauseMs": "0",
        "page": "https://traffic.houstontranstar.org/cctv/transtar/camera.aspx?cam=2232"
      }
    },
    {
      "type": "Feature",
      "geometry": {
        "type": "Point",
        "coordinates": [
          -95.534407,
          30.073067
        ]
      },
      "properties": {
        "name": "FM 2920 @ Alvin Klein E.",
        "roadway": "FM-2920",
        "location": "Alvin Klein E.",
        "direction": "South",
        "image": "https://www.houstontranstar.org/snapshots/cctv/2236.jpg",
        "monitor": "0",
        "validimg": "False",
        "frameCount": "1",
        "framePauseMs": "0",
        "page": "https://traffic.houstontranstar.org/cctv/transtar/camera.aspx?cam=2236"
      }
    },
    {
      "type": "Feature",
      "geometry": {
        "type": "Point",
        "coordinates": [
          -95.550848,
          30.073002
        ]
      },
      "properties": {
        "name": "FM 2920 @ Stuebner Airline E.",
        "roadway": "FM-2920",
        "location": "Stuebner Airline E.",
        "direction": "South",
        "image": "https://www.houstontranstar.org/snapshots/cctv/2241.jpg",
        "monitor": "0",
        "validimg": "True",
        "frameCount": "1",
        "framePauseMs": "0",
        "page": "https://traffic.houstontranstar.org/cctv/transtar/camera.aspx?cam=2241"
      }
    },
    {
      "type": "Feature",
      "geometry": {
        "type": "Point",
        "coordinates": [
          -95.556021,
          30.075008
        ]
      },
      "properties": {
        "name": "FM 2920 @ Boudreaux",
        "roadway": "FM-2920",
        "location": "Boudreaux",
        "direction": "None",
        "image": "https://www.houstontranstar.org/snapshots/cctv/2245.jpg",
        "monitor": "0",
        "validimg": "False",
        "frameCount": "1",
        "framePauseMs": "0",
        "page": "https://traffic.houstontranstar.org/cctv/transtar/camera.aspx?cam=2245"
      }
    },
    {
      "type": "Feature",
      "geometry": {
        "type": "Point",
        "coordinates": [
          -95.564242,
          30.081521
        ]
      },
      "properties": {
        "name": "FM 2920 @ Dowdell Rd.",
        "roadway": "FM-2920",
        "location": "Dowdell Rd.",
        "direction": "North",
        "image": "https://www.houstontranstar.org/snapshots/cctv/2248.jpg",
        "monitor": "0",
        "validimg": "True",
        "frameCount": "1",
        "framePauseMs": "0",
        "page": "https://traffic.houstontranstar.org/cctv/transtar/camera.aspx?cam=2248"
      }
    },
    {
      "type": "Feature",
      "geometry": {
        "type": "Point",
        "coordinates": [
          -95.580545,
          30.096097
        ]
      },
      "properties": {
        "name": "FM 2920 @ Stuebner Airline W.",
        "roadway": "FM-2920",
        "location": "Stuebner Airline W.",
        "direction": "South",
        "image": "https://www.houstontranstar.org/snapshots/cctv/2251.jpg",
        "monitor": "0",
        "validimg": "False",
        "frameCount": "1",
        "framePauseMs": "0",
        "page": "https://traffic.houstontranstar.org/cctv/transtar/camera.aspx?cam=2251"
      }
    },
    {
      "type": "Feature",
      "geometry": {
        "type": "Point",
        "coordinates": [
          -95.593842,
          30.099931
        ]
      },
      "properties": {
        "name": "FM 2920 @ FM 2978",
        "roadway": "FM-2920",
        "location": "FM 2978",
        "direction": "North",
        "image": "https://www.houstontranstar.org/snapshots/cctv/2256.jpg",
        "monitor": "0",
        "validimg": "True",
        "frameCount": "1",
        "framePauseMs": "0",
        "page": "https://traffic.houstontranstar.org/cctv/transtar/camera.aspx?cam=2256"
      }
    },
    {
      "type": "Feature",
      "geometry": {
        "type": "Point",
        "coordinates": [
          -95.607214,
          30.100676
        ]
      },
      "properties": {
        "name": "FM 2920 @ N. Willow",
        "roadway": "FM-2920",
        "location": "N. Willow",
        "direction": "North",
        "image": "https://www.houstontranstar.org/snapshots/cctv/2261.jpg",
        "monitor": "0",
        "validimg": "True",
        "frameCount": "1",
        "framePauseMs": "0",
        "page": "https://traffic.houstontranstar.org/cctv/transtar/camera.aspx?cam=2261"
      }
    },
    {
      "type": "Feature",
      "geometry": {
        "type": "Point",
        "coordinates": [
          -95.400712,
          29.695918
        ]
      },
      "properties": {
        "name": "Fannin@Old Spanish Trail",
        "roadway": "Fannin",
        "location": "Old Spanish Trail",
        "direction": "None",
        "image": "https://www.houstontranstar.org/snapshots/cctv/8037.jpg",
        "monitor": "0",
        "validimg": "True",
        "frameCount": "1",
        "framePauseMs": "0",
        "page": "https://traffic.houstontranstar.org/cctv/transtar/camera.aspx?cam=8037"
      }
    },
    {
      "type": "Feature",
      "geometry": {
        "type": "Point",
        "coordinates": [
          -95.508579,
          29.687037
        ]
      },
      "properties": {
        "name": "Fondren@Bissonnet",
        "roadway": "Fondren",
        "location": "Bissonnet",
        "direction": "None",
        "image": "https://www.houstontranstar.org/snapshots/cctv/8038.jpg",
        "monitor": "0",
        "validimg": "True",
        "frameCount": "1",
        "framePauseMs": "0",
        "page": "https://traffic.houstontranstar.org/cctv/transtar/camera.aspx?cam=8038"
      }
    },
    {
      "type": "Feature",
      "geometry": {
        "type": "Point",
        "coordinates": [
          -95.519811,
          29.717847
        ]
      },
      "properties": {
        "name": "Fondren@Harwin",
        "roadway": "Fondren",
        "location": "Harwin",
        "direction": "None",
        "image": "https://www.houstontranstar.org/snapshots/cctv/8039.jpg",
        "monitor": "0",
        "validimg": "True",
        "frameCount": "1",
        "framePauseMs": "0",
        "page": "https://traffic.houstontranstar.org/cctv/transtar/camera.aspx?cam=8039"
      }
    },
    {
      "type": "Feature",
      "geometry": {
        "type": "Point",
        "coordinates": [
          -95.508257,
          29.655864
        ]
      },
      "properties": {
        "name": "Fondren@W Bellfort",
        "roadway": "Fondren",
        "location": "W Bellfort",
        "direction": "None",
        "image": "https://www.houstontranstar.org/snapshots/cctv/8040.jpg",
        "monitor": "0",
        "validimg": "True",
        "frameCount": "1",
        "framePauseMs": "0",
        "page": "https://traffic.houstontranstar.org/cctv/transtar/camera.aspx?cam=8040"
      }
    },
    {
      "type": "Feature",
      "geometry": {
        "type": "Point",
        "coordinates": [
          -95.368229,
          29.803414
        ]
      },
      "properties": {
        "name": "Fulton@Cavalcade",
        "roadway": "Fulton",
        "location": "Cavalcade",
        "direction": "None",
        "image": "https://www.houstontranstar.org/snapshots/cctv/8041.jpg",
        "monitor": "0",
        "validimg": "True",
        "frameCount": "1",
        "framePauseMs": "0",
        "page": "https://traffic.houstontranstar.org/cctv/transtar/camera.aspx?cam=8041"
      }
    },
    {
      "type": "Feature",
      "geometry": {
        "type": "Point",
        "coordinates": [
          -95.359949,
          29.782321
        ]
      },
      "properties": {
        "name": "Fulton@Quitman",
        "roadway": "Fulton",
        "location": "Quitman",
        "direction": "None",
        "image": "https://www.houstontranstar.org/snapshots/cctv/8042.jpg",
        "monitor": "0",
        "validimg": "True",
        "frameCount": "1",
        "framePauseMs": "0",
        "page": "https://traffic.houstontranstar.org/cctv/transtar/camera.aspx?cam=8042"
      }
    },
    {
      "type": "Feature",
      "geometry": {
        "type": "Point",
        "coordinates": [
          -95.40667644,
          29.57740456
        ]
      },
      "properties": {
        "name": "FM-2234 at Reflection Bay",
        "roadway": "FM-2234",
        "location": "Reflection",
        "direction": "None",
        "image": "https://www.houstontranstar.org/snapshots/cctv/9000.jpg",
        "monitor": "0",
        "validimg": "True",
        "frameCount": "1",
        "framePauseMs": "0",
        "page": "https://traffic.houstontranstar.org/cctv/transtar/camera.aspx?cam=9000"
      }
    },
    {
      "type": "Feature",
      "geometry": {
        "type": "Point",
        "coordinates": [
          -95.41774144,
          29.57734457
        ]
      },
      "properties": {
        "name": "FM-2234 at Kingsley",
        "roadway": "FM-2234",
        "location": "Kingsley",
        "direction": "None",
        "image": "https://www.houstontranstar.org/snapshots/cctv/9002.jpg",
        "monitor": "0",
        "validimg": "True",
        "frameCount": "1",
        "framePauseMs": "0",
        "page": "https://traffic.houstontranstar.org/cctv/transtar/camera.aspx?cam=9002"
      }
    },
    {
      "type": "Feature",
      "geometry": {
        "type": "Point",
        "coordinates": [
          -95.39983455,
          29.57935124
        ]
      },
      "properties": {
        "name": "FM-2234 at Kirby",
        "roadway": "FM-2234",
        "location": "Kirby",
        "direction": "None",
        "image": "https://www.houstontranstar.org/snapshots/cctv/9003.jpg",
        "monitor": "0",
        "validimg": "True",
        "frameCount": "1",
        "framePauseMs": "0",
        "page": "https://traffic.houstontranstar.org/cctv/transtar/camera.aspx?cam=9003"
      }
    },
    {
      "type": "Feature",
      "geometry": {
        "type": "Point",
        "coordinates": [
          -95.38977728,
          29.58035437
        ]
      },
      "properties": {
        "name": "FM-2234 at Market Place",
        "roadway": "FM-2234",
        "location": "Market Place",
        "direction": "None",
        "image": "https://www.houstontranstar.org/snapshots/cctv/9004.jpg",
        "monitor": "0",
        "validimg": "False",
        "frameCount": "1",
        "framePauseMs": "0",
        "page": "https://traffic.houstontranstar.org/cctv/transtar/camera.aspx?cam=9004"
      }
    },
    {
      "type": "Feature",
      "geometry": {
        "type": "Point",
        "coordinates": [
          -95.40666944,
          29.5773994
        ]
      },
      "properties": {
        "name": "FM-2234 at Reflection Bay",
        "roadway": "FM-2234",
        "location": "Reflection Bay",
        "direction": "None",
        "image": "https://www.houstontranstar.org/snapshots/cctv/9005.jpg",
        "monitor": "0",
        "validimg": "True",
        "frameCount": "1",
        "framePauseMs": "0",
        "page": "https://traffic.houstontranstar.org/cctv/transtar/camera.aspx?cam=9005"
      }
    },
    {
      "type": "Feature",
      "geometry": {
        "type": "Point",
        "coordinates": [
          -95.42421824,
          29.57940988
        ]
      },
      "properties": {
        "name": "FM-2234 at Trinity Bay",
        "roadway": "FM-2234",
        "location": "Trinity Bay",
        "direction": "None",
        "image": "https://www.houstontranstar.org/snapshots/cctv/9006.jpg",
        "monitor": "0",
        "validimg": "True",
        "frameCount": "1",
        "framePauseMs": "0",
        "page": "https://traffic.houstontranstar.org/cctv/transtar/camera.aspx?cam=9006"
      }
    },
    {
      "type": "Feature",
      "geometry": {
        "type": "Point",
        "coordinates": [
          -95.33125034,
          29.55948901
        ]
      },
      "properties": {
        "name": "FM-518 at FM-1128",
        "roadway": "FM-518",
        "location": "FM-1128",
        "direction": "None",
        "image": "https://www.houstontranstar.org/snapshots/cctv/9007.jpg",
        "monitor": "0",
        "validimg": "True",
        "frameCount": "1",
        "framePauseMs": "0",
        "page": "https://traffic.houstontranstar.org/cctv/transtar/camera.aspx?cam=9007"
      }
    },
    {
      "type": "Feature",
      "geometry": {
        "type": "Point",
        "coordinates": [
          -95.28589801,
          29.56387837
        ]
      },
      "properties": {
        "name": "FM-518 at SH-35",
        "roadway": "FM-518",
        "location": "SH-35",
        "direction": "None",
        "image": "https://www.houstontranstar.org/snapshots/cctv/9008.jpg",
        "monitor": "0",
        "validimg": "False",
        "frameCount": "1",
        "framePauseMs": "0",
        "page": "https://traffic.houstontranstar.org/cctv/transtar/camera.aspx?cam=9008"
      }
    },
    {
      "type": "Feature",
      "geometry": {
        "type": "Point",
        "coordinates": [
          -95.39149456,
          29.55604226
        ]
      },
      "properties": {
        "name": "FM-518 at Business Center",
        "roadway": "FM-518",
        "location": "Business Center",
        "direction": "None",
        "image": "https://www.houstontranstar.org/snapshots/cctv/9009.jpg",
        "monitor": "0",
        "validimg": "True",
        "frameCount": "1",
        "framePauseMs": "0",
        "page": "https://traffic.houstontranstar.org/cctv/transtar/camera.aspx?cam=9009"
      }
    },
    {
      "type": "Feature",
      "geometry": {
        "type": "Point",
        "coordinates": [
          -95.30103842,
          29.55981294
        ]
      },
      "properties": {
        "name": "FM-518 at Corrigan",
        "roadway": "FM-518",
        "location": "Corrigan",
        "direction": "None",
        "image": "https://www.houstontranstar.org/snapshots/cctv/9010.jpg",
        "monitor": "0",
        "validimg": "True",
        "frameCount": "1",
        "framePauseMs": "0",
        "page": "https://traffic.houstontranstar.org/cctv/transtar/camera.aspx?cam=9010"
      }
    },
    {
      "type": "Feature",
      "geometry": {
        "type": "Point",
        "coordinates": [
          -95.36795579,
          29.55681519
        ]
      },
      "properties": {
        "name": "FM-518 at CR90",
        "roadway": "FM-518",
        "location": "CR90",
        "direction": "None",
        "image": "https://www.houstontranstar.org/snapshots/cctv/9011.jpg",
        "monitor": "0",
        "validimg": "True",
        "frameCount": "1",
        "framePauseMs": "0",
        "page": "https://traffic.houstontranstar.org/cctv/transtar/camera.aspx?cam=9011"
      }
    },
    {
      "type": "Feature",
      "geometry": {
        "type": "Point",
        "coordinates": [
          -95.3779013,
          29.5562604
        ]
      },
      "properties": {
        "name": "FM-518 at CR94",
        "roadway": "FM-518",
        "location": "CR94",
        "direction": "None",
        "image": "https://www.houstontranstar.org/snapshots/cctv/9012.jpg",
        "monitor": "0",
        "validimg": "True",
        "frameCount": "1",
        "framePauseMs": "0",
        "page": "https://traffic.houstontranstar.org/cctv/transtar/camera.aspx?cam=9012"
      }
    },
    {
      "type": "Feature",
      "geometry": {
        "type": "Point",
        "coordinates": [
          -95.35065528,
          29.55927916
        ]
      },
      "properties": {
        "name": "FM-518 at Cullen",
        "roadway": "FM-518",
        "location": "Cullen",
        "direction": "None",
        "image": "https://www.houstontranstar.org/snapshots/cctv/9013.jpg",
        "monitor": "0",
        "validimg": "True",
        "frameCount": "1",
        "framePauseMs": "0",
        "page": "https://traffic.houstontranstar.org/cctv/transtar/camera.aspx?cam=9013"
      }
    },
    {
      "type": "Feature",
      "geometry": {
        "type": "Point",
        "coordinates": [
          -95.2818269,
          29.56385203
        ]
      },
      "properties": {
        "name": "FM-518 at Galveston",
        "roadway": "FM-518",
        "location": "Galveston",
        "direction": "None",
        "image": "https://www.houstontranstar.org/snapshots/cctv/9014.jpg",
        "monitor": "0",
        "validimg": "True",
        "frameCount": "1",
        "framePauseMs": "0",
        "page": "https://traffic.houstontranstar.org/cctv/transtar/camera.aspx?cam=9014"
      }
    },
    {
      "type": "Feature",
      "geometry": {
        "type": "Point",
        "coordinates": [
          -95.32074136,
          29.55955498
        ]
      },
      "properties": {
        "name": "FM-518 at Garden",
        "roadway": "FM-518",
        "location": "Garden",
        "direction": "None",
        "image": "https://www.houstontranstar.org/snapshots/cctv/9015.jpg",
        "monitor": "0",
        "validimg": "False",
        "frameCount": "1",
        "framePauseMs": "0",
        "page": "https://traffic.houstontranstar.org/cctv/transtar/camera.aspx?cam=9015"
      }
    },
    {
      "type": "Feature",
      "geometry": {
        "type": "Point",
        "coordinates": [
          -95.31444631,
          29.55935926
        ]
      },
      "properties": {
        "name": "FM-518 at Harkey",
        "roadway": "FM-518",
        "location": "Harkey",
        "direction": "None",
        "image": "https://www.houstontranstar.org/snapshots/cctv/9016.jpg",
        "monitor": "0",
        "validimg": "True",
        "frameCount": "1",
        "framePauseMs": "0",
        "page": "https://traffic.houstontranstar.org/cctv/transtar/camera.aspx?cam=9016"
      }
    },
    {
      "type": "Feature",
      "geometry": {
        "type": "Point",
        "coordinates": [
          -95.39820392,
          29.55584628
        ]
      },
      "properties": {
        "name": "FM-518 at Kirby",
        "roadway": "FM-518",
        "location": "Kirby",
        "direction": "None",
        "image": "https://www.houstontranstar.org/snapshots/cctv/9017.jpg",
        "monitor": "0",
        "validimg": "True",
        "frameCount": "1",
        "framePauseMs": "0",
        "page": "https://traffic.houstontranstar.org/cctv/transtar/camera.aspx?cam=9017"
      }
    },
    {
      "type": "Feature",
      "geometry": {
        "type": "Point",
        "coordinates": [
          -95.25518091,
          29.55267596
        ]
      },
      "properties": {
        "name": "FM-518 at Liberty",
        "roadway": "FM-518",
        "location": "Liberty",
        "direction": "None",
        "image": "https://www.houstontranstar.org/snapshots/cctv/9018.jpg",
        "monitor": "0",
        "validimg": "False",
        "frameCount": "1",
        "framePauseMs": "0",
        "page": "https://traffic.houstontranstar.org/cctv/transtar/camera.aspx?cam=9018"
      }
    },
    {
      "type": "Feature",
      "geometry": {
        "type": "Point",
        "coordinates": [
          -95.29807601,
          29.55991215
        ]
      },
      "properties": {
        "name": "FM-518 at McLean",
        "roadway": "FM-518",
        "location": "McLean",
        "direction": "None",
        "image": "https://www.houstontranstar.org/snapshots/cctv/9019.jpg",
        "monitor": "0",
        "validimg": "False",
        "frameCount": "1",
        "framePauseMs": "0",
        "page": "https://traffic.houstontranstar.org/cctv/transtar/camera.aspx?cam=9019"
      }
    },
    {
      "type": "Feature",
      "geometry": {
        "type": "Point",
        "coordinates": [
          -95.37332996,
          29.55630894
        ]
      },
      "properties": {
        "name": "FM-518 at Miller Ranch",
        "roadway": "FM-518",
        "location": "Miller Ranch",
        "direction": "None",
        "image": "https://www.houstontranstar.org/snapshots/cctv/9020.jpg",
        "monitor": "0",
        "validimg": "False",
        "frameCount": "1",
        "framePauseMs": "0",
        "page": "https://traffic.houstontranstar.org/cctv/transtar/camera.aspx?cam=9020"
      }
    },
    {
      "type": "Feature",
      "geometry": {
        "type": "Point",
        "coordinates": [
          -95.2948459,
          29.56215391
        ]
      },
      "properties": {
        "name": "FM-518 at Mykawa",
        "roadway": "FM-518",
        "location": "Mykawa",
        "direction": "None",
        "image": "https://www.houstontranstar.org/snapshots/cctv/9021.jpg",
        "monitor": "0",
        "validimg": "True",
        "frameCount": "1",
        "framePauseMs": "0",
        "page": "https://traffic.houstontranstar.org/cctv/transtar/camera.aspx?cam=9021"
      }
    },
    {
      "type": "Feature",
      "geometry": {
        "type": "Point",
        "coordinates": [
          -95.27752814,
          29.56225637
        ]
      },
      "properties": {
        "name": "FM-518 at Old Alvin",
        "roadway": "FM-518",
        "location": "Old Alvin",
        "direction": "None",
        "image": "https://www.houstontranstar.org/snapshots/cctv/9022.jpg",
        "monitor": "0",
        "validimg": "True",
        "frameCount": "1",
        "framePauseMs": "0",
        "page": "https://traffic.houstontranstar.org/cctv/transtar/camera.aspx?cam=9022"
      }
    },
    {
      "type": "Feature",
      "geometry": {
        "type": "Point",
        "coordinates": [
          -95.34794858,
          29.55895847
        ]
      },
      "properties": {
        "name": "FM-518 at Old Chocolate",
        "roadway": "FM-518",
        "location": "Old Chocolate",
        "direction": "None",
        "image": "https://www.houstontranstar.org/snapshots/cctv/9023.jpg",
        "monitor": "0",
        "validimg": "True",
        "frameCount": "1",
        "framePauseMs": "0",
        "page": "https://traffic.houstontranstar.org/cctv/transtar/camera.aspx?cam=9023"
      }
    },
    {
      "type": "Feature",
      "geometry": {
        "type": "Point",
        "coordinates": [
          -95.26300294,
          29.55587758
        ]
      },
      "properties": {
        "name": "FM-518 at Pearland Pkwy",
        "roadway": "FM-518",
        "location": "Pearland Pkwy",
        "direction": "None",
        "image": "https://www.houstontranstar.org/snapshots/cctv/9024.jpg",
        "monitor": "0",
        "validimg": "True",
        "frameCount": "1",
        "framePauseMs": "0",
        "page": "https://traffic.houstontranstar.org/cctv/transtar/camera.aspx?cam=9024"
      }
    },
    {
      "type": "Feature",
      "geometry": {
        "type": "Point",
        "coordinates": [
          -95.27119219,
          29.55920914
        ]
      },
      "properties": {
        "name": "FM-518 at Sherwood",
        "roadway": "FM-518",
        "location": "Sherwood",
        "direction": "None",
        "image": "https://www.houstontranstar.org/snapshots/cctv/9025.jpg",
        "monitor": "0",
        "validimg": "False",
        "frameCount": "1",
        "framePauseMs": "0",
        "page": "https://traffic.houstontranstar.org/cctv/transtar/camera.aspx?cam=9025"
      }
    },
    {
      "type": "Feature",
      "geometry": {
        "type": "Point",
        "coordinates": [
          -95.38449423,
          29.55617373
        ]
      },
      "properties": {
        "name": "FM-518 at Smith Ranch",
        "roadway": "FM-518",
        "location": "Smith Ranch",
        "direction": "None",
        "image": "https://www.houstontranstar.org/snapshots/cctv/9026.jpg",
        "monitor": "0",
        "validimg": "False",
        "frameCount": "1",
        "framePauseMs": "0",
        "page": "https://traffic.houstontranstar.org/cctv/transtar/camera.aspx?cam=9026"
      }
    },
    {
      "type": "Feature",
      "geometry": {
        "type": "Point",
        "coordinates": [
          -95.36436439,
          29.55868895
        ]
      },
      "properties": {
        "name": "FM-518 at Sunrise",
        "roadway": "FM-518",
        "location": "Sunrise",
        "direction": "None",
        "image": "https://www.houstontranstar.org/snapshots/cctv/9027.jpg",
        "monitor": "0",
        "validimg": "False",
        "frameCount": "1",
        "framePauseMs": "0",
        "page": "https://traffic.houstontranstar.org/cctv/transtar/camera.aspx?cam=9027"
      }
    },
    {
      "type": "Feature",
      "geometry": {
        "type": "Point",
        "coordinates": [
          -95.39410247,
          29.55593231
        ]
      },
      "properties": {
        "name": "FM-518 at Town Center",
        "roadway": "FM-518",
        "location": "Town Center",
        "direction": "None",
        "image": "https://www.houstontranstar.org/snapshots/cctv/9028.jpg",
        "monitor": "0",
        "validimg": "False",
        "frameCount": "1",
        "framePauseMs": "0",
        "page": "https://traffic.houstontranstar.org/cctv/transtar/camera.aspx?cam=9028"
      }
    },
    {
      "type": "Feature",
      "geometry": {
        "type": "Point",
        "coordinates": [
          -95.38210861,
          29.55611387
        ]
      },
      "properties": {
        "name": "FM-518 at Walmart West",
        "roadway": "FM-518",
        "location": "Walmart West",
        "direction": "None",
        "image": "https://www.houstontranstar.org/snapshots/cctv/9029.jpg",
        "monitor": "0",
        "validimg": "False",
        "frameCount": "1",
        "framePauseMs": "0",
        "page": "https://traffic.houstontranstar.org/cctv/transtar/camera.aspx?cam=9029"
      }
    },
    {
      "type": "Feature",
      "geometry": {
        "type": "Point",
        "coordinates": [
          -95.27354489,
          29.56020271
        ]
      },
      "properties": {
        "name": "FM-518 at Walnut",
        "roadway": "FM-518",
        "location": "Walnut",
        "direction": "None",
        "image": "https://www.houstontranstar.org/snapshots/cctv/9030.jpg",
        "monitor": "0",
        "validimg": "False",
        "frameCount": "1",
        "framePauseMs": "0",
        "page": "https://traffic.houstontranstar.org/cctv/transtar/camera.aspx?cam=9030"
      }
    },
    {
      "type": "Feature",
      "geometry": {
        "type": "Point",
        "coordinates": [
          -95.26830155,
          29.55806786
        ]
      },
      "properties": {
        "name": "FM-518 at Westminister",
        "roadway": "FM-518",
        "location": "Westminister",
        "direction": "None",
        "image": "https://www.houstontranstar.org/snapshots/cctv/9031.jpg",
        "monitor": "0",
        "validimg": "False",
        "frameCount": "1",
        "framePauseMs": "0",
        "page": "https://traffic.houstontranstar.org/cctv/transtar/camera.aspx?cam=9031"
      }
    },
    {
      "type": "Feature",
      "geometry": {
        "type": "Point",
        "coordinates": [
          -94.77071,
          29.3143
        ]
      },
      "properties": {
        "name": "Galveston Ferry @ HarborSide (N)",
        "roadway": "Galveston Ferry",
        "location": "HarborSide (N)",
        "direction": "None",
        "image": "https://www.houstontranstar.org/snapshots/cctv/177.jpg",
        "monitor": "0",
        "validimg": "True",
        "frameCount": "1",
        "framePauseMs": "0",
        "page": "https://traffic.houstontranstar.org/cctv/transtar/camera.aspx?cam=177"
      }
    },
    {
      "type": "Feature",
      "geometry": {
        "type": "Point",
        "coordinates": [
          -94.76951,
          29.3178
        ]
      },
      "properties": {
        "name": "Galveston Ferry @ Dolphin Ave.",
        "roadway": "Galveston Ferry",
        "location": "Dolphin Ave.",
        "direction": "None",
        "image": "https://www.houstontranstar.org/snapshots/cctv/178.jpg",
        "monitor": "0",
        "validimg": "True",
        "frameCount": "1",
        "framePauseMs": "0",
        "page": "https://traffic.houstontranstar.org/cctv/transtar/camera.aspx?cam=178"
      }
    },
    {
      "type": "Feature",
      "geometry": {
        "type": "Point",
        "coordinates": [
          -94.77058,
          29.3212
        ]
      },
      "properties": {
        "name": "Galveston Ferry @ Tarpon Ave.",
        "roadway": "Galveston Ferry",
        "location": "Tarpon Ave.",
        "direction": "None",
        "image": "https://www.houstontranstar.org/snapshots/cctv/179.jpg",
        "monitor": "0",
        "validimg": "True",
        "frameCount": "1",
        "framePauseMs": "0",
        "page": "https://traffic.houstontranstar.org/cctv/transtar/camera.aspx?cam=179"
      }
    },
    {
      "type": "Feature",
      "geometry": {
        "type": "Point",
        "coordinates": [
          -94.772842,
          29.326965
        ]
      },
      "properties": {
        "name": "Galveston Ferry @ Galveston Ferry Landing",
        "roadway": "Galveston Ferry",
        "location": "Galveston Ferry Landing",
        "direction": "East",
        "image": "https://www.houstontranstar.org/snapshots/cctv/180.jpg",
        "monitor": "0",
        "validimg": "True",
        "frameCount": "1",
        "framePauseMs": "0",
        "page": "https://traffic.houstontranstar.org/cctv/transtar/camera.aspx?cam=180"
      }
    },
    {
      "type": "Feature",
      "geometry": {
        "type": "Point",
        "coordinates": [
          -95.545155,
          29.832377
        ]
      },
      "properties": {
        "name": "Gessner@Clay",
        "roadway": "Gessner",
        "location": "Clay",
        "direction": "None",
        "image": "https://www.houstontranstar.org/snapshots/cctv/8044.jpg",
        "monitor": "0",
        "validimg": "False",
        "frameCount": "1",
        "framePauseMs": "0",
        "page": "https://traffic.houstontranstar.org/cctv/transtar/camera.aspx?cam=8044"
      }
    },
    {
      "type": "Feature",
      "geometry": {
        "type": "Point",
        "coordinates": [
          -95.545051,
          29.812784
        ]
      },
      "properties": {
        "name": "Gessner@Hammerly",
        "roadway": "Gessner",
        "location": "Hammerly",
        "direction": "None",
        "image": "https://www.houstontranstar.org/snapshots/cctv/8045.jpg",
        "monitor": "0",
        "validimg": "False",
        "frameCount": "1",
        "framePauseMs": "0",
        "page": "https://traffic.houstontranstar.org/cctv/transtar/camera.aspx?cam=8045"
      }
    },
    {
      "type": "Feature",
      "geometry": {
        "type": "Point",
        "coordinates": [
          -95.544917,
          29.794183
        ]
      },
      "properties": {
        "name": "Gessner@Long Point",
        "roadway": "Gessner",
        "location": "Long Point",
        "direction": "None",
        "image": "https://www.houstontranstar.org/snapshots/cctv/8046.jpg",
        "monitor": "0",
        "validimg": "False",
        "frameCount": "1",
        "framePauseMs": "0",
        "page": "https://traffic.houstontranstar.org/cctv/transtar/camera.aspx?cam=8046"
      }
    },
    {
      "type": "Feature",
      "geometry": {
        "type": "Point",
        "coordinates": [
          -95.411263,
          29.950019
        ]
      },
      "properties": {
        "name": "Greenspoint@Greens",
        "roadway": "Greenspoint",
        "location": "Greens",
        "direction": "None",
        "image": "https://www.houstontranstar.org/snapshots/cctv/8047.jpg",
        "monitor": "0",
        "validimg": "False",
        "frameCount": "1",
        "framePauseMs": "0",
        "page": "https://traffic.houstontranstar.org/cctv/transtar/camera.aspx?cam=8047"
      }
    },
    {
      "type": "Feature",
      "geometry": {
        "type": "Point",
        "coordinates": [
          -95.43965,
          29.78324
        ]
      },
      "properties": {
        "name": "Tower Camera 2",
        "roadway": "Houston TranStar Tower",
        "location": "Camera 2",
        "direction": "None",
        "image": "https://www.houstontranstar.org/snapshots/cctv/11001.jpg",
        "monitor": "0",
        "validimg": "True",
        "frameCount": "1",
        "framePauseMs": "0",
        "page": "https://traffic.houstontranstar.org/cctv/transtar/camera.aspx?cam=11001"
      }
    },
    {
      "type": "Feature",
      "geometry": {
        "type": "Point",
        "coordinates": [
          -95.474505,
          29.812076
        ]
      },
      "properties": {
        "name": "Hempstead@Antoine",
        "roadway": "Hempstead",
        "location": "Antoine",
        "direction": "None",
        "image": "https://www.houstontranstar.org/snapshots/cctv/8048.jpg",
        "monitor": "0",
        "validimg": "False",
        "frameCount": "1",
        "framePauseMs": "0",
        "page": "https://traffic.houstontranstar.org/cctv/transtar/camera.aspx?cam=8048"
      }
    },
    {
      "type": "Feature",
      "geometry": {
        "type": "Point",
        "coordinates": [
          -95.524037,
          29.847286
        ]
      },
      "properties": {
        "name": "Hempstead@Blalock",
        "roadway": "Hempstead",
        "location": "Blalock",
        "direction": "None",
        "image": "https://www.houstontranstar.org/snapshots/cctv/8049.jpg",
        "monitor": "0",
        "validimg": "True",
        "frameCount": "1",
        "framePauseMs": "0",
        "page": "https://traffic.houstontranstar.org/cctv/transtar/camera.aspx?cam=8049"
      }
    },
    {
      "type": "Feature",
      "geometry": {
        "type": "Point",
        "coordinates": [
          -95.50497,
          29.833407
        ]
      },
      "properties": {
        "name": "Hempstead@Clay/43rd",
        "roadway": "Hempstead",
        "location": "Clay/43rd",
        "direction": "None",
        "image": "https://www.houstontranstar.org/snapshots/cctv/8050.jpg",
        "monitor": "0",
        "validimg": "False",
        "frameCount": "1",
        "framePauseMs": "0",
        "page": "https://traffic.houstontranstar.org/cctv/transtar/camera.aspx?cam=8050"
      }
    },
    {
      "type": "Feature",
      "geometry": {
        "type": "Point",
        "coordinates": [
          -95.544395,
          29.861746
        ]
      },
      "properties": {
        "name": "Hempstead@Gessner",
        "roadway": "Hempstead",
        "location": "Gessner",
        "direction": "None",
        "image": "https://www.houstontranstar.org/snapshots/cctv/8051.jpg",
        "monitor": "0",
        "validimg": "False",
        "frameCount": "1",
        "framePauseMs": "0",
        "page": "https://traffic.houstontranstar.org/cctv/transtar/camera.aspx?cam=8051"
      }
    },
    {
      "type": "Feature",
      "geometry": {
        "type": "Point",
        "coordinates": [
          -95.552464,
          29.867421
        ]
      },
      "properties": {
        "name": "Hempstead@W Little York",
        "roadway": "Hempstead",
        "location": "W Little York",
        "direction": "None",
        "image": "https://www.houstontranstar.org/snapshots/cctv/8052.jpg",
        "monitor": "0",
        "validimg": "True",
        "frameCount": "1",
        "framePauseMs": "0",
        "page": "https://traffic.houstontranstar.org/cctv/transtar/camera.aspx?cam=8052"
      }
    },
    {
      "type": "Feature",
      "geometry": {
        "type": "Point",
        "coordinates": [
          -95.49285,
          29.705276
        ]
      },
      "properties": {
        "name": "Hillcroft@Bellaire",
        "roadway": "Hillcroft",
        "location": "Bellaire",
        "direction": "None",
        "image": "https://www.houstontranstar.org/snapshots/cctv/8055.jpg",
        "monitor": "0",
        "validimg": "True",
        "frameCount": "1",
        "framePauseMs": "0",
        "page": "https://traffic.houstontranstar.org/cctv/transtar/camera.aspx?cam=8055"
      }
    },
    {
      "type": "Feature",
      "geometry": {
        "type": "Point",
        "coordinates": [
          -95.492906,
          29.636491
        ]
      },
      "properties": {
        "name": "Hillcroft@S Main",
        "roadway": "Hillcroft",
        "location": "S Main",
        "direction": "None",
        "image": "https://www.houstontranstar.org/snapshots/cctv/8056.jpg",
        "monitor": "0",
        "validimg": "False",
        "frameCount": "1",
        "framePauseMs": "0",
        "page": "https://traffic.houstontranstar.org/cctv/transtar/camera.aspx?cam=8056"
      }
    },
    {
      "type": "Feature",
      "geometry": {
        "type": "Point",
        "coordinates": [
          -95.446722,
          29.654198
        ]
      },
      "properties": {
        "name": "Hiram Clarke@S Main",
        "roadway": "Hiram Clarke",
        "location": "S Main",
        "direction": "None",
        "image": "https://www.houstontranstar.org/snapshots/cctv/8057.jpg",
        "monitor": "0",
        "validimg": "True",
        "frameCount": "1",
        "framePauseMs": "0",
        "page": "https://traffic.houstontranstar.org/cctv/transtar/camera.aspx?cam=8057"
      }
    },
    {
      "type": "Feature",
      "geometry": {
        "type": "Point",
        "coordinates": [
          -95.44601,
          29.627616
        ]
      },
      "properties": {
        "name": "Hiram Clarke@W Orem",
        "roadway": "Hiram Clarke",
        "location": "W Orem",
        "direction": "None",
        "image": "https://www.houstontranstar.org/snapshots/cctv/8058.jpg",
        "monitor": "0",
        "validimg": "True",
        "frameCount": "1",
        "framePauseMs": "0",
        "page": "https://traffic.houstontranstar.org/cctv/transtar/camera.aspx?cam=8058"
      }
    },
    {
      "type": "Feature",
      "geometry": {
        "type": "Point",
        "coordinates": [
          -95.373452,
          29.701312
        ]
      },
      "properties": {
        "name": "Holcombe@Old Spanish Trail",
        "roadway": "Holcombe",
        "location": "Old Spanish Trail",
        "direction": "None",
        "image": "https://www.houstontranstar.org/snapshots/cctv/8059.jpg",
        "monitor": "0",
        "validimg": "True",
        "frameCount": "1",
        "framePauseMs": "0",
        "page": "https://traffic.houstontranstar.org/cctv/transtar/camera.aspx?cam=8059"
      }
    },
    {
      "type": "Feature",
      "geometry": {
        "type": "Point",
        "coordinates": [
          -95.397363,
          29.670137
        ]
      },
      "properties": {
        "name": "Holmes@Almeda",
        "roadway": "Holmes",
        "location": "Almeda",
        "direction": "None",
        "image": "https://www.houstontranstar.org/snapshots/cctv/8060.jpg",
        "monitor": "0",
        "validimg": "True",
        "frameCount": "1",
        "framePauseMs": "0",
        "page": "https://traffic.houstontranstar.org/cctv/transtar/camera.aspx?cam=8060"
      }
    },
    {
      "type": "Feature",
      "geometry": {
        "type": "Point",
        "coordinates": [
          -95.301122,
          29.891209
        ]
      },
      "properties": {
        "name": "Homestead@Mount Houston",
        "roadway": "Homestead",
        "location": "Mount Houston",
        "direction": "None",
        "image": "https://www.houstontranstar.org/snapshots/cctv/8061.jpg",
        "monitor": "0",
        "validimg": "True",
        "frameCount": "1",
        "framePauseMs": "0",
        "page": "https://traffic.houstontranstar.org/cctv/transtar/camera.aspx?cam=8061"
      }
    },
    {
      "type": "Feature",
      "geometry": {
        "type": "Point",
        "coordinates": [
          -95.361303,
          29.829086
        ]
      },
      "properties": {
        "name": "Irvington@Crosstimbers",
        "roadway": "Irvington",
        "location": "Crosstimbers",
        "direction": "None",
        "image": "https://www.houstontranstar.org/snapshots/cctv/8062.jpg",
        "monitor": "0",
        "validimg": "False",
        "frameCount": "1",
        "framePauseMs": "0",
        "page": "https://traffic.houstontranstar.org/cctv/transtar/camera.aspx?cam=8062"
      }
    },
    {
      "type": "Feature",
      "geometry": {
        "type": "Point",
        "coordinates": [
          -95.342392,
          29.802262
        ]
      },
      "properties": {
        "name": "Jensen@Cavalcade",
        "roadway": "Jensen",
        "location": "Cavalcade",
        "direction": "None",
        "image": "https://www.houstontranstar.org/snapshots/cctv/8063.jpg",
        "monitor": "0",
        "validimg": "True",
        "frameCount": "1",
        "framePauseMs": "0",
        "page": "https://traffic.houstontranstar.org/cctv/transtar/camera.aspx?cam=8063"
      }
    },
    {
      "type": "Feature",
      "geometry": {
        "type": "Point",
        "coordinates": [
          -95.342502,
          29.828857
        ]
      },
      "properties": {
        "name": "Jensen@Crosstimbers",
        "roadway": "Jensen",
        "location": "Crosstimbers",
        "direction": "None",
        "image": "https://www.houstontranstar.org/snapshots/cctv/8064.jpg",
        "monitor": "0",
        "validimg": "False",
        "frameCount": "1",
        "framePauseMs": "0",
        "page": "https://traffic.houstontranstar.org/cctv/transtar/camera.aspx?cam=8064"
      }
    },
    {
      "type": "Feature",
      "geometry": {
        "type": "Point",
        "coordinates": [
          -95.342582,
          29.813439
        ]
      },
      "properties": {
        "name": "Jensen@Kelley",
        "roadway": "Jensen",
        "location": "Kelley",
        "direction": "None",
        "image": "https://www.houstontranstar.org/snapshots/cctv/8065.jpg",
        "monitor": "0",
        "validimg": "True",
        "frameCount": "1",
        "framePauseMs": "0",
        "page": "https://traffic.houstontranstar.org/cctv/transtar/camera.aspx?cam=8065"
      }
    },
    {
      "type": "Feature",
      "geometry": {
        "type": "Point",
        "coordinates": [
          -95.343101,
          29.848022
        ]
      },
      "properties": {
        "name": "Jensen@Tidwell",
        "roadway": "Jensen",
        "location": "Tidwell",
        "direction": "None",
        "image": "https://www.houstontranstar.org/snapshots/cctv/8066.jpg",
        "monitor": "0",
        "validimg": "True",
        "frameCount": "1",
        "framePauseMs": "0",
        "page": "https://traffic.houstontranstar.org/cctv/transtar/camera.aspx?cam=8066"
      }
    },
    {
      "type": "Feature",
      "geometry": {
        "type": "Point",
        "coordinates": [
          -95.418576,
          29.72549
        ]
      },
      "properties": {
        "name": "Kirby@Bissonnet",
        "roadway": "Kirby",
        "location": "Bissonnet",
        "direction": "None",
        "image": "https://www.houstontranstar.org/snapshots/cctv/8067.jpg",
        "monitor": "0",
        "validimg": "False",
        "frameCount": "1",
        "framePauseMs": "0",
        "page": "https://traffic.houstontranstar.org/cctv/transtar/camera.aspx?cam=8067"
      }
    },
    {
      "type": "Feature",
      "geometry": {
        "type": "Point",
        "coordinates": [
          -95.418621,
          29.74247
        ]
      },
      "properties": {
        "name": "Kirby@Westheimer",
        "roadway": "Kirby",
        "location": "Westheimer",
        "direction": "None",
        "image": "https://www.houstontranstar.org/snapshots/cctv/8068.jpg",
        "monitor": "0",
        "validimg": "True",
        "frameCount": "1",
        "framePauseMs": "0",
        "page": "https://traffic.houstontranstar.org/cctv/transtar/camera.aspx?cam=8068"
      }
    },
    {
      "type": "Feature",
      "geometry": {
        "type": "Point",
        "coordinates": [
          -95.184769,
          30.050078
        ]
      },
      "properties": {
        "name": "Lake Houston@Kingwood",
        "roadway": "Lake Houston",
        "location": "Kingwood",
        "direction": "None",
        "image": "https://www.houstontranstar.org/snapshots/cctv/8069.jpg",
        "monitor": "0",
        "validimg": "True",
        "frameCount": "1",
        "framePauseMs": "0",
        "page": "https://traffic.houstontranstar.org/cctv/transtar/camera.aspx?cam=8069"
      }
    },
    {
      "type": "Feature",
      "geometry": {
        "type": "Point",
        "coordinates": [
          -95.486639,
          29.865622
        ]
      },
      "properties": {
        "name": "Little York@Bingle",
        "roadway": "Little York",
        "location": "Bingle",
        "direction": "None",
        "image": "https://www.houstontranstar.org/snapshots/cctv/8070.jpg",
        "monitor": "0",
        "validimg": "False",
        "frameCount": "1",
        "framePauseMs": "0",
        "page": "https://traffic.houstontranstar.org/cctv/transtar/camera.aspx?cam=8070"
      }
    },
    {
      "type": "Feature",
      "geometry": {
        "type": "Point",
        "coordinates": [
          -95.317017,
          29.800266
        ]
      },
      "properties": {
        "name": "Lockwood@Calvalcade",
        "roadway": "Lockwood",
        "location": "Calvalcade",
        "direction": "None",
        "image": "https://www.houstontranstar.org/snapshots/cctv/8071.jpg",
        "monitor": "0",
        "validimg": "True",
        "frameCount": "1",
        "framePauseMs": "0",
        "page": "https://traffic.houstontranstar.org/cctv/transtar/camera.aspx?cam=8071"
      }
    },
    {
      "type": "Feature",
      "geometry": {
        "type": "Point",
        "coordinates": [
          -95.315773,
          29.763553
        ]
      },
      "properties": {
        "name": "Lockwood@Clinton",
        "roadway": "Lockwood",
        "location": "Clinton",
        "direction": "None",
        "image": "https://www.houstontranstar.org/snapshots/cctv/8072.jpg",
        "monitor": "0",
        "validimg": "True",
        "frameCount": "1",
        "framePauseMs": "0",
        "page": "https://traffic.houstontranstar.org/cctv/transtar/camera.aspx?cam=8072"
      }
    },
    {
      "type": "Feature",
      "geometry": {
        "type": "Point",
        "coordinates": [
          -95.318706,
          29.830886
        ]
      },
      "properties": {
        "name": "Lockwood@Crosstimber",
        "roadway": "Lockwood",
        "location": "Crosstimber",
        "direction": "None",
        "image": "https://www.houstontranstar.org/snapshots/cctv/8073.jpg",
        "monitor": "0",
        "validimg": "True",
        "frameCount": "1",
        "framePauseMs": "0",
        "page": "https://traffic.houstontranstar.org/cctv/transtar/camera.aspx?cam=8073"
      }
    },
    {
      "type": "Feature",
      "geometry": {
        "type": "Point",
        "coordinates": [
          -95.323909,
          29.750918
        ]
      },
      "properties": {
        "name": "Lockwood@Navigation",
        "roadway": "Lockwood",
        "location": "Navigation",
        "direction": "None",
        "image": "https://www.houstontranstar.org/snapshots/cctv/8074.jpg",
        "monitor": "0",
        "validimg": "True",
        "frameCount": "1",
        "framePauseMs": "0",
        "page": "https://traffic.houstontranstar.org/cctv/transtar/camera.aspx?cam=8074"
      }
    },
    {
      "type": "Feature",
      "geometry": {
        "type": "Point",
        "coordinates": [
          -95.247368,
          30.052005
        ]
      },
      "properties": {
        "name": "Loop 494@Kingwood",
        "roadway": "Loop 494",
        "location": "Kingwood",
        "direction": "None",
        "image": "https://www.houstontranstar.org/snapshots/cctv/8075.jpg",
        "monitor": "0",
        "validimg": "False",
        "frameCount": "1",
        "framePauseMs": "0",
        "page": "https://traffic.houstontranstar.org/cctv/transtar/camera.aspx?cam=8075"
      }
    },
    {
      "type": "Feature",
      "geometry": {
        "type": "Point",
        "coordinates": [
          -95.389403,
          29.725798
        ]
      },
      "properties": {
        "name": "Main@Binz",
        "roadway": "Main",
        "location": "Binz",
        "direction": "None",
        "image": "https://www.houstontranstar.org/snapshots/cctv/8076.jpg",
        "monitor": "0",
        "validimg": "False",
        "frameCount": "1",
        "framePauseMs": "0",
        "page": "https://traffic.houstontranstar.org/cctv/transtar/camera.aspx?cam=8076"
      }
    },
    {
      "type": "Feature",
      "geometry": {
        "type": "Point",
        "coordinates": [
          -95.405162,
          29.706113
        ]
      },
      "properties": {
        "name": "Main@Holcombe",
        "roadway": "Main",
        "location": "Holcombe",
        "direction": "None",
        "image": "https://www.houstontranstar.org/snapshots/cctv/8077.jpg",
        "monitor": "0",
        "validimg": "False",
        "frameCount": "1",
        "framePauseMs": "0",
        "page": "https://traffic.houstontranstar.org/cctv/transtar/camera.aspx?cam=8077"
      }
    },
    {
      "type": "Feature",
      "geometry": {
        "type": "Point",
        "coordinates": [
          -95.416465,
          29.691465
        ]
      },
      "properties": {
        "name": "Main@Old Spanish Trail",
        "roadway": "Main",
        "location": "Old Spanish Trail",
        "direction": "None",
        "image": "https://www.houstontranstar.org/snapshots/cctv/8078.jpg",
        "monitor": "0",
        "validimg": "True",
        "frameCount": "1",
        "framePauseMs": "0",
        "page": "https://traffic.houstontranstar.org/cctv/transtar/camera.aspx?cam=8078"
      }
    },
    {
      "type": "Feature",
      "geometry": {
        "type": "Point",
        "coordinates": [
          -95.363733,
          29.78097
        ]
      },
      "properties": {
        "name": "Main@Quitman",
        "roadway": "Main",
        "location": "Quitman",
        "direction": "None",
        "image": "https://www.houstontranstar.org/snapshots/cctv/8079.jpg",
        "monitor": "0",
        "validimg": "False",
        "frameCount": "1",
        "framePauseMs": "0",
        "page": "https://traffic.houstontranstar.org/cctv/transtar/camera.aspx?cam=8079"
      }
    },
    {
      "type": "Feature",
      "geometry": {
        "type": "Point",
        "coordinates": [
          -95.388222,
          29.804237
        ]
      },
      "properties": {
        "name": "Main@E 20th/Studwd",
        "roadway": "Main",
        "location": "E 20th/Studwd",
        "direction": "None",
        "image": "https://www.houstontranstar.org/snapshots/cctv/8080.jpg",
        "monitor": "0",
        "validimg": "True",
        "frameCount": "1",
        "framePauseMs": "0",
        "page": "https://traffic.houstontranstar.org/cctv/transtar/camera.aspx?cam=8080"
      }
    },
    {
      "type": "Feature",
      "geometry": {
        "type": "Point",
        "coordinates": [
          -95.277348,
          29.790095
        ]
      },
      "properties": {
        "name": "McCarty@Wallisville",
        "roadway": "McCarty",
        "location": "Wallisville",
        "direction": "None",
        "image": "https://www.houstontranstar.org/snapshots/cctv/8081.jpg",
        "monitor": "0",
        "validimg": "True",
        "frameCount": "1",
        "framePauseMs": "0",
        "page": "https://traffic.houstontranstar.org/cctv/transtar/camera.aspx?cam=8081"
      }
    },
    {
      "type": "Feature",
      "geometry": {
        "type": "Point",
        "coordinates": [
          -95.336523,
          29.697984
        ]
      },
      "properties": {
        "name": "MLK@Griggs",
        "roadway": "MLK",
        "location": "Griggs",
        "direction": "None",
        "image": "https://www.houstontranstar.org/snapshots/cctv/8082.jpg",
        "monitor": "0",
        "validimg": "False",
        "frameCount": "1",
        "framePauseMs": "0",
        "page": "https://traffic.houstontranstar.org/cctv/transtar/camera.aspx?cam=8082"
      }
    },
    {
      "type": "Feature",
      "geometry": {
        "type": "Point",
        "coordinates": [
          -95.318308,
          29.666384
        ]
      },
      "properties": {
        "name": "Mykawa@Bellfort",
        "roadway": "Mykawa",
        "location": "Bellfort",
        "direction": "None",
        "image": "https://www.houstontranstar.org/snapshots/cctv/8083.jpg",
        "monitor": "0",
        "validimg": "True",
        "frameCount": "1",
        "framePauseMs": "0",
        "page": "https://traffic.houstontranstar.org/cctv/transtar/camera.aspx?cam=8083"
      }
    },
    {
      "type": "Feature",
      "geometry": {
        "type": "Point",
        "coordinates": [
          -95.120615,
          29.523812
        ]
      },
      "properties": {
        "name": "NASA 1 @ Kobayashi",
        "roadway": "NASA Road 1",
        "location": "Kobayashi",
        "direction": "South",
        "image": "https://www.houstontranstar.org/snapshots/cctv/1801.jpg",
        "monitor": "0",
        "validimg": "True",
        "frameCount": "6",
        "framePauseMs": "1000",
        "page": "https://traffic.houstontranstar.org/cctv/transtar/camera.aspx?cam=1801"
      }
    },
    {
      "type": "Feature",
      "geometry": {
        "type": "Point",
        "coordinates": [
          -95.11072,
          29.529703
        ]
      },
      "properties": {
        "name": "NASA 1 @ SH 3",
        "roadway": "NASA Road 1",
        "location": "SH 3",
        "direction": "South",
        "image": "https://www.houstontranstar.org/snapshots/cctv/1802.jpg",
        "monitor": "0",
        "validimg": "True",
        "frameCount": "1",
        "framePauseMs": "0",
        "page": "https://traffic.houstontranstar.org/cctv/transtar/camera.aspx?cam=1802"
      }
    },
    {
      "type": "Feature",
      "geometry": {
        "type": "Point",
        "coordinates": [
          -95.112311,
          29.540755
        ]
      },
      "properties": {
        "name": "NASA 1 @ Nasa Pkwy",
        "roadway": "NASA Road 1",
        "location": "Nasa Pkwy",
        "direction": "North",
        "image": "https://www.houstontranstar.org/snapshots/cctv/1803.jpg",
        "monitor": "0",
        "validimg": "True",
        "frameCount": "1",
        "framePauseMs": "0",
        "page": "https://traffic.houstontranstar.org/cctv/transtar/camera.aspx?cam=1803"
      }
    },
    {
      "type": "Feature",
      "geometry": {
        "type": "Point",
        "coordinates": [
          -95.106389,
          29.545795
        ]
      },
      "properties": {
        "name": "NASA 1 @ FM270",
        "roadway": "NASA Road 1",
        "location": "FM270",
        "direction": "South",
        "image": "https://www.houstontranstar.org/snapshots/cctv/1804.jpg",
        "monitor": "0",
        "validimg": "True",
        "frameCount": "6",
        "framePauseMs": "1000",
        "page": "https://traffic.houstontranstar.org/cctv/transtar/camera.aspx?cam=1804"
      }
    },
    {
      "type": "Feature",
      "geometry": {
        "type": "Point",
        "coordinates": [
          -95.101304,
          29.547569
        ]
      },
      "properties": {
        "name": "NASA 1 @ Nassau Bay Rd",
        "roadway": "NASA Road 1",
        "location": "Nassau Bay Rd",
        "direction": "South",
        "image": "https://www.houstontranstar.org/snapshots/cctv/1805.jpg",
        "monitor": "0",
        "validimg": "True",
        "frameCount": "1",
        "framePauseMs": "0",
        "page": "https://traffic.houstontranstar.org/cctv/transtar/camera.aspx?cam=1805"
      }
    },
    {
      "type": "Feature",
      "geometry": {
        "type": "Point",
        "coordinates": [
          -95.090124,
          29.551209
        ]
      },
      "properties": {
        "name": "NASA 1 @ Upper Bay Dr.",
        "roadway": "NASA Road 1",
        "location": "Upper Bay Dr.",
        "direction": "South",
        "image": "https://www.houstontranstar.org/snapshots/cctv/1806.jpg",
        "monitor": "0",
        "validimg": "True",
        "frameCount": "1",
        "framePauseMs": "0",
        "page": "https://traffic.houstontranstar.org/cctv/transtar/camera.aspx?cam=1806"
      }
    },
    {
      "type": "Feature",
      "geometry": {
        "type": "Point",
        "coordinates": [
          -95.082796,
          29.55357
        ]
      },
      "properties": {
        "name": "NASA 1 @ Lagoon Dr.",
        "roadway": "NASA Road 1",
        "location": "Lagoon Dr.",
        "direction": "South",
        "image": "https://www.houstontranstar.org/snapshots/cctv/1807.jpg",
        "monitor": "0",
        "validimg": "True",
        "frameCount": "1",
        "framePauseMs": "0",
        "page": "https://traffic.houstontranstar.org/cctv/transtar/camera.aspx?cam=1807"
      }
    },
    {
      "type": "Feature",
      "geometry": {
        "type": "Point",
        "coordinates": [
          -95.075072,
          29.55825
        ]
      },
      "properties": {
        "name": "NASA 1 @ Space Center Blvd.",
        "roadway": "NASA Road 1",
        "location": "Space Center Blvd.",
        "direction": "South",
        "image": "https://www.houstontranstar.org/snapshots/cctv/1808.jpg",
        "monitor": "0",
        "validimg": "True",
        "frameCount": "6",
        "framePauseMs": "1000",
        "page": "https://traffic.houstontranstar.org/cctv/transtar/camera.aspx?cam=1808"
      }
    },
    {
      "type": "Feature",
      "geometry": {
        "type": "Point",
        "coordinates": [
          -95.066392,
          29.565786
        ]
      },
      "properties": {
        "name": "NASA 1 @ Clear Lake Park",
        "roadway": "NASA Road 1",
        "location": "Clear Lake Park",
        "direction": "South",
        "image": "https://www.houstontranstar.org/snapshots/cctv/1809.jpg",
        "monitor": "0",
        "validimg": "True",
        "frameCount": "1",
        "framePauseMs": "0",
        "page": "https://traffic.houstontranstar.org/cctv/transtar/camera.aspx?cam=1809"
      }
    },
    {
      "type": "Feature",
      "geometry": {
        "type": "Point",
        "coordinates": [
          -95.0586,
          29.566626
        ]
      },
      "properties": {
        "name": "NASA 1 @ Kirby Rd.",
        "roadway": "NASA Road 1",
        "location": "Kirby Rd.",
        "direction": "South",
        "image": "https://www.houstontranstar.org/snapshots/cctv/1810.jpg",
        "monitor": "0",
        "validimg": "True",
        "frameCount": "1",
        "framePauseMs": "0",
        "page": "https://traffic.houstontranstar.org/cctv/transtar/camera.aspx?cam=1810"
      }
    },
    {
      "type": "Feature",
      "geometry": {
        "type": "Point",
        "coordinates": [
          -95.052841,
          29.564582
        ]
      },
      "properties": {
        "name": "NASA 1 @ Lake Shore Dr.",
        "roadway": "NASA Road 1",
        "location": "Lake Shore Dr.",
        "direction": "South",
        "image": "https://www.houstontranstar.org/snapshots/cctv/1811.jpg",
        "monitor": "0",
        "validimg": "True",
        "frameCount": "1",
        "framePauseMs": "0",
        "page": "https://traffic.houstontranstar.org/cctv/transtar/camera.aspx?cam=1811"
      }
    },
    {
      "type": "Feature",
      "geometry": {
        "type": "Point",
        "coordinates": [
          -95.05002,
          29.564106
        ]
      },
      "properties": {
        "name": "NASA 1 @ Bayou View Dr.",
        "roadway": "NASA Road 1",
        "location": "Bayou View Dr.",
        "direction": "South",
        "image": "https://www.houstontranstar.org/snapshots/cctv/1812.jpg",
        "monitor": "0",
        "validimg": "True",
        "frameCount": "1",
        "framePauseMs": "0",
        "page": "https://traffic.houstontranstar.org/cctv/transtar/camera.aspx?cam=1812"
      }
    },
    {
      "type": "Feature",
      "geometry": {
        "type": "Point",
        "coordinates": [
          -95.042367,
          29.562954
        ]
      },
      "properties": {
        "name": "NASA 1 @ Repsdorph",
        "roadway": "NASA Road 1",
        "location": "Repsdorph",
        "direction": "North",
        "image": "https://www.houstontranstar.org/snapshots/cctv/1813.jpg",
        "monitor": "0",
        "validimg": "True",
        "frameCount": "6",
        "framePauseMs": "1000",
        "page": "https://traffic.houstontranstar.org/cctv/transtar/camera.aspx?cam=1813"
      }
    },
    {
      "type": "Feature",
      "geometry": {
        "type": "Point",
        "coordinates": [
          -95.034162,
          29.56039
        ]
      },
      "properties": {
        "name": "NASA 1 @ Lakeside Dr.",
        "roadway": "NASA Road 1",
        "location": "Lakeside Dr.",
        "direction": "South",
        "image": "https://www.houstontranstar.org/snapshots/cctv/1814.jpg",
        "monitor": "0",
        "validimg": "True",
        "frameCount": "1",
        "framePauseMs": "0",
        "page": "https://traffic.houstontranstar.org/cctv/transtar/camera.aspx?cam=1814"
      }
    },
    {
      "type": "Feature",
      "geometry": {
        "type": "Point",
        "coordinates": [
          -95.031545,
          29.560821
        ]
      },
      "properties": {
        "name": "NASA 1 @ Oceanview",
        "roadway": "NASA Road 1",
        "location": "Oceanview",
        "direction": "North",
        "image": "https://www.houstontranstar.org/snapshots/cctv/1815.jpg",
        "monitor": "0",
        "validimg": "True",
        "frameCount": "1",
        "framePauseMs": "0",
        "page": "https://traffic.houstontranstar.org/cctv/transtar/camera.aspx?cam=1815"
      }
    },
    {
      "type": "Feature",
      "geometry": {
        "type": "Point",
        "coordinates": [
          -95.025773,
          29.563873
        ]
      },
      "properties": {
        "name": "NASA 1 @ SH-146",
        "roadway": "NASA Road 1",
        "location": "SH-146",
        "direction": "South",
        "image": "https://www.houstontranstar.org/snapshots/cctv/1816.jpg",
        "monitor": "0",
        "validimg": "True",
        "frameCount": "6",
        "framePauseMs": "1000",
        "page": "https://traffic.houstontranstar.org/cctv/transtar/camera.aspx?cam=1816"
      }
    },
    {
      "type": "Feature",
      "geometry": {
        "type": "Point",
        "coordinates": [
          -95.140428,
          29.561831
        ]
      },
      "properties": {
        "name": "Old Galveston Road@El Dorado",
        "roadway": "Old Galveston Road",
        "location": "El Dorado",
        "direction": "None",
        "image": "https://www.houstontranstar.org/snapshots/cctv/8043.jpg",
        "monitor": "0",
        "validimg": "True",
        "frameCount": "1",
        "framePauseMs": "0",
        "page": "https://traffic.houstontranstar.org/cctv/transtar/camera.aspx?cam=8043"
      }
    },
    {
      "type": "Feature",
      "geometry": {
        "type": "Point",
        "coordinates": [
          -95.26390368,
          29.53885914
        ]
      },
      "properties": {
        "name": "Pearland Pkwy at Oiler",
        "roadway": "Pearland Pkwy",
        "location": "Oiler",
        "direction": "None",
        "image": "https://www.houstontranstar.org/snapshots/cctv/9036.jpg",
        "monitor": "0",
        "validimg": "False",
        "frameCount": "1",
        "framePauseMs": "0",
        "page": "https://traffic.houstontranstar.org/cctv/transtar/camera.aspx?cam=9036"
      }
    },
    {
      "type": "Feature",
      "geometry": {
        "type": "Point",
        "coordinates": [
          -95.476342,
          29.731484
        ]
      },
      "properties": {
        "name": "Richmond@Chimney Rock",
        "roadway": "Richmond",
        "location": "Chimney Rock",
        "direction": "None",
        "image": "https://www.houstontranstar.org/snapshots/cctv/8085.jpg",
        "monitor": "0",
        "validimg": "False",
        "frameCount": "1",
        "framePauseMs": "0",
        "page": "https://traffic.houstontranstar.org/cctv/transtar/camera.aspx?cam=8085"
      }
    },
    {
      "type": "Feature",
      "geometry": {
        "type": "Point",
        "coordinates": [
          -95.605947,
          29.729659
        ]
      },
      "properties": {
        "name": "Richmond@Dairy Ashford",
        "roadway": "Richmond",
        "location": "Dairy Ashford",
        "direction": "None",
        "image": "https://www.houstontranstar.org/snapshots/cctv/8086.jpg",
        "monitor": "0",
        "validimg": "True",
        "frameCount": "1",
        "framePauseMs": "0",
        "page": "https://traffic.houstontranstar.org/cctv/transtar/camera.aspx?cam=8086"
      }
    },
    {
      "type": "Feature",
      "geometry": {
        "type": "Point",
        "coordinates": [
          -95.464001,
          29.647084
        ]
      },
      "properties": {
        "name": "S Post Oak@S Main",
        "roadway": "S Post Oak",
        "location": "S Main",
        "direction": "None",
        "image": "https://www.houstontranstar.org/snapshots/cctv/8084.jpg",
        "monitor": "0",
        "validimg": "False",
        "frameCount": "1",
        "framePauseMs": "0",
        "page": "https://traffic.houstontranstar.org/cctv/transtar/camera.aspx?cam=8084"
      }
    },
    {
      "type": "Feature",
      "geometry": {
        "type": "Point",
        "coordinates": [
          -95.465014,
          29.627111
        ]
      },
      "properties": {
        "name": "S Post Oak@W Orem",
        "roadway": "S Post Oak",
        "location": "W Orem",
        "direction": "None",
        "image": "https://www.houstontranstar.org/snapshots/cctv/8087.jpg",
        "monitor": "0",
        "validimg": "True",
        "frameCount": "1",
        "framePauseMs": "0",
        "page": "https://traffic.houstontranstar.org/cctv/transtar/camera.aspx?cam=8087"
      }
    },
    {
      "type": "Feature",
      "geometry": {
        "type": "Point",
        "coordinates": [
          -95.367922,
          29.669585
        ]
      },
      "properties": {
        "name": "Scott@Bellfort",
        "roadway": "Scott",
        "location": "Bellfort",
        "direction": "None",
        "image": "https://www.houstontranstar.org/snapshots/cctv/8088.jpg",
        "monitor": "0",
        "validimg": "True",
        "frameCount": "1",
        "framePauseMs": "0",
        "page": "https://traffic.houstontranstar.org/cctv/transtar/camera.aspx?cam=8088"
      }
    },
    {
      "type": "Feature",
      "geometry": {
        "type": "Point",
        "coordinates": [
          -95.346699,
          29.736811
        ]
      },
      "properties": {
        "name": "Scott@I-45",
        "roadway": "Scott",
        "location": "I-45",
        "direction": "None",
        "image": "https://www.houstontranstar.org/snapshots/cctv/8089.jpg",
        "monitor": "0",
        "validimg": "False",
        "frameCount": "1",
        "framePauseMs": "0",
        "page": "https://traffic.houstontranstar.org/cctv/transtar/camera.aspx?cam=8089"
      }
    },
    {
      "type": "Feature",
      "geometry": {
        "type": "Point",
        "coordinates": [
          -95.356346,
          29.710228
        ]
      },
      "properties": {
        "name": "Scott@N MacGregor Way",
        "roadway": "Scott",
        "location": "N MacGregor Way",
        "direction": "None",
        "image": "https://www.houstontranstar.org/snapshots/cctv/8090.jpg",
        "monitor": "0",
        "validimg": "True",
        "frameCount": "1",
        "framePauseMs": "0",
        "page": "https://traffic.houstontranstar.org/cctv/transtar/camera.aspx?cam=8090"
      }
    },
    {
      "type": "Feature",
      "geometry": {
        "type": "Point",
        "coordinates": [
          -95.359363,
          29.702168
        ]
      },
      "properties": {
        "name": "Scott@Old Spanish Trail",
        "roadway": "Scott",
        "location": "Old Spanish Trail",
        "direction": "None",
        "image": "https://www.houstontranstar.org/snapshots/cctv/8091.jpg",
        "monitor": "0",
        "validimg": "True",
        "frameCount": "1",
        "framePauseMs": "0",
        "page": "https://traffic.houstontranstar.org/cctv/transtar/camera.aspx?cam=8091"
      }
    },
    {
      "type": "Feature",
      "geometry": {
        "type": "Point",
        "coordinates": [
          -95.352505,
          29.71954
        ]
      },
      "properties": {
        "name": "Scott@Wheeler",
        "roadway": "Scott",
        "location": "Wheeler",
        "direction": "None",
        "image": "https://www.houstontranstar.org/snapshots/cctv/8092.jpg",
        "monitor": "0",
        "validimg": "True",
        "frameCount": "1",
        "framePauseMs": "0",
        "page": "https://traffic.houstontranstar.org/cctv/transtar/camera.aspx?cam=8092"
      }
    },
    {
      "type": "Feature",
      "geometry": {
        "type": "Point",
        "coordinates": [
          -95.356911,
          29.708441
        ]
      },
      "properties": {
        "name": "Scott@S Mac Greggor Way",
        "roadway": "Scott",
        "location": "S Mac Greggor Way",
        "direction": "None",
        "image": "https://www.houstontranstar.org/snapshots/cctv/8093.jpg",
        "monitor": "0",
        "validimg": "True",
        "frameCount": "1",
        "framePauseMs": "0",
        "page": "https://traffic.houstontranstar.org/cctv/transtar/camera.aspx?cam=8093"
      }
    },
    {
      "type": "Feature",
      "geometry": {
        "type": "Point",
        "coordinates": [
          -95.412362,
          29.869503
        ]
      },
      "properties": {
        "name": "Shepherd@W Little York",
        "roadway": "Shepherd",
        "location": "W Little York",
        "direction": "None",
        "image": "https://www.houstontranstar.org/snapshots/cctv/8094.jpg",
        "monitor": "0",
        "validimg": "True",
        "frameCount": "1",
        "framePauseMs": "0",
        "page": "https://traffic.houstontranstar.org/cctv/transtar/camera.aspx?cam=8094"
      }
    },
    {
      "type": "Feature",
      "geometry": {
        "type": "Point",
        "coordinates": [
          -95.410531,
          29.73415
        ]
      },
      "properties": {
        "name": "Shepherd@Richmond",
        "roadway": "Shepherd",
        "location": "Richmond",
        "direction": "None",
        "image": "https://www.houstontranstar.org/snapshots/cctv/8095.jpg",
        "monitor": "0",
        "validimg": "True",
        "frameCount": "1",
        "framePauseMs": "0",
        "page": "https://traffic.houstontranstar.org/cctv/transtar/camera.aspx?cam=8095"
      }
    },
    {
      "type": "Feature",
      "geometry": {
        "type": "Point",
        "coordinates": [
          -95.410919,
          29.847286
        ]
      },
      "properties": {
        "name": "Shepherd@Tidwell",
        "roadway": "Shepherd",
        "location": "Tidwell",
        "direction": "None",
        "image": "https://www.houstontranstar.org/snapshots/cctv/8096.jpg",
        "monitor": "0",
        "validimg": "False",
        "frameCount": "1",
        "framePauseMs": "0",
        "page": "https://traffic.houstontranstar.org/cctv/transtar/camera.aspx?cam=8096"
      }
    },
    {
      "type": "Feature",
      "geometry": {
        "type": "Point",
        "coordinates": [
          -95.410299,
          29.803927
        ]
      },
      "properties": {
        "name": "Shepherd@W 20th",
        "roadway": "Shepherd",
        "location": "W 20th",
        "direction": "None",
        "image": "https://www.houstontranstar.org/snapshots/cctv/8097.jpg",
        "monitor": "0",
        "validimg": "False",
        "frameCount": "1",
        "framePauseMs": "0",
        "page": "https://traffic.houstontranstar.org/cctv/transtar/camera.aspx?cam=8097"
      }
    },
    {
      "type": "Feature",
      "geometry": {
        "type": "Point",
        "coordinates": [
          -95.410844,
          29.742555
        ]
      },
      "properties": {
        "name": "Shepherd@Westheimer",
        "roadway": "Shepherd",
        "location": "Westheimer",
        "direction": "None",
        "image": "https://www.houstontranstar.org/snapshots/cctv/8098.jpg",
        "monitor": "0",
        "validimg": "True",
        "frameCount": "1",
        "framePauseMs": "0",
        "page": "https://traffic.houstontranstar.org/cctv/transtar/camera.aspx?cam=8098"
      }
    },
    {
      "type": "Feature",
      "geometry": {
        "type": "Point",
        "coordinates": [
          -95.288674,
          29.656087
        ]
      },
      "properties": {
        "name": "Telephone@Airport",
        "roadway": "Telephone",
        "location": "Airport",
        "direction": "None",
        "image": "https://www.houstontranstar.org/snapshots/cctv/8101.jpg",
        "monitor": "0",
        "validimg": "False",
        "frameCount": "1",
        "framePauseMs": "0",
        "page": "https://traffic.houstontranstar.org/cctv/transtar/camera.aspx?cam=8101"
      }
    },
    {
      "type": "Feature",
      "geometry": {
        "type": "Point",
        "coordinates": [
          -95.28547,
          29.611651
        ]
      },
      "properties": {
        "name": "Telephone@Fuqua",
        "roadway": "Telephone",
        "location": "Fuqua",
        "direction": "None",
        "image": "https://www.houstontranstar.org/snapshots/cctv/8102.jpg",
        "monitor": "0",
        "validimg": "False",
        "frameCount": "1",
        "framePauseMs": "0",
        "page": "https://traffic.houstontranstar.org/cctv/transtar/camera.aspx?cam=8102"
      }
    },
    {
      "type": "Feature",
      "geometry": {
        "type": "Point",
        "coordinates": [
          -95.429052,
          29.804172
        ]
      },
      "properties": {
        "name": "W TC Jester@Ella",
        "roadway": "W TC Jester",
        "location": "Ella",
        "direction": "None",
        "image": "https://www.houstontranstar.org/snapshots/cctv/8099.jpg",
        "monitor": "0",
        "validimg": "False",
        "frameCount": "1",
        "framePauseMs": "0",
        "page": "https://traffic.houstontranstar.org/cctv/transtar/camera.aspx?cam=8099"
      }
    },
    {
      "type": "Feature",
      "geometry": {
        "type": "Point",
        "coordinates": [
          -95.445905,
          29.817377
        ]
      },
      "properties": {
        "name": "W TC Jester@34th",
        "roadway": "W TC Jester",
        "location": "34th",
        "direction": "None",
        "image": "https://www.houstontranstar.org/snapshots/cctv/8100.jpg",
        "monitor": "0",
        "validimg": "False",
        "frameCount": "1",
        "framePauseMs": "0",
        "page": "https://traffic.houstontranstar.org/cctv/transtar/camera.aspx?cam=8100"
      }
    },
    {
      "type": "Feature",
      "geometry": {
        "type": "Point",
        "coordinates": [
          -95.311362,
          29.7247
        ]
      },
      "properties": {
        "name": "Wayside@Lawndale",
        "roadway": "Wayside",
        "location": "Lawndale",
        "direction": "None",
        "image": "https://www.houstontranstar.org/snapshots/cctv/8103.jpg",
        "monitor": "0",
        "validimg": "True",
        "frameCount": "1",
        "framePauseMs": "0",
        "page": "https://traffic.houstontranstar.org/cctv/transtar/camera.aspx?cam=8103"
      }
    },
    {
      "type": "Feature",
      "geometry": {
        "type": "Point",
        "coordinates": [
          -95.316447,
          29.712867
        ]
      },
      "properties": {
        "name": "Wayside@Telephone",
        "roadway": "Wayside",
        "location": "Telephone",
        "direction": "None",
        "image": "https://www.houstontranstar.org/snapshots/cctv/8104.jpg",
        "monitor": "0",
        "validimg": "True",
        "frameCount": "1",
        "framePauseMs": "0",
        "page": "https://traffic.houstontranstar.org/cctv/transtar/camera.aspx?cam=8104"
      }
    },
    {
      "type": "Feature",
      "geometry": {
        "type": "Point",
        "coordinates": [
          -95.285104,
          29.848653
        ]
      },
      "properties": {
        "name": "Wayside@Tidwell",
        "roadway": "Wayside",
        "location": "Tidwell",
        "direction": "None",
        "image": "https://www.houstontranstar.org/snapshots/cctv/8105.jpg",
        "monitor": "0",
        "validimg": "True",
        "frameCount": "1",
        "framePauseMs": "0",
        "page": "https://traffic.houstontranstar.org/cctv/transtar/camera.aspx?cam=8105"
      }
    },
    {
      "type": "Feature",
      "geometry": {
        "type": "Point",
        "coordinates": [
          -95.291938,
          29.787758
        ]
      },
      "properties": {
        "name": "Wayside@Wallisville",
        "roadway": "Wayside",
        "location": "Wallisville",
        "direction": "None",
        "image": "https://www.houstontranstar.org/snapshots/cctv/8106.jpg",
        "monitor": "0",
        "validimg": "True",
        "frameCount": "1",
        "framePauseMs": "0",
        "page": "https://traffic.houstontranstar.org/cctv/transtar/camera.aspx?cam=8106"
      }
    },
    {
      "type": "Feature",
      "geometry": {
        "type": "Point",
        "coordinates": [
          -95.421749,
          29.761228
        ]
      },
      "properties": {
        "name": "Westcott@Memorial",
        "roadway": "Westcott",
        "location": "Memorial",
        "direction": "None",
        "image": "https://www.houstontranstar.org/snapshots/cctv/8107.jpg",
        "monitor": "0",
        "validimg": "True",
        "frameCount": "1",
        "framePauseMs": "0",
        "page": "https://traffic.houstontranstar.org/cctv/transtar/camera.aspx?cam=8107"
      }
    },
    {
      "type": "Feature",
      "geometry": {
        "type": "Point",
        "coordinates": [
          -95.500785,
          29.737801
        ]
      },
      "properties": {
        "name": "Westheimer@Hillcroft",
        "roadway": "Westheimer",
        "location": "Hillcroft",
        "direction": "None",
        "image": "https://www.houstontranstar.org/snapshots/cctv/8108.jpg",
        "monitor": "0",
        "validimg": "True",
        "frameCount": "1",
        "framePauseMs": "0",
        "page": "https://traffic.houstontranstar.org/cctv/transtar/camera.aspx?cam=8108"
      }
    },
    {
      "type": "Feature",
      "geometry": {
        "type": "Point",
        "coordinates": [
          -95.57196,
          29.736544
        ]
      },
      "properties": {
        "name": "Westheimer@Wilcrest",
        "roadway": "Westheimer",
        "location": "Wilcrest",
        "direction": "None",
        "image": "https://www.houstontranstar.org/snapshots/cctv/8109.jpg",
        "monitor": "0",
        "validimg": "True",
        "frameCount": "1",
        "framePauseMs": "0",
        "page": "https://traffic.houstontranstar.org/cctv/transtar/camera.aspx?cam=8109"
      }
    },
    {
      "type": "Feature",
      "geometry": {
        "type": "Point",
        "coordinates": [
          -95.571264,
          29.715686
        ]
      },
      "properties": {
        "name": "Wilcrest@Harwin",
        "roadway": "Wilcrest",
        "location": "Harwin",
        "direction": "None",
        "image": "https://www.houstontranstar.org/snapshots/cctv/8110.jpg",
        "monitor": "0",
        "validimg": "False",
        "frameCount": "1",
        "framePauseMs": "0",
        "page": "https://traffic.houstontranstar.org/cctv/transtar/camera.aspx?cam=8110"
      }
    },
    {
      "type": "Feature",
      "geometry": {
        "type": "Point",
        "coordinates": [
          -95.216164,
          30.048842
        ]
      },
      "properties": {
        "name": "Woodland Hills@Kingwood",
        "roadway": "Woodland Hills",
        "location": "Kingwood",
        "direction": "None",
        "image": "https://www.houstontranstar.org/snapshots/cctv/8111.jpg",
        "monitor": "0",
        "validimg": "True",
        "frameCount": "1",
        "framePauseMs": "0",
        "page": "https://traffic.houstontranstar.org/cctv/transtar/camera.aspx?cam=8111"
      }
    },
    {
      "type": "Feature",
      "geometry": {
        "type": "Point",
        "coordinates": [
          -95.399161,
          29.804046
        ]
      },
      "properties": {
        "name": "Yale@W 20th ",
        "roadway": "Yale",
        "location": "W 20th ",
        "direction": "None",
        "image": "https://www.houstontranstar.org/snapshots/cctv/8112.jpg",
        "monitor": "0",
        "validimg": "True",
        "frameCount": "1",
        "framePauseMs": "0",
        "page": "https://traffic.houstontranstar.org/cctv/transtar/camera.aspx?cam=8112"
      }
    },
    {
      "type": "Feature",
      "geometry": {
        "type": "Point",
        "coordinates": [
          -95.398726,
          29.769776
        ]
      },
      "properties": {
        "name": "Yale@Washington",
        "roadway": "Yale",
        "location": "Washington",
        "direction": "None",
        "image": "https://www.houstontranstar.org/snapshots/cctv/8113.jpg",
        "monitor": "0",
        "validimg": "False",
        "frameCount": "1",
        "framePauseMs": "0",
        "page": "https://traffic.houstontranstar.org/cctv/transtar/camera.aspx?cam=8113"
      }
    }
  ]
}
