{
  "type": "FeatureCollection",
  "features": [
    {
      "type": "Feature",
      "geometry": {
        "type": "Point",
        "coordinates": [
          -78.998909,
          35.950774
        ]
      },
      "properties": {
        "id": 5,
        "name": "I-40 Exit 270 - US 15 - 501",
        "roadId": 1,
        "countyId": 32,
        "mileMarker": 270.0,
        "status": "OK",
        "snapshot_url": "https://eapps.ncdot.gov/services/traffic-prod/v1/cameras/images?filename=I40_US15-501.jpg",
        "m3u8_url": null,
        "is_streaming": false
      }
    },
    {
      "type": "Feature",
      "geometry": {
        "type": "Point",
        "coordinates": [
          -78.960028,
          35.904138
        ]
      },
      "properties": {
        "id": 7,
        "name": "I-40 Exit 274 - NC 751",
        "roadId": 1,
        "countyId": 32,
        "mileMarker": 274.0,
        "status": "OK",
        "snapshot_url": "https://eapps.ncdot.gov/services/traffic-prod/v1/cameras/images?filename=I40_NC751.jpg",
        "m3u8_url": null,
        "is_streaming": false
      }
    },
    {
      "type": "Feature",
      "geometry": {
        "type": "Point",
        "coordinates": [
          -78.935738,
          35.908935
        ]
      },
      "properties": {
        "id": 8,
        "name": "I-40 Exit 276 - Fayetteville Rd",
        "roadId": 1,
        "countyId": 32,
        "mileMarker": 276.0,
        "status": "OK",
        "snapshot_url": "https://eapps.ncdot.gov/services/traffic-prod/v1/cameras/images?filename=I40_FayettevilleRd.jpg",
        "m3u8_url": null,
        "is_streaming": false
      }
    },
    {
      "type": "Feature",
      "geometry": {
        "type": "Point",
        "coordinates": [
          -78.892307,
          35.90671
        ]
      },
      "properties": {
        "id": 9,
        "name": "I-40 Exit 278 - NC 55",
        "roadId": 1,
        "countyId": 32,
        "mileMarker": 278.0,
        "status": "OK",
        "snapshot_url": "https://eapps.ncdot.gov/services/traffic-prod/v1/cameras/images?filename=I40_NC55.jpg",
        "m3u8_url": null,
        "is_streaming": false
      }
    },
    {
      "type": "Feature",
      "geometry": {
        "type": "Point",
        "coordinates": [
          -78.873596,
          35.902261
        ]
      },
      "properties": {
        "id": 10,
        "name": "NC 147 North of I-40",
        "roadId": 1,
        "countyId": 32,
        "mileMarker": null,
        "status": "OK",
        "snapshot_url": "https://eapps.ncdot.gov/services/traffic-prod/v1/cameras/images?filename=NC147_N_I40.jpg",
        "m3u8_url": null,
        "is_streaming": false
      }
    },
    {
      "type": "Feature",
      "geometry": {
        "type": "Point",
        "coordinates": [
          -78.874626,
          35.90087
        ]
      },
      "properties": {
        "id": 11,
        "name": "I-40 Exit 279A - Durham Freeway",
        "roadId": 1,
        "countyId": 32,
        "mileMarker": 279.0,
        "status": "OK",
        "snapshot_url": "https://eapps.ncdot.gov/services/traffic-prod/v1/cameras/images?filename=I40_DurhamFrwy.jpg",
        "m3u8_url": null,
        "is_streaming": false
      }
    },
    {
      "type": "Feature",
      "geometry": {
        "type": "Point",
        "coordinates": [
          -78.860035,
          35.894474
        ]
      },
      "properties": {
        "id": 12,
        "name": "I-40 Exit 280 - Davis Drive",
        "roadId": 1,
        "countyId": 32,
        "mileMarker": 280.0,
        "status": "OK",
        "snapshot_url": "https://eapps.ncdot.gov/services/traffic-prod/v1/cameras/images?filename=I40_DavisDr.jpg",
        "m3u8_url": null,
        "is_streaming": false
      }
    },
    {
      "type": "Feature",
      "geometry": {
        "type": "Point",
        "coordinates": [
          -78.848534,
          35.890997
        ]
      },
      "properties": {
        "id": 13,
        "name": "I-40 Exit 281 - Miami Blvd",
        "roadId": 1,
        "countyId": 32,
        "mileMarker": 281.0,
        "status": "OK",
        "snapshot_url": "https://eapps.ncdot.gov/services/traffic-prod/v1/cameras/images?filename=I40_MiamiBlvd.jpg",
        "m3u8_url": null,
        "is_streaming": false
      }
    },
    {
      "type": "Feature",
      "geometry": {
        "type": "Point",
        "coordinates": [
          -78.839779,
          35.882235
        ]
      },
      "properties": {
        "id": 14,
        "name": "I-40 Exit 282 - Page Road",
        "roadId": 1,
        "countyId": 32,
        "mileMarker": 282.0,
        "status": "OK",
        "snapshot_url": "https://eapps.ncdot.gov/services/traffic-prod/v1/cameras/images?filename=I40_PageRd.jpg",
        "m3u8_url": null,
        "is_streaming": false
      }
    },
    {
      "type": "Feature",
      "geometry": {
        "type": "Point",
        "coordinates": [
          -78.823986,
          35.867856
        ]
      },
      "properties": {
        "id": 15,
        "name": "I-40 Exit 283 - I-540",
        "roadId": 1,
        "countyId": 92,
        "mileMarker": 283.0,
        "status": "OK",
        "snapshot_url": "https://eapps.ncdot.gov/services/traffic-prod/v1/cameras/images?filename=I40_I540.jpg",
        "m3u8_url": null,
        "is_streaming": false
      }
    },
    {
      "type": "Feature",
      "geometry": {
        "type": "Point",
        "coordinates": [
          -78.814695,
          35.861196
        ]
      },
      "properties": {
        "id": 16,
        "name": "I-40 Exit 284 - Airport Blvd",
        "roadId": 1,
        "countyId": 92,
        "mileMarker": 284.0,
        "status": "OK",
        "snapshot_url": "https://eapps.ncdot.gov/services/traffic-prod/v1/cameras/images?filename=I40_AirportBlvd.jpg",
        "m3u8_url": null,
        "is_streaming": false
      }
    },
    {
      "type": "Feature",
      "geometry": {
        "type": "Point",
        "coordinates": [
          -78.798923,
          35.8501
        ]
      },
      "properties": {
        "id": 17,
        "name": "I-40 Exit 285 - Aviation Pkwy",
        "roadId": 1,
        "countyId": 92,
        "mileMarker": 285.0,
        "status": "OK",
        "snapshot_url": "https://eapps.ncdot.gov/services/traffic-prod/v1/cameras/images?filename=I40_AviationPkwy.jpg",
        "m3u8_url": null,
        "is_streaming": false
      }
    },
    {
      "type": "Feature",
      "geometry": {
        "type": "Point",
        "coordinates": [
          -78.764248,
          35.831732
        ]
      },
      "properties": {
        "id": 18,
        "name": "I-40 Exit 287 - Harrison Avenue",
        "roadId": 1,
        "countyId": 92,
        "mileMarker": 287.0,
        "status": "OK",
        "snapshot_url": "https://eapps.ncdot.gov/services/traffic-prod/v1/cameras/images?filename=I40_HarrisonAve.jpg",
        "m3u8_url": null,
        "is_streaming": false
      }
    },
    {
      "type": "Feature",
      "geometry": {
        "type": "Point",
        "coordinates": [
          -78.74382,
          35.820736
        ]
      },
      "properties": {
        "id": 19,
        "name": "I-40 Exit 289 - Wade Avenue",
        "roadId": 1,
        "countyId": 92,
        "mileMarker": 289.0,
        "status": "OK",
        "snapshot_url": "https://eapps.ncdot.gov/services/traffic-prod/v1/cameras/images?filename=I40_WadeAve.jpg",
        "m3u8_url": null,
        "is_streaming": false
      }
    },
    {
      "type": "Feature",
      "geometry": {
        "type": "Point",
        "coordinates": [
          -78.723392,
          35.807199
        ]
      },
      "properties": {
        "id": 20,
        "name": "Edwards Mill Rd - Wade Avenue",
        "roadId": 1,
        "countyId": 92,
        "mileMarker": null,
        "status": "OK",
        "snapshot_url": "https://eapps.ncdot.gov/services/traffic-prod/v1/cameras/images?filename=WadeAve_EdwardsMillRd.jpg",
        "m3u8_url": null,
        "is_streaming": false
      }
    },
    {
      "type": "Feature",
      "geometry": {
        "type": "Point",
        "coordinates": [
          -78.726649,
          35.803026
        ]
      },
      "properties": {
        "id": 21,
        "name": "Edwards Mill Rd - NCSU Arena",
        "roadId": 0,
        "countyId": 92,
        "mileMarker": null,
        "status": "OK",
        "snapshot_url": "https://eapps.ncdot.gov/services/traffic-prod/v1/cameras/images?filename=EdwardsMillRd_PNCArena.jpg",
        "m3u8_url": null,
        "is_streaming": false
      }
    },
    {
      "type": "Feature",
      "geometry": {
        "type": "Point",
        "coordinates": [
          -78.70717,
          35.824146
        ]
      },
      "properties": {
        "id": 22,
        "name": "Edwards Mill Rd - Duraleigh Rd",
        "roadId": 1,
        "countyId": 92,
        "mileMarker": null,
        "status": "OK",
        "snapshot_url": "https://eapps.ncdot.gov/services/traffic-prod/v1/cameras/images?filename=EdwardsMillRd_DuraleighRd.jpg",
        "m3u8_url": null,
        "is_streaming": false
      }
    },
    {
      "type": "Feature",
      "geometry": {
        "type": "Point",
        "coordinates": [
          -78.681507,
          35.843282
        ]
      },
      "properties": {
        "id": 24,
        "name": "Glenwood Avenue and Creedmoor Road",
        "roadId": 3,
        "countyId": 92,
        "mileMarker": null,
        "status": "OK",
        "snapshot_url": "https://eapps.ncdot.gov/services/traffic-prod/v1/cameras/images?filename=NC50-US70.jpg",
        "m3u8_url": null,
        "is_streaming": false
      }
    },
    {
      "type": "Feature",
      "geometry": {
        "type": "Point",
        "coordinates": [
          -79.891548,
          36.056455
        ]
      },
      "properties": {
        "id": 32,
        "name": "I-40 at Wendover Ave",
        "roadId": 1,
        "countyId": 41,
        "mileMarker": 214.0,
        "status": "OK",
        "snapshot_url": "https://eapps.ncdot.gov/services/traffic-prod/v1/cameras/images?filename=I40_WendoverAve.jpg",
        "m3u8_url": null,
        "is_streaming": false
      }
    },
    {
      "type": "Feature",
      "geometry": {
        "type": "Point",
        "coordinates": [
          -79.907856,
          36.062422
        ]
      },
      "properties": {
        "id": 33,
        "name": "I-40 at Guilford College Rd",
        "roadId": 1,
        "countyId": 41,
        "mileMarker": 213.0,
        "status": "OK",
        "snapshot_url": "https://eapps.ncdot.gov/services/traffic-prod/v1/cameras/images?filename=I40_GuilfordCollegeRd.jpg",
        "m3u8_url": null,
        "is_streaming": false
      }
    },
    {
      "type": "Feature",
      "geometry": {
        "type": "Point",
        "coordinates": [
          -79.922962,
          36.06825
        ]
      },
      "properties": {
        "id": 34,
        "name": "I-40 near Chimney Rock Rd",
        "roadId": 1,
        "countyId": 41,
        "mileMarker": 212.0,
        "status": "OK",
        "snapshot_url": "https://eapps.ncdot.gov/services/traffic-prod/v1/cameras/images?filename=I40_ChimneyRock.jpg",
        "m3u8_url": null,
        "is_streaming": false
      }
    },
    {
      "type": "Feature",
      "geometry": {
        "type": "Point",
        "coordinates": [
          -79.94236,
          36.075187
        ]
      },
      "properties": {
        "id": 35,
        "name": "I-40 at Gallimore Dairy Rd",
        "roadId": 1,
        "countyId": 41,
        "mileMarker": 211.0,
        "status": "OK",
        "snapshot_url": "https://eapps.ncdot.gov/services/traffic-prod/v1/cameras/images?filename=I40_GallimoreDairyRd.jpg",
        "m3u8_url": null,
        "is_streaming": false
      }
    },
    {
      "type": "Feature",
      "geometry": {
        "type": "Point",
        "coordinates": [
          -79.996433,
          36.092528
        ]
      },
      "properties": {
        "id": 38,
        "name": "I-40 at Sandy Ridge Rd",
        "roadId": 1,
        "countyId": 41,
        "mileMarker": 208.0,
        "status": "OK",
        "snapshot_url": "https://eapps.ncdot.gov/services/traffic-prod/v1/cameras/images?filename=I40_SandyRidge.jpg",
        "m3u8_url": null,
        "is_streaming": false
      }
    },
    {
      "type": "Feature",
      "geometry": {
        "type": "Point",
        "coordinates": [
          -77.872965,
          34.245533
        ]
      },
      "properties": {
        "id": 66,
        "name": "US 17 Bus (Market St) at US 117/NC 132 (College Rd) / Gingerwood Dr",
        "roadId": 33,
        "countyId": 65,
        "mileMarker": null,
        "status": "OK",
        "snapshot_url": "https://eapps.ncdot.gov/services/traffic-prod/v1/cameras/images?filename=MarketSt_CollegeRd.JPG",
        "m3u8_url": null,
        "is_streaming": false
      }
    },
    {
      "type": "Feature",
      "geometry": {
        "type": "Point",
        "coordinates": [
          -77.887984,
          34.210633
        ]
      },
      "properties": {
        "id": 69,
        "name": "US 76 (Oleander Dr) at NC 132 (College Rd)",
        "roadId": 56,
        "countyId": 65,
        "mileMarker": null,
        "status": "OK",
        "snapshot_url": "https://eapps.ncdot.gov/services/traffic-prod/v1/cameras/images?filename=CollegeRd_OleanderDr.JPG",
        "m3u8_url": null,
        "is_streaming": false
      }
    },
    {
      "type": "Feature",
      "geometry": {
        "type": "Point",
        "coordinates": [
          -77.921026,
          34.195505
        ]
      },
      "properties": {
        "id": 71,
        "name": "17th St at US 117 (Shipyard Blvd)",
        "roadId": 0,
        "countyId": 65,
        "mileMarker": null,
        "status": "OK",
        "snapshot_url": "https://eapps.ncdot.gov/services/traffic-prod/v1/cameras/images?filename=17th_DelaneyAve.JPG",
        "m3u8_url": null,
        "is_streaming": false
      }
    },
    {
      "type": "Feature",
      "geometry": {
        "type": "Point",
        "coordinates": [
          -77.901607,
          34.214748
        ]
      },
      "properties": {
        "id": 72,
        "name": "US 76 (Oleander Dr) at Floral Pkwy / Fordham Rd",
        "roadId": 56,
        "countyId": 65,
        "mileMarker": null,
        "status": "OK",
        "snapshot_url": "https://eapps.ncdot.gov/services/traffic-prod/v1/cameras/images?filename=Oleander_Fordham.JPG",
        "m3u8_url": null,
        "is_streaming": false
      }
    },
    {
      "type": "Feature",
      "geometry": {
        "type": "Point",
        "coordinates": [
          -77.947707,
          34.250127
        ]
      },
      "properties": {
        "id": 74,
        "name": "3rd St at Holmes Bridge",
        "roadId": 0,
        "countyId": 65,
        "mileMarker": null,
        "status": "OK",
        "snapshot_url": "https://eapps.ncdot.gov/services/traffic-prod/v1/cameras/images?filename=3rdSt_HolmesBr.JPG",
        "m3u8_url": null,
        "is_streaming": false
      }
    },
    {
      "type": "Feature",
      "geometry": {
        "type": "Point",
        "coordinates": [
          -80.882463,
          35.19843
        ]
      },
      "properties": {
        "id": 90,
        "name": "I-77 - N of Clanton Rd",
        "roadId": 177,
        "countyId": 60,
        "mileMarker": 7.3,
        "status": "OK",
        "snapshot_url": "https://eapps.ncdot.gov/services/traffic-prod/v1/cameras/images?filename=I77_ClantonRd.jpg",
        "m3u8_url": null,
        "is_streaming": false
      }
    },
    {
      "type": "Feature",
      "geometry": {
        "type": "Point",
        "coordinates": [
          -80.88591,
          35.1915
        ]
      },
      "properties": {
        "id": 91,
        "name": "I-77 - S of Clanton Rd",
        "roadId": 177,
        "countyId": 60,
        "mileMarker": 6.79,
        "status": "OK",
        "snapshot_url": "https://cfms.services.ncdot.gov/snapshots/chan-5137_h.jpg",
        "m3u8_url": null,
        "is_streaming": false
      }
    },
    {
      "type": "Feature",
      "geometry": {
        "type": "Point",
        "coordinates": [
          -80.890017,
          35.163073
        ]
      },
      "properties": {
        "id": 93,
        "name": "I-77 @ Tyvola Rd",
        "roadId": 177,
        "countyId": 60,
        "mileMarker": 4.87,
        "status": "OK",
        "snapshot_url": "https://eapps.ncdot.gov/services/traffic-prod/v1/cameras/images?filename=I77_mm04_87.jpg",
        "m3u8_url": null,
        "is_streaming": false
      }
    },
    {
      "type": "Feature",
      "geometry": {
        "type": "Point",
        "coordinates": [
          -80.874074,
          35.259199
        ]
      },
      "properties": {
        "id": 106,
        "name": "NC-16 - Belhaven Blvd",
        "roadId": 11,
        "countyId": 60,
        "mileMarker": null,
        "status": "OK",
        "snapshot_url": "https://cfms.services.ncdot.gov/snapshots/chan-5185_h.jpg",
        "m3u8_url": null,
        "is_streaming": false
      }
    },
    {
      "type": "Feature",
      "geometry": {
        "type": "Point",
        "coordinates": [
          -78.582737,
          35.794285
        ]
      },
      "properties": {
        "id": 111,
        "name": "US 64 - New Bern Ave / I-440",
        "roadId": 10,
        "countyId": 92,
        "mileMarker": null,
        "status": "OK",
        "snapshot_url": "https://eapps.ncdot.gov/services/traffic-prod/v1/cameras/images?filename=I440_NewBernAve.jpg",
        "m3u8_url": null,
        "is_streaming": false
      }
    },
    {
      "type": "Feature",
      "geometry": {
        "type": "Point",
        "coordinates": [
          -78.577781,
          35.797418
        ]
      },
      "properties": {
        "id": 112,
        "name": "US 64 - Trawick Rd",
        "roadId": 10,
        "countyId": 92,
        "mileMarker": null,
        "status": "OK",
        "snapshot_url": "https://eapps.ncdot.gov/services/traffic-prod/v1/cameras/images?filename=Bus64_TrawickRd.jpg",
        "m3u8_url": null,
        "is_streaming": false
      }
    },
    {
      "type": "Feature",
      "geometry": {
        "type": "Point",
        "coordinates": [
          -78.562782,
          35.798549
        ]
      },
      "properties": {
        "id": 113,
        "name": "US 64 - New Hope Rd",
        "roadId": 10,
        "countyId": 92,
        "mileMarker": null,
        "status": "OK",
        "snapshot_url": "https://eapps.ncdot.gov/services/traffic-prod/v1/cameras/images?filename=Bus64_NewHopeRd.jpg",
        "m3u8_url": null,
        "is_streaming": false
      }
    },
    {
      "type": "Feature",
      "geometry": {
        "type": "Point",
        "coordinates": [
          -78.548706,
          35.793885
        ]
      },
      "properties": {
        "id": 114,
        "name": "US 64 - Rogers Ln",
        "roadId": 10,
        "countyId": 92,
        "mileMarker": null,
        "status": "OK",
        "snapshot_url": "https://eapps.ncdot.gov/services/traffic-prod/v1/cameras/images?filename=Bus64_RogersLn.jpg",
        "m3u8_url": null,
        "is_streaming": false
      }
    },
    {
      "type": "Feature",
      "geometry": {
        "type": "Point",
        "coordinates": [
          -78.535938,
          35.79526
        ]
      },
      "properties": {
        "id": 115,
        "name": "US 64 BUS (New Bern Ave) - Old Milburnie Rd",
        "roadId": 10,
        "countyId": 92,
        "mileMarker": null,
        "status": "OK",
        "snapshot_url": "https://eapps.ncdot.gov/services/traffic-prod/v1/cameras/images?filename=Bus64_OldMilburnieRd.jpg",
        "m3u8_url": null,
        "is_streaming": false
      }
    },
    {
      "type": "Feature",
      "geometry": {
        "type": "Point",
        "coordinates": [
          -78.487401,
          35.798341
        ]
      },
      "properties": {
        "id": 117,
        "name": "US 64 BUS (Knightdale Blvd) - Smithfield Rd",
        "roadId": 10,
        "countyId": 92,
        "mileMarker": null,
        "status": "OK",
        "snapshot_url": "https://eapps.ncdot.gov/services/traffic-prod/v1/cameras/images?filename=Bus64_SmithfieldRd.jpg",
        "m3u8_url": null,
        "is_streaming": false
      }
    },
    {
      "type": "Feature",
      "geometry": {
        "type": "Point",
        "coordinates": [
          -75.729722,
          36.128611
        ]
      },
      "properties": {
        "id": 133,
        "name": "NC 12 - Dogwood Trail",
        "roadId": 0,
        "countyId": 28,
        "mileMarker": null,
        "status": "OK",
        "snapshot_url": "https://eapps.ncdot.gov/services/traffic-prod/v1/cameras/images?filename=NC12_DogwoodTr.jpg",
        "m3u8_url": null,
        "is_streaming": false
      }
    },
    {
      "type": "Feature",
      "geometry": {
        "type": "Point",
        "coordinates": [
          -75.683889,
          36.051389
        ]
      },
      "properties": {
        "id": 136,
        "name": "US 158 - Helga St (MM 5.5)",
        "roadId": 0,
        "countyId": 28,
        "mileMarker": null,
        "status": "OK",
        "snapshot_url": "https://eapps.ncdot.gov/services/traffic-prod/v1/cameras/images?filename=US158_HelgaSt.jpg",
        "m3u8_url": null,
        "is_streaming": false
      }
    },
    {
      "type": "Feature",
      "geometry": {
        "type": "Point",
        "coordinates": [
          -75.641944,
          35.98
        ]
      },
      "properties": {
        "id": 141,
        "name": "US 158 - Barnes St (MM 10.5)",
        "roadId": 86,
        "countyId": 28,
        "mileMarker": null,
        "status": "OK",
        "snapshot_url": "https://eapps.ncdot.gov/services/traffic-prod/v1/cameras/images?filename=US158_EBarnesSt.jpg",
        "m3u8_url": null,
        "is_streaming": false
      }
    },
    {
      "type": "Feature",
      "geometry": {
        "type": "Point",
        "coordinates": [
          -75.62,
          35.946389
        ]
      },
      "properties": {
        "id": 142,
        "name": "US 158 - Danube St (MM 13.5)",
        "roadId": 0,
        "countyId": 28,
        "mileMarker": null,
        "status": "OK",
        "snapshot_url": "https://eapps.ncdot.gov/services/traffic-prod/v1/cameras/images?filename=US158_DanubeSt.jpg",
        "m3u8_url": null,
        "is_streaming": false
      }
    },
    {
      "type": "Feature",
      "geometry": {
        "type": "Point",
        "coordinates": [
          -75.625833,
          35.958611
        ]
      },
      "properties": {
        "id": 143,
        "name": "US 158 - Jockeys Ridge State Park (MM 12.5)",
        "roadId": 86,
        "countyId": 28,
        "mileMarker": null,
        "status": "OK",
        "snapshot_url": "https://eapps.ncdot.gov/services/traffic-prod/v1/cameras/images?filename=US158_JockeysRidge.jpg",
        "m3u8_url": null,
        "is_streaming": false
      }
    },
    {
      "type": "Feature",
      "geometry": {
        "type": "Point",
        "coordinates": [
          -75.599444,
          35.909722
        ]
      },
      "properties": {
        "id": 146,
        "name": "US 158 - North of Whalebone Junction (MM 16)",
        "roadId": 10,
        "countyId": 28,
        "mileMarker": 16.0,
        "status": "OK",
        "snapshot_url": "https://eapps.ncdot.gov/services/traffic-prod/v1/cameras/images?filename=US158_NorthofWhaleboneJct.jpg",
        "m3u8_url": null,
        "is_streaming": false
      }
    },
    {
      "type": "Feature",
      "geometry": {
        "type": "Point",
        "coordinates": [
          -75.790833,
          36.08
        ]
      },
      "properties": {
        "id": 149,
        "name": "US 158 - SR 1436 (Swan Circle)",
        "roadId": 86,
        "countyId": 27,
        "mileMarker": null,
        "status": "OK",
        "snapshot_url": "https://eapps.ncdot.gov/services/traffic-prod/v1/cameras/images?filename=US158_SwanCircle.jpg",
        "m3u8_url": null,
        "is_streaming": false
      }
    },
    {
      "type": "Feature",
      "geometry": {
        "type": "Point",
        "coordinates": [
          -75.841198,
          36.139261
        ]
      },
      "properties": {
        "id": 150,
        "name": "US 158 - Powells Point",
        "roadId": 86,
        "countyId": 27,
        "mileMarker": null,
        "status": "OK",
        "snapshot_url": "https://eapps.ncdot.gov/services/traffic-prod/v1/cameras/images?filename=US158_NearCommunityCenter.jpg",
        "m3u8_url": null,
        "is_streaming": false
      }
    },
    {
      "type": "Feature",
      "geometry": {
        "type": "Point",
        "coordinates": [
          -80.7199,
          35.334418
        ]
      },
      "properties": {
        "id": 199,
        "name": "US 29 - At I-485",
        "roadId": 79,
        "countyId": 60,
        "mileMarker": null,
        "status": "OK",
        "snapshot_url": "https://eapps.ncdot.gov/services/traffic-prod/v1/cameras/images?filename=US29_I485.jpg",
        "m3u8_url": null,
        "is_streaming": false
      }
    },
    {
      "type": "Feature",
      "geometry": {
        "type": "Point",
        "coordinates": [
          -80.744362,
          35.332142
        ]
      },
      "properties": {
        "id": 207,
        "name": "I-85 - Mallard Creek Church Rd",
        "roadId": 2,
        "countyId": 60,
        "mileMarker": 46.24,
        "status": "OK",
        "snapshot_url": "https://cfms.services.ncdot.gov/snapshots/chan-5170_h.jpg",
        "m3u8_url": null,
        "is_streaming": false
      }
    },
    {
      "type": "Feature",
      "geometry": {
        "type": "Point",
        "coordinates": [
          -78.715067,
          35.815308
        ]
      },
      "properties": {
        "id": 215,
        "name": "Edwards Mill Rd - Reedy Creek Rd",
        "roadId": 0,
        "countyId": 92,
        "mileMarker": null,
        "status": "OK",
        "snapshot_url": "https://eapps.ncdot.gov/services/traffic-prod/v1/cameras/images?filename=EdwardsMillRd_ReedyCreek.jpg",
        "m3u8_url": null,
        "is_streaming": false
      }
    },
    {
      "type": "Feature",
      "geometry": {
        "type": "Point",
        "coordinates": [
          -78.669834,
          35.83535
        ]
      },
      "properties": {
        "id": 216,
        "name": "I-440 - Glenwood Ave",
        "roadId": 233,
        "countyId": 92,
        "mileMarker": null,
        "status": "OK",
        "snapshot_url": "https://eapps.ncdot.gov/services/traffic-prod/v1/cameras/images?filename=I440_GlenwoodAve.jpg",
        "m3u8_url": null,
        "is_streaming": false
      }
    },
    {
      "type": "Feature",
      "geometry": {
        "type": "Point",
        "coordinates": [
          -78.890462,
          35.982312
        ]
      },
      "properties": {
        "id": 218,
        "name": "NC 147 - S Alston Ave",
        "roadId": 138,
        "countyId": 32,
        "mileMarker": null,
        "status": "OK",
        "snapshot_url": "https://eapps.ncdot.gov/services/traffic-prod/v1/cameras/images?filename=NC147_AlstonAve.jpg",
        "m3u8_url": null,
        "is_streaming": false
      }
    },
    {
      "type": "Feature",
      "geometry": {
        "type": "Point",
        "coordinates": [
          -78.860464,
          35.924436
        ]
      },
      "properties": {
        "id": 219,
        "name": "NC 147 - TW Alexander Drive",
        "roadId": 138,
        "countyId": 32,
        "mileMarker": null,
        "status": "OK",
        "snapshot_url": "https://eapps.ncdot.gov/services/traffic-prod/v1/cameras/images?filename=NC147_Alexander.jpg",
        "m3u8_url": null,
        "is_streaming": false
      }
    },
    {
      "type": "Feature",
      "geometry": {
        "type": "Point",
        "coordinates": [
          -78.865528,
          35.911298
        ]
      },
      "properties": {
        "id": 220,
        "name": "NC 147 - Cornwallis Road",
        "roadId": 138,
        "countyId": 32,
        "mileMarker": null,
        "status": "OK",
        "snapshot_url": "https://eapps.ncdot.gov/services/traffic-prod/v1/cameras/images?filename=NC147_CornwallisRd.jpg",
        "m3u8_url": null,
        "is_streaming": false
      }
    },
    {
      "type": "Feature",
      "geometry": {
        "type": "Point",
        "coordinates": [
          -78.735468,
          35.767216
        ]
      },
      "properties": {
        "id": 221,
        "name": "I-40 @ US-1",
        "roadId": 1,
        "countyId": 92,
        "mileMarker": 293.0,
        "status": "OK",
        "snapshot_url": "https://cfss.services.ncdot.gov/snapshots/chan-5676_h.jpg",
        "m3u8_url": null,
        "is_streaming": false
      }
    },
    {
      "type": "Feature",
      "geometry": {
        "type": "Point",
        "coordinates": [
          -78.912091,
          35.996931
        ]
      },
      "properties": {
        "id": 222,
        "name": "NC 147 - Chapel Hill Street",
        "roadId": 138,
        "countyId": 32,
        "mileMarker": null,
        "status": "OK",
        "snapshot_url": "https://eapps.ncdot.gov/services/traffic-prod/v1/cameras/images?filename=NC147_ChepelHillRd.JPG",
        "m3u8_url": null,
        "is_streaming": false
      }
    },
    {
      "type": "Feature",
      "geometry": {
        "type": "Point",
        "coordinates": [
          -78.772058,
          35.748741
        ]
      },
      "properties": {
        "id": 224,
        "name": "US 1/64 - Cary Parkway",
        "roadId": 10,
        "countyId": 92,
        "mileMarker": 99.0,
        "status": "OK",
        "snapshot_url": "https://eapps.ncdot.gov/services/traffic-prod/v1/cameras/images?filename=US1_CaryPkwy.jpg",
        "m3u8_url": null,
        "is_streaming": false
      }
    },
    {
      "type": "Feature",
      "geometry": {
        "type": "Point",
        "coordinates": [
          -78.903165,
          35.990091
        ]
      },
      "properties": {
        "id": 225,
        "name": "NC 147 - S Mangum St",
        "roadId": 138,
        "countyId": 32,
        "mileMarker": null,
        "status": "OK",
        "snapshot_url": "https://eapps.ncdot.gov/services/traffic-prod/v1/cameras/images?filename=NC147_MangumSt.JPG",
        "m3u8_url": null,
        "is_streaming": false
      }
    },
    {
      "type": "Feature",
      "geometry": {
        "type": "Point",
        "coordinates": [
          -78.744078,
          35.761209
        ]
      },
      "properties": {
        "id": 248,
        "name": "US-1/64 @ Crossroads Blvd",
        "roadId": 29,
        "countyId": 92,
        "mileMarker": 101.0,
        "status": "OK",
        "snapshot_url": "https://eapps.ncdot.gov/services/traffic-prod/v1/cameras/images?filename=US64_WalnutSt.jpg",
        "m3u8_url": null,
        "is_streaming": false
      }
    },
    {
      "type": "Feature",
      "geometry": {
        "type": "Point",
        "coordinates": [
          -77.933726,
          34.190657
        ]
      },
      "properties": {
        "id": 259,
        "name": "US 421 (Carolina Beach Rd) at US 117 (Shipyard Blvd)",
        "roadId": 57,
        "countyId": 65,
        "mileMarker": null,
        "status": "OK",
        "snapshot_url": "https://eapps.ncdot.gov/services/traffic-prod/v1/cameras/images?filename=US421_US117.JPG",
        "m3u8_url": null,
        "is_streaming": false
      }
    },
    {
      "type": "Feature",
      "geometry": {
        "type": "Point",
        "coordinates": [
          -78.563667,
          35.607079
        ]
      },
      "properties": {
        "id": 268,
        "name": "I-40 WB @ NC 42",
        "roadId": 1,
        "countyId": 51,
        "mileMarker": 312.0,
        "status": "OK",
        "snapshot_url": "https://eapps.ncdot.gov/services/traffic-prod/v1/cameras/images?filename=I-40_WB_NC_42.jpg",
        "m3u8_url": null,
        "is_streaming": false
      }
    },
    {
      "type": "Feature",
      "geometry": {
        "type": "Point",
        "coordinates": [
          -78.563732,
          35.599815
        ]
      },
      "properties": {
        "id": 270,
        "name": "I-40 WB @ Cleveland Rd.",
        "roadId": 1,
        "countyId": 51,
        "mileMarker": 313.0,
        "status": "OK",
        "snapshot_url": "https://eapps.ncdot.gov/services/traffic-prod/v1/cameras/images?filename=I40_ClevelandRd.jpg",
        "m3u8_url": null,
        "is_streaming": false
      }
    },
    {
      "type": "Feature",
      "geometry": {
        "type": "Point",
        "coordinates": [
          -78.535965,
          35.63035
        ]
      },
      "properties": {
        "id": 272,
        "name": "US-70 @ MM 319",
        "roadId": 3,
        "countyId": 51,
        "mileMarker": 319.0,
        "status": "OK",
        "snapshot_url": "https://eapps.ncdot.gov/services/traffic-prod/v1/cameras/images?filename=US70_MM319.JPG",
        "m3u8_url": null,
        "is_streaming": false
      }
    },
    {
      "type": "Feature",
      "geometry": {
        "type": "Point",
        "coordinates": [
          -78.51044,
          35.623418
        ]
      },
      "properties": {
        "id": 273,
        "name": "US-70 @ MM 320",
        "roadId": 3,
        "countyId": 51,
        "mileMarker": 320.0,
        "status": "OK",
        "snapshot_url": "https://eapps.ncdot.gov/services/traffic-prod/v1/cameras/images?filename=US70_MM320.jpg",
        "m3u8_url": null,
        "is_streaming": false
      }
    },
    {
      "type": "Feature",
      "geometry": {
        "type": "Point",
        "coordinates": [
          -78.462747,
          35.611741
        ]
      },
      "properties": {
        "id": 274,
        "name": "US-70 @ MM 323",
        "roadId": 3,
        "countyId": 51,
        "mileMarker": 323.0,
        "status": "OK",
        "snapshot_url": "https://eapps.ncdot.gov/services/traffic-prod/v1/cameras/images?filename=US70_MM323.JPG",
        "m3u8_url": null,
        "is_streaming": false
      }
    },
    {
      "type": "Feature",
      "geometry": {
        "type": "Point",
        "coordinates": [
          -78.414964,
          35.603379
        ]
      },
      "properties": {
        "id": 275,
        "name": "US-70 @ MM 326",
        "roadId": 3,
        "countyId": 51,
        "mileMarker": 326.0,
        "status": "OK",
        "snapshot_url": "https://eapps.ncdot.gov/services/traffic-prod/v1/cameras/images?filename=US70_MM326.JPG",
        "m3u8_url": null,
        "is_streaming": false
      }
    },
    {
      "type": "Feature",
      "geometry": {
        "type": "Point",
        "coordinates": [
          -78.493468,
          35.66398
        ]
      },
      "properties": {
        "id": 276,
        "name": "US 70 @ White Pine Rd.",
        "roadId": 3,
        "countyId": 51,
        "mileMarker": null,
        "status": "OK",
        "snapshot_url": "https://eapps.ncdot.gov/services/traffic-prod/v1/cameras/images?filename=Bus70_WhitePine.JPG",
        "m3u8_url": null,
        "is_streaming": false
      }
    },
    {
      "type": "Feature",
      "geometry": {
        "type": "Point",
        "coordinates": [
          -78.437385,
          35.633713
        ]
      },
      "properties": {
        "id": 277,
        "name": "US 70 @ 1800  East of NC 42 (Rose St.)",
        "roadId": 3,
        "countyId": 51,
        "mileMarker": null,
        "status": "OK",
        "snapshot_url": "https://eapps.ncdot.gov/services/traffic-prod/v1/cameras/images?filename=Bus70_NC42E.JPG",
        "m3u8_url": null,
        "is_streaming": false
      }
    },
    {
      "type": "Feature",
      "geometry": {
        "type": "Point",
        "coordinates": [
          -80.930679,
          35.103935
        ]
      },
      "properties": {
        "id": 280,
        "name": "I-77@NC/SC State Line",
        "roadId": 177,
        "countyId": 60,
        "mileMarker": null,
        "status": "OK",
        "snapshot_url": "https://cfms.services.ncdot.gov/snapshots/chan-5251_h.jpg",
        "m3u8_url": null,
        "is_streaming": false
      }
    },
    {
      "type": "Feature",
      "geometry": {
        "type": "Point",
        "coordinates": [
          -80.897312,
          35.146652
        ]
      },
      "properties": {
        "id": 282,
        "name": "I-77 @ Nations Ford Rd",
        "roadId": 177,
        "countyId": 60,
        "mileMarker": 3.58,
        "status": "OK",
        "snapshot_url": "https://eapps.ncdot.gov/services/traffic-prod/v1/cameras/images?filename=I77_NationsFordRd.jpg",
        "m3u8_url": null,
        "is_streaming": false
      }
    },
    {
      "type": "Feature",
      "geometry": {
        "type": "Point",
        "coordinates": [
          -80.874996,
          35.209406
        ]
      },
      "properties": {
        "id": 288,
        "name": "I-77 @ Remount Road",
        "roadId": 177,
        "countyId": 60,
        "mileMarker": 8.16,
        "status": "OK",
        "snapshot_url": "https://eapps.ncdot.gov/services/traffic-prod/v1/cameras/images?filename=I77_RemountRd.jpg",
        "m3u8_url": null,
        "is_streaming": false
      }
    },
    {
      "type": "Feature",
      "geometry": {
        "type": "Point",
        "coordinates": [
          -80.871305,
          35.219329
        ]
      },
      "properties": {
        "id": 289,
        "name": "I-77 @ West Blvd.",
        "roadId": 177,
        "countyId": 60,
        "mileMarker": 8.91,
        "status": "OK",
        "snapshot_url": "https://eapps.ncdot.gov/services/traffic-prod/v1/cameras/images?filename=I77_WestBlvd.jpg",
        "m3u8_url": null,
        "is_streaming": false
      }
    },
    {
      "type": "Feature",
      "geometry": {
        "type": "Point",
        "coordinates": [
          -80.865769,
          35.225429
        ]
      },
      "properties": {
        "id": 291,
        "name": "I-77 @ John Belk Frwy.",
        "roadId": 177,
        "countyId": 60,
        "mileMarker": 9.44,
        "status": "OK",
        "snapshot_url": "https://eapps.ncdot.gov/services/traffic-prod/v1/cameras/images?filename=I77_JohnBelkFrwy.jpg",
        "m3u8_url": null,
        "is_streaming": false
      }
    },
    {
      "type": "Feature",
      "geometry": {
        "type": "Point",
        "coordinates": [
          -80.846801,
          35.24278
        ]
      },
      "properties": {
        "id": 294,
        "name": "I-77 South of Brookshire Frwy.",
        "roadId": 177,
        "countyId": 60,
        "mileMarker": 11.02,
        "status": "OK",
        "snapshot_url": "https://eapps.ncdot.gov/services/traffic-prod/v1/cameras/images?filename=I77_SBrookshireFwy.jpg",
        "m3u8_url": null,
        "is_streaming": false
      }
    },
    {
      "type": "Feature",
      "geometry": {
        "type": "Point",
        "coordinates": [
          -80.846758,
          35.246635
        ]
      },
      "properties": {
        "id": 295,
        "name": "I-77 North of Brookshire Frwy",
        "roadId": 177,
        "countyId": 60,
        "mileMarker": 11.24,
        "status": "OK",
        "snapshot_url": "https://cfms.services.ncdot.gov/snapshots/chan-5255_h.jpg",
        "m3u8_url": null,
        "is_streaming": false
      }
    },
    {
      "type": "Feature",
      "geometry": {
        "type": "Point",
        "coordinates": [
          -80.92422,
          35.113906
        ]
      },
      "properties": {
        "id": 312,
        "name": "I-77 @ Westinghouse Blvd",
        "roadId": 177,
        "countyId": 60,
        "mileMarker": 0.86,
        "status": "OK",
        "snapshot_url": "https://eapps.ncdot.gov/services/traffic-prod/v1/cameras/images?filename=I77_WestinghouseBlvd.JPG",
        "m3u8_url": null,
        "is_streaming": false
      }
    },
    {
      "type": "Feature",
      "geometry": {
        "type": "Point",
        "coordinates": [
          -80.909886,
          35.136159
        ]
      },
      "properties": {
        "id": 315,
        "name": "I-77 @ Arrowood Rd",
        "roadId": 177,
        "countyId": 60,
        "mileMarker": 2.48,
        "status": "OK",
        "snapshot_url": "https://cfms.services.ncdot.gov/snapshots/chan-5309_h.jpg",
        "m3u8_url": null,
        "is_streaming": false
      }
    },
    {
      "type": "Feature",
      "geometry": {
        "type": "Point",
        "coordinates": [
          -80.714536,
          35.368685
        ]
      },
      "properties": {
        "id": 317,
        "name": "I-85 @ Concord Mills Blvd.",
        "roadId": 2,
        "countyId": 60,
        "mileMarker": 49.25,
        "status": "OK",
        "snapshot_url": "https://eapps.ncdot.gov/services/traffic-prod/v1/cameras/images?filename=0I0085S0049-25.JPG",
        "m3u8_url": null,
        "is_streaming": false
      }
    },
    {
      "type": "Feature",
      "geometry": {
        "type": "Point",
        "coordinates": [
          -80.712647,
          35.36893
        ]
      },
      "properties": {
        "id": 318,
        "name": "I-85 @ B. Smith Blvd.",
        "roadId": 2,
        "countyId": 60,
        "mileMarker": 49.3,
        "status": "OK",
        "snapshot_url": "https://eapps.ncdot.gov/services/traffic-prod/v1/cameras/images?filename=0I0085N0049-30.JPG",
        "m3u8_url": null,
        "is_streaming": false
      }
    },
    {
      "type": "Feature",
      "geometry": {
        "type": "Point",
        "coordinates": [
          -80.868065,
          35.268818
        ]
      },
      "properties": {
        "id": 331,
        "name": "I-85 South @ Brookshire Frwy",
        "roadId": 2,
        "countyId": 60,
        "mileMarker": 36.95,
        "status": "OK",
        "snapshot_url": "https://cfms.services.ncdot.gov/snapshots/chan-5154_h.jpg",
        "m3u8_url": null,
        "is_streaming": false
      }
    },
    {
      "type": "Feature",
      "geometry": {
        "type": "Point",
        "coordinates": [
          -80.778823,
          35.283147
        ]
      },
      "properties": {
        "id": 333,
        "name": "I-85 South of US-29",
        "roadId": 2,
        "countyId": 60,
        "mileMarker": 42.21,
        "status": "OK",
        "snapshot_url": "https://cfms.services.ncdot.gov/snapshots/chan-5165_h.jpg",
        "m3u8_url": null,
        "is_streaming": false
      }
    },
    {
      "type": "Feature",
      "geometry": {
        "type": "Point",
        "coordinates": [
          -80.79423,
          35.278908
        ]
      },
      "properties": {
        "id": 334,
        "name": "I-85 @ Sugar Creek Rd.",
        "roadId": 2,
        "countyId": 60,
        "mileMarker": 41.3,
        "status": "OK",
        "snapshot_url": "https://cfms.services.ncdot.gov/snapshots/chan-5163_h.jpg",
        "m3u8_url": null,
        "is_streaming": false
      }
    },
    {
      "type": "Feature",
      "geometry": {
        "type": "Point",
        "coordinates": [
          -80.83075,
          35.273793
        ]
      },
      "properties": {
        "id": 336,
        "name": "I-85 @ Statesville Ave.",
        "roadId": 2,
        "countyId": 60,
        "mileMarker": 39.1,
        "status": "OK",
        "snapshot_url": "https://cfms.services.ncdot.gov/snapshots/chan-5161_h.jpg",
        "m3u8_url": null,
        "is_streaming": false
      }
    },
    {
      "type": "Feature",
      "geometry": {
        "type": "Point",
        "coordinates": [
          -80.895467,
          35.25007
        ]
      },
      "properties": {
        "id": 338,
        "name": "I-85 @ Glenwood Dr",
        "roadId": 2,
        "countyId": 60,
        "mileMarker": 35.0,
        "status": "OK",
        "snapshot_url": "https://eapps.ncdot.gov/services/traffic-prod/v1/cameras/images?filename=I85_GlenwoodDr.jpg",
        "m3u8_url": null,
        "is_streaming": false
      }
    },
    {
      "type": "Feature",
      "geometry": {
        "type": "Point",
        "coordinates": [
          -80.92068,
          35.239135
        ]
      },
      "properties": {
        "id": 341,
        "name": "I-85 North @ Billy Graham Pkwy",
        "roadId": 2,
        "countyId": 60,
        "mileMarker": 33.1,
        "status": "OK",
        "snapshot_url": "https://eapps.ncdot.gov/services/traffic-prod/v1/cameras/images?filename=I85_NofBillyGrahamPkwy.jpg",
        "m3u8_url": null,
        "is_streaming": false
      }
    },
    {
      "type": "Feature",
      "geometry": {
        "type": "Point",
        "coordinates": [
          -80.940785,
          35.241326
        ]
      },
      "properties": {
        "id": 342,
        "name": "I-85 @ Little Rock Rd.",
        "roadId": 2,
        "countyId": 60,
        "mileMarker": 31.9,
        "status": "OK",
        "snapshot_url": "https://eapps.ncdot.gov/services/traffic-prod/v1/cameras/images?filename=I85_LittleRockRd.jpg",
        "m3u8_url": null,
        "is_streaming": false
      }
    },
    {
      "type": "Feature",
      "geometry": {
        "type": "Point",
        "coordinates": [
          -80.965033,
          35.248002
        ]
      },
      "properties": {
        "id": 343,
        "name": "I-85 @ I-485 South",
        "roadId": 2,
        "countyId": 60,
        "mileMarker": 30.06,
        "status": "OK",
        "snapshot_url": "https://eapps.ncdot.gov/services/traffic-prod/v1/cameras/images?filename=I85_I485S.jpg",
        "m3u8_url": null,
        "is_streaming": false
      }
    },
    {
      "type": "Feature",
      "geometry": {
        "type": "Point",
        "coordinates": [
          -80.968895,
          35.219258
        ]
      },
      "properties": {
        "id": 350,
        "name": "I-485 @ Walkers Ferry Rd",
        "roadId": 196,
        "countyId": 60,
        "mileMarker": 7.7,
        "status": "OK",
        "snapshot_url": "https://cfms.services.ncdot.gov/snapshots/chan-5249_h.jpg",
        "m3u8_url": null,
        "is_streaming": false
      }
    },
    {
      "type": "Feature",
      "geometry": {
        "type": "Point",
        "coordinates": [
          -80.966406,
          35.265314
        ]
      },
      "properties": {
        "id": 354,
        "name": "I-485 @ Wildlife Road",
        "roadId": 196,
        "countyId": 60,
        "mileMarker": 11.35,
        "status": "OK",
        "snapshot_url": "https://eapps.ncdot.gov/services/traffic-prod/v1/cameras/images?filename=I485_WildlifeRd.jpg",
        "m3u8_url": null,
        "is_streaming": false
      }
    },
    {
      "type": "Feature",
      "geometry": {
        "type": "Point",
        "coordinates": [
          -80.965719,
          35.273092
        ]
      },
      "properties": {
        "id": 355,
        "name": "I-485 @ Moores Chapel Rd.",
        "roadId": 196,
        "countyId": 60,
        "mileMarker": 11.85,
        "status": "OK",
        "snapshot_url": "https://eapps.ncdot.gov/services/traffic-prod/v1/cameras/images?filename=I485_MooresChapelRd.jpg",
        "m3u8_url": null,
        "is_streaming": false
      }
    },
    {
      "type": "Feature",
      "geometry": {
        "type": "Point",
        "coordinates": [
          -80.96499,
          35.281045
        ]
      },
      "properties": {
        "id": 356,
        "name": "I-485 @ Rhyne Rd.",
        "roadId": 196,
        "countyId": 60,
        "mileMarker": 12.3,
        "status": "OK",
        "snapshot_url": "https://eapps.ncdot.gov/services/traffic-prod/v1/cameras/images?filename=I485_RhyneRd.jpg",
        "m3u8_url": null,
        "is_streaming": false
      }
    },
    {
      "type": "Feature",
      "geometry": {
        "type": "Point",
        "coordinates": [
          -80.965247,
          35.288087
        ]
      },
      "properties": {
        "id": 357,
        "name": "I-485 @ Mt. Holly Rd.",
        "roadId": 196,
        "countyId": 60,
        "mileMarker": 12.8,
        "status": "OK",
        "snapshot_url": "https://cfms.services.ncdot.gov/snapshots/chan-5169_h.jpg",
        "m3u8_url": null,
        "is_streaming": false
      }
    },
    {
      "type": "Feature",
      "geometry": {
        "type": "Point",
        "coordinates": [
          -80.959454,
          35.295408
        ]
      },
      "properties": {
        "id": 358,
        "name": "I-485 North of Mt. Holly",
        "roadId": 196,
        "countyId": 60,
        "mileMarker": 13.37,
        "status": "OK",
        "snapshot_url": "https://cfms.services.ncdot.gov/snapshots/chan-5301_h.jpg",
        "m3u8_url": null,
        "is_streaming": false
      }
    },
    {
      "type": "Feature",
      "geometry": {
        "type": "Point",
        "coordinates": [
          -80.956171,
          35.300276
        ]
      },
      "properties": {
        "id": 359,
        "name": "I-485 @ Gum Branch Rd.",
        "roadId": 196,
        "countyId": 60,
        "mileMarker": 13.7,
        "status": "OK",
        "snapshot_url": "https://eapps.ncdot.gov/services/traffic-prod/v1/cameras/images?filename=I485_GumBranchRd.jpg",
        "m3u8_url": null,
        "is_streaming": false
      }
    },
    {
      "type": "Feature",
      "geometry": {
        "type": "Point",
        "coordinates": [
          -80.952415,
          35.307211
        ]
      },
      "properties": {
        "id": 360,
        "name": "I-485 @ Long Creek South",
        "roadId": 196,
        "countyId": 60,
        "mileMarker": 14.25,
        "status": "OK",
        "snapshot_url": "https://cfms.services.ncdot.gov/snapshots/chan-5147_h.jpg",
        "m3u8_url": null,
        "is_streaming": false
      }
    },
    {
      "type": "Feature",
      "geometry": {
        "type": "Point",
        "coordinates": [
          -80.943446,
          35.319012
        ]
      },
      "properties": {
        "id": 362,
        "name": "I-485 South of Brookshire Blvd.",
        "roadId": 196,
        "countyId": 60,
        "mileMarker": 15.24,
        "status": "OK",
        "snapshot_url": "https://eapps.ncdot.gov/services/traffic-prod/v1/cameras/images?filename=I485_SofBrookshireBlvd.jpg",
        "m3u8_url": null,
        "is_streaming": false
      }
    },
    {
      "type": "Feature",
      "geometry": {
        "type": "Point",
        "coordinates": [
          -80.921026,
          35.329125
        ]
      },
      "properties": {
        "id": 364,
        "name": "I-485 South of Oakdale Rd.",
        "roadId": 196,
        "countyId": 60,
        "mileMarker": 16.63,
        "status": "OK",
        "snapshot_url": "https://cfms.services.ncdot.gov/snapshots/chan-5213_h.jpg",
        "m3u8_url": null,
        "is_streaming": false
      }
    },
    {
      "type": "Feature",
      "geometry": {
        "type": "Point",
        "coordinates": [
          -80.912999,
          35.332023
        ]
      },
      "properties": {
        "id": 365,
        "name": "I-485 @ Oakdale Rd.",
        "roadId": 196,
        "countyId": 60,
        "mileMarker": 17.14,
        "status": "OK",
        "snapshot_url": "https://cfms.services.ncdot.gov/snapshots/chan-5223_h.jpg",
        "m3u8_url": null,
        "is_streaming": false
      }
    },
    {
      "type": "Feature",
      "geometry": {
        "type": "Point",
        "coordinates": [
          -80.905104,
          35.33926
        ]
      },
      "properties": {
        "id": 366,
        "name": "I-485 @ Golf Course Rd.",
        "roadId": 196,
        "countyId": 60,
        "mileMarker": 17.78,
        "status": "OK",
        "snapshot_url": "https://cfms.services.ncdot.gov/snapshots/chan-5225_h.jpg",
        "m3u8_url": null,
        "is_streaming": false
      }
    },
    {
      "type": "Feature",
      "geometry": {
        "type": "Point",
        "coordinates": [
          -80.889103,
          35.339679
        ]
      },
      "properties": {
        "id": 368,
        "name": "I-485 South of Beatties Ford Rd.",
        "roadId": 196,
        "countyId": 60,
        "mileMarker": 18.7,
        "status": "OK",
        "snapshot_url": "https://cfms.services.ncdot.gov/snapshots/chan-5222_h.jpg",
        "m3u8_url": null,
        "is_streaming": false
      }
    },
    {
      "type": "Feature",
      "geometry": {
        "type": "Point",
        "coordinates": [
          -80.883043,
          35.342739
        ]
      },
      "properties": {
        "id": 369,
        "name": "I-485 North of Beatties Ford Rd.",
        "roadId": 196,
        "countyId": 60,
        "mileMarker": 19.1,
        "status": "OK",
        "snapshot_url": "https://eapps.ncdot.gov/services/traffic-prod/v1/cameras/images?filename=I485_NofBeattiesFordRd.jpg",
        "m3u8_url": null,
        "is_streaming": false
      }
    },
    {
      "type": "Feature",
      "geometry": {
        "type": "Point",
        "coordinates": [
          -80.866292,
          35.349253
        ]
      },
      "properties": {
        "id": 371,
        "name": "I-485 @ Harris Blvd.",
        "roadId": 196,
        "countyId": 60,
        "mileMarker": 20.15,
        "status": "OK",
        "snapshot_url": "https://eapps.ncdot.gov/services/traffic-prod/v1/cameras/images?filename=I485_HarrisBlvd.jpg",
        "m3u8_url": null,
        "is_streaming": false
      }
    },
    {
      "type": "Feature",
      "geometry": {
        "type": "Point",
        "coordinates": [
          -80.862203,
          35.353997
        ]
      },
      "properties": {
        "id": 372,
        "name": "I-485 North of Harris Blvd.",
        "roadId": 196,
        "countyId": 60,
        "mileMarker": 20.55,
        "status": "OK",
        "snapshot_url": "https://eapps.ncdot.gov/services/traffic-prod/v1/cameras/images?filename=I485_NofHarrisBlvd.jpg",
        "m3u8_url": null,
        "is_streaming": false
      }
    },
    {
      "type": "Feature",
      "geometry": {
        "type": "Point",
        "coordinates": [
          -80.856332,
          35.360191
        ]
      },
      "properties": {
        "id": 374,
        "name": "I-485 South of I-77",
        "roadId": 196,
        "countyId": 60,
        "mileMarker": 21.1,
        "status": "OK",
        "snapshot_url": "https://eapps.ncdot.gov/services/traffic-prod/v1/cameras/images?filename=I485_SofI77.jpg",
        "m3u8_url": null,
        "is_streaming": false
      }
    },
    {
      "type": "Feature",
      "geometry": {
        "type": "Point",
        "coordinates": [
          -80.708607,
          35.312311
        ]
      },
      "properties": {
        "id": 376,
        "name": "I-485 @ Univ. City Blvd.",
        "roadId": 196,
        "countyId": 60,
        "mileMarker": 33.3,
        "status": "OK",
        "snapshot_url": "https://eapps.ncdot.gov/services/traffic-prod/v1/cameras/images?filename=I485_UniversityCityBlvd.jpg",
        "m3u8_url": null,
        "is_streaming": false
      }
    },
    {
      "type": "Feature",
      "geometry": {
        "type": "Point",
        "coordinates": [
          -77.944786,
          34.22342
        ]
      },
      "properties": {
        "id": 379,
        "name": "US 421 (3rd St) at US 76 (Dawson St)",
        "roadId": 57,
        "countyId": 65,
        "mileMarker": null,
        "status": "OK",
        "snapshot_url": "https://eapps.ncdot.gov/services/traffic-prod/v1/cameras/images?filename=ThirdSt_DawsonSt.JPG",
        "m3u8_url": null,
        "is_streaming": false
      }
    },
    {
      "type": "Feature",
      "geometry": {
        "type": "Point",
        "coordinates": [
          -77.946729,
          34.252679
        ]
      },
      "properties": {
        "id": 382,
        "name": "US 74/NC 133 (MLK Pkwy) at Isabel Holmes Bridge (East side)",
        "roadId": 21,
        "countyId": 65,
        "mileMarker": null,
        "status": "OK",
        "snapshot_url": "https://eapps.ncdot.gov/services/traffic-prod/v1/cameras/images?filename=MLK_HolmesBr.JPG",
        "m3u8_url": null,
        "is_streaming": false
      }
    },
    {
      "type": "Feature",
      "geometry": {
        "type": "Point",
        "coordinates": [
          -77.870622,
          34.255399
        ]
      },
      "properties": {
        "id": 383,
        "name": "US 117/NC 132 (College Rd) at US 74 (MLK Pkwy)",
        "roadId": 131,
        "countyId": 65,
        "mileMarker": null,
        "status": "OK",
        "snapshot_url": "https://eapps.ncdot.gov/services/traffic-prod/v1/cameras/images?filename=CollegeRd_US74.JPG",
        "m3u8_url": null,
        "is_streaming": false
      }
    },
    {
      "type": "Feature",
      "geometry": {
        "type": "Point",
        "coordinates": [
          -77.888778,
          34.199339
        ]
      },
      "properties": {
        "id": 389,
        "name": "NC 132 (College Rd) at US 117 (Shipyard Blvd)",
        "roadId": 201,
        "countyId": 65,
        "mileMarker": null,
        "status": "OK",
        "snapshot_url": "https://eapps.ncdot.gov/services/traffic-prod/v1/cameras/images?filename=CollegeRd_ShipyardBlvd.JPG",
        "m3u8_url": null,
        "is_streaming": false
      }
    },
    {
      "type": "Feature",
      "geometry": {
        "type": "Point",
        "coordinates": [
          -77.83,
          34.224419
        ]
      },
      "properties": {
        "id": 390,
        "name": "Military Cutoff Rd at Allens Ln",
        "roadId": 0,
        "countyId": 65,
        "mileMarker": null,
        "status": "OK",
        "snapshot_url": "https://eapps.ncdot.gov/services/traffic-prod/v1/cameras/images?filename=MarketSt_AllensLn.JPG",
        "m3u8_url": null,
        "is_streaming": false
      }
    },
    {
      "type": "Feature",
      "geometry": {
        "type": "Point",
        "coordinates": [
          -77.885535,
          34.217887
        ]
      },
      "properties": {
        "id": 391,
        "name": "US 117/NC 132 (College Rd) at Wilshire Blvd",
        "roadId": 131,
        "countyId": 65,
        "mileMarker": null,
        "status": "OK",
        "snapshot_url": "https://eapps.ncdot.gov/services/traffic-prod/v1/cameras/images?filename=CollegeRd_WilshireBlvd.JPG",
        "m3u8_url": null,
        "is_streaming": false
      }
    },
    {
      "type": "Feature",
      "geometry": {
        "type": "Point",
        "coordinates": [
          -77.893278,
          34.139643
        ]
      },
      "properties": {
        "id": 393,
        "name": "US 421 (Carolina Beach Rd) at NC 132 (College Rd) / Piner Rd",
        "roadId": 57,
        "countyId": 65,
        "mileMarker": null,
        "status": "OK",
        "snapshot_url": "https://eapps.ncdot.gov/services/traffic-prod/v1/cameras/images?filename=CarolinaBeach_PinerRd.JPG",
        "m3u8_url": null,
        "is_streaming": false
      }
    },
    {
      "type": "Feature",
      "geometry": {
        "type": "Point",
        "coordinates": [
          -77.899855,
          34.125756
        ]
      },
      "properties": {
        "id": 394,
        "name": "US 421 (Carolina Beach Rd) at Sanders Rd",
        "roadId": 57,
        "countyId": 65,
        "mileMarker": null,
        "status": "OK",
        "snapshot_url": "https://eapps.ncdot.gov/services/traffic-prod/v1/cameras/images?filename=US421_SandersRd.JPG",
        "m3u8_url": null,
        "is_streaming": false
      }
    },
    {
      "type": "Feature",
      "geometry": {
        "type": "Point",
        "coordinates": [
          -77.921177,
          34.168322
        ]
      },
      "properties": {
        "id": 395,
        "name": "US 421 (Carolina Beach Rd) at George Anderson Dr",
        "roadId": 57,
        "countyId": 65,
        "mileMarker": null,
        "status": "OK",
        "snapshot_url": "https://eapps.ncdot.gov/services/traffic-prod/v1/cameras/images?filename=CarolinaBeach_EchoFarms.JPG",
        "m3u8_url": null,
        "is_streaming": false
      }
    },
    {
      "type": "Feature",
      "geometry": {
        "type": "Point",
        "coordinates": [
          -77.826458,
          34.252145
        ]
      },
      "properties": {
        "id": 398,
        "name": "Military Cutoff Rd at Station Rd",
        "roadId": 0,
        "countyId": 65,
        "mileMarker": null,
        "status": "OK",
        "snapshot_url": "https://eapps.ncdot.gov/services/traffic-prod/v1/cameras/images?filename=MilitaryCutoff_Station.JPG",
        "m3u8_url": null,
        "is_streaming": false
      }
    },
    {
      "type": "Feature",
      "geometry": {
        "type": "Point",
        "coordinates": [
          -77.909042,
          34.193628
        ]
      },
      "properties": {
        "id": 400,
        "name": "Independence Blvd at US 117 (Shipyard Blvd)",
        "roadId": 0,
        "countyId": 65,
        "mileMarker": null,
        "status": "OK",
        "snapshot_url": "https://eapps.ncdot.gov/services/traffic-prod/v1/cameras/images?filename=IndependenceBlvd_ShipyardBlvd.JPG",
        "m3u8_url": null,
        "is_streaming": false
      }
    },
    {
      "type": "Feature",
      "geometry": {
        "type": "Point",
        "coordinates": [
          -77.861322,
          34.248739
        ]
      },
      "properties": {
        "id": 401,
        "name": "US 17 Bus (Market St) at US 74 (MLK Pkwy / Eastwood Rd)",
        "roadId": 33,
        "countyId": 65,
        "mileMarker": null,
        "status": "OK",
        "snapshot_url": "https://eapps.ncdot.gov/services/traffic-prod/v1/cameras/images?filename=MarketSt_Eastwood.JPG",
        "m3u8_url": null,
        "is_streaming": false
      }
    },
    {
      "type": "Feature",
      "geometry": {
        "type": "Point",
        "coordinates": [
          -77.862922,
          34.244393
        ]
      },
      "properties": {
        "id": 402,
        "name": "US 74 (Eastwood Rd) at Racine Dr",
        "roadId": 21,
        "countyId": 65,
        "mileMarker": null,
        "status": "OK",
        "snapshot_url": "https://eapps.ncdot.gov/services/traffic-prod/v1/cameras/images?filename=OldEastwood_Racine.JPG",
        "m3u8_url": null,
        "is_streaming": false
      }
    },
    {
      "type": "Feature",
      "geometry": {
        "type": "Point",
        "coordinates": [
          -77.925476,
          34.226816
        ]
      },
      "properties": {
        "id": 403,
        "name": "US 76 (Oleander Dr) at US 76 (Wooster St) / 17th St",
        "roadId": 56,
        "countyId": 65,
        "mileMarker": null,
        "status": "OK",
        "snapshot_url": "https://eapps.ncdot.gov/services/traffic-prod/v1/cameras/images?filename=OleanderDr_US76.JPG",
        "m3u8_url": null,
        "is_streaming": false
      }
    },
    {
      "type": "Feature",
      "geometry": {
        "type": "Point",
        "coordinates": [
          -77.946295,
          34.225704
        ]
      },
      "properties": {
        "id": 404,
        "name": "US 76/421 at Cape Fear Memorial Bridge (East side)",
        "roadId": 57,
        "countyId": 65,
        "mileMarker": null,
        "status": "OK",
        "snapshot_url": "https://eapps.ncdot.gov/services/traffic-prod/v1/cameras/images?filename=US76_CFMB.JPG",
        "m3u8_url": null,
        "is_streaming": false
      }
    },
    {
      "type": "Feature",
      "geometry": {
        "type": "Point",
        "coordinates": [
          -77.9047,
          34.2206
        ]
      },
      "properties": {
        "id": 407,
        "name": "Independence Blvd @ Park Ave",
        "roadId": 0,
        "countyId": 65,
        "mileMarker": null,
        "status": "OK",
        "snapshot_url": "https://eapps.ncdot.gov/services/traffic-prod/v1/cameras/images?filename=IndependenceBlvd_ParkAve.JPG",
        "m3u8_url": null,
        "is_streaming": false
      }
    },
    {
      "type": "Feature",
      "geometry": {
        "type": "Point",
        "coordinates": [
          -77.870745,
          34.239723
        ]
      },
      "properties": {
        "id": 408,
        "name": "US 117/NC 132 (College Rd) at Oriole Dr",
        "roadId": 131,
        "countyId": 65,
        "mileMarker": null,
        "status": "OK",
        "snapshot_url": "https://eapps.ncdot.gov/services/traffic-prod/v1/cameras/images?filename=CollegeRd_OrioleDr.JPG",
        "m3u8_url": null,
        "is_streaming": false
      }
    },
    {
      "type": "Feature",
      "geometry": {
        "type": "Point",
        "coordinates": [
          -77.890932,
          34.174698
        ]
      },
      "properties": {
        "id": 409,
        "name": "NC 132 (College Rd) at 17th St / Waltmoor Rd",
        "roadId": 201,
        "countyId": 65,
        "mileMarker": null,
        "status": "OK",
        "snapshot_url": "https://eapps.ncdot.gov/services/traffic-prod/v1/cameras/images?filename=CollegeRd_17thSt.JPG",
        "m3u8_url": null,
        "is_streaming": false
      }
    },
    {
      "type": "Feature",
      "geometry": {
        "type": "Point",
        "coordinates": [
          -78.782101,
          35.840499
        ]
      },
      "properties": {
        "id": 411,
        "name": "I-40 & Reedy Creek Rd.",
        "roadId": 1,
        "countyId": 92,
        "mileMarker": 286.0,
        "status": "OK",
        "snapshot_url": "https://eapps.ncdot.gov/services/traffic-prod/v1/cameras/images?filename=I40_ReedyCreek.JPG",
        "m3u8_url": null,
        "is_streaming": false
      }
    },
    {
      "type": "Feature",
      "geometry": {
        "type": "Point",
        "coordinates": [
          -78.744979,
          35.792475
        ]
      },
      "properties": {
        "id": 412,
        "name": "I-40 & NC 54 - Cary",
        "roadId": 1,
        "countyId": 92,
        "mileMarker": 290.0,
        "status": "OK",
        "snapshot_url": "https://eapps.ncdot.gov/services/traffic-prod/v1/cameras/images?filename=I40_NC54_Cary.JPG",
        "m3u8_url": null,
        "is_streaming": false
      }
    },
    {
      "type": "Feature",
      "geometry": {
        "type": "Point",
        "coordinates": [
          -78.694618,
          35.751841
        ]
      },
      "properties": {
        "id": 413,
        "name": "I-40 & Trailwood Dr.",
        "roadId": 1,
        "countyId": 92,
        "mileMarker": 295.0,
        "status": "OK",
        "snapshot_url": "https://eapps.ncdot.gov/services/traffic-prod/v1/cameras/images?filename=I40_Trailwood.JPG",
        "m3u8_url": null,
        "is_streaming": false
      }
    },
    {
      "type": "Feature",
      "geometry": {
        "type": "Point",
        "coordinates": [
          -78.665714,
          35.757344
        ]
      },
      "properties": {
        "id": 414,
        "name": "I-40 & Lake Wheeler Rd.",
        "roadId": 1,
        "countyId": 92,
        "mileMarker": 297.0,
        "status": "OK",
        "snapshot_url": "https://eapps.ncdot.gov/services/traffic-prod/v1/cameras/images?filename=I40_LakeWheelerRd.JPG",
        "m3u8_url": null,
        "is_streaming": false
      }
    },
    {
      "type": "Feature",
      "geometry": {
        "type": "Point",
        "coordinates": [
          -78.648934,
          35.752886
        ]
      },
      "properties": {
        "id": 415,
        "name": "I-40 & S. Saunders St",
        "roadId": 1,
        "countyId": 92,
        "mileMarker": 298.0,
        "status": "OK",
        "snapshot_url": "https://eapps.ncdot.gov/services/traffic-prod/v1/cameras/images?filename=I40_SSaunders.JPG",
        "m3u8_url": null,
        "is_streaming": false
      }
    },
    {
      "type": "Feature",
      "geometry": {
        "type": "Point",
        "coordinates": [
          -78.612885,
          35.757727
        ]
      },
      "properties": {
        "id": 416,
        "name": "I-40 & Rock Quarry Rd.",
        "roadId": 1,
        "countyId": 92,
        "mileMarker": 300.0,
        "status": "OK",
        "snapshot_url": "https://eapps.ncdot.gov/services/traffic-prod/v1/cameras/images?filename=I40_RockQuarryRd.JPG",
        "m3u8_url": null,
        "is_streaming": false
      }
    },
    {
      "type": "Feature",
      "geometry": {
        "type": "Point",
        "coordinates": [
          -78.936124,
          36.013456
        ]
      },
      "properties": {
        "id": 420,
        "name": "NC 147 & Hillandale Rd/Fulton St.",
        "roadId": 138,
        "countyId": 32,
        "mileMarker": 15.0,
        "status": "OK",
        "snapshot_url": "https://eapps.ncdot.gov/services/traffic-prod/v1/cameras/images?filename=NC147_HillandaleRd.JPG",
        "m3u8_url": null,
        "is_streaming": false
      }
    },
    {
      "type": "Feature",
      "geometry": {
        "type": "Point",
        "coordinates": [
          -78.923206,
          36.005264
        ]
      },
      "properties": {
        "id": 421,
        "name": "NC 147 & Erwin Rd.",
        "roadId": 138,
        "countyId": 32,
        "mileMarker": 14.0,
        "status": "OK",
        "snapshot_url": "https://eapps.ncdot.gov/services/traffic-prod/v1/cameras/images?filename=NC147_ErwinRd.JPG",
        "m3u8_url": null,
        "is_streaming": false
      }
    },
    {
      "type": "Feature",
      "geometry": {
        "type": "Point",
        "coordinates": [
          -78.872309,
          35.974464
        ]
      },
      "properties": {
        "id": 422,
        "name": "NC 147 & Briggs Ave.",
        "roadId": 138,
        "countyId": 32,
        "mileMarker": 10.0,
        "status": "OK",
        "snapshot_url": "https://eapps.ncdot.gov/services/traffic-prod/v1/cameras/images?filename=NC147_BriggsAve.JPG",
        "m3u8_url": null,
        "is_streaming": false
      }
    },
    {
      "type": "Feature",
      "geometry": {
        "type": "Point",
        "coordinates": [
          -78.863854,
          35.956402
        ]
      },
      "properties": {
        "id": 423,
        "name": "NC 147 & Glover Rd.",
        "roadId": 138,
        "countyId": 32,
        "mileMarker": 9.0,
        "status": "OK",
        "snapshot_url": "https://eapps.ncdot.gov/services/traffic-prod/v1/cameras/images?filename=NC147_GloverRd.JPG",
        "m3u8_url": null,
        "is_streaming": false
      }
    },
    {
      "type": "Feature",
      "geometry": {
        "type": "Point",
        "coordinates": [
          -78.859305,
          35.939552
        ]
      },
      "properties": {
        "id": 424,
        "name": "NC 147 & Ellis Rd.",
        "roadId": 138,
        "countyId": 32,
        "mileMarker": 8.0,
        "status": "OK",
        "snapshot_url": "https://eapps.ncdot.gov/services/traffic-prod/v1/cameras/images?filename=NC147_EllisRd.JPG",
        "m3u8_url": null,
        "is_streaming": false
      }
    },
    {
      "type": "Feature",
      "geometry": {
        "type": "Point",
        "coordinates": [
          -79.12677574868775,
          36.05749137309068
        ]
      },
      "properties": {
        "id": 426,
        "name": "I-40/I-85",
        "roadId": 2,
        "countyId": 68,
        "mileMarker": 163.0,
        "status": "OK",
        "snapshot_url": "https://eapps.ncdot.gov/services/traffic-prod/v1/cameras/images?filename=I40_I85.JPG",
        "m3u8_url": null,
        "is_streaming": false
      }
    },
    {
      "type": "Feature",
      "geometry": {
        "type": "Point",
        "coordinates": [
          -79.104095,
          36.056975
        ]
      },
      "properties": {
        "id": 427,
        "name": "I-85 & Churton St.",
        "roadId": 2,
        "countyId": 68,
        "mileMarker": 164.0,
        "status": "OK",
        "snapshot_url": "https://eapps.ncdot.gov/services/traffic-prod/v1/cameras/images?filename=I85_Churton.JPG",
        "m3u8_url": null,
        "is_streaming": false
      }
    },
    {
      "type": "Feature",
      "geometry": {
        "type": "Point",
        "coordinates": [
          -79.082465,
          36.058987
        ]
      },
      "properties": {
        "id": 429,
        "name": "I-85 & NC 86",
        "roadId": 2,
        "countyId": 68,
        "mileMarker": 165.0,
        "status": "OK",
        "snapshot_url": "https://eapps.ncdot.gov/services/traffic-prod/v1/cameras/images?filename=I85_NC86.JPG",
        "m3u8_url": null,
        "is_streaming": false
      }
    },
    {
      "type": "Feature",
      "geometry": {
        "type": "Point",
        "coordinates": [
          -79.058776,
          36.050903
        ]
      },
      "properties": {
        "id": 430,
        "name": "I-85 at mm 167.5",
        "roadId": 2,
        "countyId": 68,
        "mileMarker": 167.5,
        "status": "OK",
        "snapshot_url": "https://eapps.ncdot.gov/services/traffic-prod/v1/cameras/images?filename=I85_mm167.JPG",
        "m3u8_url": null,
        "is_streaming": false
      }
    },
    {
      "type": "Feature",
      "geometry": {
        "type": "Point",
        "coordinates": [
          -79.019165,
          36.038724
        ]
      },
      "properties": {
        "id": 431,
        "name": "I-85 south of US 70",
        "roadId": 2,
        "countyId": 68,
        "mileMarker": 169.0,
        "status": "OK",
        "snapshot_url": "https://eapps.ncdot.gov/services/traffic-prod/v1/cameras/images?filename=I85_mm169.JPG",
        "m3u8_url": null,
        "is_streaming": false
      }
    },
    {
      "type": "Feature",
      "geometry": {
        "type": "Point",
        "coordinates": [
          -78.985906,
          36.038099
        ]
      },
      "properties": {
        "id": 432,
        "name": "I-85 @ mm 171",
        "roadId": 2,
        "countyId": 32,
        "mileMarker": 171.0,
        "status": "OK",
        "snapshot_url": "https://eapps.ncdot.gov/services/traffic-prod/v1/cameras/images?filename=I85_mm171.JPG",
        "m3u8_url": null,
        "is_streaming": false
      }
    },
    {
      "type": "Feature",
      "geometry": {
        "type": "Point",
        "coordinates": [
          -78.969297,
          36.035184
        ]
      },
      "properties": {
        "id": 433,
        "name": "I-85 & NC 147",
        "roadId": 2,
        "countyId": 32,
        "mileMarker": 172.0,
        "status": "OK",
        "snapshot_url": "https://eapps.ncdot.gov/services/traffic-prod/v1/cameras/images?filename=I85_NC147.JPG",
        "m3u8_url": null,
        "is_streaming": false
      }
    },
    {
      "type": "Feature",
      "geometry": {
        "type": "Point",
        "coordinates": [
          -78.956938,
          36.027514
        ]
      },
      "properties": {
        "id": 434,
        "name": "I-85 & US 15-501",
        "roadId": 2,
        "countyId": 32,
        "mileMarker": 173.0,
        "status": "OK",
        "snapshot_url": "https://eapps.ncdot.gov/services/traffic-prod/v1/cameras/images?filename=I85_US15-501.JPG",
        "m3u8_url": null,
        "is_streaming": false
      }
    },
    {
      "type": "Feature",
      "geometry": {
        "type": "Point",
        "coordinates": [
          -78.905482,
          36.020815
        ]
      },
      "properties": {
        "id": 435,
        "name": "I-85 & Duke St.",
        "roadId": 2,
        "countyId": 32,
        "mileMarker": 176.0,
        "status": "OK",
        "snapshot_url": "https://eapps.ncdot.gov/services/traffic-prod/v1/cameras/images?filename=I85_DukeSt.JPG",
        "m3u8_url": null,
        "is_streaming": false
      }
    },
    {
      "type": "Feature",
      "geometry": {
        "type": "Point",
        "coordinates": [
          -78.887093,
          36.014255
        ]
      },
      "properties": {
        "id": 436,
        "name": "I-85 & Avondale Dr.",
        "roadId": 2,
        "countyId": 32,
        "mileMarker": 177.0,
        "status": "OK",
        "snapshot_url": "https://eapps.ncdot.gov/services/traffic-prod/v1/cameras/images?filename=I85_AvondaleDr.JPG",
        "m3u8_url": null,
        "is_streaming": false
      }
    },
    {
      "type": "Feature",
      "geometry": {
        "type": "Point",
        "coordinates": [
          -78.874326,
          36.013248
        ]
      },
      "properties": {
        "id": 438,
        "name": "I-85 & US 70",
        "roadId": 2,
        "countyId": 32,
        "mileMarker": 178.0,
        "status": "OK",
        "snapshot_url": "https://eapps.ncdot.gov/services/traffic-prod/v1/cameras/images?filename=I85_US70.JPG",
        "m3u8_url": null,
        "is_streaming": false
      }
    },
    {
      "type": "Feature",
      "geometry": {
        "type": "Point",
        "coordinates": [
          -78.813643,
          35.891901
        ]
      },
      "properties": {
        "id": 440,
        "name": "I-540 & Aviation Pkwy",
        "roadId": 3814,
        "countyId": 92,
        "mileMarker": 1.0,
        "status": "OK",
        "snapshot_url": "https://eapps.ncdot.gov/services/traffic-prod/v1/cameras/images?filename=I540_AviationPkwy.JPG",
        "m3u8_url": null,
        "is_streaming": false
      }
    },
    {
      "type": "Feature",
      "geometry": {
        "type": "Point",
        "coordinates": [
          -78.803129,
          35.894717
        ]
      },
      "properties": {
        "id": 441,
        "name": "I-540 & Globe Rd",
        "roadId": 3814,
        "countyId": 92,
        "mileMarker": 2.0,
        "status": "OK",
        "snapshot_url": "https://eapps.ncdot.gov/services/traffic-prod/v1/cameras/images?filename=I540_GlobeRd.JPG",
        "m3u8_url": null,
        "is_streaming": false
      }
    },
    {
      "type": "Feature",
      "geometry": {
        "type": "Point",
        "coordinates": [
          -78.784504,
          35.89868
        ]
      },
      "properties": {
        "id": 444,
        "name": "I-540 & Lumley Rd",
        "roadId": 3814,
        "countyId": 92,
        "mileMarker": 3.0,
        "status": "OK",
        "snapshot_url": "https://eapps.ncdot.gov/services/traffic-prod/v1/cameras/images?filename=I540_LumleyRd.JPG",
        "m3u8_url": null,
        "is_streaming": false
      }
    },
    {
      "type": "Feature",
      "geometry": {
        "type": "Point",
        "coordinates": [
          -78.590784,
          35.884009
        ]
      },
      "properties": {
        "id": 448,
        "name": "I-540 & Gresham Lake Rd",
        "roadId": 3814,
        "countyId": 92,
        "mileMarker": 15.0,
        "status": "OK",
        "snapshot_url": "https://eapps.ncdot.gov/services/traffic-prod/v1/cameras/images?filename=Gresham_lk_540.JPG",
        "m3u8_url": null,
        "is_streaming": false
      }
    },
    {
      "type": "Feature",
      "geometry": {
        "type": "Point",
        "coordinates": [
          -78.548813,
          35.861857
        ]
      },
      "properties": {
        "id": 451,
        "name": "I-540 & US 401",
        "roadId": 3814,
        "countyId": 92,
        "mileMarker": 18.0,
        "status": "OK",
        "snapshot_url": "https://eapps.ncdot.gov/services/traffic-prod/v1/cameras/images?filename=I540_US401.JPG",
        "m3u8_url": null,
        "is_streaming": false
      }
    },
    {
      "type": "Feature",
      "geometry": {
        "type": "Point",
        "coordinates": [
          -78.522334,
          35.846448
        ]
      },
      "properties": {
        "id": 453,
        "name": "I-540 & Buffalo Rd.",
        "roadId": 3814,
        "countyId": 92,
        "mileMarker": 20.0,
        "status": "OK",
        "snapshot_url": "https://eapps.ncdot.gov/services/traffic-prod/v1/cameras/images?filename=I540_BuffaloRd.JPG",
        "m3u8_url": null,
        "is_streaming": false
      }
    },
    {
      "type": "Feature",
      "geometry": {
        "type": "Point",
        "coordinates": [
          -78.516154,
          35.82091
        ]
      },
      "properties": {
        "id": 454,
        "name": "I-540 & Old Milburnie Rd.",
        "roadId": 3814,
        "countyId": 92,
        "mileMarker": 22.0,
        "status": "OK",
        "snapshot_url": "https://eapps.ncdot.gov/services/traffic-prod/v1/cameras/images?filename=I540_OldMilburnieRd.JPG",
        "m3u8_url": null,
        "is_streaming": false
      }
    },
    {
      "type": "Feature",
      "geometry": {
        "type": "Point",
        "coordinates": [
          -78.515081,
          35.795469
        ]
      },
      "properties": {
        "id": 455,
        "name": "I-540 & US 64 Bus (Knightdale Blvd)",
        "roadId": 3814,
        "countyId": 92,
        "mileMarker": 24.0,
        "status": "OK",
        "snapshot_url": "https://eapps.ncdot.gov/services/traffic-prod/v1/cameras/images?filename=I540_US64_Bus.jpg",
        "m3u8_url": null,
        "is_streaming": false
      }
    },
    {
      "type": "Feature",
      "geometry": {
        "type": "Point",
        "coordinates": [
          -78.863569,
          35.85173
        ]
      },
      "properties": {
        "id": 457,
        "name": "NC 540 & Davis Dr.",
        "roadId": 3814,
        "countyId": 92,
        "mileMarker": 67.0,
        "status": "OK",
        "snapshot_url": "https://eapps.ncdot.gov/services/traffic-prod/v1/cameras/images?filename=Toll540_DavisDr.JPG",
        "m3u8_url": null,
        "is_streaming": false
      }
    },
    {
      "type": "Feature",
      "geometry": {
        "type": "Point",
        "coordinates": [
          -78.886728,
          35.84116
        ]
      },
      "properties": {
        "id": 458,
        "name": "NC 540 (Toll) & NC 55",
        "roadId": 3814,
        "countyId": 92,
        "mileMarker": 66.0,
        "status": "OK",
        "snapshot_url": "https://eapps.ncdot.gov/services/traffic-prod/v1/cameras/images?filename=Toll540_NC55.JPG",
        "m3u8_url": null,
        "is_streaming": false
      }
    },
    {
      "type": "Feature",
      "geometry": {
        "type": "Point",
        "coordinates": [
          -79.03751648729559,
          35.96992707123884
        ]
      },
      "properties": {
        "id": 460,
        "name": "I-40 & Sunrise Rd.",
        "roadId": 1,
        "countyId": 68,
        "mileMarker": 268.0,
        "status": "OK",
        "snapshot_url": "https://eapps.ncdot.gov/services/traffic-prod/v1/cameras/images?filename=I40_SunriseRd.JPG",
        "m3u8_url": null,
        "is_streaming": false
      }
    },
    {
      "type": "Feature",
      "geometry": {
        "type": "Point",
        "coordinates": [
          -79.012427,
          35.959876
        ]
      },
      "properties": {
        "id": 461,
        "name": "I-40 & Erwin Rd.",
        "roadId": 1,
        "countyId": 68,
        "mileMarker": 269.0,
        "status": "OK",
        "snapshot_url": "https://eapps.ncdot.gov/services/traffic-prod/v1/cameras/images?filename=I40_Erwin.JPG",
        "m3u8_url": null,
        "is_streaming": false
      }
    },
    {
      "type": "Feature",
      "geometry": {
        "type": "Point",
        "coordinates": [
          -79.07373025111255,
          35.98311343471036
        ]
      },
      "properties": {
        "id": 462,
        "name": "I-40 & Milhouse Rd.",
        "roadId": 1,
        "countyId": 68,
        "mileMarker": 264.0,
        "status": "OK",
        "snapshot_url": "https://eapps.ncdot.gov/services/traffic-prod/v1/cameras/images?filename=I40_MillhouseRd.JPG",
        "m3u8_url": null,
        "is_streaming": false
      }
    },
    {
      "type": "Feature",
      "geometry": {
        "type": "Point",
        "coordinates": [
          -79.06405481881738,
          35.97165809456665
        ]
      },
      "properties": {
        "id": 464,
        "name": "I-40 & NC 86",
        "roadId": 1,
        "countyId": 68,
        "mileMarker": 266.0,
        "status": "OK",
        "snapshot_url": "https://eapps.ncdot.gov/services/traffic-prod/v1/cameras/images?filename=I40_NC86.JPG",
        "m3u8_url": null,
        "is_streaming": false
      }
    },
    {
      "type": "Feature",
      "geometry": {
        "type": "Point",
        "coordinates": [
          -79.08463071839884,
          36.00958442427514
        ]
      },
      "properties": {
        "id": 466,
        "name": "I-40 & New Hope Church Rd.",
        "roadId": 1,
        "countyId": 68,
        "mileMarker": 263.0,
        "status": "OK",
        "snapshot_url": "https://eapps.ncdot.gov/services/traffic-prod/v1/cameras/images?filename=I40_NewHopeChurch.JPG",
        "m3u8_url": null,
        "is_streaming": false
      }
    },
    {
      "type": "Feature",
      "geometry": {
        "type": "Point",
        "coordinates": [
          -80.54158,
          35.59165
        ]
      },
      "properties": {
        "id": 475,
        "name": "I-85 at Mile Marker 70",
        "roadId": 2,
        "countyId": 80,
        "mileMarker": 70.0,
        "status": "OK",
        "snapshot_url": "https://eapps.ncdot.gov/services/traffic-prod/v1/cameras/images?filename=I85_mm70.jpg",
        "m3u8_url": null,
        "is_streaming": false
      }
    },
    {
      "type": "Feature",
      "geometry": {
        "type": "Point",
        "coordinates": [
          -80.55177,
          35.58306
        ]
      },
      "properties": {
        "id": 476,
        "name": "I-85 at US-29",
        "roadId": 2,
        "countyId": 80,
        "mileMarker": 70.0,
        "status": "OK",
        "snapshot_url": "https://eapps.ncdot.gov/services/traffic-prod/v1/cameras/images?filename=I85_mm68.jpg",
        "m3u8_url": null,
        "is_streaming": false
      }
    },
    {
      "type": "Feature",
      "geometry": {
        "type": "Point",
        "coordinates": [
          -80.518713,
          35.610453
        ]
      },
      "properties": {
        "id": 477,
        "name": "I-85 at Peeler Rd",
        "roadId": 2,
        "countyId": 80,
        "mileMarker": 71.0,
        "status": "OK",
        "snapshot_url": "https://eapps.ncdot.gov/services/traffic-prod/v1/cameras/images?filename=I85_PeelerRd.jpg",
        "m3u8_url": null,
        "is_streaming": false
      }
    },
    {
      "type": "Feature",
      "geometry": {
        "type": "Point",
        "coordinates": [
          -80.527511,
          35.603056
        ]
      },
      "properties": {
        "id": 478,
        "name": "I-85 at Webb Rd",
        "roadId": 2,
        "countyId": 80,
        "mileMarker": 71.0,
        "status": "OK",
        "snapshot_url": "https://eapps.ncdot.gov/services/traffic-prod/v1/cameras/images?filename=I85_WebbRd.jpg",
        "m3u8_url": null,
        "is_streaming": false
      }
    },
    {
      "type": "Feature",
      "geometry": {
        "type": "Point",
        "coordinates": [
          -80.509443,
          35.618128
        ]
      },
      "properties": {
        "id": 479,
        "name": "I-85 at Peach Orchard Rd",
        "roadId": 2,
        "countyId": 80,
        "mileMarker": 72.0,
        "status": "OK",
        "snapshot_url": "https://eapps.ncdot.gov/services/traffic-prod/v1/cameras/images?filename=I85_PeachOrchardRd.jpg",
        "m3u8_url": null,
        "is_streaming": false
      }
    },
    {
      "type": "Feature",
      "geometry": {
        "type": "Point",
        "coordinates": [
          -80.490732,
          35.633861
        ]
      },
      "properties": {
        "id": 480,
        "name": "I-85 at Julian Rd",
        "roadId": 2,
        "countyId": 80,
        "mileMarker": 73.0,
        "status": "OK",
        "snapshot_url": "https://eapps.ncdot.gov/services/traffic-prod/v1/cameras/images?filename=I85_JulianRd.jpg",
        "m3u8_url": null,
        "is_streaming": false
      }
    },
    {
      "type": "Feature",
      "geometry": {
        "type": "Point",
        "coordinates": [
          -80.45966,
          35.65814
        ]
      },
      "properties": {
        "id": 484,
        "name": "I-85 South at East Innes St",
        "roadId": 2,
        "countyId": 80,
        "mileMarker": 76.0,
        "status": "OK",
        "snapshot_url": "https://eapps.ncdot.gov/services/traffic-prod/v1/cameras/images?filename=I85_InnesStSB.jpg",
        "m3u8_url": null,
        "is_streaming": false
      }
    },
    {
      "type": "Feature",
      "geometry": {
        "type": "Point",
        "coordinates": [
          -80.446873,
          35.664061
        ]
      },
      "properties": {
        "id": 485,
        "name": "I-85 at Bringle Ferry Rd",
        "roadId": 2,
        "countyId": 80,
        "mileMarker": 77.0,
        "status": "OK",
        "snapshot_url": "https://eapps.ncdot.gov/services/traffic-prod/v1/cameras/images?filename=I85_BringleFerryRd.jpg",
        "m3u8_url": null,
        "is_streaming": false
      }
    },
    {
      "type": "Feature",
      "geometry": {
        "type": "Point",
        "coordinates": [
          -80.413613,
          35.678529
        ]
      },
      "properties": {
        "id": 487,
        "name": "I-85 at Old Union Church Rd",
        "roadId": 2,
        "countyId": 80,
        "mileMarker": 79.0,
        "status": "OK",
        "snapshot_url": "https://eapps.ncdot.gov/services/traffic-prod/v1/cameras/images?filename=I85_OldUnionChurchSt.jpg",
        "m3u8_url": null,
        "is_streaming": false
      }
    },
    {
      "type": "Feature",
      "geometry": {
        "type": "Point",
        "coordinates": [
          -80.45852,
          35.65674
        ]
      },
      "properties": {
        "id": 489,
        "name": "I-85 North at US-52 (Innes St)",
        "roadId": 2,
        "countyId": 80,
        "mileMarker": 76.0,
        "status": "OK",
        "snapshot_url": "https://eapps.ncdot.gov/services/traffic-prod/v1/cameras/images?filename=I85_InnesStNB.jpg",
        "m3u8_url": null,
        "is_streaming": false
      }
    },
    {
      "type": "Feature",
      "geometry": {
        "type": "Point",
        "coordinates": [
          -76.010671,
          35.900975
        ]
      },
      "properties": {
        "id": 504,
        "name": "US-64 - Alligator Bridge",
        "roadId": 10,
        "countyId": 89,
        "mileMarker": null,
        "status": "OK",
        "snapshot_url": "https://eapps.ncdot.gov/services/traffic-prod/v1/cameras/images?filename=US64_AlligatorBr.jpg",
        "m3u8_url": null,
        "is_streaming": false
      }
    },
    {
      "type": "Feature",
      "geometry": {
        "type": "Point",
        "coordinates": [
          -78.891642,
          35.747383
        ]
      },
      "properties": {
        "id": 505,
        "name": "NC 540 (Toll) & US-64",
        "roadId": 3852,
        "countyId": 92,
        "mileMarker": 59.0,
        "status": "OK",
        "snapshot_url": "https://eapps.ncdot.gov/services/traffic-prod/v1/cameras/images?filename=Toll540_US64.JPG",
        "m3u8_url": null,
        "is_streaming": false
      }
    },
    {
      "type": "Feature",
      "geometry": {
        "type": "Point",
        "coordinates": [
          -78.88722,
          35.767357
        ]
      },
      "properties": {
        "id": 506,
        "name": "NC 540 (Toll) & Roberts Road",
        "roadId": 3852,
        "countyId": 92,
        "mileMarker": 61.0,
        "status": "OK",
        "snapshot_url": "https://eapps.ncdot.gov/services/traffic-prod/v1/cameras/images?filename=Toll540_RobertsRd.JPG",
        "m3u8_url": null,
        "is_streaming": false
      }
    },
    {
      "type": "Feature",
      "geometry": {
        "type": "Point",
        "coordinates": [
          -78.885906,
          35.783732
        ]
      },
      "properties": {
        "id": 507,
        "name": "NC 540 (Toll) & Green Level West Rd",
        "roadId": 3852,
        "countyId": 92,
        "mileMarker": 62.0,
        "status": "OK",
        "snapshot_url": "https://eapps.ncdot.gov/services/traffic-prod/v1/cameras/images?filename=Toll540_GreenLevelRd.JPG",
        "m3u8_url": null,
        "is_streaming": false
      }
    },
    {
      "type": "Feature",
      "geometry": {
        "type": "Point",
        "coordinates": [
          -78.891701,
          35.802567
        ]
      },
      "properties": {
        "id": 508,
        "name": "NC 540 (Toll) & Green Hope School Rd",
        "roadId": 3852,
        "countyId": 92,
        "mileMarker": 64.0,
        "status": "OK",
        "snapshot_url": "https://eapps.ncdot.gov/services/traffic-prod/v1/cameras/images?filename=Toll540_GreenHopeSchoolRd.JPG",
        "m3u8_url": null,
        "is_streaming": false
      }
    },
    {
      "type": "Feature",
      "geometry": {
        "type": "Point",
        "coordinates": [
          -78.893369,
          35.822702
        ]
      },
      "properties": {
        "id": 509,
        "name": "NC 540 (Toll) & Carpenter Fire Station Rd",
        "roadId": 3852,
        "countyId": 92,
        "mileMarker": 65.0,
        "status": "OK",
        "snapshot_url": "https://eapps.ncdot.gov/services/traffic-prod/v1/cameras/images?filename=Toll540_CarpenterFireSt.JPG",
        "m3u8_url": null,
        "is_streaming": false
      }
    },
    {
      "type": "Feature",
      "geometry": {
        "type": "Point",
        "coordinates": [
          -78.858272,
          35.856429
        ]
      },
      "properties": {
        "id": 510,
        "name": "NC 540 (Toll) & NC 147 (Toll)",
        "roadId": 3852,
        "countyId": 92,
        "mileMarker": 68.0,
        "status": "OK",
        "snapshot_url": "https://eapps.ncdot.gov/services/traffic-prod/v1/cameras/images?filename=Toll540_Toll147.JPG",
        "m3u8_url": null,
        "is_streaming": false
      }
    },
    {
      "type": "Feature",
      "geometry": {
        "type": "Point",
        "coordinates": [
          -78.86609,
          35.869998
        ]
      },
      "properties": {
        "id": 511,
        "name": "NC 147 (Toll) & Davis Drive",
        "roadId": 138,
        "countyId": 32,
        "mileMarker": 2.0,
        "status": "OK",
        "snapshot_url": "https://eapps.ncdot.gov/services/traffic-prod/v1/cameras/images?filename=Toll147_DavisDr.JPG",
        "m3u8_url": null,
        "is_streaming": false
      }
    },
    {
      "type": "Feature",
      "geometry": {
        "type": "Point",
        "coordinates": [
          -78.866444,
          35.876716
        ]
      },
      "properties": {
        "id": 512,
        "name": "NC 147 (Toll) & Hopson Road",
        "roadId": 138,
        "countyId": 32,
        "mileMarker": 3.0,
        "status": "OK",
        "snapshot_url": "https://eapps.ncdot.gov/services/traffic-prod/v1/cameras/images?filename=Toll147_HopsonRd.JPG",
        "m3u8_url": null,
        "is_streaming": false
      }
    },
    {
      "type": "Feature",
      "geometry": {
        "type": "Point",
        "coordinates": [
          -78.874823,
          35.892357
        ]
      },
      "properties": {
        "id": 513,
        "name": "NC 147 (Toll) & NC 54",
        "roadId": 138,
        "countyId": 32,
        "mileMarker": 4.0,
        "status": "OK",
        "snapshot_url": "https://eapps.ncdot.gov/services/traffic-prod/v1/cameras/images?filename=Toll147_NC54.JPG",
        "m3u8_url": null,
        "is_streaming": false
      }
    },
    {
      "type": "Feature",
      "geometry": {
        "type": "Point",
        "coordinates": [
          -79.91533,
          36.09246
        ]
      },
      "properties": {
        "id": 528,
        "name": "I-73/I-840 at Friendly Ave",
        "roadId": 3833,
        "countyId": 41,
        "mileMarker": 2.0,
        "status": "OK",
        "snapshot_url": "https://eapps.ncdot.gov/services/traffic-prod/v1/cameras/images?filename=I840_FriendlyAve.jpg",
        "m3u8_url": null,
        "is_streaming": false
      }
    },
    {
      "type": "Feature",
      "geometry": {
        "type": "Point",
        "coordinates": [
          -79.91537,
          36.07595
        ]
      },
      "properties": {
        "id": 529,
        "name": "I-73/I-840 at Market St",
        "roadId": 3833,
        "countyId": 41,
        "mileMarker": 1.0,
        "status": "OK",
        "snapshot_url": "https://eapps.ncdot.gov/services/traffic-prod/v1/cameras/images?filename=I840_MarketSt.jpg",
        "m3u8_url": null,
        "is_streaming": false
      }
    },
    {
      "type": "Feature",
      "geometry": {
        "type": "Point",
        "coordinates": [
          -79.91023,
          36.11311
        ]
      },
      "properties": {
        "id": 530,
        "name": "I-73/I-840 at Old Oak Ridge Rd",
        "roadId": 3833,
        "countyId": 41,
        "mileMarker": 3.0,
        "status": "OK",
        "snapshot_url": "https://eapps.ncdot.gov/services/traffic-prod/v1/cameras/images?filename=I840_OldOakRidgeRd.jpg",
        "m3u8_url": null,
        "is_streaming": false
      }
    },
    {
      "type": "Feature",
      "geometry": {
        "type": "Point",
        "coordinates": [
          -79.85869,
          36.02114
        ]
      },
      "properties": {
        "id": 534,
        "name": "I-73 at Hester Park",
        "roadId": 3846,
        "countyId": 41,
        "mileMarker": 98.0,
        "status": "OK",
        "snapshot_url": "https://cfts.services.ncdot.gov:443/snapshots/chan-5970_h.jpg",
        "m3u8_url": "https://cfts.services.ncdot.gov:443/chan-5970/index.m3u8",
        "is_streaming": true
      }
    },
    {
      "type": "Feature",
      "geometry": {
        "type": "Point",
        "coordinates": [
          -79.88747,
          36.03035
        ]
      },
      "properties": {
        "id": 537,
        "name": "I-73 near Railroad Crossing",
        "roadId": 3846,
        "countyId": 41,
        "mileMarker": 100.0,
        "status": "OK",
        "snapshot_url": "https://eapps.ncdot.gov/services/traffic-prod/v1/cameras/images?filename=I73N_Railroad.jpg",
        "m3u8_url": null,
        "is_streaming": false
      }
    },
    {
      "type": "Feature",
      "geometry": {
        "type": "Point",
        "coordinates": [
          -79.8738,
          36.01993
        ]
      },
      "properties": {
        "id": 539,
        "name": "I-73 at Kings Mill Rd",
        "roadId": 3846,
        "countyId": 41,
        "mileMarker": 99.0,
        "status": "OK",
        "snapshot_url": "https://cfts.services.ncdot.gov:443/snapshots/chan-5972_h.jpg",
        "m3u8_url": "https://cfts.services.ncdot.gov:443/chan-5972/index.m3u8",
        "is_streaming": true
      }
    },
    {
      "type": "Feature",
      "geometry": {
        "type": "Point",
        "coordinates": [
          -78.595612,
          35.75212
        ]
      },
      "properties": {
        "id": 580,
        "name": "I-40 at I-440 (Exit 301)",
        "roadId": 1,
        "countyId": 92,
        "mileMarker": 301.0,
        "status": "OK",
        "snapshot_url": "https://eapps.ncdot.gov/services/traffic-prod/v1/cameras/images?filename=I40_I440.JPG",
        "m3u8_url": null,
        "is_streaming": false
      }
    },
    {
      "type": "Feature",
      "geometry": {
        "type": "Point",
        "coordinates": [
          -78.689361,
          35.816943
        ]
      },
      "properties": {
        "id": 585,
        "name": "I-440 - Lake Boone Trl",
        "roadId": 233,
        "countyId": 92,
        "mileMarker": 5.0,
        "status": "OK",
        "snapshot_url": "https://eapps.ncdot.gov/services/traffic-prod/v1/cameras/images?filename=I440_LakeBoone.JPG",
        "m3u8_url": null,
        "is_streaming": false
      }
    },
    {
      "type": "Feature",
      "geometry": {
        "type": "Point",
        "coordinates": [
          -78.621404,
          35.825295
        ]
      },
      "properties": {
        "id": 588,
        "name": "I-440 - Wake Forest Rd",
        "roadId": 233,
        "countyId": 92,
        "mileMarker": 10.0,
        "status": "OK",
        "snapshot_url": "https://eapps.ncdot.gov/services/traffic-prod/v1/cameras/images?filename=I440_WakeForestRd.JPG",
        "m3u8_url": null,
        "is_streaming": false
      }
    },
    {
      "type": "Feature",
      "geometry": {
        "type": "Point",
        "coordinates": [
          -78.604968,
          35.814577
        ]
      },
      "properties": {
        "id": 589,
        "name": "I-440 - Capital Blvd (US-1)",
        "roadId": 233,
        "countyId": 92,
        "mileMarker": 10.0,
        "status": "OK",
        "snapshot_url": "https://eapps.ncdot.gov/services/traffic-prod/v1/cameras/images?filename=I440_CapitalBlvd.JPG",
        "m3u8_url": null,
        "is_streaming": false
      }
    },
    {
      "type": "Feature",
      "geometry": {
        "type": "Point",
        "coordinates": [
          -78.916705,
          36.025015
        ]
      },
      "properties": {
        "id": 590,
        "name": "I-85 - Broad St",
        "roadId": 2,
        "countyId": 32,
        "mileMarker": 176.0,
        "status": "OK",
        "snapshot_url": "https://eapps.ncdot.gov/services/traffic-prod/v1/cameras/images?filename=I85_BroadSt.JPG",
        "m3u8_url": null,
        "is_streaming": false
      }
    },
    {
      "type": "Feature",
      "geometry": {
        "type": "Point",
        "coordinates": [
          -78.864348,
          36.005333
        ]
      },
      "properties": {
        "id": 591,
        "name": "US-70 - Cheek Rd",
        "roadId": 3,
        "countyId": 32,
        "mileMarker": 286.0,
        "status": "OK",
        "snapshot_url": "https://eapps.ncdot.gov/services/traffic-prod/v1/cameras/images?filename=US70_CheekRd.JPG",
        "m3u8_url": null,
        "is_streaming": false
      }
    },
    {
      "type": "Feature",
      "geometry": {
        "type": "Point",
        "coordinates": [
          -78.850958,
          36.025605
        ]
      },
      "properties": {
        "id": 592,
        "name": "I-85 - Club Blvd",
        "roadId": 2,
        "countyId": 32,
        "mileMarker": 179.0,
        "status": "OK",
        "snapshot_url": "https://eapps.ncdot.gov/services/traffic-prod/v1/cameras/images?filename=I85_ClubBlvd.JPG",
        "m3u8_url": null,
        "is_streaming": false
      }
    },
    {
      "type": "Feature",
      "geometry": {
        "type": "Point",
        "coordinates": [
          -78.792851,
          35.737282
        ]
      },
      "properties": {
        "id": 599,
        "name": "US-64 at US-1",
        "roadId": 10,
        "countyId": 92,
        "mileMarker": null,
        "status": "OK",
        "snapshot_url": "https://eapps.ncdot.gov/services/traffic-prod/v1/cameras/images?filename=US1_US64_Tryon.JPG",
        "m3u8_url": null,
        "is_streaming": false
      }
    },
    {
      "type": "Feature",
      "geometry": {
        "type": "Point",
        "coordinates": [
          -77.945898,
          34.211463
        ]
      },
      "properties": {
        "id": 637,
        "name": "US 421 (Carolina Beach Rd) at US 421 Truck (Front St) / Burnett Blvd",
        "roadId": 57,
        "countyId": 65,
        "mileMarker": null,
        "status": "OK",
        "snapshot_url": "https://eapps.ncdot.gov/services/traffic-prod/v1/cameras/images?filename=CarolinaBeach_Burnett.JPG",
        "m3u8_url": null,
        "is_streaming": false
      }
    },
    {
      "type": "Feature",
      "geometry": {
        "type": "Point",
        "coordinates": [
          -78.861578,
          35.688729
        ]
      },
      "properties": {
        "id": 638,
        "name": "Toll 540/Old Holly Springs Rd",
        "roadId": 3852,
        "countyId": 92,
        "mileMarker": 55.0,
        "status": "OK",
        "snapshot_url": "https://eapps.ncdot.gov/services/traffic-prod/v1/cameras/images?filename=Toll540_OldHollySpringsRd.JPG",
        "m3u8_url": null,
        "is_streaming": false
      }
    },
    {
      "type": "Feature",
      "geometry": {
        "type": "Point",
        "coordinates": [
          -78.840436,
          35.687936
        ]
      },
      "properties": {
        "id": 639,
        "name": "Toll 540/NC 55 Bypass",
        "roadId": 3852,
        "countyId": 92,
        "mileMarker": 53.0,
        "status": "OK",
        "snapshot_url": "https://eapps.ncdot.gov/services/traffic-prod/v1/cameras/images?filename=Toll540_NC55Byp.JPG",
        "m3u8_url": null,
        "is_streaming": false
      }
    },
    {
      "type": "Feature",
      "geometry": {
        "type": "Point",
        "coordinates": [
          -78.871783,
          35.696721
        ]
      },
      "properties": {
        "id": 640,
        "name": "Toll 540/US 1",
        "roadId": 3852,
        "countyId": 92,
        "mileMarker": 55.0,
        "status": "OK",
        "snapshot_url": "https://eapps.ncdot.gov/services/traffic-prod/v1/cameras/images?filename=Toll540_US1.JPG",
        "m3u8_url": null,
        "is_streaming": false
      }
    },
    {
      "type": "Feature",
      "geometry": {
        "type": "Point",
        "coordinates": [
          -78.879922,
          35.709447
        ]
      },
      "properties": {
        "id": 641,
        "name": "Toll 540/Old US 1",
        "roadId": 3852,
        "countyId": 92,
        "mileMarker": 56.0,
        "status": "OK",
        "snapshot_url": "https://eapps.ncdot.gov/services/traffic-prod/v1/cameras/images?filename=Toll540_OldUS1.JPG",
        "m3u8_url": null,
        "is_streaming": false
      }
    },
    {
      "type": "Feature",
      "geometry": {
        "type": "Point",
        "coordinates": [
          -78.886857,
          35.72215
        ]
      },
      "properties": {
        "id": 642,
        "name": "Toll 540/Apex Barbeque Rd",
        "roadId": 3852,
        "countyId": 92,
        "mileMarker": 57.0,
        "status": "OK",
        "snapshot_url": "https://eapps.ncdot.gov/services/traffic-prod/v1/cameras/images?filename=Toll540_Apex-BBQ.JPG",
        "m3u8_url": null,
        "is_streaming": false
      }
    },
    {
      "type": "Feature",
      "geometry": {
        "type": "Point",
        "coordinates": [
          -78.892292,
          35.73225
        ]
      },
      "properties": {
        "id": 643,
        "name": "Toll 540/Olive Chapel Rd",
        "roadId": 3852,
        "countyId": 92,
        "mileMarker": 58.0,
        "status": "OK",
        "snapshot_url": "https://eapps.ncdot.gov/services/traffic-prod/v1/cameras/images?filename=Toll540_OliveChapelRd.JPG",
        "m3u8_url": null,
        "is_streaming": false
      }
    },
    {
      "type": "Feature",
      "geometry": {
        "type": "Point",
        "coordinates": [
          -78.893883,
          35.74707
        ]
      },
      "properties": {
        "id": 644,
        "name": "US 64 at NC 540 (Toll)",
        "roadId": 3852,
        "countyId": 92,
        "mileMarker": 60.0,
        "status": "OK",
        "snapshot_url": "https://eapps.ncdot.gov/services/traffic-prod/v1/cameras/images?filename=Toll540_US64Ramp.JPG",
        "m3u8_url": null,
        "is_streaming": false
      }
    },
    {
      "type": "Feature",
      "geometry": {
        "type": "Point",
        "coordinates": [
          -78.84143,
          36.03222
        ]
      },
      "properties": {
        "id": 645,
        "name": "I-85 & Glen School Rd",
        "roadId": 2,
        "countyId": 32,
        "mileMarker": 180.0,
        "status": "OK",
        "snapshot_url": "https://eapps.ncdot.gov/services/traffic-prod/v1/cameras/images?filename=I85_GlenSchoolRd.JPG",
        "m3u8_url": null,
        "is_streaming": false
      }
    },
    {
      "type": "Feature",
      "geometry": {
        "type": "Point",
        "coordinates": [
          -78.81562,
          36.04551
        ]
      },
      "properties": {
        "id": 646,
        "name": "I-85 & Red Mill Rd",
        "roadId": 2,
        "countyId": 32,
        "mileMarker": 182.0,
        "status": "OK",
        "snapshot_url": "https://eapps.ncdot.gov/services/traffic-prod/v1/cameras/images?filename=I85_RedMillRd.JPG",
        "m3u8_url": null,
        "is_streaming": false
      }
    },
    {
      "type": "Feature",
      "geometry": {
        "type": "Point",
        "coordinates": [
          -78.79513,
          36.05785
        ]
      },
      "properties": {
        "id": 647,
        "name": "I-85 & Redwood Rd",
        "roadId": 2,
        "countyId": 32,
        "mileMarker": 183.0,
        "status": "OK",
        "snapshot_url": "https://eapps.ncdot.gov/services/traffic-prod/v1/cameras/images?filename=I85_Redwood.JPG",
        "m3u8_url": null,
        "is_streaming": false
      }
    },
    {
      "type": "Feature",
      "geometry": {
        "type": "Point",
        "coordinates": [
          -78.78268,
          36.06695
        ]
      },
      "properties": {
        "id": 648,
        "name": "I-85 at Falls Lake",
        "roadId": 2,
        "countyId": 32,
        "mileMarker": 184.0,
        "status": "OK",
        "snapshot_url": "https://eapps.ncdot.gov/services/traffic-prod/v1/cameras/images?filename=I85_FallsLake.JPG",
        "m3u8_url": null,
        "is_streaming": false
      }
    },
    {
      "type": "Feature",
      "geometry": {
        "type": "Point",
        "coordinates": [
          -78.77192,
          35.90505
        ]
      },
      "properties": {
        "id": 650,
        "name": "I-540 & US 70 (Glenwood)",
        "roadId": 3814,
        "countyId": 92,
        "mileMarker": 4.0,
        "status": "OK",
        "snapshot_url": "https://eapps.ncdot.gov/services/traffic-prod/v1/cameras/images?filename=I540_GlenwoodAve.JPG",
        "m3u8_url": null,
        "is_streaming": false
      }
    },
    {
      "type": "Feature",
      "geometry": {
        "type": "Point",
        "coordinates": [
          -78.75596,
          35.91101
        ]
      },
      "properties": {
        "id": 651,
        "name": "I-540 at mm 5",
        "roadId": 3814,
        "countyId": 92,
        "mileMarker": 5.0,
        "status": "OK",
        "snapshot_url": "https://eapps.ncdot.gov/services/traffic-prod/v1/cameras/images?filename=I540_mm5.JPG",
        "m3u8_url": null,
        "is_streaming": false
      }
    },
    {
      "type": "Feature",
      "geometry": {
        "type": "Point",
        "coordinates": [
          -78.7281,
          35.91097
        ]
      },
      "properties": {
        "id": 652,
        "name": "I-540 & Leesville Rd",
        "roadId": 3814,
        "countyId": 92,
        "mileMarker": 7.0,
        "status": "OK",
        "snapshot_url": "https://eapps.ncdot.gov/services/traffic-prod/v1/cameras/images?filename=I540_LeesvilleRd.JPG",
        "m3u8_url": null,
        "is_streaming": false
      }
    },
    {
      "type": "Feature",
      "geometry": {
        "type": "Point",
        "coordinates": [
          -78.70853,
          35.91518
        ]
      },
      "properties": {
        "id": 653,
        "name": "I-540 & Ray Rd",
        "roadId": 3814,
        "countyId": 92,
        "mileMarker": 8.0,
        "status": "OK",
        "snapshot_url": "https://eapps.ncdot.gov/services/traffic-prod/v1/cameras/images?filename=I540_RayRd.JPG",
        "m3u8_url": null,
        "is_streaming": false
      }
    },
    {
      "type": "Feature",
      "geometry": {
        "type": "Point",
        "coordinates": [
          -78.6817742489129,
          35.914684640219924
        ]
      },
      "properties": {
        "id": 654,
        "name": "I-540 & NC 50 (Creedmoor)",
        "roadId": 3814,
        "countyId": 92,
        "mileMarker": 9.0,
        "status": "OK",
        "snapshot_url": "https://eapps.ncdot.gov/services/traffic-prod/v1/cameras/images?filename=I540_CreedmoorRd.jpg",
        "m3u8_url": null,
        "is_streaming": false
      }
    },
    {
      "type": "Feature",
      "geometry": {
        "type": "Point",
        "coordinates": [
          -78.71845,
          35.75663
        ]
      },
      "properties": {
        "id": 655,
        "name": "I-40 & Avent Ferry Rd",
        "roadId": 1,
        "countyId": 92,
        "mileMarker": 294.0,
        "status": "OK",
        "snapshot_url": "https://eapps.ncdot.gov/services/traffic-prod/v1/cameras/images?filename=I40_AventFerryRd.JPG",
        "m3u8_url": null,
        "is_streaming": false
      }
    },
    {
      "type": "Feature",
      "geometry": {
        "type": "Point",
        "coordinates": [
          -78.63052,
          35.75254
        ]
      },
      "properties": {
        "id": 656,
        "name": "I-40 & Old Garner Rd",
        "roadId": 1,
        "countyId": 92,
        "mileMarker": 299.0,
        "status": "OK",
        "snapshot_url": "https://eapps.ncdot.gov/services/traffic-prod/v1/cameras/images?filename=I40_OldGarnerRd.JPG",
        "m3u8_url": null,
        "is_streaming": false
      }
    },
    {
      "type": "Feature",
      "geometry": {
        "type": "Point",
        "coordinates": [
          -78.57314,
          35.78165
        ]
      },
      "properties": {
        "id": 657,
        "name": "I-440 & US 64 Bypass",
        "roadId": 233,
        "countyId": 92,
        "mileMarker": 14.0,
        "status": "OK",
        "snapshot_url": "https://eapps.ncdot.gov/services/traffic-prod/v1/cameras/images?filename=I440_I87.JPG",
        "m3u8_url": null,
        "is_streaming": false
      }
    },
    {
      "type": "Feature",
      "geometry": {
        "type": "Point",
        "coordinates": [
          -78.57807,
          35.75621
        ]
      },
      "properties": {
        "id": 658,
        "name": "I-440 & Walnut Creek",
        "roadId": 233,
        "countyId": 92,
        "mileMarker": 15.0,
        "status": "OK",
        "snapshot_url": "https://eapps.ncdot.gov/services/traffic-prod/v1/cameras/images?filename=I440_WalnutCreek.JPG",
        "m3u8_url": null,
        "is_streaming": false
      }
    },
    {
      "type": "Feature",
      "geometry": {
        "type": "Point",
        "coordinates": [
          -78.58665,
          35.75303
        ]
      },
      "properties": {
        "id": 659,
        "name": "I-440 & Sunnybrook Rd",
        "roadId": 233,
        "countyId": 92,
        "mileMarker": 16.0,
        "status": "OK",
        "snapshot_url": "https://eapps.ncdot.gov/services/traffic-prod/v1/cameras/images?filename=I440_SunnybrookRd.JPG",
        "m3u8_url": null,
        "is_streaming": false
      }
    },
    {
      "type": "Feature",
      "geometry": {
        "type": "Point",
        "coordinates": [
          -78.5604,
          35.77721
        ]
      },
      "properties": {
        "id": 660,
        "name": "US 64 & New Hope Rd",
        "roadId": 3890,
        "countyId": 92,
        "mileMarker": 4.0,
        "status": "OK",
        "snapshot_url": "https://eapps.ncdot.gov/services/traffic-prod/v1/cameras/images?filename=I87_NewHopeRd.JPG",
        "m3u8_url": null,
        "is_streaming": false
      }
    },
    {
      "type": "Feature",
      "geometry": {
        "type": "Point",
        "coordinates": [
          -78.53481,
          35.77261
        ]
      },
      "properties": {
        "id": 661,
        "name": "US 64 at Neuse River",
        "roadId": 3890,
        "countyId": 92,
        "mileMarker": 5.0,
        "status": "OK",
        "snapshot_url": "https://eapps.ncdot.gov/services/traffic-prod/v1/cameras/images?filename=I87_NeuseRiver.JPG",
        "m3u8_url": null,
        "is_streaming": false
      }
    },
    {
      "type": "Feature",
      "geometry": {
        "type": "Point",
        "coordinates": [
          -78.52101,
          35.7681
        ]
      },
      "properties": {
        "id": 662,
        "name": "US 64 & Hodge Rd",
        "roadId": 3890,
        "countyId": 92,
        "mileMarker": 6.0,
        "status": "OK",
        "snapshot_url": "https://eapps.ncdot.gov/services/traffic-prod/v1/cameras/images?filename=I87_HodgeRd.JPG",
        "m3u8_url": null,
        "is_streaming": false
      }
    },
    {
      "type": "Feature",
      "geometry": {
        "type": "Point",
        "coordinates": [
          -78.4876,
          35.76751
        ]
      },
      "properties": {
        "id": 663,
        "name": "US 64 & Bethlehem Rd",
        "roadId": 3890,
        "countyId": 92,
        "mileMarker": 8.0,
        "status": "OK",
        "snapshot_url": "https://eapps.ncdot.gov/services/traffic-prod/v1/cameras/images?filename=I87_BethlehemChRd.JPG",
        "m3u8_url": null,
        "is_streaming": false
      }
    },
    {
      "type": "Feature",
      "geometry": {
        "type": "Point",
        "coordinates": [
          -78.46543,
          35.76728
        ]
      },
      "properties": {
        "id": 664,
        "name": "US 64 & Smithfield Rd",
        "roadId": 3890,
        "countyId": 92,
        "mileMarker": 9.0,
        "status": "OK",
        "snapshot_url": "https://eapps.ncdot.gov/services/traffic-prod/v1/cameras/images?filename=I87_SmithfieldRd.JPG",
        "m3u8_url": null,
        "is_streaming": false
      }
    },
    {
      "type": "Feature",
      "geometry": {
        "type": "Point",
        "coordinates": [
          -78.44139,
          35.78277
        ]
      },
      "properties": {
        "id": 665,
        "name": "US 64 & Wendell Falls Pkwy",
        "roadId": 3890,
        "countyId": 92,
        "mileMarker": 11.0,
        "status": "OK",
        "snapshot_url": "https://eapps.ncdot.gov/services/traffic-prod/v1/cameras/images?filename=I87_WendellFalls.JPG",
        "m3u8_url": null,
        "is_streaming": false
      }
    },
    {
      "type": "Feature",
      "geometry": {
        "type": "Point",
        "coordinates": [
          -78.4314,
          35.79991
        ]
      },
      "properties": {
        "id": 666,
        "name": "US 64 & US 64 Bus. E",
        "roadId": 3890,
        "countyId": 92,
        "mileMarker": 13.0,
        "status": "OK",
        "snapshot_url": "https://eapps.ncdot.gov/services/traffic-prod/v1/cameras/images?filename=I87_E_Bus64.JPG",
        "m3u8_url": null,
        "is_streaming": false
      }
    },
    {
      "type": "Feature",
      "geometry": {
        "type": "Point",
        "coordinates": [
          -78.42781,
          35.80446
        ]
      },
      "properties": {
        "id": 667,
        "name": "US 64 & US 64 Bus. W",
        "roadId": 3890,
        "countyId": 92,
        "mileMarker": 13.0,
        "status": "OK",
        "snapshot_url": "https://eapps.ncdot.gov/services/traffic-prod/v1/cameras/images?filename=I87_W_Bus64.JPG",
        "m3u8_url": null,
        "is_streaming": false
      }
    },
    {
      "type": "Feature",
      "geometry": {
        "type": "Point",
        "coordinates": [
          -78.39969,
          35.81661
        ]
      },
      "properties": {
        "id": 668,
        "name": "US 64 & Edgemont Rd",
        "roadId": 10,
        "countyId": 92,
        "mileMarker": 431.0,
        "status": "OK",
        "snapshot_url": "https://eapps.ncdot.gov/services/traffic-prod/v1/cameras/images?filename=I87_EdgemontRd.JPG",
        "m3u8_url": null,
        "is_streaming": false
      }
    },
    {
      "type": "Feature",
      "geometry": {
        "type": "Point",
        "coordinates": [
          -78.37467,
          35.82481
        ]
      },
      "properties": {
        "id": 669,
        "name": "US 64 & Lizard Lick Rd",
        "roadId": 10,
        "countyId": 92,
        "mileMarker": 432.0,
        "status": "OK",
        "snapshot_url": "https://eapps.ncdot.gov/services/traffic-prod/v1/cameras/images?filename=I87_LizardLickRd.JPG",
        "m3u8_url": null,
        "is_streaming": false
      }
    },
    {
      "type": "Feature",
      "geometry": {
        "type": "Point",
        "coordinates": [
          -78.34411,
          35.83522
        ]
      },
      "properties": {
        "id": 670,
        "name": "US 64 at mm 434",
        "roadId": 10,
        "countyId": 92,
        "mileMarker": 434.0,
        "status": "OK",
        "snapshot_url": "https://eapps.ncdot.gov/services/traffic-prod/v1/cameras/images?filename=I87_mm434.JPG",
        "m3u8_url": null,
        "is_streaming": false
      }
    },
    {
      "type": "Feature",
      "geometry": {
        "type": "Point",
        "coordinates": [
          -78.32152,
          35.83445
        ]
      },
      "properties": {
        "id": 671,
        "name": "US 64 & Arendell Ave",
        "roadId": 10,
        "countyId": 92,
        "mileMarker": 435.0,
        "status": "OK",
        "snapshot_url": "https://eapps.ncdot.gov/services/traffic-prod/v1/cameras/images?filename=I87_Arendell.JPG",
        "m3u8_url": null,
        "is_streaming": false
      }
    },
    {
      "type": "Feature",
      "geometry": {
        "type": "Point",
        "coordinates": [
          -78.31389,
          35.83387
        ]
      },
      "properties": {
        "id": 672,
        "name": "US 64 & Shepard School Rd",
        "roadId": 10,
        "countyId": 92,
        "mileMarker": 436.0,
        "status": "OK",
        "snapshot_url": "https://eapps.ncdot.gov/services/traffic-prod/v1/cameras/images?filename=I87_ShepardSchRd.JPG",
        "m3u8_url": null,
        "is_streaming": false
      }
    },
    {
      "type": "Feature",
      "geometry": {
        "type": "Point",
        "coordinates": [
          -78.30155,
          35.83651
        ]
      },
      "properties": {
        "id": 673,
        "name": "US 64 & Old Bunn Rd",
        "roadId": 10,
        "countyId": 92,
        "mileMarker": 437.0,
        "status": "OK",
        "snapshot_url": "https://eapps.ncdot.gov/services/traffic-prod/v1/cameras/images?filename=I87_OldBunnRd.JPG",
        "m3u8_url": null,
        "is_streaming": false
      }
    },
    {
      "type": "Feature",
      "geometry": {
        "type": "Point",
        "coordinates": [
          -78.29625,
          35.83327
        ]
      },
      "properties": {
        "id": 674,
        "name": "US 264 east of US 64",
        "roadId": 34,
        "countyId": 92,
        "mileMarker": 19.0,
        "status": "OK",
        "snapshot_url": "https://eapps.ncdot.gov/services/traffic-prod/v1/cameras/images?filename=US264_mm19.JPG",
        "m3u8_url": null,
        "is_streaming": false
      }
    },
    {
      "type": "Feature",
      "geometry": {
        "type": "Point",
        "coordinates": [
          -75.739934,
          36.144178
        ]
      },
      "properties": {
        "id": 679,
        "name": "NC12 @ Hillcrest",
        "roadId": 3810,
        "countyId": 28,
        "mileMarker": null,
        "status": "OK",
        "snapshot_url": "https://eapps.ncdot.gov/services/traffic-prod/v1/cameras/images?filename=NC12_HillcrestDr.jpg",
        "m3u8_url": null,
        "is_streaming": false
      }
    },
    {
      "type": "Feature",
      "geometry": {
        "type": "Point",
        "coordinates": [
          -75.720156,
          36.114771
        ]
      },
      "properties": {
        "id": 681,
        "name": "NC12 @ Chickahauk",
        "roadId": 3810,
        "countyId": 28,
        "mileMarker": null,
        "status": "OK",
        "snapshot_url": "https://eapps.ncdot.gov/services/traffic-prod/v1/cameras/images?filename=NC12_ChickahaukTr.jpg",
        "m3u8_url": null,
        "is_streaming": false
      }
    },
    {
      "type": "Feature",
      "geometry": {
        "type": "Point",
        "coordinates": [
          -75.693452,
          36.066647
        ]
      },
      "properties": {
        "id": 684,
        "name": "158 @ Kitty Hawk Rd (MM 4)",
        "roadId": 86,
        "countyId": 28,
        "mileMarker": null,
        "status": "OK",
        "snapshot_url": "https://eapps.ncdot.gov/services/traffic-prod/v1/cameras/images?filename=US158_KittyHawkRd.jpg",
        "m3u8_url": null,
        "is_streaming": false
      }
    },
    {
      "type": "Feature",
      "geometry": {
        "type": "Point",
        "coordinates": [
          -76.191902,
          36.549638
        ]
      },
      "properties": {
        "id": 689,
        "name": "NC 168 at VA State Line",
        "roadId": 123,
        "countyId": 27,
        "mileMarker": null,
        "status": "OK",
        "snapshot_url": "https://eapps.ncdot.gov/services/traffic-prod/v1/cameras/images?filename=NC168_VAStateLine.jpg",
        "m3u8_url": null,
        "is_streaming": false
      }
    },
    {
      "type": "Feature",
      "geometry": {
        "type": "Point",
        "coordinates": [
          -76.175165,
          36.522156
        ]
      },
      "properties": {
        "id": 690,
        "name": "NC 168 at Puddin Ridge Rd",
        "roadId": 123,
        "countyId": 27,
        "mileMarker": null,
        "status": "OK",
        "snapshot_url": "https://eapps.ncdot.gov/services/traffic-prod/v1/cameras/images?filename=NC168_PuddinRidgeRd.jpg",
        "m3u8_url": null,
        "is_streaming": false
      }
    },
    {
      "type": "Feature",
      "geometry": {
        "type": "Point",
        "coordinates": [
          -76.167011,
          36.514879
        ]
      },
      "properties": {
        "id": 691,
        "name": "NC 168 at Moyock Commons",
        "roadId": 123,
        "countyId": 27,
        "mileMarker": null,
        "status": "OK",
        "snapshot_url": "https://eapps.ncdot.gov/services/traffic-prod/v1/cameras/images?filename=NC168_MoyockCommons.jpg",
        "m3u8_url": null,
        "is_streaming": false
      }
    },
    {
      "type": "Feature",
      "geometry": {
        "type": "Point",
        "coordinates": [
          -76.075859,
          36.45239
        ]
      },
      "properties": {
        "id": 693,
        "name": "NC 168 at NC 34 (Sligo)",
        "roadId": 123,
        "countyId": 27,
        "mileMarker": null,
        "status": "OK",
        "snapshot_url": "https://eapps.ncdot.gov/services/traffic-prod/v1/cameras/images?filename=NC168_NC34.jpg",
        "m3u8_url": null,
        "is_streaming": false
      }
    },
    {
      "type": "Feature",
      "geometry": {
        "type": "Point",
        "coordinates": [
          -76.218038,
          36.301257
        ]
      },
      "properties": {
        "id": 695,
        "name": "Elizabeth City Drawbridge",
        "roadId": 86,
        "countyId": 70,
        "mileMarker": null,
        "status": "OK",
        "snapshot_url": "https://eapps.ncdot.gov/services/traffic-prod/v1/cameras/images?filename=US158_PasquotankRiver.jpg",
        "m3u8_url": null,
        "is_streaming": false
      }
    },
    {
      "type": "Feature",
      "geometry": {
        "type": "Point",
        "coordinates": [
          -75.817466,
          36.326674
        ]
      },
      "properties": {
        "id": 696,
        "name": "NC 12 at Albacore St",
        "roadId": 3810,
        "countyId": 27,
        "mileMarker": null,
        "status": "OK",
        "snapshot_url": "https://eapps.ncdot.gov/services/traffic-prod/v1/cameras/images?filename=NC12_Albacore.jpg",
        "m3u8_url": null,
        "is_streaming": false
      }
    },
    {
      "type": "Feature",
      "geometry": {
        "type": "Point",
        "coordinates": [
          -75.800257,
          36.287768
        ]
      },
      "properties": {
        "id": 697,
        "name": "NC 12 at Currituck Clubhouse Dr",
        "roadId": 3810,
        "countyId": 27,
        "mileMarker": null,
        "status": "OK",
        "snapshot_url": "https://eapps.ncdot.gov/services/traffic-prod/v1/cameras/images?filename=NC12_CurrituckClubhouse.jpg",
        "m3u8_url": null,
        "is_streaming": false
      }
    },
    {
      "type": "Feature",
      "geometry": {
        "type": "Point",
        "coordinates": [
          -75.511351,
          35.755232
        ]
      },
      "properties": {
        "id": 698,
        "name": "NC 12 at the Canal Zone",
        "roadId": 3810,
        "countyId": 28,
        "mileMarker": null,
        "status": "OK",
        "snapshot_url": "https://eapps.ncdot.gov/services/traffic-prod/v1/cameras/images?filename=NC12_CanalZone.jpg",
        "m3u8_url": null,
        "is_streaming": false
      }
    },
    {
      "type": "Feature",
      "geometry": {
        "type": "Point",
        "coordinates": [
          -80.277911,
          36.161739
        ]
      },
      "properties": {
        "id": 704,
        "name": "University Pkwy near Bethabara Park",
        "roadId": 0,
        "countyId": 34,
        "mileMarker": null,
        "status": "OK",
        "snapshot_url": "https://eapps.ncdot.gov/services/traffic-prod/v1/cameras/images?filename=UnivPkwy_Bethabara.jpg",
        "m3u8_url": null,
        "is_streaming": false
      }
    },
    {
      "type": "Feature",
      "geometry": {
        "type": "Point",
        "coordinates": [
          -80.220635,
          36.081138
        ]
      },
      "properties": {
        "id": 707,
        "name": "MLK Jr Dr at Bowman Gray Stadium",
        "roadId": 0,
        "countyId": 34,
        "mileMarker": null,
        "status": "OK",
        "snapshot_url": "https://eapps.ncdot.gov/services/traffic-prod/v1/cameras/images?filename=MLK_BowmanGray.jpg",
        "m3u8_url": null,
        "is_streaming": false
      }
    },
    {
      "type": "Feature",
      "geometry": {
        "type": "Point",
        "coordinates": [
          -80.236228,
          36.029255
        ]
      },
      "properties": {
        "id": 708,
        "name": "US-52 near S Main St",
        "roadId": 20,
        "countyId": 34,
        "mileMarker": 103.0,
        "status": "OK",
        "snapshot_url": "https://eapps.ncdot.gov/services/traffic-prod/v1/cameras/images?filename=US52_103MainSt.jpg",
        "m3u8_url": null,
        "is_streaming": false
      }
    },
    {
      "type": "Feature",
      "geometry": {
        "type": "Point",
        "coordinates": [
          -80.236907,
          36.048001
        ]
      },
      "properties": {
        "id": 709,
        "name": "US-52 at Clemmonsville Rd",
        "roadId": 20,
        "countyId": 34,
        "mileMarker": 105.0,
        "status": "OK",
        "snapshot_url": "https://eapps.ncdot.gov/services/traffic-prod/v1/cameras/images?filename=US52_Clemmonsville.jpg",
        "m3u8_url": null,
        "is_streaming": false
      }
    },
    {
      "type": "Feature",
      "geometry": {
        "type": "Point",
        "coordinates": [
          -80.231837,
          36.062431
        ]
      },
      "properties": {
        "id": 710,
        "name": "US-52 at I-40",
        "roadId": 20,
        "countyId": 34,
        "mileMarker": 107.0,
        "status": "OK",
        "snapshot_url": "https://eapps.ncdot.gov/services/traffic-prod/v1/cameras/images?filename=US52_I40.jpg",
        "m3u8_url": null,
        "is_streaming": false
      }
    },
    {
      "type": "Feature",
      "geometry": {
        "type": "Point",
        "coordinates": [
          -80.228306,
          36.072139
        ]
      },
      "properties": {
        "id": 711,
        "name": "US-52 at Waughtown St",
        "roadId": 20,
        "countyId": 34,
        "mileMarker": 107.0,
        "status": "OK",
        "snapshot_url": "https://eapps.ncdot.gov/services/traffic-prod/v1/cameras/images?filename=US52_Waughtown.jpg",
        "m3u8_url": null,
        "is_streaming": false
      }
    },
    {
      "type": "Feature",
      "geometry": {
        "type": "Point",
        "coordinates": [
          -80.229005,
          36.090363
        ]
      },
      "properties": {
        "id": 713,
        "name": "US-52 at Rams Dr North",
        "roadId": 20,
        "countyId": 34,
        "mileMarker": 108.0,
        "status": "OK",
        "snapshot_url": "https://eapps.ncdot.gov/services/traffic-prod/v1/cameras/images?filename=US52_RamsNB.jpg",
        "m3u8_url": null,
        "is_streaming": false
      }
    },
    {
      "type": "Feature",
      "geometry": {
        "type": "Point",
        "coordinates": [
          -80.236306,
          36.114778
        ]
      },
      "properties": {
        "id": 717,
        "name": "US-52 at 16th St",
        "roadId": 20,
        "countyId": 34,
        "mileMarker": 110.0,
        "status": "OK",
        "snapshot_url": "https://eapps.ncdot.gov/services/traffic-prod/v1/cameras/images?filename=US52_16th.jpg",
        "m3u8_url": null,
        "is_streaming": false
      }
    },
    {
      "type": "Feature",
      "geometry": {
        "type": "Point",
        "coordinates": [
          -80.232333,
          36.122889
        ]
      },
      "properties": {
        "id": 718,
        "name": "US-52 at 25th St",
        "roadId": 20,
        "countyId": 34,
        "mileMarker": 110.0,
        "status": "OK",
        "snapshot_url": "https://eapps.ncdot.gov/services/traffic-prod/v1/cameras/images?filename=US52_25th.jpg",
        "m3u8_url": null,
        "is_streaming": false
      }
    },
    {
      "type": "Feature",
      "geometry": {
        "type": "Point",
        "coordinates": [
          -80.232706,
          36.126844
        ]
      },
      "properties": {
        "id": 719,
        "name": "US-52 at N Liberty St",
        "roadId": 20,
        "countyId": 34,
        "mileMarker": 111.0,
        "status": "OK",
        "snapshot_url": "https://eapps.ncdot.gov/services/traffic-prod/v1/cameras/images?filename=US52_Liberty.jpg",
        "m3u8_url": null,
        "is_streaming": false
      }
    },
    {
      "type": "Feature",
      "geometry": {
        "type": "Point",
        "coordinates": [
          -80.23949,
          36.1356
        ]
      },
      "properties": {
        "id": 720,
        "name": "US-52 SB at Akron Dr near Leo St",
        "roadId": 20,
        "countyId": 34,
        "mileMarker": 112.0,
        "status": "OK",
        "snapshot_url": "https://eapps.ncdot.gov/services/traffic-prod/v1/cameras/images?filename=US52S_AkronDrS.jpg",
        "m3u8_url": null,
        "is_streaming": false
      }
    },
    {
      "type": "Feature",
      "geometry": {
        "type": "Point",
        "coordinates": [
          -80.239128,
          36.138536
        ]
      },
      "properties": {
        "id": 721,
        "name": "US-52 NB at Akron Dr N",
        "roadId": 20,
        "countyId": 34,
        "mileMarker": 111.0,
        "status": "OK",
        "snapshot_url": "https://eapps.ncdot.gov/services/traffic-prod/v1/cameras/images?filename=US52N_AkronDrN.jpg",
        "m3u8_url": null,
        "is_streaming": false
      }
    },
    {
      "type": "Feature",
      "geometry": {
        "type": "Point",
        "coordinates": [
          -80.241727,
          36.147084
        ]
      },
      "properties": {
        "id": 722,
        "name": "US-52 at Patterson Ave",
        "roadId": 20,
        "countyId": 34,
        "mileMarker": 112.0,
        "status": "OK",
        "snapshot_url": "https://eapps.ncdot.gov/services/traffic-prod/v1/cameras/images?filename=US52_Patterson.jpg",
        "m3u8_url": null,
        "is_streaming": false
      }
    },
    {
      "type": "Feature",
      "geometry": {
        "type": "Point",
        "coordinates": [
          -80.25317,
          36.155859
        ]
      },
      "properties": {
        "id": 723,
        "name": "US-52 at Motor Rd",
        "roadId": 20,
        "countyId": 34,
        "mileMarker": 113.0,
        "status": "OK",
        "snapshot_url": "https://eapps.ncdot.gov/services/traffic-prod/v1/cameras/images?filename=US52_Motor.jpg",
        "m3u8_url": null,
        "is_streaming": false
      }
    },
    {
      "type": "Feature",
      "geometry": {
        "type": "Point",
        "coordinates": [
          -80.269203,
          36.177335
        ]
      },
      "properties": {
        "id": 725,
        "name": "US-52 near Oak Summit Rd",
        "roadId": 20,
        "countyId": 34,
        "mileMarker": 115.0,
        "status": "OK",
        "snapshot_url": "https://eapps.ncdot.gov/services/traffic-prod/v1/cameras/images?filename=US52_OakSummit.jpg",
        "m3u8_url": null,
        "is_streaming": false
      }
    },
    {
      "type": "Feature",
      "geometry": {
        "type": "Point",
        "coordinates": [
          -80.275792,
          36.181191
        ]
      },
      "properties": {
        "id": 726,
        "name": "US-52 at University Pkwy",
        "roadId": 20,
        "countyId": 34,
        "mileMarker": 115.0,
        "status": "OK",
        "snapshot_url": "https://eapps.ncdot.gov/services/traffic-prod/v1/cameras/images?filename=US52_Univ.jpg",
        "m3u8_url": null,
        "is_streaming": false
      }
    },
    {
      "type": "Feature",
      "geometry": {
        "type": "Point",
        "coordinates": [
          -80.279485,
          36.18785
        ]
      },
      "properties": {
        "id": 727,
        "name": "US-52 at Hanes Mill Rd",
        "roadId": 20,
        "countyId": 34,
        "mileMarker": 116.0,
        "status": "OK",
        "snapshot_url": "https://eapps.ncdot.gov/services/traffic-prod/v1/cameras/images?filename=US52_HanesMill.jpg",
        "m3u8_url": null,
        "is_streaming": false
      }
    },
    {
      "type": "Feature",
      "geometry": {
        "type": "Point",
        "coordinates": [
          -80.271573,
          36.092547
        ]
      },
      "properties": {
        "id": 729,
        "name": "I-40 Business at Cloverdale Ave",
        "roadId": 57,
        "countyId": 34,
        "mileMarker": 3.0,
        "status": "OK",
        "snapshot_url": "https://eapps.ncdot.gov/services/traffic-prod/v1/cameras/images?filename=US421_Cloverdale.jpg",
        "m3u8_url": null,
        "is_streaming": false
      }
    },
    {
      "type": "Feature",
      "geometry": {
        "type": "Point",
        "coordinates": [
          -80.23192,
          36.09403
        ]
      },
      "properties": {
        "id": 734,
        "name": "I-40 Business at US-52",
        "roadId": 0,
        "countyId": 34,
        "mileMarker": 6.0,
        "status": "OK",
        "snapshot_url": "https://eapps.ncdot.gov/services/traffic-prod/v1/cameras/images?filename=US421_US52.jpg",
        "m3u8_url": null,
        "is_streaming": false
      }
    },
    {
      "type": "Feature",
      "geometry": {
        "type": "Point",
        "coordinates": [
          -80.2279,
          36.09548
        ]
      },
      "properties": {
        "id": 735,
        "name": "I-40 Business at MLK Jr Dr",
        "roadId": 0,
        "countyId": 34,
        "mileMarker": 6.0,
        "status": "OK",
        "snapshot_url": "https://eapps.ncdot.gov/services/traffic-prod/v1/cameras/images?filename=US421_MLK.jpg",
        "m3u8_url": null,
        "is_streaming": false
      }
    },
    {
      "type": "Feature",
      "geometry": {
        "type": "Point",
        "coordinates": [
          -80.16432,
          36.11131
        ]
      },
      "properties": {
        "id": 737,
        "name": "I-40 Business at Linville Rd",
        "roadId": 0,
        "countyId": 34,
        "mileMarker": 10.0,
        "status": "OK",
        "snapshot_url": "https://eapps.ncdot.gov/services/traffic-prod/v1/cameras/images?filename=Bus40_Linville.jpg",
        "m3u8_url": null,
        "is_streaming": false
      }
    },
    {
      "type": "Feature",
      "geometry": {
        "type": "Point",
        "coordinates": [
          -80.20968,
          36.0973
        ]
      },
      "properties": {
        "id": 738,
        "name": "I-40 Business at 5th St",
        "roadId": 0,
        "countyId": 34,
        "mileMarker": 7.0,
        "status": "OK",
        "snapshot_url": "https://eapps.ncdot.gov/services/traffic-prod/v1/cameras/images?filename=US421_5thSt.jpg",
        "m3u8_url": null,
        "is_streaming": false
      }
    },
    {
      "type": "Feature",
      "geometry": {
        "type": "Point",
        "coordinates": [
          -80.13916,
          36.11336
        ]
      },
      "properties": {
        "id": 739,
        "name": "I-40 Business near Hastings Hill Rd",
        "roadId": 0,
        "countyId": 34,
        "mileMarker": 11.0,
        "status": "OK",
        "snapshot_url": "https://eapps.ncdot.gov/services/traffic-prod/v1/cameras/images?filename=Bus40_HastingsHill.jpg",
        "m3u8_url": null,
        "is_streaming": false
      }
    },
    {
      "type": "Feature",
      "geometry": {
        "type": "Point",
        "coordinates": [
          -80.29222,
          36.06323
        ]
      },
      "properties": {
        "id": 744,
        "name": "I-40 at Burke Mill Rd",
        "roadId": 1,
        "countyId": 34,
        "mileMarker": 190.0,
        "status": "OK",
        "snapshot_url": "https://eapps.ncdot.gov/services/traffic-prod/v1/cameras/images?filename=I40_BurkeMill.jpg",
        "m3u8_url": null,
        "is_streaming": false
      }
    },
    {
      "type": "Feature",
      "geometry": {
        "type": "Point",
        "coordinates": [
          -80.280352,
          36.062115
        ]
      },
      "properties": {
        "id": 745,
        "name": "I-40 at Ebert Rd",
        "roadId": 1,
        "countyId": 34,
        "mileMarker": 190.0,
        "status": "OK",
        "snapshot_url": "https://eapps.ncdot.gov/services/traffic-prod/v1/cameras/images?filename=I40_Ebert.jpg",
        "m3u8_url": null,
        "is_streaming": false
      }
    },
    {
      "type": "Feature",
      "geometry": {
        "type": "Point",
        "coordinates": [
          -80.25857767887565,
          36.065106838833366
        ]
      },
      "properties": {
        "id": 746,
        "name": "I-40 at NC-150 (Peters Creek Pkwy)",
        "roadId": 1,
        "countyId": 34,
        "mileMarker": 191.0,
        "status": "OK",
        "snapshot_url": "https://eapps.ncdot.gov/services/traffic-prod/v1/cameras/images?filename=I40_PetersCreek.jpg",
        "m3u8_url": null,
        "is_streaming": false
      }
    },
    {
      "type": "Feature",
      "geometry": {
        "type": "Point",
        "coordinates": [
          -80.239716,
          36.066401
        ]
      },
      "properties": {
        "id": 747,
        "name": "I-40 at Silas Creek Pkwy",
        "roadId": 1,
        "countyId": 34,
        "mileMarker": 192.0,
        "status": "OK",
        "snapshot_url": "https://eapps.ncdot.gov/services/traffic-prod/v1/cameras/images?filename=I40_SilasCreek.jpg",
        "m3u8_url": null,
        "is_streaming": false
      }
    },
    {
      "type": "Feature",
      "geometry": {
        "type": "Point",
        "coordinates": [
          -80.186934,
          36.065485
        ]
      },
      "properties": {
        "id": 753,
        "name": "I-40 at I-74/US-311",
        "roadId": 1,
        "countyId": 34,
        "mileMarker": 196.0,
        "status": "OK",
        "snapshot_url": "https://eapps.ncdot.gov/services/traffic-prod/v1/cameras/images?filename=I40_US311.jpg",
        "m3u8_url": null,
        "is_streaming": false
      }
    },
    {
      "type": "Feature",
      "geometry": {
        "type": "Point",
        "coordinates": [
          -79.921111,
          36.067778
        ]
      },
      "properties": {
        "id": 754,
        "name": "I-40 at I-840 West",
        "roadId": 1,
        "countyId": 41,
        "mileMarker": 212.0,
        "status": "OK",
        "snapshot_url": "https://eapps.ncdot.gov/services/traffic-prod/v1/cameras/images?filename=I40_I840W.jpg",
        "m3u8_url": null,
        "is_streaming": false
      }
    },
    {
      "type": "Feature",
      "geometry": {
        "type": "Point",
        "coordinates": [
          -77.99359,
          34.232188
        ]
      },
      "properties": {
        "id": 765,
        "name": "US 17/74/76 @ River Rd",
        "roadId": 21,
        "countyId": 10,
        "mileMarker": 46.0,
        "status": "OK",
        "snapshot_url": "https://eapps.ncdot.gov/services/traffic-prod/v1/cameras/images?filename=US17E_RiverRd.jpg",
        "m3u8_url": null,
        "is_streaming": false
      }
    },
    {
      "type": "Feature",
      "geometry": {
        "type": "Point",
        "coordinates": [
          -81.6364,
          35.72481
        ]
      },
      "properties": {
        "id": 768,
        "name": "I-40 @ Bethel Road",
        "roadId": 1,
        "countyId": 12,
        "mileMarker": 106.0,
        "status": "OK",
        "snapshot_url": "https://eapps.ncdot.gov/services/traffic-prod/v1/cameras/images?filename=I40_BethelRd.jpg",
        "m3u8_url": null,
        "is_streaming": false
      }
    },
    {
      "type": "Feature",
      "geometry": {
        "type": "Point",
        "coordinates": [
          -81.69395,
          35.719026
        ]
      },
      "properties": {
        "id": 769,
        "name": "I-40 @ Burkemont Ave",
        "roadId": 1,
        "countyId": 12,
        "mileMarker": 103.0,
        "status": "OK",
        "snapshot_url": "https://eapps.ncdot.gov/services/traffic-prod/v1/cameras/images?filename=I40_BurkemontAve.jpg",
        "m3u8_url": null,
        "is_streaming": false
      }
    },
    {
      "type": "Feature",
      "geometry": {
        "type": "Point",
        "coordinates": [
          -76.734062,
          34.723237
        ]
      },
      "properties": {
        "id": 775,
        "name": "US 70 (Arendell St) @ 23rd Street",
        "roadId": 3,
        "countyId": 16,
        "mileMarker": null,
        "status": "OK",
        "snapshot_url": "https://eapps.ncdot.gov/services/traffic-prod/v1/cameras/images?filename=US70_23rd_St.jpg",
        "m3u8_url": null,
        "is_streaming": false
      }
    },
    {
      "type": "Feature",
      "geometry": {
        "type": "Point",
        "coordinates": [
          -76.795549,
          34.735176
        ]
      },
      "properties": {
        "id": 776,
        "name": "US 70 (Arendell St) @ NC 24",
        "roadId": 3,
        "countyId": 16,
        "mileMarker": null,
        "status": "OK",
        "snapshot_url": "https://eapps.ncdot.gov/services/traffic-prod/v1/cameras/images?filename=US70_NC24.jpg",
        "m3u8_url": null,
        "is_streaming": false
      }
    },
    {
      "type": "Feature",
      "geometry": {
        "type": "Point",
        "coordinates": [
          -78.99768,
          34.71995
        ]
      },
      "properties": {
        "id": 804,
        "name": "I-95 @ US 301 exit 25",
        "roadId": 117,
        "countyId": 78,
        "mileMarker": 25.0,
        "status": "OK",
        "snapshot_url": "https://cfes.services.ncdot.gov/snapshots/chan-5789_h.jpg",
        "m3u8_url": null,
        "is_streaming": false
      }
    },
    {
      "type": "Feature",
      "geometry": {
        "type": "Point",
        "coordinates": [
          -78.85554,
          34.97674
        ]
      },
      "properties": {
        "id": 806,
        "name": "I-95 NB @ NC 87",
        "roadId": 117,
        "countyId": 26,
        "mileMarker": 46.0,
        "status": "OK",
        "snapshot_url": "https://cfes.services.ncdot.gov/snapshots/chan-5772_h.jpg",
        "m3u8_url": null,
        "is_streaming": false
      }
    },
    {
      "type": "Feature",
      "geometry": {
        "type": "Point",
        "coordinates": [
          -78.80431,
          35.04254
        ]
      },
      "properties": {
        "id": 808,
        "name": "I-95 @ NC 24",
        "roadId": 117,
        "countyId": 26,
        "mileMarker": 52.0,
        "status": "OK",
        "snapshot_url": "https://cfes.services.ncdot.gov/snapshots/chan-5773_h.jpg",
        "m3u8_url": null,
        "is_streaming": false
      }
    },
    {
      "type": "Feature",
      "geometry": {
        "type": "Point",
        "coordinates": [
          -78.66917,
          35.20345
        ]
      },
      "properties": {
        "id": 812,
        "name": "I-95 @ NC 82",
        "roadId": 117,
        "countyId": 26,
        "mileMarker": 65.0,
        "status": "OK",
        "snapshot_url": "https://cfes.services.ncdot.gov/snapshots/chan-6267_h.jpg",
        "m3u8_url": null,
        "is_streaming": false
      }
    },
    {
      "type": "Feature",
      "geometry": {
        "type": "Point",
        "coordinates": [
          -78.61697,
          35.27011
        ]
      },
      "properties": {
        "id": 813,
        "name": "I-95 @ Long Branch Rd",
        "roadId": 117,
        "countyId": 43,
        "mileMarker": 71.0,
        "status": "OK",
        "snapshot_url": "https://cfes.services.ncdot.gov/snapshots/chan-5782_h.jpg",
        "m3u8_url": null,
        "is_streaming": false
      }
    },
    {
      "type": "Feature",
      "geometry": {
        "type": "Point",
        "coordinates": [
          -79.90234,
          36.04574
        ]
      },
      "properties": {
        "id": 831,
        "name": "I-73 at Bridford Pkwy",
        "roadId": 3846,
        "countyId": 41,
        "mileMarker": 101.0,
        "status": "OK",
        "snapshot_url": "https://eapps.ncdot.gov/services/traffic-prod/v1/cameras/images?filename=I73N_BridfordPkwy.jpg",
        "m3u8_url": null,
        "is_streaming": false
      }
    },
    {
      "type": "Feature",
      "geometry": {
        "type": "Point",
        "coordinates": [
          -75.701637,
          35.207022
        ]
      },
      "properties": {
        "id": 836,
        "name": "Hatteras Inlet Ferry North (MM 72.5)",
        "roadId": 3810,
        "countyId": 28,
        "mileMarker": null,
        "status": "OK",
        "snapshot_url": "https://eapps.ncdot.gov/services/traffic-prod/v1/cameras/images?filename=Hatteras_Inlet_North_Dock.jpg",
        "m3u8_url": null,
        "is_streaming": false
      }
    },
    {
      "type": "Feature",
      "geometry": {
        "type": "Point",
        "coordinates": [
          -75.779443,
          35.189312
        ]
      },
      "properties": {
        "id": 837,
        "name": "Hatteras Inlet Ferry South ( MM 73)",
        "roadId": 3810,
        "countyId": 48,
        "mileMarker": null,
        "status": "OK",
        "snapshot_url": "https://eapps.ncdot.gov/services/traffic-prod/v1/cameras/images?filename=Hatteras_Inlet_South_Dock.jpg",
        "m3u8_url": null,
        "is_streaming": false
      }
    },
    {
      "type": "Feature",
      "geometry": {
        "type": "Point",
        "coordinates": [
          -80.37601947784424,
          35.73223047275123
        ]
      },
      "properties": {
        "id": 843,
        "name": "I-85 at NC150",
        "roadId": 2,
        "countyId": 29,
        "mileMarker": 83.0,
        "status": "OK",
        "snapshot_url": "https://eapps.ncdot.gov/services/traffic-prod/v1/cameras/images?filename=I85_mm83.jpg",
        "m3u8_url": null,
        "is_streaming": false
      }
    },
    {
      "type": "Feature",
      "geometry": {
        "type": "Point",
        "coordinates": [
          -80.36443233489989,
          35.73958068804755
        ]
      },
      "properties": {
        "id": 844,
        "name": "I 85 at Clark Rd",
        "roadId": 2,
        "countyId": 29,
        "mileMarker": 84.5,
        "status": "OK",
        "snapshot_url": "https://eapps.ncdot.gov/services/traffic-prod/v1/cameras/images?filename=I85_mm84_5.jpg",
        "m3u8_url": null,
        "is_streaming": false
      }
    },
    {
      "type": "Feature",
      "geometry": {
        "type": "Point",
        "coordinates": [
          -80.32696723937987,
          35.77148181260626
        ]
      },
      "properties": {
        "id": 847,
        "name": "I-85 at I-85 Business",
        "roadId": 2,
        "countyId": 29,
        "mileMarker": 87.0,
        "status": "OK",
        "snapshot_url": "https://eapps.ncdot.gov/services/traffic-prod/v1/cameras/images?filename=I85_Bus85.jpg",
        "m3u8_url": null,
        "is_streaming": false
      }
    },
    {
      "type": "Feature",
      "geometry": {
        "type": "Point",
        "coordinates": [
          -75.519045,
          35.267801
        ]
      },
      "properties": {
        "id": 852,
        "name": "NC12 @ Buxton",
        "roadId": 3810,
        "countyId": 28,
        "mileMarker": null,
        "status": "OK",
        "snapshot_url": "https://eapps.ncdot.gov/services/traffic-prod/v1/cameras/images?filename=NC12_Buxton.jpg",
        "m3u8_url": null,
        "is_streaming": false
      }
    },
    {
      "type": "Feature",
      "geometry": {
        "type": "Point",
        "coordinates": [
          -77.80219316482545,
          35.97357811893395
        ]
      },
      "properties": {
        "id": 855,
        "name": "Benvenue Rd @ Wesleyan Blvd",
        "roadId": 118,
        "countyId": 64,
        "mileMarker": null,
        "status": "OK",
        "snapshot_url": "https://eapps.ncdot.gov/services/traffic-prod/v1/cameras/images?filename=Benvenue_Rd_Wesleyan_Blvd.jpg",
        "m3u8_url": null,
        "is_streaming": false
      }
    },
    {
      "type": "Feature",
      "geometry": {
        "type": "Point",
        "coordinates": [
          -77.8478765487671,
          35.93823154794555
        ]
      },
      "properties": {
        "id": 859,
        "name": "Beechwood Dr @ Bethlehem Rd",
        "roadId": -2147483648,
        "countyId": 64,
        "mileMarker": null,
        "status": "OK",
        "snapshot_url": "https://eapps.ncdot.gov/services/traffic-prod/v1/cameras/images?filename=Beechwood_Dr_Bethlehem_Rd.jpg",
        "m3u8_url": null,
        "is_streaming": false
      }
    },
    {
      "type": "Feature",
      "geometry": {
        "type": "Point",
        "coordinates": [
          -77.83412218093872,
          35.96237661822348
        ]
      },
      "properties": {
        "id": 871,
        "name": "Circle Dr @ Sunset Ave",
        "roadId": -2147483648,
        "countyId": 64,
        "mileMarker": null,
        "status": "OK",
        "snapshot_url": "https://eapps.ncdot.gov/services/traffic-prod/v1/cameras/images?filename=Circle_Dr_Sunset_Ave.jpg",
        "m3u8_url": null,
        "is_streaming": false
      }
    },
    {
      "type": "Feature",
      "geometry": {
        "type": "Point",
        "coordinates": [
          -77.838392,
          35.984448
        ]
      },
      "properties": {
        "id": 872,
        "name": "Hunter Hill Rd @ Winstead Ave",
        "roadId": 0,
        "countyId": 64,
        "mileMarker": null,
        "status": "OK",
        "snapshot_url": "https://eapps.ncdot.gov/services/traffic-prod/v1/cameras/images?filename=Hunter_Hill_Rd_Winstead_Ave.jpg",
        "m3u8_url": null,
        "is_streaming": false
      }
    },
    {
      "type": "Feature",
      "geometry": {
        "type": "Point",
        "coordinates": [
          -77.847104,
          35.975731
        ]
      },
      "properties": {
        "id": 873,
        "name": "US-64 @ Winstead Ave",
        "roadId": 10,
        "countyId": 64,
        "mileMarker": null,
        "status": "OK",
        "snapshot_url": "https://eapps.ncdot.gov/services/traffic-prod/v1/cameras/images?filename=US64_Winstead_Ave.jpg",
        "m3u8_url": null,
        "is_streaming": false
      }
    },
    {
      "type": "Feature",
      "geometry": {
        "type": "Point",
        "coordinates": [
          -78.419573,
          35.440376
        ]
      },
      "properties": {
        "id": 881,
        "name": "I95 @ Keen Rd",
        "roadId": 117,
        "countyId": 51,
        "mileMarker": 87.0,
        "status": "OK",
        "snapshot_url": "https://eapps.ncdot.gov/services/traffic-prod/v1/cameras/images?filename=I95_KeenRd.jpg",
        "m3u8_url": null,
        "is_streaming": false
      }
    },
    {
      "type": "Feature",
      "geometry": {
        "type": "Point",
        "coordinates": [
          -78.389007,
          35.458144
        ]
      },
      "properties": {
        "id": 882,
        "name": "I95 @ NC96",
        "roadId": 117,
        "countyId": 51,
        "mileMarker": 90.0,
        "status": "OK",
        "snapshot_url": "https://eapps.ncdot.gov/services/traffic-prod/v1/cameras/images?filename=I95_NC96.jpg",
        "m3u8_url": null,
        "is_streaming": false
      }
    },
    {
      "type": "Feature",
      "geometry": {
        "type": "Point",
        "coordinates": [
          -77.67325401306152,
          36.36396270628232
        ]
      },
      "properties": {
        "id": 889,
        "name": "I-95 @ NC 903",
        "roadId": 117,
        "countyId": 42,
        "mileMarker": 168.0,
        "status": "OK",
        "snapshot_url": "https://eapps.ncdot.gov/services/traffic-prod/v1/cameras/images?filename=I95_NC903.jpg",
        "m3u8_url": null,
        "is_streaming": false
      }
    },
    {
      "type": "Feature",
      "geometry": {
        "type": "Point",
        "coordinates": [
          -77.63020992279053,
          36.430743863243265
        ]
      },
      "properties": {
        "id": 890,
        "name": "I-95 @ US158",
        "roadId": 117,
        "countyId": 42,
        "mileMarker": 173.0,
        "status": "OK",
        "snapshot_url": "https://eapps.ncdot.gov/services/traffic-prod/v1/cameras/images?filename=I95_US158.jpg",
        "m3u8_url": null,
        "is_streaming": false
      }
    },
    {
      "type": "Feature",
      "geometry": {
        "type": "Point",
        "coordinates": [
          -77.824252,
          36.061062
        ]
      },
      "properties": {
        "id": 891,
        "name": "I-95 @ NC 48",
        "roadId": 117,
        "countyId": 64,
        "mileMarker": 145.0,
        "status": "OK",
        "snapshot_url": "https://eapps.ncdot.gov/services/traffic-prod/v1/cameras/images?filename=I95_NC48.jpg",
        "m3u8_url": null,
        "is_streaming": false
      }
    },
    {
      "type": "Feature",
      "geometry": {
        "type": "Point",
        "coordinates": [
          -77.64368534088135,
          36.399592796886544
        ]
      },
      "properties": {
        "id": 892,
        "name": "I-95 @ NC125",
        "roadId": 117,
        "countyId": 42,
        "mileMarker": 171.0,
        "status": "OK",
        "snapshot_url": "https://eapps.ncdot.gov/services/traffic-prod/v1/cameras/images?filename=I95_NC125.jpg",
        "m3u8_url": null,
        "is_streaming": false
      }
    },
    {
      "type": "Feature",
      "geometry": {
        "type": "Point",
        "coordinates": [
          -82.461877,
          35.318469
        ]
      },
      "properties": {
        "id": 902,
        "name": "6th Ave W & N Church St",
        "roadId": 0,
        "countyId": 45,
        "mileMarker": null,
        "status": "OK",
        "snapshot_url": "https://eapps.ncdot.gov/services/traffic-prod/v1/cameras/images?filename=6thAveW_NChurchSt.jpg",
        "m3u8_url": null,
        "is_streaming": false
      }
    },
    {
      "type": "Feature",
      "geometry": {
        "type": "Point",
        "coordinates": [
          -82.459431,
          35.319178
        ]
      },
      "properties": {
        "id": 903,
        "name": "N King St & 4 Seasons Blvd",
        "roadId": 0,
        "countyId": 45,
        "mileMarker": null,
        "status": "OK",
        "snapshot_url": "https://eapps.ncdot.gov/services/traffic-prod/v1/cameras/images?filename=NKingSt_4SeasonsBlvd.jpg",
        "m3u8_url": null,
        "is_streaming": false
      }
    },
    {
      "type": "Feature",
      "geometry": {
        "type": "Point",
        "coordinates": [
          -82.46488094329834,
          35.32478965767066
        ]
      },
      "properties": {
        "id": 904,
        "name": "Fleming St & Asheville Hwy",
        "roadId": -2147483648,
        "countyId": 45,
        "mileMarker": null,
        "status": "OK",
        "snapshot_url": "https://eapps.ncdot.gov/services/traffic-prod/v1/cameras/images?filename=FlemingSt_AshevilleHwy.jpg",
        "m3u8_url": null,
        "is_streaming": false
      }
    },
    {
      "type": "Feature",
      "geometry": {
        "type": "Point",
        "coordinates": [
          -80.23604,
          36.105114
        ]
      },
      "properties": {
        "id": 910,
        "name": "US-52 at MLK Jr Dr",
        "roadId": 20,
        "countyId": 34,
        "mileMarker": 110.0,
        "status": "OK",
        "snapshot_url": "https://eapps.ncdot.gov/services/traffic-prod/v1/cameras/images?filename=US52_MLK.jpg",
        "m3u8_url": null,
        "is_streaming": false
      }
    },
    {
      "type": "Feature",
      "geometry": {
        "type": "Point",
        "coordinates": [
          -80.068636,
          36.113255
        ]
      },
      "properties": {
        "id": 911,
        "name": "I-40 Business at NC-66",
        "roadId": 57,
        "countyId": 34,
        "mileMarker": 15.0,
        "status": "OK",
        "snapshot_url": "https://eapps.ncdot.gov/services/traffic-prod/v1/cameras/images?filename=Bus40_NC66.jpg",
        "m3u8_url": null,
        "is_streaming": false
      }
    },
    {
      "type": "Feature",
      "geometry": {
        "type": "Point",
        "coordinates": [
          -80.056272,
          36.108751
        ]
      },
      "properties": {
        "id": 913,
        "name": "I-40 Business at Mile Marker 16",
        "roadId": 57,
        "countyId": 34,
        "mileMarker": 16.0,
        "status": "OK",
        "snapshot_url": "https://eapps.ncdot.gov/services/traffic-prod/v1/cameras/images?filename=Bus40_MM16.jpg",
        "m3u8_url": null,
        "is_streaming": false
      }
    },
    {
      "type": "Feature",
      "geometry": {
        "type": "Point",
        "coordinates": [
          -80.045715,
          36.106779
        ]
      },
      "properties": {
        "id": 914,
        "name": "I-40 Business at Macy Grove Rd",
        "roadId": 57,
        "countyId": 34,
        "mileMarker": 17.0,
        "status": "OK",
        "snapshot_url": "https://eapps.ncdot.gov/services/traffic-prod/v1/cameras/images?filename=Bus40_MacyGrove.jpg",
        "m3u8_url": null,
        "is_streaming": false
      }
    },
    {
      "type": "Feature",
      "geometry": {
        "type": "Point",
        "coordinates": [
          -80.028267,
          36.102907
        ]
      },
      "properties": {
        "id": 915,
        "name": "I-40 Business at Mile Marker 18",
        "roadId": 57,
        "countyId": 34,
        "mileMarker": 18.0,
        "status": "OK",
        "snapshot_url": "https://eapps.ncdot.gov/services/traffic-prod/v1/cameras/images?filename=Bus40_MM18.jpg",
        "m3u8_url": null,
        "is_streaming": false
      }
    },
    {
      "type": "Feature",
      "geometry": {
        "type": "Point",
        "coordinates": [
          -80.018001,
          36.099025
        ]
      },
      "properties": {
        "id": 916,
        "name": "I-40 Business at Bunker Hill Rd",
        "roadId": 57,
        "countyId": 34,
        "mileMarker": 18.5,
        "status": "OK",
        "snapshot_url": "https://eapps.ncdot.gov/services/traffic-prod/v1/cameras/images?filename=Bus40_BunkerHill.jpg",
        "m3u8_url": null,
        "is_streaming": false
      }
    },
    {
      "type": "Feature",
      "geometry": {
        "type": "Point",
        "coordinates": [
          -78.028169,
          35.762045
        ]
      },
      "properties": {
        "id": 918,
        "name": "US264 @ Raleigh Rd Pkwy",
        "roadId": 34,
        "countyId": 98,
        "mileMarker": 36.0,
        "status": "OK",
        "snapshot_url": "https://eapps.ncdot.gov/services/traffic-prod/v1/cameras/images?filename=US264_mm36.jpg",
        "m3u8_url": null,
        "is_streaming": false
      }
    },
    {
      "type": "Feature",
      "geometry": {
        "type": "Point",
        "coordinates": [
          -78.000119,
          35.710559
        ]
      },
      "properties": {
        "id": 919,
        "name": "US264 @ NC42",
        "roadId": 34,
        "countyId": 98,
        "mileMarker": 40.0,
        "status": "OK",
        "snapshot_url": "https://eapps.ncdot.gov/services/traffic-prod/v1/cameras/images?filename=US264_mm40.jpg",
        "m3u8_url": null,
        "is_streaming": false
      }
    },
    {
      "type": "Feature",
      "geometry": {
        "type": "Point",
        "coordinates": [
          -78.540283,
          35.377101
        ]
      },
      "properties": {
        "id": 920,
        "name": "I-95 @ Exit 79",
        "roadId": 117,
        "countyId": 51,
        "mileMarker": 79.0,
        "status": "OK",
        "snapshot_url": "https://cfes.services.ncdot.gov/snapshots/chan-6225_h.jpg",
        "m3u8_url": null,
        "is_streaming": false
      }
    },
    {
      "type": "Feature",
      "geometry": {
        "type": "Point",
        "coordinates": [
          -78.51820886135101,
          35.38944356115602
        ]
      },
      "properties": {
        "id": 921,
        "name": "I-95 @ I-40",
        "roadId": 117,
        "countyId": 51,
        "mileMarker": 81.0,
        "status": "OK",
        "snapshot_url": "https://eapps.ncdot.gov/services/traffic-prod/v1/cameras/images?filename=I95_I40.jpg",
        "m3u8_url": null,
        "is_streaming": false
      }
    },
    {
      "type": "Feature",
      "geometry": {
        "type": "Point",
        "coordinates": [
          -77.767526,
          36.177973
        ]
      },
      "properties": {
        "id": 923,
        "name": "I-95 @ NC481",
        "roadId": 117,
        "countyId": 42,
        "mileMarker": 154.0,
        "status": "OK",
        "snapshot_url": "https://eapps.ncdot.gov/services/traffic-prod/v1/cameras/images?filename=I95_NC481.jpg",
        "m3u8_url": null,
        "is_streaming": false
      }
    },
    {
      "type": "Feature",
      "geometry": {
        "type": "Point",
        "coordinates": [
          -78.078868,
          34.190115
        ]
      },
      "properties": {
        "id": 926,
        "name": "I-140/US-17 @ Bus 17 W",
        "roadId": 3850,
        "countyId": 10,
        "mileMarker": null,
        "status": "OK",
        "snapshot_url": "https://eapps.ncdot.gov/services/traffic-prod/v1/cameras/images?filename=I140_US17BUS_W.jpg",
        "m3u8_url": null,
        "is_streaming": false
      }
    },
    {
      "type": "Feature",
      "geometry": {
        "type": "Point",
        "coordinates": [
          -77.968469,
          34.288921
        ]
      },
      "properties": {
        "id": 927,
        "name": "I-140/US-17 @ US-421",
        "roadId": 3850,
        "countyId": 65,
        "mileMarker": null,
        "status": "OK",
        "snapshot_url": "https://eapps.ncdot.gov/services/traffic-prod/v1/cameras/images?filename=I140_US421.jpg",
        "m3u8_url": null,
        "is_streaming": false
      }
    },
    {
      "type": "Feature",
      "geometry": {
        "type": "Point",
        "coordinates": [
          -78.080027,
          34.258529
        ]
      },
      "properties": {
        "id": 928,
        "name": "I-140/US17 @ US74/US76",
        "roadId": 3850,
        "countyId": 10,
        "mileMarker": 5.0,
        "status": "OK",
        "snapshot_url": "https://cfes.services.ncdot.gov/snapshots/chan-5489_h.jpg",
        "m3u8_url": null,
        "is_streaming": false
      }
    },
    {
      "type": "Feature",
      "geometry": {
        "type": "Point",
        "coordinates": [
          -78.081594,
          34.185074
        ]
      },
      "properties": {
        "id": 929,
        "name": "I-140/US17 @ US-17 Bus",
        "roadId": 3850,
        "countyId": 10,
        "mileMarker": null,
        "status": "OK",
        "snapshot_url": "https://eapps.ncdot.gov/services/traffic-prod/v1/cameras/images?filename=I140_US17BUS_W2.jpg",
        "m3u8_url": null,
        "is_streaming": false
      }
    },
    {
      "type": "Feature",
      "geometry": {
        "type": "Point",
        "coordinates": [
          -79.800331,
          36.033674
        ]
      },
      "properties": {
        "id": 937,
        "name": "I-40 at Randleman Rd",
        "roadId": 1,
        "countyId": 41,
        "mileMarker": 220.0,
        "status": "OK",
        "snapshot_url": "https://eapps.ncdot.gov/services/traffic-prod/v1/cameras/images?filename=I40_RandlemanRd.jpg",
        "m3u8_url": null,
        "is_streaming": false
      }
    },
    {
      "type": "Feature",
      "geometry": {
        "type": "Point",
        "coordinates": [
          -80.347626,
          35.753452
        ]
      },
      "properties": {
        "id": 951,
        "name": "I-85 at NC-47 (Belmont Rd)",
        "roadId": 2,
        "countyId": 29,
        "mileMarker": 87.0,
        "status": "OK",
        "snapshot_url": "https://eapps.ncdot.gov/services/traffic-prod/v1/cameras/images?filename=I85_Belmont_Rd.jpg",
        "m3u8_url": null,
        "is_streaming": false
      }
    },
    {
      "type": "Feature",
      "geometry": {
        "type": "Point",
        "coordinates": [
          -79.774554,
          36.044625
        ]
      },
      "properties": {
        "id": 952,
        "name": "I-40 at US421 S",
        "roadId": 1,
        "countyId": 41,
        "mileMarker": 223.0,
        "status": "OK",
        "snapshot_url": "https://eapps.ncdot.gov/services/traffic-prod/v1/cameras/images?filename=I40_US421S.jpg",
        "m3u8_url": null,
        "is_streaming": false
      }
    },
    {
      "type": "Feature",
      "geometry": {
        "type": "Point",
        "coordinates": [
          -79.749444,
          36.047222
        ]
      },
      "properties": {
        "id": 954,
        "name": "I-40 at Mile Marker 223",
        "roadId": 1,
        "countyId": 41,
        "mileMarker": 223.0,
        "status": "OK",
        "snapshot_url": "https://eapps.ncdot.gov/services/traffic-prod/v1/cameras/images?filename=I40_MM223.jpg",
        "m3u8_url": null,
        "is_streaming": false
      }
    },
    {
      "type": "Feature",
      "geometry": {
        "type": "Point",
        "coordinates": [
          -79.71115,
          36.05718
        ]
      },
      "properties": {
        "id": 956,
        "name": "I-40 at Youngs Mill Rd",
        "roadId": 1,
        "countyId": 41,
        "mileMarker": 225.0,
        "status": "OK",
        "snapshot_url": "https://eapps.ncdot.gov/services/traffic-prod/v1/cameras/images?filename=I40_YoungsMillRd.jpg",
        "m3u8_url": null,
        "is_streaming": false
      }
    },
    {
      "type": "Feature",
      "geometry": {
        "type": "Point",
        "coordinates": [
          -79.688337,
          36.059774
        ]
      },
      "properties": {
        "id": 957,
        "name": "I-40 at McConnell Rd",
        "roadId": 1,
        "countyId": 41,
        "mileMarker": 226.0,
        "status": "OK",
        "snapshot_url": "https://eapps.ncdot.gov/services/traffic-prod/v1/cameras/images?filename=I40_McConnellRd.jpg",
        "m3u8_url": null,
        "is_streaming": false
      }
    },
    {
      "type": "Feature",
      "geometry": {
        "type": "Point",
        "coordinates": [
          -79.686518,
          36.06008
        ]
      },
      "properties": {
        "id": 958,
        "name": "I-40 at I-785 / I-840",
        "roadId": 1,
        "countyId": 41,
        "mileMarker": 227.0,
        "status": "OK",
        "snapshot_url": "https://eapps.ncdot.gov/services/traffic-prod/v1/cameras/images?filename=I40W_I840.jpg",
        "m3u8_url": null,
        "is_streaming": false
      }
    },
    {
      "type": "Feature",
      "geometry": {
        "type": "Point",
        "coordinates": [
          -79.849814,
          36.00579
        ]
      },
      "properties": {
        "id": 960,
        "name": "I-73 North at I-85 Business North",
        "roadId": 3846,
        "countyId": 41,
        "mileMarker": 97.0,
        "status": "OK",
        "snapshot_url": "https://eapps.ncdot.gov/services/traffic-prod/v1/cameras/images?filename=I73N_Bus85N.jpg",
        "m3u8_url": null,
        "is_streaming": false
      }
    },
    {
      "type": "Feature",
      "geometry": {
        "type": "Point",
        "coordinates": [
          -79.851944,
          36.005833
        ]
      },
      "properties": {
        "id": 961,
        "name": "I-73 South at I-85 Business South",
        "roadId": 3846,
        "countyId": 41,
        "mileMarker": 97.0,
        "status": "OK",
        "snapshot_url": "https://eapps.ncdot.gov/services/traffic-prod/v1/cameras/images?filename=I73S_Bus85S.jpg",
        "m3u8_url": null,
        "is_streaming": false
      }
    },
    {
      "type": "Feature",
      "geometry": {
        "type": "Point",
        "coordinates": [
          -79.85266,
          36.01592
        ]
      },
      "properties": {
        "id": 962,
        "name": "I-73 at Vandalia Rd / Wiley Davis Rd",
        "roadId": 3846,
        "countyId": 41,
        "mileMarker": 98.0,
        "status": "OK",
        "snapshot_url": "https://eapps.ncdot.gov/services/traffic-prod/v1/cameras/images?filename=I73N_WileyDavis.jpg",
        "m3u8_url": null,
        "is_streaming": false
      }
    },
    {
      "type": "Feature",
      "geometry": {
        "type": "Point",
        "coordinates": [
          -79.839175,
          36.010996
        ]
      },
      "properties": {
        "id": 963,
        "name": "I-85 Business at Holden Rd",
        "roadId": 2,
        "countyId": 41,
        "mileMarker": 34.0,
        "status": "OK",
        "snapshot_url": "https://eapps.ncdot.gov/services/traffic-prod/v1/cameras/images?filename=Bus85_HoldenRd.jpg",
        "m3u8_url": null,
        "is_streaming": false
      }
    },
    {
      "type": "Feature",
      "geometry": {
        "type": "Point",
        "coordinates": [
          -79.82642,
          36.01799
        ]
      },
      "properties": {
        "id": 964,
        "name": "I-85 Business at US-220",
        "roadId": 2,
        "countyId": 41,
        "mileMarker": 35.0,
        "status": "OK",
        "snapshot_url": "https://eapps.ncdot.gov/services/traffic-prod/v1/cameras/images?filename=Bus85_US220.jpg",
        "m3u8_url": null,
        "is_streaming": false
      }
    },
    {
      "type": "Feature",
      "geometry": {
        "type": "Point",
        "coordinates": [
          -79.828155,
          36.003258
        ]
      },
      "properties": {
        "id": 966,
        "name": "I-85 at US-220 South",
        "roadId": 2,
        "countyId": 41,
        "mileMarker": 122.0,
        "status": "OK",
        "snapshot_url": "https://eapps.ncdot.gov/services/traffic-prod/v1/cameras/images?filename=I85_US220S.jpg",
        "m3u8_url": null,
        "is_streaming": false
      }
    },
    {
      "type": "Feature",
      "geometry": {
        "type": "Point",
        "coordinates": [
          -79.80624,
          36.00017
        ]
      },
      "properties": {
        "id": 968,
        "name": "I-85 at Randleman Rd",
        "roadId": 2,
        "countyId": 41,
        "mileMarker": 123.0,
        "status": "OK",
        "snapshot_url": "https://eapps.ncdot.gov/services/traffic-prod/v1/cameras/images?filename=I85_RandlemanRd.jpg",
        "m3u8_url": null,
        "is_streaming": false
      }
    },
    {
      "type": "Feature",
      "geometry": {
        "type": "Point",
        "coordinates": [
          -79.792315,
          36.001106
        ]
      },
      "properties": {
        "id": 969,
        "name": "I-85 at Elm-Eugene St",
        "roadId": 2,
        "countyId": 41,
        "mileMarker": 124.0,
        "status": "OK",
        "snapshot_url": "https://eapps.ncdot.gov/services/traffic-prod/v1/cameras/images?filename=I85_ElmEugeneSt.jpg",
        "m3u8_url": null,
        "is_streaming": false
      }
    },
    {
      "type": "Feature",
      "geometry": {
        "type": "Point",
        "coordinates": [
          -79.76852,
          35.99693
        ]
      },
      "properties": {
        "id": 970,
        "name": "I-85 at Mile Marker 124",
        "roadId": 2,
        "countyId": 41,
        "mileMarker": 124.0,
        "status": "OK",
        "snapshot_url": "https://eapps.ncdot.gov/services/traffic-prod/v1/cameras/images?filename=I85_MM124.jpg",
        "m3u8_url": null,
        "is_streaming": false
      }
    },
    {
      "type": "Feature",
      "geometry": {
        "type": "Point",
        "coordinates": [
          -79.74014,
          36.00755
        ]
      },
      "properties": {
        "id": 972,
        "name": "I-85 at Mile Marker 126",
        "roadId": 2,
        "countyId": 41,
        "mileMarker": 126.0,
        "status": "OK",
        "snapshot_url": "https://eapps.ncdot.gov/services/traffic-prod/v1/cameras/images?filename=I85_MM126.jpg",
        "m3u8_url": null,
        "is_streaming": false
      }
    },
    {
      "type": "Feature",
      "geometry": {
        "type": "Point",
        "coordinates": [
          -79.729919,
          36.024167
        ]
      },
      "properties": {
        "id": 973,
        "name": "I-85 at Alamance Church Rd",
        "roadId": 2,
        "countyId": 41,
        "mileMarker": 127.0,
        "status": "OK",
        "snapshot_url": "https://eapps.ncdot.gov/services/traffic-prod/v1/cameras/images?filename=I85_AlamanceChurchRd.jpg",
        "m3u8_url": null,
        "is_streaming": false
      }
    },
    {
      "type": "Feature",
      "geometry": {
        "type": "Point",
        "coordinates": [
          -79.718733,
          36.030441
        ]
      },
      "properties": {
        "id": 974,
        "name": "I-85 at Nelson Farm Rd",
        "roadId": 2,
        "countyId": 41,
        "mileMarker": 128.0,
        "status": "OK",
        "snapshot_url": "https://cfts.services.ncdot.gov:443/snapshots/chan-5831_h.jpg",
        "m3u8_url": "https://cfts.services.ncdot.gov:443/chan-5831/index.m3u8",
        "is_streaming": true
      }
    },
    {
      "type": "Feature",
      "geometry": {
        "type": "Point",
        "coordinates": [
          -79.69586,
          36.033188
        ]
      },
      "properties": {
        "id": 975,
        "name": "I-85 at Youngs Mill Rd",
        "roadId": 2,
        "countyId": 41,
        "mileMarker": 129.0,
        "status": "OK",
        "snapshot_url": "https://eapps.ncdot.gov/services/traffic-prod/v1/cameras/images?filename=I85_YoungsMillRd.jpg",
        "m3u8_url": null,
        "is_streaming": false
      }
    },
    {
      "type": "Feature",
      "geometry": {
        "type": "Point",
        "coordinates": [
          -79.67999,
          36.05877
        ]
      },
      "properties": {
        "id": 978,
        "name": "I-85 at I-40",
        "roadId": 2,
        "countyId": 41,
        "mileMarker": 131.0,
        "status": "OK",
        "snapshot_url": "https://eapps.ncdot.gov/services/traffic-prod/v1/cameras/images?filename=I85_I40.jpg",
        "m3u8_url": null,
        "is_streaming": false
      }
    },
    {
      "type": "Feature",
      "geometry": {
        "type": "Point",
        "coordinates": [
          -79.966373,
          36.093259
        ]
      },
      "properties": {
        "id": 979,
        "name": "NC-68 and Market St",
        "roadId": 128,
        "countyId": 41,
        "mileMarker": null,
        "status": "OK",
        "snapshot_url": "https://eapps.ncdot.gov/services/traffic-prod/v1/cameras/images?filename=NC68_MarketSt.jpg",
        "m3u8_url": null,
        "is_streaming": false
      }
    },
    {
      "type": "Feature",
      "geometry": {
        "type": "Point",
        "coordinates": [
          -75.842775,
          35.159137
        ]
      },
      "properties": {
        "id": 988,
        "name": "NC-12 Ocracoke South (MM 77.5)",
        "roadId": 3810,
        "countyId": 48,
        "mileMarker": null,
        "status": "OK",
        "snapshot_url": "https://eapps.ncdot.gov/services/traffic-prod/v1/cameras/images?filename=Ocracoke_South.jpg",
        "m3u8_url": null,
        "is_streaming": false
      }
    },
    {
      "type": "Feature",
      "geometry": {
        "type": "Point",
        "coordinates": [
          -82.55602,
          35.48167
        ]
      },
      "properties": {
        "id": 990,
        "name": "I-26 Exit 37/Long Shoals",
        "roadId": 62,
        "countyId": 11,
        "mileMarker": 37.0,
        "status": "OK",
        "snapshot_url": "https://eapps.ncdot.gov/services/traffic-prod/v1/cameras/images?filename=I26_LongShoalsRd.jpg",
        "m3u8_url": null,
        "is_streaming": false
      }
    },
    {
      "type": "Feature",
      "geometry": {
        "type": "Point",
        "coordinates": [
          -80.733908,
          35.348569
        ]
      },
      "properties": {
        "id": 993,
        "name": "I-85 @ I-485",
        "roadId": 2,
        "countyId": 60,
        "mileMarker": 48.0,
        "status": "OK",
        "snapshot_url": "https://eapps.ncdot.gov/services/traffic-prod/v1/cameras/images?filename=I485_I85.jpg",
        "m3u8_url": null,
        "is_streaming": false
      }
    },
    {
      "type": "Feature",
      "geometry": {
        "type": "Point",
        "coordinates": [
          -80.737209,
          35.353217
        ]
      },
      "properties": {
        "id": 994,
        "name": "I-485 N. of I-85",
        "roadId": 196,
        "countyId": 60,
        "mileMarker": 30.1,
        "status": "OK",
        "snapshot_url": "https://eapps.ncdot.gov/services/traffic-prod/v1/cameras/images?filename=I485_NofI85.jpg",
        "m3u8_url": null,
        "is_streaming": false
      }
    },
    {
      "type": "Feature",
      "geometry": {
        "type": "Point",
        "coordinates": [
          -81.65599,
          35.722361
        ]
      },
      "properties": {
        "id": 995,
        "name": "I-40 @ NC 18",
        "roadId": 1,
        "countyId": 12,
        "mileMarker": 105.0,
        "status": "OK",
        "snapshot_url": "https://eapps.ncdot.gov/services/traffic-prod/v1/cameras/images?filename=I40_mm105.jpg",
        "m3u8_url": null,
        "is_streaming": false
      }
    },
    {
      "type": "Feature",
      "geometry": {
        "type": "Point",
        "coordinates": [
          -76.474036,
          35.907288
        ]
      },
      "properties": {
        "id": 998,
        "name": "US-64 @ mm 552",
        "roadId": 10,
        "countyId": 94,
        "mileMarker": 552.0,
        "status": "OK",
        "snapshot_url": "https://eapps.ncdot.gov/services/traffic-prod/v1/cameras/images?filename=US64_mm552.jpg",
        "m3u8_url": null,
        "is_streaming": false
      }
    },
    {
      "type": "Feature",
      "geometry": {
        "type": "Point",
        "coordinates": [
          -76.579408,
          35.886577
        ]
      },
      "properties": {
        "id": 999,
        "name": "US-64 @ mm 546",
        "roadId": 10,
        "countyId": 94,
        "mileMarker": 546.0,
        "status": "OK",
        "snapshot_url": "https://eapps.ncdot.gov/services/traffic-prod/v1/cameras/images?filename=US64_mm546.jpg",
        "m3u8_url": null,
        "is_streaming": false
      }
    },
    {
      "type": "Feature",
      "geometry": {
        "type": "Point",
        "coordinates": [
          -76.159873,
          36.50913
        ]
      },
      "properties": {
        "id": 1001,
        "name": "NC-168 at Survey Rd",
        "roadId": 123,
        "countyId": 27,
        "mileMarker": null,
        "status": "OK",
        "snapshot_url": "https://eapps.ncdot.gov/services/traffic-prod/v1/cameras/images?filename=NC168_SurveyRd.jpg",
        "m3u8_url": null,
        "is_streaming": false
      }
    },
    {
      "type": "Feature",
      "geometry": {
        "type": "Point",
        "coordinates": [
          -80.729497,
          35.342871
        ]
      },
      "properties": {
        "id": 1003,
        "name": "I-485 Inner, E. of I-85",
        "roadId": 196,
        "countyId": 60,
        "mileMarker": 30.0,
        "status": "OK",
        "snapshot_url": "https://eapps.ncdot.gov/services/traffic-prod/v1/cameras/images?filename=I485_EofI85.jpg",
        "m3u8_url": null,
        "is_streaming": false
      }
    },
    {
      "type": "Feature",
      "geometry": {
        "type": "Point",
        "coordinates": [
          -78.069646,
          35.435343
        ]
      },
      "properties": {
        "id": 1007,
        "name": "US70 @ US70 Bypass",
        "roadId": 3,
        "countyId": 96,
        "mileMarker": null,
        "status": "OK",
        "snapshot_url": "https://eapps.ncdot.gov/services/traffic-prod/v1/cameras/images?filename=US70_US70Byp.jpg",
        "m3u8_url": null,
        "is_streaming": false
      }
    },
    {
      "type": "Feature",
      "geometry": {
        "type": "Point",
        "coordinates": [
          -79.883608,
          36.026623
        ]
      },
      "properties": {
        "id": 1073,
        "name": "I-73 South at W Gate City Blvd",
        "roadId": 3846,
        "countyId": 41,
        "mileMarker": 100.0,
        "status": "OK",
        "snapshot_url": "https://eapps.ncdot.gov/services/traffic-prod/v1/cameras/images?filename=I73S_GateCity.jpg",
        "m3u8_url": null,
        "is_streaming": false
      }
    },
    {
      "type": "Feature",
      "geometry": {
        "type": "Point",
        "coordinates": [
          -82.242622,
          35.254961
        ]
      },
      "properties": {
        "id": 1074,
        "name": "I-26 MM 64.5",
        "roadId": 62,
        "countyId": 75,
        "mileMarker": 64.5,
        "status": "OK",
        "snapshot_url": "https://eapps.ncdot.gov/services/traffic-prod/v1/cameras/images?filename=I26_mm64_5.jpg",
        "m3u8_url": null,
        "is_streaming": false
      }
    },
    {
      "type": "Feature",
      "geometry": {
        "type": "Point",
        "coordinates": [
          -79.734607,
          36.052115
        ]
      },
      "properties": {
        "id": 1109,
        "name": "I-40 at E Lee St",
        "roadId": 1,
        "countyId": 41,
        "mileMarker": 224.0,
        "status": "OK",
        "snapshot_url": "https://eapps.ncdot.gov/services/traffic-prod/v1/cameras/images?filename=I40_GateCity.jpg",
        "m3u8_url": null,
        "is_streaming": false
      }
    },
    {
      "type": "Feature",
      "geometry": {
        "type": "Point",
        "coordinates": [
          -77.863281,
          36.01339
        ]
      },
      "properties": {
        "id": 1111,
        "name": "I95 @ Dortches Blvd",
        "roadId": 117,
        "countyId": 64,
        "mileMarker": 141.0,
        "status": "OK",
        "snapshot_url": "https://eapps.ncdot.gov/services/traffic-prod/v1/cameras/images?filename=I95_DortchesBlvd.jpg",
        "m3u8_url": null,
        "is_streaming": false
      }
    },
    {
      "type": "Feature",
      "geometry": {
        "type": "Point",
        "coordinates": [
          -75.820776,
          35.167365
        ]
      },
      "properties": {
        "id": 1113,
        "name": "NC12 Ocracoke North  (MM 76)",
        "roadId": 3810,
        "countyId": 48,
        "mileMarker": null,
        "status": "OK",
        "snapshot_url": "https://eapps.ncdot.gov/services/traffic-prod/v1/cameras/images?filename=NC12_OcracokeNorth.jpg",
        "m3u8_url": null,
        "is_streaming": false
      }
    },
    {
      "type": "Feature",
      "geometry": {
        "type": "Point",
        "coordinates": [
          -80.228632,
          36.085829
        ]
      },
      "properties": {
        "id": 1125,
        "name": "US-52 at Salem Creek",
        "roadId": 20,
        "countyId": 34,
        "mileMarker": 108.0,
        "status": "OK",
        "snapshot_url": "https://eapps.ncdot.gov/services/traffic-prod/v1/cameras/images?filename=US52_SalemCreek.jpg",
        "m3u8_url": null,
        "is_streaming": false
      }
    },
    {
      "type": "Feature",
      "geometry": {
        "type": "Point",
        "coordinates": [
          -80.82810286514281,
          35.366017675809296
        ]
      },
      "properties": {
        "id": 1126,
        "name": "I-485 Outer at Exit 23 (I-77/NC-115)",
        "roadId": 196,
        "countyId": 60,
        "mileMarker": 23.0,
        "status": "OK",
        "snapshot_url": "https://eapps.ncdot.gov/services/traffic-prod/v1/cameras/images?filename=I485_mm23_01.jpg",
        "m3u8_url": null,
        "is_streaming": false
      }
    },
    {
      "type": "Feature",
      "geometry": {
        "type": "Point",
        "coordinates": [
          -80.80613,
          35.367768
        ]
      },
      "properties": {
        "id": 1127,
        "name": "I-485 Outer MM 24.6",
        "roadId": 196,
        "countyId": 60,
        "mileMarker": 24.6,
        "status": "OK",
        "snapshot_url": "https://eapps.ncdot.gov/services/traffic-prod/v1/cameras/images?filename=I485_mm24_60.jpg",
        "m3u8_url": null,
        "is_streaming": false
      }
    },
    {
      "type": "Feature",
      "geometry": {
        "type": "Point",
        "coordinates": [
          -80.789357,
          35.3693
        ]
      },
      "properties": {
        "id": 1128,
        "name": "I-485 Outer @ Benfield Road",
        "roadId": 196,
        "countyId": 60,
        "mileMarker": 25.8,
        "status": "OK",
        "snapshot_url": "https://eapps.ncdot.gov/services/traffic-prod/v1/cameras/images?filename=I485_BenfieldRd.jpg",
        "m3u8_url": null,
        "is_streaming": false
      }
    },
    {
      "type": "Feature",
      "geometry": {
        "type": "Point",
        "coordinates": [
          -80.748897,
          35.362049
        ]
      },
      "properties": {
        "id": 1130,
        "name": "I-485 Outer @ Mallard Creek",
        "roadId": 196,
        "countyId": 60,
        "mileMarker": 28.9,
        "status": "OK",
        "snapshot_url": "https://eapps.ncdot.gov/services/traffic-prod/v1/cameras/images?filename=I485_MallardCreekRd.jpg",
        "m3u8_url": null,
        "is_streaming": false
      }
    },
    {
      "type": "Feature",
      "geometry": {
        "type": "Point",
        "coordinates": [
          -80.815936,
          35.366161
        ]
      },
      "properties": {
        "id": 1131,
        "name": "I-485 Inner MM 23.9",
        "roadId": 196,
        "countyId": 60,
        "mileMarker": 23.9,
        "status": "OK",
        "snapshot_url": "https://eapps.ncdot.gov/services/traffic-prod/v1/cameras/images?filename=I485_mm23_90.jpg",
        "m3u8_url": null,
        "is_streaming": false
      }
    },
    {
      "type": "Feature",
      "geometry": {
        "type": "Point",
        "coordinates": [
          -82.239344,
          35.621829
        ]
      },
      "properties": {
        "id": 1132,
        "name": "I40_Old_Fort",
        "roadId": 1,
        "countyId": 59,
        "mileMarker": null,
        "status": "OK",
        "snapshot_url": "https://eapps.ncdot.gov/services/traffic-prod/v1/cameras/images?filename=I40_OldFort.jpg",
        "m3u8_url": null,
        "is_streaming": false
      }
    },
    {
      "type": "Feature",
      "geometry": {
        "type": "Point",
        "coordinates": [
          -78.407453,
          36.341128
        ]
      },
      "properties": {
        "id": 1134,
        "name": "I-85 @ Exit 214",
        "roadId": 2,
        "countyId": 91,
        "mileMarker": 214.0,
        "status": "OK",
        "snapshot_url": "https://eapps.ncdot.gov/services/traffic-prod/v1/cameras/images?filename=I85_mm214.jpg",
        "m3u8_url": null,
        "is_streaming": false
      }
    },
    {
      "type": "Feature",
      "geometry": {
        "type": "Point",
        "coordinates": [
          -78.426036,
          36.339523
        ]
      },
      "properties": {
        "id": 1135,
        "name": "I-85 @ Exit 213",
        "roadId": 2,
        "countyId": 91,
        "mileMarker": 213.0,
        "status": "OK",
        "snapshot_url": "https://eapps.ncdot.gov/services/traffic-prod/v1/cameras/images?filename=I85_mm213.jpg",
        "m3u8_url": null,
        "is_streaming": false
      }
    },
    {
      "type": "Feature",
      "geometry": {
        "type": "Point",
        "coordinates": [
          -78.374514,
          36.361797
        ]
      },
      "properties": {
        "id": 1136,
        "name": "I-85 @ Exit 217",
        "roadId": 2,
        "countyId": 91,
        "mileMarker": 217.0,
        "status": "OK",
        "snapshot_url": "https://eapps.ncdot.gov/services/traffic-prod/v1/cameras/images?filename=I85_mm217.jpg",
        "m3u8_url": null,
        "is_streaming": false
      }
    },
    {
      "type": "Feature",
      "geometry": {
        "type": "Point",
        "coordinates": [
          -78.358152,
          36.374527
        ]
      },
      "properties": {
        "id": 1137,
        "name": "I-85 @ Exit 218",
        "roadId": 2,
        "countyId": 91,
        "mileMarker": 218.0,
        "status": "OK",
        "snapshot_url": "https://eapps.ncdot.gov/services/traffic-prod/v1/cameras/images?filename=I85_mm218.jpg",
        "m3u8_url": null,
        "is_streaming": false
      }
    },
    {
      "type": "Feature",
      "geometry": {
        "type": "Point",
        "coordinates": [
          -78.648664,
          35.725097
        ]
      },
      "properties": {
        "id": 1138,
        "name": "US70 @ Mechanical Blvd",
        "roadId": 3,
        "countyId": 92,
        "mileMarker": null,
        "status": "OK",
        "snapshot_url": "https://eapps.ncdot.gov/services/traffic-prod/v1/cameras/images?filename=US70_Mechanical.jpg",
        "m3u8_url": null,
        "is_streaming": false
      }
    },
    {
      "type": "Feature",
      "geometry": {
        "type": "Point",
        "coordinates": [
          -78.638418,
          35.719065
        ]
      },
      "properties": {
        "id": 1139,
        "name": "US 70 @ Timber Dr",
        "roadId": 3,
        "countyId": 92,
        "mileMarker": null,
        "status": "OK",
        "snapshot_url": "https://eapps.ncdot.gov/services/traffic-prod/v1/cameras/images?filename=US70_TimberDr.jpg",
        "m3u8_url": null,
        "is_streaming": false
      }
    },
    {
      "type": "Feature",
      "geometry": {
        "type": "Point",
        "coordinates": [
          -78.63049,
          35.71482
        ]
      },
      "properties": {
        "id": 1140,
        "name": "US 70 @ Yeargan Rd",
        "roadId": 3,
        "countyId": 92,
        "mileMarker": null,
        "status": "OK",
        "snapshot_url": "https://eapps.ncdot.gov/services/traffic-prod/v1/cameras/images?filename=US70_YearganRd.jpg",
        "m3u8_url": null,
        "is_streaming": false
      }
    },
    {
      "type": "Feature",
      "geometry": {
        "type": "Point",
        "coordinates": [
          -78.622937,
          35.710696
        ]
      },
      "properties": {
        "id": 1141,
        "name": "US 70 @ Vandora Springs Dr",
        "roadId": 3,
        "countyId": 92,
        "mileMarker": null,
        "status": "OK",
        "snapshot_url": "https://eapps.ncdot.gov/services/traffic-prod/v1/cameras/images?filename=US70_VandoraSpringsDr.jpg",
        "m3u8_url": null,
        "is_streaming": false
      }
    },
    {
      "type": "Feature",
      "geometry": {
        "type": "Point",
        "coordinates": [
          -78.601732,
          35.702137
        ]
      },
      "properties": {
        "id": 1143,
        "name": "US 70 @ New Rand Rd",
        "roadId": 3,
        "countyId": 92,
        "mileMarker": null,
        "status": "OK",
        "snapshot_url": "https://eapps.ncdot.gov/services/traffic-prod/v1/cameras/images?filename=US70_NewRandRd.jpg",
        "m3u8_url": null,
        "is_streaming": false
      }
    },
    {
      "type": "Feature",
      "geometry": {
        "type": "Point",
        "coordinates": [
          -78.81422774459288,
          35.7258051081533
        ]
      },
      "properties": {
        "id": 1145,
        "name": "US 1 @ mm 97",
        "roadId": 29,
        "countyId": 92,
        "mileMarker": 97.0,
        "status": "OK",
        "snapshot_url": "https://eapps.ncdot.gov/services/traffic-prod/v1/cameras/images?filename=US1_mm97.jpg",
        "m3u8_url": null,
        "is_streaming": false
      }
    },
    {
      "type": "Feature",
      "geometry": {
        "type": "Point",
        "coordinates": [
          -78.840884,
          35.715144
        ]
      },
      "properties": {
        "id": 1146,
        "name": "US1 @ NC 55 South",
        "roadId": 29,
        "countyId": 92,
        "mileMarker": 95.0,
        "status": "OK",
        "snapshot_url": "https://cfss.services.ncdot.gov/snapshots/chan-5617_h.jpg",
        "m3u8_url": null,
        "is_streaming": false
      }
    },
    {
      "type": "Feature",
      "geometry": {
        "type": "Point",
        "coordinates": [
          -78.839862,
          35.713568
        ]
      },
      "properties": {
        "id": 1147,
        "name": "US1 @ NC 55 North",
        "roadId": 29,
        "countyId": 92,
        "mileMarker": 95.0,
        "status": "OK",
        "snapshot_url": "https://cfss.services.ncdot.gov/snapshots/chan-5629_h.jpg",
        "m3u8_url": null,
        "is_streaming": false
      }
    },
    {
      "type": "Feature",
      "geometry": {
        "type": "Point",
        "coordinates": [
          -78.85906646853452,
          35.703264302524765
        ]
      },
      "properties": {
        "id": 1148,
        "name": "US1 @ Old Holly Springs Rd",
        "roadId": 29,
        "countyId": 92,
        "mileMarker": 93.0,
        "status": "OK",
        "snapshot_url": "https://eapps.ncdot.gov/services/traffic-prod/v1/cameras/images?filename=US1_OldHollySpringsRd.jpg",
        "m3u8_url": null,
        "is_streaming": false
      }
    },
    {
      "type": "Feature",
      "geometry": {
        "type": "Point",
        "coordinates": [
          -78.87845463654398,
          35.694094798844844
        ]
      },
      "properties": {
        "id": 1149,
        "name": "US 1 @ mm 92.5",
        "roadId": 29,
        "countyId": 92,
        "mileMarker": 92.5,
        "status": "OK",
        "snapshot_url": "https://eapps.ncdot.gov/services/traffic-prod/v1/cameras/images?filename=US1_mm92_5.jpg",
        "m3u8_url": null,
        "is_streaming": false
      }
    },
    {
      "type": "Feature",
      "geometry": {
        "type": "Point",
        "coordinates": [
          -83.046525,
          35.754746
        ]
      },
      "properties": {
        "id": 1151,
        "name": "I-40 W @ MM 4",
        "roadId": 1,
        "countyId": 44,
        "mileMarker": 4.0,
        "status": "OK",
        "snapshot_url": "https://cfss.services.ncdot.gov/snapshots/chan-6121_h.jpg",
        "m3u8_url": null,
        "is_streaming": false
      }
    },
    {
      "type": "Feature",
      "geometry": {
        "type": "Point",
        "coordinates": [
          -83.043217,
          35.754375
        ]
      },
      "properties": {
        "id": 1152,
        "name": "I-40 @ MM 4.2",
        "roadId": 1,
        "countyId": 44,
        "mileMarker": 4.2,
        "status": "OK",
        "snapshot_url": "https://cfss.services.ncdot.gov/snapshots/chan-6122_h.jpg",
        "m3u8_url": null,
        "is_streaming": false
      }
    },
    {
      "type": "Feature",
      "geometry": {
        "type": "Point",
        "coordinates": [
          -82.917389,
          35.542289
        ]
      },
      "properties": {
        "id": 1156,
        "name": "I-40 @ mm 27",
        "roadId": 1,
        "countyId": 44,
        "mileMarker": 27.0,
        "status": "OK",
        "snapshot_url": "https://eapps.ncdot.gov/services/traffic-prod/v1/cameras/images?filename=I40_mm27.jpg",
        "m3u8_url": null,
        "is_streaming": false
      }
    },
    {
      "type": "Feature",
      "geometry": {
        "type": "Point",
        "coordinates": [
          -79.66039,
          36.05889
        ]
      },
      "properties": {
        "id": 1157,
        "name": "I-85 at Mount Hope Church Rd",
        "roadId": 2,
        "countyId": 41,
        "mileMarker": 132.0,
        "status": "OK",
        "snapshot_url": "https://eapps.ncdot.gov/services/traffic-prod/v1/cameras/images?filename=I85_MtHopeChurchRd.jpg",
        "m3u8_url": null,
        "is_streaming": false
      }
    },
    {
      "type": "Feature",
      "geometry": {
        "type": "Point",
        "coordinates": [
          -79.63905,
          36.05796
        ]
      },
      "properties": {
        "id": 1159,
        "name": "I-85 near Millstream Rd",
        "roadId": 2,
        "countyId": 41,
        "mileMarker": 133.0,
        "status": "OK",
        "snapshot_url": "https://eapps.ncdot.gov/services/traffic-prod/v1/cameras/images?filename=I85_MillstreamRd.jpg",
        "m3u8_url": null,
        "is_streaming": false
      }
    },
    {
      "type": "Feature",
      "geometry": {
        "type": "Point",
        "coordinates": [
          -79.60901,
          36.06048
        ]
      },
      "properties": {
        "id": 1160,
        "name": "I-85 at Rock Creek Dairy Rd",
        "roadId": 2,
        "countyId": 41,
        "mileMarker": 135.0,
        "status": "OK",
        "snapshot_url": "https://eapps.ncdot.gov/services/traffic-prod/v1/cameras/images?filename=I85_RockCreekDairyRd.jpg",
        "m3u8_url": null,
        "is_streaming": false
      }
    },
    {
      "type": "Feature",
      "geometry": {
        "type": "Point",
        "coordinates": [
          -79.56583,
          36.06246
        ]
      },
      "properties": {
        "id": 1162,
        "name": "I-85 at NC-61",
        "roadId": 2,
        "countyId": 41,
        "mileMarker": 137.0,
        "status": "OK",
        "snapshot_url": "https://eapps.ncdot.gov/services/traffic-prod/v1/cameras/images?filename=I85_NC61.jpg",
        "m3u8_url": null,
        "is_streaming": false
      }
    },
    {
      "type": "Feature",
      "geometry": {
        "type": "Point",
        "coordinates": [
          -79.54541,
          36.0618
        ]
      },
      "properties": {
        "id": 1163,
        "name": "I-85 near Springwood Church Rd",
        "roadId": 2,
        "countyId": 41,
        "mileMarker": 138.0,
        "status": "OK",
        "snapshot_url": "https://eapps.ncdot.gov/services/traffic-prod/v1/cameras/images?filename=I85_SpringwoodChurchRd.jpg",
        "m3u8_url": null,
        "is_streaming": false
      }
    },
    {
      "type": "Feature",
      "geometry": {
        "type": "Point",
        "coordinates": [
          -80.220318,
          36.085657
        ]
      },
      "properties": {
        "id": 1164,
        "name": "MLK at Research Pkwy",
        "roadId": 0,
        "countyId": 34,
        "mileMarker": null,
        "status": "OK",
        "snapshot_url": "https://eapps.ncdot.gov/services/traffic-prod/v1/cameras/images?filename=MLK_ResearchPkwy.jpg",
        "m3u8_url": null,
        "is_streaming": false
      }
    },
    {
      "type": "Feature",
      "geometry": {
        "type": "Point",
        "coordinates": [
          -80.230777,
          36.078751
        ]
      },
      "properties": {
        "id": 1166,
        "name": "US-52 at Mock St",
        "roadId": 20,
        "countyId": 34,
        "mileMarker": 108.0,
        "status": "OK",
        "snapshot_url": "https://eapps.ncdot.gov/services/traffic-prod/v1/cameras/images?filename=US52_Mock.jpg",
        "m3u8_url": null,
        "is_streaming": false
      }
    },
    {
      "type": "Feature",
      "geometry": {
        "type": "Point",
        "coordinates": [
          -80.228483,
          36.08345
        ]
      },
      "properties": {
        "id": 1167,
        "name": "US-52 at Research Pkwy (NB View)",
        "roadId": 20,
        "countyId": 34,
        "mileMarker": 108.0,
        "status": "OK",
        "snapshot_url": "https://eapps.ncdot.gov/services/traffic-prod/v1/cameras/images?filename=US52S_ResearchPkwyW.jpg",
        "m3u8_url": null,
        "is_streaming": false
      }
    },
    {
      "type": "Feature",
      "geometry": {
        "type": "Point",
        "coordinates": [
          -80.230049,
          36.084577
        ]
      },
      "properties": {
        "id": 1168,
        "name": "US-52 at Research Pkwy East (NB View)",
        "roadId": 20,
        "countyId": 34,
        "mileMarker": 108.0,
        "status": "OK",
        "snapshot_url": "https://eapps.ncdot.gov/services/traffic-prod/v1/cameras/images?filename=US52N_ResearchPkwyE.jpg",
        "m3u8_url": null,
        "is_streaming": false
      }
    },
    {
      "type": "Feature",
      "geometry": {
        "type": "Point",
        "coordinates": [
          -79.72672,
          36.15139
        ]
      },
      "properties": {
        "id": 1169,
        "name": "I-785 / US-29 at Hicone Rd",
        "roadId": 79,
        "countyId": 41,
        "mileMarker": 132.0,
        "status": "OK",
        "snapshot_url": "https://cfts.services.ncdot.gov:443/snapshots/chan-5891_h.jpg",
        "m3u8_url": "https://cfts.services.ncdot.gov:443/chan-5891/index.m3u8",
        "is_streaming": true
      }
    },
    {
      "type": "Feature",
      "geometry": {
        "type": "Point",
        "coordinates": [
          -79.851195,
          36.004987
        ]
      },
      "properties": {
        "id": 1170,
        "name": "I-73 South at I-85 Business North",
        "roadId": 3846,
        "countyId": 41,
        "mileMarker": 97.0,
        "status": "OK",
        "snapshot_url": "https://eapps.ncdot.gov/services/traffic-prod/v1/cameras/images?filename=I73S_Bus85N.jpg",
        "m3u8_url": null,
        "is_streaming": false
      }
    },
    {
      "type": "Feature",
      "geometry": {
        "type": "Point",
        "coordinates": [
          -79.72278,
          36.13861
        ]
      },
      "properties": {
        "id": 1171,
        "name": "I-785 / I-840 at McKnight Mill Rd",
        "roadId": 3833,
        "countyId": 41,
        "mileMarker": 15.0,
        "status": "OK",
        "snapshot_url": "https://cfts.services.ncdot.gov:443/snapshots/chan-5984_h.jpg",
        "m3u8_url": "https://cfts.services.ncdot.gov:443/chan-5984/index.m3u8",
        "is_streaming": true
      }
    },
    {
      "type": "Feature",
      "geometry": {
        "type": "Point",
        "coordinates": [
          -79.71213,
          36.12758
        ]
      },
      "properties": {
        "id": 1172,
        "name": "I-785 / I-840 at Hines Chapel Rd",
        "roadId": 3833,
        "countyId": 41,
        "mileMarker": 16.0,
        "status": "OK",
        "snapshot_url": "https://eapps.ncdot.gov/services/traffic-prod/v1/cameras/images?filename=I785_HinesChapelRd.jpg",
        "m3u8_url": null,
        "is_streaming": false
      }
    },
    {
      "type": "Feature",
      "geometry": {
        "type": "Point",
        "coordinates": [
          -79.70528,
          36.11795
        ]
      },
      "properties": {
        "id": 1173,
        "name": "I-785 / I-840 at S of Rankin Mill Rd",
        "roadId": 3833,
        "countyId": 41,
        "mileMarker": 17.0,
        "status": "OK",
        "snapshot_url": "https://eapps.ncdot.gov/services/traffic-prod/v1/cameras/images?filename=I785_SofRankinMillRd.jpg",
        "m3u8_url": null,
        "is_streaming": false
      }
    },
    {
      "type": "Feature",
      "geometry": {
        "type": "Point",
        "coordinates": [
          -79.69558,
          36.1049
        ]
      },
      "properties": {
        "id": 1174,
        "name": "I-785 / I-840 at Huffine Mill Rd",
        "roadId": 3833,
        "countyId": 41,
        "mileMarker": 18.0,
        "status": "OK",
        "snapshot_url": "https://cfts.services.ncdot.gov:443/snapshots/chan-5987_h.jpg",
        "m3u8_url": "https://cfts.services.ncdot.gov:443/chan-5987/index.m3u8",
        "is_streaming": true
      }
    },
    {
      "type": "Feature",
      "geometry": {
        "type": "Point",
        "coordinates": [
          -79.69768,
          36.08966
        ]
      },
      "properties": {
        "id": 1175,
        "name": "I-785 / I-840 at US-70",
        "roadId": 3833,
        "countyId": 41,
        "mileMarker": 19.0,
        "status": "OK",
        "snapshot_url": "https://cfts.services.ncdot.gov:443/snapshots/chan-5988_h.jpg",
        "m3u8_url": "https://cfts.services.ncdot.gov:443/chan-5988/index.m3u8",
        "is_streaming": true
      }
    },
    {
      "type": "Feature",
      "geometry": {
        "type": "Point",
        "coordinates": [
          -79.69236,
          36.075
        ]
      },
      "properties": {
        "id": 1176,
        "name": "I-785 / I-840 at Clapps Farm Rd",
        "roadId": 3833,
        "countyId": 41,
        "mileMarker": 20.0,
        "status": "OK",
        "snapshot_url": "https://eapps.ncdot.gov/services/traffic-prod/v1/cameras/images?filename=I785_ClappsFarmRd.jpg",
        "m3u8_url": null,
        "is_streaming": false
      }
    },
    {
      "type": "Feature",
      "geometry": {
        "type": "Point",
        "coordinates": [
          -80.809197,
          36.301348
        ]
      },
      "properties": {
        "id": 1177,
        "name": "I77_mm87",
        "roadId": 177,
        "countyId": 86,
        "mileMarker": 87.0,
        "status": "OK",
        "snapshot_url": "https://eapps.ncdot.gov/services/traffic-prod/v1/cameras/images?filename=I77_mm87_Surry.jpg",
        "m3u8_url": null,
        "is_streaming": false
      }
    },
    {
      "type": "Feature",
      "geometry": {
        "type": "Point",
        "coordinates": [
          -80.848605,
          35.379621
        ]
      },
      "properties": {
        "id": 1179,
        "name": "I-77 N at 20.9 MM",
        "roadId": 177,
        "countyId": 60,
        "mileMarker": 20.9,
        "status": "OK",
        "snapshot_url": "https://eapps.ncdot.gov/services/traffic-prod/v1/cameras/images?filename=I77_mm20_90.jpg",
        "m3u8_url": null,
        "is_streaming": false
      }
    },
    {
      "type": "Feature",
      "geometry": {
        "type": "Point",
        "coordinates": [
          -80.855866,
          35.401112
        ]
      },
      "properties": {
        "id": 1180,
        "name": "I-77 N @ 22.8 MM",
        "roadId": 177,
        "countyId": 60,
        "mileMarker": 22.8,
        "status": "OK",
        "snapshot_url": "https://cfms.services.ncdot.gov/snapshots/chan-5286_h.jpg",
        "m3u8_url": null,
        "is_streaming": false
      }
    },
    {
      "type": "Feature",
      "geometry": {
        "type": "Point",
        "coordinates": [
          -80.868191,
          35.438318
        ]
      },
      "properties": {
        "id": 1181,
        "name": "I-77 N @ 24.7 MM",
        "roadId": 177,
        "countyId": 60,
        "mileMarker": 24.7,
        "status": "OK",
        "snapshot_url": "https://eapps.ncdot.gov/services/traffic-prod/v1/cameras/images?filename=I77_SamFurrRd.jpg",
        "m3u8_url": null,
        "is_streaming": false
      }
    },
    {
      "type": "Feature",
      "geometry": {
        "type": "Point",
        "coordinates": [
          -80.869235,
          35.448903
        ]
      },
      "properties": {
        "id": 1182,
        "name": "I-77 N @ 25.2 MM",
        "roadId": 177,
        "countyId": 60,
        "mileMarker": 25.2,
        "status": "OK",
        "snapshot_url": "https://eapps.ncdot.gov/services/traffic-prod/v1/cameras/images?filename=I77_mm25_20.jpg",
        "m3u8_url": null,
        "is_streaming": false
      }
    },
    {
      "type": "Feature",
      "geometry": {
        "type": "Point",
        "coordinates": [
          -80.869698,
          35.495959
        ]
      },
      "properties": {
        "id": 1183,
        "name": "I-77 N @ 29.3 MM",
        "roadId": 177,
        "countyId": 60,
        "mileMarker": 29.3,
        "status": "OK",
        "snapshot_url": "https://eapps.ncdot.gov/services/traffic-prod/v1/cameras/images?filename=I77_mm29_30.jpg",
        "m3u8_url": null,
        "is_streaming": false
      }
    },
    {
      "type": "Feature",
      "geometry": {
        "type": "Point",
        "coordinates": [
          -80.855642,
          35.573817
        ]
      },
      "properties": {
        "id": 1185,
        "name": "I-77 N @ 35.7 MM",
        "roadId": 177,
        "countyId": 49,
        "mileMarker": 35.7,
        "status": "OK",
        "snapshot_url": "https://eapps.ncdot.gov/services/traffic-prod/v1/cameras/images?filename=I77_mm35_70.jpg",
        "m3u8_url": null,
        "is_streaming": false
      }
    },
    {
      "type": "Feature",
      "geometry": {
        "type": "Point",
        "coordinates": [
          -80.860028,
          35.595798
        ]
      },
      "properties": {
        "id": 1186,
        "name": "I-77 N @ 36.1 MM",
        "roadId": 177,
        "countyId": 49,
        "mileMarker": 36.1,
        "status": "OK",
        "snapshot_url": "https://eapps.ncdot.gov/services/traffic-prod/v1/cameras/images?filename=I77_NC150.jpg",
        "m3u8_url": null,
        "is_streaming": false
      }
    },
    {
      "type": "Feature",
      "geometry": {
        "type": "Point",
        "coordinates": [
          -80.867126,
          35.42901
        ]
      },
      "properties": {
        "id": 1197,
        "name": "I-77 S @ 24.6 MM",
        "roadId": 177,
        "countyId": 60,
        "mileMarker": 24.6,
        "status": "OK",
        "snapshot_url": "https://eapps.ncdot.gov/services/traffic-prod/v1/cameras/images?filename=I77_mm24_60.jpg",
        "m3u8_url": null,
        "is_streaming": false
      }
    },
    {
      "type": "Feature",
      "geometry": {
        "type": "Point",
        "coordinates": [
          -80.875429,
          35.461093
        ]
      },
      "properties": {
        "id": 1200,
        "name": "I-77 S @ 26.1 MM",
        "roadId": 177,
        "countyId": 60,
        "mileMarker": 26.1,
        "status": "OK",
        "snapshot_url": "https://eapps.ncdot.gov/services/traffic-prod/v1/cameras/images?filename=I77_mm26_10.jpg",
        "m3u8_url": null,
        "is_streaming": false
      }
    },
    {
      "type": "Feature",
      "geometry": {
        "type": "Point",
        "coordinates": [
          -80.875114,
          35.474071
        ]
      },
      "properties": {
        "id": 1203,
        "name": "I-77 S @ 27 MM",
        "roadId": 177,
        "countyId": 60,
        "mileMarker": 27.0,
        "status": "OK",
        "snapshot_url": "https://eapps.ncdot.gov/services/traffic-prod/v1/cameras/images?filename=I77_mm27_00.jpg",
        "m3u8_url": null,
        "is_streaming": false
      }
    },
    {
      "type": "Feature",
      "geometry": {
        "type": "Point",
        "coordinates": [
          -80.87354,
          35.488846
        ]
      },
      "properties": {
        "id": 1210,
        "name": "I-77 S @ 28.4 MM",
        "roadId": 177,
        "countyId": 60,
        "mileMarker": 28.4,
        "status": "OK",
        "snapshot_url": "https://eapps.ncdot.gov/services/traffic-prod/v1/cameras/images?filename=I77_mm28_40.jpg",
        "m3u8_url": null,
        "is_streaming": false
      }
    },
    {
      "type": "Feature",
      "geometry": {
        "type": "Point",
        "coordinates": [
          -80.859593,
          35.543572
        ]
      },
      "properties": {
        "id": 1214,
        "name": "I-77 S @ 32.2 MM",
        "roadId": 177,
        "countyId": 49,
        "mileMarker": 32.2,
        "status": "OK",
        "snapshot_url": "https://eapps.ncdot.gov/services/traffic-prod/v1/cameras/images?filename=I77_mm32_20.jpg",
        "m3u8_url": null,
        "is_streaming": false
      }
    },
    {
      "type": "Feature",
      "geometry": {
        "type": "Point",
        "coordinates": [
          -80.858809,
          35.560818
        ]
      },
      "properties": {
        "id": 1216,
        "name": "I-77 S @ 33.9 MM",
        "roadId": 177,
        "countyId": 49,
        "mileMarker": 33.9,
        "status": "OK",
        "snapshot_url": "https://eapps.ncdot.gov/services/traffic-prod/v1/cameras/images?filename=I77_mm33_90.jpg",
        "m3u8_url": null,
        "is_streaming": false
      }
    },
    {
      "type": "Feature",
      "geometry": {
        "type": "Point",
        "coordinates": [
          -80.859281,
          35.603948
        ]
      },
      "properties": {
        "id": 1221,
        "name": "I-77 S @ 36.5 MM",
        "roadId": 177,
        "countyId": 49,
        "mileMarker": 36.5,
        "status": "OK",
        "snapshot_url": "https://eapps.ncdot.gov/services/traffic-prod/v1/cameras/images?filename=I77_mm36_50.jpg",
        "m3u8_url": null,
        "is_streaming": false
      }
    },
    {
      "type": "Feature",
      "geometry": {
        "type": "Point",
        "coordinates": [
          -80.859387,
          35.837122
        ]
      },
      "properties": {
        "id": 1224,
        "name": "I-77 N @ mm 53.00",
        "roadId": 177,
        "countyId": 49,
        "mileMarker": 53.0,
        "status": "OK",
        "snapshot_url": "https://cfms.services.ncdot.gov/snapshots/chan-5332_h.jpg",
        "m3u8_url": null,
        "is_streaming": false
      }
    },
    {
      "type": "Feature",
      "geometry": {
        "type": "Point",
        "coordinates": [
          -80.858844,
          35.849109
        ]
      },
      "properties": {
        "id": 1225,
        "name": "I-77 N @ mm 54.00",
        "roadId": 177,
        "countyId": 49,
        "mileMarker": 54.0,
        "status": "OK",
        "snapshot_url": "https://cfms.services.ncdot.gov/snapshots/chan-5333_h.jpg",
        "m3u8_url": null,
        "is_streaming": false
      }
    },
    {
      "type": "Feature",
      "geometry": {
        "type": "Point",
        "coordinates": [
          -80.858083,
          35.586131
        ]
      },
      "properties": {
        "id": 1230,
        "name": "I-77 S @ 35.5 MM",
        "roadId": 177,
        "countyId": 49,
        "mileMarker": 35.5,
        "status": "OK",
        "snapshot_url": "https://eapps.ncdot.gov/services/traffic-prod/v1/cameras/images?filename=I77_mm35_50.jpg",
        "m3u8_url": null,
        "is_streaming": false
      }
    },
    {
      "type": "Feature",
      "geometry": {
        "type": "Point",
        "coordinates": [
          -81.257243,
          35.266158
        ]
      },
      "properties": {
        "id": 1238,
        "name": "I-85 N @ Edgewood Rd",
        "roadId": 2,
        "countyId": 36,
        "mileMarker": 13.0,
        "status": "OK",
        "snapshot_url": "https://cfms.services.ncdot.gov/snapshots/chan-5335_h.jpg",
        "m3u8_url": null,
        "is_streaming": false
      }
    },
    {
      "type": "Feature",
      "geometry": {
        "type": "Point",
        "coordinates": [
          -81.229839,
          35.276584
        ]
      },
      "properties": {
        "id": 1239,
        "name": "I-85 N @ Bessemer City Rd",
        "roadId": 2,
        "countyId": 36,
        "mileMarker": 14.0,
        "status": "OK",
        "snapshot_url": "https://cfms.services.ncdot.gov/snapshots/chan-5336_h.jpg",
        "m3u8_url": null,
        "is_streaming": false
      }
    },
    {
      "type": "Feature",
      "geometry": {
        "type": "Point",
        "coordinates": [
          -81.187779,
          35.28356
        ]
      },
      "properties": {
        "id": 1240,
        "name": "I-85 N @ US 321",
        "roadId": 2,
        "countyId": 36,
        "mileMarker": 17.0,
        "status": "OK",
        "snapshot_url": "https://cfms.services.ncdot.gov/snapshots/chan-5337_h.jpg",
        "m3u8_url": null,
        "is_streaming": false
      }
    },
    {
      "type": "Feature",
      "geometry": {
        "type": "Point",
        "coordinates": [
          -81.133654,
          35.264878
        ]
      },
      "properties": {
        "id": 1242,
        "name": "I-85 N @ Cox Rd",
        "roadId": 2,
        "countyId": 36,
        "mileMarker": 21.0,
        "status": "OK",
        "snapshot_url": "https://cfms.services.ncdot.gov/snapshots/chan-5346_h.jpg",
        "m3u8_url": null,
        "is_streaming": false
      }
    },
    {
      "type": "Feature",
      "geometry": {
        "type": "Point",
        "coordinates": [
          -81.10499,
          35.260288
        ]
      },
      "properties": {
        "id": 1243,
        "name": "I-85 N @ Main St",
        "roadId": 2,
        "countyId": 36,
        "mileMarker": 22.0,
        "status": "OK",
        "snapshot_url": "https://cfms.services.ncdot.gov/snapshots/chan-5347_h.jpg",
        "m3u8_url": null,
        "is_streaming": false
      }
    },
    {
      "type": "Feature",
      "geometry": {
        "type": "Point",
        "coordinates": [
          -80.919909,
          35.23843
        ]
      },
      "properties": {
        "id": 1244,
        "name": "I-85 N @ Billy Graham Pkwy",
        "roadId": 2,
        "countyId": 60,
        "mileMarker": 33.0,
        "status": "OK",
        "snapshot_url": "https://eapps.ncdot.gov/services/traffic-prod/v1/cameras/images?filename=I85_BillyGrahamPkwy.jpg",
        "m3u8_url": null,
        "is_streaming": false
      }
    },
    {
      "type": "Feature",
      "geometry": {
        "type": "Point",
        "coordinates": [
          -80.7645,
          35.296324
        ]
      },
      "properties": {
        "id": 1248,
        "name": "I-85 N of University City Blvd",
        "roadId": 2,
        "countyId": 60,
        "mileMarker": 43.51,
        "status": "OK",
        "snapshot_url": "https://cfms.services.ncdot.gov/snapshots/chan-5166_h.jpg",
        "m3u8_url": null,
        "is_streaming": false
      }
    },
    {
      "type": "Feature",
      "geometry": {
        "type": "Point",
        "coordinates": [
          -80.741284,
          35.340079
        ]
      },
      "properties": {
        "id": 1249,
        "name": "I-85 S @ mm 46.84",
        "roadId": 2,
        "countyId": 60,
        "mileMarker": 46.0,
        "status": "OK",
        "snapshot_url": "https://eapps.ncdot.gov/services/traffic-prod/v1/cameras/images?filename=I85_mm46_84.jpg",
        "m3u8_url": null,
        "is_streaming": false
      }
    },
    {
      "type": "Feature",
      "geometry": {
        "type": "Point",
        "coordinates": [
          -80.952829,
          35.243422
        ]
      },
      "properties": {
        "id": 1250,
        "name": "I-85 S @ mm 31",
        "roadId": 2,
        "countyId": 60,
        "mileMarker": 31.0,
        "status": "OK",
        "snapshot_url": "https://eapps.ncdot.gov/services/traffic-prod/v1/cameras/images?filename=I85_mm31_00.jpg",
        "m3u8_url": null,
        "is_streaming": false
      }
    },
    {
      "type": "Feature",
      "geometry": {
        "type": "Point",
        "coordinates": [
          -80.982501,
          35.254872
        ]
      },
      "properties": {
        "id": 1252,
        "name": "I-85 S @ Sam Wilson Rd",
        "roadId": 2,
        "countyId": 60,
        "mileMarker": 29.5,
        "status": "OK",
        "snapshot_url": "https://cfms.services.ncdot.gov/snapshots/chan-5353_h.jpg",
        "m3u8_url": null,
        "is_streaming": false
      }
    },
    {
      "type": "Feature",
      "geometry": {
        "type": "Point",
        "coordinates": [
          -81.046483,
          35.258998
        ]
      },
      "properties": {
        "id": 1254,
        "name": "I-85 S @ Belmont Rd",
        "roadId": 2,
        "countyId": 36,
        "mileMarker": 26.0,
        "status": "OK",
        "snapshot_url": "https://cfms.services.ncdot.gov/snapshots/chan-5350_h.jpg",
        "m3u8_url": null,
        "is_streaming": false
      }
    },
    {
      "type": "Feature",
      "geometry": {
        "type": "Point",
        "coordinates": [
          -81.068721,
          35.26423
        ]
      },
      "properties": {
        "id": 1255,
        "name": "I-85 S @ mm 24.5",
        "roadId": 2,
        "countyId": 36,
        "mileMarker": 24.0,
        "status": "OK",
        "snapshot_url": "https://cfms.services.ncdot.gov/snapshots/chan-5349_h.jpg",
        "m3u8_url": null,
        "is_streaming": false
      }
    },
    {
      "type": "Feature",
      "geometry": {
        "type": "Point",
        "coordinates": [
          -81.08888,
          35.263797
        ]
      },
      "properties": {
        "id": 1256,
        "name": "I-85 S @ McAdenville Rd",
        "roadId": 2,
        "countyId": 36,
        "mileMarker": 23.0,
        "status": "OK",
        "snapshot_url": "https://cfms.services.ncdot.gov/snapshots/chan-5348_h.jpg",
        "m3u8_url": null,
        "is_streaming": false
      }
    },
    {
      "type": "Feature",
      "geometry": {
        "type": "Point",
        "coordinates": [
          -81.149469,
          35.268847
        ]
      },
      "properties": {
        "id": 1257,
        "name": "I-85 S @ New Hope Rd",
        "roadId": 2,
        "countyId": 36,
        "mileMarker": 20.0,
        "status": "OK",
        "snapshot_url": "https://cfms.services.ncdot.gov/snapshots/chan-5345_h.jpg",
        "m3u8_url": null,
        "is_streaming": false
      }
    },
    {
      "type": "Feature",
      "geometry": {
        "type": "Point",
        "coordinates": [
          -80.721944,
          35.359535
        ]
      },
      "properties": {
        "id": 1260,
        "name": "I-85 N @ mm 48.55",
        "roadId": 2,
        "countyId": 60,
        "mileMarker": 49.0,
        "status": "OK",
        "snapshot_url": "https://eapps.ncdot.gov/services/traffic-prod/v1/cameras/images?filename=I85_mm48_55.jpg",
        "m3u8_url": null,
        "is_streaming": false
      }
    },
    {
      "type": "Feature",
      "geometry": {
        "type": "Point",
        "coordinates": [
          -80.777956,
          35.368427
        ]
      },
      "properties": {
        "id": 1261,
        "name": "I-485 I @ mm 26.6",
        "roadId": 196,
        "countyId": 60,
        "mileMarker": 26.6,
        "status": "OK",
        "snapshot_url": "https://eapps.ncdot.gov/services/traffic-prod/v1/cameras/images?filename=I485_mm26_60.jpg",
        "m3u8_url": null,
        "is_streaming": false
      }
    },
    {
      "type": "Feature",
      "geometry": {
        "type": "Point",
        "coordinates": [
          -80.940868,
          35.322091
        ]
      },
      "properties": {
        "id": 1264,
        "name": "I-485 O @ Brookshire Blvd",
        "roadId": 196,
        "countyId": 60,
        "mileMarker": 15.54,
        "status": "OK",
        "snapshot_url": "https://eapps.ncdot.gov/services/traffic-prod/v1/cameras/images?filename=I485_BrookshireBlvd.jpg",
        "m3u8_url": null,
        "is_streaming": false
      }
    },
    {
      "type": "Feature",
      "geometry": {
        "type": "Point",
        "coordinates": [
          -80.394534,
          34.98516
        ]
      },
      "properties": {
        "id": 1268,
        "name": "US 74 E @ mm 273.5",
        "roadId": 21,
        "countyId": 90,
        "mileMarker": 273.5,
        "status": "OK",
        "snapshot_url": "https://eapps.ncdot.gov/services/traffic-prod/v1/cameras/images?filename=US74_mm273_5.jpg",
        "m3u8_url": null,
        "is_streaming": false
      }
    },
    {
      "type": "Feature",
      "geometry": {
        "type": "Point",
        "coordinates": [
          -80.409575,
          34.98533
        ]
      },
      "properties": {
        "id": 1269,
        "name": "US 74 W @ mm 273.2",
        "roadId": 21,
        "countyId": 90,
        "mileMarker": 273.2,
        "status": "OK",
        "snapshot_url": "https://eapps.ncdot.gov/services/traffic-prod/v1/cameras/images?filename=US74_mm273_2.jpg",
        "m3u8_url": null,
        "is_streaming": false
      }
    },
    {
      "type": "Feature",
      "geometry": {
        "type": "Point",
        "coordinates": [
          -80.498918,
          35.006113
        ]
      },
      "properties": {
        "id": 1270,
        "name": "US 74 W @ mm 267.5",
        "roadId": 21,
        "countyId": 90,
        "mileMarker": 267.5,
        "status": "OK",
        "snapshot_url": "https://eapps.ncdot.gov/services/traffic-prod/v1/cameras/images?filename=US74_mm267_5.jpg",
        "m3u8_url": null,
        "is_streaming": false
      }
    },
    {
      "type": "Feature",
      "geometry": {
        "type": "Point",
        "coordinates": [
          -80.545104,
          35.032
        ]
      },
      "properties": {
        "id": 1271,
        "name": "US 74 W @ mm 264",
        "roadId": 21,
        "countyId": 90,
        "mileMarker": 264.0,
        "status": "OK",
        "snapshot_url": "https://eapps.ncdot.gov/services/traffic-prod/v1/cameras/images?filename=US74_mm264_0.jpg",
        "m3u8_url": null,
        "is_streaming": false
      }
    },
    {
      "type": "Feature",
      "geometry": {
        "type": "Point",
        "coordinates": [
          -80.592906,
          35.063624
        ]
      },
      "properties": {
        "id": 1272,
        "name": "US 74 W @ mm 260.8",
        "roadId": 21,
        "countyId": 90,
        "mileMarker": 260.8,
        "status": "OK",
        "snapshot_url": "https://eapps.ncdot.gov/services/traffic-prod/v1/cameras/images?filename=US74_mm260_8.jpg",
        "m3u8_url": null,
        "is_streaming": false
      }
    },
    {
      "type": "Feature",
      "geometry": {
        "type": "Point",
        "coordinates": [
          -80.611217,
          35.076941
        ]
      },
      "properties": {
        "id": 1273,
        "name": "US 74 @ mm 259.5",
        "roadId": 21,
        "countyId": 90,
        "mileMarker": 259.5,
        "status": "OK",
        "snapshot_url": "https://eapps.ncdot.gov/services/traffic-prod/v1/cameras/images?filename=US74_mm259_5.jpg",
        "m3u8_url": null,
        "is_streaming": false
      }
    },
    {
      "type": "Feature",
      "geometry": {
        "type": "Point",
        "coordinates": [
          -80.625598,
          35.093509
        ]
      },
      "properties": {
        "id": 1274,
        "name": "US 74 @ mm 258",
        "roadId": 21,
        "countyId": 90,
        "mileMarker": 258.0,
        "status": "OK",
        "snapshot_url": "https://eapps.ncdot.gov/services/traffic-prod/v1/cameras/images?filename=US74_mm258_0.jpg",
        "m3u8_url": null,
        "is_streaming": false
      }
    },
    {
      "type": "Feature",
      "geometry": {
        "type": "Point",
        "coordinates": [
          -80.639069,
          35.098333
        ]
      },
      "properties": {
        "id": 1275,
        "name": "US 74 @ mm 257",
        "roadId": 21,
        "countyId": 90,
        "mileMarker": 257.0,
        "status": "OK",
        "snapshot_url": "https://eapps.ncdot.gov/services/traffic-prod/v1/cameras/images?filename=US74_mm257_0.jpg",
        "m3u8_url": null,
        "is_streaming": false
      }
    },
    {
      "type": "Feature",
      "geometry": {
        "type": "Point",
        "coordinates": [
          -80.652338,
          35.096415
        ]
      },
      "properties": {
        "id": 1276,
        "name": "US 74 @ mm 256.2",
        "roadId": 21,
        "countyId": 90,
        "mileMarker": 256.2,
        "status": "OK",
        "snapshot_url": "https://eapps.ncdot.gov/services/traffic-prod/v1/cameras/images?filename=US74_mm256_2.jpg",
        "m3u8_url": null,
        "is_streaming": false
      }
    },
    {
      "type": "Feature",
      "geometry": {
        "type": "Point",
        "coordinates": [
          -80.427418,
          34.997504
        ]
      },
      "properties": {
        "id": 1277,
        "name": "US 74 @ mm 272",
        "roadId": 21,
        "countyId": 90,
        "mileMarker": 272.0,
        "status": "OK",
        "snapshot_url": "https://eapps.ncdot.gov/services/traffic-prod/v1/cameras/images?filename=US74_mm272_0.jpg",
        "m3u8_url": null,
        "is_streaming": false
      }
    },
    {
      "type": "Feature",
      "geometry": {
        "type": "Point",
        "coordinates": [
          -80.463271,
          34.997694
        ]
      },
      "properties": {
        "id": 1279,
        "name": "US 74 @ mm 269.6",
        "roadId": 3834,
        "countyId": 90,
        "mileMarker": 269.6,
        "status": "OK",
        "snapshot_url": "https://eapps.ncdot.gov/services/traffic-prod/v1/cameras/images?filename=US74_mm269_6.jpg",
        "m3u8_url": null,
        "is_streaming": false
      }
    },
    {
      "type": "Feature",
      "geometry": {
        "type": "Point",
        "coordinates": [
          -80.482941,
          35.001469
        ]
      },
      "properties": {
        "id": 1280,
        "name": "US 74 @ mm 268.5",
        "roadId": 21,
        "countyId": 90,
        "mileMarker": 268.5,
        "status": "OK",
        "snapshot_url": "https://eapps.ncdot.gov/services/traffic-prod/v1/cameras/images?filename=US74_mm268_5.jpg",
        "m3u8_url": null,
        "is_streaming": false
      }
    },
    {
      "type": "Feature",
      "geometry": {
        "type": "Point",
        "coordinates": [
          -80.516454,
          35.011274
        ]
      },
      "properties": {
        "id": 1281,
        "name": "US 74 @ mm 266",
        "roadId": 21,
        "countyId": 90,
        "mileMarker": 266.0,
        "status": "OK",
        "snapshot_url": "https://eapps.ncdot.gov/services/traffic-prod/v1/cameras/images?filename=US74_mm266_0.jpg",
        "m3u8_url": null,
        "is_streaming": false
      }
    },
    {
      "type": "Feature",
      "geometry": {
        "type": "Point",
        "coordinates": [
          -80.668474,
          35.090924
        ]
      },
      "properties": {
        "id": 1282,
        "name": "US 74 @ mm 255.3",
        "roadId": 21,
        "countyId": 90,
        "mileMarker": 255.3,
        "status": "OK",
        "snapshot_url": "https://eapps.ncdot.gov/services/traffic-prod/v1/cameras/images?filename=US74_mm255_3.jpg",
        "m3u8_url": null,
        "is_streaming": false
      }
    },
    {
      "type": "Feature",
      "geometry": {
        "type": "Point",
        "coordinates": [
          -80.671019,
          35.093622
        ]
      },
      "properties": {
        "id": 1283,
        "name": "US 74 @ mm 254.5",
        "roadId": 21,
        "countyId": 90,
        "mileMarker": 254.5,
        "status": "OK",
        "snapshot_url": "https://eapps.ncdot.gov/services/traffic-prod/v1/cameras/images?filename=US74_mm254_5.jpg",
        "m3u8_url": null,
        "is_streaming": false
      }
    },
    {
      "type": "Feature",
      "geometry": {
        "type": "Point",
        "coordinates": [
          -80.616829,
          35.082171
        ]
      },
      "properties": {
        "id": 1284,
        "name": "US 74 @ mm 259",
        "roadId": 21,
        "countyId": 90,
        "mileMarker": 259.0,
        "status": "OK",
        "snapshot_url": "https://eapps.ncdot.gov/services/traffic-prod/v1/cameras/images?filename=US74_mm259_0.jpg",
        "m3u8_url": null,
        "is_streaming": false
      }
    },
    {
      "type": "Feature",
      "geometry": {
        "type": "Point",
        "coordinates": [
          -80.603348,
          35.070345
        ]
      },
      "properties": {
        "id": 1285,
        "name": "US 74 @ mm 260.1",
        "roadId": 21,
        "countyId": 90,
        "mileMarker": 260.1,
        "status": "OK",
        "snapshot_url": "https://eapps.ncdot.gov/services/traffic-prod/v1/cameras/images?filename=US74_mm260_1.jpg",
        "m3u8_url": null,
        "is_streaming": false
      }
    },
    {
      "type": "Feature",
      "geometry": {
        "type": "Point",
        "coordinates": [
          -80.569854,
          35.046469
        ]
      },
      "properties": {
        "id": 1286,
        "name": "US 74 @ mm 262.8",
        "roadId": 21,
        "countyId": 90,
        "mileMarker": 262.8,
        "status": "OK",
        "snapshot_url": "https://eapps.ncdot.gov/services/traffic-prod/v1/cameras/images?filename=US74_mm262_8.jpg",
        "m3u8_url": null,
        "is_streaming": false
      }
    },
    {
      "type": "Feature",
      "geometry": {
        "type": "Point",
        "coordinates": [
          -80.557808,
          35.035858
        ]
      },
      "properties": {
        "id": 1287,
        "name": "US 74 @ mm 263.8",
        "roadId": 21,
        "countyId": 90,
        "mileMarker": 263.8,
        "status": "OK",
        "snapshot_url": "https://eapps.ncdot.gov/services/traffic-prod/v1/cameras/images?filename=US74_mm263_8.jpg",
        "m3u8_url": null,
        "is_streaming": false
      }
    },
    {
      "type": "Feature",
      "geometry": {
        "type": "Point",
        "coordinates": [
          -80.540034,
          35.027725
        ]
      },
      "properties": {
        "id": 1288,
        "name": "US 74 @ mm 264.8",
        "roadId": 21,
        "countyId": 90,
        "mileMarker": 264.8,
        "status": "OK",
        "snapshot_url": "https://eapps.ncdot.gov/services/traffic-prod/v1/cameras/images?filename=US74_mm264_8.jpg",
        "m3u8_url": null,
        "is_streaming": false
      }
    },
    {
      "type": "Feature",
      "geometry": {
        "type": "Point",
        "coordinates": [
          -80.52408,
          35.016227
        ]
      },
      "properties": {
        "id": 1289,
        "name": "US 74 @ mm 265.5",
        "roadId": 21,
        "countyId": 90,
        "mileMarker": 265.5,
        "status": "OK",
        "snapshot_url": "https://eapps.ncdot.gov/services/traffic-prod/v1/cameras/images?filename=US74_mm265_5.jpg",
        "m3u8_url": null,
        "is_streaming": false
      }
    },
    {
      "type": "Feature",
      "geometry": {
        "type": "Point",
        "coordinates": [
          -80.448368,
          34.997479
        ]
      },
      "properties": {
        "id": 1290,
        "name": "US 74 @ mm 270.6",
        "roadId": 21,
        "countyId": 90,
        "mileMarker": 270.6,
        "status": "OK",
        "snapshot_url": "https://eapps.ncdot.gov/services/traffic-prod/v1/cameras/images?filename=US74_mm270_6.jpg",
        "m3u8_url": null,
        "is_streaming": false
      }
    },
    {
      "type": "Feature",
      "geometry": {
        "type": "Point",
        "coordinates": [
          -80.439767,
          34.9971
        ]
      },
      "properties": {
        "id": 1291,
        "name": "US 74 @ mm 271.3",
        "roadId": 21,
        "countyId": 90,
        "mileMarker": 271.3,
        "status": "OK",
        "snapshot_url": "https://eapps.ncdot.gov/services/traffic-prod/v1/cameras/images?filename=US74_mm271_3.jpg",
        "m3u8_url": null,
        "is_streaming": false
      }
    },
    {
      "type": "Feature",
      "geometry": {
        "type": "Point",
        "coordinates": [
          -80.580959,
          35.056934
        ]
      },
      "properties": {
        "id": 1292,
        "name": "US 74 @ mm 261.8",
        "roadId": 21,
        "countyId": 90,
        "mileMarker": 261.8,
        "status": "OK",
        "snapshot_url": "https://eapps.ncdot.gov/services/traffic-prod/v1/cameras/images?filename=US74_mm261_8.jpg",
        "m3u8_url": null,
        "is_streaming": false
      }
    },
    {
      "type": "Feature",
      "geometry": {
        "type": "Point",
        "coordinates": [
          -80.691068,
          35.349556
        ]
      },
      "properties": {
        "id": 1293,
        "name": "US 29 @ Morehead Rd",
        "roadId": 79,
        "countyId": 13,
        "mileMarker": null,
        "status": "OK",
        "snapshot_url": "https://eapps.ncdot.gov/services/traffic-prod/v1/cameras/images?filename=US29_MoreheadRd.jpg",
        "m3u8_url": null,
        "is_streaming": false
      }
    },
    {
      "type": "Feature",
      "geometry": {
        "type": "Point",
        "coordinates": [
          -80.688611,
          35.352545
        ]
      },
      "properties": {
        "id": 1294,
        "name": "US 29 @ Bruton Smith Blvd",
        "roadId": 79,
        "countyId": 13,
        "mileMarker": null,
        "status": "OK",
        "snapshot_url": "https://eapps.ncdot.gov/services/traffic-prod/v1/cameras/images?filename=US29_BrutonSmithBlvd.jpg",
        "m3u8_url": null,
        "is_streaming": false
      }
    },
    {
      "type": "Feature",
      "geometry": {
        "type": "Point",
        "coordinates": [
          -80.683877,
          35.356843
        ]
      },
      "properties": {
        "id": 1295,
        "name": "US 29 @ LMS",
        "roadId": 79,
        "countyId": 13,
        "mileMarker": null,
        "status": "OK",
        "snapshot_url": "https://eapps.ncdot.gov/services/traffic-prod/v1/cameras/images?filename=US29_LMS.jpg",
        "m3u8_url": null,
        "is_streaming": false
      }
    },
    {
      "type": "Feature",
      "geometry": {
        "type": "Point",
        "coordinates": [
          -80.707917,
          35.337078
        ]
      },
      "properties": {
        "id": 1296,
        "name": "US 29 @ Junkyard",
        "roadId": 79,
        "countyId": 60,
        "mileMarker": null,
        "status": "OK",
        "snapshot_url": "https://eapps.ncdot.gov/services/traffic-prod/v1/cameras/images?filename=US29_Junkyard.jpg",
        "m3u8_url": null,
        "is_streaming": false
      }
    },
    {
      "type": "Feature",
      "geometry": {
        "type": "Point",
        "coordinates": [
          -80.682209,
          35.344786
        ]
      },
      "properties": {
        "id": 1301,
        "name": "Morehead Rd @ Gate P",
        "roadId": 0,
        "countyId": 13,
        "mileMarker": null,
        "status": "OK",
        "snapshot_url": "https://eapps.ncdot.gov/services/traffic-prod/v1/cameras/images?filename=MoreheadRd_GateP.jpg",
        "m3u8_url": null,
        "is_streaming": false
      }
    },
    {
      "type": "Feature",
      "geometry": {
        "type": "Point",
        "coordinates": [
          -80.701235,
          35.362756
        ]
      },
      "properties": {
        "id": 1302,
        "name": "Bruton Smith Blvd @ Hilltop",
        "roadId": 0,
        "countyId": 13,
        "mileMarker": null,
        "status": "OK",
        "snapshot_url": "https://eapps.ncdot.gov/services/traffic-prod/v1/cameras/images?filename=BrutonSmithBlvd_Hilltop.jpg",
        "m3u8_url": null,
        "is_streaming": false
      }
    },
    {
      "type": "Feature",
      "geometry": {
        "type": "Point",
        "coordinates": [
          -80.929444,
          35.327637
        ]
      },
      "properties": {
        "id": 1303,
        "name": "I-485 Outer MM 16.1",
        "roadId": 196,
        "countyId": 60,
        "mileMarker": 16.1,
        "status": "OK",
        "snapshot_url": "https://cfms.services.ncdot.gov/snapshots/chan-5180_h.jpg",
        "m3u8_url": null,
        "is_streaming": false
      }
    },
    {
      "type": "Feature",
      "geometry": {
        "type": "Point",
        "coordinates": [
          -80.2300394689647,
          36.09044228636351
        ]
      },
      "properties": {
        "id": 1304,
        "name": "US-52 at Rams Dr South",
        "roadId": 20,
        "countyId": 34,
        "mileMarker": 108.0,
        "status": "OK",
        "snapshot_url": "https://eapps.ncdot.gov/services/traffic-prod/v1/cameras/images?filename=US52_RamsSB.jpg",
        "m3u8_url": null,
        "is_streaming": false
      }
    },
    {
      "type": "Feature",
      "geometry": {
        "type": "Point",
        "coordinates": [
          -79.93086,
          36.18423
        ]
      },
      "properties": {
        "id": 1309,
        "name": "I-73 MM 115 (Brookbank)",
        "roadId": 3846,
        "countyId": 41,
        "mileMarker": 115.0,
        "status": "OK",
        "snapshot_url": "https://eapps.ncdot.gov/services/traffic-prod/v1/cameras/images?filename=I73_BrookbankRd.jpg",
        "m3u8_url": null,
        "is_streaming": false
      }
    },
    {
      "type": "Feature",
      "geometry": {
        "type": "Point",
        "coordinates": [
          -79.94787,
          36.16955
        ]
      },
      "properties": {
        "id": 1310,
        "name": "I-73 MM 114 (Bunch Rd)",
        "roadId": 3846,
        "countyId": 41,
        "mileMarker": 114.0,
        "status": "OK",
        "snapshot_url": "https://cfts.services.ncdot.gov:443/snapshots/chan-5958_h.jpg",
        "m3u8_url": "https://cfts.services.ncdot.gov:443/chan-5958/index.m3u8",
        "is_streaming": true
      }
    },
    {
      "type": "Feature",
      "geometry": {
        "type": "Point",
        "coordinates": [
          -79.95968,
          36.15284
        ]
      },
      "properties": {
        "id": 1311,
        "name": "I-73 MM 113 (Alcorn)",
        "roadId": 3846,
        "countyId": 41,
        "mileMarker": 113.0,
        "status": "OK",
        "snapshot_url": "https://eapps.ncdot.gov/services/traffic-prod/v1/cameras/images?filename=I73_AlcornRd.jpg",
        "m3u8_url": null,
        "is_streaming": false
      }
    },
    {
      "type": "Feature",
      "geometry": {
        "type": "Point",
        "coordinates": [
          -79.96574,
          36.13319
        ]
      },
      "properties": {
        "id": 1312,
        "name": "I-73 @ Exit 111 (NC-68 North)",
        "roadId": 3846,
        "countyId": 41,
        "mileMarker": 111.0,
        "status": "OK",
        "snapshot_url": "https://eapps.ncdot.gov/services/traffic-prod/v1/cameras/images?filename=I73_NC68N.jpg",
        "m3u8_url": null,
        "is_streaming": false
      }
    },
    {
      "type": "Feature",
      "geometry": {
        "type": "Point",
        "coordinates": [
          -79.96091,
          36.12352
        ]
      },
      "properties": {
        "id": 1313,
        "name": "I-73 @ Exit 110 (NC-68 South)",
        "roadId": 3846,
        "countyId": 41,
        "mileMarker": 110.0,
        "status": "OK",
        "snapshot_url": "https://eapps.ncdot.gov/services/traffic-prod/v1/cameras/images?filename=I73NB_NC68S.jpg",
        "m3u8_url": null,
        "is_streaming": false
      }
    },
    {
      "type": "Feature",
      "geometry": {
        "type": "Point",
        "coordinates": [
          -79.95056,
          36.12029
        ]
      },
      "properties": {
        "id": 1314,
        "name": "I-73 MM 110",
        "roadId": 3846,
        "countyId": 41,
        "mileMarker": 110.0,
        "status": "OK",
        "snapshot_url": "https://eapps.ncdot.gov/services/traffic-prod/v1/cameras/images?filename=I73_MM110.jpg",
        "m3u8_url": null,
        "is_streaming": false
      }
    },
    {
      "type": "Feature",
      "geometry": {
        "type": "Point",
        "coordinates": [
          -79.93888,
          36.12243
        ]
      },
      "properties": {
        "id": 1315,
        "name": "I-73 MM 109",
        "roadId": 3846,
        "countyId": 41,
        "mileMarker": 109.0,
        "status": "OK",
        "snapshot_url": "https://eapps.ncdot.gov/services/traffic-prod/v1/cameras/images?filename=I73_MM109.jpg",
        "m3u8_url": null,
        "is_streaming": false
      }
    },
    {
      "type": "Feature",
      "geometry": {
        "type": "Point",
        "coordinates": [
          -79.88624,
          36.13556
        ]
      },
      "properties": {
        "id": 1317,
        "name": "I-840 MM 5 (Horsepen Creek)",
        "roadId": 3833,
        "countyId": 41,
        "mileMarker": 5.0,
        "status": "OK",
        "snapshot_url": "https://eapps.ncdot.gov/services/traffic-prod/v1/cameras/images?filename=I840_Horsepen.jpg",
        "m3u8_url": null,
        "is_streaming": false
      }
    },
    {
      "type": "Feature",
      "geometry": {
        "type": "Point",
        "coordinates": [
          -79.96223,
          36.11622
        ]
      },
      "properties": {
        "id": 1321,
        "name": "NC-68 MM 17",
        "roadId": 128,
        "countyId": 41,
        "mileMarker": 17.0,
        "status": "OK",
        "snapshot_url": "https://eapps.ncdot.gov/services/traffic-prod/v1/cameras/images?filename=NC68_SofI73.jpg",
        "m3u8_url": null,
        "is_streaming": false
      }
    },
    {
      "type": "Feature",
      "geometry": {
        "type": "Point",
        "coordinates": [
          -78.648975,
          35.741687
        ]
      },
      "properties": {
        "id": 1322,
        "name": "US 70 @ Wilmington St",
        "roadId": 3,
        "countyId": 92,
        "mileMarker": null,
        "status": "OK",
        "snapshot_url": "https://eapps.ncdot.gov/services/traffic-prod/v1/cameras/images?filename=US70_WilmingtonSt.jpg",
        "m3u8_url": null,
        "is_streaming": false
      }
    },
    {
      "type": "Feature",
      "geometry": {
        "type": "Point",
        "coordinates": [
          -78.727342,
          35.79985
        ]
      },
      "properties": {
        "id": 1325,
        "name": "Edwards Mill @ Trinity Rd",
        "roadId": 0,
        "countyId": 92,
        "mileMarker": null,
        "status": "OK",
        "snapshot_url": "https://eapps.ncdot.gov/services/traffic-prod/v1/cameras/images?filename=EdwardsMillRd_TrinityRd.jpg",
        "m3u8_url": null,
        "is_streaming": false
      }
    },
    {
      "type": "Feature",
      "geometry": {
        "type": "Point",
        "coordinates": [
          -78.717125,
          35.798797
        ]
      },
      "properties": {
        "id": 1326,
        "name": "Trinity Rd @ Carter Finley Stadium",
        "roadId": 0,
        "countyId": 92,
        "mileMarker": null,
        "status": "OK",
        "snapshot_url": "https://eapps.ncdot.gov/services/traffic-prod/v1/cameras/images?filename=TrinityRd_CarterFinleyStadium.jpg",
        "m3u8_url": null,
        "is_streaming": false
      }
    },
    {
      "type": "Feature",
      "geometry": {
        "type": "Point",
        "coordinates": [
          -78.823089,
          35.723889
        ]
      },
      "properties": {
        "id": 1327,
        "name": "US 1 @ Ten-Ten Rd",
        "roadId": 29,
        "countyId": 92,
        "mileMarker": 96.0,
        "status": "OK",
        "snapshot_url": "https://eapps.ncdot.gov/services/traffic-prod/v1/cameras/images?filename=US1_TenTenRd.jpg",
        "m3u8_url": null,
        "is_streaming": false
      }
    },
    {
      "type": "Feature",
      "geometry": {
        "type": "Point",
        "coordinates": [
          -78.748694,
          35.780445
        ]
      },
      "properties": {
        "id": 1329,
        "name": "I-40 @ Cary Towne Blvd",
        "roadId": 1,
        "countyId": 92,
        "mileMarker": 291.0,
        "status": "OK",
        "snapshot_url": "https://eapps.ncdot.gov/services/traffic-prod/v1/cameras/images?filename=I40_CaryTowneBlvd.jpg",
        "m3u8_url": null,
        "is_streaming": false
      }
    },
    {
      "type": "Feature",
      "geometry": {
        "type": "Point",
        "coordinates": [
          -78.739767,
          35.806048
        ]
      },
      "properties": {
        "id": 1330,
        "name": "I-40 @ Trinity Rd",
        "roadId": 1,
        "countyId": 92,
        "mileMarker": 290.0,
        "status": "OK",
        "snapshot_url": "https://eapps.ncdot.gov/services/traffic-prod/v1/cameras/images?filename=I40_TrinityRd.jpg",
        "m3u8_url": null,
        "is_streaming": false
      }
    },
    {
      "type": "Feature",
      "geometry": {
        "type": "Point",
        "coordinates": [
          -78.888665,
          35.906282
        ]
      },
      "properties": {
        "id": 1331,
        "name": "I-40 @ Alston Ave",
        "roadId": 1,
        "countyId": 32,
        "mileMarker": 279.0,
        "status": "OK",
        "snapshot_url": "https://eapps.ncdot.gov/services/traffic-prod/v1/cameras/images?filename=I40_AlstonAve.jpg",
        "m3u8_url": null,
        "is_streaming": false
      }
    },
    {
      "type": "Feature",
      "geometry": {
        "type": "Point",
        "coordinates": [
          -78.916397,
          35.908835
        ]
      },
      "properties": {
        "id": 1332,
        "name": "I-40 @ Barbee Rd",
        "roadId": 1,
        "countyId": 32,
        "mileMarker": 277.0,
        "status": "OK",
        "snapshot_url": "https://eapps.ncdot.gov/services/traffic-prod/v1/cameras/images?filename=I40_BarbeeRd.jpg",
        "m3u8_url": null,
        "is_streaming": false
      }
    },
    {
      "type": "Feature",
      "geometry": {
        "type": "Point",
        "coordinates": [
          -78.98904850600982,
          35.933265346478095
        ]
      },
      "properties": {
        "id": 1333,
        "name": "I-40 @ Farrington Rd",
        "roadId": 1,
        "countyId": 32,
        "mileMarker": 272.0,
        "status": "OK",
        "snapshot_url": "https://eapps.ncdot.gov/services/traffic-prod/v1/cameras/images?filename=I40_FarringtonRd.jpg",
        "m3u8_url": null,
        "is_streaming": false
      }
    },
    {
      "type": "Feature",
      "geometry": {
        "type": "Point",
        "coordinates": [
          -78.393332,
          36.347743
        ]
      },
      "properties": {
        "id": 1335,
        "name": "I-85 @ Parham Rd",
        "roadId": 2,
        "countyId": 91,
        "mileMarker": 215.0,
        "status": "OK",
        "snapshot_url": "https://eapps.ncdot.gov/services/traffic-prod/v1/cameras/images?filename=I85_mm215.jpg",
        "m3u8_url": null,
        "is_streaming": false
      }
    },
    {
      "type": "Feature",
      "geometry": {
        "type": "Point",
        "coordinates": [
          -78.337923,
          36.393261
        ]
      },
      "properties": {
        "id": 1337,
        "name": "I-85 N @ Flemingtown Rd",
        "roadId": 2,
        "countyId": 91,
        "mileMarker": 220.0,
        "status": "OK",
        "snapshot_url": "https://eapps.ncdot.gov/services/traffic-prod/v1/cameras/images?filename=I85_mm220.jpg",
        "m3u8_url": null,
        "is_streaming": false
      }
    },
    {
      "type": "Feature",
      "geometry": {
        "type": "Point",
        "coordinates": [
          -78.32644,
          36.406974
        ]
      },
      "properties": {
        "id": 1338,
        "name": "I-85 N @ MM 221",
        "roadId": 2,
        "countyId": 91,
        "mileMarker": 221.0,
        "status": "OK",
        "snapshot_url": "https://eapps.ncdot.gov/services/traffic-prod/v1/cameras/images?filename=I85_mm221.jpg",
        "m3u8_url": null,
        "is_streaming": false
      }
    },
    {
      "type": "Feature",
      "geometry": {
        "type": "Point",
        "coordinates": [
          -78.307057,
          36.422191
        ]
      },
      "properties": {
        "id": 1339,
        "name": "I-85 N @ MM 222",
        "roadId": 2,
        "countyId": 91,
        "mileMarker": 222.0,
        "status": "OK",
        "snapshot_url": "https://eapps.ncdot.gov/services/traffic-prod/v1/cameras/images?filename=I85_mm222.jpg",
        "m3u8_url": null,
        "is_streaming": false
      }
    },
    {
      "type": "Feature",
      "geometry": {
        "type": "Point",
        "coordinates": [
          -78.27266865939517,
          36.44739892801251
        ]
      },
      "properties": {
        "id": 1340,
        "name": "I-85 @ MM 224",
        "roadId": 2,
        "countyId": 93,
        "mileMarker": 224.0,
        "status": "OK",
        "snapshot_url": "https://eapps.ncdot.gov/services/traffic-prod/v1/cameras/images?filename=I85_mm224.jpg",
        "m3u8_url": null,
        "is_streaming": false
      }
    },
    {
      "type": "Feature",
      "geometry": {
        "type": "Point",
        "coordinates": [
          -78.265956,
          36.454795
        ]
      },
      "properties": {
        "id": 1341,
        "name": "I-85 NB @ Ridgeway Rd",
        "roadId": 2,
        "countyId": 93,
        "mileMarker": 226.0,
        "status": "OK",
        "snapshot_url": "https://eapps.ncdot.gov/services/traffic-prod/v1/cameras/images?filename=I85_mm226.jpg",
        "m3u8_url": null,
        "is_streaming": false
      }
    },
    {
      "type": "Feature",
      "geometry": {
        "type": "Point",
        "coordinates": [
          -78.250018,
          36.468501
        ]
      },
      "properties": {
        "id": 1342,
        "name": "I-85 @ MM 227.5",
        "roadId": 2,
        "countyId": 93,
        "mileMarker": 227.0,
        "status": "OK",
        "snapshot_url": "https://eapps.ncdot.gov/services/traffic-prod/v1/cameras/images?filename=I85_mm227.jpg",
        "m3u8_url": null,
        "is_streaming": false
      }
    },
    {
      "type": "Feature",
      "geometry": {
        "type": "Point",
        "coordinates": [
          -78.230731,
          36.484733
        ]
      },
      "properties": {
        "id": 1343,
        "name": "I-85 @ Oine Rd",
        "roadId": 2,
        "countyId": 93,
        "mileMarker": 229.0,
        "status": "OK",
        "snapshot_url": "https://eapps.ncdot.gov/services/traffic-prod/v1/cameras/images?filename=I85_mm229.jpg",
        "m3u8_url": null,
        "is_streaming": false
      }
    },
    {
      "type": "Feature",
      "geometry": {
        "type": "Point",
        "coordinates": [
          -78.190913,
          36.534505
        ]
      },
      "properties": {
        "id": 1345,
        "name": "I-85 N @ 401",
        "roadId": 2,
        "countyId": 93,
        "mileMarker": 233.0,
        "status": "OK",
        "snapshot_url": "https://eapps.ncdot.gov/services/traffic-prod/v1/cameras/images?filename=I85_mm233.jpg",
        "m3u8_url": null,
        "is_streaming": false
      }
    },
    {
      "type": "Feature",
      "geometry": {
        "type": "Point",
        "coordinates": [
          -78.362169,
          36.365059
        ]
      },
      "properties": {
        "id": 1346,
        "name": "US 158 @ US 1 Bypass",
        "roadId": 29,
        "countyId": 91,
        "mileMarker": null,
        "status": "OK",
        "snapshot_url": "https://eapps.ncdot.gov/services/traffic-prod/v1/cameras/images?filename=US158_US1BYP.jpg",
        "m3u8_url": null,
        "is_streaming": false
      }
    },
    {
      "type": "Feature",
      "geometry": {
        "type": "Point",
        "coordinates": [
          -77.89026009845993,
          34.242588257472754
        ]
      },
      "properties": {
        "id": 1350,
        "name": "Market St @ Kerr Ave",
        "roadId": 33,
        "countyId": 65,
        "mileMarker": null,
        "status": "OK",
        "snapshot_url": "https://eapps.ncdot.gov/services/traffic-prod/v1/cameras/images?filename=MarketSt_KerrAve.jpg",
        "m3u8_url": null,
        "is_streaming": false
      }
    },
    {
      "type": "Feature",
      "geometry": {
        "type": "Point",
        "coordinates": [
          -75.657092,
          35.220754
        ]
      },
      "properties": {
        "id": 1354,
        "name": "NC-12 North of Hatteras Village",
        "roadId": 3810,
        "countyId": 28,
        "mileMarker": null,
        "status": "OK",
        "snapshot_url": "https://eapps.ncdot.gov/services/traffic-prod/v1/cameras/images?filename=NC12_NorthHatterasVillage.jpg",
        "m3u8_url": null,
        "is_streaming": false
      }
    },
    {
      "type": "Feature",
      "geometry": {
        "type": "Point",
        "coordinates": [
          -75.605435,
          35.903364
        ]
      },
      "properties": {
        "id": 1355,
        "name": "US64 @ West of Whalebone Junction",
        "roadId": 10,
        "countyId": 28,
        "mileMarker": null,
        "status": "OK",
        "snapshot_url": "https://eapps.ncdot.gov/services/traffic-prod/v1/cameras/images?filename=US64_WestofWhaleboneJct.jpg",
        "m3u8_url": null,
        "is_streaming": false
      }
    },
    {
      "type": "Feature",
      "geometry": {
        "type": "Point",
        "coordinates": [
          -80.412914,
          34.989876
        ]
      },
      "properties": {
        "id": 1356,
        "name": "US 74 @ MM 272.7",
        "roadId": 21,
        "countyId": 90,
        "mileMarker": 272.0,
        "status": "OK",
        "snapshot_url": "https://eapps.ncdot.gov/services/traffic-prod/v1/cameras/images?filename=US74_mm272_7.jpg",
        "m3u8_url": null,
        "is_streaming": false
      }
    },
    {
      "type": "Feature",
      "geometry": {
        "type": "Point",
        "coordinates": [
          -78.4491,
          36.327254
        ]
      },
      "properties": {
        "id": 1359,
        "name": "I-85 @ Ruin Creek Rd",
        "roadId": 2,
        "countyId": 91,
        "mileMarker": 212.0,
        "status": "OK",
        "snapshot_url": "https://eapps.ncdot.gov/services/traffic-prod/v1/cameras/images?filename=I85_RuinCreekRd.jpg",
        "m3u8_url": null,
        "is_streaming": false
      }
    },
    {
      "type": "Feature",
      "geometry": {
        "type": "Point",
        "coordinates": [
          -80.27730631460157,
          36.17262959378421
        ]
      },
      "properties": {
        "id": 1361,
        "name": "University Parkway North of Oak Summit",
        "roadId": 0,
        "countyId": 34,
        "mileMarker": null,
        "status": "OK",
        "snapshot_url": "https://eapps.ncdot.gov/services/traffic-prod/v1/cameras/images?filename=UnivPkwy_NofOakSummit.jpg",
        "m3u8_url": null,
        "is_streaming": false
      }
    },
    {
      "type": "Feature",
      "geometry": {
        "type": "Point",
        "coordinates": [
          -77.58769941922715,
          35.885893783845155
        ]
      },
      "properties": {
        "id": 1369,
        "name": "US 64 @ McNair Rd",
        "roadId": 10,
        "countyId": 33,
        "mileMarker": 484.0,
        "status": "OK",
        "snapshot_url": "https://eapps.ncdot.gov/services/traffic-prod/v1/cameras/images?filename=US64_McNairRd.jpg",
        "m3u8_url": null,
        "is_streaming": false
      }
    },
    {
      "type": "Feature",
      "geometry": {
        "type": "Point",
        "coordinates": [
          -77.67518727759075,
          35.925689825922085
        ]
      },
      "properties": {
        "id": 1370,
        "name": "US 64 @ Kingsboro Rd",
        "roadId": 10,
        "countyId": 33,
        "mileMarker": 478.0,
        "status": "OK",
        "snapshot_url": "https://eapps.ncdot.gov/services/traffic-prod/v1/cameras/images?filename=US64_KingsboroRd.jpg",
        "m3u8_url": null,
        "is_streaming": false
      }
    },
    {
      "type": "Feature",
      "geometry": {
        "type": "Point",
        "coordinates": [
          -77.547345,
          35.886924
        ]
      },
      "properties": {
        "id": 1371,
        "name": "US 64 @ US 258",
        "roadId": 10,
        "countyId": 33,
        "mileMarker": null,
        "status": "OK",
        "snapshot_url": "https://eapps.ncdot.gov/services/traffic-prod/v1/cameras/images?filename=US64_US258.jpg",
        "m3u8_url": null,
        "is_streaming": false
      }
    },
    {
      "type": "Feature",
      "geometry": {
        "type": "Point",
        "coordinates": [
          -77.46098210468195,
          35.85401487871303
        ]
      },
      "properties": {
        "id": 1373,
        "name": "US 64 @ Chinquapin Rd",
        "roadId": 10,
        "countyId": 33,
        "mileMarker": 491.0,
        "status": "OK",
        "snapshot_url": "https://eapps.ncdot.gov/services/traffic-prod/v1/cameras/images?filename=US64_ChinquapinRd.jpg",
        "m3u8_url": null,
        "is_streaming": false
      }
    },
    {
      "type": "Feature",
      "geometry": {
        "type": "Point",
        "coordinates": [
          -82.222144,
          35.25382
        ]
      },
      "properties": {
        "id": 1376,
        "name": "I-26 MM 67.5",
        "roadId": 62,
        "countyId": 75,
        "mileMarker": 67.5,
        "status": "OK",
        "snapshot_url": "https://eapps.ncdot.gov/services/traffic-prod/v1/cameras/images?filename=I26_MM67.jpg",
        "m3u8_url": null,
        "is_streaming": false
      }
    },
    {
      "type": "Feature",
      "geometry": {
        "type": "Point",
        "coordinates": [
          -82.20855812158041,
          35.24878045251869
        ]
      },
      "properties": {
        "id": 1377,
        "name": "I-26 @ US 74",
        "roadId": 62,
        "countyId": 75,
        "mileMarker": null,
        "status": "OK",
        "snapshot_url": "https://eapps.ncdot.gov/services/traffic-prod/v1/cameras/images?filename=I26_US74.jpg",
        "m3u8_url": null,
        "is_streaming": false
      }
    },
    {
      "type": "Feature",
      "geometry": {
        "type": "Point",
        "coordinates": [
          -82.06826383105471,
          35.28691831750493
        ]
      },
      "properties": {
        "id": 1378,
        "name": "US 74 @ Pea Ridge Rd",
        "roadId": 21,
        "countyId": 88,
        "mileMarker": null,
        "status": "OK",
        "snapshot_url": "https://eapps.ncdot.gov/services/traffic-prod/v1/cameras/images?filename=US74_PeaRidgeRd.jpg",
        "m3u8_url": null,
        "is_streaming": false
      }
    },
    {
      "type": "Feature",
      "geometry": {
        "type": "Point",
        "coordinates": [
          -78.04911,
          34.277797
        ]
      },
      "properties": {
        "id": 1379,
        "name": "I-140 @ Mt. Misery Rd",
        "roadId": 3850,
        "countyId": 65,
        "mileMarker": null,
        "status": "OK",
        "snapshot_url": "https://eapps.ncdot.gov/services/traffic-prod/v1/cameras/images?filename=I140_MtMiseryRd.jpg",
        "m3u8_url": null,
        "is_streaming": false
      }
    },
    {
      "type": "Feature",
      "geometry": {
        "type": "Point",
        "coordinates": [
          -80.861885,
          35.422106
        ]
      },
      "properties": {
        "id": 1381,
        "name": "I-77 N @ MM 23.7",
        "roadId": 177,
        "countyId": 60,
        "mileMarker": 23.7,
        "status": "OK",
        "snapshot_url": "https://eapps.ncdot.gov/services/traffic-prod/v1/cameras/images?filename=I77_StumptownRd.jpg",
        "m3u8_url": null,
        "is_streaming": false
      }
    },
    {
      "type": "Feature",
      "geometry": {
        "type": "Point",
        "coordinates": [
          -80.844319,
          35.358186
        ]
      },
      "properties": {
        "id": 1384,
        "name": "I-77 @ MM 19",
        "roadId": 177,
        "countyId": 60,
        "mileMarker": 19.0,
        "status": "OK",
        "snapshot_url": "https://cfms.services.ncdot.gov/snapshots/chan-5271_h.jpg",
        "m3u8_url": null,
        "is_streaming": false
      }
    },
    {
      "type": "Feature",
      "geometry": {
        "type": "Point",
        "coordinates": [
          -80.84771,
          35.349495
        ]
      },
      "properties": {
        "id": 1385,
        "name": "I-77 @ MM 18.2",
        "roadId": 177,
        "countyId": 60,
        "mileMarker": 18.2,
        "status": "OK",
        "snapshot_url": "https://eapps.ncdot.gov/services/traffic-prod/v1/cameras/images?filename=I77_mm18_20.jpg",
        "m3u8_url": null,
        "is_streaming": false
      }
    },
    {
      "type": "Feature",
      "geometry": {
        "type": "Point",
        "coordinates": [
          -80.849169,
          35.337322
        ]
      },
      "properties": {
        "id": 1386,
        "name": "I-77 SB @ MM 17.4",
        "roadId": 177,
        "countyId": 60,
        "mileMarker": 17.4,
        "status": "OK",
        "snapshot_url": "https://eapps.ncdot.gov/services/traffic-prod/v1/cameras/images?filename=I77_mm17_40.jpg",
        "m3u8_url": null,
        "is_streaming": false
      }
    },
    {
      "type": "Feature",
      "geometry": {
        "type": "Point",
        "coordinates": [
          -80.847005,
          35.316242
        ]
      },
      "properties": {
        "id": 1387,
        "name": "I-77 NB @ MM 16.4",
        "roadId": 177,
        "countyId": 60,
        "mileMarker": 16.4,
        "status": "OK",
        "snapshot_url": "https://eapps.ncdot.gov/services/traffic-prod/v1/cameras/images?filename=I77_mm16_40.jpg",
        "m3u8_url": null,
        "is_streaming": false
      }
    },
    {
      "type": "Feature",
      "geometry": {
        "type": "Point",
        "coordinates": [
          -80.850147,
          35.297127
        ]
      },
      "properties": {
        "id": 1389,
        "name": "I-77 NB @ MM 14.6",
        "roadId": 177,
        "countyId": 60,
        "mileMarker": 14.6,
        "status": "OK",
        "snapshot_url": "https://eapps.ncdot.gov/services/traffic-prod/v1/cameras/images?filename=I77_mm14_60.jpg",
        "m3u8_url": null,
        "is_streaming": false
      }
    },
    {
      "type": "Feature",
      "geometry": {
        "type": "Point",
        "coordinates": [
          -80.849341,
          35.284473
        ]
      },
      "properties": {
        "id": 1390,
        "name": "I-77 NB @ MM 13.8",
        "roadId": 177,
        "countyId": 60,
        "mileMarker": 13.8,
        "status": "OK",
        "snapshot_url": "https://eapps.ncdot.gov/services/traffic-prod/v1/cameras/images?filename=I77_CindyLn.jpg",
        "m3u8_url": null,
        "is_streaming": false
      }
    },
    {
      "type": "Feature",
      "geometry": {
        "type": "Point",
        "coordinates": [
          -80.844251,
          35.275037
        ]
      },
      "properties": {
        "id": 1391,
        "name": "I-77 NB @ MM 13.5",
        "roadId": 177,
        "countyId": 60,
        "mileMarker": 13.5,
        "status": "OK",
        "snapshot_url": "https://eapps.ncdot.gov/services/traffic-prod/v1/cameras/images?filename=I77_mm13_50.jpg",
        "m3u8_url": null,
        "is_streaming": false
      }
    },
    {
      "type": "Feature",
      "geometry": {
        "type": "Point",
        "coordinates": [
          -80.8405,
          35.261143
        ]
      },
      "properties": {
        "id": 1393,
        "name": "I-77 NB @ MM 12.2",
        "roadId": 177,
        "countyId": 60,
        "mileMarker": 12.2,
        "status": "OK",
        "snapshot_url": "https://eapps.ncdot.gov/services/traffic-prod/v1/cameras/images?filename=I77_AtandoAve.jpg",
        "m3u8_url": null,
        "is_streaming": false
      }
    },
    {
      "type": "Feature",
      "geometry": {
        "type": "Point",
        "coordinates": [
          -80.849352,
          35.242011
        ]
      },
      "properties": {
        "id": 1395,
        "name": "I-77 NB @ MM 11.0",
        "roadId": 177,
        "countyId": 60,
        "mileMarker": 11.0,
        "status": "OK",
        "snapshot_url": "https://eapps.ncdot.gov/services/traffic-prod/v1/cameras/images?filename=I77_mm11_00.jpg",
        "m3u8_url": null,
        "is_streaming": false
      }
    },
    {
      "type": "Feature",
      "geometry": {
        "type": "Point",
        "coordinates": [
          -80.84982,
          35.24239
        ]
      },
      "properties": {
        "id": 1396,
        "name": "I-77 NB @ MM 10.8",
        "roadId": 177,
        "countyId": 60,
        "mileMarker": 10.8,
        "status": "OK",
        "snapshot_url": "https://eapps.ncdot.gov/services/traffic-prod/v1/cameras/images?filename=I77_mm10_80.jpg",
        "m3u8_url": null,
        "is_streaming": false
      }
    },
    {
      "type": "Feature",
      "geometry": {
        "type": "Point",
        "coordinates": [
          -78.843843,
          35.687794
        ]
      },
      "properties": {
        "id": 1398,
        "name": "Toll 540 @ NC 55 Ramp",
        "roadId": 115,
        "countyId": 92,
        "mileMarker": null,
        "status": "OK",
        "snapshot_url": "https://eapps.ncdot.gov/services/traffic-prod/v1/cameras/images?filename=Toll540_NC55Ramp.JPG",
        "m3u8_url": null,
        "is_streaming": false
      }
    },
    {
      "type": "Feature",
      "geometry": {
        "type": "Point",
        "coordinates": [
          -78.871585,
          35.699926
        ]
      },
      "properties": {
        "id": 1399,
        "name": "Toll 540 @ US 1 S",
        "roadId": 29,
        "countyId": 92,
        "mileMarker": null,
        "status": "OK",
        "snapshot_url": "https://eapps.ncdot.gov/services/traffic-prod/v1/cameras/images?filename=Toll540_US1S.JPG",
        "m3u8_url": null,
        "is_streaming": false
      }
    },
    {
      "type": "Feature",
      "geometry": {
        "type": "Point",
        "coordinates": [
          -78.883685,
          35.843096
        ]
      },
      "properties": {
        "id": 1400,
        "name": "Toll 540 @ DMS 7",
        "roadId": 138,
        "countyId": 92,
        "mileMarker": null,
        "status": "OK",
        "snapshot_url": "https://eapps.ncdot.gov/services/traffic-prod/v1/cameras/images?filename=Toll540_DMS7.JPG",
        "m3u8_url": null,
        "is_streaming": false
      }
    },
    {
      "type": "Feature",
      "geometry": {
        "type": "Point",
        "coordinates": [
          -78.844989,
          35.86159
        ]
      },
      "properties": {
        "id": 1401,
        "name": "Toll 540 @ NC 54",
        "roadId": 3852,
        "countyId": 92,
        "mileMarker": null,
        "status": "OK",
        "snapshot_url": "https://eapps.ncdot.gov/services/traffic-prod/v1/cameras/images?filename=Toll540_NC54.JPG",
        "m3u8_url": null,
        "is_streaming": false
      }
    },
    {
      "type": "Feature",
      "geometry": {
        "type": "Point",
        "coordinates": [
          -78.681091,
          35.84358
        ]
      },
      "properties": {
        "id": 1404,
        "name": "Glenwood Ave @ Creedmore Rd",
        "roadId": 132,
        "countyId": 92,
        "mileMarker": null,
        "status": "OK",
        "snapshot_url": "https://eapps.ncdot.gov/services/traffic-prod/v1/cameras/images?filename=NC50-US70B.jpg",
        "m3u8_url": null,
        "is_streaming": false
      }
    },
    {
      "type": "Feature",
      "geometry": {
        "type": "Point",
        "coordinates": [
          -78.698512,
          35.832979
        ]
      },
      "properties": {
        "id": 1405,
        "name": "Edwards Mill Rd @ Glen Eden Dr",
        "roadId": 0,
        "countyId": 92,
        "mileMarker": null,
        "status": "OK",
        "snapshot_url": "https://eapps.ncdot.gov/services/traffic-prod/v1/cameras/images?filename=EdwardsMillRd_GlenEdenDr.jpg",
        "m3u8_url": null,
        "is_streaming": false
      }
    },
    {
      "type": "Feature",
      "geometry": {
        "type": "Point",
        "coordinates": [
          -80.278898,
          36.093924
        ]
      },
      "properties": {
        "id": 1406,
        "name": "Bus 40 @ Stratford Rd",
        "roadId": 0,
        "countyId": 34,
        "mileMarker": null,
        "status": "OK",
        "snapshot_url": "https://eapps.ncdot.gov/services/traffic-prod/v1/cameras/images?filename=US421_Stratford.jpg",
        "m3u8_url": null,
        "is_streaming": false
      }
    },
    {
      "type": "Feature",
      "geometry": {
        "type": "Point",
        "coordinates": [
          -78.583292,
          35.723707
        ]
      },
      "properties": {
        "id": 1408,
        "name": "I-40 @ Jones Sausage Rd",
        "roadId": 1,
        "countyId": 92,
        "mileMarker": 303.0,
        "status": "OK",
        "snapshot_url": "https://eapps.ncdot.gov/services/traffic-prod/v1/cameras/images?filename=I40_JonesSausageRd.jpg",
        "m3u8_url": null,
        "is_streaming": false
      }
    },
    {
      "type": "Feature",
      "geometry": {
        "type": "Point",
        "coordinates": [
          -79.759342,
          35.996961
        ]
      },
      "properties": {
        "id": 1411,
        "name": "I-85 N @ mm 126",
        "roadId": 2,
        "countyId": 41,
        "mileMarker": 126.0,
        "status": "OK",
        "snapshot_url": "https://eapps.ncdot.gov/services/traffic-prod/v1/cameras/images?filename=I85N_US421S.jpg",
        "m3u8_url": null,
        "is_streaming": false
      }
    },
    {
      "type": "Feature",
      "geometry": {
        "type": "Point",
        "coordinates": [
          -82.550542,
          35.468814
        ]
      },
      "properties": {
        "id": 1412,
        "name": "I-26 @ mm 38.5",
        "roadId": 62,
        "countyId": 11,
        "mileMarker": 38.5,
        "status": "OK",
        "snapshot_url": "https://eapps.ncdot.gov/services/traffic-prod/v1/cameras/images?filename=I26_mm38_5.jpg",
        "m3u8_url": null,
        "is_streaming": false
      }
    },
    {
      "type": "Feature",
      "geometry": {
        "type": "Point",
        "coordinates": [
          -82.529459,
          35.427464
        ]
      },
      "properties": {
        "id": 1413,
        "name": "I-26 @ mm 41.5",
        "roadId": 62,
        "countyId": 11,
        "mileMarker": 41.5,
        "status": "OK",
        "snapshot_url": "https://eapps.ncdot.gov/services/traffic-prod/v1/cameras/images?filename=I26_mm41_5.jpg",
        "m3u8_url": null,
        "is_streaming": false
      }
    },
    {
      "type": "Feature",
      "geometry": {
        "type": "Point",
        "coordinates": [
          -78.567907,
          35.616679
        ]
      },
      "properties": {
        "id": 1414,
        "name": "I-40 @ mm 311",
        "roadId": 1,
        "countyId": 51,
        "mileMarker": 311.0,
        "status": "OK",
        "snapshot_url": "https://eapps.ncdot.gov/services/traffic-prod/v1/cameras/images?filename=I40_mm311.jpg",
        "m3u8_url": null,
        "is_streaming": false
      }
    },
    {
      "type": "Feature",
      "geometry": {
        "type": "Point",
        "coordinates": [
          -80.694084,
          35.346396
        ]
      },
      "properties": {
        "id": 1423,
        "name": "US 29",
        "roadId": 79,
        "countyId": 60,
        "mileMarker": null,
        "status": "OK",
        "snapshot_url": "https://eapps.ncdot.gov/services/traffic-prod/v1/cameras/images?filename=US29_SofHudspethRd.jpg",
        "m3u8_url": null,
        "is_streaming": false
      }
    },
    {
      "type": "Feature",
      "geometry": {
        "type": "Point",
        "coordinates": [
          -80.705203,
          35.339285
        ]
      },
      "properties": {
        "id": 1424,
        "name": "US 29",
        "roadId": 79,
        "countyId": 60,
        "mileMarker": null,
        "status": "OK",
        "snapshot_url": "https://eapps.ncdot.gov/services/traffic-prod/v1/cameras/images?filename=US29_SofMainDr.jpg",
        "m3u8_url": null,
        "is_streaming": false
      }
    },
    {
      "type": "Feature",
      "geometry": {
        "type": "Point",
        "coordinates": [
          -80.654771,
          35.436904
        ]
      },
      "properties": {
        "id": 1426,
        "name": "I-85 SB @ mm 55.15",
        "roadId": 2,
        "countyId": 13,
        "mileMarker": 55.15,
        "status": "OK",
        "snapshot_url": "https://eapps.ncdot.gov/services/traffic-prod/v1/cameras/images?filename=I85_mm55_15.jpg",
        "m3u8_url": null,
        "is_streaming": false
      }
    },
    {
      "type": "Feature",
      "geometry": {
        "type": "Point",
        "coordinates": [
          -80.70002,
          35.398923
        ]
      },
      "properties": {
        "id": 1427,
        "name": "I-85 SB @ mm 51.80",
        "roadId": 2,
        "countyId": 60,
        "mileMarker": 51.8,
        "status": "OK",
        "snapshot_url": "https://eapps.ncdot.gov/services/traffic-prod/v1/cameras/images?filename=I85_mm51_80.jpg",
        "m3u8_url": null,
        "is_streaming": false
      }
    },
    {
      "type": "Feature",
      "geometry": {
        "type": "Point",
        "coordinates": [
          -78.599906,
          35.808186
        ]
      },
      "properties": {
        "id": 1429,
        "name": "I-440 @ Yonkers Rd",
        "roadId": 233,
        "countyId": 92,
        "mileMarker": null,
        "status": "OK",
        "snapshot_url": "https://eapps.ncdot.gov/services/traffic-prod/v1/cameras/images?filename=I440_YonkersRd.jpg",
        "m3u8_url": null,
        "is_streaming": false
      }
    },
    {
      "type": "Feature",
      "geometry": {
        "type": "Point",
        "coordinates": [
          -78.675668,
          35.833093
        ]
      },
      "properties": {
        "id": 1430,
        "name": "I-440 @ Ridge Rd",
        "roadId": 233,
        "countyId": 92,
        "mileMarker": null,
        "status": "OK",
        "snapshot_url": "https://eapps.ncdot.gov/services/traffic-prod/v1/cameras/images?filename=I440_RidgeRd.jpg",
        "m3u8_url": null,
        "is_streaming": false
      }
    },
    {
      "type": "Feature",
      "geometry": {
        "type": "Point",
        "coordinates": [
          -80.691571,
          35.408754
        ]
      },
      "properties": {
        "id": 1431,
        "name": "I-85 @ mm 53.10",
        "roadId": 2,
        "countyId": 60,
        "mileMarker": 53.1,
        "status": "OK",
        "snapshot_url": "https://eapps.ncdot.gov/services/traffic-prod/v1/cameras/images?filename=I85_mm53_10.jpg",
        "m3u8_url": null,
        "is_streaming": false
      }
    },
    {
      "type": "Feature",
      "geometry": {
        "type": "Point",
        "coordinates": [
          -80.741208,
          35.340203
        ]
      },
      "properties": {
        "id": 1432,
        "name": "I-85 NB @ mm 47.25",
        "roadId": 2,
        "countyId": 60,
        "mileMarker": 47.25,
        "status": "OK",
        "snapshot_url": "https://eapps.ncdot.gov/services/traffic-prod/v1/cameras/images?filename=I85_mm47_25.jpg",
        "m3u8_url": null,
        "is_streaming": false
      }
    },
    {
      "type": "Feature",
      "geometry": {
        "type": "Point",
        "coordinates": [
          -80.848972,
          35.38666
        ]
      },
      "properties": {
        "id": 1433,
        "name": "I-77 @ mm 21.43",
        "roadId": 177,
        "countyId": 60,
        "mileMarker": 21.43,
        "status": "OK",
        "snapshot_url": "https://cfms.services.ncdot.gov/snapshots/chan-5281_h.jpg",
        "m3u8_url": null,
        "is_streaming": false
      }
    },
    {
      "type": "Feature",
      "geometry": {
        "type": "Point",
        "coordinates": [
          -79.928015,
          36.202826
        ]
      },
      "properties": {
        "id": 1437,
        "name": "I-73 @ NC 150",
        "roadId": 3846,
        "countyId": 41,
        "mileMarker": 116.0,
        "status": "OK",
        "snapshot_url": "https://eapps.ncdot.gov/services/traffic-prod/v1/cameras/images?filename=I73_NC150.jpg",
        "m3u8_url": null,
        "is_streaming": false
      }
    },
    {
      "type": "Feature",
      "geometry": {
        "type": "Point",
        "coordinates": [
          -78.626397,
          35.254385
        ]
      },
      "properties": {
        "id": 1475,
        "name": "I-95 @ Bud Hawkins Rd",
        "roadId": 117,
        "countyId": 43,
        "mileMarker": 70.0,
        "status": "OK",
        "snapshot_url": "https://cfss.services.ncdot.gov/snapshots/chan-5781_h.jpg",
        "m3u8_url": null,
        "is_streaming": false
      }
    },
    {
      "type": "Feature",
      "geometry": {
        "type": "Point",
        "coordinates": [
          -80.200136,
          36.05775
        ]
      },
      "properties": {
        "id": 1486,
        "name": "I-40 @ Willard Rd",
        "roadId": 1,
        "countyId": 34,
        "mileMarker": 195.5,
        "status": "OK",
        "snapshot_url": "https://eapps.ncdot.gov/services/traffic-prod/v1/cameras/images?filename=I40_WillardRd.jpg",
        "m3u8_url": null,
        "is_streaming": false
      }
    },
    {
      "type": "Feature",
      "geometry": {
        "type": "Point",
        "coordinates": [
          -78.893076,
          35.828269
        ]
      },
      "properties": {
        "id": 1489,
        "name": "Toll 540 @ McCrimmon Pkwy",
        "roadId": 3852,
        "countyId": 92,
        "mileMarker": null,
        "status": "OK",
        "snapshot_url": "https://eapps.ncdot.gov/services/traffic-prod/v1/cameras/images?filename=Toll540_McCrimmonRd.jpg",
        "m3u8_url": null,
        "is_streaming": false
      }
    },
    {
      "type": "Feature",
      "geometry": {
        "type": "Point",
        "coordinates": [
          -80.21345836599224,
          36.058130371172695
        ]
      },
      "properties": {
        "id": 1490,
        "name": "I-40 @ Thomasville Rd",
        "roadId": 1,
        "countyId": 34,
        "mileMarker": 195.0,
        "status": "OK",
        "snapshot_url": "https://eapps.ncdot.gov/services/traffic-prod/v1/cameras/images?filename=I40_ThomasvilleRd.jpg",
        "m3u8_url": null,
        "is_streaming": false
      }
    },
    {
      "type": "Feature",
      "geometry": {
        "type": "Point",
        "coordinates": [
          -78.892618,
          35.809251
        ]
      },
      "properties": {
        "id": 1494,
        "name": "Toll 540 @ Morrisvile Pkwy",
        "roadId": 0,
        "countyId": 92,
        "mileMarker": null,
        "status": "OK",
        "snapshot_url": "https://eapps.ncdot.gov/services/traffic-prod/v1/cameras/images?filename=Toll540_MorrisvillePkwy.jpg",
        "m3u8_url": null,
        "is_streaming": false
      }
    },
    {
      "type": "Feature",
      "geometry": {
        "type": "Point",
        "coordinates": [
          -79.833973,
          36.141404
        ]
      },
      "properties": {
        "id": 1495,
        "name": "I-840 @ Lawndale Dr W",
        "roadId": 3833,
        "countyId": 41,
        "mileMarker": null,
        "status": "OK",
        "snapshot_url": "https://eapps.ncdot.gov/services/traffic-prod/v1/cameras/images?filename=I840_WLawndaleDr.jpg",
        "m3u8_url": null,
        "is_streaming": false
      }
    },
    {
      "type": "Feature",
      "geometry": {
        "type": "Point",
        "coordinates": [
          -79.83320854399157,
          36.14157895489865
        ]
      },
      "properties": {
        "id": 1496,
        "name": "I-840 @ Lawndale Dr E",
        "roadId": 3833,
        "countyId": 41,
        "mileMarker": null,
        "status": "OK",
        "snapshot_url": "https://eapps.ncdot.gov/services/traffic-prod/v1/cameras/images?filename=I840_ELawndaleDr.jpg",
        "m3u8_url": null,
        "is_streaming": false
      }
    },
    {
      "type": "Feature",
      "geometry": {
        "type": "Point",
        "coordinates": [
          -79.847458,
          36.138369
        ]
      },
      "properties": {
        "id": 1497,
        "name": "I-840 @ Lake Brandt Rd",
        "roadId": 3833,
        "countyId": 41,
        "mileMarker": null,
        "status": "OK",
        "snapshot_url": "https://eapps.ncdot.gov/services/traffic-prod/v1/cameras/images?filename=I840_LakeBrandtRd.jpg",
        "m3u8_url": null,
        "is_streaming": false
      }
    },
    {
      "type": "Feature",
      "geometry": {
        "type": "Point",
        "coordinates": [
          -80.404856,
          36.022792
        ]
      },
      "properties": {
        "id": 1498,
        "name": "I-40 @ Harper Rd",
        "roadId": 1,
        "countyId": 34,
        "mileMarker": 180.0,
        "status": "OK",
        "snapshot_url": "https://eapps.ncdot.gov/services/traffic-prod/v1/cameras/images?filename=I40_HarperRd.jpg",
        "m3u8_url": null,
        "is_streaming": false
      }
    },
    {
      "type": "Feature",
      "geometry": {
        "type": "Point",
        "coordinates": [
          -81.01396,
          35.246837
        ]
      },
      "properties": {
        "id": 1499,
        "name": "Wilkinson Blvd @ Hazeleen Ave",
        "roadId": 0,
        "countyId": 36,
        "mileMarker": null,
        "status": "OK",
        "snapshot_url": "https://eapps.ncdot.gov/services/traffic-prod/v1/cameras/images?filename=WilkinsonBlvd_HazeleenAve.jpg",
        "m3u8_url": null,
        "is_streaming": false
      }
    },
    {
      "type": "Feature",
      "geometry": {
        "type": "Point",
        "coordinates": [
          -81.033088,
          35.252231
        ]
      },
      "properties": {
        "id": 1500,
        "name": "Wilkinson Blvd @ Hawley Ave",
        "roadId": 0,
        "countyId": 36,
        "mileMarker": null,
        "status": "OK",
        "snapshot_url": "https://eapps.ncdot.gov/services/traffic-prod/v1/cameras/images?filename=WilkinsonBlvd_HawleyAve.jpg",
        "m3u8_url": null,
        "is_streaming": false
      }
    },
    {
      "type": "Feature",
      "geometry": {
        "type": "Point",
        "coordinates": [
          -81.028544,
          35.251612
        ]
      },
      "properties": {
        "id": 1503,
        "name": "Wilkinson Blvd @ NC 273",
        "roadId": 0,
        "countyId": 36,
        "mileMarker": null,
        "status": "OK",
        "snapshot_url": "https://eapps.ncdot.gov/services/traffic-prod/v1/cameras/images?filename=WilkinsonBlvd_NC273.jpg",
        "m3u8_url": null,
        "is_streaming": false
      }
    },
    {
      "type": "Feature",
      "geometry": {
        "type": "Point",
        "coordinates": [
          -81.026741,
          35.256246
        ]
      },
      "properties": {
        "id": 1504,
        "name": "I-85 NB Ramps @ NC 273",
        "roadId": 0,
        "countyId": 36,
        "mileMarker": null,
        "status": "OK",
        "snapshot_url": "https://eapps.ncdot.gov/services/traffic-prod/v1/cameras/images?filename=I85Ramps_NC273.jpg",
        "m3u8_url": null,
        "is_streaming": false
      }
    },
    {
      "type": "Feature",
      "geometry": {
        "type": "Point",
        "coordinates": [
          -80.57341862002563,
          35.5349172769192
        ]
      },
      "properties": {
        "id": 1506,
        "name": "I-85 @ Old Beatty Ford Rd",
        "roadId": 2,
        "countyId": 80,
        "mileMarker": 65.0,
        "status": "OK",
        "snapshot_url": "https://eapps.ncdot.gov/services/traffic-prod/v1/cameras/images?filename=I85_OldBeattyFordRd.jpg",
        "m3u8_url": null,
        "is_streaming": false
      }
    },
    {
      "type": "Feature",
      "geometry": {
        "type": "Point",
        "coordinates": [
          -80.15605366294419,
          36.14606891903057
        ]
      },
      "properties": {
        "id": 1508,
        "name": "I-74 Beltway NB @ US158",
        "roadId": 3834,
        "countyId": 34,
        "mileMarker": null,
        "status": "OK",
        "snapshot_url": "https://eapps.ncdot.gov/services/traffic-prod/v1/cameras/images?filename=I74Beltway_US158.jpg",
        "m3u8_url": null,
        "is_streaming": false
      }
    },
    {
      "type": "Feature",
      "geometry": {
        "type": "Point",
        "coordinates": [
          -80.1343852070923,
          36.13498554782804
        ]
      },
      "properties": {
        "id": 1509,
        "name": "I-74 Beltway NB @ Martin Mill Creek",
        "roadId": 3834,
        "countyId": 34,
        "mileMarker": null,
        "status": "OK",
        "snapshot_url": "https://eapps.ncdot.gov/services/traffic-prod/v1/cameras/images?filename=I74Beltway_MartinMillCreek.jpg",
        "m3u8_url": null,
        "is_streaming": false
      }
    },
    {
      "type": "Feature",
      "geometry": {
        "type": "Point",
        "coordinates": [
          -80.12977052012634,
          36.12860581314895
        ]
      },
      "properties": {
        "id": 1510,
        "name": "I-74 Beltway NB @ W Mountain St",
        "roadId": 3834,
        "countyId": 34,
        "mileMarker": null,
        "status": "OK",
        "snapshot_url": "https://eapps.ncdot.gov/services/traffic-prod/v1/cameras/images?filename=I74Beltway_MountainSt.jpg",
        "m3u8_url": null,
        "is_streaming": false
      }
    },
    {
      "type": "Feature",
      "geometry": {
        "type": "Point",
        "coordinates": [
          -80.12949328700256,
          36.11303727183055
        ]
      },
      "properties": {
        "id": 1511,
        "name": "US 421 @ I-74 Beltway N",
        "roadId": 57,
        "countyId": 34,
        "mileMarker": 226.0,
        "status": "OK",
        "snapshot_url": "https://eapps.ncdot.gov/services/traffic-prod/v1/cameras/images?filename=US421_I74Beltway_N.jpg",
        "m3u8_url": null,
        "is_streaming": false
      }
    },
    {
      "type": "Feature",
      "geometry": {
        "type": "Point",
        "coordinates": [
          -80.12959149161533,
          36.112626782501415
        ]
      },
      "properties": {
        "id": 1512,
        "name": "US 421 @ I-74 Beltway S",
        "roadId": 57,
        "countyId": 34,
        "mileMarker": 226.0,
        "status": "OK",
        "snapshot_url": "https://eapps.ncdot.gov/services/traffic-prod/v1/cameras/images?filename=US421_I74Beltway_S.jpg",
        "m3u8_url": null,
        "is_streaming": false
      }
    },
    {
      "type": "Feature",
      "geometry": {
        "type": "Point",
        "coordinates": [
          -80.16739873464448,
          36.14970307998449
        ]
      },
      "properties": {
        "id": 1514,
        "name": "I-74 Beltway @ Williston Rd",
        "roadId": 3834,
        "countyId": 34,
        "mileMarker": null,
        "status": "OK",
        "snapshot_url": "https://eapps.ncdot.gov/services/traffic-prod/v1/cameras/images?filename=I74Beltway_WillistonRd.jpg",
        "m3u8_url": null,
        "is_streaming": false
      }
    },
    {
      "type": "Feature",
      "geometry": {
        "type": "Point",
        "coordinates": [
          -80.17972879687501,
          36.15266333586343
        ]
      },
      "properties": {
        "id": 1515,
        "name": "I-74 Beltway @ US311",
        "roadId": 3834,
        "countyId": 34,
        "mileMarker": null,
        "status": "OK",
        "snapshot_url": "https://eapps.ncdot.gov/services/traffic-prod/v1/cameras/images?filename=I74Beltway_US311.jpg",
        "m3u8_url": null,
        "is_streaming": false
      }
    },
    {
      "type": "Feature",
      "geometry": {
        "type": "Point",
        "coordinates": [
          -78.72808,
          35.912511
        ]
      },
      "properties": {
        "id": 1521,
        "name": "I-540 @ Leesville Ramp",
        "roadId": 0,
        "countyId": 92,
        "mileMarker": 7.0,
        "status": "OK",
        "snapshot_url": "https://eapps.ncdot.gov/services/traffic-prod/v1/cameras/images?filename=I540_LeesvilleRamp.jpg",
        "m3u8_url": null,
        "is_streaming": false
      }
    },
    {
      "type": "Feature",
      "geometry": {
        "type": "Point",
        "coordinates": [
          -78.68220377246094,
          35.91552795494661
        ]
      },
      "properties": {
        "id": 1522,
        "name": "I-540 @ Creedmore Ramp",
        "roadId": 3814,
        "countyId": 92,
        "mileMarker": null,
        "status": "OK",
        "snapshot_url": "https://eapps.ncdot.gov/services/traffic-prod/v1/cameras/images?filename=I540_CreedmoorRamp.jpg",
        "m3u8_url": null,
        "is_streaming": false
      }
    },
    {
      "type": "Feature",
      "geometry": {
        "type": "Point",
        "coordinates": [
          -80.22561346552838,
          36.06198477936204
        ]
      },
      "properties": {
        "id": 1523,
        "name": "I-40 @ Old Lexington",
        "roadId": 1,
        "countyId": 34,
        "mileMarker": null,
        "status": "OK",
        "snapshot_url": "https://eapps.ncdot.gov/services/traffic-prod/v1/cameras/images?filename=I40_Old Lexington.jpg",
        "m3u8_url": null,
        "is_streaming": false
      }
    },
    {
      "type": "Feature",
      "geometry": {
        "type": "Point",
        "coordinates": [
          -82.54488490674592,
          35.570146895622536
        ]
      },
      "properties": {
        "id": 1525,
        "name": "Biltmore Ave @ Meadow Rd",
        "roadId": 0,
        "countyId": 11,
        "mileMarker": null,
        "status": "OK",
        "snapshot_url": "https://eapps.ncdot.gov/services/traffic-prod/v1/cameras/images?filename=BiltmoreAve_MeadowRd.jpg",
        "m3u8_url": null,
        "is_streaming": false
      }
    },
    {
      "type": "Feature",
      "geometry": {
        "type": "Point",
        "coordinates": [
          -82.464242,
          35.580456
        ]
      },
      "properties": {
        "id": 1527,
        "name": "I-40 @ mm 55",
        "roadId": 1,
        "countyId": 11,
        "mileMarker": 55.0,
        "status": "OK",
        "snapshot_url": "https://eapps.ncdot.gov/services/traffic-prod/v1/cameras/images?filename=I40_mm55.jpg",
        "m3u8_url": null,
        "is_streaming": false
      }
    },
    {
      "type": "Feature",
      "geometry": {
        "type": "Point",
        "coordinates": [
          -82.638057,
          35.559458
        ]
      },
      "properties": {
        "id": 1528,
        "name": "I-40 @ mm 44",
        "roadId": 1,
        "countyId": 11,
        "mileMarker": 44.0,
        "status": "OK",
        "snapshot_url": "https://eapps.ncdot.gov/services/traffic-prod/v1/cameras/images?filename=I40_mm44.jpg",
        "m3u8_url": null,
        "is_streaming": false
      }
    },
    {
      "type": "Feature",
      "geometry": {
        "type": "Point",
        "coordinates": [
          -82.623721,
          35.557338
        ]
      },
      "properties": {
        "id": 1529,
        "name": "I-40 @ mm 45",
        "roadId": 1,
        "countyId": 11,
        "mileMarker": 45.0,
        "status": "OK",
        "snapshot_url": "https://eapps.ncdot.gov/services/traffic-prod/v1/cameras/images?filename=I40_mm45.jpg",
        "m3u8_url": null,
        "is_streaming": false
      }
    },
    {
      "type": "Feature",
      "geometry": {
        "type": "Point",
        "coordinates": [
          -82.56537947790402,
          35.593105232994
        ]
      },
      "properties": {
        "id": 1534,
        "name": "I-240 @ Exit 4B",
        "roadId": 63,
        "countyId": 11,
        "mileMarker": 4.0,
        "status": "OK",
        "snapshot_url": "https://eapps.ncdot.gov/services/traffic-prod/v1/cameras/images?filename=I240_mm4B.jpg",
        "m3u8_url": null,
        "is_streaming": false
      }
    },
    {
      "type": "Feature",
      "geometry": {
        "type": "Point",
        "coordinates": [
          -82.5229417607479,
          35.58569896236894
        ]
      },
      "properties": {
        "id": 1535,
        "name": "I-240 @ mm 7",
        "roadId": 63,
        "countyId": 11,
        "mileMarker": 7.0,
        "status": "OK",
        "snapshot_url": "https://eapps.ncdot.gov/services/traffic-prod/v1/cameras/images?filename=I240_mm7.jpg",
        "m3u8_url": null,
        "is_streaming": false
      }
    },
    {
      "type": "Feature",
      "geometry": {
        "type": "Point",
        "coordinates": [
          -82.573287,
          35.614714
        ]
      },
      "properties": {
        "id": 1536,
        "name": "I-26 @ Broadway St",
        "roadId": 62,
        "countyId": 11,
        "mileMarker": 25.0,
        "status": "OK",
        "snapshot_url": "https://eapps.ncdot.gov/services/traffic-prod/v1/cameras/images?filename=I26_Broadway.jpg",
        "m3u8_url": null,
        "is_streaming": false
      }
    },
    {
      "type": "Feature",
      "geometry": {
        "type": "Point",
        "coordinates": [
          -82.54668696593555,
          35.60059106454562
        ]
      },
      "properties": {
        "id": 1537,
        "name": "I-240 @ Charlotte St",
        "roadId": 63,
        "countyId": 11,
        "mileMarker": 5.0,
        "status": "OK",
        "snapshot_url": "https://eapps.ncdot.gov/services/traffic-prod/v1/cameras/images?filename=I240_CharlotteSt.jpg",
        "m3u8_url": null,
        "is_streaming": false
      }
    },
    {
      "type": "Feature",
      "geometry": {
        "type": "Point",
        "coordinates": [
          -82.559847,
          35.596785
        ]
      },
      "properties": {
        "id": 1539,
        "name": "I-240 @ Montford Ave",
        "roadId": 63,
        "countyId": 11,
        "mileMarker": 4.0,
        "status": "OK",
        "snapshot_url": "https://eapps.ncdot.gov/services/traffic-prod/v1/cameras/images?filename=I240_MontfordAve.jpg",
        "m3u8_url": null,
        "is_streaming": false
      }
    },
    {
      "type": "Feature",
      "geometry": {
        "type": "Point",
        "coordinates": [
          -82.57967864711367,
          35.58951098953363
        ]
      },
      "properties": {
        "id": 1540,
        "name": "I-240 @ mm 3",
        "roadId": 63,
        "countyId": 11,
        "mileMarker": 3.0,
        "status": "OK",
        "snapshot_url": "https://eapps.ncdot.gov/services/traffic-prod/v1/cameras/images?filename=I240_mm3.jpg",
        "m3u8_url": null,
        "is_streaming": false
      }
    },
    {
      "type": "Feature",
      "geometry": {
        "type": "Point",
        "coordinates": [
          -82.59379673669325,
          35.564162503812675
        ]
      },
      "properties": {
        "id": 1542,
        "name": "I-240 @ NC 191",
        "roadId": 63,
        "countyId": 11,
        "mileMarker": 1.0,
        "status": "OK",
        "snapshot_url": "https://eapps.ncdot.gov/services/traffic-prod/v1/cameras/images?filename=I240_NC191.jpg",
        "m3u8_url": null,
        "is_streaming": false
      }
    },
    {
      "type": "Feature",
      "geometry": {
        "type": "Point",
        "coordinates": [
          -82.60500708265965,
          35.545487169964524
        ]
      },
      "properties": {
        "id": 1543,
        "name": "I-26 @ Pond Rd",
        "roadId": 62,
        "countyId": 11,
        "mileMarker": 31.0,
        "status": "OK",
        "snapshot_url": "https://eapps.ncdot.gov/services/traffic-prod/v1/cameras/images?filename=I26_PondRd.jpg",
        "m3u8_url": null,
        "is_streaming": false
      }
    },
    {
      "type": "Feature",
      "geometry": {
        "type": "Point",
        "coordinates": [
          -82.60240289706421,
          35.53430627831147
        ]
      },
      "properties": {
        "id": 1544,
        "name": "I-26 @ NC 191",
        "roadId": 62,
        "countyId": 11,
        "mileMarker": 33.0,
        "status": "OK",
        "snapshot_url": "https://eapps.ncdot.gov/services/traffic-prod/v1/cameras/images?filename=I26_NC191.jpg",
        "m3u8_url": null,
        "is_streaming": false
      }
    },
    {
      "type": "Feature",
      "geometry": {
        "type": "Point",
        "coordinates": [
          -82.5241572364843,
          35.503505305201635
        ]
      },
      "properties": {
        "id": 1545,
        "name": "US25 @ Gerber Village",
        "roadId": 65,
        "countyId": 11,
        "mileMarker": null,
        "status": "OK",
        "snapshot_url": "https://eapps.ncdot.gov/services/traffic-prod/v1/cameras/images?filename=US25_GerberVillage.jpg",
        "m3u8_url": null,
        "is_streaming": false
      }
    },
    {
      "type": "Feature",
      "geometry": {
        "type": "Point",
        "coordinates": [
          -82.53522917956542,
          35.44056557287772
        ]
      },
      "properties": {
        "id": 1546,
        "name": "I-26 @ Airport Rd",
        "roadId": 62,
        "countyId": 11,
        "mileMarker": 40.0,
        "status": "OK",
        "snapshot_url": "https://eapps.ncdot.gov/services/traffic-prod/v1/cameras/images?filename=I26_NC280.jpg",
        "m3u8_url": null,
        "is_streaming": false
      }
    },
    {
      "type": "Feature",
      "geometry": {
        "type": "Point",
        "coordinates": [
          -82.52562792234419,
          35.484766282900914
        ]
      },
      "properties": {
        "id": 1547,
        "name": "US25 @ Long Shoals Rd",
        "roadId": 65,
        "countyId": 11,
        "mileMarker": null,
        "status": "OK",
        "snapshot_url": "https://eapps.ncdot.gov/services/traffic-prod/v1/cameras/images?filename=US25_NC146.jpg",
        "m3u8_url": null,
        "is_streaming": false
      }
    },
    {
      "type": "Feature",
      "geometry": {
        "type": "Point",
        "coordinates": [
          -82.50870752612306,
          35.39911803118475
        ]
      },
      "properties": {
        "id": 1548,
        "name": "I-26 @ US25",
        "roadId": 62,
        "countyId": 11,
        "mileMarker": 44.0,
        "status": "OK",
        "snapshot_url": "https://eapps.ncdot.gov/services/traffic-prod/v1/cameras/images?filename=I26_US25.jpg",
        "m3u8_url": null,
        "is_streaming": false
      }
    },
    {
      "type": "Feature",
      "geometry": {
        "type": "Point",
        "coordinates": [
          -82.511898,
          35.459794
        ]
      },
      "properties": {
        "id": 1549,
        "name": "US 25 @ Airport Rd",
        "roadId": 65,
        "countyId": 11,
        "mileMarker": null,
        "status": "OK",
        "snapshot_url": "https://eapps.ncdot.gov/services/traffic-prod/v1/cameras/images?filename=US25_NC280.jpg",
        "m3u8_url": null,
        "is_streaming": false
      }
    },
    {
      "type": "Feature",
      "geometry": {
        "type": "Point",
        "coordinates": [
          -80.866623,
          35.504425
        ]
      },
      "properties": {
        "id": 1550,
        "name": "I-77 @ mm30",
        "roadId": 177,
        "countyId": 60,
        "mileMarker": 30.0,
        "status": "OK",
        "snapshot_url": "https://cfss.services.ncdot.gov/snapshots/chan-5299_h.jpg",
        "m3u8_url": null,
        "is_streaming": false
      }
    },
    {
      "type": "Feature",
      "geometry": {
        "type": "Point",
        "coordinates": [
          -80.811021,
          35.277284
        ]
      },
      "properties": {
        "id": 1552,
        "name": "I-85 @ Graham St",
        "roadId": 2,
        "countyId": 60,
        "mileMarker": 40.0,
        "status": "OK",
        "snapshot_url": "https://cfms.services.ncdot.gov/snapshots/chan-5162_h.jpg",
        "m3u8_url": null,
        "is_streaming": false
      }
    },
    {
      "type": "Feature",
      "geometry": {
        "type": "Point",
        "coordinates": [
          -77.4384262323451,
          35.60819704055891
        ]
      },
      "properties": {
        "id": 1553,
        "name": "NC11 Byp @ US-264",
        "roadId": 34,
        "countyId": 74,
        "mileMarker": null,
        "status": "OK",
        "snapshot_url": "https://eapps.ncdot.gov/services/traffic-prod/v1/cameras/images?filename=NC11Byp_US264.jpg",
        "m3u8_url": null,
        "is_streaming": false
      }
    },
    {
      "type": "Feature",
      "geometry": {
        "type": "Point",
        "coordinates": [
          -77.46233048284357,
          35.561018819031226
        ]
      },
      "properties": {
        "id": 1554,
        "name": "NC11 Byp @ US264 Alt",
        "roadId": 3821,
        "countyId": 74,
        "mileMarker": null,
        "status": "OK",
        "snapshot_url": "https://eapps.ncdot.gov/services/traffic-prod/v1/cameras/images?filename=NC11Byp_US264Alt.jpg",
        "m3u8_url": null,
        "is_streaming": false
      }
    },
    {
      "type": "Feature",
      "geometry": {
        "type": "Point",
        "coordinates": [
          -77.36301827708435,
          35.65937892056377
        ]
      },
      "properties": {
        "id": 1555,
        "name": "NC11 Byp @ NC 102",
        "roadId": 0,
        "countyId": 74,
        "mileMarker": null,
        "status": "OK",
        "snapshot_url": "https://eapps.ncdot.gov/services/traffic-prod/v1/cameras/images?filename=NC11Byp_NC102.jpg",
        "m3u8_url": null,
        "is_streaming": false
      }
    },
    {
      "type": "Feature",
      "geometry": {
        "type": "Point",
        "coordinates": [
          -77.805557,
          35.672679
        ]
      },
      "properties": {
        "id": 1558,
        "name": "US 264 @ US 264 Alt",
        "roadId": 34,
        "countyId": 98,
        "mileMarker": 53.0,
        "status": "OK",
        "snapshot_url": "https://eapps.ncdot.gov/services/traffic-prod/v1/cameras/images?filename=US264_NC111.jpg",
        "m3u8_url": null,
        "is_streaming": false
      }
    },
    {
      "type": "Feature",
      "geometry": {
        "type": "Point",
        "coordinates": [
          -82.58149971305366,
          35.64502336165144
        ]
      },
      "properties": {
        "id": 1560,
        "name": "I-26 @ mm 23",
        "roadId": 62,
        "countyId": 11,
        "mileMarker": 23.0,
        "status": "OK",
        "snapshot_url": "https://eapps.ncdot.gov/services/traffic-prod/v1/cameras/images?filename=I26_US19.jpg",
        "m3u8_url": null,
        "is_streaming": false
      }
    },
    {
      "type": "Feature",
      "geometry": {
        "type": "Point",
        "coordinates": [
          -78.57670634070587,
          35.87581244111732
        ]
      },
      "properties": {
        "id": 1562,
        "name": "I-540 @ Capital Blvd",
        "roadId": 29,
        "countyId": 92,
        "mileMarker": null,
        "status": "OK",
        "snapshot_url": "https://eapps.ncdot.gov/services/traffic-prod/v1/cameras/images?filename=I540_CapitalBlvd.JPG",
        "m3u8_url": null,
        "is_streaming": false
      }
    },
    {
      "type": "Feature",
      "geometry": {
        "type": "Point",
        "coordinates": [
          -80.55700350085449,
          35.57201247963929
        ]
      },
      "properties": {
        "id": 1563,
        "name": "I-85 @ NC 152",
        "roadId": 2,
        "countyId": 80,
        "mileMarker": 68.0,
        "status": "OK",
        "snapshot_url": "https://eapps.ncdot.gov/services/traffic-prod/v1/cameras/images?filename=I85_NC152.jpg",
        "m3u8_url": null,
        "is_streaming": false
      }
    },
    {
      "type": "Feature",
      "geometry": {
        "type": "Point",
        "coordinates": [
          -80.57086515704346,
          35.55361339043532
        ]
      },
      "properties": {
        "id": 1564,
        "name": "I-85 @ Pine Ridge Rd",
        "roadId": 2,
        "countyId": 80,
        "mileMarker": null,
        "status": "OK",
        "snapshot_url": "https://eapps.ncdot.gov/services/traffic-prod/v1/cameras/images?filename=I85_PineRidgeRd.jpg",
        "m3u8_url": null,
        "is_streaming": false
      }
    },
    {
      "type": "Feature",
      "geometry": {
        "type": "Point",
        "coordinates": [
          -80.56381117417261,
          35.57264233435144
        ]
      },
      "properties": {
        "id": 1565,
        "name": "US 29 @ NC 152",
        "roadId": 79,
        "countyId": 80,
        "mileMarker": null,
        "status": "OK",
        "snapshot_url": "https://eapps.ncdot.gov/services/traffic-prod/v1/cameras/images?filename=US29_NC152.jpg",
        "m3u8_url": null,
        "is_streaming": false
      }
    },
    {
      "type": "Feature",
      "geometry": {
        "type": "Point",
        "coordinates": [
          -77.952418,
          35.678846
        ]
      },
      "properties": {
        "id": 1566,
        "name": "US 264 @ mm 43",
        "roadId": 34,
        "countyId": 98,
        "mileMarker": 43.0,
        "status": "OK",
        "snapshot_url": "https://eapps.ncdot.gov/services/traffic-prod/v1/cameras/images?filename=US264_mm43.jpg",
        "m3u8_url": null,
        "is_streaming": false
      }
    },
    {
      "type": "Feature",
      "geometry": {
        "type": "Point",
        "coordinates": [
          -82.50580920179239,
          35.442157006175115
        ]
      },
      "properties": {
        "id": 1568,
        "name": "US 25 @ Old Airport Rd",
        "roadId": 65,
        "countyId": 11,
        "mileMarker": null,
        "status": "OK",
        "snapshot_url": "https://eapps.ncdot.gov/services/traffic-prod/v1/cameras/images?filename=US25_OldAirportRd.jpg",
        "m3u8_url": null,
        "is_streaming": false
      }
    },
    {
      "type": "Feature",
      "geometry": {
        "type": "Point",
        "coordinates": [
          -82.57641598442885,
          35.509657293407024
        ]
      },
      "properties": {
        "id": 1569,
        "name": "I-26 @ mm 35",
        "roadId": 62,
        "countyId": 11,
        "mileMarker": 35.0,
        "status": "OK",
        "snapshot_url": "https://eapps.ncdot.gov/services/traffic-prod/v1/cameras/images?filename=I26_mm35.jpg",
        "m3u8_url": null,
        "is_streaming": false
      }
    },
    {
      "type": "Feature",
      "geometry": {
        "type": "Point",
        "coordinates": [
          -82.52785948130774,
          35.533788522796144
        ]
      },
      "properties": {
        "id": 1570,
        "name": "US-25 @ Rock Hill Rd",
        "roadId": 0,
        "countyId": 11,
        "mileMarker": null,
        "status": "OK",
        "snapshot_url": "https://eapps.ncdot.gov/services/traffic-prod/v1/cameras/images?filename=US25_RockHillRd.jpg",
        "m3u8_url": null,
        "is_streaming": false
      }
    },
    {
      "type": "Feature",
      "geometry": {
        "type": "Point",
        "coordinates": [
          -80.19399250308234,
          36.10159038522253
        ]
      },
      "properties": {
        "id": 1574,
        "name": "US 421 @ US 158",
        "roadId": 57,
        "countyId": 34,
        "mileMarker": 230.0,
        "status": "OK",
        "snapshot_url": "https://eapps.ncdot.gov/services/traffic-prod/v1/cameras/images?filename=US421_US158.jpg",
        "m3u8_url": null,
        "is_streaming": false
      }
    },
    {
      "type": "Feature",
      "geometry": {
        "type": "Point",
        "coordinates": [
          -78.531769,
          35.855108
        ]
      },
      "properties": {
        "id": 1576,
        "name": "I-540 @ Neuse River Bridge",
        "roadId": 3814,
        "countyId": 92,
        "mileMarker": 19.0,
        "status": "OK",
        "snapshot_url": "https://eapps.ncdot.gov/services/traffic-prod/v1/cameras/images?filename=I540_Neuse_River.jpg",
        "m3u8_url": null,
        "is_streaming": false
      }
    },
    {
      "type": "Feature",
      "geometry": {
        "type": "Point",
        "coordinates": [
          -78.55002206498817,
          35.687363578170725
        ]
      },
      "properties": {
        "id": 1579,
        "name": "US 70 @ Auburn-Knightdale Rd",
        "roadId": 3,
        "countyId": 92,
        "mileMarker": null,
        "status": "OK",
        "snapshot_url": "https://eapps.ncdot.gov/services/traffic-prod/v1/cameras/images?filename=US70_AuburnRd.jpg",
        "m3u8_url": null,
        "is_streaming": false
      }
    },
    {
      "type": "Feature",
      "geometry": {
        "type": "Point",
        "coordinates": [
          -80.30702877322389,
          36.08408072083339
        ]
      },
      "properties": {
        "id": 1581,
        "name": "US 421 @ Silas Creek Parkway",
        "roadId": 57,
        "countyId": 34,
        "mileMarker": null,
        "status": "OK",
        "snapshot_url": "https://eapps.ncdot.gov/services/traffic-prod/v1/cameras/images?filename=US421_SilasCreekPkwy.jpg",
        "m3u8_url": null,
        "is_streaming": false
      }
    },
    {
      "type": "Feature",
      "geometry": {
        "type": "Point",
        "coordinates": [
          -80.24056721011354,
          36.09302653308353
        ]
      },
      "properties": {
        "id": 1582,
        "name": "US 421 @ Cemetery St",
        "roadId": 57,
        "countyId": 34,
        "mileMarker": null,
        "status": "OK",
        "snapshot_url": "https://eapps.ncdot.gov/services/traffic-prod/v1/cameras/images?filename=US421_Cemetery.jpg",
        "m3u8_url": null,
        "is_streaming": false
      }
    },
    {
      "type": "Feature",
      "geometry": {
        "type": "Point",
        "coordinates": [
          -80.26498067656708,
          36.09144912645306
        ]
      },
      "properties": {
        "id": 1583,
        "name": "US 421 @ Corona St",
        "roadId": 57,
        "countyId": 34,
        "mileMarker": null,
        "status": "OK",
        "snapshot_url": "https://eapps.ncdot.gov/services/traffic-prod/v1/cameras/images?filename=US421_LocklandAve.jpg",
        "m3u8_url": null,
        "is_streaming": false
      }
    },
    {
      "type": "Feature",
      "geometry": {
        "type": "Point",
        "coordinates": [
          -80.25787282267761,
          36.089303150361864
        ]
      },
      "properties": {
        "id": 1584,
        "name": "US 421 @ Peters Creek Parkway",
        "roadId": 57,
        "countyId": 34,
        "mileMarker": null,
        "status": "OK",
        "snapshot_url": "https://eapps.ncdot.gov/services/traffic-prod/v1/cameras/images?filename=US421_PetersCreekPkwy.jpg",
        "m3u8_url": null,
        "is_streaming": false
      }
    },
    {
      "type": "Feature",
      "geometry": {
        "type": "Point",
        "coordinates": [
          -80.25189028434424,
          36.09200547043155
        ]
      },
      "properties": {
        "id": 1585,
        "name": "US 421 @ Broad St",
        "roadId": 57,
        "countyId": 34,
        "mileMarker": null,
        "status": "OK",
        "snapshot_url": "https://eapps.ncdot.gov/services/traffic-prod/v1/cameras/images?filename=US421_BroadSt.jpg",
        "m3u8_url": null,
        "is_streaming": false
      }
    },
    {
      "type": "Feature",
      "geometry": {
        "type": "Point",
        "coordinates": [
          -80.2432279614563,
          36.09383684843394
        ]
      },
      "properties": {
        "id": 1586,
        "name": "US 421 @ Main St",
        "roadId": 57,
        "countyId": 34,
        "mileMarker": null,
        "status": "OK",
        "snapshot_url": "https://eapps.ncdot.gov/services/traffic-prod/v1/cameras/images?filename=US421_MainSt.jpg",
        "m3u8_url": null,
        "is_streaming": false
      }
    },
    {
      "type": "Feature",
      "geometry": {
        "type": "Point",
        "coordinates": [
          -79.81426079061478,
          36.1419964211118
        ]
      },
      "properties": {
        "id": 1587,
        "name": "I-840 @ Lake Jeanette Rd",
        "roadId": 3833,
        "countyId": 41,
        "mileMarker": null,
        "status": "OK",
        "snapshot_url": "https://eapps.ncdot.gov/services/traffic-prod/v1/cameras/images?filename=I840_LakeJeanette.jpg",
        "m3u8_url": null,
        "is_streaming": false
      }
    },
    {
      "type": "Feature",
      "geometry": {
        "type": "Point",
        "coordinates": [
          -80.2902631787415,
          36.09044175480425
        ]
      },
      "properties": {
        "id": 1588,
        "name": "US 421 @ Westview Dr",
        "roadId": 57,
        "countyId": 34,
        "mileMarker": null,
        "status": "OK",
        "snapshot_url": "https://eapps.ncdot.gov/services/traffic-prod/v1/cameras/images?filename=US421_WestviewDr.jpg",
        "m3u8_url": null,
        "is_streaming": false
      }
    },
    {
      "type": "Feature",
      "geometry": {
        "type": "Point",
        "coordinates": [
          -76.706915,
          34.720883
        ]
      },
      "properties": {
        "id": 1590,
        "name": "US70 @ 4th St",
        "roadId": 3,
        "countyId": 7,
        "mileMarker": null,
        "status": "OK",
        "snapshot_url": "https://eapps.ncdot.gov/services/traffic-prod/v1/cameras/images?filename=US70_4thSt_Morehead",
        "m3u8_url": null,
        "is_streaming": false
      }
    },
    {
      "type": "Feature",
      "geometry": {
        "type": "Point",
        "coordinates": [
          -77.858618,
          35.674775
        ]
      },
      "properties": {
        "id": 1594,
        "name": "US264_EXIT49_NC58",
        "roadId": 34,
        "countyId": 98,
        "mileMarker": 49.0,
        "status": "OK",
        "snapshot_url": "https://eapps.ncdot.gov/services/traffic-prod/v1/cameras/images?filename=US264_EXIT49_NC58.jpg",
        "m3u8_url": null,
        "is_streaming": false
      }
    },
    {
      "type": "Feature",
      "geometry": {
        "type": "Point",
        "coordinates": [
          -82.5386307356343,
          35.421488798256405
        ]
      },
      "properties": {
        "id": 1597,
        "name": "NC280 @ Ferncliff Park Dr",
        "roadId": 74,
        "countyId": 45,
        "mileMarker": null,
        "status": "OK",
        "snapshot_url": "https://eapps.ncdot.gov/services/traffic-prod/v1/cameras/images?filename=NC280_Ferncliff.jpg",
        "m3u8_url": null,
        "is_streaming": false
      }
    },
    {
      "type": "Feature",
      "geometry": {
        "type": "Point",
        "coordinates": [
          -82.53491068164062,
          35.43136079949067
        ]
      },
      "properties": {
        "id": 1598,
        "name": "Airport Rd @ Fanning Bridge Rd",
        "roadId": 74,
        "countyId": 45,
        "mileMarker": null,
        "status": "OK",
        "snapshot_url": "https://eapps.ncdot.gov/services/traffic-prod/v1/cameras/images?filename=AirportRd_FanningBr.jpg",
        "m3u8_url": null,
        "is_streaming": false
      }
    },
    {
      "type": "Feature",
      "geometry": {
        "type": "Point",
        "coordinates": [
          -80.44171349366331,
          36.00715792503048
        ]
      },
      "properties": {
        "id": 1600,
        "name": "I-40 @ NC 801",
        "roadId": 1,
        "countyId": 30,
        "mileMarker": 180.0,
        "status": "OK",
        "snapshot_url": "https://eapps.ncdot.gov/services/traffic-prod/v1/cameras/images?filename=I40_NC801.jpg",
        "m3u8_url": null,
        "is_streaming": false
      }
    },
    {
      "type": "Feature",
      "geometry": {
        "type": "Point",
        "coordinates": [
          -80.46384735385132,
          36.00134904290466
        ]
      },
      "properties": {
        "id": 1601,
        "name": "I-40 @ mm 179",
        "roadId": 1,
        "countyId": 30,
        "mileMarker": 179.0,
        "status": "OK",
        "snapshot_url": "https://eapps.ncdot.gov/services/traffic-prod/v1/cameras/images?filename=I40_mm179.jpg",
        "m3u8_url": null,
        "is_streaming": false
      }
    },
    {
      "type": "Feature",
      "geometry": {
        "type": "Point",
        "coordinates": [
          -80.34066725054932,
          36.06300907048277
        ]
      },
      "properties": {
        "id": 1602,
        "name": "I-40 @ Jonestown Rd",
        "roadId": 1,
        "countyId": 34,
        "mileMarker": null,
        "status": "OK",
        "snapshot_url": "https://eapps.ncdot.gov/services/traffic-prod/v1/cameras/images?filename=I40_Jonestown.jpg",
        "m3u8_url": null,
        "is_streaming": false
      }
    },
    {
      "type": "Feature",
      "geometry": {
        "type": "Point",
        "coordinates": [
          -80.38463173135779,
          36.03480136084382
        ]
      },
      "properties": {
        "id": 1604,
        "name": "I-40 @ Lewisville-Clemmons Rd",
        "roadId": 1,
        "countyId": 30,
        "mileMarker": 184.0,
        "status": "OK",
        "snapshot_url": "https://eapps.ncdot.gov/services/traffic-prod/v1/cameras/images?filename=I40_LewisvilleClemmonsRd.jpg",
        "m3u8_url": null,
        "is_streaming": false
      }
    },
    {
      "type": "Feature",
      "geometry": {
        "type": "Point",
        "coordinates": [
          -78.76678679629516,
          36.079757891141035
        ]
      },
      "properties": {
        "id": 1608,
        "name": "I-85 @ US 15 (mm 186)",
        "roadId": 2,
        "countyId": 39,
        "mileMarker": 186.0,
        "status": "OK",
        "snapshot_url": "https://eapps.ncdot.gov/services/traffic-prod/v1/cameras/images?filename=I85_US15.jpg",
        "m3u8_url": null,
        "is_streaming": false
      }
    },
    {
      "type": "Feature",
      "geometry": {
        "type": "Point",
        "coordinates": [
          -79.807236,
          36.031637
        ]
      },
      "properties": {
        "id": 1609,
        "name": "I-40 E @ Bus 85 S",
        "roadId": 1,
        "countyId": 41,
        "mileMarker": 219.0,
        "status": "OK",
        "snapshot_url": "https://eapps.ncdot.gov/services/traffic-prod/v1/cameras/images?filename=I40_Bus85.jpg",
        "m3u8_url": null,
        "is_streaming": false
      }
    },
    {
      "type": "Feature",
      "geometry": {
        "type": "Point",
        "coordinates": [
          -78.9711210974059,
          35.90469908802768
        ]
      },
      "properties": {
        "id": 1610,
        "name": "I-40 @ mm 273.5",
        "roadId": 1,
        "countyId": 32,
        "mileMarker": 273.5,
        "status": "OK",
        "snapshot_url": "https://eapps.ncdot.gov/services/traffic-prod/v1/cameras/images?filename=I40_mm237.jpg",
        "m3u8_url": null,
        "is_streaming": false
      }
    },
    {
      "type": "Feature",
      "geometry": {
        "type": "Point",
        "coordinates": [
          -79.826984,
          36.002839
        ]
      },
      "properties": {
        "id": 1611,
        "name": "I-85 @ US 220 N",
        "roadId": 2,
        "countyId": 41,
        "mileMarker": 122.0,
        "status": "OK",
        "snapshot_url": "https://eapps.ncdot.gov/services/traffic-prod/v1/cameras/images?filename=I85_US220N.jpg",
        "m3u8_url": null,
        "is_streaming": false
      }
    },
    {
      "type": "Feature",
      "geometry": {
        "type": "Point",
        "coordinates": [
          -77.959004,
          34.229599
        ]
      },
      "properties": {
        "id": 1614,
        "name": "Cape Fear Mem Bridge - West",
        "roadId": 57,
        "countyId": 65,
        "mileMarker": null,
        "status": "OK",
        "snapshot_url": "https://eapps.ncdot.gov/services/traffic-prod/v1/cameras/images?filename=Wilimington_01.JPG",
        "m3u8_url": null,
        "is_streaming": false
      }
    },
    {
      "type": "Feature",
      "geometry": {
        "type": "Point",
        "coordinates": [
          -79.915913,
          36.050322
        ]
      },
      "properties": {
        "id": 1616,
        "name": "I-73 @ Wendover",
        "roadId": 3846,
        "countyId": 41,
        "mileMarker": 102.0,
        "status": "OK",
        "snapshot_url": "https://eapps.ncdot.gov/services/traffic-prod/v1/cameras/images?filename=I73_WendoverAve.jpg",
        "m3u8_url": null,
        "is_streaming": false
      }
    },
    {
      "type": "Feature",
      "geometry": {
        "type": "Point",
        "coordinates": [
          -77.55778687798339,
          34.44141632104822
        ]
      },
      "properties": {
        "id": 1617,
        "name": "NC210_JHBattsRd",
        "roadId": 52,
        "countyId": 71,
        "mileMarker": null,
        "status": "OK",
        "snapshot_url": "https://eapps.ncdot.gov/services/traffic-prod/v1/cameras/images?filename=NC210_JHBattsRd.jpg",
        "m3u8_url": null,
        "is_streaming": false
      }
    },
    {
      "type": "Feature",
      "geometry": {
        "type": "Point",
        "coordinates": [
          -80.868108,
          35.223538
        ]
      },
      "properties": {
        "id": 1618,
        "name": "I-77 SB @ mm 9.25",
        "roadId": 177,
        "countyId": 60,
        "mileMarker": 9.25,
        "status": "OK",
        "snapshot_url": "https://eapps.ncdot.gov/services/traffic-prod/v1/cameras/images?filename=I77_mm09_25.jpg",
        "m3u8_url": null,
        "is_streaming": false
      }
    },
    {
      "type": "Feature",
      "geometry": {
        "type": "Point",
        "coordinates": [
          -78.03148913661194,
          35.720424896875485
        ]
      },
      "properties": {
        "id": 1621,
        "name": "I-95 @ mm 118",
        "roadId": 117,
        "countyId": 98,
        "mileMarker": 118.0,
        "status": "OK",
        "snapshot_url": "https://eapps.ncdot.gov/services/traffic-prod/v1/cameras/images?filename=I95_mm118.jpg",
        "m3u8_url": null,
        "is_streaming": false
      }
    },
    {
      "type": "Feature",
      "geometry": {
        "type": "Point",
        "coordinates": [
          -78.01222065169766,
          35.735452318757474
        ]
      },
      "properties": {
        "id": 1622,
        "name": "I-95 @ mm 119",
        "roadId": 117,
        "countyId": 98,
        "mileMarker": 119.0,
        "status": "OK",
        "snapshot_url": "https://eapps.ncdot.gov/services/traffic-prod/v1/cameras/images?filename=I95_mm119.jpg",
        "m3u8_url": null,
        "is_streaming": false
      }
    },
    {
      "type": "Feature",
      "geometry": {
        "type": "Point",
        "coordinates": [
          -78.14680373482024,
          35.5789946157252
        ]
      },
      "properties": {
        "id": 1623,
        "name": "I-95 @ mm 106",
        "roadId": 117,
        "countyId": 51,
        "mileMarker": 106.0,
        "status": "OK",
        "snapshot_url": "https://eapps.ncdot.gov/services/traffic-prod/v1/cameras/images?filename=I95_mm106.jpg",
        "m3u8_url": null,
        "is_streaming": false
      }
    },
    {
      "type": "Feature",
      "geometry": {
        "type": "Point",
        "coordinates": [
          -78.16677159514875,
          35.56811824855901
        ]
      },
      "properties": {
        "id": 1624,
        "name": "I-95 @ mm 105",
        "roadId": 117,
        "countyId": 51,
        "mileMarker": 105.0,
        "status": "OK",
        "snapshot_url": "https://eapps.ncdot.gov/services/traffic-prod/v1/cameras/images?filename=I95_mm105.jpg",
        "m3u8_url": null,
        "is_streaming": false
      }
    },
    {
      "type": "Feature",
      "geometry": {
        "type": "Point",
        "coordinates": [
          -78.21952910700989,
          35.54986697662245
        ]
      },
      "properties": {
        "id": 1625,
        "name": "I-95 @ mm 101",
        "roadId": 117,
        "countyId": 51,
        "mileMarker": 101.0,
        "status": "OK",
        "snapshot_url": "https://eapps.ncdot.gov/services/traffic-prod/v1/cameras/images?filename=I95_mm101.jpg",
        "m3u8_url": null,
        "is_streaming": false
      }
    },
    {
      "type": "Feature",
      "geometry": {
        "type": "Point",
        "coordinates": [
          -78.01160149851991,
          35.73364559569436
        ]
      },
      "properties": {
        "id": 1626,
        "name": "I-95 NB @ mm 119",
        "roadId": 117,
        "countyId": 98,
        "mileMarker": 119.0,
        "status": "OK",
        "snapshot_url": "https://eapps.ncdot.gov/services/traffic-prod/v1/cameras/images?filename=I95_mm119N.jpg",
        "m3u8_url": null,
        "is_streaming": false
      }
    },
    {
      "type": "Feature",
      "geometry": {
        "type": "Point",
        "coordinates": [
          -78.270493,
          35.529073
        ]
      },
      "properties": {
        "id": 1627,
        "name": "I-95 @ mm 98",
        "roadId": 117,
        "countyId": 51,
        "mileMarker": 98.0,
        "status": "OK",
        "snapshot_url": "https://eapps.ncdot.gov/services/traffic-prod/v1/cameras/images?filename=I95_mm98.jpg",
        "m3u8_url": null,
        "is_streaming": false
      }
    },
    {
      "type": "Feature",
      "geometry": {
        "type": "Point",
        "coordinates": [
          -78.04639608659218,
          35.70264035308212
        ]
      },
      "properties": {
        "id": 1628,
        "name": "I-95 @ mm 116",
        "roadId": 117,
        "countyId": 51,
        "mileMarker": 116.0,
        "status": "OK",
        "snapshot_url": "https://eapps.ncdot.gov/services/traffic-prod/v1/cameras/images?filename=I95_mm116.jpg",
        "m3u8_url": null,
        "is_streaming": false
      }
    },
    {
      "type": "Feature",
      "geometry": {
        "type": "Point",
        "coordinates": [
          -75.87806808910537,
          36.24262833308765
        ]
      },
      "properties": {
        "id": 1629,
        "name": "US 158 @ Poplar Branch Rd",
        "roadId": 86,
        "countyId": 72,
        "mileMarker": null,
        "status": "OK",
        "snapshot_url": "https://eapps.ncdot.gov/services/traffic-prod/v1/cameras/images?filename=US158_PoplarBranchRd.jpg",
        "m3u8_url": null,
        "is_streaming": false
      }
    },
    {
      "type": "Feature",
      "geometry": {
        "type": "Point",
        "coordinates": [
          -78.13373131684658,
          35.59282543981102
        ]
      },
      "properties": {
        "id": 1630,
        "name": "I-95 @ mm 107",
        "roadId": 117,
        "countyId": 51,
        "mileMarker": 107.0,
        "status": "OK",
        "snapshot_url": "https://eapps.ncdot.gov/services/traffic-prod/v1/cameras/images?filename=I95_mm107.jpg",
        "m3u8_url": null,
        "is_streaming": false
      }
    },
    {
      "type": "Feature",
      "geometry": {
        "type": "Point",
        "coordinates": [
          -78.29007368824352,
          35.519453596897364
        ]
      },
      "properties": {
        "id": 1631,
        "name": "I-95 SB @ mm 97",
        "roadId": 117,
        "countyId": 51,
        "mileMarker": 97.0,
        "status": "OK",
        "snapshot_url": "https://eapps.ncdot.gov/services/traffic-prod/v1/cameras/images?filename=I95_mm97S.jpg",
        "m3u8_url": null,
        "is_streaming": false
      }
    },
    {
      "type": "Feature",
      "geometry": {
        "type": "Point",
        "coordinates": [
          -78.20167158425137,
          35.556355479433634
        ]
      },
      "properties": {
        "id": 1632,
        "name": "I95 mm102",
        "roadId": 117,
        "countyId": 51,
        "mileMarker": 102.0,
        "status": "OK",
        "snapshot_url": "https://eapps.ncdot.gov/services/traffic-prod/v1/cameras/images?filename=I95_mm102.jpg",
        "m3u8_url": null,
        "is_streaming": false
      }
    },
    {
      "type": "Feature",
      "geometry": {
        "type": "Point",
        "coordinates": [
          -80.920226,
          35.120222
        ]
      },
      "properties": {
        "id": 1633,
        "name": "I-77 @ mm 1.43",
        "roadId": 177,
        "countyId": 60,
        "mileMarker": 1.43,
        "status": "OK",
        "snapshot_url": "https://eapps.ncdot.gov/services/traffic-prod/v1/cameras/images?filename=I77_mm01_43.jpg",
        "m3u8_url": null,
        "is_streaming": false
      }
    },
    {
      "type": "Feature",
      "geometry": {
        "type": "Point",
        "coordinates": [
          -80.886146,
          35.176455
        ]
      },
      "properties": {
        "id": 1634,
        "name": "I-77 @ mm 5.86",
        "roadId": 177,
        "countyId": 60,
        "mileMarker": 5.86,
        "status": "OK",
        "snapshot_url": "https://eapps.ncdot.gov/services/traffic-prod/v1/cameras/images?filename=I77_mm05_86.jpg",
        "m3u8_url": null,
        "is_streaming": false
      }
    },
    {
      "type": "Feature",
      "geometry": {
        "type": "Point",
        "coordinates": [
          -80.888138,
          35.184167
        ]
      },
      "properties": {
        "id": 1635,
        "name": "I-77 @ mm 6.27",
        "roadId": 177,
        "countyId": 60,
        "mileMarker": 6.27,
        "status": "OK",
        "snapshot_url": "https://eapps.ncdot.gov/services/traffic-prod/v1/cameras/images?filename=I77_mm06_27.jpg",
        "m3u8_url": null,
        "is_streaming": false
      }
    },
    {
      "type": "Feature",
      "geometry": {
        "type": "Point",
        "coordinates": [
          -80.859922,
          35.229838
        ]
      },
      "properties": {
        "id": 1636,
        "name": "I-77 @ mm 9.86",
        "roadId": 177,
        "countyId": 60,
        "mileMarker": 9.86,
        "status": "OK",
        "snapshot_url": "https://eapps.ncdot.gov/services/traffic-prod/v1/cameras/images?filename=I77_mm09_86.jpg",
        "m3u8_url": null,
        "is_streaming": false
      }
    },
    {
      "type": "Feature",
      "geometry": {
        "type": "Point",
        "coordinates": [
          -78.577329,
          35.977539
        ]
      },
      "properties": {
        "id": 1638,
        "name": "NC98 @ Camp Kanata Road",
        "roadId": 137,
        "countyId": 92,
        "mileMarker": null,
        "status": "OK",
        "snapshot_url": "https://eapps.ncdot.gov/services/traffic-prod/v1/cameras/images?filename=NC98_CampKanataRd",
        "m3u8_url": null,
        "is_streaming": false
      }
    },
    {
      "type": "Feature",
      "geometry": {
        "type": "Point",
        "coordinates": [
          -77.92569789210509,
          35.90398671854846
        ]
      },
      "properties": {
        "id": 1639,
        "name": "I-95 @ mm 132",
        "roadId": 117,
        "countyId": 64,
        "mileMarker": 132.0,
        "status": "OK",
        "snapshot_url": "https://eapps.ncdot.gov/services/traffic-prod/v1/cameras/images?filename=I95_mm132.jpg",
        "m3u8_url": null,
        "is_streaming": false
      }
    },
    {
      "type": "Feature",
      "geometry": {
        "type": "Point",
        "coordinates": [
          -77.87698885241699,
          35.98151997384116
        ]
      },
      "properties": {
        "id": 1640,
        "name": "I-95 @ mm 138",
        "roadId": 117,
        "countyId": 64,
        "mileMarker": 138.0,
        "status": "OK",
        "snapshot_url": "https://eapps.ncdot.gov/services/traffic-prod/v1/cameras/images?filename=I95_mm138.jpg",
        "m3u8_url": null,
        "is_streaming": false
      }
    },
    {
      "type": "Feature",
      "geometry": {
        "type": "Point",
        "coordinates": [
          -77.97607340987473,
          35.83719365509554
        ]
      },
      "properties": {
        "id": 1641,
        "name": "I-95 @ mm 127",
        "roadId": 117,
        "countyId": 98,
        "mileMarker": 127.0,
        "status": "OK",
        "snapshot_url": "https://eapps.ncdot.gov/services/traffic-prod/v1/cameras/images?filename=I95_mm127.jpg",
        "m3u8_url": null,
        "is_streaming": false
      }
    },
    {
      "type": "Feature",
      "geometry": {
        "type": "Point",
        "coordinates": [
          -78.00441402252501,
          35.76312165306264
        ]
      },
      "properties": {
        "id": 1642,
        "name": "I-95 @ mm 121",
        "roadId": 117,
        "countyId": 98,
        "mileMarker": 121.0,
        "status": "OK",
        "snapshot_url": "https://eapps.ncdot.gov/services/traffic-prod/v1/cameras/images?filename=I95_mm121.jpg",
        "m3u8_url": null,
        "is_streaming": false
      }
    },
    {
      "type": "Feature",
      "geometry": {
        "type": "Point",
        "coordinates": [
          -77.82871381090179,
          34.2623872107872
        ]
      },
      "properties": {
        "id": 1646,
        "name": "Market St @ Gordon Rd",
        "roadId": 33,
        "countyId": 65,
        "mileMarker": null,
        "status": "OK",
        "snapshot_url": "https://eapps.ncdot.gov/services/traffic-prod/v1/cameras/images?filename=MarketSt_GordonRd.JPG",
        "m3u8_url": null,
        "is_streaming": false
      }
    },
    {
      "type": "Feature",
      "geometry": {
        "type": "Point",
        "coordinates": [
          -77.85202124004475,
          34.239106157037874
        ]
      },
      "properties": {
        "id": 1647,
        "name": "Eastwood Rd @ Dungannon Blvd",
        "roadId": 0,
        "countyId": 65,
        "mileMarker": null,
        "status": "OK",
        "snapshot_url": "https://eapps.ncdot.gov/services/traffic-prod/v1/cameras/images?filename=Eastwood_Dungannon.jpg",
        "m3u8_url": null,
        "is_streaming": false
      }
    },
    {
      "type": "Feature",
      "geometry": {
        "type": "Point",
        "coordinates": [
          -80.19287480851928,
          36.06168879585909
        ]
      },
      "properties": {
        "id": 1683,
        "name": "I-40 @ mm196",
        "roadId": 1,
        "countyId": 34,
        "mileMarker": 196.0,
        "status": "OK",
        "snapshot_url": "https://eapps.ncdot.gov/services/traffic-prod/v1/cameras/images?filename=I40_mm196.jpg",
        "m3u8_url": null,
        "is_streaming": false
      }
    },
    {
      "type": "Feature",
      "geometry": {
        "type": "Point",
        "coordinates": [
          -79.683839,
          36.056624
        ]
      },
      "properties": {
        "id": 1691,
        "name": "I-85 at I-785 / I-840",
        "roadId": 2,
        "countyId": 41,
        "mileMarker": 130.0,
        "status": "OK",
        "snapshot_url": "https://eapps.ncdot.gov/services/traffic-prod/v1/cameras/images?filename=I85_I840.jpg",
        "m3u8_url": null,
        "is_streaming": false
      }
    },
    {
      "type": "Feature",
      "geometry": {
        "type": "Point",
        "coordinates": [
          -79.6871487425001,
          36.045980760734466
        ]
      },
      "properties": {
        "id": 1692,
        "name": "I-85 near I-840",
        "roadId": 2,
        "countyId": 41,
        "mileMarker": 130.0,
        "status": "OK",
        "snapshot_url": "https://eapps.ncdot.gov/services/traffic-prod/v1/cameras/images?filename=I85_MM130.jpg",
        "m3u8_url": null,
        "is_streaming": false
      }
    },
    {
      "type": "Feature",
      "geometry": {
        "type": "Point",
        "coordinates": [
          -78.05564717410878,
          35.433662946509074
        ]
      },
      "properties": {
        "id": 1696,
        "name": "US70Byp @ MM351 (581N)",
        "roadId": 3,
        "countyId": 96,
        "mileMarker": null,
        "status": "OK",
        "snapshot_url": "https://eapps.ncdot.gov/services/traffic-prod/v1/cameras/images?filename=US70Byp_MM351-581N.jpg",
        "m3u8_url": null,
        "is_streaming": false
      }
    },
    {
      "type": "Feature",
      "geometry": {
        "type": "Point",
        "coordinates": [
          -77.99163977453124,
          35.427401214254154
        ]
      },
      "properties": {
        "id": 1697,
        "name": "US70Byp @ MM355 (I-795)",
        "roadId": 3,
        "countyId": 96,
        "mileMarker": null,
        "status": "OK",
        "snapshot_url": "https://eapps.ncdot.gov/services/traffic-prod/v1/cameras/images?filename=US70Byp_MM355-I795.jpg",
        "m3u8_url": null,
        "is_streaming": false
      }
    },
    {
      "type": "Feature",
      "geometry": {
        "type": "Point",
        "coordinates": [
          -77.99014972769402,
          35.42746895251016
        ]
      },
      "properties": {
        "id": 1698,
        "name": "US70Byp @ MM355",
        "roadId": 3,
        "countyId": 96,
        "mileMarker": null,
        "status": "OK",
        "snapshot_url": "https://eapps.ncdot.gov/services/traffic-prod/v1/cameras/images?filename=US70Byp_MM355.jpg",
        "m3u8_url": null,
        "is_streaming": false
      }
    },
    {
      "type": "Feature",
      "geometry": {
        "type": "Point",
        "coordinates": [
          -79.780271,
          36.03911
        ]
      },
      "properties": {
        "id": 1702,
        "name": "I-40@Patton Ave.",
        "roadId": 1,
        "countyId": 41,
        "mileMarker": 221.0,
        "status": "OK",
        "snapshot_url": "https://eapps.ncdot.gov/services/traffic-prod/v1/cameras/images?filename=I40_PattonAve.jpg",
        "m3u8_url": null,
        "is_streaming": false
      }
    },
    {
      "type": "Feature",
      "geometry": {
        "type": "Point",
        "coordinates": [
          -79.921287,
          36.065032
        ]
      },
      "properties": {
        "id": 1708,
        "name": "I-73S @ I-40E",
        "roadId": 3846,
        "countyId": 41,
        "mileMarker": 103.0,
        "status": "OK",
        "snapshot_url": "https://cfts.services.ncdot.gov:443/snapshots/chan-5947_h.jpg",
        "m3u8_url": "https://cfts.services.ncdot.gov:443/chan-5947/index.m3u8",
        "is_streaming": true
      }
    },
    {
      "type": "Feature",
      "geometry": {
        "type": "Point",
        "coordinates": [
          -76.21926672756672,
          36.297195391896786
        ]
      },
      "properties": {
        "id": 1712,
        "name": "Water St @ Ehringhaus St",
        "roadId": 0,
        "countyId": 70,
        "mileMarker": null,
        "status": "OK",
        "snapshot_url": "https://eapps.ncdot.gov/services/traffic-prod/v1/cameras/images?filename=SWaterSt_EhringhausSt.jpg",
        "m3u8_url": null,
        "is_streaming": false
      }
    },
    {
      "type": "Feature",
      "geometry": {
        "type": "Point",
        "coordinates": [
          -76.21733419922145,
          36.279888180743576
        ]
      },
      "properties": {
        "id": 1715,
        "name": "NC344_HerringtonRd",
        "roadId": 3883,
        "countyId": 70,
        "mileMarker": null,
        "status": "OK",
        "snapshot_url": "https://eapps.ncdot.gov/services/traffic-prod/v1/cameras/images?filename=NC344_HerringtonRd.jpg",
        "m3u8_url": null,
        "is_streaming": false
      }
    },
    {
      "type": "Feature",
      "geometry": {
        "type": "Point",
        "coordinates": [
          -76.23391468688469,
          36.283643443098704
        ]
      },
      "properties": {
        "id": 1717,
        "name": "NC344_RoanokeAve",
        "roadId": 3883,
        "countyId": 70,
        "mileMarker": null,
        "status": "OK",
        "snapshot_url": "https://eapps.ncdot.gov/services/traffic-prod/v1/cameras/images?filename=NC344_RoanokeAve.jpg",
        "m3u8_url": null,
        "is_streaming": false
      }
    },
    {
      "type": "Feature",
      "geometry": {
        "type": "Point",
        "coordinates": [
          -76.24690408618093,
          36.29496268437595
        ]
      },
      "properties": {
        "id": 1726,
        "name": "US17_NC 344",
        "roadId": 33,
        "countyId": 70,
        "mileMarker": null,
        "status": "OK",
        "snapshot_url": "https://eapps.ncdot.gov/services/traffic-prod/v1/cameras/images?filename=US17_NC 344.jpg",
        "m3u8_url": null,
        "is_streaming": false
      }
    },
    {
      "type": "Feature",
      "geometry": {
        "type": "Point",
        "coordinates": [
          -76.22324976052845,
          36.302181131838104
        ]
      },
      "properties": {
        "id": 1727,
        "name": "US158_US 17 Business",
        "roadId": 86,
        "countyId": 70,
        "mileMarker": null,
        "status": "OK",
        "snapshot_url": "https://eapps.ncdot.gov/services/traffic-prod/v1/cameras/images?filename=US158_US17Bus.jpg",
        "m3u8_url": null,
        "is_streaming": false
      }
    },
    {
      "type": "Feature",
      "geometry": {
        "type": "Point",
        "coordinates": [
          -76.22057125311723,
          36.312040828292005
        ]
      },
      "properties": {
        "id": 1729,
        "name": "US17_US158_US17 Business",
        "roadId": 33,
        "countyId": 70,
        "mileMarker": null,
        "status": "OK",
        "snapshot_url": "https://eapps.ncdot.gov/services/traffic-prod/v1/cameras/images?filename=US17_US158_US17Bus.jpg",
        "m3u8_url": null,
        "is_streaming": false
      }
    },
    {
      "type": "Feature",
      "geometry": {
        "type": "Point",
        "coordinates": [
          -76.23139459455807,
          36.295685183254385
        ]
      },
      "properties": {
        "id": 1730,
        "name": "US17Bus_Selden St",
        "roadId": 33,
        "countyId": 70,
        "mileMarker": null,
        "status": "OK",
        "snapshot_url": "https://eapps.ncdot.gov/services/traffic-prod/v1/cameras/images?filename=US17Bus_Selden",
        "m3u8_url": null,
        "is_streaming": false
      }
    },
    {
      "type": "Feature",
      "geometry": {
        "type": "Point",
        "coordinates": [
          -76.23313671638793,
          36.30552467137153
        ]
      },
      "properties": {
        "id": 1731,
        "name": "US17_US17_US158",
        "roadId": 33,
        "countyId": 70,
        "mileMarker": null,
        "status": "OK",
        "snapshot_url": "https://eapps.ncdot.gov/services/traffic-prod/v1/cameras/images?filename=US17_US17_US158.jpg",
        "m3u8_url": null,
        "is_streaming": false
      }
    },
    {
      "type": "Feature",
      "geometry": {
        "type": "Point",
        "coordinates": [
          -76.23765062077008,
          36.303180139538995
        ]
      },
      "properties": {
        "id": 1732,
        "name": "US17_W Main St",
        "roadId": 33,
        "countyId": 70,
        "mileMarker": null,
        "status": "OK",
        "snapshot_url": "https://eapps.ncdot.gov/services/traffic-prod/v1/cameras/images?filename=US17_WMainSt",
        "m3u8_url": null,
        "is_streaming": false
      }
    },
    {
      "type": "Feature",
      "geometry": {
        "type": "Point",
        "coordinates": [
          -77.93478368449765,
          35.418888707894475
        ]
      },
      "properties": {
        "id": 1734,
        "name": "US-70Byp MM 358 (WMD)",
        "roadId": 3,
        "countyId": 96,
        "mileMarker": null,
        "status": "OK",
        "snapshot_url": "https://eapps.ncdot.gov/services/traffic-prod/v1/cameras/images?filename=US70Byp_MM358_WayneMem.jpg",
        "m3u8_url": null,
        "is_streaming": false
      }
    },
    {
      "type": "Feature",
      "geometry": {
        "type": "Point",
        "coordinates": [
          -77.67723647939947,
          35.26576916523177
        ]
      },
      "properties": {
        "id": 1739,
        "name": "US-70 @ NC-148",
        "roadId": 3,
        "countyId": 96,
        "mileMarker": null,
        "status": "OK",
        "snapshot_url": "https://eapps.ncdot.gov/services/traffic-prod/v1/cameras/images?filename=US70_NC148.jpg",
        "m3u8_url": null,
        "is_streaming": false
      }
    },
    {
      "type": "Feature",
      "geometry": {
        "type": "Point",
        "coordinates": [
          -80.23203290586851,
          36.06254478625392
        ]
      },
      "properties": {
        "id": 1741,
        "name": "US52_I40_TRS",
        "roadId": 20,
        "countyId": 34,
        "mileMarker": 107.0,
        "status": "OK",
        "snapshot_url": "https://eapps.ncdot.gov/services/traffic-prod/v1/cameras/images?filename=US52_I40_TRS.jpg",
        "m3u8_url": null,
        "is_streaming": false
      }
    },
    {
      "type": "Feature",
      "geometry": {
        "type": "Point",
        "coordinates": [
          -80.23190240339189,
          36.062593680583845
        ]
      },
      "properties": {
        "id": 1742,
        "name": "I40_US52",
        "roadId": 1,
        "countyId": 34,
        "mileMarker": 107.0,
        "status": "OK",
        "snapshot_url": "https://eapps.ncdot.gov/services/traffic-prod/v1/cameras/images?filename=I40_US52.jpg",
        "m3u8_url": null,
        "is_streaming": false
      }
    },
    {
      "type": "Feature",
      "geometry": {
        "type": "Point",
        "coordinates": [
          -80.06099220209963,
          36.11218625654007
        ]
      },
      "properties": {
        "id": 1743,
        "name": "US421 MM 222 EastofNC-66",
        "roadId": 57,
        "countyId": 34,
        "mileMarker": 222.0,
        "status": "OK",
        "snapshot_url": "https://eapps.ncdot.gov/services/traffic-prod/v1/cameras/images?filename=US421_MM222_EastofNC-66.jpg",
        "m3u8_url": null,
        "is_streaming": false
      }
    },
    {
      "type": "Feature",
      "geometry": {
        "type": "Point",
        "coordinates": [
          -78.5756157701051,
          35.696067888789045
        ]
      },
      "properties": {
        "id": 1746,
        "name": "I-40_mm306",
        "roadId": 1,
        "countyId": 92,
        "mileMarker": 306.0,
        "status": "OK",
        "snapshot_url": "https://eapps.ncdot.gov/services/traffic-prod/v1/cameras/images?filename=I40_mm306.jpg",
        "m3u8_url": null,
        "is_streaming": false
      }
    },
    {
      "type": "Feature",
      "geometry": {
        "type": "Point",
        "coordinates": [
          -78.56420245447896,
          35.678342896789516
        ]
      },
      "properties": {
        "id": 1747,
        "name": "I40_mm307",
        "roadId": 1,
        "countyId": 92,
        "mileMarker": 307.0,
        "status": "OK",
        "snapshot_url": "https://eapps.ncdot.gov/services/traffic-prod/v1/cameras/images?filename=I40_mm307.jpg",
        "m3u8_url": null,
        "is_streaming": false
      }
    },
    {
      "type": "Feature",
      "geometry": {
        "type": "Point",
        "coordinates": [
          -81.45349580579038,
          36.20805616043124
        ]
      },
      "properties": {
        "id": 1748,
        "name": "US421_UpperRamp",
        "roadId": 57,
        "countyId": 97,
        "mileMarker": null,
        "status": "OK",
        "snapshot_url": "https://eapps.ncdot.gov/services/traffic-prod/v1/cameras/images?filename=US421_UpperRamp.jpg",
        "m3u8_url": null,
        "is_streaming": false
      }
    },
    {
      "type": "Feature",
      "geometry": {
        "type": "Point",
        "coordinates": [
          -82.43333527976226,
          35.346238150110835
        ]
      },
      "properties": {
        "id": 1750,
        "name": "US64_HighlandsSqDr",
        "roadId": 10,
        "countyId": 45,
        "mileMarker": null,
        "status": "OK",
        "snapshot_url": "https://eapps.ncdot.gov/services/traffic-prod/v1/cameras/images?filename=US64_HighlandsSqDr.jpg",
        "m3u8_url": null,
        "is_streaming": false
      }
    },
    {
      "type": "Feature",
      "geometry": {
        "type": "Point",
        "coordinates": [
          -79.819436,
          36.035666
        ]
      },
      "properties": {
        "id": 1752,
        "name": "I40_FreemanMill",
        "roadId": 1,
        "countyId": 41,
        "mileMarker": 218.0,
        "status": "OK",
        "snapshot_url": "https://eapps.ncdot.gov/services/traffic-prod/v1/cameras/images?filename=I40_FreemanMill.jpg",
        "m3u8_url": null,
        "is_streaming": false
      }
    },
    {
      "type": "Feature",
      "geometry": {
        "type": "Point",
        "coordinates": [
          -82.40633009260259,
          35.29734055673877
        ]
      },
      "properties": {
        "id": 1757,
        "name": "I-26@mm53",
        "roadId": 62,
        "countyId": 45,
        "mileMarker": 53.0,
        "status": "OK",
        "snapshot_url": "https://eapps.ncdot.gov/services/traffic-prod/v1/cameras/images?filename=I26_mm53.jpg",
        "m3u8_url": null,
        "is_streaming": false
      }
    },
    {
      "type": "Feature",
      "geometry": {
        "type": "Point",
        "coordinates": [
          -75.49300733336743,
          35.71561033935692
        ]
      },
      "properties": {
        "id": 1763,
        "name": "NC12_PeaIslandRefuge",
        "roadId": 3810,
        "countyId": 28,
        "mileMarker": null,
        "status": "OK",
        "snapshot_url": "https://eapps.ncdot.gov/services/traffic-prod/v1/cameras/images?filename=NC12_PeaIslandRefuge.jpg",
        "m3u8_url": null,
        "is_streaming": false
      }
    },
    {
      "type": "Feature",
      "geometry": {
        "type": "Point",
        "coordinates": [
          -75.52037854129135,
          35.76505675123252
        ]
      },
      "properties": {
        "id": 1764,
        "name": "NC12_OregonInletSouth",
        "roadId": 3810,
        "countyId": 28,
        "mileMarker": null,
        "status": "OK",
        "snapshot_url": "https://eapps.ncdot.gov/services/traffic-prod/v1/cameras/images?filename=NC12_OregonInletSouth.jpg",
        "m3u8_url": null,
        "is_streaming": false
      }
    },
    {
      "type": "Feature",
      "geometry": {
        "type": "Point",
        "coordinates": [
          -75.4818292632821,
          35.67977138432854
        ]
      },
      "properties": {
        "id": 1766,
        "name": "NC12_EtheridgeBridge",
        "roadId": 3810,
        "countyId": 28,
        "mileMarker": null,
        "status": "OK",
        "snapshot_url": "https://eapps.ncdot.gov/services/traffic-prod/v1/cameras/images?filename=NC12_EtheridgeBridge.jpg",
        "m3u8_url": null,
        "is_streaming": false
      }
    },
    {
      "type": "Feature",
      "geometry": {
        "type": "Point",
        "coordinates": [
          -78.863341,
          35.99808
        ]
      },
      "properties": {
        "id": 1769,
        "name": "I-885 @ mm12",
        "roadId": 3902,
        "countyId": 32,
        "mileMarker": 12.0,
        "status": "OK",
        "snapshot_url": "https://eapps.ncdot.gov/services/traffic-prod/v1/cameras/images?filename=I885_mm12",
        "m3u8_url": null,
        "is_streaming": false
      }
    },
    {
      "type": "Feature",
      "geometry": {
        "type": "Point",
        "coordinates": [
          -79.81460502615376,
          36.14202462698272
        ]
      },
      "properties": {
        "id": 1770,
        "name": "I-840 W Lake Jeanette",
        "roadId": 3833,
        "countyId": 41,
        "mileMarker": null,
        "status": "OK",
        "snapshot_url": "https://eapps.ncdot.gov/services/traffic-prod/v1/cameras/images?filename=I840_W_Lake_Jeanette.jpg",
        "m3u8_url": null,
        "is_streaming": false
      }
    },
    {
      "type": "Feature",
      "geometry": {
        "type": "Point",
        "coordinates": [
          -79.79748,
          36.138928
        ]
      },
      "properties": {
        "id": 1771,
        "name": "I-840 N ElmSt",
        "roadId": 3833,
        "countyId": 41,
        "mileMarker": null,
        "status": "OK",
        "snapshot_url": "https://eapps.ncdot.gov/services/traffic-prod/v1/cameras/images?filename=I840_N_ElmSt.jpg",
        "m3u8_url": null,
        "is_streaming": false
      }
    },
    {
      "type": "Feature",
      "geometry": {
        "type": "Point",
        "coordinates": [
          -79.790029,
          36.140286
        ]
      },
      "properties": {
        "id": 1772,
        "name": "I-840 E N Church St",
        "roadId": 3833,
        "countyId": 41,
        "mileMarker": null,
        "status": "OK",
        "snapshot_url": "https://eapps.ncdot.gov/services/traffic-prod/v1/cameras/images?filename=I840_E_N_ChurchSt.jpg",
        "m3u8_url": null,
        "is_streaming": false
      }
    },
    {
      "type": "Feature",
      "geometry": {
        "type": "Point",
        "coordinates": [
          -79.776234,
          36.146693
        ]
      },
      "properties": {
        "id": 1773,
        "name": "I-840 W Yanceyville St",
        "roadId": 3833,
        "countyId": 41,
        "mileMarker": null,
        "status": "OK",
        "snapshot_url": "https://eapps.ncdot.gov/services/traffic-prod/v1/cameras/images?filename=I840_W_YanceyvilleSt.jpg",
        "m3u8_url": null,
        "is_streaming": false
      }
    },
    {
      "type": "Feature",
      "geometry": {
        "type": "Point",
        "coordinates": [
          -79.766607,
          36.150659
        ]
      },
      "properties": {
        "id": 1774,
        "name": "I-840 W Watlington Rd",
        "roadId": 3833,
        "countyId": 41,
        "mileMarker": null,
        "status": "OK",
        "snapshot_url": "https://eapps.ncdot.gov/services/traffic-prod/v1/cameras/images?filename=I840_W_WatlingtonRd.jpg",
        "m3u8_url": null,
        "is_streaming": false
      }
    },
    {
      "type": "Feature",
      "geometry": {
        "type": "Point",
        "coordinates": [
          -79.753015,
          36.15096
        ]
      },
      "properties": {
        "id": 1775,
        "name": "I-840 W East of Lees Chapel",
        "roadId": 3833,
        "countyId": 41,
        "mileMarker": null,
        "status": "OK",
        "snapshot_url": "https://eapps.ncdot.gov/services/traffic-prod/v1/cameras/images?filename=I840_W_EastofLeesChapel.jpg",
        "m3u8_url": null,
        "is_streaming": false
      }
    },
    {
      "type": "Feature",
      "geometry": {
        "type": "Point",
        "coordinates": [
          -79.734763,
          36.142673
        ]
      },
      "properties": {
        "id": 1776,
        "name": "I-840 E US-29 S",
        "roadId": 3833,
        "countyId": 41,
        "mileMarker": null,
        "status": "OK",
        "snapshot_url": "https://eapps.ncdot.gov/services/traffic-prod/v1/cameras/images?filename=I840_E_US29_S.jpg",
        "m3u8_url": null,
        "is_streaming": false
      }
    },
    {
      "type": "Feature",
      "geometry": {
        "type": "Point",
        "coordinates": [
          -79.735221,
          36.142834
        ]
      },
      "properties": {
        "id": 1777,
        "name": "I-840 E US-29 N",
        "roadId": 3833,
        "countyId": 41,
        "mileMarker": null,
        "status": "OK",
        "snapshot_url": "https://eapps.ncdot.gov/services/traffic-prod/v1/cameras/images?filename=I840_E_US29_N.jpg",
        "m3u8_url": null,
        "is_streaming": false
      }
    },
    {
      "type": "Feature",
      "geometry": {
        "type": "Point",
        "coordinates": [
          -79.09660925833559,
          36.036976936826086
        ]
      },
      "properties": {
        "id": 1784,
        "name": "I40_OldNC86",
        "roadId": 1,
        "countyId": 68,
        "mileMarker": 261.0,
        "status": "OK",
        "snapshot_url": "https://eapps.ncdot.gov/services/traffic-prod/v1/cameras/images?filename=I40_OldNC86.jpg",
        "m3u8_url": null,
        "is_streaming": false
      }
    },
    {
      "type": "Feature",
      "geometry": {
        "type": "Point",
        "coordinates": [
          -79.1063299109228,
          36.03793805341063
        ]
      },
      "properties": {
        "id": 1785,
        "name": "I40_mm260E",
        "roadId": 1,
        "countyId": 68,
        "mileMarker": 260.0,
        "status": "OK",
        "snapshot_url": "https://eapps.ncdot.gov/services/traffic-prod/v1/cameras/images?filename=I40_OrangeGrove.JPG",
        "m3u8_url": null,
        "is_streaming": false
      }
    },
    {
      "type": "Feature",
      "geometry": {
        "type": "Point",
        "coordinates": [
          -78.58265405211793,
          35.702935338073296
        ]
      },
      "properties": {
        "id": 1786,
        "name": "I40_mm305",
        "roadId": 1,
        "countyId": 92,
        "mileMarker": 305.0,
        "status": "OK",
        "snapshot_url": "https://eapps.ncdot.gov/services/traffic-prod/v1/cameras/images?filename=I40_mm305.jpg",
        "m3u8_url": null,
        "is_streaming": false
      }
    },
    {
      "type": "Feature",
      "geometry": {
        "type": "Point",
        "coordinates": [
          -79.07588547482594,
          35.99672792349365
        ]
      },
      "properties": {
        "id": 1788,
        "name": "I40_mm263W",
        "roadId": 1,
        "countyId": 68,
        "mileMarker": 263.0,
        "status": "OK",
        "snapshot_url": "https://eapps.ncdot.gov/services/traffic-prod/v1/cameras/images?filename=I40_mm263W.jpg",
        "m3u8_url": null,
        "is_streaming": false
      }
    },
    {
      "type": "Feature",
      "geometry": {
        "type": "Point",
        "coordinates": [
          -79.11858310978997,
          36.049297720410394
        ]
      },
      "properties": {
        "id": 1789,
        "name": "I40_mm259W",
        "roadId": 1,
        "countyId": 68,
        "mileMarker": 259.0,
        "status": "OK",
        "snapshot_url": "https://eapps.ncdot.gov/services/traffic-prod/v1/cameras/images?filename=I40_mm259W",
        "m3u8_url": null,
        "is_streaming": false
      }
    },
    {
      "type": "Feature",
      "geometry": {
        "type": "Point",
        "coordinates": [
          -79.05971595248083,
          35.96978078353969
        ]
      },
      "properties": {
        "id": 1790,
        "name": "I40_mm266E",
        "roadId": 1,
        "countyId": 68,
        "mileMarker": 266.0,
        "status": "OK",
        "snapshot_url": "https://eapps.ncdot.gov/services/traffic-prod/v1/cameras/images?filename=I40_mm266E.jpg",
        "m3u8_url": null,
        "is_streaming": false
      }
    },
    {
      "type": "Feature",
      "geometry": {
        "type": "Point",
        "coordinates": [
          -79.05007626311857,
          35.96740474078132
        ]
      },
      "properties": {
        "id": 1791,
        "name": "I40_mm266W",
        "roadId": 1,
        "countyId": 68,
        "mileMarker": 266.0,
        "status": "OK",
        "snapshot_url": "https://eapps.ncdot.gov/services/traffic-prod/v1/cameras/images?filename=I40_mm266W.jpg",
        "m3u8_url": null,
        "is_streaming": false
      }
    },
    {
      "type": "Feature",
      "geometry": {
        "type": "Point",
        "coordinates": [
          -79.02716081238664,
          35.967866027966835
        ]
      },
      "properties": {
        "id": 1792,
        "name": "I40_mm268W",
        "roadId": 1,
        "countyId": 68,
        "mileMarker": 268.0,
        "status": "OK",
        "snapshot_url": "https://eapps.ncdot.gov/services/traffic-prod/v1/cameras/images?filename=I40_mm268W.jpg",
        "m3u8_url": null,
        "is_streaming": false
      }
    },
    {
      "type": "Feature",
      "geometry": {
        "type": "Point",
        "coordinates": [
          -79.08987587892109,
          36.03093580506207
        ]
      },
      "properties": {
        "id": 1793,
        "name": "I40_mm261W",
        "roadId": 1,
        "countyId": 68,
        "mileMarker": 261.0,
        "status": "OK",
        "snapshot_url": "https://eapps.ncdot.gov/services/traffic-prod/v1/cameras/images?filename=I40_mm261W.jpg",
        "m3u8_url": null,
        "is_streaming": false
      }
    },
    {
      "type": "Feature",
      "geometry": {
        "type": "Point",
        "coordinates": [
          -77.02689314941856,
          35.097057533640395
        ]
      },
      "properties": {
        "id": 1794,
        "name": "US17-149N",
        "roadId": 33,
        "countyId": 25,
        "mileMarker": 149.0,
        "status": "OK",
        "snapshot_url": "https://eapps.ncdot.gov/services/traffic-prod/v1/cameras/images?filename=CCTV02-US17-149N",
        "m3u8_url": null,
        "is_streaming": false
      }
    },
    {
      "type": "Feature",
      "geometry": {
        "type": "Point",
        "coordinates": [
          -77.02713798750979,
          35.09689102155879
        ]
      },
      "properties": {
        "id": 1795,
        "name": "US17-149S",
        "roadId": 33,
        "countyId": 25,
        "mileMarker": 149.0,
        "status": "OK",
        "snapshot_url": "https://eapps.ncdot.gov/services/traffic-prod/v1/cameras/images?filename=CCTV02-US17-149S",
        "m3u8_url": null,
        "is_streaming": false
      }
    },
    {
      "type": "Feature",
      "geometry": {
        "type": "Point",
        "coordinates": [
          -76.4654508923073,
          36.193705718520434
        ]
      },
      "properties": {
        "id": 1797,
        "name": "US17Bus_PerquimansRiver",
        "roadId": 33,
        "countyId": 72,
        "mileMarker": null,
        "status": "OK",
        "snapshot_url": "https://eapps.ncdot.gov/services/traffic-prod/v1/cameras/images?filename=US17Bus_PerquimansRiver",
        "m3u8_url": null,
        "is_streaming": false
      }
    },
    {
      "type": "Feature",
      "geometry": {
        "type": "Point",
        "coordinates": [
          -78.58280278332317,
          35.63103334520677
        ]
      },
      "properties": {
        "id": 1798,
        "name": "NC540Toll-37.8W",
        "roadId": 3852,
        "countyId": 92,
        "mileMarker": 37.8,
        "status": "OK",
        "snapshot_url": "https://eapps.ncdot.gov/services/traffic-prod/v1/cameras/images?filename=NC540Toll-37.8W",
        "m3u8_url": null,
        "is_streaming": false
      }
    },
    {
      "type": "Feature",
      "geometry": {
        "type": "Point",
        "coordinates": [
          -78.66981989807121,
          35.64649540991008
        ]
      },
      "properties": {
        "id": 1799,
        "name": "NC540Toll-43.2E_OldStage",
        "roadId": 3852,
        "countyId": 92,
        "mileMarker": 43.2,
        "status": "OK",
        "snapshot_url": "https://eapps.ncdot.gov/services/traffic-prod/v1/cameras/images?filename=NC540Toll-43.2E_OldStage",
        "m3u8_url": null,
        "is_streaming": false
      }
    },
    {
      "type": "Feature",
      "geometry": {
        "type": "Point",
        "coordinates": [
          -78.7050026493795,
          35.65485580670881
        ]
      },
      "properties": {
        "id": 1800,
        "name": "NC540Toll-45.2E_US401",
        "roadId": 3852,
        "countyId": 92,
        "mileMarker": 45.2,
        "status": "OK",
        "snapshot_url": "https://eapps.ncdot.gov/services/traffic-prod/v1/cameras/images?filename=NC540Toll-45.2E_US401",
        "m3u8_url": null,
        "is_streaming": false
      }
    },
    {
      "type": "Feature",
      "geometry": {
        "type": "Point",
        "coordinates": [
          -78.71578612409682,
          35.66170804753075
        ]
      },
      "properties": {
        "id": 1801,
        "name": "NC540Toll-46.2E_LakeWheeler",
        "roadId": 3852,
        "countyId": 92,
        "mileMarker": 46.2,
        "status": "OK",
        "snapshot_url": "https://eapps.ncdot.gov/services/traffic-prod/v1/cameras/images?filename=NC540Toll-46.2E_LakeWheeler",
        "m3u8_url": null,
        "is_streaming": false
      }
    },
    {
      "type": "Feature",
      "geometry": {
        "type": "Point",
        "coordinates": [
          -78.7239448981476,
          35.66900153978838
        ]
      },
      "properties": {
        "id": 1802,
        "name": "NC540Toll-46.8W_JohnsonPond",
        "roadId": 3852,
        "countyId": 92,
        "mileMarker": 46.8,
        "status": "OK",
        "snapshot_url": "https://eapps.ncdot.gov/services/traffic-prod/v1/cameras/images?filename=NC540Toll-46.8W_JohnsonPond",
        "m3u8_url": null,
        "is_streaming": false
      }
    },
    {
      "type": "Feature",
      "geometry": {
        "type": "Point",
        "coordinates": [
          -78.73274267918329,
          35.671391696883845
        ]
      },
      "properties": {
        "id": 1803,
        "name": "NC540Toll-47.2E_DeerMeadow",
        "roadId": 3852,
        "countyId": 92,
        "mileMarker": 47.2,
        "status": "OK",
        "snapshot_url": "https://eapps.ncdot.gov/services/traffic-prod/v1/cameras/images?filename=NC540Toll-47.2E_DeerMeadow",
        "m3u8_url": null,
        "is_streaming": false
      }
    },
    {
      "type": "Feature",
      "geometry": {
        "type": "Point",
        "coordinates": [
          -78.74417009533119,
          35.67533817874004
        ]
      },
      "properties": {
        "id": 1804,
        "name": "NC540Toll-48W_BellsLake",
        "roadId": 3852,
        "countyId": 92,
        "mileMarker": 48.0,
        "status": "OK",
        "snapshot_url": "https://eapps.ncdot.gov/services/traffic-prod/v1/cameras/images?filename=NC540Toll-48W_BellsLake",
        "m3u8_url": null,
        "is_streaming": false
      }
    },
    {
      "type": "Feature",
      "geometry": {
        "type": "Point",
        "coordinates": [
          -78.75505244842222,
          35.675920849389904
        ]
      },
      "properties": {
        "id": 1805,
        "name": "NC540Toll-48.6E_WestLake",
        "roadId": 3852,
        "countyId": 92,
        "mileMarker": 48.6,
        "status": "OK",
        "snapshot_url": "https://eapps.ncdot.gov/services/traffic-prod/v1/cameras/images?filename=NC540Toll-48.6E_WestLake",
        "m3u8_url": null,
        "is_streaming": false
      }
    },
    {
      "type": "Feature",
      "geometry": {
        "type": "Point",
        "coordinates": [
          -78.77993403308867,
          35.674992499634826
        ]
      },
      "properties": {
        "id": 1806,
        "name": "NC540Toll-50E_PierceOlive",
        "roadId": 3852,
        "countyId": 92,
        "mileMarker": 50.0,
        "status": "OK",
        "snapshot_url": "https://eapps.ncdot.gov/services/traffic-prod/v1/cameras/images?filename=NC540Toll-50E_PierceOlive",
        "m3u8_url": null,
        "is_streaming": false
      }
    },
    {
      "type": "Feature",
      "geometry": {
        "type": "Point",
        "coordinates": [
          -78.79342237350058,
          35.67589024637305
        ]
      },
      "properties": {
        "id": 1807,
        "name": "NC540Toll-50.6W_HollySprings",
        "roadId": 3852,
        "countyId": 92,
        "mileMarker": 50.6,
        "status": "OK",
        "snapshot_url": "https://eapps.ncdot.gov/services/traffic-prod/v1/cameras/images?filename=NC540Toll-50.6W_HollySprings",
        "m3u8_url": null,
        "is_streaming": false
      }
    },
    {
      "type": "Feature",
      "geometry": {
        "type": "Point",
        "coordinates": [
          -78.80377974705543,
          35.6734645457188
        ]
      },
      "properties": {
        "id": 1808,
        "name": "NC540Toll-51.3W_SunsetLake",
        "roadId": 3852,
        "countyId": 92,
        "mileMarker": 51.3,
        "status": "OK",
        "snapshot_url": "https://eapps.ncdot.gov/services/traffic-prod/v1/cameras/images?filename=NC540Toll-51.3W_SunsetLake",
        "m3u8_url": null,
        "is_streaming": false
      }
    },
    {
      "type": "Feature",
      "geometry": {
        "type": "Point",
        "coordinates": [
          -78.81609538328954,
          35.674874157254926
        ]
      },
      "properties": {
        "id": 1809,
        "name": "NC540Toll-52.1W",
        "roadId": 3852,
        "countyId": 92,
        "mileMarker": 52.1,
        "status": "OK",
        "snapshot_url": "https://eapps.ncdot.gov/services/traffic-prod/v1/cameras/images?filename=NC540Toll-52.1W",
        "m3u8_url": null,
        "is_streaming": false
      }
    },
    {
      "type": "Feature",
      "geometry": {
        "type": "Point",
        "coordinates": [
          -78.82122153307023,
          35.67900123811902
        ]
      },
      "properties": {
        "id": 1810,
        "name": "NC540Toll-52.6W_SunsetLake",
        "roadId": 3852,
        "countyId": 92,
        "mileMarker": 52.6,
        "status": "OK",
        "snapshot_url": "https://eapps.ncdot.gov/services/traffic-prod/v1/cameras/images?filename=NC540Toll-52.6W_SunsetLake",
        "m3u8_url": null,
        "is_streaming": false
      }
    },
    {
      "type": "Feature",
      "geometry": {
        "type": "Point",
        "coordinates": [
          -78.68838019593498,
          35.652017491531254
        ]
      },
      "properties": {
        "id": 1811,
        "name": "NC540Toll-44.2_FannyBrown",
        "roadId": 3852,
        "countyId": 92,
        "mileMarker": 44.2,
        "status": "OK",
        "snapshot_url": "https://eapps.ncdot.gov/services/traffic-prod/v1/cameras/images?filename=NC540Toll-44.2W_FannyBrown",
        "m3u8_url": null,
        "is_streaming": false
      }
    },
    {
      "type": "Feature",
      "geometry": {
        "type": "Point",
        "coordinates": [
          -78.56622817269154,
          35.639901054959225
        ]
      },
      "properties": {
        "id": 1812,
        "name": "NC540Toll-36.8_rampfromI-40E309",
        "roadId": 3852,
        "countyId": 92,
        "mileMarker": 36.8,
        "status": "OK",
        "snapshot_url": "https://eapps.ncdot.gov/services/traffic-prod/v1/cameras/images?filename=NC540Toll-36.8_rampfromI-40E309",
        "m3u8_url": null,
        "is_streaming": false
      }
    },
    {
      "type": "Feature",
      "geometry": {
        "type": "Point",
        "coordinates": [
          -78.59196625879919,
          35.62623526994117
        ]
      },
      "properties": {
        "id": 1813,
        "name": "NC540Toll-38.2W",
        "roadId": 3852,
        "countyId": 92,
        "mileMarker": 38.2,
        "status": "OK",
        "snapshot_url": "https://eapps.ncdot.gov/services/traffic-prod/v1/cameras/images?filename=NC540Toll-38.2W",
        "m3u8_url": null,
        "is_streaming": false
      }
    },
    {
      "type": "Feature",
      "geometry": {
        "type": "Point",
        "coordinates": [
          -78.60643111282266,
          35.62258094421943
        ]
      },
      "properties": {
        "id": 1814,
        "name": "NC540Toll-39E_Benson",
        "roadId": 3852,
        "countyId": 92,
        "mileMarker": 39.0,
        "status": "OK",
        "snapshot_url": "https://eapps.ncdot.gov/services/traffic-prod/v1/cameras/images?filename=NC540Toll-39E_Benson",
        "m3u8_url": null,
        "is_streaming": false
      }
    },
    {
      "type": "Feature",
      "geometry": {
        "type": "Point",
        "coordinates": [
          -78.63194184789317,
          35.626944191045624
        ]
      },
      "properties": {
        "id": 1817,
        "name": "NC540Toll-40.7E",
        "roadId": 3852,
        "countyId": 92,
        "mileMarker": 40.7,
        "status": "OK",
        "snapshot_url": "https://eapps.ncdot.gov/services/traffic-prod/v1/cameras/images?filename=NC540Toll-40.7E",
        "m3u8_url": null,
        "is_streaming": false
      }
    },
    {
      "type": "Feature",
      "geometry": {
        "type": "Point",
        "coordinates": [
          -78.65472352513122,
          35.63757246035477
        ]
      },
      "properties": {
        "id": 1818,
        "name": "NC540Toll-42.2E_HollandChurch",
        "roadId": 3852,
        "countyId": 92,
        "mileMarker": 42.2,
        "status": "OK",
        "snapshot_url": "https://eapps.ncdot.gov/services/traffic-prod/v1/cameras/images?filename=NC540Toll-42.2E_HollandChurch",
        "m3u8_url": null,
        "is_streaming": false
      }
    },
    {
      "type": "Feature",
      "geometry": {
        "type": "Point",
        "coordinates": [
          -78.6781721794276,
          35.6497514476904
        ]
      },
      "properties": {
        "id": 1819,
        "name": "NC540Toll-43.8W",
        "roadId": 3852,
        "countyId": 92,
        "mileMarker": 43.8,
        "status": "OK",
        "snapshot_url": "https://eapps.ncdot.gov/services/traffic-prod/v1/cameras/images?filename=NC540Toll-43.8W",
        "m3u8_url": null,
        "is_streaming": false
      }
    },
    {
      "type": "Feature",
      "geometry": {
        "type": "Point",
        "coordinates": [
          -78.76695986362904,
          35.67756613980462
        ]
      },
      "properties": {
        "id": 1820,
        "name": "NC540Toll-49.2E",
        "roadId": 3852,
        "countyId": 92,
        "mileMarker": 49.2,
        "status": "OK",
        "snapshot_url": "https://eapps.ncdot.gov/services/traffic-prod/v1/cameras/images?filename=NC540Toll-49.2E",
        "m3u8_url": null,
        "is_streaming": false
      }
    },
    {
      "type": "Feature",
      "geometry": {
        "type": "Point",
        "coordinates": [
          -78.62034708483746,
          35.62206826523666
        ]
      },
      "properties": {
        "id": 1821,
        "name": "NC540Toll-40E_NC50Benson",
        "roadId": 3852,
        "countyId": 92,
        "mileMarker": 40.0,
        "status": "OK",
        "snapshot_url": "https://eapps.ncdot.gov/services/traffic-prod/v1/cameras/images?filename=NC540Toll-40E_NC50Benson",
        "m3u8_url": null,
        "is_streaming": false
      }
    },
    {
      "type": "Feature",
      "geometry": {
        "type": "Point",
        "coordinates": [
          -78.568915,
          35.631005
        ]
      },
      "properties": {
        "id": 1822,
        "name": "NC540Toll-37_rampfromToll540E36",
        "roadId": 3852,
        "countyId": 92,
        "mileMarker": 36.0,
        "status": "OK",
        "snapshot_url": "https://eapps.ncdot.gov/services/traffic-prod/v1/cameras/images?filename=NC540Toll-37_rampfromToll540E36",
        "m3u8_url": null,
        "is_streaming": false
      }
    },
    {
      "type": "Feature",
      "geometry": {
        "type": "Point",
        "coordinates": [
          -78.82732078381814,
          35.68587198112374
        ]
      },
      "properties": {
        "id": 1824,
        "name": "NC540Toll-53W",
        "roadId": 3852,
        "countyId": 92,
        "mileMarker": 53.0,
        "status": "OK",
        "snapshot_url": "https://eapps.ncdot.gov/services/traffic-prod/v1/cameras/images?filename=NC540Toll-53W",
        "m3u8_url": null,
        "is_streaming": false
      }
    },
    {
      "type": "Feature",
      "geometry": {
        "type": "Point",
        "coordinates": [
          -78.64195028873138,
          35.63425447445155
        ]
      },
      "properties": {
        "id": 1825,
        "name": "NC540Toll-41.4W_Sauls",
        "roadId": 3852,
        "countyId": 92,
        "mileMarker": null,
        "status": "OK",
        "snapshot_url": "https://eapps.ncdot.gov/services/traffic-prod/v1/cameras/images?filename=NC540Toll-41.4W_Sauls",
        "m3u8_url": null,
        "is_streaming": false
      }
    },
    {
      "type": "Feature",
      "geometry": {
        "type": "Point",
        "coordinates": [
          -76.34144824503525,
          36.414800930154094
        ]
      },
      "properties": {
        "id": 1826,
        "name": "US17 @ Morgans Corner",
        "roadId": 33,
        "countyId": 70,
        "mileMarker": null,
        "status": "OK",
        "snapshot_url": "https://eapps.ncdot.gov/services/traffic-prod/v1/cameras/images?filename=US17_MorgansCorner",
        "m3u8_url": null,
        "is_streaming": false
      }
    },
    {
      "type": "Feature",
      "geometry": {
        "type": "Point",
        "coordinates": [
          -83.086245,
          35.771295
        ]
      },
      "properties": {
        "id": 1827,
        "name": "I-40 EB MM1",
        "roadId": 1,
        "countyId": 44,
        "mileMarker": 1.0,
        "status": "OK",
        "snapshot_url": "https://cfss.services.ncdot.gov/snapshots/chan-6117_h.jpg",
        "m3u8_url": null,
        "is_streaming": false
      }
    },
    {
      "type": "Feature",
      "geometry": {
        "type": "Point",
        "coordinates": [
          -79.11523620856471,
          34.593523108193665
        ]
      },
      "properties": {
        "id": 1828,
        "name": "CCTV06-I95-13S_I74",
        "roadId": 117,
        "countyId": 78,
        "mileMarker": 13.0,
        "status": "OK",
        "snapshot_url": "https://eapps.ncdot.gov/services/traffic-prod/v1/cameras/images?filename=CCTV06-I95-13S_I74",
        "m3u8_url": null,
        "is_streaming": false
      }
    },
    {
      "type": "Feature",
      "geometry": {
        "type": "Point",
        "coordinates": [
          -79.11014041206553,
          34.59346695723767
        ]
      },
      "properties": {
        "id": 1829,
        "name": "CCTV06-I95-13N_I74",
        "roadId": 117,
        "countyId": 78,
        "mileMarker": 13.0,
        "status": "OK",
        "snapshot_url": "https://eapps.ncdot.gov/services/traffic-prod/v1/cameras/images?filename=CCTV06-I95-13N_I74",
        "m3u8_url": null,
        "is_streaming": false
      }
    },
    {
      "type": "Feature",
      "geometry": {
        "type": "Point",
        "coordinates": [
          -79.20249549445302,
          34.550741003926156
        ]
      },
      "properties": {
        "id": 1830,
        "name": "CCTV06-I95-7S_RAYNHAM",
        "roadId": 117,
        "countyId": 78,
        "mileMarker": 7.0,
        "status": "OK",
        "snapshot_url": "https://eapps.ncdot.gov/services/traffic-prod/v1/cameras/images?filename=CCTV06-I95-7S_RAYNHAM",
        "m3u8_url": null,
        "is_streaming": false
      }
    },
    {
      "type": "Feature",
      "geometry": {
        "type": "Point",
        "coordinates": [
          -79.00738477516357,
          34.6674445448088
        ]
      },
      "properties": {
        "id": 1831,
        "name": "CCTV06-I95-22S_US301",
        "roadId": 117,
        "countyId": 78,
        "mileMarker": 22.0,
        "status": "OK",
        "snapshot_url": "https://eapps.ncdot.gov/services/traffic-prod/v1/cameras/images?filename=CCTV06-I95-22S_US301",
        "m3u8_url": null,
        "is_streaming": false
      }
    },
    {
      "type": "Feature",
      "geometry": {
        "type": "Point",
        "coordinates": [
          -78.95576679248725,
          34.90844339561071
        ]
      },
      "properties": {
        "id": 1832,
        "name": "CCTV06-I95-38N_I295",
        "roadId": 117,
        "countyId": 78,
        "mileMarker": 38.0,
        "status": "OK",
        "snapshot_url": "https://eapps.ncdot.gov/services/traffic-prod/v1/cameras/images?filename=CCTV06-I95-38N_I295",
        "m3u8_url": null,
        "is_streaming": false
      }
    },
    {
      "type": "Feature",
      "geometry": {
        "type": "Point",
        "coordinates": [
          -78.57667974941691,
          35.57819944262814
        ]
      },
      "properties": {
        "id": 1833,
        "name": "CCTV04-I40-314E",
        "roadId": 1,
        "countyId": 51,
        "mileMarker": 314.0,
        "status": "OK",
        "snapshot_url": "https://eapps.ncdot.gov/services/traffic-prod/v1/cameras/images?filename=CCTV04-I40-314E",
        "m3u8_url": null,
        "is_streaming": false
      }
    },
    {
      "type": "Feature",
      "geometry": {
        "type": "Point",
        "coordinates": [
          -83.097236,
          35.775632
        ]
      },
      "properties": {
        "id": 1834,
        "name": "I-40 MM 0",
        "roadId": 1,
        "countyId": 44,
        "mileMarker": null,
        "status": "OK",
        "snapshot_url": "https://cfss.services.ncdot.gov/snapshots/chan-6116_h.jpg",
        "m3u8_url": null,
        "is_streaming": false
      }
    },
    {
      "type": "Feature",
      "geometry": {
        "type": "Point",
        "coordinates": [
          -83.071053,
          35.757741
        ]
      },
      "properties": {
        "id": 1835,
        "name": "I-40 MM 2",
        "roadId": 1,
        "countyId": 44,
        "mileMarker": 2.0,
        "status": "OK",
        "snapshot_url": "https://cfss.services.ncdot.gov/snapshots/chan-6118_h.jpg",
        "m3u8_url": null,
        "is_streaming": false
      }
    },
    {
      "type": "Feature",
      "geometry": {
        "type": "Point",
        "coordinates": [
          -83.064582,
          35.750542
        ]
      },
      "properties": {
        "id": 1836,
        "name": "I-40 MM 2.7",
        "roadId": 1,
        "countyId": 44,
        "mileMarker": 2.7,
        "status": "OK",
        "snapshot_url": "https://cfss.services.ncdot.gov/snapshots/chan-6119_h.jpg",
        "m3u8_url": null,
        "is_streaming": false
      }
    },
    {
      "type": "Feature",
      "geometry": {
        "type": "Point",
        "coordinates": [
          -83.057424,
          35.752981
        ]
      },
      "properties": {
        "id": 1837,
        "name": "I-40 MM 3",
        "roadId": 1,
        "countyId": 44,
        "mileMarker": 3.0,
        "status": "OK",
        "snapshot_url": "https://cfss.services.ncdot.gov/snapshots/chan-6120_h.jpg",
        "m3u8_url": null,
        "is_streaming": false
      }
    },
    {
      "type": "Feature",
      "geometry": {
        "type": "Point",
        "coordinates": [
          -83.032725,
          35.753126
        ]
      },
      "properties": {
        "id": 1838,
        "name": "I-40 MM 5",
        "roadId": 1,
        "countyId": 44,
        "mileMarker": 5.0,
        "status": "OK",
        "snapshot_url": "https://cfss.services.ncdot.gov/snapshots/chan-6123_h.jpg",
        "m3u8_url": null,
        "is_streaming": false
      }
    },
    {
      "type": "Feature",
      "geometry": {
        "type": "Point",
        "coordinates": [
          -83.034549,
          35.747512
        ]
      },
      "properties": {
        "id": 1839,
        "name": "I-40 MM 5.6",
        "roadId": 1,
        "countyId": 44,
        "mileMarker": 5.6,
        "status": "OK",
        "snapshot_url": "https://cfss.services.ncdot.gov/snapshots/chan-6124_h.jpg",
        "m3u8_url": null,
        "is_streaming": false
      }
    },
    {
      "type": "Feature",
      "geometry": {
        "type": "Point",
        "coordinates": [
          -83.105056,
          35.779354
        ]
      },
      "properties": {
        "id": 1840,
        "name": "I-40 TN MM 450.8",
        "roadId": 1,
        "countyId": 44,
        "mileMarker": 450.8,
        "status": "OK",
        "snapshot_url": "https://cfss.services.ncdot.gov/snapshots/chan-6115_h.jpg",
        "m3u8_url": null,
        "is_streaming": false
      }
    },
    {
      "type": "Feature",
      "geometry": {
        "type": "Point",
        "coordinates": [
          -83.107443,
          35.780336
        ]
      },
      "properties": {
        "id": 1841,
        "name": "I-40 TN MM 450.4",
        "roadId": 1,
        "countyId": 44,
        "mileMarker": 450.4,
        "status": "OK",
        "snapshot_url": "https://cfss.services.ncdot.gov/snapshots/chan-6114_h.jpg",
        "m3u8_url": null,
        "is_streaming": false
      }
    },
    {
      "type": "Feature",
      "geometry": {
        "type": "Point",
        "coordinates": [
          -83.114223,
          35.794784
        ]
      },
      "properties": {
        "id": 1842,
        "name": "I-40 TN MM 449.8",
        "roadId": 1,
        "countyId": 44,
        "mileMarker": 449.8,
        "status": "OK",
        "snapshot_url": "https://cfss.services.ncdot.gov/snapshots/chan-6113_h.jpg",
        "m3u8_url": null,
        "is_streaming": false
      }
    },
    {
      "type": "Feature",
      "geometry": {
        "type": "Point",
        "coordinates": [
          -83.145652,
          35.81978
        ]
      },
      "properties": {
        "id": 1843,
        "name": "I-40 TN MM 446.6",
        "roadId": 1,
        "countyId": 44,
        "mileMarker": 446.6,
        "status": "OK",
        "snapshot_url": "https://cfss.services.ncdot.gov/snapshots/chan-6109_h.jpg",
        "m3u8_url": null,
        "is_streaming": false
      }
    },
    {
      "type": "Feature",
      "geometry": {
        "type": "Point",
        "coordinates": [
          -83.139262,
          35.80773
        ]
      },
      "properties": {
        "id": 1844,
        "name": "I-40 TN MM 448.8",
        "roadId": 1,
        "countyId": 44,
        "mileMarker": 448.8,
        "status": "OK",
        "snapshot_url": "https://cfss.services.ncdot.gov/snapshots/chan-6111_h.jpg",
        "m3u8_url": null,
        "is_streaming": false
      }
    },
    {
      "type": "Feature",
      "geometry": {
        "type": "Point",
        "coordinates": [
          -83.125505,
          35.79582
        ]
      },
      "properties": {
        "id": 1845,
        "name": "I-40 TN MM 449.1",
        "roadId": 1,
        "countyId": 44,
        "mileMarker": 449.1,
        "status": "OK",
        "snapshot_url": "https://cfss.services.ncdot.gov/snapshots/chan-6112_h.jpg",
        "m3u8_url": null,
        "is_streaming": false
      }
    },
    {
      "type": "Feature",
      "geometry": {
        "type": "Point",
        "coordinates": [
          -83.142786,
          35.815599
        ]
      },
      "properties": {
        "id": 1846,
        "name": "I-40 TN MM 447.9",
        "roadId": 1,
        "countyId": 44,
        "mileMarker": 447.9,
        "status": "OK",
        "snapshot_url": "https://cfss.services.ncdot.gov/snapshots/chan-6110_h.jpg",
        "m3u8_url": null,
        "is_streaming": false
      }
    },
    {
      "type": "Feature",
      "geometry": {
        "type": "Point",
        "coordinates": [
          -82.439894,
          35.341132
        ]
      },
      "properties": {
        "id": 1849,
        "name": "I26 @ US64",
        "roadId": 62,
        "countyId": 45,
        "mileMarker": 49.0,
        "status": "OK",
        "snapshot_url": "https://cfas.services.ncdot.gov/snapshots/chan-5443_h.jpg",
        "m3u8_url": null,
        "is_streaming": false
      }
    },
    {
      "type": "Feature",
      "geometry": {
        "type": "Point",
        "coordinates": [
          -82.32809325686392,
          35.24884988733444
        ]
      },
      "properties": {
        "id": 1850,
        "name": "I26_mm59",
        "roadId": 62,
        "countyId": 75,
        "mileMarker": 59.0,
        "status": "OK",
        "snapshot_url": "https://eapps.ncdot.gov/services/traffic-prod/v1/cameras/images?filename=I26_mm59.jpg",
        "m3u8_url": null,
        "is_streaming": false
      }
    },
    {
      "type": "Feature",
      "geometry": {
        "type": "Point",
        "coordinates": [
          -77.88239540447165,
          35.96916813481226
        ]
      },
      "properties": {
        "id": 1851,
        "name": "I95-137.5S_SUNSET",
        "roadId": 117,
        "countyId": 64,
        "mileMarker": 137.5,
        "status": "OK",
        "snapshot_url": "https://eapps.ncdot.gov/services/traffic-prod/v1/cameras/images?filename=I95-137.5S_SUNSET",
        "m3u8_url": null,
        "is_streaming": false
      }
    },
    {
      "type": "Feature",
      "geometry": {
        "type": "Point",
        "coordinates": [
          -77.74477648894414,
          34.336555864436576
        ]
      },
      "properties": {
        "id": 1852,
        "name": "US17_ScottsHill",
        "roadId": 33,
        "countyId": 71,
        "mileMarker": null,
        "status": "OK",
        "snapshot_url": "https://eapps.ncdot.gov/services/traffic-prod/v1/cameras/images?filename=US17_ScottsHill",
        "m3u8_url": null,
        "is_streaming": false
      }
    },
    {
      "type": "Feature",
      "geometry": {
        "type": "Point",
        "coordinates": [
          -77.74477648894414,
          34.336555864436576
        ]
      },
      "properties": {
        "id": 1853,
        "name": "US17_ScottsHill",
        "roadId": 33,
        "countyId": 71,
        "mileMarker": null,
        "status": "OK",
        "snapshot_url": "https://eapps.ncdot.gov/services/traffic-prod/v1/cameras/images?filename=US17_ScottsHill",
        "m3u8_url": null,
        "is_streaming": false
      }
    },
    {
      "type": "Feature",
      "geometry": {
        "type": "Point",
        "coordinates": [
          -78.541671,
          35.965581
        ]
      },
      "properties": {
        "id": 1854,
        "name": "US-1 @ NC 98",
        "roadId": 29,
        "countyId": 92,
        "mileMarker": null,
        "status": "OK",
        "snapshot_url": "https://cfss.services.ncdot.gov/snapshots/chan-6320_h.jpg",
        "m3u8_url": null,
        "is_streaming": false
      }
    },
    {
      "type": "Feature",
      "geometry": {
        "type": "Point",
        "coordinates": [
          -78.5564583066994,
          35.970999808101546
        ]
      },
      "properties": {
        "id": 1855,
        "name": "NC98 @ Durham Rd",
        "roadId": 137,
        "countyId": 92,
        "mileMarker": null,
        "status": "OK",
        "snapshot_url": "https://cfss.services.ncdot.gov/snapshots/chan-6321_h.jpg",
        "m3u8_url": null,
        "is_streaming": false
      }
    },
    {
      "type": "Feature",
      "geometry": {
        "type": "Point",
        "coordinates": [
          -78.51754961291506,
          35.96638259896542
        ]
      },
      "properties": {
        "id": 1856,
        "name": "NC98 @ US1 Alt",
        "roadId": 137,
        "countyId": 92,
        "mileMarker": null,
        "status": "OK",
        "snapshot_url": "https://cfss.services.ncdot.gov/snapshots/chan-6319_h.jpg",
        "m3u8_url": null,
        "is_streaming": false
      }
    },
    {
      "type": "Feature",
      "geometry": {
        "type": "Point",
        "coordinates": [
          -78.53946733752441,
          35.97895531923492
        ]
      },
      "properties": {
        "id": 1857,
        "name": "US1 @ Durham Rd",
        "roadId": 29,
        "countyId": 92,
        "mileMarker": null,
        "status": "OK",
        "snapshot_url": "https://cfss.services.ncdot.gov/snapshots/chan-6321_h.jpg",
        "m3u8_url": null,
        "is_streaming": false
      }
    },
    {
      "type": "Feature",
      "geometry": {
        "type": "Point",
        "coordinates": [
          -78.53532543460086,
          35.986351986833114
        ]
      },
      "properties": {
        "id": 1858,
        "name": "US1 @ Wake Union Church Rd",
        "roadId": 29,
        "countyId": 92,
        "mileMarker": null,
        "status": "OK",
        "snapshot_url": "https://cfss.services.ncdot.gov/snapshots/chan-6325_h.jpg",
        "m3u8_url": null,
        "is_streaming": false
      }
    },
    {
      "type": "Feature",
      "geometry": {
        "type": "Point",
        "coordinates": [
          -78.52126050273132,
          36.00482096777996
        ]
      },
      "properties": {
        "id": 1859,
        "name": "US1 @ Harris Rd",
        "roadId": 29,
        "countyId": 92,
        "mileMarker": null,
        "status": "OK",
        "snapshot_url": "https://cfss.services.ncdot.gov/snapshots/chan-6326_h.jpg",
        "m3u8_url": null,
        "is_streaming": false
      }
    },
    {
      "type": "Feature",
      "geometry": {
        "type": "Point",
        "coordinates": [
          -78.51718543925726,
          36.01365011752056
        ]
      },
      "properties": {
        "id": 1860,
        "name": "US1 @ Wall Rd",
        "roadId": 29,
        "countyId": 35,
        "mileMarker": null,
        "status": "OK",
        "snapshot_url": "https://cfss.services.ncdot.gov/snapshots/chan-6322_h.jpg",
        "m3u8_url": null,
        "is_streaming": false
      }
    },
    {
      "type": "Feature",
      "geometry": {
        "type": "Point",
        "coordinates": [
          -78.50928431972562,
          36.025106948271485
        ]
      },
      "properties": {
        "id": 1861,
        "name": "US1 @ Holden Rd",
        "roadId": 29,
        "countyId": 35,
        "mileMarker": null,
        "status": "OK",
        "snapshot_url": "https://cfss.services.ncdot.gov/snapshots/chan-6323_h.jpg",
        "m3u8_url": null,
        "is_streaming": false
      }
    },
    {
      "type": "Feature",
      "geometry": {
        "type": "Point",
        "coordinates": [
          -83.076271,
          35.763355
        ]
      },
      "properties": {
        "id": 1862,
        "name": "I-40 EB MM1.5",
        "roadId": 1,
        "countyId": 44,
        "mileMarker": 1.5,
        "status": "OK",
        "snapshot_url": "https://cfss.services.ncdot.gov/snapshots/chan-6293_h.jpg",
        "m3u8_url": null,
        "is_streaming": false
      }
    },
    {
      "type": "Feature",
      "geometry": {
        "type": "Point",
        "coordinates": [
          -78.21003274473647,
          34.312822109223426
        ]
      },
      "properties": {
        "id": 1863,
        "name": "US-74 mm 270 @ Old Stage",
        "roadId": 21,
        "countyId": 24,
        "mileMarker": 270.0,
        "status": "OK",
        "snapshot_url": "https://cfes.services.ncdot.gov/snapshots/chan-6351_h.jpg",
        "m3u8_url": null,
        "is_streaming": false
      }
    },
    {
      "type": "Feature",
      "geometry": {
        "type": "Point",
        "coordinates": [
          -78.21003274473647,
          34.312822109223426
        ]
      },
      "properties": {
        "id": 1864,
        "name": "US-74 mm 270 @ Old Stage",
        "roadId": 21,
        "countyId": 24,
        "mileMarker": 270.0,
        "status": "OK",
        "snapshot_url": "https://cfes.services.ncdot.gov/snapshots/chan-6351_h.jpg",
        "m3u8_url": null,
        "is_streaming": false
      }
    },
    {
      "type": "Feature",
      "geometry": {
        "type": "Point",
        "coordinates": [
          -78.4195940072948,
          34.329350405556646
        ]
      },
      "properties": {
        "id": 1865,
        "name": "CCTV06-US74-258W_GREENSWAMP",
        "roadId": 21,
        "countyId": 24,
        "mileMarker": null,
        "status": "OK",
        "snapshot_url": "https://cfes.services.ncdot.gov/snapshots/chan-6352_h.jpg",
        "m3u8_url": null,
        "is_streaming": false
      }
    },
    {
      "type": "Feature",
      "geometry": {
        "type": "Point",
        "coordinates": [
          -78.65777729900046,
          34.34925128870021
        ]
      },
      "properties": {
        "id": 1866,
        "name": "CCTV06-US74-244M_US74BUS",
        "roadId": 21,
        "countyId": 24,
        "mileMarker": null,
        "status": "OK",
        "snapshot_url": "https://cfes.services.ncdot.gov/snapshots/chan-6353_h.jpg",
        "m3u8_url": null,
        "is_streaming": false
      }
    },
    {
      "type": "Feature",
      "geometry": {
        "type": "Point",
        "coordinates": [
          -78.8306915757379,
          34.35997332928967
        ]
      },
      "properties": {
        "id": 1867,
        "name": "CCTV06-US74-233E_JOEBROWN",
        "roadId": 21,
        "countyId": 24,
        "mileMarker": null,
        "status": "OK",
        "snapshot_url": "https://cfes.services.ncdot.gov/snapshots/chan-6355_h.jpg",
        "m3u8_url": null,
        "is_streaming": false
      }
    },
    {
      "type": "Feature",
      "geometry": {
        "type": "Point",
        "coordinates": [
          -78.8306915757379,
          34.35997332928967
        ]
      },
      "properties": {
        "id": 1868,
        "name": "CCTV06-US74-233E_JOEBROWN",
        "roadId": 21,
        "countyId": 24,
        "mileMarker": null,
        "status": "OK",
        "snapshot_url": "https://cfes.services.ncdot.gov/snapshots/chan-6355_h.jpg",
        "m3u8_url": null,
        "is_streaming": false
      }
    },
    {
      "type": "Feature",
      "geometry": {
        "type": "Point",
        "coordinates": [
          -79.0480089094875,
          34.57964439715071
        ]
      },
      "properties": {
        "id": 1869,
        "name": "CCTV06-I74-213M_MLKJR",
        "roadId": 3834,
        "countyId": 78,
        "mileMarker": null,
        "status": "OK",
        "snapshot_url": "https://cfes.services.ncdot.gov/snapshots/chan-5764_h.jpg",
        "m3u8_url": null,
        "is_streaming": false
      }
    },
    {
      "type": "Feature",
      "geometry": {
        "type": "Point",
        "coordinates": [
          -79.20072760792304,
          34.604315314257995
        ]
      },
      "properties": {
        "id": 1870,
        "name": "CCTV06-I74-203E_DEW",
        "roadId": 3834,
        "countyId": 78,
        "mileMarker": null,
        "status": "OK",
        "snapshot_url": "https://cfss.services.ncdot.gov/snapshots/chan-5761_h.jpg",
        "m3u8_url": null,
        "is_streaming": false
      }
    },
    {
      "type": "Feature",
      "geometry": {
        "type": "Point",
        "coordinates": [
          -79.24479787597994,
          34.65069055639525
        ]
      },
      "properties": {
        "id": 1871,
        "name": "CCTV06-I74-200M_NC710",
        "roadId": 3834,
        "countyId": 78,
        "mileMarker": null,
        "status": "OK",
        "snapshot_url": "https://cfss.services.ncdot.gov/snapshots/chan-5760_h.jpg",
        "m3u8_url": null,
        "is_streaming": false
      }
    },
    {
      "type": "Feature",
      "geometry": {
        "type": "Point",
        "coordinates": [
          -79.8738461679929,
          34.945650439074235
        ]
      },
      "properties": {
        "id": 1872,
        "name": "CCTV10-US74-304.5M",
        "roadId": 21,
        "countyId": 4,
        "mileMarker": null,
        "status": "OK",
        "snapshot_url": "https://cfms.services.ncdot.gov/snapshots/chan-6357_h.jpg",
        "m3u8_url": null,
        "is_streaming": false
      }
    },
    {
      "type": "Feature",
      "geometry": {
        "type": "Point",
        "coordinates": [
          -79.08857786804701,
          36.02496953508532
        ]
      },
      "properties": {
        "id": 1873,
        "name": "I-40_mm261.5W",
        "roadId": 1,
        "countyId": 68,
        "mileMarker": 261.5,
        "status": "OK",
        "snapshot_url": "https://cfts.services.ncdot.gov:443/snapshots/chan-5870_h.jpg",
        "m3u8_url": "https://cfts.services.ncdot.gov:443/chan-5870/index.m3u8",
        "is_streaming": true
      }
    }
  ]
}