{
  "type": "FeatureCollection",
  "features": [
    {
      "type": "Feature",
      "geometry": {
        "type": "Point",
        "coordinates": [
          -119.852401,
          39.484798
        ]
      },
      "properties": {
        "id": "2",
        "name": "N/A",
        "m3u8_url": "https://d2wse2.its.nv.gov:443/renoxcd02/fb89196b-15dc-48fb-992e-030b7a325d34_hspflirxcd02_public.stream/playlist.m3u8",
        "snapshot_url": "https://www.nvroads.com/map/Cctv/2"
      }
    },
    {
      "type": "Feature",
      "geometry": {
        "type": "Point",
        "coordinates": [
          -119.896934154755,
          39.5091388096057
        ]
      },
      "properties": {
        "id": "80",
        "name": "N/A",
        "m3u8_url": "https://d2wse1.its.nv.gov:443/renoxcd03/cfba9931-de51-4d48-95b7-c703a137c7ae_hspflirxcd03_public.stream/playlist.m3u8",
        "snapshot_url": "https://www.nvroads.com/map/Cctv/80"
      }
    },
    {
      "type": "Feature",
      "geometry": {
        "type": "Point",
        "coordinates": [
          -119.807403,
          39.476799
        ]
      },
      "properties": {
        "id": "623",
        "name": "N/A",
        "m3u8_url": "https://d2wse1.its.nv.gov:443/renoxcd01/468fec45-7a0a-46be-b3d2-380ce76d2e3f_hspflirxcd01_public.stream/playlist.m3u8",
        "snapshot_url": "https://www.nvroads.com/map/Cctv/623"
      }
    },
    {
      "type": "Feature",
      "geometry": {
        "type": "Point",
        "coordinates": [
          -115.17269,
          36.1118
        ]
      },
      "properties": {
        "id": "4697",
        "name": "Las Vegas Blvd &amp; Paris F1",
        "m3u8_url": "https://d1wse2.its.nv.gov:443/vegasxcd02/4f07c2a4-2a1d-4f50-b25b-d482e2535e74_lvflirxcd03_public.stream/playlist.m3u8",
        "snapshot_url": "https://www.nvroads.com/map/Cctv/4697"
      }
    },
    {
      "type": "Feature",
      "geometry": {
        "type": "Point",
        "coordinates": [
          -115.17271,
          36.1111
        ]
      },
      "properties": {
        "id": "4698",
        "name": "Las Vegas Blvd &amp; Planet Hollywood F1",
        "m3u8_url": "https://d1wse2.its.nv.gov:443/vegasxcd02/e994f4b0-edd9-48d6-8dfd-8379ab4f5091_lvflirxcd03_public.stream/playlist.m3u8",
        "snapshot_url": "https://www.nvroads.com/map/Cctv/4698"
      }
    },
    {
      "type": "Feature",
      "geometry": {
        "type": "Point",
        "coordinates": [
          -115.17332,
          36.11115
        ]
      },
      "properties": {
        "id": "4699",
        "name": "Las Vegas Blvd &amp; Bellagio F1",
        "m3u8_url": "https://d1wse2.its.nv.gov:443/vegasxcd02/333a58ca-72ea-4ca8-a641-b9bb0579b4ed_lvflirxcd03_public.stream/playlist.m3u8",
        "snapshot_url": "https://www.nvroads.com/map/Cctv/4699"
      }
    },
    {
      "type": "Feature",
      "geometry": {
        "type": "Point",
        "coordinates": [
          -115.17231,
          36.11991
        ]
      },
      "properties": {
        "id": "4700",
        "name": "Las Vegas Blvd &amp; Harrahs-Mirage Exit F1",
        "m3u8_url": "https://d1wse2.its.nv.gov:443/vegasxcd02/6dc51cf7-33ad-454d-b129-b6043b4fc1f1_lvflirxcd03_public.stream/playlist.m3u8",
        "snapshot_url": "https://www.nvroads.com/map/Cctv/4700"
      }
    },
    {
      "type": "Feature",
      "geometry": {
        "type": "Point",
        "coordinates": [
          -115.17128,
          36.12212
        ]
      },
      "properties": {
        "id": "4701",
        "name": "Las Vegas Blvd &amp; Mirage-Venetian F1",
        "m3u8_url": "https://d1wse2.its.nv.gov:443/vegasxcd02/3d995f6b-442b-4fd0-a2b1-5c08245dc063_lvflirxcd03_public.stream/playlist.m3u8",
        "snapshot_url": "https://www.nvroads.com/map/Cctv/4701"
      }
    },
    {
      "type": "Feature",
      "geometry": {
        "type": "Point",
        "coordinates": [
          -115.1711,
          36.12331
        ]
      },
      "properties": {
        "id": "4702",
        "name": "Las Vegas Blvd &amp; Sirens Cove Blvd-Palazzo F1",
        "m3u8_url": "https://d1wse3.its.nv.gov:443/vegasxcd03/3bd493c4-4dc4-49f1-9238-a1753f23829b_lvflirxcd04_public.stream/playlist.m3u8",
        "snapshot_url": "https://www.nvroads.com/map/Cctv/4702"
      }
    },
    {
      "type": "Feature",
      "geometry": {
        "type": "Point",
        "coordinates": [
          -115.16901,
          36.12564
        ]
      },
      "properties": {
        "id": "4703",
        "name": "Las Vegas Blvd &amp; Spring Mountain - Sphere F1",
        "m3u8_url": "https://d1wse2.its.nv.gov:443/vegasxcd02/d30da79c-c940-4369-8b3b-3cb086aaec28_lvflirxcd03_public.stream/playlist.m3u8",
        "snapshot_url": "https://www.nvroads.com/map/Cctv/4703"
      }
    },
    {
      "type": "Feature",
      "geometry": {
        "type": "Point",
        "coordinates": [
          -115.17268,
          36.09753
        ]
      },
      "properties": {
        "id": "4704",
        "name": "Las Vegas Blvd &amp; Reno",
        "m3u8_url": "https://d1wse2.its.nv.gov:443/vegasxcd02/25c08391-533b-4170-bf98-c3790b584ce5_lvflirxcd03_public.stream/playlist.m3u8",
        "snapshot_url": "https://www.nvroads.com/map/Cctv/4704"
      }
    },
    {
      "type": "Feature",
      "geometry": {
        "type": "Point",
        "coordinates": [
          -115.17318,
          36.0972
        ]
      },
      "properties": {
        "id": "4705",
        "name": "Las Vegas Blvd &amp; Luxor",
        "m3u8_url": "https://d1wse2.its.nv.gov:443/vegasxcd02/5bb49f4e-e43c-439c-9a7d-b9d6da231aae_lvflirxcd03_public.stream/playlist.m3u8",
        "snapshot_url": "https://www.nvroads.com/map/Cctv/4705"
      }
    },
    {
      "type": "Feature",
      "geometry": {
        "type": "Point",
        "coordinates": [
          -115.17318,
          36.09337
        ]
      },
      "properties": {
        "id": "4706",
        "name": "Las Vegas Blvd &amp; Mandalay Bay Stadium",
        "m3u8_url": "https://d1wse2.its.nv.gov:443/vegasxcd02/cd6bb3a6-cd11-49ce-8f6e-cfec36f42949_lvflirxcd03_public.stream/playlist.m3u8",
        "snapshot_url": "https://www.nvroads.com/map/Cctv/4706"
      }
    },
    {
      "type": "Feature",
      "geometry": {
        "type": "Point",
        "coordinates": [
          -115.17268,
          36.09375
        ]
      },
      "properties": {
        "id": "4707",
        "name": "Las Vegas Blvd &amp; Hacienda Stadium",
        "m3u8_url": "https://d1wse2.its.nv.gov:443/vegasxcd02/9fda0bf9-821f-494e-a3c1-5ecf55a2ead4_lvflirxcd03_public.stream/playlist.m3u8",
        "snapshot_url": "https://www.nvroads.com/map/Cctv/4707"
      }
    },
    {
      "type": "Feature",
      "geometry": {
        "type": "Point",
        "coordinates": [
          -115.17262,
          36.08995
        ]
      },
      "properties": {
        "id": "4708",
        "name": "Las Vegas Blvd &amp; Four Seasons Stadium",
        "m3u8_url": "https://d1wse2.its.nv.gov:443/vegasxcd02/c07a5c3f-1033-4d97-a98b-5898c42269f8_lvflirxcd03_public.stream/playlist.m3u8",
        "snapshot_url": "https://www.nvroads.com/map/Cctv/4708"
      }
    },
    {
      "type": "Feature",
      "geometry": {
        "type": "Point",
        "coordinates": [
          -115.11948,
          36.11451
        ]
      },
      "properties": {
        "id": "4709",
        "name": "Flamingo Rd &amp; Eastern Ave",
        "m3u8_url": "https://d1wse3.its.nv.gov:443/vegasxcd03/895047b2-47a9-4aac-99a7-fb8dcbbe9b3c_lvflirxcd03_public.stream/playlist.m3u8",
        "snapshot_url": "https://www.nvroads.com/map/Cctv/4709"
      }
    },
    {
      "type": "Feature",
      "geometry": {
        "type": "Point",
        "coordinates": [
          -115.11876,
          36.09977
        ]
      },
      "properties": {
        "id": "4710",
        "name": "Tropicana Ave &amp; Eastern Ave",
        "m3u8_url": "https://d1wse4.its.nv.gov:443/vegasxcd04/9fc95325-03e4-4e54-bc8e-0e794c13ab89_lvflirxcd04_public.stream/playlist.m3u8",
        "snapshot_url": "https://www.nvroads.com/map/Cctv/4710"
      }
    },
    {
      "type": "Feature",
      "geometry": {
        "type": "Point",
        "coordinates": [
          -115.11892,
          36.07145
        ]
      },
      "properties": {
        "id": "4711",
        "name": "Eastern Ave &amp; Sunset Rd",
        "m3u8_url": "https://d1wse3.its.nv.gov:443/vegasxcd03/a115bf1c-8235-4788-98e6-d5c96bb7ef37_lvflirxcd03_public.stream/playlist.m3u8",
        "snapshot_url": "https://www.nvroads.com/map/Cctv/4711"
      }
    },
    {
      "type": "Feature",
      "geometry": {
        "type": "Point",
        "coordinates": [
          -115.14642,
          36.08928
        ]
      },
      "properties": {
        "id": "4712",
        "name": "Russell Rd &amp; Paradise Rd",
        "m3u8_url": "https://d1wse4.its.nv.gov:443/vegasxcd04/5aabf0a8-6136-455d-ae6f-bc35c2b94886_lvflirxcd04_public.stream/playlist.m3u8",
        "snapshot_url": "https://www.nvroads.com/map/Cctv/4712"
      }
    },
    {
      "type": "Feature",
      "geometry": {
        "type": "Point",
        "coordinates": [
          -115.16148,
          36.21753
        ]
      },
      "properties": {
        "id": "4713",
        "name": "Cheyenne Ave &amp; Martin Luther King",
        "m3u8_url": "https://d1wse3.its.nv.gov:443/vegasxcd03/09d284b6-5490-4d7c-83af-2084f90d20cf_lvflirxcd04_public.stream/playlist.m3u8",
        "snapshot_url": "https://www.nvroads.com/map/Cctv/4713"
      }
    },
    {
      "type": "Feature",
      "geometry": {
        "type": "Point",
        "coordinates": [
          -115.16529,
          36.13112
        ]
      },
      "properties": {
        "id": "4714",
        "name": "Las Vegas Blvd &amp; Wynn Blvd-Cathedral Wy",
        "m3u8_url": "https://d1wse3.its.nv.gov:443/vegasxcd03/21925814-6a7e-470c-8809-9d86da4f6c88_lvflirxcd04_public.stream/playlist.m3u8",
        "snapshot_url": "https://www.nvroads.com/map/Cctv/4714"
      }
    },
    {
      "type": "Feature",
      "geometry": {
        "type": "Point",
        "coordinates": [
          -115.24252,
          36.08537
        ]
      },
      "properties": {
        "id": "4715",
        "name": "Rainbow Blvd &amp; Russell Rd",
        "m3u8_url": "https://d1wse3.its.nv.gov:443/vegasxcd03/b65c504a-2ae1-429d-ade7-ffbe6d7e349e_lvflirxcd04_public.stream/playlist.m3u8",
        "snapshot_url": "https://www.nvroads.com/map/Cctv/4715"
      }
    },
    {
      "type": "Feature",
      "geometry": {
        "type": "Point",
        "coordinates": [
          -115.16383,
          36.11436
        ]
      },
      "properties": {
        "id": "4716",
        "name": "Flamingo Rd &amp; Koval SE - Sphere F1",
        "m3u8_url": "https://d1wse2.its.nv.gov:443/vegasxcd02/fb844f66-c558-458d-b2e2-3f538d469b5b_lvflirxcd03_public.stream/playlist.m3u8",
        "snapshot_url": "https://www.nvroads.com/map/Cctv/4716"
      }
    },
    {
      "type": "Feature",
      "geometry": {
        "type": "Point",
        "coordinates": [
          -115.3407,
          36.20543
        ]
      },
      "properties": {
        "id": "4717",
        "name": "Lake Mead Blvd &amp; CC-215 NB",
        "m3u8_url": "https://d1wse5.its.nv.gov:443/vegasxcd05/cb07c808-1d23-4e07-ad95-a00257fb6cb5_lvflirxcd07_public.stream/playlist.m3u8",
        "snapshot_url": "https://www.nvroads.com/map/Cctv/4717"
      }
    },
    {
      "type": "Feature",
      "geometry": {
        "type": "Point",
        "coordinates": [
          -115.24244,
          36.06538
        ]
      },
      "properties": {
        "id": "4718",
        "name": "Rainbow Blvd &amp; south CC 215 EB Ramp",
        "m3u8_url": "https://d1wse5.its.nv.gov:443/vegasxcd05/e664c903-c043-4c71-8e79-0e642f42819b_lvflirxcd07_public.stream/playlist.m3u8",
        "snapshot_url": "https://www.nvroads.com/map/Cctv/4718"
      }
    },
    {
      "type": "Feature",
      "geometry": {
        "type": "Point",
        "coordinates": [
          -115.2433,
          36.05563
        ]
      },
      "properties": {
        "id": "4719",
        "name": "Rainbow Blvd &amp; Warm Springs Rd",
        "m3u8_url": "https://d1wse2.its.nv.gov:443/vegasxcd02/e323ca27-fd8d-40e6-9c9a-8ef6bd5e46cb_lvflirxcd02_public.stream/playlist.m3u8",
        "snapshot_url": "https://www.nvroads.com/map/Cctv/4719"
      }
    },
    {
      "type": "Feature",
      "geometry": {
        "type": "Point",
        "coordinates": [
          -115.28828,
          36.29527
        ]
      },
      "properties": {
        "id": "4720",
        "name": "Durango Dr &amp; Oso Blanca Rd",
        "m3u8_url": "https://d1wse4.its.nv.gov:443/vegasxcd04/3b5f3691-a6cb-4152-9585-f4ed49a84f55_lvflirxcd06_public.stream/playlist.m3u8",
        "snapshot_url": "https://www.nvroads.com/map/Cctv/4720"
      }
    },
    {
      "type": "Feature",
      "geometry": {
        "type": "Point",
        "coordinates": [
          -115.28207,
          36.19991
        ]
      },
      "properties": {
        "id": "4721",
        "name": "Lake Mead Blvd &amp; Rampart Blvd",
        "m3u8_url": "https://d1wse4.its.nv.gov:443/vegasxcd04/712df297-3589-4497-98e9-11ed822c705a_lvflirxcd04_public.stream/playlist.m3u8",
        "snapshot_url": "https://www.nvroads.com/map/Cctv/4721"
      }
    },
    {
      "type": "Feature",
      "geometry": {
        "type": "Point",
        "coordinates": [
          -115.27898,
          36.21845
        ]
      },
      "properties": {
        "id": "4722",
        "name": "Cheyenne Ave &amp; Rampart-Durango",
        "m3u8_url": "https://d1wse4.its.nv.gov:443/vegasxcd04/c56d1888-9f30-486b-8cde-406386c86ee5_lvflirxcd06_public.stream/playlist.m3u8",
        "snapshot_url": "https://www.nvroads.com/map/Cctv/4722"
      }
    },
    {
      "type": "Feature",
      "geometry": {
        "type": "Point",
        "coordinates": [
          -115.25965,
          36.17812
        ]
      },
      "properties": {
        "id": "4723",
        "name": "Buffalo Dr &amp; Summerlin Pkwy EB Ramp",
        "m3u8_url": "https://d1wse4.its.nv.gov:443/vegasxcd04/72f01bc4-e071-47c6-b6b2-58cb394a9d73_lvflirxcd06_public.stream/playlist.m3u8",
        "snapshot_url": "https://www.nvroads.com/map/Cctv/4723"
      }
    },
    {
      "type": "Feature",
      "geometry": {
        "type": "Point",
        "coordinates": [
          -115.1609,
          36.17564
        ]
      },
      "properties": {
        "id": "4724",
        "name": "US 95 NB Martin Luther King",
        "m3u8_url": "https://d1wse3.its.nv.gov:443/vegasxcd03/98f3e8b8-0e07-4de7-b3d6-fffe12f631c7_lvflirxcd04_public.stream/playlist.m3u8",
        "snapshot_url": "https://www.nvroads.com/map/Cctv/4724"
      }
    },
    {
      "type": "Feature",
      "geometry": {
        "type": "Point",
        "coordinates": [
          -115.17317,
          36.08636
        ]
      },
      "properties": {
        "id": "4725",
        "name": "Las Vegas Blvd &amp; Russell Rd Stadium",
        "m3u8_url": "https://d1wse3.its.nv.gov:443/vegasxcd03/c4b767ba-17f5-4d83-bb22-9a5b3f9d25bf_lvflirxcd04_public.stream/playlist.m3u8",
        "snapshot_url": "https://www.nvroads.com/map/Cctv/4725"
      }
    },
    {
      "type": "Feature",
      "geometry": {
        "type": "Point",
        "coordinates": [
          -115.173,
          36.08073
        ]
      },
      "properties": {
        "id": "4726",
        "name": "Las Vegas Blvd &amp; Welcome Sign",
        "m3u8_url": "https://d1wse3.its.nv.gov:443/vegasxcd03/11ddce1c-410b-4c8a-ae35-d545a9239ce9_lvflirxcd04_public.stream/playlist.m3u8",
        "snapshot_url": "https://www.nvroads.com/map/Cctv/4726"
      }
    },
    {
      "type": "Feature",
      "geometry": {
        "type": "Point",
        "coordinates": [
          -115.17217,
          36.07127
        ]
      },
      "properties": {
        "id": "4727",
        "name": "Las Vegas Blvd &amp; Sunset Rd",
        "m3u8_url": "https://d1wse2.its.nv.gov:443/vegasxcd02/0a3ab6be-cb7e-4e18-babd-c1f7a6df2a4a_lvflirxcd03_public.stream/playlist.m3u8",
        "snapshot_url": "https://www.nvroads.com/map/Cctv/4727"
      }
    },
    {
      "type": "Feature",
      "geometry": {
        "type": "Point",
        "coordinates": [
          -115.17271,
          36.06467
        ]
      },
      "properties": {
        "id": "4728",
        "name": "Las Vegas Blvd &amp; I-215 WB",
        "m3u8_url": "https://d1wse5.its.nv.gov:443/vegasxcd05/bea9280d-145c-4a34-88d0-492bf6cee834_lvflirxcd07_public.stream/playlist.m3u8",
        "snapshot_url": "https://www.nvroads.com/map/Cctv/4728"
      }
    },
    {
      "type": "Feature",
      "geometry": {
        "type": "Point",
        "coordinates": [
          -115.17211,
          36.06269
        ]
      },
      "properties": {
        "id": "4729",
        "name": "Las Vegas Blvd &amp; I-215 EB",
        "m3u8_url": "https://d1wse5.its.nv.gov:443/vegasxcd05/5a159a4a-84db-4c1d-af0c-f9026ad9d777_lvflirxcd07_public.stream/playlist.m3u8",
        "snapshot_url": "https://www.nvroads.com/map/Cctv/4729"
      }
    },
    {
      "type": "Feature",
      "geometry": {
        "type": "Point",
        "coordinates": [
          -115.1752,
          36.1094
        ]
      },
      "properties": {
        "id": "4730",
        "name": "Harmon Ave &amp; Cosmopolitan-City Center-Cosmo F1",
        "m3u8_url": "https://d1wse3.its.nv.gov:443/vegasxcd03/6ed97279-100f-4c58-b390-aab8a32761b4_lvflirxcd04_public.stream/playlist.m3u8",
        "snapshot_url": "https://www.nvroads.com/map/Cctv/4730"
      }
    },
    {
      "type": "Feature",
      "geometry": {
        "type": "Point",
        "coordinates": [
          -115.04646,
          36.06345
        ]
      },
      "properties": {
        "id": "4731",
        "name": "Sunset Rd &amp; Stephanie St",
        "m3u8_url": "https://d1wse4.its.nv.gov:443/vegasxcd04/70da75ca-4e31-4d6c-b2e0-2a6973160cad_lvflirxcd04_public.stream/playlist.m3u8",
        "snapshot_url": "https://www.nvroads.com/map/Cctv/4731"
      }
    },
    {
      "type": "Feature",
      "geometry": {
        "type": "Point",
        "coordinates": [
          -115.04646,
          36.05598
        ]
      },
      "properties": {
        "id": "4732",
        "name": "Stephanie St &amp; Warm Springs Rd",
        "m3u8_url": "https://d1wse3.its.nv.gov:443/vegasxcd03/03bd5f64-6641-4e10-9bb3-a21bf919a1bc_lvflirxcd03_public.stream/playlist.m3u8",
        "snapshot_url": "https://www.nvroads.com/map/Cctv/4732"
      }
    },
    {
      "type": "Feature",
      "geometry": {
        "type": "Point",
        "coordinates": [
          -115.24765,
          36.24389
        ]
      },
      "properties": {
        "id": "4733",
        "name": "US 95 SB Craig",
        "m3u8_url": "https://d1wse2.its.nv.gov:443/vegasxcd02/35550cac-1fef-4ac7-92ad-aaf4fbb9917b_lvflirxcd02_public.stream/playlist.m3u8",
        "snapshot_url": "https://www.nvroads.com/map/Cctv/4733"
      }
    },
    {
      "type": "Feature",
      "geometry": {
        "type": "Point",
        "coordinates": [
          -115.1323,
          36.0343
        ]
      },
      "properties": {
        "id": "4734",
        "name": "I-215 WB Wigwam",
        "m3u8_url": "https://d1wse3.its.nv.gov:443/vegasxcd03/f2fd3cef-7064-4e66-94bd-14c42fffd2a1_lvflirxcd04_public.stream/playlist.m3u8",
        "snapshot_url": "https://www.nvroads.com/map/Cctv/4734"
      }
    },
    {
      "type": "Feature",
      "geometry": {
        "type": "Point",
        "coordinates": [
          -115.1307,
          36.0275
        ]
      },
      "properties": {
        "id": "4735",
        "name": "I-215 EB Pebble",
        "m3u8_url": "https://d1wse3.its.nv.gov:443/vegasxcd03/11594d90-9e0f-4934-9edc-7369d5ec8c92_lvflirxcd04_public.stream/playlist.m3u8",
        "snapshot_url": "https://www.nvroads.com/map/Cctv/4735"
      }
    },
    {
      "type": "Feature",
      "geometry": {
        "type": "Point",
        "coordinates": [
          -115.1171,
          36.0236
        ]
      },
      "properties": {
        "id": "4736",
        "name": "I-215 EB Eastern",
        "m3u8_url": "https://d1wse3.its.nv.gov:443/vegasxcd03/b3eeaab8-32ed-4af3-9374-2bf717bb22b9_lvflirxcd04_public.stream/playlist.m3u8",
        "snapshot_url": "https://www.nvroads.com/map/Cctv/4736"
      }
    },
    {
      "type": "Feature",
      "geometry": {
        "type": "Point",
        "coordinates": [
          -115.24353,
          36.17616
        ]
      },
      "properties": {
        "id": "4737",
        "name": "US 95 SB Rainbow Curve",
        "m3u8_url": "https://d1wse2.its.nv.gov:443/vegasxcd02/c1930ef9-194a-4a68-8fc3-237f482df3bd_lvflirxcd02_public.stream/playlist.m3u8",
        "snapshot_url": "https://www.nvroads.com/map/Cctv/4737"
      }
    },
    {
      "type": "Feature",
      "geometry": {
        "type": "Point",
        "coordinates": [
          -115.0989,
          36.0229
        ]
      },
      "properties": {
        "id": "4738",
        "name": "I-215 EB St Rose",
        "m3u8_url": "https://d1wse3.its.nv.gov:443/vegasxcd03/7d426486-9f03-4368-a008-bca6b1d3e572_lvflirxcd04_public.stream/playlist.m3u8",
        "snapshot_url": "https://www.nvroads.com/map/Cctv/4738"
      }
    },
    {
      "type": "Feature",
      "geometry": {
        "type": "Point",
        "coordinates": [
          -115.0846,
          36.0254
        ]
      },
      "properties": {
        "id": "4739",
        "name": "I-215 WB Green Valley Pkwy DLC",
        "m3u8_url": "https://d1wse3.its.nv.gov:443/vegasxcd03/11f1b7be-33f6-4629-88cc-57aa7afcf201_lvflirxcd04_public.stream/playlist.m3u8",
        "snapshot_url": "https://www.nvroads.com/map/Cctv/4739"
      }
    },
    {
      "type": "Feature",
      "geometry": {
        "type": "Point",
        "coordinates": [
          -115.0275,
          36.0326
        ]
      },
      "properties": {
        "id": "4741",
        "name": "I-215 WB Gibson",
        "m3u8_url": "https://d1wse3.its.nv.gov:443/vegasxcd03/cce13cf2-9b22-4b91-bdbf-ddcb0f6530f8_lvflirxcd04_public.stream/playlist.m3u8",
        "snapshot_url": "https://www.nvroads.com/map/Cctv/4741"
      }
    },
    {
      "type": "Feature",
      "geometry": {
        "type": "Point",
        "coordinates": [
          -115.13364,
          36.04248
        ]
      },
      "properties": {
        "id": "4742",
        "name": "Windmill Ln &amp; I-215 EB Beltway",
        "m3u8_url": "https://d1wse4.its.nv.gov:443/vegasxcd04/f9a0a891-aa20-468a-b5d2-f3e6ddff01c4_lvflirxcd04_public.stream/playlist.m3u8",
        "snapshot_url": "https://www.nvroads.com/map/Cctv/4742"
      }
    },
    {
      "type": "Feature",
      "geometry": {
        "type": "Point",
        "coordinates": [
          -115.2597,
          36.17976
        ]
      },
      "properties": {
        "id": "4743",
        "name": "Buffalo Dr &amp; Summerlin  Pkwy WB Ramp",
        "m3u8_url": "https://d1wse3.its.nv.gov:443/vegasxcd03/5469e0d8-5620-467b-80d3-92f40d5c6781_lvflirxcd03_public.stream/playlist.m3u8",
        "snapshot_url": "https://www.nvroads.com/map/Cctv/4743"
      }
    },
    {
      "type": "Feature",
      "geometry": {
        "type": "Point",
        "coordinates": [
          -115.26057,
          36.19633
        ]
      },
      "properties": {
        "id": "4744",
        "name": "Lake Mead Blvd &amp; Buffalo Dr",
        "m3u8_url": "https://d1wse5.its.nv.gov:443/vegasxcd05/6ed4308e-7756-4f12-add6-504e3e0123e7_lvflirxcd05_public.stream/playlist.m3u8",
        "snapshot_url": "https://www.nvroads.com/map/Cctv/4744"
      }
    },
    {
      "type": "Feature",
      "geometry": {
        "type": "Point",
        "coordinates": [
          -115.26066,
          36.21812
        ]
      },
      "properties": {
        "id": "4745",
        "name": "Cheyenne Ave &amp; Buffalo",
        "m3u8_url": "https://d1wse3.its.nv.gov:443/vegasxcd03/cce9b752-8683-4ade-9f6b-824498b39369_lvflirxcd03_public.stream/playlist.m3u8",
        "snapshot_url": "https://www.nvroads.com/map/Cctv/4745"
      }
    },
    {
      "type": "Feature",
      "geometry": {
        "type": "Point",
        "coordinates": [
          -115.18118,
          36.01316
        ]
      },
      "properties": {
        "id": "4746",
        "name": "Silverado Ranch Blvd &amp; I-15 SB Ramp",
        "m3u8_url": "https://d1wse4.its.nv.gov:443/vegasxcd04/163a00ed-fbd5-44f0-8b0f-2f79495de6e4_lvflirxcd04_public.stream/playlist.m3u8",
        "snapshot_url": "https://www.nvroads.com/map/Cctv/4746"
      }
    },
    {
      "type": "Feature",
      "geometry": {
        "type": "Point",
        "coordinates": [
          -115.0849,
          36.02385
        ]
      },
      "properties": {
        "id": "4747",
        "name": "Green Valley Pkwy &amp; I-215 EB Beltway DLC",
        "m3u8_url": "https://d1wse3.its.nv.gov:443/vegasxcd03/65de6fb0-ca84-49c3-a7d3-542fdc0223a9_lvflirxcd04_public.stream/playlist.m3u8",
        "snapshot_url": "https://www.nvroads.com/map/Cctv/4747"
      }
    },
    {
      "type": "Feature",
      "geometry": {
        "type": "Point",
        "coordinates": [
          -114.84587,
          35.9742
        ]
      },
      "properties": {
        "id": "4748",
        "name": "US 93 &amp; Buchanan - Nevada Hwy",
        "m3u8_url": "https://d1wse3.its.nv.gov:443/vegasxcd03/a5e0997e-cac0-442d-90b0-5ce2a697e9dc_lvflirxcd04_public.stream/playlist.m3u8",
        "snapshot_url": "https://www.nvroads.com/map/Cctv/4748"
      }
    },
    {
      "type": "Feature",
      "geometry": {
        "type": "Point",
        "coordinates": [
          -115.16105,
          36.19553
        ]
      },
      "properties": {
        "id": "4749",
        "name": "Camera 4749",
        "m3u8_url": null,
        "snapshot_url": "https://www.nvroads.com/map/Cctv/4749"
      }
    },
    {
      "type": "Feature",
      "geometry": {
        "type": "Point",
        "coordinates": [
          -115.11429,
          36.00694
        ]
      },
      "properties": {
        "id": "4750",
        "name": "Eastern Ave &amp; St Rose Pkwy",
        "m3u8_url": "https://d1wse3.its.nv.gov:443/vegasxcd03/dccccb52-23d5-4ac5-a8d0-4261fced9ac1_lvflirxcd03_public.stream/playlist.m3u8",
        "snapshot_url": "https://www.nvroads.com/map/Cctv/4750"
      }
    },
    {
      "type": "Feature",
      "geometry": {
        "type": "Point",
        "coordinates": [
          -115.17262,
          35.9664
        ]
      },
      "properties": {
        "id": "4751",
        "name": "St. Rose Pkwy &amp; Las Vegas Blvd",
        "m3u8_url": "https://d1wse4.its.nv.gov:443/vegasxcd04/7775181c-3ba5-4c26-b4ee-13a24fcbc0ae_lvflirxcd04_public.stream/playlist.m3u8",
        "snapshot_url": "https://www.nvroads.com/map/Cctv/4751"
      }
    },
    {
      "type": "Feature",
      "geometry": {
        "type": "Point",
        "coordinates": [
          -115.10064,
          36.02423
        ]
      },
      "properties": {
        "id": "4752",
        "name": "Pecos &amp; I-215 WB Beltway",
        "m3u8_url": "https://d1wse3.its.nv.gov:443/vegasxcd03/65388c60-a4aa-4164-941a-48d97a22e36e_lvflirxcd04_public.stream/playlist.m3u8",
        "snapshot_url": "https://www.nvroads.com/map/Cctv/4752"
      }
    },
    {
      "type": "Feature",
      "geometry": {
        "type": "Point",
        "coordinates": [
          -115.10031,
          36.02242
        ]
      },
      "properties": {
        "id": "4753",
        "name": "Camera 4753",
        "m3u8_url": null,
        "snapshot_url": "https://www.nvroads.com/map/Cctv/4753"
      }
    },
    {
      "type": "Feature",
      "geometry": {
        "type": "Point",
        "coordinates": [
          -115.1828,
          36.11416
        ]
      },
      "properties": {
        "id": "4754",
        "name": "Camera 4754",
        "m3u8_url": null,
        "snapshot_url": "https://www.nvroads.com/map/Cctv/4754"
      }
    },
    {
      "type": "Feature",
      "geometry": {
        "type": "Point",
        "coordinates": [
          -115.17971,
          36.11444
        ]
      },
      "properties": {
        "id": "4755",
        "name": "Flamingo Rd &amp; I-15 NB Ramp Arena",
        "m3u8_url": "https://d1wse1.its.nv.gov:443/vegasxcd01/cbfccd8b-0b66-4d66-8dea-604cc29c753e_lvflirxcd01_public.stream/playlist.m3u8",
        "snapshot_url": "https://www.nvroads.com/map/Cctv/4755"
      }
    },
    {
      "type": "Feature",
      "geometry": {
        "type": "Point",
        "coordinates": [
          -115.18977,
          36.11588
        ]
      },
      "properties": {
        "id": "4756",
        "name": "Flamingo Rd &amp; Valley View Blvd",
        "m3u8_url": "https://d1wse1.its.nv.gov:443/vegasxcd01/9454ddb3-8fde-43b8-830e-f4f35d80330f_lvflirxcd01_public.stream/playlist.m3u8",
        "snapshot_url": "https://www.nvroads.com/map/Cctv/4756"
      }
    },
    {
      "type": "Feature",
      "geometry": {
        "type": "Point",
        "coordinates": [
          -115.11819,
          36.02478
        ]
      },
      "properties": {
        "id": "4757",
        "name": "Eastern Ave &amp; South CC 215 WB Ramp",
        "m3u8_url": "https://d1wse4.its.nv.gov:443/vegasxcd04/114f4efa-461f-4132-ad12-568c9a962b54_lvflirxcd06_public.stream/playlist.m3u8",
        "snapshot_url": "https://www.nvroads.com/map/Cctv/4757"
      }
    },
    {
      "type": "Feature",
      "geometry": {
        "type": "Point",
        "coordinates": [
          -115.11806,
          36.0421
        ]
      },
      "properties": {
        "id": "4758",
        "name": "Camera 4758",
        "m3u8_url": null,
        "snapshot_url": "https://www.nvroads.com/map/Cctv/4758"
      }
    },
    {
      "type": "Feature",
      "geometry": {
        "type": "Point",
        "coordinates": [
          -114.86848,
          35.96746
        ]
      },
      "properties": {
        "id": "4759",
        "name": "Camera 4759",
        "m3u8_url": null,
        "snapshot_url": "https://www.nvroads.com/map/Cctv/4759"
      }
    },
    {
      "type": "Feature",
      "geometry": {
        "type": "Point",
        "coordinates": [
          -115.06254,
          36.02751
        ]
      },
      "properties": {
        "id": "4760",
        "name": "Camera 4760",
        "m3u8_url": null,
        "snapshot_url": "https://www.nvroads.com/map/Cctv/4760"
      }
    },
    {
      "type": "Feature",
      "geometry": {
        "type": "Point",
        "coordinates": [
          -115.04695,
          36.02871
        ]
      },
      "properties": {
        "id": "4761",
        "name": "Camera 4761",
        "m3u8_url": null,
        "snapshot_url": "https://www.nvroads.com/map/Cctv/4761"
      }
    },
    {
      "type": "Feature",
      "geometry": {
        "type": "Point",
        "coordinates": [
          -115.02979,
          36.03246
        ]
      },
      "properties": {
        "id": "4762",
        "name": "Camera 4762",
        "m3u8_url": null,
        "snapshot_url": "https://www.nvroads.com/map/Cctv/4762"
      }
    },
    {
      "type": "Feature",
      "geometry": {
        "type": "Point",
        "coordinates": [
          -115.02978,
          36.03139
        ]
      },
      "properties": {
        "id": "4763",
        "name": "Camera 4763",
        "m3u8_url": null,
        "snapshot_url": "https://www.nvroads.com/map/Cctv/4763"
      }
    },
    {
      "type": "Feature",
      "geometry": {
        "type": "Point",
        "coordinates": [
          -115.11857,
          36.01328
        ]
      },
      "properties": {
        "id": "4764",
        "name": "Camera 4764",
        "m3u8_url": null,
        "snapshot_url": "https://www.nvroads.com/map/Cctv/4764"
      }
    },
    {
      "type": "Feature",
      "geometry": {
        "type": "Point",
        "coordinates": [
          -115.18994,
          36.12639
        ]
      },
      "properties": {
        "id": "4765",
        "name": "Camera 4765",
        "m3u8_url": null,
        "snapshot_url": "https://www.nvroads.com/map/Cctv/4765"
      }
    },
    {
      "type": "Feature",
      "geometry": {
        "type": "Point",
        "coordinates": [
          -115.13521,
          36.17236
        ]
      },
      "properties": {
        "id": "4766",
        "name": "Camera 4766",
        "m3u8_url": null,
        "snapshot_url": "https://www.nvroads.com/map/Cctv/4766"
      }
    },
    {
      "type": "Feature",
      "geometry": {
        "type": "Point",
        "coordinates": [
          -115.1432,
          36.0603
        ]
      },
      "properties": {
        "id": "4767",
        "name": "Camera 4767",
        "m3u8_url": null,
        "snapshot_url": "https://www.nvroads.com/map/Cctv/4767"
      }
    },
    {
      "type": "Feature",
      "geometry": {
        "type": "Point",
        "coordinates": [
          -115.17687,
          36.06322
        ]
      },
      "properties": {
        "id": "4768",
        "name": "Camera 4768",
        "m3u8_url": null,
        "snapshot_url": "https://www.nvroads.com/map/Cctv/4768"
      }
    },
    {
      "type": "Feature",
      "geometry": {
        "type": "Point",
        "coordinates": [
          -115.1663,
          36.0623
        ]
      },
      "properties": {
        "id": "4769",
        "name": "Camera 4769",
        "m3u8_url": null,
        "snapshot_url": "https://www.nvroads.com/map/Cctv/4769"
      }
    },
    {
      "type": "Feature",
      "geometry": {
        "type": "Point",
        "coordinates": [
          -115.1545,
          36.0611
        ]
      },
      "properties": {
        "id": "4770",
        "name": "Camera 4770",
        "m3u8_url": null,
        "snapshot_url": "https://www.nvroads.com/map/Cctv/4770"
      }
    },
    {
      "type": "Feature",
      "geometry": {
        "type": "Point",
        "coordinates": [
          -115.22457,
          36.06578
        ]
      },
      "properties": {
        "id": "4771",
        "name": "Camera 4771",
        "m3u8_url": null,
        "snapshot_url": "https://www.nvroads.com/map/Cctv/4771"
      }
    },
    {
      "type": "Feature",
      "geometry": {
        "type": "Point",
        "coordinates": [
          -115.26065,
          36.06506
        ]
      },
      "properties": {
        "id": "4772",
        "name": "Camera 4772",
        "m3u8_url": null,
        "snapshot_url": "https://www.nvroads.com/map/Cctv/4772"
      }
    },
    {
      "type": "Feature",
      "geometry": {
        "type": "Point",
        "coordinates": [
          -115.27937,
          36.06517
        ]
      },
      "properties": {
        "id": "4773",
        "name": "Camera 4773",
        "m3u8_url": null,
        "snapshot_url": "https://www.nvroads.com/map/Cctv/4773"
      }
    },
    {
      "type": "Feature",
      "geometry": {
        "type": "Point",
        "coordinates": [
          -115.28996,
          36.07032
        ]
      },
      "properties": {
        "id": "4774",
        "name": "Camera 4774",
        "m3u8_url": null,
        "snapshot_url": "https://www.nvroads.com/map/Cctv/4774"
      }
    },
    {
      "type": "Feature",
      "geometry": {
        "type": "Point",
        "coordinates": [
          -115.29032,
          36.08519
        ]
      },
      "properties": {
        "id": "4775",
        "name": "Camera 4775",
        "m3u8_url": null,
        "snapshot_url": "https://www.nvroads.com/map/Cctv/4775"
      }
    },
    {
      "type": "Feature",
      "geometry": {
        "type": "Point",
        "coordinates": [
          -115.29198,
          36.10006
        ]
      },
      "properties": {
        "id": "4776",
        "name": "Camera 4776",
        "m3u8_url": null,
        "snapshot_url": "https://www.nvroads.com/map/Cctv/4776"
      }
    },
    {
      "type": "Feature",
      "geometry": {
        "type": "Point",
        "coordinates": [
          -115.29473,
          36.10007
        ]
      },
      "properties": {
        "id": "4777",
        "name": "Camera 4777",
        "m3u8_url": null,
        "snapshot_url": "https://www.nvroads.com/map/Cctv/4777"
      }
    },
    {
      "type": "Feature",
      "geometry": {
        "type": "Point",
        "coordinates": [
          -115.34085,
          36.18152
        ]
      },
      "properties": {
        "id": "4778",
        "name": "Camera 4778",
        "m3u8_url": null,
        "snapshot_url": "https://www.nvroads.com/map/Cctv/4778"
      }
    },
    {
      "type": "Feature",
      "geometry": {
        "type": "Point",
        "coordinates": [
          -115.34182,
          36.19183
        ]
      },
      "properties": {
        "id": "4779",
        "name": "Camera 4779",
        "m3u8_url": null,
        "snapshot_url": "https://www.nvroads.com/map/Cctv/4779"
      }
    },
    {
      "type": "Feature",
      "geometry": {
        "type": "Point",
        "coordinates": [
          -115.08428,
          36.05627
        ]
      },
      "properties": {
        "id": "4780",
        "name": "Camera 4780",
        "m3u8_url": null,
        "snapshot_url": "https://www.nvroads.com/map/Cctv/4780"
      }
    },
    {
      "type": "Feature",
      "geometry": {
        "type": "Point",
        "coordinates": [
          -115.14648,
          36.06995
        ]
      },
      "properties": {
        "id": "4781",
        "name": "Camera 4781",
        "m3u8_url": null,
        "snapshot_url": "https://www.nvroads.com/map/Cctv/4781"
      }
    },
    {
      "type": "Feature",
      "geometry": {
        "type": "Point",
        "coordinates": [
          -115.14645,
          36.07079
        ]
      },
      "properties": {
        "id": "4782",
        "name": "Camera 4782",
        "m3u8_url": null,
        "snapshot_url": "https://www.nvroads.com/map/Cctv/4782"
      }
    },
    {
      "type": "Feature",
      "geometry": {
        "type": "Point",
        "coordinates": [
          -115.32703,
          36.21927
        ]
      },
      "properties": {
        "id": "4783",
        "name": "Camera 4783",
        "m3u8_url": null,
        "snapshot_url": "https://www.nvroads.com/map/Cctv/4783"
      }
    },
    {
      "type": "Feature",
      "geometry": {
        "type": "Point",
        "coordinates": [
          -115.1667,
          36.12478
        ]
      },
      "properties": {
        "id": "4784",
        "name": "Camera 4784",
        "m3u8_url": null,
        "snapshot_url": "https://www.nvroads.com/map/Cctv/4784"
      }
    },
    {
      "type": "Feature",
      "geometry": {
        "type": "Point",
        "coordinates": [
          -115.31525,
          36.14469
        ]
      },
      "properties": {
        "id": "4785",
        "name": "Camera 4785",
        "m3u8_url": null,
        "snapshot_url": "https://www.nvroads.com/map/Cctv/4785"
      }
    },
    {
      "type": "Feature",
      "geometry": {
        "type": "Point",
        "coordinates": [
          -115.30693,
          36.14426
        ]
      },
      "properties": {
        "id": "4786",
        "name": "Camera 4786",
        "m3u8_url": null,
        "snapshot_url": "https://www.nvroads.com/map/Cctv/4786"
      }
    },
    {
      "type": "Feature",
      "geometry": {
        "type": "Point",
        "coordinates": [
          -115.2979,
          36.14424
        ]
      },
      "properties": {
        "id": "4787",
        "name": "Camera 4787",
        "m3u8_url": null,
        "snapshot_url": "https://www.nvroads.com/map/Cctv/4787"
      }
    },
    {
      "type": "Feature",
      "geometry": {
        "type": "Point",
        "coordinates": [
          -115.27921,
          36.14434
        ]
      },
      "properties": {
        "id": "4788",
        "name": "Camera 4788",
        "m3u8_url": null,
        "snapshot_url": "https://www.nvroads.com/map/Cctv/4788"
      }
    },
    {
      "type": "Feature",
      "geometry": {
        "type": "Point",
        "coordinates": [
          -115.26981,
          36.14409
        ]
      },
      "properties": {
        "id": "4789",
        "name": "Camera 4789",
        "m3u8_url": null,
        "snapshot_url": "https://www.nvroads.com/map/Cctv/4789"
      }
    },
    {
      "type": "Feature",
      "geometry": {
        "type": "Point",
        "coordinates": [
          -115.26117,
          36.14389
        ]
      },
      "properties": {
        "id": "4790",
        "name": "Camera 4790",
        "m3u8_url": null,
        "snapshot_url": "https://www.nvroads.com/map/Cctv/4790"
      }
    },
    {
      "type": "Feature",
      "geometry": {
        "type": "Point",
        "coordinates": [
          -115.25175,
          36.14418
        ]
      },
      "properties": {
        "id": "4791",
        "name": "Camera 4791",
        "m3u8_url": null,
        "snapshot_url": "https://www.nvroads.com/map/Cctv/4791"
      }
    },
    {
      "type": "Feature",
      "geometry": {
        "type": "Point",
        "coordinates": [
          -115.13725,
          36.14398
        ]
      },
      "properties": {
        "id": "4792",
        "name": "Camera 4792",
        "m3u8_url": null,
        "snapshot_url": "https://www.nvroads.com/map/Cctv/4792"
      }
    },
    {
      "type": "Feature",
      "geometry": {
        "type": "Point",
        "coordinates": [
          -115.12338,
          36.14415
        ]
      },
      "properties": {
        "id": "4793",
        "name": "Sahara Ave &amp; Burnham Ave",
        "m3u8_url": "https://d1wse1.its.nv.gov:443/vegasxcd01/190fbfd2-b688-49a0-9ade-867f8b1e2d33_lvflirxcd01_public.stream/playlist.m3u8",
        "snapshot_url": "https://www.nvroads.com/map/Cctv/4793"
      }
    },
    {
      "type": "Feature",
      "geometry": {
        "type": "Point",
        "coordinates": [
          -115.11008,
          36.14412
        ]
      },
      "properties": {
        "id": "4794",
        "name": "Sahara Ave &amp; McLeod Dr",
        "m3u8_url": "https://d1wse1.its.nv.gov:443/vegasxcd01/2b0557a4-cb32-4103-a55e-c162f9f21150_lvflirxcd01_public.stream/playlist.m3u8",
        "snapshot_url": "https://www.nvroads.com/map/Cctv/4794"
      }
    },
    {
      "type": "Feature",
      "geometry": {
        "type": "Point",
        "coordinates": [
          -115.19099,
          36.14425
        ]
      },
      "properties": {
        "id": "4795",
        "name": "Sahara Ave &amp; Valley View Blvd",
        "m3u8_url": "https://d1wse1.its.nv.gov:443/vegasxcd01/34b1f3b0-06fd-4ae1-847d-fe6e85e0fade_lvflirxcd01_public.stream/playlist.m3u8",
        "snapshot_url": "https://www.nvroads.com/map/Cctv/4795"
      }
    },
    {
      "type": "Feature",
      "geometry": {
        "type": "Point",
        "coordinates": [
          -115.17745,
          36.14415
        ]
      },
      "properties": {
        "id": "4796",
        "name": "Camera 4796",
        "m3u8_url": null,
        "snapshot_url": "https://www.nvroads.com/map/Cctv/4796"
      }
    },
    {
      "type": "Feature",
      "geometry": {
        "type": "Point",
        "coordinates": [
          -115.17041,
          36.14446
        ]
      },
      "properties": {
        "id": "4797",
        "name": "Sahara Ave &amp; I-15 NB Ramp",
        "m3u8_url": "https://d1wse1.its.nv.gov:443/vegasxcd01/20a89bb0-3fe1-4b30-9103-764e4fca01ab_lvflirxcd01_public.stream/playlist.m3u8",
        "snapshot_url": "https://www.nvroads.com/map/Cctv/4797"
      }
    },
    {
      "type": "Feature",
      "geometry": {
        "type": "Point",
        "coordinates": [
          -115.13752,
          36.11444
        ]
      },
      "properties": {
        "id": "4798",
        "name": "Flamingo Rd &amp; Maryland Pkwy",
        "m3u8_url": "https://d1wse2.its.nv.gov:443/vegasxcd02/c874944a-7a75-44a4-87a0-105d144d8387_lvflirxcd03_public.stream/playlist.m3u8",
        "snapshot_url": "https://www.nvroads.com/map/Cctv/4798"
      }
    },
    {
      "type": "Feature",
      "geometry": {
        "type": "Point",
        "coordinates": [
          -115.15376,
          36.11417
        ]
      },
      "properties": {
        "id": "4799",
        "name": "Flamingo Rd &amp; Paradise - Sphere F1",
        "m3u8_url": "https://d1wse2.its.nv.gov:443/vegasxcd02/d2704906-0975-4449-b7aa-89e32ba486e1_lvflirxcd03_public.stream/playlist.m3u8",
        "snapshot_url": "https://www.nvroads.com/map/Cctv/4799"
      }
    },
    {
      "type": "Feature",
      "geometry": {
        "type": "Point",
        "coordinates": [
          -115.0918,
          36.15144
        ]
      },
      "properties": {
        "id": "4800",
        "name": "I-515 SB Charleston S",
        "m3u8_url": "https://d1wse5.its.nv.gov:443/vegasxcd05/67bffb42-7a46-4651-a75b-66e210a000b0_lvflirxcd07_public.stream/playlist.m3u8",
        "snapshot_url": "https://www.nvroads.com/map/Cctv/4800"
      }
    },
    {
      "type": "Feature",
      "geometry": {
        "type": "Point",
        "coordinates": [
          -115.09076,
          36.13699
        ]
      },
      "properties": {
        "id": "4801",
        "name": "I-515 SB Boulder Highway",
        "m3u8_url": "https://d1wse5.its.nv.gov:443/vegasxcd05/e5d1446c-2356-4a18-bb78-caa8f9d92cc1_lvflirxcd07_public.stream/playlist.m3u8",
        "snapshot_url": "https://www.nvroads.com/map/Cctv/4801"
      }
    },
    {
      "type": "Feature",
      "geometry": {
        "type": "Point",
        "coordinates": [
          -115.08932,
          36.12997
        ]
      },
      "properties": {
        "id": "4802",
        "name": "I-515 SB Desert Inn",
        "m3u8_url": "https://d1wse5.its.nv.gov:443/vegasxcd05/ae8b1ff0-cd74-4983-a9c4-72fb74d887b9_lvflirxcd07_public.stream/playlist.m3u8",
        "snapshot_url": "https://www.nvroads.com/map/Cctv/4802"
      }
    },
    {
      "type": "Feature",
      "geometry": {
        "type": "Point",
        "coordinates": [
          -115.08219,
          36.1127
        ]
      },
      "properties": {
        "id": "4803",
        "name": "I-515 NB Flamingo",
        "m3u8_url": "https://d1wse5.its.nv.gov:443/vegasxcd05/1ce8147c-34fb-4861-b000-5ff1be771914_lvflirxcd07_public.stream/playlist.m3u8",
        "snapshot_url": "https://www.nvroads.com/map/Cctv/4803"
      }
    },
    {
      "type": "Feature",
      "geometry": {
        "type": "Point",
        "coordinates": [
          -115.08104,
          36.09829
        ]
      },
      "properties": {
        "id": "4804",
        "name": "I-515 SB Tropicana",
        "m3u8_url": "https://d1wse5.its.nv.gov:443/vegasxcd05/c1d2b2ef-5b3b-4409-b258-61c2427cf9b0_lvflirxcd07_public.stream/playlist.m3u8",
        "snapshot_url": "https://www.nvroads.com/map/Cctv/4804"
      }
    },
    {
      "type": "Feature",
      "geometry": {
        "type": "Point",
        "coordinates": [
          -115.06921,
          36.08943
        ]
      },
      "properties": {
        "id": "4805",
        "name": "I-515 SB Duck Creek",
        "m3u8_url": "https://d1wse5.its.nv.gov:443/vegasxcd05/ad6c1edd-449d-489c-941a-ef0f3d4a011a_lvflirxcd07_public.stream/playlist.m3u8",
        "snapshot_url": "https://www.nvroads.com/map/Cctv/4805"
      }
    },
    {
      "type": "Feature",
      "geometry": {
        "type": "Point",
        "coordinates": [
          -115.05837,
          36.08764
        ]
      },
      "properties": {
        "id": "4806",
        "name": "I-11 NB Russell N",
        "m3u8_url": "https://d1wse5.its.nv.gov:443/vegasxcd05/9246c4e3-72fd-4dff-a33f-98ae811638eb_lvflirxcd07_public.stream/playlist.m3u8",
        "snapshot_url": "https://www.nvroads.com/map/Cctv/4806"
      }
    },
    {
      "type": "Feature",
      "geometry": {
        "type": "Point",
        "coordinates": [
          -115.0439,
          36.08056
        ]
      },
      "properties": {
        "id": "4807",
        "name": "I-515 NB Russell S",
        "m3u8_url": "https://d1wse5.its.nv.gov:443/vegasxcd05/4a8c3609-7711-4fea-bdc9-ad9a941aa358_lvflirxcd07_public.stream/playlist.m3u8",
        "snapshot_url": "https://www.nvroads.com/map/Cctv/4807"
      }
    },
    {
      "type": "Feature",
      "geometry": {
        "type": "Point",
        "coordinates": [
          -115.03654,
          36.07201
        ]
      },
      "properties": {
        "id": "4808",
        "name": "I-515 NB Galleria",
        "m3u8_url": "https://d1wse5.its.nv.gov:443/vegasxcd05/8d0be7ba-1573-4674-81d8-02381150da9b_lvflirxcd07_public.stream/playlist.m3u8",
        "snapshot_url": "https://www.nvroads.com/map/Cctv/4808"
      }
    },
    {
      "type": "Feature",
      "geometry": {
        "type": "Point",
        "coordinates": [
          -115.03188,
          36.06344
        ]
      },
      "properties": {
        "id": "4809",
        "name": "I-515 SB Sunset",
        "m3u8_url": "https://d1wse5.its.nv.gov:443/vegasxcd05/25a82575-fade-4263-b728-f95b68a095bf_lvflirxcd07_public.stream/playlist.m3u8",
        "snapshot_url": "https://www.nvroads.com/map/Cctv/4809"
      }
    },
    {
      "type": "Feature",
      "geometry": {
        "type": "Point",
        "coordinates": [
          -115.02248,
          36.04651
        ]
      },
      "properties": {
        "id": "4810",
        "name": "I-515 NB Auto Show",
        "m3u8_url": "https://d1wse5.its.nv.gov:443/vegasxcd05/ba2d00eb-9489-49d0-aea8-f96eae7c2290_lvflirxcd07_public.stream/playlist.m3u8",
        "snapshot_url": "https://www.nvroads.com/map/Cctv/4810"
      }
    },
    {
      "type": "Feature",
      "geometry": {
        "type": "Point",
        "coordinates": [
          -115.01715,
          36.03586
        ]
      },
      "properties": {
        "id": "4811",
        "name": "I-515 SB S I-215",
        "m3u8_url": "https://d1wse5.its.nv.gov:443/vegasxcd05/f30ef6c6-0c75-4ad0-9d5b-7945f6e3afd4_lvflirxcd07_public.stream/playlist.m3u8",
        "snapshot_url": "https://www.nvroads.com/map/Cctv/4811"
      }
    },
    {
      "type": "Feature",
      "geometry": {
        "type": "Point",
        "coordinates": [
          -115.01344,
          36.03311
        ]
      },
      "properties": {
        "id": "4812",
        "name": "I-11 NB S I-215",
        "m3u8_url": "https://d1wse5.its.nv.gov:443/vegasxcd05/1c2f0c6c-ed19-4074-a565-f6d446ae3e17_lvflirxcd07_public.stream/playlist.m3u8",
        "snapshot_url": "https://www.nvroads.com/map/Cctv/4812"
      }
    },
    {
      "type": "Feature",
      "geometry": {
        "type": "Point",
        "coordinates": [
          -115.17263,
          36.04216
        ]
      },
      "properties": {
        "id": "4813",
        "name": "Las Vegas Blvd &amp; Windmill-Blue Diamond",
        "m3u8_url": "https://d1wse5.its.nv.gov:443/vegasxcd05/8b1ce580-b69c-4d34-9c39-0e2168d4771b_lvflirxcd07_public.stream/playlist.m3u8",
        "snapshot_url": "https://www.nvroads.com/map/Cctv/4813"
      }
    },
    {
      "type": "Feature",
      "geometry": {
        "type": "Point",
        "coordinates": [
          -115.18034,
          36.04771
        ]
      },
      "properties": {
        "id": "4814",
        "name": "I-15 NB Blue Diamond North",
        "m3u8_url": "https://d1wse3.its.nv.gov:443/vegasxcd03/e2025d3e-3860-4538-9ec5-ee986794a0ff_lvflirxcd03_public.stream/playlist.m3u8",
        "snapshot_url": "https://www.nvroads.com/map/Cctv/4814"
      }
    },
    {
      "type": "Feature",
      "geometry": {
        "type": "Point",
        "coordinates": [
          -115.18155,
          36.04325
        ]
      },
      "properties": {
        "id": "4815",
        "name": "Blue Diamond Rd &amp; I-15 SB Ramp",
        "m3u8_url": "https://d1wse4.its.nv.gov:443/vegasxcd04/3a6cfdf8-dcd2-4882-b239-5da6c32ab889_lvflirxcd06_public.stream/playlist.m3u8",
        "snapshot_url": "https://www.nvroads.com/map/Cctv/4815"
      }
    },
    {
      "type": "Feature",
      "geometry": {
        "type": "Point",
        "coordinates": [
          -115.18043,
          36.0343
        ]
      },
      "properties": {
        "id": "4816",
        "name": "I-15 NB Blue Diamond South",
        "m3u8_url": "https://d1wse4.its.nv.gov:443/vegasxcd04/813a5a35-d1bf-4c14-8551-61f963d19348_lvflirxcd04_public.stream/playlist.m3u8",
        "snapshot_url": "https://www.nvroads.com/map/Cctv/4816"
      }
    },
    {
      "type": "Feature",
      "geometry": {
        "type": "Point",
        "coordinates": [
          -115.18027,
          36.02078
        ]
      },
      "properties": {
        "id": "4817",
        "name": "I-15 NB Silverado Ranch",
        "m3u8_url": "https://d1wse1.its.nv.gov:443/vegasxcd01/b2fd7d4f-4998-4093-af9a-9871bd6bf852_lvflirxcd01_public.stream/playlist.m3u8",
        "snapshot_url": "https://www.nvroads.com/map/Cctv/4817"
      }
    },
    {
      "type": "Feature",
      "geometry": {
        "type": "Point",
        "coordinates": [
          -115.1804,
          36.07043
        ]
      },
      "properties": {
        "id": "4818",
        "name": "I-15 NB Sunset",
        "m3u8_url": "https://d1wse4.its.nv.gov:443/vegasxcd04/0eaa175d-8eea-412b-9557-8692ede0c49f_lvflirxcd04_public.stream/playlist.m3u8",
        "snapshot_url": "https://www.nvroads.com/map/Cctv/4818"
      }
    },
    {
      "type": "Feature",
      "geometry": {
        "type": "Point",
        "coordinates": [
          -115.18,
          36.0031
        ]
      },
      "properties": {
        "id": "4819",
        "name": "I-15 NB Cactus",
        "m3u8_url": "https://d1wse4.its.nv.gov:443/vegasxcd04/38fecc4e-a39a-49ff-a164-7c0f9cb082fc_lvflirxcd04_public.stream/playlist.m3u8",
        "snapshot_url": "https://www.nvroads.com/map/Cctv/4819"
      }
    },
    {
      "type": "Feature",
      "geometry": {
        "type": "Point",
        "coordinates": [
          -115.1804,
          35.9905
        ]
      },
      "properties": {
        "id": "4820",
        "name": "I-15 NB Starr",
        "m3u8_url": "https://d1wse4.its.nv.gov:443/vegasxcd04/eb97094f-9066-4054-89b3-41d2c794ac45_lvflirxcd04_public.stream/playlist.m3u8",
        "snapshot_url": "https://www.nvroads.com/map/Cctv/4820"
      }
    },
    {
      "type": "Feature",
      "geometry": {
        "type": "Point",
        "coordinates": [
          -115.1794,
          35.9741
        ]
      },
      "properties": {
        "id": "4821",
        "name": "I-15 NB 1 mile N of St Rose",
        "m3u8_url": "https://d1wse1.its.nv.gov:443/vegasxcd01/cd9d15ab-aa80-4442-9d52-d11088efa257_lvflirxcd01_public.stream/playlist.m3u8",
        "snapshot_url": "https://www.nvroads.com/map/Cctv/4821"
      }
    },
    {
      "type": "Feature",
      "geometry": {
        "type": "Point",
        "coordinates": [
          -115.1808,
          35.9627
        ]
      },
      "properties": {
        "id": "4822",
        "name": "I-15 NB St Rose",
        "m3u8_url": "https://d1wse4.its.nv.gov:443/vegasxcd04/bb629d74-f552-4ad8-905e-29b705df35a9_lvflirxcd06_public.stream/playlist.m3u8",
        "snapshot_url": "https://www.nvroads.com/map/Cctv/4822"
      }
    },
    {
      "type": "Feature",
      "geometry": {
        "type": "Point",
        "coordinates": [
          -115.1822,
          35.9479
        ]
      },
      "properties": {
        "id": "4823",
        "name": "I-15 NB St Rose S Mile 26",
        "m3u8_url": "https://d1wse4.its.nv.gov:443/vegasxcd04/aa801a4f-b959-4bf6-a51a-4c105eec0c03_lvflirxcd04_public.stream/playlist.m3u8",
        "snapshot_url": "https://www.nvroads.com/map/Cctv/4823"
      }
    },
    {
      "type": "Feature",
      "geometry": {
        "type": "Point",
        "coordinates": [
          -115.2373,
          35.8763
        ]
      },
      "properties": {
        "id": "4824",
        "name": "I-15 SB Sloan S Mile 21",
        "m3u8_url": "https://d1wse4.its.nv.gov:443/vegasxcd04/77293944-a5c5-4340-870e-cb6ee410f41d_lvflirxcd04_public.stream/playlist.m3u8",
        "snapshot_url": "https://www.nvroads.com/map/Cctv/4824"
      }
    },
    {
      "type": "Feature",
      "geometry": {
        "type": "Point",
        "coordinates": [
          -115.3285,
          35.7811
        ]
      },
      "properties": {
        "id": "4826",
        "name": "I-15 SB Jean Mile 12",
        "m3u8_url": "https://d1wse4.its.nv.gov:443/vegasxcd04/25b2cfe0-840d-4e61-9ef2-af82c88b834e_lvflirxcd04_public.stream/playlist.m3u8",
        "snapshot_url": "https://www.nvroads.com/map/Cctv/4826"
      }
    },
    {
      "type": "Feature",
      "geometry": {
        "type": "Point",
        "coordinates": [
          -115.3784,
          35.6737
        ]
      },
      "properties": {
        "id": "4827",
        "name": "I-15 SB Primm N Mile 5",
        "m3u8_url": "https://d1wse4.its.nv.gov:443/vegasxcd04/a483ce42-ec08-419f-83c5-230ce587636e_lvflirxcd04_public.stream/playlist.m3u8",
        "snapshot_url": "https://www.nvroads.com/map/Cctv/4827"
      }
    },
    {
      "type": "Feature",
      "geometry": {
        "type": "Point",
        "coordinates": [
          -115.13713,
          36.10081
        ]
      },
      "properties": {
        "id": "4828",
        "name": "Tropicana Ave &amp; Maryland Pkwy T&amp;M",
        "m3u8_url": "https://d1wse4.its.nv.gov:443/vegasxcd04/06f605a6-7491-44be-9d07-7820ef89e793_lvflirxcd04_public.stream/playlist.m3u8",
        "snapshot_url": "https://www.nvroads.com/map/Cctv/4828"
      }
    },
    {
      "type": "Feature",
      "geometry": {
        "type": "Point",
        "coordinates": [
          -114.9885,
          36.0118
        ]
      },
      "properties": {
        "id": "4829",
        "name": "I-11 NB Horizon",
        "m3u8_url": "https://d1wse5.its.nv.gov:443/vegasxcd05/7d324bf0-d02a-4cb1-a1af-94c42a72d55a_lvflirxcd07_public.stream/playlist.m3u8",
        "snapshot_url": "https://www.nvroads.com/map/Cctv/4829"
      }
    },
    {
      "type": "Feature",
      "geometry": {
        "type": "Point",
        "coordinates": [
          -114.9766,
          35.9992
        ]
      },
      "properties": {
        "id": "4830",
        "name": "I-11 SB Greenway",
        "m3u8_url": "https://d1wse5.its.nv.gov:443/vegasxcd05/d20c553a-8120-43f8-afe9-d29065165766_lvflirxcd07_public.stream/playlist.m3u8",
        "snapshot_url": "https://www.nvroads.com/map/Cctv/4830"
      }
    },
    {
      "type": "Feature",
      "geometry": {
        "type": "Point",
        "coordinates": [
          -114.9644,
          35.9987
        ]
      },
      "properties": {
        "id": "4831",
        "name": "I-11 SB College",
        "m3u8_url": "https://d1wse5.its.nv.gov:443/vegasxcd05/b4247571-ca0c-4322-b88a-ed2b727beb69_lvflirxcd07_public.stream/playlist.m3u8",
        "snapshot_url": "https://www.nvroads.com/map/Cctv/4831"
      }
    },
    {
      "type": "Feature",
      "geometry": {
        "type": "Point",
        "coordinates": [
          -114.9466,
          36.0014
        ]
      },
      "properties": {
        "id": "4832",
        "name": "I-11 NB S of College",
        "m3u8_url": "https://d1wse5.its.nv.gov:443/vegasxcd05/45abfb0a-136d-4991-bd87-cc9c9248b695_lvflirxcd07_public.stream/playlist.m3u8",
        "snapshot_url": "https://www.nvroads.com/map/Cctv/4832"
      }
    },
    {
      "type": "Feature",
      "geometry": {
        "type": "Point",
        "coordinates": [
          -114.9326,
          35.9964
        ]
      },
      "properties": {
        "id": "4833",
        "name": "I-11 NB Wagon Wheel",
        "m3u8_url": "https://d1wse5.its.nv.gov:443/vegasxcd05/dd68ac10-406e-4d5a-a898-4b9fa74b70f9_lvflirxcd07_public.stream/playlist.m3u8",
        "snapshot_url": "https://www.nvroads.com/map/Cctv/4833"
      }
    },
    {
      "type": "Feature",
      "geometry": {
        "type": "Point",
        "coordinates": [
          -114.9215,
          35.9847
        ]
      },
      "properties": {
        "id": "4834",
        "name": "I-11 SB Paradise Hills Dr",
        "m3u8_url": "https://d1wse5.its.nv.gov:443/vegasxcd05/c22ba92b-0039-46c8-9441-baf908ac9d3c_lvflirxcd07_public.stream/playlist.m3u8",
        "snapshot_url": "https://www.nvroads.com/map/Cctv/4834"
      }
    },
    {
      "type": "Feature",
      "geometry": {
        "type": "Point",
        "coordinates": [
          -114.57137,
          35.17232
        ]
      },
      "properties": {
        "id": "4835",
        "name": "Casino Dr &amp; Laughlin Hwy SR 163",
        "m3u8_url": "https://d1wse4.its.nv.gov:443/vegasxcd04/96eaa485-5036-4a55-a661-b01232f7c482_lvflirxcd06_public.stream/playlist.m3u8",
        "snapshot_url": "https://www.nvroads.com/map/Cctv/4835"
      }
    },
    {
      "type": "Feature",
      "geometry": {
        "type": "Point",
        "coordinates": [
          -115.17211,
          36.0136
        ]
      },
      "properties": {
        "id": "4836",
        "name": "Las Vegas Blvd &amp; Silverado Ranch Blvd",
        "m3u8_url": "https://d1wse5.its.nv.gov:443/vegasxcd05/ca7a21d4-945e-4714-a1fb-c5f2535cc415_lvflirxcd07_public.stream/playlist.m3u8",
        "snapshot_url": "https://www.nvroads.com/map/Cctv/4836"
      }
    },
    {
      "type": "Feature",
      "geometry": {
        "type": "Point",
        "coordinates": [
          -115.0913,
          36.2495
        ]
      },
      "properties": {
        "id": "4837",
        "name": "I-15 SB Lone Mountain Rd",
        "m3u8_url": "https://d1wse4.its.nv.gov:443/vegasxcd04/f50ab23f-6fdb-444a-955f-7f0da59189b4_lvflirxcd04_public.stream/playlist.m3u8",
        "snapshot_url": "https://www.nvroads.com/map/Cctv/4837"
      }
    },
    {
      "type": "Feature",
      "geometry": {
        "type": "Point",
        "coordinates": [
          -115.0783,
          36.2598
        ]
      },
      "properties": {
        "id": "4838",
        "name": "I-15 SB Lamb",
        "m3u8_url": "https://d1wse4.its.nv.gov:443/vegasxcd04/f47e8c59-6660-4c08-ba96-e9dc15b8f347_lvflirxcd06_public.stream/playlist.m3u8",
        "snapshot_url": "https://www.nvroads.com/map/Cctv/4838"
      }
    },
    {
      "type": "Feature",
      "geometry": {
        "type": "Point",
        "coordinates": [
          -115.057,
          36.2715
        ]
      },
      "properties": {
        "id": "4839",
        "name": "I-15 SB N I-215 (dual)",
        "m3u8_url": "https://d1wse4.its.nv.gov:443/vegasxcd04/9af05301-d994-4dd0-bf99-0a48ad058f8a_lvflirxcd06_public.stream/playlist.m3u8",
        "snapshot_url": "https://www.nvroads.com/map/Cctv/4839"
      }
    },
    {
      "type": "Feature",
      "geometry": {
        "type": "Point",
        "coordinates": [
          -115.05726,
          36.27187
        ]
      },
      "properties": {
        "id": "4840",
        "name": "I-15 SB N I-215 (dual)",
        "m3u8_url": "https://d1wse4.its.nv.gov:443/vegasxcd04/2637d608-0378-49e0-a090-4f1989ed0329_lvflirxcd06_public.stream/playlist.m3u8",
        "snapshot_url": "https://www.nvroads.com/map/Cctv/4840"
      }
    },
    {
      "type": "Feature",
      "geometry": {
        "type": "Point",
        "coordinates": [
          -115.02571,
          36.28246
        ]
      },
      "properties": {
        "id": "4841",
        "name": "I-15 NB Speedway Blvd (dual)",
        "m3u8_url": "https://d1wse4.its.nv.gov:443/vegasxcd04/db1a7b8a-0b19-4b3e-973c-a60ca9067e7b_lvflirxcd06_public.stream/playlist.m3u8",
        "snapshot_url": "https://www.nvroads.com/map/Cctv/4841"
      }
    },
    {
      "type": "Feature",
      "geometry": {
        "type": "Point",
        "coordinates": [
          -114.9198,
          36.3358
        ]
      },
      "properties": {
        "id": "4842",
        "name": "I-15 SB Apex Weigh Station mm61",
        "m3u8_url": "https://d1wse4.its.nv.gov:443/vegasxcd04/a2197792-d74b-4991-9486-e27a48bb5647_lvflirxcd06_public.stream/playlist.m3u8",
        "snapshot_url": "https://www.nvroads.com/map/Cctv/4842"
      }
    },
    {
      "type": "Feature",
      "geometry": {
        "type": "Point",
        "coordinates": [
          -115.19277,
          36.17033
        ]
      },
      "properties": {
        "id": "4843",
        "name": "Valley View Blvd &amp; Meadows Ln",
        "m3u8_url": "https://d1wse5.its.nv.gov:443/vegasxcd05/712711f2-70c4-46ad-93b2-459e8b944dcc_lvflirxcd07_public.stream/playlist.m3u8",
        "snapshot_url": "https://www.nvroads.com/map/Cctv/4843"
      }
    },
    {
      "type": "Feature",
      "geometry": {
        "type": "Point",
        "coordinates": [
          -115.02042,
          36.06372
        ]
      },
      "properties": {
        "id": "4844",
        "name": "Sunset Rd &amp; Eastgate Rd",
        "m3u8_url": "https://d1wse3.its.nv.gov:443/vegasxcd03/f7e6fd13-dd99-4262-b578-f6803c4142b2_lvflirxcd04_public.stream/playlist.m3u8",
        "snapshot_url": "https://www.nvroads.com/map/Cctv/4844"
      }
    },
    {
      "type": "Feature",
      "geometry": {
        "type": "Point",
        "coordinates": [
          -115.15452,
          36.13216
        ]
      },
      "properties": {
        "id": "4845",
        "name": "Paradise Rd &amp; Convention Center Dr SE",
        "m3u8_url": "https://d1wse2.its.nv.gov:443/vegasxcd02/6602fac3-10a4-4342-ac6d-4c695b3517c5_lvflirxcd02_public.stream/playlist.m3u8",
        "snapshot_url": "https://www.nvroads.com/map/Cctv/4845"
      }
    },
    {
      "type": "Feature",
      "geometry": {
        "type": "Point",
        "coordinates": [
          -115.27039,
          36.02008
        ]
      },
      "properties": {
        "id": "4846",
        "name": "Blue Diamond Rd &amp; Cimarron Rd",
        "m3u8_url": "https://d1wse1.its.nv.gov:443/vegasxcd01/10593e3b-53f7-4c14-ac6f-b10468f5b8f0_lvflirxcd01_public.stream/playlist.m3u8",
        "snapshot_url": "https://www.nvroads.com/map/Cctv/4846"
      }
    },
    {
      "type": "Feature",
      "geometry": {
        "type": "Point",
        "coordinates": [
          -115.17236,
          35.99908
        ]
      },
      "properties": {
        "id": "4847",
        "name": "Las Vegas Blvd &amp; Cactus Ave",
        "m3u8_url": "https://d1wse5.its.nv.gov:443/vegasxcd05/7739ea0d-607e-493b-b830-aecbc7369d79_lvflirxcd07_public.stream/playlist.m3u8",
        "snapshot_url": "https://www.nvroads.com/map/Cctv/4847"
      }
    },
    {
      "type": "Feature",
      "geometry": {
        "type": "Point",
        "coordinates": [
          -115.27902,
          36.02015
        ]
      },
      "properties": {
        "id": "4848",
        "name": "Blue Diamond Rd &amp; Durango Rd",
        "m3u8_url": "https://d1wse4.its.nv.gov:443/vegasxcd04/73c2fe7c-2f08-43d4-bca5-e43e7fca737c_lvflirxcd06_public.stream/playlist.m3u8",
        "snapshot_url": "https://www.nvroads.com/map/Cctv/4848"
      }
    },
    {
      "type": "Feature",
      "geometry": {
        "type": "Point",
        "coordinates": [
          -115.14426,
          36.05747
        ]
      },
      "properties": {
        "id": "4849",
        "name": "Warm Springs Rd &amp; CC 215 SB",
        "m3u8_url": "https://d1wse5.its.nv.gov:443/vegasxcd05/1b45e318-53b5-4c32-aae2-5a181373a7e6_lvflirxcd07_public.stream/playlist.m3u8",
        "snapshot_url": "https://www.nvroads.com/map/Cctv/4849"
      }
    },
    {
      "type": "Feature",
      "geometry": {
        "type": "Point",
        "coordinates": [
          -115.17207,
          36.02862
        ]
      },
      "properties": {
        "id": "4850",
        "name": "Camera 4850",
        "m3u8_url": null,
        "snapshot_url": "https://www.nvroads.com/map/Cctv/4850"
      }
    },
    {
      "type": "Feature",
      "geometry": {
        "type": "Point",
        "coordinates": [
          -115.27895,
          36.24818
        ]
      },
      "properties": {
        "id": "4851",
        "name": "Durango Dr &amp; Lone Mountain Rd",
        "m3u8_url": "https://d1wse4.its.nv.gov:443/vegasxcd04/db10baa3-c3ca-4f99-bd8e-4f255aeafa63_lvflirxcd06_public.stream/playlist.m3u8",
        "snapshot_url": "https://www.nvroads.com/map/Cctv/4851"
      }
    },
    {
      "type": "Feature",
      "geometry": {
        "type": "Point",
        "coordinates": [
          -115.31506,
          36.24783
        ]
      },
      "properties": {
        "id": "4852",
        "name": "Lone Mountian Rd &amp; CC 215 NB Ramp",
        "m3u8_url": "https://d1wse1.its.nv.gov:443/vegasxcd01/b7d0cefe-31c2-4e84-a053-534aad16165b_lvflirxcd01_public.stream/playlist.m3u8",
        "snapshot_url": "https://www.nvroads.com/map/Cctv/4852"
      }
    },
    {
      "type": "Feature",
      "geometry": {
        "type": "Point",
        "coordinates": [
          -115.27904,
          36.26317
        ]
      },
      "properties": {
        "id": "4853",
        "name": "Durango Dr &amp; Ann Rd",
        "m3u8_url": "https://d1wse1.its.nv.gov:443/vegasxcd01/771f655a-1721-480c-8d92-0108acb804a9_lvflirxcd01_public.stream/playlist.m3u8",
        "snapshot_url": "https://www.nvroads.com/map/Cctv/4853"
      }
    },
    {
      "type": "Feature",
      "geometry": {
        "type": "Point",
        "coordinates": [
          -115.21221,
          36.21698
        ]
      },
      "properties": {
        "id": "4854",
        "name": "Rancho Dr &amp; Cheyenne Ave",
        "m3u8_url": "https://d1wse5.its.nv.gov:443/vegasxcd05/f25fd9ad-cdc4-4ffb-b4c8-d01e98cba385_lvflirxcd07_public.stream/playlist.m3u8",
        "snapshot_url": "https://www.nvroads.com/map/Cctv/4854"
      }
    },
    {
      "type": "Feature",
      "geometry": {
        "type": "Point",
        "coordinates": [
          -115.17567,
          36.17748
        ]
      },
      "properties": {
        "id": "4855",
        "name": "Rancho Dr &amp; Bonanza Rd",
        "m3u8_url": "https://d1wse5.its.nv.gov:443/vegasxcd05/7e625044-2bf3-43be-b8d4-b2a2a362cb8a_lvflirxcd07_public.stream/playlist.m3u8",
        "snapshot_url": "https://www.nvroads.com/map/Cctv/4855"
      }
    },
    {
      "type": "Feature",
      "geometry": {
        "type": "Point",
        "coordinates": [
          -115.10171,
          36.01588
        ]
      },
      "properties": {
        "id": "4856",
        "name": "Camera 4856",
        "m3u8_url": null,
        "snapshot_url": "https://www.nvroads.com/map/Cctv/4856"
      }
    },
    {
      "type": "Feature",
      "geometry": {
        "type": "Point",
        "coordinates": [
          -115.2247,
          36.2747
        ]
      },
      "properties": {
        "id": "4857",
        "name": "Camera 4857",
        "m3u8_url": null,
        "snapshot_url": "https://www.nvroads.com/map/Cctv/4857"
      }
    },
    {
      "type": "Feature",
      "geometry": {
        "type": "Point",
        "coordinates": [
          -115.2069,
          36.2745
        ]
      },
      "properties": {
        "id": "4858",
        "name": "Camera 4858",
        "m3u8_url": null,
        "snapshot_url": "https://www.nvroads.com/map/Cctv/4858"
      }
    },
    {
      "type": "Feature",
      "geometry": {
        "type": "Point",
        "coordinates": [
          -115.1902,
          36.2814
        ]
      },
      "properties": {
        "id": "4859",
        "name": "Camera 4859",
        "m3u8_url": null,
        "snapshot_url": "https://www.nvroads.com/map/Cctv/4859"
      }
    },
    {
      "type": "Feature",
      "geometry": {
        "type": "Point",
        "coordinates": [
          -115.1801,
          36.2893
        ]
      },
      "properties": {
        "id": "4860",
        "name": "Camera 4860",
        "m3u8_url": null,
        "snapshot_url": "https://www.nvroads.com/map/Cctv/4860"
      }
    },
    {
      "type": "Feature",
      "geometry": {
        "type": "Point",
        "coordinates": [
          -115.3432,
          36.1915
        ]
      },
      "properties": {
        "id": "4861",
        "name": "Camera 4861",
        "m3u8_url": null,
        "snapshot_url": "https://www.nvroads.com/map/Cctv/4861"
      }
    },
    {
      "type": "Feature",
      "geometry": {
        "type": "Point",
        "coordinates": [
          -115.3436,
          36.1914
        ]
      },
      "properties": {
        "id": "4862",
        "name": "Camera 4862",
        "m3u8_url": null,
        "snapshot_url": "https://www.nvroads.com/map/Cctv/4862"
      }
    },
    {
      "type": "Feature",
      "geometry": {
        "type": "Point",
        "coordinates": [
          -115.26678,
          36.27824
        ]
      },
      "properties": {
        "id": "4863",
        "name": "Camera 4863",
        "m3u8_url": null,
        "snapshot_url": "https://www.nvroads.com/map/Cctv/4863"
      }
    },
    {
      "type": "Feature",
      "geometry": {
        "type": "Point",
        "coordinates": [
          -115.2789,
          36.2913
        ]
      },
      "properties": {
        "id": "4864",
        "name": "Camera 4864",
        "m3u8_url": null,
        "snapshot_url": "https://www.nvroads.com/map/Cctv/4864"
      }
    },
    {
      "type": "Feature",
      "geometry": {
        "type": "Point",
        "coordinates": [
          -115.15516,
          35.97837
        ]
      },
      "properties": {
        "id": "4865",
        "name": "Camera 4865",
        "m3u8_url": null,
        "snapshot_url": "https://www.nvroads.com/map/Cctv/4865"
      }
    },
    {
      "type": "Feature",
      "geometry": {
        "type": "Point",
        "coordinates": [
          -115.1366,
          35.99165
        ]
      },
      "properties": {
        "id": "4866",
        "name": "Camera 4866",
        "m3u8_url": null,
        "snapshot_url": "https://www.nvroads.com/map/Cctv/4866"
      }
    },
    {
      "type": "Feature",
      "geometry": {
        "type": "Point",
        "coordinates": [
          -115.06195,
          36.19609
        ]
      },
      "properties": {
        "id": "4867",
        "name": "Camera 4867",
        "m3u8_url": null,
        "snapshot_url": "https://www.nvroads.com/map/Cctv/4867"
      }
    },
    {
      "type": "Feature",
      "geometry": {
        "type": "Point",
        "coordinates": [
          -115.06197,
          36.21852
        ]
      },
      "properties": {
        "id": "4868",
        "name": "Camera 4868",
        "m3u8_url": null,
        "snapshot_url": "https://www.nvroads.com/map/Cctv/4868"
      }
    },
    {
      "type": "Feature",
      "geometry": {
        "type": "Point",
        "coordinates": [
          -115.11627,
          36.16885
        ]
      },
      "properties": {
        "id": "4869",
        "name": "Camera 4869",
        "m3u8_url": null,
        "snapshot_url": "https://www.nvroads.com/map/Cctv/4869"
      }
    },
    {
      "type": "Feature",
      "geometry": {
        "type": "Point",
        "coordinates": [
          -115.1158,
          36.1673
        ]
      },
      "properties": {
        "id": "4870",
        "name": "Camera 4870",
        "m3u8_url": null,
        "snapshot_url": "https://www.nvroads.com/map/Cctv/4870"
      }
    },
    {
      "type": "Feature",
      "geometry": {
        "type": "Point",
        "coordinates": [
          -115.30421,
          36.11537
        ]
      },
      "properties": {
        "id": "4871",
        "name": "Camera 4871",
        "m3u8_url": null,
        "snapshot_url": "https://www.nvroads.com/map/Cctv/4871"
      }
    },
    {
      "type": "Feature",
      "geometry": {
        "type": "Point",
        "coordinates": [
          -115.26081,
          36.11493
        ]
      },
      "properties": {
        "id": "4872",
        "name": "Flamingo Rd &amp; Buffalo Dr",
        "m3u8_url": "https://d1wse1.its.nv.gov:443/vegasxcd01/373cda99-651e-4b15-acd4-c2990aded450_lvflirxcd01_public.stream/playlist.m3u8",
        "snapshot_url": "https://www.nvroads.com/map/Cctv/4872"
      }
    },
    {
      "type": "Feature",
      "geometry": {
        "type": "Point",
        "coordinates": [
          -115.28782,
          36.11517
        ]
      },
      "properties": {
        "id": "4873",
        "name": "Camera 4873",
        "m3u8_url": null,
        "snapshot_url": "https://www.nvroads.com/map/Cctv/4873"
      }
    },
    {
      "type": "Feature",
      "geometry": {
        "type": "Point",
        "coordinates": [
          -115.22513,
          36.11477
        ]
      },
      "properties": {
        "id": "4874",
        "name": "Camera 4874",
        "m3u8_url": null,
        "snapshot_url": "https://www.nvroads.com/map/Cctv/4874"
      }
    },
    {
      "type": "Feature",
      "geometry": {
        "type": "Point",
        "coordinates": [
          -115.08553,
          36.11533
        ]
      },
      "properties": {
        "id": "4875",
        "name": "Camera 4875",
        "m3u8_url": null,
        "snapshot_url": "https://www.nvroads.com/map/Cctv/4875"
      }
    },
    {
      "type": "Feature",
      "geometry": {
        "type": "Point",
        "coordinates": [
          -115.14161,
          36.07185
        ]
      },
      "properties": {
        "id": "4876",
        "name": "Camera 4876",
        "m3u8_url": null,
        "snapshot_url": "https://www.nvroads.com/map/Cctv/4876"
      }
    },
    {
      "type": "Feature",
      "geometry": {
        "type": "Point",
        "coordinates": [
          -115.28876,
          36.0206
        ]
      },
      "properties": {
        "id": "4877",
        "name": "Camera 4877",
        "m3u8_url": null,
        "snapshot_url": "https://www.nvroads.com/map/Cctv/4877"
      }
    },
    {
      "type": "Feature",
      "geometry": {
        "type": "Point",
        "coordinates": [
          -115.29811,
          36.02034
        ]
      },
      "properties": {
        "id": "4878",
        "name": "Camera 4878",
        "m3u8_url": null,
        "snapshot_url": "https://www.nvroads.com/map/Cctv/4878"
      }
    },
    {
      "type": "Feature",
      "geometry": {
        "type": "Point",
        "coordinates": [
          -114.9917,
          36.2953
        ]
      },
      "properties": {
        "id": "4879",
        "name": "Camera 4879",
        "m3u8_url": null,
        "snapshot_url": "https://www.nvroads.com/map/Cctv/4879"
      }
    },
    {
      "type": "Feature",
      "geometry": {
        "type": "Point",
        "coordinates": [
          -114.9532,
          36.31
        ]
      },
      "properties": {
        "id": "4880",
        "name": "Camera 4880",
        "m3u8_url": null,
        "snapshot_url": "https://www.nvroads.com/map/Cctv/4880"
      }
    },
    {
      "type": "Feature",
      "geometry": {
        "type": "Point",
        "coordinates": [
          -115.0639,
          36.2679
        ]
      },
      "properties": {
        "id": "4881",
        "name": "Camera 4881",
        "m3u8_url": null,
        "snapshot_url": "https://www.nvroads.com/map/Cctv/4881"
      }
    },
    {
      "type": "Feature",
      "geometry": {
        "type": "Point",
        "coordinates": [
          -115.09052,
          36.1587
        ]
      },
      "properties": {
        "id": "4882",
        "name": "Camera 4882",
        "m3u8_url": null,
        "snapshot_url": "https://www.nvroads.com/map/Cctv/4882"
      }
    },
    {
      "type": "Feature",
      "geometry": {
        "type": "Point",
        "coordinates": [
          -115.10069,
          36.11507
        ]
      },
      "properties": {
        "id": "4883",
        "name": "Camera 4883",
        "m3u8_url": null,
        "snapshot_url": "https://www.nvroads.com/map/Cctv/4883"
      }
    },
    {
      "type": "Feature",
      "geometry": {
        "type": "Point",
        "coordinates": [
          -115.12594,
          35.99858
        ]
      },
      "properties": {
        "id": "4884",
        "name": "St Rose Pkwy &amp; Seven Hills Dr/Spencer",
        "m3u8_url": "https://d1wse5.its.nv.gov:443/vegasxcd05/1b546fb2-9d49-4bf0-9970-8cc8e62dae97_lvflirxcd07_public.stream/playlist.m3u8",
        "snapshot_url": "https://www.nvroads.com/map/Cctv/4884"
      }
    },
    {
      "type": "Feature",
      "geometry": {
        "type": "Point",
        "coordinates": [
          -115.28699,
          36.17725
        ]
      },
      "properties": {
        "id": "4885",
        "name": "Rampart Blvd &amp; Summerlin Pkwy EB",
        "m3u8_url": "https://d1wse5.its.nv.gov:443/vegasxcd05/c86a3e94-55a6-4012-8fea-dc215deeaa82_lvflirxcd07_public.stream/playlist.m3u8",
        "snapshot_url": "https://www.nvroads.com/map/Cctv/4885"
      }
    },
    {
      "type": "Feature",
      "geometry": {
        "type": "Point",
        "coordinates": [
          -115.28746,
          36.17902
        ]
      },
      "properties": {
        "id": "4886",
        "name": "Camera 4886",
        "m3u8_url": null,
        "snapshot_url": "https://www.nvroads.com/map/Cctv/4886"
      }
    },
    {
      "type": "Feature",
      "geometry": {
        "type": "Point",
        "coordinates": [
          -115.1481,
          36.063
        ]
      },
      "properties": {
        "id": "4887",
        "name": "Camera 4887",
        "m3u8_url": null,
        "snapshot_url": "https://www.nvroads.com/map/Cctv/4887"
      }
    },
    {
      "type": "Feature",
      "geometry": {
        "type": "Point",
        "coordinates": [
          -115.1491,
          36.064
        ]
      },
      "properties": {
        "id": "4888",
        "name": "I-215 WB Airport Connector E (dual)",
        "m3u8_url": "https://d1wse5.its.nv.gov:443/vegasxcd05/16233e61-6a80-4d56-9334-854bce225eba_lvflirxcd05_public.stream/playlist.m3u8",
        "snapshot_url": "https://www.nvroads.com/map/Cctv/4888"
      }
    },
    {
      "type": "Feature",
      "geometry": {
        "type": "Point",
        "coordinates": [
          -115.2519,
          36.2763
        ]
      },
      "properties": {
        "id": "4889",
        "name": "Camera 4889",
        "m3u8_url": null,
        "snapshot_url": "https://www.nvroads.com/map/Cctv/4889"
      }
    },
    {
      "type": "Feature",
      "geometry": {
        "type": "Point",
        "coordinates": [
          -115.14893,
          35.98188
        ]
      },
      "properties": {
        "id": "4890",
        "name": "St Rose Pkwy &amp; Raiders Way/Starr Ave",
        "m3u8_url": "https://d1wse5.its.nv.gov:443/vegasxcd05/9e87d737-f493-435e-b420-6e6711053dfd_lvflirxcd07_public.stream/playlist.m3u8",
        "snapshot_url": "https://www.nvroads.com/map/Cctv/4890"
      }
    },
    {
      "type": "Feature",
      "geometry": {
        "type": "Point",
        "coordinates": [
          -114.96762,
          36.05515
        ]
      },
      "properties": {
        "id": "4891",
        "name": "Camera 4891",
        "m3u8_url": null,
        "snapshot_url": "https://www.nvroads.com/map/Cctv/4891"
      }
    },
    {
      "type": "Feature",
      "geometry": {
        "type": "Point",
        "coordinates": [
          -115.02647,
          36.19581
        ]
      },
      "properties": {
        "id": "4892",
        "name": "Camera 4892",
        "m3u8_url": null,
        "snapshot_url": "https://www.nvroads.com/map/Cctv/4892"
      }
    },
    {
      "type": "Feature",
      "geometry": {
        "type": "Point",
        "coordinates": [
          -115.14415,
          36.26138
        ]
      },
      "properties": {
        "id": "4893",
        "name": "Ann Rd &amp; Commerce St",
        "m3u8_url": "https://d1wse1.its.nv.gov:443/vegasxcd01/e2095a9e-bdc1-4dd2-95ba-bdf4bdb11f6e_lvflirxcd01_public.stream/playlist.m3u8",
        "snapshot_url": "https://www.nvroads.com/map/Cctv/4893"
      }
    },
    {
      "type": "Feature",
      "geometry": {
        "type": "Point",
        "coordinates": [
          -115.3283,
          36.26123
        ]
      },
      "properties": {
        "id": "4894",
        "name": "Ann Rd &amp; CC 215 SB Ramp",
        "m3u8_url": "https://d1wse1.its.nv.gov:443/vegasxcd01/a78548c2-87f1-47a3-bac2-a24a9901e85e_lvflirxcd01_public.stream/playlist.m3u8",
        "snapshot_url": "https://www.nvroads.com/map/Cctv/4894"
      }
    },
    {
      "type": "Feature",
      "geometry": {
        "type": "Point",
        "coordinates": [
          -114.80007,
          35.99426
        ]
      },
      "properties": {
        "id": "4895",
        "name": "I-11 mm 4",
        "m3u8_url": "https://d1wse4.its.nv.gov:443/vegasxcd04/8e95d92b-effa-4a77-8ba7-8cd49acd21e2_lvflirxcd06_public.stream/playlist.m3u8",
        "snapshot_url": "https://www.nvroads.com/map/Cctv/4895"
      }
    },
    {
      "type": "Feature",
      "geometry": {
        "type": "Point",
        "coordinates": [
          -114.74941,
          36.01546
        ]
      },
      "properties": {
        "id": "4896",
        "name": "I-11 NB mm1 DMS",
        "m3u8_url": "https://d1wse4.its.nv.gov:443/vegasxcd04/1c8f53f7-d353-4dab-8014-acfd3a5f0b4d_lvflirxcd06_public.stream/playlist.m3u8",
        "snapshot_url": "https://www.nvroads.com/map/Cctv/4896"
      }
    },
    {
      "type": "Feature",
      "geometry": {
        "type": "Point",
        "coordinates": [
          -114.91245,
          35.96851
        ]
      },
      "properties": {
        "id": "4897",
        "name": "I-11 SB 93 Interchange RR Pass",
        "m3u8_url": "https://d1wse4.its.nv.gov:443/vegasxcd04/a69b92d0-9d6c-41c4-ab51-2d8e513310e0_lvflirxcd06_public.stream/playlist.m3u8",
        "snapshot_url": "https://www.nvroads.com/map/Cctv/4897"
      }
    },
    {
      "type": "Feature",
      "geometry": {
        "type": "Point",
        "coordinates": [
          -114.89969,
          35.96776
        ]
      },
      "properties": {
        "id": "4898",
        "name": "US 93 US 95 Interchange",
        "m3u8_url": "https://d1wse5.its.nv.gov:443/vegasxcd05/57f19650-8674-4be6-b7a3-cf4e1c58269e_lvflirxcd05_public.stream/playlist.m3u8",
        "snapshot_url": "https://www.nvroads.com/map/Cctv/4898"
      }
    },
    {
      "type": "Feature",
      "geometry": {
        "type": "Point",
        "coordinates": [
          -114.92005,
          36.33443
        ]
      },
      "properties": {
        "id": "4899",
        "name": "I-15 SB mm60 Apex",
        "m3u8_url": "https://d1wse2.its.nv.gov:443/vegasxcd02/cccf1b2d-d1b0-4c5c-8ab2-938cbc6fa030_lvflirxcd03_public.stream/playlist.m3u8",
        "snapshot_url": "https://www.nvroads.com/map/Cctv/4899"
      }
    },
    {
      "type": "Feature",
      "geometry": {
        "type": "Point",
        "coordinates": [
          -115.32807,
          36.27639
        ]
      },
      "properties": {
        "id": "4900",
        "name": "I-215 Centennial",
        "m3u8_url": "https://d1wse4.its.nv.gov:443/vegasxcd04/887a8d10-10b2-41fb-97bd-be2b45a2260f_lvflirxcd06_public.stream/playlist.m3u8",
        "snapshot_url": "https://www.nvroads.com/map/Cctv/4900"
      }
    },
    {
      "type": "Feature",
      "geometry": {
        "type": "Point",
        "coordinates": [
          -115.14056,
          35.9879
        ]
      },
      "properties": {
        "id": "4901",
        "name": "St Rose Pkwy &amp; Amigo St",
        "m3u8_url": "https://d1wse5.its.nv.gov:443/vegasxcd05/fcfc87c2-da9a-48b8-a10e-1760b2142140_lvflirxcd05_public.stream/playlist.m3u8",
        "snapshot_url": "https://www.nvroads.com/map/Cctv/4901"
      }
    },
    {
      "type": "Feature",
      "geometry": {
        "type": "Point",
        "coordinates": [
          -115.33097,
          36.15341
        ]
      },
      "properties": {
        "id": "4902",
        "name": "Camera 4902",
        "m3u8_url": null,
        "snapshot_url": "https://www.nvroads.com/map/Cctv/4902"
      }
    },
    {
      "type": "Feature",
      "geometry": {
        "type": "Point",
        "coordinates": [
          -117.06223,
          37.30719
        ]
      },
      "properties": {
        "id": "4903",
        "name": "US 95 at Scottys Junction",
        "m3u8_url": "https://d1wse4.its.nv.gov:443/vegasxcd04/cd66383b-4c44-4d5c-8f02-e25fb81ebd34_lvflirxcd04_public.stream/playlist.m3u8",
        "snapshot_url": "https://www.nvroads.com/map/Cctv/4903"
      }
    },
    {
      "type": "Feature",
      "geometry": {
        "type": "Point",
        "coordinates": [
          -115.5024,
          36.01562
        ]
      },
      "properties": {
        "id": "4904",
        "name": "SR-160 E/O Pinion Dr",
        "m3u8_url": "https://d1wse3.its.nv.gov:443/vegasxcd03/8a7ca00b-a261-41ff-8ba1-eb74a74a01eb_lvflirxcd03_public.stream/playlist.m3u8",
        "snapshot_url": "https://www.nvroads.com/map/Cctv/4904"
      }
    },
    {
      "type": "Feature",
      "geometry": {
        "type": "Point",
        "coordinates": [
          -115.44761,
          35.99876
        ]
      },
      "properties": {
        "id": "4905",
        "name": "SR-160 W/O Cottonwood Valley Rd",
        "m3u8_url": "https://d1wse2.its.nv.gov:443/vegasxcd02/59ff79cd-71a5-4197-999e-1e374d9e7647_lvflirxcd02_public.stream/playlist.m3u8",
        "snapshot_url": "https://www.nvroads.com/map/Cctv/4905"
      }
    },
    {
      "type": "Feature",
      "geometry": {
        "type": "Point",
        "coordinates": [
          -115.14713,
          36.18013
        ]
      },
      "properties": {
        "id": "4906",
        "name": "D St &amp; I-15 SB",
        "m3u8_url": "https://d1wse3.its.nv.gov:443/vegasxcd03/cd7caafa-87d0-4945-bafa-0729af35bd02_lvflirxcd04_public.stream/playlist.m3u8",
        "snapshot_url": "https://www.nvroads.com/map/Cctv/4906"
      }
    },
    {
      "type": "Feature",
      "geometry": {
        "type": "Point",
        "coordinates": [
          -115.03244,
          36.08474
        ]
      },
      "properties": {
        "id": "4907",
        "name": "SEC Boulder Hwy &amp; Russel Rd",
        "m3u8_url": "https://d1wse3.its.nv.gov:443/vegasxcd03/9195e830-c05d-4ac0-bdd1-7440adf2c8e0_lvflirxcd03_public.stream/playlist.m3u8",
        "snapshot_url": "https://www.nvroads.com/map/Cctv/4907"
      }
    },
    {
      "type": "Feature",
      "geometry": {
        "type": "Point",
        "coordinates": [
          -115.14722,
          36.159
        ]
      },
      "properties": {
        "id": "4908",
        "name": "Las Vegas Blvd &amp; Charleston",
        "m3u8_url": "https://d1wse1.its.nv.gov:443/vegasxcd01/527822bf-c919-4a46-b6df-ca12ca3ee389_lvflirxcd01_public.stream/playlist.m3u8",
        "snapshot_url": "https://www.nvroads.com/map/Cctv/4908"
      }
    },
    {
      "type": "Feature",
      "geometry": {
        "type": "Point",
        "coordinates": [
          -117.3938,
          40.9212
        ]
      },
      "properties": {
        "id": "4909",
        "name": "IR-80 MM 200 Golconda Summit HU33",
        "m3u8_url": "https://d3wse1.its.nv.gov:443/elkoxcd01/4b01896c-c7a3-45ba-ada5-c410bb8965a0_hspflirxcd04_public.stream/playlist.m3u8",
        "snapshot_url": "https://www.nvroads.com/map/Cctv/4909"
      }
    },
    {
      "type": "Feature",
      "geometry": {
        "type": "Point",
        "coordinates": [
          -115.4786,
          40.957
        ]
      },
      "properties": {
        "id": "4910",
        "name": "IR-80 MM 321Halleck EL43",
        "m3u8_url": "https://d3wse1.its.nv.gov:443/elkoxcd01/e821e793-276e-4dc6-9d22-819bc6f8fdd3_hspflirxcd04_public.stream/playlist.m3u8",
        "snapshot_url": "https://www.nvroads.com/map/Cctv/4910"
      }
    },
    {
      "type": "Feature",
      "geometry": {
        "type": "Point",
        "coordinates": [
          -114.5696,
          41.0783
        ]
      },
      "properties": {
        "id": "4911",
        "name": "IR-80 MM375 Pequop Summit EL95",
        "m3u8_url": "https://d3wse1.its.nv.gov:443/elkoxcd01/19dc17b3-79c8-4df4-a69d-90445479980d_hspflirxcd04_public.stream/playlist.m3u8",
        "snapshot_url": "https://www.nvroads.com/map/Cctv/4911"
      }
    },
    {
      "type": "Feature",
      "geometry": {
        "type": "Point",
        "coordinates": [
          -115.8352,
          40.8014
        ]
      },
      "properties": {
        "id": "4912",
        "name": "IR-80 MM 298 West Elko EL22",
        "m3u8_url": "https://d3wse1.its.nv.gov:443/elkoxcd01/eef89ab2-bf8e-4010-a23c-e68c61cb725b_hspflirxcd04_public.stream/playlist.m3u8",
        "snapshot_url": "https://www.nvroads.com/map/Cctv/4912"
      }
    },
    {
      "type": "Feature",
      "geometry": {
        "type": "Point",
        "coordinates": [
          -115.734,
          40.8656
        ]
      },
      "properties": {
        "id": "4913",
        "name": "IR-80 MM 303 East Elko EL18",
        "m3u8_url": "https://d3wse1.its.nv.gov:443/elkoxcd01/2b222ee0-1f22-4539-9f4b-7f0d7ce8e1fa_hspflirxcd04_public.stream/playlist.m3u8",
        "snapshot_url": "https://www.nvroads.com/map/Cctv/4913"
      }
    },
    {
      "type": "Feature",
      "geometry": {
        "type": "Point",
        "coordinates": [
          -116.017,
          40.7233
        ]
      },
      "properties": {
        "id": "4914",
        "name": "IR-80 MM 285 Carlin Tunnel West EL 7.5",
        "m3u8_url": "https://d3wse1.its.nv.gov:443/elkoxcd01/a3924004-7af8-4bf6-a6c2-ff8838c92ada_hspflirxcd04_public.stream/playlist.m3u8",
        "snapshot_url": "https://www.nvroads.com/map/Cctv/4914"
      }
    },
    {
      "type": "Feature",
      "geometry": {
        "type": "Point",
        "coordinates": [
          -116.0104,
          40.7198
        ]
      },
      "properties": {
        "id": "4915",
        "name": "IR-80 MM 286 Carlin Tunnel East EL08",
        "m3u8_url": "https://d3wse1.its.nv.gov:443/elkoxcd01/21479ba7-e2d7-420f-a88d-45b2245d7f85_hspflirxcd04_public.stream/playlist.m3u8",
        "snapshot_url": "https://www.nvroads.com/map/Cctv/4915"
      }
    },
    {
      "type": "Feature",
      "geometry": {
        "type": "Point",
        "coordinates": [
          -116.2766,
          40.6547
        ]
      },
      "properties": {
        "id": "4916",
        "name": "IR-80 MM 269 Emigrant Summit EU 18",
        "m3u8_url": "https://d3wse1.its.nv.gov:443/elkoxcd01/349e8907-d301-4c17-99aa-12324de911f6_hspflirxcd04_public.stream/playlist.m3u8",
        "snapshot_url": "https://www.nvroads.com/map/Cctv/4916"
      }
    },
    {
      "type": "Feature",
      "geometry": {
        "type": "Point",
        "coordinates": [
          -117.434,
          40.9268
        ]
      },
      "properties": {
        "id": "4917",
        "name": "I-80 &amp; Golconda East Bound MM196 Chain Up HU32",
        "m3u8_url": "https://d3wse1.its.nv.gov:443/elkoxcd01/3056a9a8-4d89-4d67-94f0-5e1651875d27_hspflirxcd04_public.stream/playlist.m3u8",
        "snapshot_url": "https://www.nvroads.com/map/Cctv/4917"
      }
    },
    {
      "type": "Feature",
      "geometry": {
        "type": "Point",
        "coordinates": [
          -114.2107,
          40.8447
        ]
      },
      "properties": {
        "id": "4918",
        "name": "IR-80 MM 398 Pilot Valley EL100",
        "m3u8_url": "https://d3wse1.its.nv.gov:443/elkoxcd01/8b566376-996b-43f7-8bc4-6b4b3125c459_hspflirxcd04_public.stream/playlist.m3u8",
        "snapshot_url": "https://www.nvroads.com/map/Cctv/4918"
      }
    },
    {
      "type": "Feature",
      "geometry": {
        "type": "Point",
        "coordinates": [
          -115.2558,
          40.6795
        ]
      },
      "properties": {
        "id": "4919",
        "name": "SR229 EL MM 27 Ruby Valley RWIS",
        "m3u8_url": "https://d3wse1.its.nv.gov:443/elkoxcd01/2f8d5185-f812-4202-962e-3db34ab4a598_hspflirxcd04_public.stream/playlist.m3u8",
        "snapshot_url": "https://www.nvroads.com/map/Cctv/4919"
      }
    },
    {
      "type": "Feature",
      "geometry": {
        "type": "Point",
        "coordinates": [
          -116.019,
          40.724
        ]
      },
      "properties": {
        "id": "4920",
        "name": "I-80 West Side of Carlin Tunnel 80 Foot Pole MM285",
        "m3u8_url": "https://d3wse1.its.nv.gov:443/elkoxcd01/bf87c313-6582-4487-96c5-e3cbaed9d407_hspflirxcd04_public.stream/playlist.m3u8",
        "snapshot_url": "https://www.nvroads.com/map/Cctv/4920"
      }
    },
    {
      "type": "Feature",
      "geometry": {
        "type": "Point",
        "coordinates": [
          -115.2304,
          41.086
        ]
      },
      "properties": {
        "id": "4921",
        "name": "IR-80 MM 337 Deeth EL 59.5",
        "m3u8_url": "https://d3wse1.its.nv.gov:443/elkoxcd01/09b79234-b491-486c-b576-cfbd758b30a4_hspflirxcd04_public.stream/playlist.m3u8",
        "snapshot_url": "https://www.nvroads.com/map/Cctv/4921"
      }
    },
    {
      "type": "Feature",
      "geometry": {
        "type": "Point",
        "coordinates": [
          -114.9878,
          41.1051
        ]
      },
      "properties": {
        "id": "4922",
        "name": "IR-80 MM 352 Wells West EL73",
        "m3u8_url": "https://d3wse1.its.nv.gov:443/elkoxcd01/3a1b6ca7-fdd4-43bf-a764-9e674a1ec5fb_hspflirxcd04_public.stream/playlist.m3u8",
        "snapshot_url": "https://www.nvroads.com/map/Cctv/4922"
      }
    },
    {
      "type": "Feature",
      "geometry": {
        "type": "Point",
        "coordinates": [
          -116.2465,
          40.6609
        ]
      },
      "properties": {
        "id": "4923",
        "name": "I-80 Emigrant W/B Chain Up MM275 MM23.5",
        "m3u8_url": "https://d3wse1.its.nv.gov:443/elkoxcd01/b2124846-bb80-411b-ab6e-c9192aa2c7a1_hspflirxcd04_public.stream/playlist.m3u8",
        "snapshot_url": "https://www.nvroads.com/map/Cctv/4923"
      }
    },
    {
      "type": "Feature",
      "geometry": {
        "type": "Point",
        "coordinates": [
          -116.3291,
          40.6418
        ]
      },
      "properties": {
        "id": "4924",
        "name": "I-80 Emigrant E/B Chain Up MM263 EU10.5",
        "m3u8_url": "https://d3wse1.its.nv.gov:443/elkoxcd01/e62e1f33-872c-48e3-a5cb-15776be2bfe8_hspflirxcd04_public.stream/playlist.m3u8",
        "snapshot_url": "https://www.nvroads.com/map/Cctv/4924"
      }
    },
    {
      "type": "Feature",
      "geometry": {
        "type": "Point",
        "coordinates": [
          -116.016,
          40.722
        ]
      },
      "properties": {
        "id": "4925",
        "name": "I-80 EB FLIR west side of Tunnel EL7.5",
        "m3u8_url": "https://d3wse1.its.nv.gov:443/elkoxcd01/ba776a5e-8e91-47ee-a663-a22ec1436dd2_hspflirxcd04_public.stream/playlist.m3u8",
        "snapshot_url": "https://www.nvroads.com/map/Cctv/4925"
      }
    },
    {
      "type": "Feature",
      "geometry": {
        "type": "Point",
        "coordinates": [
          -116.012,
          40.72
        ]
      },
      "properties": {
        "id": "4926",
        "name": "I-80 EB FLIR east side of Tunnel EL8",
        "m3u8_url": "https://d3wse1.its.nv.gov:443/elkoxcd01/cf70beaf-a4ec-480c-bfce-11f4e51a5516_hspflirxcd04_public.stream/playlist.m3u8",
        "snapshot_url": "https://www.nvroads.com/map/Cctv/4926"
      }
    },
    {
      "type": "Feature",
      "geometry": {
        "type": "Point",
        "coordinates": [
          -114.0654,
          40.7436
        ]
      },
      "properties": {
        "id": "4927",
        "name": "IR-80 MM 409 Wendover @ Stateline EL132",
        "m3u8_url": "https://d3wse1.its.nv.gov:443/elkoxcd01/9f237350-c00e-4080-a2f0-3209b3c5f6f1_hspflirxcd04_public.stream/playlist.m3u8",
        "snapshot_url": "https://www.nvroads.com/map/Cctv/4927"
      }
    },
    {
      "type": "Feature",
      "geometry": {
        "type": "Point",
        "coordinates": [
          -116.9445,
          40.6378
        ]
      },
      "properties": {
        "id": "4928",
        "name": "I80 Battle Mountain MM231 LA6.2",
        "m3u8_url": "https://d3wse1.its.nv.gov:443/elkoxcd01/a6c9d272-d21c-418b-85ad-eb8cd960b172_hspflirxcd04_public.stream/playlist.m3u8",
        "snapshot_url": "https://www.nvroads.com/map/Cctv/4928"
      }
    },
    {
      "type": "Feature",
      "geometry": {
        "type": "Point",
        "coordinates": [
          -116.0093,
          40.7194
        ]
      },
      "properties": {
        "id": "4929",
        "name": "I-80 WB East Side of Carlin Tunnel 80 Foot Pole MM",
        "m3u8_url": "https://d3wse1.its.nv.gov:443/elkoxcd01/886728b9-b33c-4cae-a7b1-bc804810b5df_hspflirxcd04_public.stream/playlist.m3u8",
        "snapshot_url": "https://www.nvroads.com/map/Cctv/4929"
      }
    },
    {
      "type": "Feature",
      "geometry": {
        "type": "Point",
        "coordinates": [
          -116.0159,
          40.7229
        ]
      },
      "properties": {
        "id": "4930",
        "name": "I-80 WB FLIR Camera West Side of Tunnel EL7.5",
        "m3u8_url": "https://d3wse1.its.nv.gov:443/elkoxcd01/18a73177-749b-4d23-9e8c-e526266b48b0_hspflirxcd04_public.stream/playlist.m3u8",
        "snapshot_url": "https://www.nvroads.com/map/Cctv/4930"
      }
    },
    {
      "type": "Feature",
      "geometry": {
        "type": "Point",
        "coordinates": [
          -116.0122,
          40.7208
        ]
      },
      "properties": {
        "id": "4931",
        "name": "I-80 WB FLIR Camera East Side of Tunnel EL8",
        "m3u8_url": "https://d3wse1.its.nv.gov:443/elkoxcd01/ca6a56c8-082e-4732-9950-8b3bb9ba9848_hspflirxcd04_public.stream/playlist.m3u8",
        "snapshot_url": "https://www.nvroads.com/map/Cctv/4931"
      }
    },
    {
      "type": "Feature",
      "geometry": {
        "type": "Point",
        "coordinates": [
          -115.7851,
          40.8362
        ]
      },
      "properties": {
        "id": "4932",
        "name": "I80 &amp; SR225 South MM 301 EL23",
        "m3u8_url": "https://d3wse1.its.nv.gov:443/elkoxcd01/89186ddb-18df-417e-8f04-fb381e852d44_hspflirxcd04_public.stream/playlist.m3u8",
        "snapshot_url": "https://www.nvroads.com/map/Cctv/4932"
      }
    },
    {
      "type": "Feature",
      "geometry": {
        "type": "Point",
        "coordinates": [
          -115.7886,
          40.8358
        ]
      },
      "properties": {
        "id": "4933",
        "name": "I80 &amp; SR225 North MM 301 EL23",
        "m3u8_url": "https://d3wse1.its.nv.gov:443/elkoxcd01/ffa263e7-2d6c-4a90-bfd6-4d41dc727f9c_hspflirxcd04_public.stream/playlist.m3u8",
        "snapshot_url": "https://www.nvroads.com/map/Cctv/4933"
      }
    },
    {
      "type": "Feature",
      "geometry": {
        "type": "Point",
        "coordinates": [
          -117.7442,
          40.9711
        ]
      },
      "properties": {
        "id": "4934",
        "name": "IR-80 MM 177 Winnemucca HU14",
        "m3u8_url": "https://d3wse1.its.nv.gov:443/elkoxcd01/9a79666f-017e-4a8d-8897-1ab4c7a7601a_hspflirxcd04_public.stream/playlist.m3u8",
        "snapshot_url": "https://www.nvroads.com/map/Cctv/4934"
      }
    },
    {
      "type": "Feature",
      "geometry": {
        "type": "Point",
        "coordinates": [
          -114.9049,
          41.1035
        ]
      },
      "properties": {
        "id": "4935",
        "name": "IR-80 MM355 Moor EL77",
        "m3u8_url": "https://d3wse1.its.nv.gov:443/elkoxcd01/7069b68c-bcc4-4a2e-8025-c7a140f2f5c5_hspflirxcd04_public.stream/playlist.m3u8",
        "snapshot_url": "https://www.nvroads.com/map/Cctv/4935"
      }
    },
    {
      "type": "Feature",
      "geometry": {
        "type": "Point",
        "coordinates": [
          -115.67596,
          40.78567
        ]
      },
      "properties": {
        "id": "4936",
        "name": "SR-227/SR-228 Lamoille North CCTV MM EL7",
        "m3u8_url": "https://d3wse1.its.nv.gov:443/elkoxcd01/a2e59148-1770-4cf0-89cd-bb6334e00f2a_hspflirxcd04_public.stream/playlist.m3u8",
        "snapshot_url": "https://www.nvroads.com/map/Cctv/4936"
      }
    },
    {
      "type": "Feature",
      "geometry": {
        "type": "Point",
        "coordinates": [
          -115.6756,
          40.78548
        ]
      },
      "properties": {
        "id": "4937",
        "name": "Camera 4937",
        "m3u8_url": null,
        "snapshot_url": "https://www.nvroads.com/map/Cctv/4937"
      }
    },
    {
      "type": "Feature",
      "geometry": {
        "type": "Point",
        "coordinates": [
          -115.81564,
          40.84219
        ]
      },
      "properties": {
        "id": "4938",
        "name": "SR-225 Adobe NB EL MM2",
        "m3u8_url": "https://d3wse1.its.nv.gov:443/elkoxcd01/d22a60ee-0c5d-404a-a5e4-79aae43bacac_hspflirxcd04_public.stream/playlist.m3u8",
        "snapshot_url": "https://www.nvroads.com/map/Cctv/4938"
      }
    },
    {
      "type": "Feature",
      "geometry": {
        "type": "Point",
        "coordinates": [
          -117.28196,
          40.89031
        ]
      },
      "properties": {
        "id": "4939",
        "name": "I80-Golconda W/B MM205 Pumpernickel HU42.5",
        "m3u8_url": "https://d3wse1.its.nv.gov:443/elkoxcd01/3ebb7870-2585-4654-b693-b991ed9f1a70_hspflirxcd04_public.stream/playlist.m3u8",
        "snapshot_url": "https://www.nvroads.com/map/Cctv/4939"
      }
    },
    {
      "type": "Feature",
      "geometry": {
        "type": "Point",
        "coordinates": [
          -114.67593,
          41.96881
        ]
      },
      "properties": {
        "id": "4940",
        "name": "US93 JACKPOT EL MM140",
        "m3u8_url": "https://d3wse1.its.nv.gov:443/elkoxcd01/f01b6bd9-686f-4a15-b6f6-e91c4c44711a_hspflirxcd04_public.stream/playlist.m3u8",
        "snapshot_url": "https://www.nvroads.com/map/Cctv/4940"
      }
    },
    {
      "type": "Feature",
      "geometry": {
        "type": "Point",
        "coordinates": [
          -114.97191,
          39.21678
        ]
      },
      "properties": {
        "id": "4941",
        "name": "US6-Murry WP MM31.5 CCTV",
        "m3u8_url": "https://d3wse1.its.nv.gov:443/elkoxcd01/1db8ce78-e733-4f23-9101-8d8f729805e9_hspflirxcd04_public.stream/playlist.m3u8",
        "snapshot_url": "https://www.nvroads.com/map/Cctv/4941"
      }
    },
    {
      "type": "Feature",
      "geometry": {
        "type": "Point",
        "coordinates": [
          -114.86148,
          39.25853
        ]
      },
      "properties": {
        "id": "4942",
        "name": "US93 ELY WP MM54",
        "m3u8_url": "https://d3wse1.its.nv.gov:443/elkoxcd01/6b5049ee-0737-4ac6-a22d-2b217f4b438f_hspflirxcd04_public.stream/playlist.m3u8",
        "snapshot_url": "https://www.nvroads.com/map/Cctv/4942"
      }
    },
    {
      "type": "Feature",
      "geometry": {
        "type": "Point",
        "coordinates": [
          -117.08512,
          39.50079
        ]
      },
      "properties": {
        "id": "4943",
        "name": "Camera 4943",
        "m3u8_url": null,
        "snapshot_url": "https://www.nvroads.com/map/Cctv/4943"
      }
    },
    {
      "type": "Feature",
      "geometry": {
        "type": "Point",
        "coordinates": [
          -115.96201,
          39.51791
        ]
      },
      "properties": {
        "id": "4944",
        "name": "US50 EUREKA EU MM37",
        "m3u8_url": "https://d3wse1.its.nv.gov:443/elkoxcd01/2431fbd7-19a7-40b3-8c99-a8161fa6bbfd_hspflirxcd04_public.stream/playlist.m3u8",
        "snapshot_url": "https://www.nvroads.com/map/Cctv/4944"
      }
    },
    {
      "type": "Feature",
      "geometry": {
        "type": "Point",
        "coordinates": [
          -114.82725,
          41.2699
        ]
      },
      "properties": {
        "id": "4945",
        "name": "US93 BISHOP  EL MM88",
        "m3u8_url": "https://d3wse1.its.nv.gov:443/elkoxcd01/07d052c8-6c0d-426c-84c5-dfdacfd9a1b9_hspflirxcd04_public.stream/playlist.m3u8",
        "snapshot_url": "https://www.nvroads.com/map/Cctv/4945"
      }
    },
    {
      "type": "Feature",
      "geometry": {
        "type": "Point",
        "coordinates": [
          -115.08395,
          39.41531
        ]
      },
      "properties": {
        "id": "4946",
        "name": "Camera 4946",
        "m3u8_url": null,
        "snapshot_url": "https://www.nvroads.com/map/Cctv/4946"
      }
    },
    {
      "type": "Feature",
      "geometry": {
        "type": "Point",
        "coordinates": [
          -115.61958,
          40.73904
        ]
      },
      "properties": {
        "id": "4947",
        "name": "SR-227 SP CRK Roundabout EL MM11.5",
        "m3u8_url": "https://d3wse1.its.nv.gov:443/elkoxcd01/43fa2eaa-e7c7-4dd6-9b49-936e854d7d58_hspflirxcd04_public.stream/playlist.m3u8",
        "snapshot_url": "https://www.nvroads.com/map/Cctv/4947"
      }
    },
    {
      "type": "Feature",
      "geometry": {
        "type": "Point",
        "coordinates": [
          -116.12704,
          41.98833
        ]
      },
      "properties": {
        "id": "4948",
        "name": "SR-225 Owyhee EL MM127",
        "m3u8_url": "https://d3wse1.its.nv.gov:443/elkoxcd01/9bfc081b-edca-41e0-b299-a6244641862f_hspflirxcd04_public.stream/playlist.m3u8",
        "snapshot_url": "https://www.nvroads.com/map/Cctv/4948"
      }
    },
    {
      "type": "Feature",
      "geometry": {
        "type": "Point",
        "coordinates": [
          -118.62743,
          41.95044
        ]
      },
      "properties": {
        "id": "4949",
        "name": "Camera 4949",
        "m3u8_url": null,
        "snapshot_url": "https://www.nvroads.com/map/Cctv/4949"
      }
    },
    {
      "type": "Feature",
      "geometry": {
        "type": "Point",
        "coordinates": [
          -114.66623,
          41.0747
        ]
      },
      "properties": {
        "id": "4950",
        "name": "Camera 4950",
        "m3u8_url": null,
        "snapshot_url": "https://www.nvroads.com/map/Cctv/4950"
      }
    },
    {
      "type": "Feature",
      "geometry": {
        "type": "Point",
        "coordinates": [
          -114.49673,
          41.03652
        ]
      },
      "properties": {
        "id": "4951",
        "name": "Camera 4951",
        "m3u8_url": null,
        "snapshot_url": "https://www.nvroads.com/map/Cctv/4951"
      }
    },
    {
      "type": "Feature",
      "geometry": {
        "type": "Point",
        "coordinates": [
          -114.35693,
          40.94048
        ]
      },
      "properties": {
        "id": "4952",
        "name": "I80 Silverzone MM389 MM111",
        "m3u8_url": "https://d3wse1.its.nv.gov:443/elkoxcd01/a835af9f-513b-4553-be05-1306c19e4165_hspflirxcd04_public.stream/playlist.m3u8",
        "snapshot_url": "https://www.nvroads.com/map/Cctv/4952"
      }
    },
    {
      "type": "Feature",
      "geometry": {
        "type": "Point",
        "coordinates": [
          -115.93401,
          39.44977
        ]
      },
      "properties": {
        "id": "4953",
        "name": "Camera 4953",
        "m3u8_url": null,
        "snapshot_url": "https://www.nvroads.com/map/Cctv/4953"
      }
    },
    {
      "type": "Feature",
      "geometry": {
        "type": "Point",
        "coordinates": [
          -117.03765,
          39.48192
        ]
      },
      "properties": {
        "id": "4954",
        "name": "Camera 4954",
        "m3u8_url": null,
        "snapshot_url": "https://www.nvroads.com/map/Cctv/4954"
      }
    },
    {
      "type": "Feature",
      "geometry": {
        "type": "Point",
        "coordinates": [
          -117.78223,
          41.39449
        ]
      },
      "properties": {
        "id": "4955",
        "name": "US95/SR140 Paradise HU MM 31.5",
        "m3u8_url": "https://d3wse1.its.nv.gov:443/elkoxcd01/9c805a12-1f72-4b57-989e-e2d835d5d779_hspflirxcd04_public.stream/playlist.m3u8",
        "snapshot_url": "https://www.nvroads.com/map/Cctv/4955"
      }
    },
    {
      "type": "Feature",
      "geometry": {
        "type": "Point",
        "coordinates": [
          -115.72019,
          40.80597
        ]
      },
      "properties": {
        "id": "4956",
        "name": "Camera 4956",
        "m3u8_url": null,
        "snapshot_url": "https://www.nvroads.com/map/Cctv/4956"
      }
    },
    {
      "type": "Feature",
      "geometry": {
        "type": "Point",
        "coordinates": [
          -115.18197,
          39.42905
        ]
      },
      "properties": {
        "id": "4957",
        "name": "US50 Robinson EB CS WP MM44",
        "m3u8_url": "https://d3wse1.its.nv.gov:443/elkoxcd01/fa231fe9-a433-43fa-8f15-3eb6679dcda7_hspflirxcd04_public.stream/playlist.m3u8",
        "snapshot_url": "https://www.nvroads.com/map/Cctv/4957"
      }
    },
    {
      "type": "Feature",
      "geometry": {
        "type": "Point",
        "coordinates": [
          -115.01314,
          39.17927
        ]
      },
      "properties": {
        "id": "4958",
        "name": "Camera 4958",
        "m3u8_url": null,
        "snapshot_url": "https://www.nvroads.com/map/Cctv/4958"
      }
    },
    {
      "type": "Feature",
      "geometry": {
        "type": "Point",
        "coordinates": [
          -114.81923,
          41.64751
        ]
      },
      "properties": {
        "id": "4959",
        "name": "Camera 4959",
        "m3u8_url": null,
        "snapshot_url": "https://www.nvroads.com/map/Cctv/4959"
      }
    },
    {
      "type": "Feature",
      "geometry": {
        "type": "Point",
        "coordinates": [
          -115.01271,
          38.45188
        ]
      },
      "properties": {
        "id": "4960",
        "name": "Camera 4960",
        "m3u8_url": null,
        "snapshot_url": "https://www.nvroads.com/map/Cctv/4960"
      }
    },
    {
      "type": "Feature",
      "geometry": {
        "type": "Point",
        "coordinates": [
          -116.50752,
          39.49747
        ]
      },
      "properties": {
        "id": "4961",
        "name": "Camera 4961",
        "m3u8_url": null,
        "snapshot_url": "https://www.nvroads.com/map/Cctv/4961"
      }
    },
    {
      "type": "Feature",
      "geometry": {
        "type": "Point",
        "coordinates": [
          -115.28356,
          38.8184
        ]
      },
      "properties": {
        "id": "4962",
        "name": "Camera 4962",
        "m3u8_url": null,
        "snapshot_url": "https://www.nvroads.com/map/Cctv/4962"
      }
    },
    {
      "type": "Feature",
      "geometry": {
        "type": "Point",
        "coordinates": [
          -116.9414,
          39.4049
        ]
      },
      "properties": {
        "id": "4963",
        "name": "Camera 4963",
        "m3u8_url": null,
        "snapshot_url": "https://www.nvroads.com/map/Cctv/4963"
      }
    },
    {
      "type": "Feature",
      "geometry": {
        "type": "Point",
        "coordinates": [
          -115.12358,
          38.99802
        ]
      },
      "properties": {
        "id": "4964",
        "name": "Camera 4964",
        "m3u8_url": null,
        "snapshot_url": "https://www.nvroads.com/map/Cctv/4964"
      }
    },
    {
      "type": "Feature",
      "geometry": {
        "type": "Point",
        "coordinates": [
          -114.35,
          39.156
        ]
      },
      "properties": {
        "id": "4965",
        "name": "Camera 4965",
        "m3u8_url": null,
        "snapshot_url": "https://www.nvroads.com/map/Cctv/4965"
      }
    },
    {
      "type": "Feature",
      "geometry": {
        "type": "Point",
        "coordinates": [
          -115.91959,
          39.3866
        ]
      },
      "properties": {
        "id": "4966",
        "name": "Camera 4966",
        "m3u8_url": null,
        "snapshot_url": "https://www.nvroads.com/map/Cctv/4966"
      }
    },
    {
      "type": "Feature",
      "geometry": {
        "type": "Point",
        "coordinates": [
          -114.82775,
          40.40772
        ]
      },
      "properties": {
        "id": "4967",
        "name": "Camera 4967",
        "m3u8_url": null,
        "snapshot_url": "https://www.nvroads.com/map/Cctv/4967"
      }
    },
    {
      "type": "Feature",
      "geometry": {
        "type": "Point",
        "coordinates": [
          -114.17214,
          39.06887
        ]
      },
      "properties": {
        "id": "4968",
        "name": "Camera 4968",
        "m3u8_url": null,
        "snapshot_url": "https://www.nvroads.com/map/Cctv/4968"
      }
    },
    {
      "type": "Feature",
      "geometry": {
        "type": "Point",
        "coordinates": [
          -114.36179,
          41.11356
        ]
      },
      "properties": {
        "id": "4969",
        "name": "Camera 4969",
        "m3u8_url": null,
        "snapshot_url": "https://www.nvroads.com/map/Cctv/4969"
      }
    },
    {
      "type": "Feature",
      "geometry": {
        "type": "Point",
        "coordinates": [
          -114.57857,
          39.02676
        ]
      },
      "properties": {
        "id": "4970",
        "name": "Camera 4970",
        "m3u8_url": null,
        "snapshot_url": "https://www.nvroads.com/map/Cctv/4970"
      }
    },
    {
      "type": "Feature",
      "geometry": {
        "type": "Point",
        "coordinates": [
          -118.93897,
          41.90601
        ]
      },
      "properties": {
        "id": "4971",
        "name": "Camera 4971",
        "m3u8_url": null,
        "snapshot_url": "https://www.nvroads.com/map/Cctv/4971"
      }
    },
    {
      "type": "Feature",
      "geometry": {
        "type": "Point",
        "coordinates": [
          -116.13918,
          40.67771
        ]
      },
      "properties": {
        "id": "4972",
        "name": "Camera 4972",
        "m3u8_url": null,
        "snapshot_url": "https://www.nvroads.com/map/Cctv/4972"
      }
    },
    {
      "type": "Feature",
      "geometry": {
        "type": "Point",
        "coordinates": [
          -116.11285,
          40.371
        ]
      },
      "properties": {
        "id": "4973",
        "name": "Camera 4973",
        "m3u8_url": null,
        "snapshot_url": "https://www.nvroads.com/map/Cctv/4973"
      }
    },
    {
      "type": "Feature",
      "geometry": {
        "type": "Point",
        "coordinates": [
          -114.4047,
          39.1649
        ]
      },
      "properties": {
        "id": "4974",
        "name": "Camera 4974",
        "m3u8_url": null,
        "snapshot_url": "https://www.nvroads.com/map/Cctv/4974"
      }
    },
    {
      "type": "Feature",
      "geometry": {
        "type": "Point",
        "coordinates": [
          -114.2724,
          39.1134
        ]
      },
      "properties": {
        "id": "4975",
        "name": "Camera 4975",
        "m3u8_url": null,
        "snapshot_url": "https://www.nvroads.com/map/Cctv/4975"
      }
    },
    {
      "type": "Feature",
      "geometry": {
        "type": "Point",
        "coordinates": [
          -114.7603,
          39.1006
        ]
      },
      "properties": {
        "id": "4976",
        "name": "Camera 4976",
        "m3u8_url": null,
        "snapshot_url": "https://www.nvroads.com/map/Cctv/4976"
      }
    },
    {
      "type": "Feature",
      "geometry": {
        "type": "Point",
        "coordinates": [
          -115.69653,
          39.40905
        ]
      },
      "properties": {
        "id": "4977",
        "name": "Camera 4977",
        "m3u8_url": null,
        "snapshot_url": "https://www.nvroads.com/map/Cctv/4977"
      }
    },
    {
      "type": "Feature",
      "geometry": {
        "type": "Point",
        "coordinates": [
          -117.08388,
          39.50136
        ]
      },
      "properties": {
        "id": "4978",
        "name": "Camera 4978",
        "m3u8_url": null,
        "snapshot_url": "https://www.nvroads.com/map/Cctv/4978"
      }
    },
    {
      "type": "Feature",
      "geometry": {
        "type": "Point",
        "coordinates": [
          -115.34679,
          38.81975
        ]
      },
      "properties": {
        "id": "4979",
        "name": "Camera 4979",
        "m3u8_url": null,
        "snapshot_url": "https://www.nvroads.com/map/Cctv/4979"
      }
    },
    {
      "type": "Feature",
      "geometry": {
        "type": "Point",
        "coordinates": [
          -115.3513,
          38.8174
        ]
      },
      "properties": {
        "id": "4980",
        "name": "Camera 4980",
        "m3u8_url": null,
        "snapshot_url": "https://www.nvroads.com/map/Cctv/4980"
      }
    },
    {
      "type": "Feature",
      "geometry": {
        "type": "Point",
        "coordinates": [
          -115.5248,
          39.3939
        ]
      },
      "properties": {
        "id": "4981",
        "name": "Camera 4981",
        "m3u8_url": null,
        "snapshot_url": "https://www.nvroads.com/map/Cctv/4981"
      }
    },
    {
      "type": "Feature",
      "geometry": {
        "type": "Point",
        "coordinates": [
          -119.778,
          39.5335
        ]
      },
      "properties": {
        "id": "4982",
        "name": "Camera 4982",
        "m3u8_url": null,
        "snapshot_url": "https://www.nvroads.com/map/Cctv/4982"
      }
    },
    {
      "type": "Feature",
      "geometry": {
        "type": "Point",
        "coordinates": [
          -118.4715,
          40.177
        ]
      },
      "properties": {
        "id": "4983",
        "name": "Camera 4983",
        "m3u8_url": null,
        "snapshot_url": "https://www.nvroads.com/map/Cctv/4983"
      }
    },
    {
      "type": "Feature",
      "geometry": {
        "type": "Point",
        "coordinates": [
          -119.7876,
          39.537
        ]
      },
      "properties": {
        "id": "4984",
        "name": "Camera 4984",
        "m3u8_url": null,
        "snapshot_url": "https://www.nvroads.com/map/Cctv/4984"
      }
    },
    {
      "type": "Feature",
      "geometry": {
        "type": "Point",
        "coordinates": [
          -119.7876,
          39.537
        ]
      },
      "properties": {
        "id": "4985",
        "name": "I580 @ I80 S W",
        "m3u8_url": "https://d2wse1.its.nv.gov:443/renoxcd01/f619ee21-977d-471a-88e7-eebcfdb55531_hspflirxcd01_public.stream/playlist.m3u8",
        "snapshot_url": "https://www.nvroads.com/map/Cctv/4985"
      }
    },
    {
      "type": "Feature",
      "geometry": {
        "type": "Point",
        "coordinates": [
          -119.786,
          39.5319
        ]
      },
      "properties": {
        "id": "4986",
        "name": "I580 @ Kietzke Lane",
        "m3u8_url": "https://d2wse2.its.nv.gov:443/renoxcd02/47a314f6-23f7-420d-a48e-55e7b3e857ff_hspflirxcd02_public.stream/playlist.m3u8",
        "snapshot_url": "https://www.nvroads.com/map/Cctv/4986"
      }
    },
    {
      "type": "Feature",
      "geometry": {
        "type": "Point",
        "coordinates": [
          -119.65384,
          39.51174
        ]
      },
      "properties": {
        "id": "4987",
        "name": "Camera 4987",
        "m3u8_url": null,
        "snapshot_url": "https://www.nvroads.com/map/Cctv/4987"
      }
    },
    {
      "type": "Feature",
      "geometry": {
        "type": "Point",
        "coordinates": [
          -119.7828,
          39.5197
        ]
      },
      "properties": {
        "id": "4989",
        "name": "Camera 4989",
        "m3u8_url": null,
        "snapshot_url": "https://www.nvroads.com/map/Cctv/4989"
      }
    },
    {
      "type": "Feature",
      "geometry": {
        "type": "Point",
        "coordinates": [
          -119.78,
          39.5099
        ]
      },
      "properties": {
        "id": "4990",
        "name": "Camera 4990",
        "m3u8_url": null,
        "snapshot_url": "https://www.nvroads.com/map/Cctv/4990"
      }
    },
    {
      "type": "Feature",
      "geometry": {
        "type": "Point",
        "coordinates": [
          -119.84501,
          39.11749
        ]
      },
      "properties": {
        "id": "4991",
        "name": "Camera 4991",
        "m3u8_url": null,
        "snapshot_url": "https://www.nvroads.com/map/Cctv/4991"
      }
    },
    {
      "type": "Feature",
      "geometry": {
        "type": "Point",
        "coordinates": [
          -119.7814,
          39.5031
        ]
      },
      "properties": {
        "id": "4992",
        "name": "I580 @ Plumb Airport",
        "m3u8_url": "https://d2wse2.its.nv.gov:443/renoxcd02/0c947006-70d8-456f-9a03-aded68d11bda_hspflirxcd02_public.stream/playlist.m3u8",
        "snapshot_url": "https://www.nvroads.com/map/Cctv/4992"
      }
    },
    {
      "type": "Feature",
      "geometry": {
        "type": "Point",
        "coordinates": [
          -119.7657,
          39.5342
        ]
      },
      "properties": {
        "id": "4993",
        "name": "Camera 4993",
        "m3u8_url": null,
        "snapshot_url": "https://www.nvroads.com/map/Cctv/4993"
      }
    },
    {
      "type": "Feature",
      "geometry": {
        "type": "Point",
        "coordinates": [
          -119.7527,
          39.5337
        ]
      },
      "properties": {
        "id": "4994",
        "name": "Pyramid Way @ I80 EB Onramp",
        "m3u8_url": "https://d2wse1.its.nv.gov:443/renoxcd01/7fcf89c4-aa87-45e3-8f73-890d49633272_hspflirxcd01_public.stream/playlist.m3u8",
        "snapshot_url": "https://www.nvroads.com/map/Cctv/4994"
      }
    },
    {
      "type": "Feature",
      "geometry": {
        "type": "Point",
        "coordinates": [
          -119.7392,
          39.533
        ]
      },
      "properties": {
        "id": "4995",
        "name": "Camera 4995",
        "m3u8_url": null,
        "snapshot_url": "https://www.nvroads.com/map/Cctv/4995"
      }
    },
    {
      "type": "Feature",
      "geometry": {
        "type": "Point",
        "coordinates": [
          -119.7538,
          39.3761
        ]
      },
      "properties": {
        "id": "4996",
        "name": "I580 @ Steamboat Hill Bridge",
        "m3u8_url": "https://d2wse2.its.nv.gov:443/renoxcd03/4e8ab145-d2e7-480a-b011-8d182a301ab8_hspflirxcd03_public.stream/playlist.m3u8",
        "snapshot_url": "https://www.nvroads.com/map/Cctv/4996"
      }
    },
    {
      "type": "Feature",
      "geometry": {
        "type": "Point",
        "coordinates": [
          -119.7908,
          39.35
        ]
      },
      "properties": {
        "id": "4997",
        "name": "I580@Galena Creek Bridge",
        "m3u8_url": "https://d2wse2.its.nv.gov:443/renoxcd03/56b31748-b28a-4f52-894c-b92ddb0fe617_hspflirxcd03_public.stream/playlist.m3u8",
        "snapshot_url": "https://www.nvroads.com/map/Cctv/4997"
      }
    },
    {
      "type": "Feature",
      "geometry": {
        "type": "Point",
        "coordinates": [
          -119.7574,
          39.3893
        ]
      },
      "properties": {
        "id": "4998",
        "name": "I580@Galena Forest Bridge",
        "m3u8_url": "https://d2wse2.its.nv.gov:443/renoxcd03/5bc7b2be-7856-4e47-8bf4-bb29ead9cb77_hspflirxcd03_public.stream/playlist.m3u8",
        "snapshot_url": "https://www.nvroads.com/map/Cctv/4998"
      }
    },
    {
      "type": "Feature",
      "geometry": {
        "type": "Point",
        "coordinates": [
          -119.8044,
          39.3407
        ]
      },
      "properties": {
        "id": "4999",
        "name": "I580 @ Browns Creek Bridge",
        "m3u8_url": "https://d2wse2.its.nv.gov:443/renoxcd02/9b83a2e6-0fee-4c04-8ce8-099ee7a92203_hspflirxcd02_public.stream/playlist.m3u8",
        "snapshot_url": "https://www.nvroads.com/map/Cctv/4999"
      }
    },
    {
      "type": "Feature",
      "geometry": {
        "type": "Point",
        "coordinates": [
          -119.7842,
          39.4933
        ]
      },
      "properties": {
        "id": "5000",
        "name": "Camera 5000",
        "m3u8_url": null,
        "snapshot_url": "https://www.nvroads.com/map/Cctv/5000"
      }
    },
    {
      "type": "Feature",
      "geometry": {
        "type": "Point",
        "coordinates": [
          -119.7579,
          39.5337
        ]
      },
      "properties": {
        "id": "5001",
        "name": "Camera 5001",
        "m3u8_url": null,
        "snapshot_url": "https://www.nvroads.com/map/Cctv/5001"
      }
    },
    {
      "type": "Feature",
      "geometry": {
        "type": "Point",
        "coordinates": [
          -118.749,
          39.9374
        ]
      },
      "properties": {
        "id": "5002",
        "name": "US95 @Trinity",
        "m3u8_url": "https://d2wse2.its.nv.gov:443/renoxcd02/f5602153-3624-4562-b07d-47b0bf5de894_hspflirxcd02_public.stream/playlist.m3u8",
        "snapshot_url": "https://www.nvroads.com/map/Cctv/5002"
      }
    },
    {
      "type": "Feature",
      "geometry": {
        "type": "Point",
        "coordinates": [
          -118.7256,
          39.9518
        ]
      },
      "properties": {
        "id": "5003",
        "name": "I80 @ Trinity",
        "m3u8_url": "https://d2wse1.its.nv.gov:443/renoxcd01/7cc2547c-b67e-4d22-abd0-7e2864fa164c_hspflirxcd01_public.stream/playlist.m3u8",
        "snapshot_url": "https://www.nvroads.com/map/Cctv/5003"
      }
    },
    {
      "type": "Feature",
      "geometry": {
        "type": "Point",
        "coordinates": [
          -119.9203,
          39.3009
        ]
      },
      "properties": {
        "id": "5004",
        "name": "SR431 West Side Meadows",
        "m3u8_url": "https://d2wse2.its.nv.gov:443/renoxcd02/94ce9220-7e98-417b-9c9a-5ce303401695_hspflirxcd02_public.stream/playlist.m3u8",
        "snapshot_url": "https://www.nvroads.com/map/Cctv/5004"
      }
    },
    {
      "type": "Feature",
      "geometry": {
        "type": "Point",
        "coordinates": [
          -119.8015,
          39.2075
        ]
      },
      "properties": {
        "id": "5005",
        "name": "Camera 5005",
        "m3u8_url": null,
        "snapshot_url": "https://www.nvroads.com/map/Cctv/5005"
      }
    },
    {
      "type": "Feature",
      "geometry": {
        "type": "Point",
        "coordinates": [
          -119.81887,
          39.27401
        ]
      },
      "properties": {
        "id": "5006",
        "name": "I580 @ N. Washoe Valley",
        "m3u8_url": "https://d2wse2.its.nv.gov:443/renoxcd02/9bb80468-eb35-4904-99dc-9a2947f1c7e3_hspflirxcd02_public.stream/playlist.m3u8",
        "snapshot_url": "https://www.nvroads.com/map/Cctv/5006"
      }
    },
    {
      "type": "Feature",
      "geometry": {
        "type": "Point",
        "coordinates": [
          -119.9765,
          39.6493
        ]
      },
      "properties": {
        "id": "5007",
        "name": "US395 @ Cold Springs",
        "m3u8_url": "https://d2wse2.its.nv.gov:443/renoxcd02/fdea0da3-b4bd-4478-97cd-68c0a58c5270_hspflirxcd02_public.stream/playlist.m3u8",
        "snapshot_url": "https://www.nvroads.com/map/Cctv/5007"
      }
    },
    {
      "type": "Feature",
      "geometry": {
        "type": "Point",
        "coordinates": [
          -119.791,
          39.39194
        ]
      },
      "properties": {
        "id": "5008",
        "name": "SR431 @ Thomas Creek",
        "m3u8_url": "https://d2wse2.its.nv.gov:443/renoxcd02/797495db-db1f-4f3f-babd-645e58b709ed_hspflirxcd02_public.stream/playlist.m3u8",
        "snapshot_url": "https://www.nvroads.com/map/Cctv/5008"
      }
    },
    {
      "type": "Feature",
      "geometry": {
        "type": "Point",
        "coordinates": [
          -119.8632,
          39.6151
        ]
      },
      "properties": {
        "id": "5009",
        "name": "US395 @ Stead",
        "m3u8_url": "https://d2wse2.its.nv.gov:443/renoxcd02/d4ea4b3f-85a9-46ee-9706-016209466dba_hspflirxcd02_public.stream/playlist.m3u8",
        "snapshot_url": "https://www.nvroads.com/map/Cctv/5009"
      }
    },
    {
      "type": "Feature",
      "geometry": {
        "type": "Point",
        "coordinates": [
          -119.81,
          39.2266
        ]
      },
      "properties": {
        "id": "5010",
        "name": "I580 US395A @ S. Washoe Valley",
        "m3u8_url": "https://d2wse2.its.nv.gov:443/renoxcd03/16f5a6d0-80a8-4771-a534-6e1bc7ee44b0_hspflirxcd03_public.stream/playlist.m3u8",
        "snapshot_url": "https://www.nvroads.com/map/Cctv/5010"
      }
    },
    {
      "type": "Feature",
      "geometry": {
        "type": "Point",
        "coordinates": [
          -119.33567,
          39.60238
        ]
      },
      "properties": {
        "id": "5011",
        "name": "I80 EB Wadsworth Truck Check",
        "m3u8_url": "https://d2wse2.its.nv.gov:443/renoxcd02/0e336f30-db1d-4b00-b18f-56bd17c698f1_hspflirxcd02_public.stream/playlist.m3u8",
        "snapshot_url": "https://www.nvroads.com/map/Cctv/5011"
      }
    },
    {
      "type": "Feature",
      "geometry": {
        "type": "Point",
        "coordinates": [
          -119.62217,
          39.52519
        ]
      },
      "properties": {
        "id": "5012",
        "name": "I80 @ Mustang",
        "m3u8_url": "https://d2wse1.its.nv.gov:443/renoxcd01/7e0d4063-fae5-4c14-a826-41d3dbcd74ce_hspflirxcd01_public.stream/playlist.m3u8",
        "snapshot_url": "https://www.nvroads.com/map/Cctv/5012"
      }
    },
    {
      "type": "Feature",
      "geometry": {
        "type": "Point",
        "coordinates": [
          -119.4867,
          39.56599
        ]
      },
      "properties": {
        "id": "5013",
        "name": "I80 @ USA Parkway",
        "m3u8_url": "https://d2wse2.its.nv.gov:443/renoxcd02/e0da6416-04b8-4272-819b-42bcda117699_hspflirxcd02_public.stream/playlist.m3u8",
        "snapshot_url": "https://www.nvroads.com/map/Cctv/5013"
      }
    },
    {
      "type": "Feature",
      "geometry": {
        "type": "Point",
        "coordinates": [
          -119.55914,
          39.55669
        ]
      },
      "properties": {
        "id": "5014",
        "name": "I80 @ Patrick",
        "m3u8_url": "https://d2wse1.its.nv.gov:443/renoxcd01/8c585bb3-16de-4c0f-b97e-4471ad4901c5_hspflirxcd01_public.stream/playlist.m3u8",
        "snapshot_url": "https://www.nvroads.com/map/Cctv/5014"
      }
    },
    {
      "type": "Feature",
      "geometry": {
        "type": "Point",
        "coordinates": [
          -119.92431,
          39.51565
        ]
      },
      "properties": {
        "id": "5015",
        "name": "I80 @ Mogul Exit 7",
        "m3u8_url": null,
        "snapshot_url": "https://www.nvroads.com/map/Cctv/5015"
      }
    },
    {
      "type": "Feature",
      "geometry": {
        "type": "Point",
        "coordinates": [
          -119.96532,
          39.51126
        ]
      },
      "properties": {
        "id": "5016",
        "name": "I80 @ Boomtown Garson Rd",
        "m3u8_url": "https://d2wse1.its.nv.gov:443/renoxcd01/bd93910f-d7c6-4636-99c4-6a1721dd42b4_hspflirxcd01_public.stream/playlist.m3u8",
        "snapshot_url": "https://www.nvroads.com/map/Cctv/5016"
      }
    },
    {
      "type": "Feature",
      "geometry": {
        "type": "Point",
        "coordinates": [
          -119.8875,
          39.5154
        ]
      },
      "properties": {
        "id": "5017",
        "name": "I80 @ Robb Dr",
        "m3u8_url": "https://d2wse1.its.nv.gov:443/renoxcd01/2ede2900-4f6b-4946-90ee-f7ff63f18a44_hspflirxcd01_public.stream/playlist.m3u8",
        "snapshot_url": "https://www.nvroads.com/map/Cctv/5017"
      }
    },
    {
      "type": "Feature",
      "geometry": {
        "type": "Point",
        "coordinates": [
          -119.8743,
          39.518
        ]
      },
      "properties": {
        "id": "5018",
        "name": "I80 Between Robb and McCarran",
        "m3u8_url": "https://d2wse1.its.nv.gov:443/renoxcd01/d4cfac85-4bd8-49ca-90e2-22200b51451f_hspflirxcd01_public.stream/playlist.m3u8",
        "snapshot_url": "https://www.nvroads.com/map/Cctv/5018"
      }
    },
    {
      "type": "Feature",
      "geometry": {
        "type": "Point",
        "coordinates": [
          -119.8621,
          39.5241
        ]
      },
      "properties": {
        "id": "5019",
        "name": "I80 @ W McCarran Blvd",
        "m3u8_url": "https://d2wse1.its.nv.gov:443/renoxcd01/497b0fc4-a537-48a4-a5ed-b0457c08ff3d_hspflirxcd01_public.stream/playlist.m3u8",
        "snapshot_url": "https://www.nvroads.com/map/Cctv/5019"
      }
    },
    {
      "type": "Feature",
      "geometry": {
        "type": "Point",
        "coordinates": [
          -119.8536,
          39.527
        ]
      },
      "properties": {
        "id": "5020",
        "name": "I80 East of W McCarran",
        "m3u8_url": "https://d2wse1.its.nv.gov:443/renoxcd01/36073d4e-d0e9-4e20-a844-b43de1d179d6_hspflirxcd01_public.stream/playlist.m3u8",
        "snapshot_url": "https://www.nvroads.com/map/Cctv/5020"
      }
    },
    {
      "type": "Feature",
      "geometry": {
        "type": "Point",
        "coordinates": [
          -119.8394,
          39.5269
        ]
      },
      "properties": {
        "id": "5021",
        "name": "I80 @ Stoker Overpass",
        "m3u8_url": "https://d2wse1.its.nv.gov:443/renoxcd01/d3ab027c-5b39-4dcb-b586-4b7b88d68f48_hspflirxcd01_public.stream/playlist.m3u8",
        "snapshot_url": "https://www.nvroads.com/map/Cctv/5021"
      }
    },
    {
      "type": "Feature",
      "geometry": {
        "type": "Point",
        "coordinates": [
          -119.8296,
          39.5302
        ]
      },
      "properties": {
        "id": "5022",
        "name": "I80 @ Keystone Ave",
        "m3u8_url": "https://d2wse1.its.nv.gov:443/renoxcd01/cecab048-b9be-4134-a6e8-f2ca166d42dc_hspflirxcd01_public.stream/playlist.m3u8",
        "snapshot_url": "https://www.nvroads.com/map/Cctv/5022"
      }
    },
    {
      "type": "Feature",
      "geometry": {
        "type": "Point",
        "coordinates": [
          -119.8196,
          39.534
        ]
      },
      "properties": {
        "id": "5023",
        "name": "I80 @ Sierra St On Ramp",
        "m3u8_url": "https://d2wse1.its.nv.gov:443/renoxcd01/e413fd23-a0f4-4862-9210-0f9c9199f8f8_hspflirxcd01_public.stream/playlist.m3u8",
        "snapshot_url": "https://www.nvroads.com/map/Cctv/5023"
      }
    },
    {
      "type": "Feature",
      "geometry": {
        "type": "Point",
        "coordinates": [
          -119.8159,
          39.5346
        ]
      },
      "properties": {
        "id": "5024",
        "name": "I80 @ Virginia St Overpass",
        "m3u8_url": "https://d2wse1.its.nv.gov:443/renoxcd01/16ca1e2a-cd7b-4521-b6c2-063c327fcd70_hspflirxcd01_public.stream/playlist.m3u8",
        "snapshot_url": "https://www.nvroads.com/map/Cctv/5024"
      }
    },
    {
      "type": "Feature",
      "geometry": {
        "type": "Point",
        "coordinates": [
          -119.8142,
          39.5346
        ]
      },
      "properties": {
        "id": "5025",
        "name": "I80 @ Center St On Ramp",
        "m3u8_url": "https://d2wse2.its.nv.gov:443/renoxcd03/39f76689-de92-4b1d-8a04-926d625ca107_hspflirxcd03_public.stream/playlist.m3u8",
        "snapshot_url": "https://www.nvroads.com/map/Cctv/5025"
      }
    },
    {
      "type": "Feature",
      "geometry": {
        "type": "Point",
        "coordinates": [
          -119.8012,
          39.5362
        ]
      },
      "properties": {
        "id": "5026",
        "name": "I80 @ Wells Ave",
        "m3u8_url": "https://d2wse1.its.nv.gov:443/renoxcd01/5f248607-aa03-4d8f-9a1d-4fabb85a30ab_hspflirxcd01_public.stream/playlist.m3u8",
        "snapshot_url": "https://www.nvroads.com/map/Cctv/5026"
      }
    },
    {
      "type": "Feature",
      "geometry": {
        "type": "Point",
        "coordinates": [
          -119.7762,
          39.5342
        ]
      },
      "properties": {
        "id": "5027",
        "name": "I80 @ Battleborn / Kietzke Ln",
        "m3u8_url": "https://d2wse2.its.nv.gov:443/renoxcd03/b1fb4758-48a7-40fe-b2d9-1847a46b8b1e_hspflirxcd03_public.stream/playlist.m3u8",
        "snapshot_url": "https://www.nvroads.com/map/Cctv/5027"
      }
    },
    {
      "type": "Feature",
      "geometry": {
        "type": "Point",
        "coordinates": [
          -119.7653,
          39.5335
        ]
      },
      "properties": {
        "id": "5028",
        "name": "I80 @ Rock Blvd",
        "m3u8_url": "https://d2wse1.its.nv.gov:443/renoxcd01/3ebdf45f-8bd7-4d68-ad13-70eaa3c15d6e_hspflirxcd01_public.stream/playlist.m3u8",
        "snapshot_url": "https://www.nvroads.com/map/Cctv/5028"
      }
    },
    {
      "type": "Feature",
      "geometry": {
        "type": "Point",
        "coordinates": [
          -119.7533,
          39.5343
        ]
      },
      "properties": {
        "id": "5029",
        "name": "I80 @ Pyramid Way",
        "m3u8_url": "https://d2wse1.its.nv.gov:443/renoxcd01/257c07bf-4802-4f36-9c9d-696c821d2e05_hspflirxcd01_public.stream/playlist.m3u8",
        "snapshot_url": "https://www.nvroads.com/map/Cctv/5029"
      }
    },
    {
      "type": "Feature",
      "geometry": {
        "type": "Point",
        "coordinates": [
          -119.7375,
          39.5332
        ]
      },
      "properties": {
        "id": "5030",
        "name": "I80 @ E McCarran Blvd",
        "m3u8_url": "https://d2wse2.its.nv.gov:443/renoxcd03/7be12fb7-fcf1-42be-8cdd-a51615be63a7_hspflirxcd03_public.stream/playlist.m3u8",
        "snapshot_url": "https://www.nvroads.com/map/Cctv/5030"
      }
    },
    {
      "type": "Feature",
      "geometry": {
        "type": "Point",
        "coordinates": [
          -119.7289,
          39.5295
        ]
      },
      "properties": {
        "id": "5031",
        "name": "I80 @ Sparks Marina",
        "m3u8_url": "https://d2wse1.its.nv.gov:443/renoxcd01/2c12a91c-3b1f-4693-b2e3-8af661568441_hspflirxcd01_public.stream/playlist.m3u8",
        "snapshot_url": "https://www.nvroads.com/map/Cctv/5031"
      }
    },
    {
      "type": "Feature",
      "geometry": {
        "type": "Point",
        "coordinates": [
          -119.7002,
          39.5264
        ]
      },
      "properties": {
        "id": "5032",
        "name": "I80 @ Vista Blvd",
        "m3u8_url": "https://d2wse1.its.nv.gov:443/renoxcd01/111f20bd-90f3-4149-8d76-1d3df606056b_hspflirxcd01_public.stream/playlist.m3u8",
        "snapshot_url": "https://www.nvroads.com/map/Cctv/5032"
      }
    },
    {
      "type": "Feature",
      "geometry": {
        "type": "Point",
        "coordinates": [
          -119.78866,
          39.46788
        ]
      },
      "properties": {
        "id": "5033",
        "name": "I580 @ Neil Rd",
        "m3u8_url": "https://d2wse1.its.nv.gov:443/renoxcd01/ae322144-57b0-4536-bdef-fde6ab3a0a9d_hspflirxcd01_public.stream/playlist.m3u8",
        "snapshot_url": "https://www.nvroads.com/map/Cctv/5033"
      }
    },
    {
      "type": "Feature",
      "geometry": {
        "type": "Point",
        "coordinates": [
          -119.99633,
          39.50982
        ]
      },
      "properties": {
        "id": "5034",
        "name": "I80 @ Exit 2 Gold Ranch",
        "m3u8_url": "https://d2wse1.its.nv.gov:443/renoxcd01/4f887b35-b620-4e09-9646-6bd54d7539ae_hspflirxcd01_public.stream/playlist.m3u8",
        "snapshot_url": "https://www.nvroads.com/map/Cctv/5034"
      }
    },
    {
      "type": "Feature",
      "geometry": {
        "type": "Point",
        "coordinates": [
          -119.9822,
          39.5141
        ]
      },
      "properties": {
        "id": "5035",
        "name": "I80@Boomtown Truck Check",
        "m3u8_url": "https://d2wse2.its.nv.gov:443/renoxcd02/e8c68469-d80a-470a-a7dc-b2913ad95302_hspflirxcd02_public.stream/playlist.m3u8",
        "snapshot_url": "https://www.nvroads.com/map/Cctv/5035"
      }
    },
    {
      "type": "Feature",
      "geometry": {
        "type": "Point",
        "coordinates": [
          -119.96452,
          39.25055
        ]
      },
      "properties": {
        "id": "5036",
        "name": "SR28 south of SR431",
        "m3u8_url": "https://d2wse2.its.nv.gov:443/renoxcd02/f279bf3b-c5aa-45ef-8fb2-7d9fb459453a_hspflirxcd02_public.stream/playlist.m3u8",
        "snapshot_url": "https://www.nvroads.com/map/Cctv/5036"
      }
    },
    {
      "type": "Feature",
      "geometry": {
        "type": "Point",
        "coordinates": [
          -118.3654,
          38.54
        ]
      },
      "properties": {
        "id": "5037",
        "name": "US95 @ Luning",
        "m3u8_url": "https://d2wse2.its.nv.gov:443/renoxcd02/47c5d6c3-e3c6-4e7e-be28-b58ae9636eea_hspflirxcd02_public.stream/playlist.m3u8",
        "snapshot_url": "https://www.nvroads.com/map/Cctv/5037"
      }
    },
    {
      "type": "Feature",
      "geometry": {
        "type": "Point",
        "coordinates": [
          -119.8886,
          38.9766
        ]
      },
      "properties": {
        "id": "5038",
        "name": "SR207 @ Tramway",
        "m3u8_url": "https://d2wse2.its.nv.gov:443/renoxcd02/083c191c-248e-4855-8b4c-97182ef53f69_hspflirxcd02_public.stream/playlist.m3u8",
        "snapshot_url": "https://www.nvroads.com/map/Cctv/5038"
      }
    },
    {
      "type": "Feature",
      "geometry": {
        "type": "Point",
        "coordinates": [
          -119.90038,
          39.31537
        ]
      },
      "properties": {
        "id": "5039",
        "name": "SR-431 @ Mt. Rose Dugway",
        "m3u8_url": "https://d2wse2.its.nv.gov:443/renoxcd03/cfb37917-aae5-46ea-ae58-794abc098859_hspflirxcd03_public.stream/playlist.m3u8",
        "snapshot_url": "https://www.nvroads.com/map/Cctv/5039"
      }
    },
    {
      "type": "Feature",
      "geometry": {
        "type": "Point",
        "coordinates": [
          -119.8616,
          39.3379
        ]
      },
      "properties": {
        "id": "5040",
        "name": "SR-431 @ Bullseye",
        "m3u8_url": "https://d2wse2.its.nv.gov:443/renoxcd02/6c4e3db1-7f04-4098-b195-352c188e97af_hspflirxcd02_public.stream/playlist.m3u8",
        "snapshot_url": "https://www.nvroads.com/map/Cctv/5040"
      }
    },
    {
      "type": "Feature",
      "geometry": {
        "type": "Point",
        "coordinates": [
          -119.973,
          39.2523
        ]
      },
      "properties": {
        "id": "5041",
        "name": "SR431 east of SR28",
        "m3u8_url": "https://d2wse1.its.nv.gov:443/renoxcd01/790de07e-d011-4a2b-938e-34bd9621dd4b_hspflirxcd01_public.stream/playlist.m3u8",
        "snapshot_url": "https://www.nvroads.com/map/Cctv/5041"
      }
    },
    {
      "type": "Feature",
      "geometry": {
        "type": "Point",
        "coordinates": [
          -119.7548,
          39.1922
        ]
      },
      "properties": {
        "id": "5042",
        "name": "I580 @ Hot Springs",
        "m3u8_url": "https://d2wse2.its.nv.gov:443/renoxcd02/66939df9-550e-48cc-93e8-186d789fc3ad_hspflirxcd02_public.stream/playlist.m3u8",
        "snapshot_url": "https://www.nvroads.com/map/Cctv/5042"
      }
    },
    {
      "type": "Feature",
      "geometry": {
        "type": "Point",
        "coordinates": [
          -119.26595,
          39.61714
        ]
      },
      "properties": {
        "id": "5043",
        "name": "I80 @ Fernley N E",
        "m3u8_url": "https://d2wse1.its.nv.gov:443/renoxcd01/227a0432-3fb8-4dc0-930c-d9289b5bf8e7_hspflirxcd01_public.stream/playlist.m3u8",
        "snapshot_url": "https://www.nvroads.com/map/Cctv/5043"
      }
    },
    {
      "type": "Feature",
      "geometry": {
        "type": "Point",
        "coordinates": [
          -119.26606,
          39.61713
        ]
      },
      "properties": {
        "id": "5044",
        "name": "I80 @ Fernley S W",
        "m3u8_url": "https://d2wse1.its.nv.gov:443/renoxcd01/02bb5563-1d59-4b11-8e2b-db16b16dd849_hspflirxcd01_public.stream/playlist.m3u8",
        "snapshot_url": "https://www.nvroads.com/map/Cctv/5044"
      }
    },
    {
      "type": "Feature",
      "geometry": {
        "type": "Point",
        "coordinates": [
          -119.9469,
          39.04809
        ]
      },
      "properties": {
        "id": "5045",
        "name": "US50 @ Cave Rock",
        "m3u8_url": "https://d2wse2.its.nv.gov:443/renoxcd02/70640678-23e1-4f2b-9d69-15577d41cd98_hspflirxcd02_public.stream/playlist.m3u8",
        "snapshot_url": "https://www.nvroads.com/map/Cctv/5045"
      }
    },
    {
      "type": "Feature",
      "geometry": {
        "type": "Point",
        "coordinates": [
          -119.93193,
          39.28622
        ]
      },
      "properties": {
        "id": "5046",
        "name": "SR431 @ Brake Check Area",
        "m3u8_url": "https://d2wse2.its.nv.gov:443/renoxcd02/e12a4773-ea80-42cb-a8f0-50117f97510b_hspflirxcd02_public.stream/playlist.m3u8",
        "snapshot_url": "https://www.nvroads.com/map/Cctv/5046"
      }
    },
    {
      "type": "Feature",
      "geometry": {
        "type": "Point",
        "coordinates": [
          -119.9712,
          39.2538
        ]
      },
      "properties": {
        "id": "5047",
        "name": "SR431 @ 2nd Creek Dr",
        "m3u8_url": "https://d2wse1.its.nv.gov:443/renoxcd01/c6d8181d-1a3c-4434-b12e-5f9b6e3417c2_hspflirxcd01_public.stream/playlist.m3u8",
        "snapshot_url": "https://www.nvroads.com/map/Cctv/5047"
      }
    },
    {
      "type": "Feature",
      "geometry": {
        "type": "Point",
        "coordinates": [
          -119.97222,
          39.25346
        ]
      },
      "properties": {
        "id": "5048",
        "name": "SR431 @ Truck Escape Ramp",
        "m3u8_url": "https://d2wse1.its.nv.gov:443/renoxcd01/50b723ba-2e2f-4355-82a1-ebb3983e7e80_hspflirxcd01_public.stream/playlist.m3u8",
        "snapshot_url": "https://www.nvroads.com/map/Cctv/5048"
      }
    },
    {
      "type": "Feature",
      "geometry": {
        "type": "Point",
        "coordinates": [
          -119.7802,
          38.9993
        ]
      },
      "properties": {
        "id": "5049",
        "name": "US395 @ Airport Rd",
        "m3u8_url": "https://d2wse2.its.nv.gov:443/renoxcd02/6d2490ff-1896-4369-b7e4-92fd1a542642_hspflirxcd02_public.stream/playlist.m3u8",
        "snapshot_url": "https://www.nvroads.com/map/Cctv/5049"
      }
    },
    {
      "type": "Feature",
      "geometry": {
        "type": "Point",
        "coordinates": [
          -119.5266,
          39.5699
        ]
      },
      "properties": {
        "id": "5050",
        "name": "I80 @ Tracy-Clark",
        "m3u8_url": "https://d2wse1.its.nv.gov:443/renoxcd01/58b6ad64-a9da-4471-81ab-f0e014a1b292_hspflirxcd01_public.stream/playlist.m3u8",
        "snapshot_url": "https://www.nvroads.com/map/Cctv/5050"
      }
    },
    {
      "type": "Feature",
      "geometry": {
        "type": "Point",
        "coordinates": [
          -119.5555,
          38.7278
        ]
      },
      "properties": {
        "id": "5051",
        "name": "Camera 5051",
        "m3u8_url": null,
        "snapshot_url": "https://www.nvroads.com/map/Cctv/5051"
      }
    },
    {
      "type": "Feature",
      "geometry": {
        "type": "Point",
        "coordinates": [
          -119.2643,
          39.4019
        ]
      },
      "properties": {
        "id": "5052",
        "name": "US50 @ SR439 Roundabout",
        "m3u8_url": "https://d2wse2.its.nv.gov:443/renoxcd02/bda06e2b-3ef6-4373-ab7a-0d72b06cf20e_hspflirxcd02_public.stream/playlist.m3u8",
        "snapshot_url": "https://www.nvroads.com/map/Cctv/5052"
      }
    },
    {
      "type": "Feature",
      "geometry": {
        "type": "Point",
        "coordinates": [
          -119.3976,
          39.4771
        ]
      },
      "properties": {
        "id": "5053",
        "name": "Camera 5053",
        "m3u8_url": null,
        "snapshot_url": "https://www.nvroads.com/map/Cctv/5053"
      }
    },
    {
      "type": "Feature",
      "geometry": {
        "type": "Point",
        "coordinates": [
          -119.7964,
          39.2062
        ]
      },
      "properties": {
        "id": "5054",
        "name": "Camera 5054",
        "m3u8_url": null,
        "snapshot_url": "https://www.nvroads.com/map/Cctv/5054"
      }
    },
    {
      "type": "Feature",
      "geometry": {
        "type": "Point",
        "coordinates": [
          -119.7971,
          39.2066
        ]
      },
      "properties": {
        "id": "5055",
        "name": "Camera 5055",
        "m3u8_url": null,
        "snapshot_url": "https://www.nvroads.com/map/Cctv/5055"
      }
    },
    {
      "type": "Feature",
      "geometry": {
        "type": "Point",
        "coordinates": [
          -119.7618,
          39.5565
        ]
      },
      "properties": {
        "id": "5056",
        "name": "N McCarran @ Rock Blvd",
        "m3u8_url": "https://d2wse1.its.nv.gov:443/renoxcd01/7e815ff9-fd8e-4e39-bf57-322c28c6dd99_hspflirxcd01_public.stream/playlist.m3u8",
        "snapshot_url": "https://www.nvroads.com/map/Cctv/5056"
      }
    },
    {
      "type": "Feature",
      "geometry": {
        "type": "Point",
        "coordinates": [
          -119.7484,
          39.5564
        ]
      },
      "properties": {
        "id": "5057",
        "name": "Camera 5057",
        "m3u8_url": null,
        "snapshot_url": "https://www.nvroads.com/map/Cctv/5057"
      }
    },
    {
      "type": "Feature",
      "geometry": {
        "type": "Point",
        "coordinates": [
          -119.7526,
          39.5528
        ]
      },
      "properties": {
        "id": "5058",
        "name": "Pyramid @ York Way",
        "m3u8_url": "https://d2wse1.its.nv.gov:443/renoxcd01/3009c694-554b-4139-afef-2b482b85a06d_hspflirxcd01_public.stream/playlist.m3u8",
        "snapshot_url": "https://www.nvroads.com/map/Cctv/5058"
      }
    },
    {
      "type": "Feature",
      "geometry": {
        "type": "Point",
        "coordinates": [
          -119.7503,
          39.5626
        ]
      },
      "properties": {
        "id": "5059",
        "name": "Camera 5059",
        "m3u8_url": null,
        "snapshot_url": "https://www.nvroads.com/map/Cctv/5059"
      }
    },
    {
      "type": "Feature",
      "geometry": {
        "type": "Point",
        "coordinates": [
          -119.8467,
          38.9607
        ]
      },
      "properties": {
        "id": "5060",
        "name": "Camera 5060",
        "m3u8_url": null,
        "snapshot_url": "https://www.nvroads.com/map/Cctv/5060"
      }
    },
    {
      "type": "Feature",
      "geometry": {
        "type": "Point",
        "coordinates": [
          -120.0035,
          39.2303
        ]
      },
      "properties": {
        "id": "5061",
        "name": "SR-28 @ Crystal Bay",
        "m3u8_url": "https://d2wse2.its.nv.gov:443/renoxcd02/6a57e35c-62c4-4215-9558-d0674b43679a_hspflirxcd02_public.stream/playlist.m3u8",
        "snapshot_url": "https://www.nvroads.com/map/Cctv/5061"
      }
    },
    {
      "type": "Feature",
      "geometry": {
        "type": "Point",
        "coordinates": [
          -119.6672,
          39.3683
        ]
      },
      "properties": {
        "id": "5062",
        "name": "Camera 5062",
        "m3u8_url": null,
        "snapshot_url": "https://www.nvroads.com/map/Cctv/5062"
      }
    },
    {
      "type": "Feature",
      "geometry": {
        "type": "Point",
        "coordinates": [
          -119.6465,
          39.2245
        ]
      },
      "properties": {
        "id": "5063",
        "name": "Camera 5063",
        "m3u8_url": null,
        "snapshot_url": "https://www.nvroads.com/map/Cctv/5063"
      }
    },
    {
      "type": "Feature",
      "geometry": {
        "type": "Point",
        "coordinates": [
          -119.7223,
          38.9204
        ]
      },
      "properties": {
        "id": "5064",
        "name": "Camera 5064",
        "m3u8_url": null,
        "snapshot_url": "https://www.nvroads.com/map/Cctv/5064"
      }
    },
    {
      "type": "Feature",
      "geometry": {
        "type": "Point",
        "coordinates": [
          -119.8966,
          39.104
        ]
      },
      "properties": {
        "id": "5065",
        "name": "Camera 5065",
        "m3u8_url": null,
        "snapshot_url": "https://www.nvroads.com/map/Cctv/5065"
      }
    },
    {
      "type": "Feature",
      "geometry": {
        "type": "Point",
        "coordinates": [
          -119.9267,
          39.1948
        ]
      },
      "properties": {
        "id": "5066",
        "name": "Camera 5066",
        "m3u8_url": null,
        "snapshot_url": "https://www.nvroads.com/map/Cctv/5066"
      }
    },
    {
      "type": "Feature",
      "geometry": {
        "type": "Point",
        "coordinates": [
          -119.1956,
          39.1649
        ]
      },
      "properties": {
        "id": "5067",
        "name": "Camera 5067",
        "m3u8_url": null,
        "snapshot_url": "https://www.nvroads.com/map/Cctv/5067"
      }
    },
    {
      "type": "Feature",
      "geometry": {
        "type": "Point",
        "coordinates": [
          -118.8107,
          38.94067
        ]
      },
      "properties": {
        "id": "5068",
        "name": "Camera 5068",
        "m3u8_url": null,
        "snapshot_url": "https://www.nvroads.com/map/Cctv/5068"
      }
    },
    {
      "type": "Feature",
      "geometry": {
        "type": "Point",
        "coordinates": [
          -118.9604,
          39.83544
        ]
      },
      "properties": {
        "id": "5069",
        "name": "Camera 5069",
        "m3u8_url": null,
        "snapshot_url": "https://www.nvroads.com/map/Cctv/5069"
      }
    },
    {
      "type": "Feature",
      "geometry": {
        "type": "Point",
        "coordinates": [
          -119.78838,
          39.54601
        ]
      },
      "properties": {
        "id": "5070",
        "name": "Camera 5070",
        "m3u8_url": null,
        "snapshot_url": "https://www.nvroads.com/map/Cctv/5070"
      }
    },
    {
      "type": "Feature",
      "geometry": {
        "type": "Point",
        "coordinates": [
          -119.78957,
          39.55662
        ]
      },
      "properties": {
        "id": "5071",
        "name": "Camera 5071",
        "m3u8_url": null,
        "snapshot_url": "https://www.nvroads.com/map/Cctv/5071"
      }
    },
    {
      "type": "Feature",
      "geometry": {
        "type": "Point",
        "coordinates": [
          -119.78957,
          39.55662
        ]
      },
      "properties": {
        "id": "5072",
        "name": "Camera 5072",
        "m3u8_url": null,
        "snapshot_url": "https://www.nvroads.com/map/Cctv/5072"
      }
    },
    {
      "type": "Feature",
      "geometry": {
        "type": "Point",
        "coordinates": [
          -119.80287,
          39.56547
        ]
      },
      "properties": {
        "id": "5073",
        "name": "Camera 5073",
        "m3u8_url": null,
        "snapshot_url": "https://www.nvroads.com/map/Cctv/5073"
      }
    },
    {
      "type": "Feature",
      "geometry": {
        "type": "Point",
        "coordinates": [
          -119.80861,
          39.5734
        ]
      },
      "properties": {
        "id": "5074",
        "name": "Camera 5074",
        "m3u8_url": null,
        "snapshot_url": "https://www.nvroads.com/map/Cctv/5074"
      }
    },
    {
      "type": "Feature",
      "geometry": {
        "type": "Point",
        "coordinates": [
          -119.80861,
          39.5734
        ]
      },
      "properties": {
        "id": "5075",
        "name": "Camera 5075",
        "m3u8_url": null,
        "snapshot_url": "https://www.nvroads.com/map/Cctv/5075"
      }
    },
    {
      "type": "Feature",
      "geometry": {
        "type": "Point",
        "coordinates": [
          -119.82619,
          39.58953
        ]
      },
      "properties": {
        "id": "5076",
        "name": "Camera 5076",
        "m3u8_url": null,
        "snapshot_url": "https://www.nvroads.com/map/Cctv/5076"
      }
    },
    {
      "type": "Feature",
      "geometry": {
        "type": "Point",
        "coordinates": [
          -119.83707,
          39.59973
        ]
      },
      "properties": {
        "id": "5077",
        "name": "Camera 5077",
        "m3u8_url": null,
        "snapshot_url": "https://www.nvroads.com/map/Cctv/5077"
      }
    },
    {
      "type": "Feature",
      "geometry": {
        "type": "Point",
        "coordinates": [
          -119.85079,
          39.61065
        ]
      },
      "properties": {
        "id": "5078",
        "name": "Camera 5078",
        "m3u8_url": null,
        "snapshot_url": "https://www.nvroads.com/map/Cctv/5078"
      }
    },
    {
      "type": "Feature",
      "geometry": {
        "type": "Point",
        "coordinates": [
          -119.88191,
          39.61901
        ]
      },
      "properties": {
        "id": "5079",
        "name": "Camera 5079",
        "m3u8_url": null,
        "snapshot_url": "https://www.nvroads.com/map/Cctv/5079"
      }
    },
    {
      "type": "Feature",
      "geometry": {
        "type": "Point",
        "coordinates": [
          -119.91624,
          39.62626
        ]
      },
      "properties": {
        "id": "5080",
        "name": "Camera 5080",
        "m3u8_url": null,
        "snapshot_url": "https://www.nvroads.com/map/Cctv/5080"
      }
    },
    {
      "type": "Feature",
      "geometry": {
        "type": "Point",
        "coordinates": [
          -119.94115,
          39.63582
        ]
      },
      "properties": {
        "id": "5081",
        "name": "Camera 5081",
        "m3u8_url": null,
        "snapshot_url": "https://www.nvroads.com/map/Cctv/5081"
      }
    },
    {
      "type": "Feature",
      "geometry": {
        "type": "Point",
        "coordinates": [
          -119.95814,
          39.64333
        ]
      },
      "properties": {
        "id": "5082",
        "name": "Camera 5082",
        "m3u8_url": null,
        "snapshot_url": "https://www.nvroads.com/map/Cctv/5082"
      }
    },
    {
      "type": "Feature",
      "geometry": {
        "type": "Point",
        "coordinates": [
          -119.9964,
          39.66787
        ]
      },
      "properties": {
        "id": "5083",
        "name": "Camera 5083",
        "m3u8_url": null,
        "snapshot_url": "https://www.nvroads.com/map/Cctv/5083"
      }
    },
    {
      "type": "Feature",
      "geometry": {
        "type": "Point",
        "coordinates": [
          -119.9492,
          39.00244
        ]
      },
      "properties": {
        "id": "5084",
        "name": "Camera 5084",
        "m3u8_url": null,
        "snapshot_url": "https://www.nvroads.com/map/Cctv/5084"
      }
    },
    {
      "type": "Feature",
      "geometry": {
        "type": "Point",
        "coordinates": [
          -118.64792,
          40.06331
        ]
      },
      "properties": {
        "id": "5085",
        "name": "Camera 5085",
        "m3u8_url": null,
        "snapshot_url": "https://www.nvroads.com/map/Cctv/5085"
      }
    },
    {
      "type": "Feature",
      "geometry": {
        "type": "Point",
        "coordinates": [
          -118.25179,
          40.59827
        ]
      },
      "properties": {
        "id": "5086",
        "name": "Camera 5086",
        "m3u8_url": null,
        "snapshot_url": "https://www.nvroads.com/map/Cctv/5086"
      }
    },
    {
      "type": "Feature",
      "geometry": {
        "type": "Point",
        "coordinates": [
          -118.3504,
          39.27315
        ]
      },
      "properties": {
        "id": "5087",
        "name": "Camera 5087",
        "m3u8_url": null,
        "snapshot_url": "https://www.nvroads.com/map/Cctv/5087"
      }
    },
    {
      "type": "Feature",
      "geometry": {
        "type": "Point",
        "coordinates": [
          -119.77915,
          38.91045
        ]
      },
      "properties": {
        "id": "5088",
        "name": "SR88 @ SR756 Centerville",
        "m3u8_url": "https://d2wse2.its.nv.gov:443/renoxcd02/6daba636-f1fc-49b2-adf9-320c3e032398_hspflirxcd02_public.stream/playlist.m3u8",
        "snapshot_url": "https://www.nvroads.com/map/Cctv/5088"
      }
    },
    {
      "type": "Feature",
      "geometry": {
        "type": "Point",
        "coordinates": [
          -118.73697,
          38.18118
        ]
      },
      "properties": {
        "id": "5089",
        "name": "Camera 5089",
        "m3u8_url": null,
        "snapshot_url": "https://www.nvroads.com/map/Cctv/5089"
      }
    },
    {
      "type": "Feature",
      "geometry": {
        "type": "Point",
        "coordinates": [
          -118.70831,
          38.58665
        ]
      },
      "properties": {
        "id": "5090",
        "name": "Camera 5090",
        "m3u8_url": null,
        "snapshot_url": "https://www.nvroads.com/map/Cctv/5090"
      }
    },
    {
      "type": "Feature",
      "geometry": {
        "type": "Point",
        "coordinates": [
          -118.79363,
          39.05238
        ]
      },
      "properties": {
        "id": "5091",
        "name": "US95 @ Schurz Summit",
        "m3u8_url": "https://d2wse1.its.nv.gov:443/renoxcd01/64197f01-c15f-43fa-aba8-72fa3f04da3c_hspflirxcd01_public.stream/playlist.m3u8",
        "snapshot_url": "https://www.nvroads.com/map/Cctv/5091"
      }
    },
    {
      "type": "Feature",
      "geometry": {
        "type": "Point",
        "coordinates": [
          -118.88189,
          39.48837
        ]
      },
      "properties": {
        "id": "5092",
        "name": "US50 @ Sheckler",
        "m3u8_url": "https://d2wse2.its.nv.gov:443/renoxcd02/bcd088af-e49a-49bf-a109-51ceba63f6aa_hspflirxcd02_public.stream/playlist.m3u8",
        "snapshot_url": "https://www.nvroads.com/map/Cctv/5092"
      }
    },
    {
      "type": "Feature",
      "geometry": {
        "type": "Point",
        "coordinates": [
          -119.8867,
          39.32983
        ]
      },
      "properties": {
        "id": "5093",
        "name": "Camera 5093",
        "m3u8_url": null,
        "snapshot_url": "https://www.nvroads.com/map/Cctv/5093"
      }
    },
    {
      "type": "Feature",
      "geometry": {
        "type": "Point",
        "coordinates": [
          -119.77718,
          39.11851
        ]
      },
      "properties": {
        "id": "5094",
        "name": "Camera 5094",
        "m3u8_url": null,
        "snapshot_url": "https://www.nvroads.com/map/Cctv/5094"
      }
    },
    {
      "type": "Feature",
      "geometry": {
        "type": "Point",
        "coordinates": [
          -119.99694,
          39.49471
        ]
      },
      "properties": {
        "id": "5095",
        "name": "Camera 5095",
        "m3u8_url": null,
        "snapshot_url": "https://www.nvroads.com/map/Cctv/5095"
      }
    },
    {
      "type": "Feature",
      "geometry": {
        "type": "Point",
        "coordinates": [
          -118.91229,
          39.50539
        ]
      },
      "properties": {
        "id": "5096",
        "name": "Camera 5096",
        "m3u8_url": null,
        "snapshot_url": "https://www.nvroads.com/map/Cctv/5096"
      }
    },
    {
      "type": "Feature",
      "geometry": {
        "type": "Point",
        "coordinates": [
          -117.8428,
          39.4124
        ]
      },
      "properties": {
        "id": "5097",
        "name": "Camera 5097",
        "m3u8_url": null,
        "snapshot_url": "https://www.nvroads.com/map/Cctv/5097"
      }
    },
    {
      "type": "Feature",
      "geometry": {
        "type": "Point",
        "coordinates": [
          -119.74546,
          39.15034
        ]
      },
      "properties": {
        "id": "5098",
        "name": "I580 @ Fairview",
        "m3u8_url": "https://d2wse2.its.nv.gov:443/renoxcd02/49552511-8296-4a39-ac95-e7c817a2cfc0_hspflirxcd02_public.stream/playlist.m3u8",
        "snapshot_url": "https://www.nvroads.com/map/Cctv/5098"
      }
    },
    {
      "type": "Feature",
      "geometry": {
        "type": "Point",
        "coordinates": [
          -119.74009,
          39.16172
        ]
      },
      "properties": {
        "id": "5099",
        "name": "I580 @ 5th St",
        "m3u8_url": "https://d2wse2.its.nv.gov:443/renoxcd02/bd13a5f3-0eba-4e98-bcbe-a078e68dc973_hspflirxcd02_public.stream/playlist.m3u8",
        "snapshot_url": "https://www.nvroads.com/map/Cctv/5099"
      }
    },
    {
      "type": "Feature",
      "geometry": {
        "type": "Point",
        "coordinates": [
          -119.73941,
          39.17324
        ]
      },
      "properties": {
        "id": "5100",
        "name": "Camera 5100",
        "m3u8_url": null,
        "snapshot_url": "https://www.nvroads.com/map/Cctv/5100"
      }
    },
    {
      "type": "Feature",
      "geometry": {
        "type": "Point",
        "coordinates": [
          -119.74609,
          39.18392
        ]
      },
      "properties": {
        "id": "5101",
        "name": "I580 / N of US-50 East",
        "m3u8_url": "https://d2wse1.its.nv.gov:443/renoxcd01/52e17be9-a90e-4ea8-be42-25ca2f99da5a_hspflirxcd01_public.stream/playlist.m3u8",
        "snapshot_url": "https://www.nvroads.com/map/Cctv/5101"
      }
    },
    {
      "type": "Feature",
      "geometry": {
        "type": "Point",
        "coordinates": [
          -119.75196,
          39.18862
        ]
      },
      "properties": {
        "id": "5102",
        "name": "I580 @ College",
        "m3u8_url": "https://d2wse1.its.nv.gov:443/renoxcd01/c3ae62a5-f5fa-4684-8c65-7cd676f27e32_hspflirxcd01_public.stream/playlist.m3u8",
        "snapshot_url": "https://www.nvroads.com/map/Cctv/5102"
      }
    },
    {
      "type": "Feature",
      "geometry": {
        "type": "Point",
        "coordinates": [
          -119.76547,
          39.19376
        ]
      },
      "properties": {
        "id": "5103",
        "name": "I580 @ Northgate",
        "m3u8_url": "https://d2wse1.its.nv.gov:443/renoxcd01/ac8c3dea-214b-485a-90af-c62eb4cb05fd_hspflirxcd01_public.stream/playlist.m3u8",
        "snapshot_url": "https://www.nvroads.com/map/Cctv/5103"
      }
    },
    {
      "type": "Feature",
      "geometry": {
        "type": "Point",
        "coordinates": [
          -119.77247,
          39.19678
        ]
      },
      "properties": {
        "id": "5104",
        "name": "Camera 5104",
        "m3u8_url": null,
        "snapshot_url": "https://www.nvroads.com/map/Cctv/5104"
      }
    },
    {
      "type": "Feature",
      "geometry": {
        "type": "Point",
        "coordinates": [
          -119.77947,
          39.20176
        ]
      },
      "properties": {
        "id": "5105",
        "name": "Camera 5105",
        "m3u8_url": null,
        "snapshot_url": "https://www.nvroads.com/map/Cctv/5105"
      }
    },
    {
      "type": "Feature",
      "geometry": {
        "type": "Point",
        "coordinates": [
          -119.60647,
          38.80309
        ]
      },
      "properties": {
        "id": "5106",
        "name": "US395 SB Leviathan Mine",
        "m3u8_url": "https://d2wse1.its.nv.gov:443/renoxcd01/305c97ec-5275-458d-b721-21ffac97323b_hspflirxcd01_public.stream/playlist.m3u8",
        "snapshot_url": "https://www.nvroads.com/map/Cctv/5106"
      }
    },
    {
      "type": "Feature",
      "geometry": {
        "type": "Point",
        "coordinates": [
          -119.7514,
          39.42286
        ]
      },
      "properties": {
        "id": "5107",
        "name": "I580 @ Damonte Ranch",
        "m3u8_url": "https://d2wse1.its.nv.gov:443/renoxcd01/e84cec6d-f2cb-41db-adb7-2ee788afe059_hspflirxcd01_public.stream/playlist.m3u8",
        "snapshot_url": "https://www.nvroads.com/map/Cctv/5107"
      }
    },
    {
      "type": "Feature",
      "geometry": {
        "type": "Point",
        "coordinates": [
          -119.75834,
          39.42943
        ]
      },
      "properties": {
        "id": "5108",
        "name": "I580 N of Damonte Ranch",
        "m3u8_url": "https://d2wse1.its.nv.gov:443/renoxcd01/dc073178-69d7-4061-a8c0-f5805adb132a_hspflirxcd01_public.stream/playlist.m3u8",
        "snapshot_url": "https://www.nvroads.com/map/Cctv/5108"
      }
    },
    {
      "type": "Feature",
      "geometry": {
        "type": "Point",
        "coordinates": [
          -119.76604,
          39.43976
        ]
      },
      "properties": {
        "id": "5109",
        "name": "I580 @ South Meadows",
        "m3u8_url": "https://d2wse2.its.nv.gov:443/renoxcd03/cc0a5f0c-99f5-4e97-bfb4-5ef95248a5d7_hspflirxcd03_public.stream/playlist.m3u8",
        "snapshot_url": "https://www.nvroads.com/map/Cctv/5109"
      }
    },
    {
      "type": "Feature",
      "geometry": {
        "type": "Point",
        "coordinates": [
          -119.77621,
          39.45002
        ]
      },
      "properties": {
        "id": "5110",
        "name": "I580 @ S Virginia/Patriot",
        "m3u8_url": "https://d2wse1.its.nv.gov:443/renoxcd01/fde6b048-8566-495b-a487-286de0618a48_hspflirxcd01_public.stream/playlist.m3u8",
        "snapshot_url": "https://www.nvroads.com/map/Cctv/5110"
      }
    },
    {
      "type": "Feature",
      "geometry": {
        "type": "Point",
        "coordinates": [
          -119.78535,
          39.4612
        ]
      },
      "properties": {
        "id": "5111",
        "name": "I580 @ Huffaker",
        "m3u8_url": "https://d2wse2.its.nv.gov:443/renoxcd02/63f93a5f-51a7-4a4f-b722-932606d4c129_hspflirxcd02_public.stream/playlist.m3u8",
        "snapshot_url": "https://www.nvroads.com/map/Cctv/5111"
      }
    },
    {
      "type": "Feature",
      "geometry": {
        "type": "Point",
        "coordinates": [
          -119.7902,
          39.47727
        ]
      },
      "properties": {
        "id": "5112",
        "name": "I580 @ S McCarran NE",
        "m3u8_url": "https://d2wse1.its.nv.gov:443/renoxcd01/93c04670-53ad-453b-86ee-219fed4b89e9_hspflirxcd01_public.stream/playlist.m3u8",
        "snapshot_url": "https://www.nvroads.com/map/Cctv/5112"
      }
    },
    {
      "type": "Feature",
      "geometry": {
        "type": "Point",
        "coordinates": [
          -119.7902,
          39.47727
        ]
      },
      "properties": {
        "id": "5113",
        "name": "I580 @ S McCarran SW",
        "m3u8_url": "https://d2wse2.its.nv.gov:443/renoxcd02/04059402-954a-4821-984a-ee2d298285c9_hspflirxcd02_public.stream/playlist.m3u8",
        "snapshot_url": "https://www.nvroads.com/map/Cctv/5113"
      }
    },
    {
      "type": "Feature",
      "geometry": {
        "type": "Point",
        "coordinates": [
          -119.82467,
          39.30638
        ]
      },
      "properties": {
        "id": "5114",
        "name": "I580 Bowers",
        "m3u8_url": "https://d2wse2.its.nv.gov:443/renoxcd03/605c8a20-70dc-4e2a-8bc8-7d1e6b4b69eb_hspflirxcd03_public.stream/playlist.m3u8",
        "snapshot_url": "https://www.nvroads.com/map/Cctv/5114"
      }
    },
    {
      "type": "Feature",
      "geometry": {
        "type": "Point",
        "coordinates": [
          -119.31644,
          39.38224
        ]
      },
      "properties": {
        "id": "5115",
        "name": "US 50 @ Micro Way",
        "m3u8_url": "https://d2wse2.its.nv.gov:443/renoxcd02/217c3202-b5fa-421e-8901-f929dd194a9d_hspflirxcd02_public.stream/playlist.m3u8",
        "snapshot_url": "https://www.nvroads.com/map/Cctv/5115"
      }
    },
    {
      "type": "Feature",
      "geometry": {
        "type": "Point",
        "coordinates": [
          -119.22456,
          39.41594
        ]
      },
      "properties": {
        "id": "5116",
        "name": "US50 &amp; US95 Silver Springs",
        "m3u8_url": "https://d2wse2.its.nv.gov:443/renoxcd02/1b2b9221-8991-4f37-9b1a-843b35f43d1a_hspflirxcd02_public.stream/playlist.m3u8",
        "snapshot_url": "https://www.nvroads.com/map/Cctv/5116"
      }
    },
    {
      "type": "Feature",
      "geometry": {
        "type": "Point",
        "coordinates": [
          -119.42837,
          39.58898
        ]
      },
      "properties": {
        "id": "5117",
        "name": "I-80 @ Derby Dam",
        "m3u8_url": "https://d2wse2.its.nv.gov:443/renoxcd03/089f3021-21af-4fb0-a1af-72db6d25b54d_hspflirxcd03_public.stream/playlist.m3u8",
        "snapshot_url": "https://www.nvroads.com/map/Cctv/5117"
      }
    },
    {
      "type": "Feature",
      "geometry": {
        "type": "Point",
        "coordinates": [
          -119.21294,
          38.51386
        ]
      },
      "properties": {
        "id": "5118",
        "name": "SR338 @ Sweetwater Summit",
        "m3u8_url": "https://d2wse1.its.nv.gov:443/renoxcd01/fd3c90ef-a5f5-4a16-9240-53eac19e759d_hspflirxcd01_public.stream/playlist.m3u8",
        "snapshot_url": "https://www.nvroads.com/map/Cctv/5118"
      }
    },
    {
      "type": "Feature",
      "geometry": {
        "type": "Point",
        "coordinates": [
          -119.77755,
          39.53513
        ]
      },
      "properties": {
        "id": "5119",
        "name": "I80 @ Prater Way",
        "m3u8_url": "https://d2wse1.its.nv.gov:443/renoxcd01/f9521ba5-821e-4946-b927-facf5d522b68_hspflirxcd01_public.stream/playlist.m3u8",
        "snapshot_url": "https://www.nvroads.com/map/Cctv/5119"
      }
    },
    {
      "type": "Feature",
      "geometry": {
        "type": "Point",
        "coordinates": [
          -119.83389,
          39.25745
        ]
      },
      "properties": {
        "id": "5120",
        "name": "US395A @ Bellevue",
        "m3u8_url": "https://d2wse1.its.nv.gov:443/renoxcd01/6eea09c3-f736-4d1c-bc3a-75630764ab49_hspflirxcd01_public.stream/playlist.m3u8",
        "snapshot_url": "https://www.nvroads.com/map/Cctv/5120"
      }
    },
    {
      "type": "Feature",
      "geometry": {
        "type": "Point",
        "coordinates": [
          -119.18262,
          38.98772
        ]
      },
      "properties": {
        "id": "5121",
        "name": "SR339 @ Yerington",
        "m3u8_url": "https://d2wse1.its.nv.gov:443/renoxcd01/ee833cb0-01d2-4aac-a823-32c5b1a246d0_hspflirxcd01_public.stream/playlist.m3u8",
        "snapshot_url": "https://www.nvroads.com/map/Cctv/5121"
      }
    },
    {
      "type": "Feature",
      "geometry": {
        "type": "Point",
        "coordinates": [
          -118.3205,
          40.33454
        ]
      },
      "properties": {
        "id": "5122",
        "name": "I80 @ Oreana",
        "m3u8_url": "https://d2wse1.its.nv.gov:443/renoxcd01/e18fa8bf-c2d6-4a7f-997e-d94cc01f3b5e_hspflirxcd01_public.stream/playlist.m3u8",
        "snapshot_url": "https://www.nvroads.com/map/Cctv/5122"
      }
    },
    {
      "type": "Feature",
      "geometry": {
        "type": "Point",
        "coordinates": [
          -119.91165,
          39.08895
        ]
      },
      "properties": {
        "id": "5123",
        "name": "US50 @ Glenbrook",
        "m3u8_url": null,
        "snapshot_url": "https://www.nvroads.com/map/Cctv/5123"
      }
    },
    {
      "type": "Feature",
      "geometry": {
        "type": "Point",
        "coordinates": [
          -119.22742,
          39.60334
        ]
      },
      "properties": {
        "id": "5124",
        "name": "US50A @ Farm District Rd Roundabout",
        "m3u8_url": "https://d2wse1.its.nv.gov:443/renoxcd01/0011686f-8918-4609-8f0b-ee21a2d9eaaa_hspflirxcd01_public.stream/playlist.m3u8",
        "snapshot_url": "https://www.nvroads.com/map/Cctv/5124"
      }
    },
    {
      "type": "Feature",
      "geometry": {
        "type": "Point",
        "coordinates": [
          -119.6687,
          39.5115
        ]
      },
      "properties": {
        "id": "5125",
        "name": "I-80 W of Lockwood",
        "m3u8_url": "https://d2wse2.its.nv.gov:443/renoxcd02/ff45e23c-03b8-407f-9a23-7d722d1690ee_hspflirxcd02_public.stream/playlist.m3u8",
        "snapshot_url": "https://www.nvroads.com/map/Cctv/5125"
      }
    },
    {
      "type": "Feature",
      "geometry": {
        "type": "Point",
        "coordinates": [
          -119.93774,
          39.50958
        ]
      },
      "properties": {
        "id": "5126",
        "name": "I80 EB @ Mogul Truck Chk",
        "m3u8_url": "https://d2wse1.its.nv.gov:443/renoxcd01/eb7bb590-c1d7-4553-bd70-ed6980f36a4a_hspflirxcd01_public.stream/playlist.m3u8",
        "snapshot_url": "https://www.nvroads.com/map/Cctv/5126"
      }
    },
    {
      "type": "Feature",
      "geometry": {
        "type": "Point",
        "coordinates": [
          -119.84024,
          39.11997
        ]
      },
      "properties": {
        "id": "5127",
        "name": "US50 @ Truck Escape Ramp",
        "m3u8_url": "https://d2wse2.its.nv.gov:443/renoxcd02/b9768100-1674-402c-99ec-83558e45f291_hspflirxcd02_public.stream/playlist.m3u8",
        "snapshot_url": "https://www.nvroads.com/map/Cctv/5127"
      }
    },
    {
      "type": "Feature",
      "geometry": {
        "type": "Point",
        "coordinates": [
          -119.8596,
          39.5129
        ]
      },
      "properties": {
        "id": "5128",
        "name": "McCarran &amp; W 4th",
        "m3u8_url": "https://d2wse2.its.nv.gov:443/renoxcd02/f2a8e5e6-ff65-41b1-b9e1-b2ae4cf7b233_hspflirxcd02_public.stream/playlist.m3u8",
        "snapshot_url": "https://www.nvroads.com/map/Cctv/5128"
      }
    },
    {
      "type": "Feature",
      "geometry": {
        "type": "Point",
        "coordinates": [
          -119.8589,
          39.508
        ]
      },
      "properties": {
        "id": "5129",
        "name": "McCarran &amp; Mayberry",
        "m3u8_url": "https://d2wse2.its.nv.gov:443/renoxcd02/8805b582-d366-46f7-8f64-1d3eda99e59f_hspflirxcd02_public.stream/playlist.m3u8",
        "snapshot_url": "https://www.nvroads.com/map/Cctv/5129"
      }
    },
    {
      "type": "Feature",
      "geometry": {
        "type": "Point",
        "coordinates": [
          -119.8579,
          39.5014
        ]
      },
      "properties": {
        "id": "5130",
        "name": "McCarran &amp; Caughlin/Plumb",
        "m3u8_url": "https://d2wse2.its.nv.gov:443/renoxcd02/d7c99dde-cf9f-4fed-bf08-c39d5f2494d1_hspflirxcd02_public.stream/playlist.m3u8",
        "snapshot_url": "https://www.nvroads.com/map/Cctv/5130"
      }
    },
    {
      "type": "Feature",
      "geometry": {
        "type": "Point",
        "coordinates": [
          -119.8524,
          39.4848
        ]
      },
      "properties": {
        "id": "5131",
        "name": "McCarran &amp; Caughlin/Cashill",
        "m3u8_url": "https://d2wse2.its.nv.gov:443/renoxcd02/fb89196b-15dc-48fb-992e-030b7a325d34_hspflirxcd02_public.stream/playlist.m3u8",
        "snapshot_url": "https://www.nvroads.com/map/Cctv/5131"
      }
    },
    {
      "type": "Feature",
      "geometry": {
        "type": "Point",
        "coordinates": [
          -119.8446,
          39.4776
        ]
      },
      "properties": {
        "id": "5132",
        "name": "McCarran &amp; Skyline",
        "m3u8_url": "https://d2wse2.its.nv.gov:443/renoxcd02/83b3274b-1318-4d41-bf53-7117f4316bc8_hspflirxcd02_public.stream/playlist.m3u8",
        "snapshot_url": "https://www.nvroads.com/map/Cctv/5132"
      }
    },
    {
      "type": "Feature",
      "geometry": {
        "type": "Point",
        "coordinates": [
          -119.8228,
          39.4778
        ]
      },
      "properties": {
        "id": "5133",
        "name": "McCarran &amp; Greensboro",
        "m3u8_url": "https://d2wse1.its.nv.gov:443/renoxcd01/4e5349ca-107e-4809-b484-d68a5cda7f43_hspflirxcd01_public.stream/playlist.m3u8",
        "snapshot_url": "https://www.nvroads.com/map/Cctv/5133"
      }
    },
    {
      "type": "Feature",
      "geometry": {
        "type": "Point",
        "coordinates": [
          -119.8121,
          39.4764
        ]
      },
      "properties": {
        "id": "5134",
        "name": "McCarran &amp; Plumas",
        "m3u8_url": "https://d2wse2.its.nv.gov:443/renoxcd02/69413da8-9c1f-4079-94b9-ecb83a04ad85_hspflirxcd02_public.stream/playlist.m3u8",
        "snapshot_url": "https://www.nvroads.com/map/Cctv/5134"
      }
    },
    {
      "type": "Feature",
      "geometry": {
        "type": "Point",
        "coordinates": [
          -119.8074,
          39.4768
        ]
      },
      "properties": {
        "id": "5135",
        "name": "McCarran &amp; Lakeside",
        "m3u8_url": "https://d2wse1.its.nv.gov:443/renoxcd01/468fec45-7a0a-46be-b3d2-380ce76d2e3f_hspflirxcd01_public.stream/playlist.m3u8",
        "snapshot_url": "https://www.nvroads.com/map/Cctv/5135"
      }
    },
    {
      "type": "Feature",
      "geometry": {
        "type": "Point",
        "coordinates": [
          -119.8005,
          39.4766
        ]
      },
      "properties": {
        "id": "5136",
        "name": "McCarran &amp; Talbot",
        "m3u8_url": "https://d2wse2.its.nv.gov:443/renoxcd02/add518c5-683a-4495-9ed7-4ddd437fb341_hspflirxcd02_public.stream/playlist.m3u8",
        "snapshot_url": "https://www.nvroads.com/map/Cctv/5136"
      }
    },
    {
      "type": "Feature",
      "geometry": {
        "type": "Point",
        "coordinates": [
          -119.7931,
          39.4769
        ]
      },
      "properties": {
        "id": "5137",
        "name": "Camera 5137",
        "m3u8_url": null,
        "snapshot_url": "https://www.nvroads.com/map/Cctv/5137"
      }
    },
    {
      "type": "Feature",
      "geometry": {
        "type": "Point",
        "coordinates": [
          -119.21131,
          39.60006
        ]
      },
      "properties": {
        "id": "5138",
        "name": "US50A @ River Ranch Road",
        "m3u8_url": "https://d2wse2.its.nv.gov:443/renoxcd03/04b52f41-438c-4205-a0a7-28d7dfe9271c_hspflirxcd03_public.stream/playlist.m3u8",
        "snapshot_url": "https://www.nvroads.com/map/Cctv/5138"
      }
    },
    {
      "type": "Feature",
      "geometry": {
        "type": "Point",
        "coordinates": [
          -119.19711,
          39.59819
        ]
      },
      "properties": {
        "id": "5139",
        "name": "US50A @ Nevada Pacific Parkway",
        "m3u8_url": "https://d2wse2.its.nv.gov:443/renoxcd03/c7889a97-5845-42a5-a3c3-faecab8b89b5_hspflirxcd03_public.stream/playlist.m3u8",
        "snapshot_url": "https://www.nvroads.com/map/Cctv/5139"
      }
    },
    {
      "type": "Feature",
      "geometry": {
        "type": "Point",
        "coordinates": [
          -119.95859,
          39.64227
        ]
      },
      "properties": {
        "id": "5140",
        "name": "US395 @ Whitelake Park n Ride",
        "m3u8_url": "https://d2wse2.its.nv.gov:443/renoxcd02/ca4d7926-4d34-42b8-94d6-348a98f5ca75_hspflirxcd02_public.stream/playlist.m3u8",
        "snapshot_url": "https://www.nvroads.com/map/Cctv/5140"
      }
    },
    {
      "type": "Feature",
      "geometry": {
        "type": "Point",
        "coordinates": [
          -119.98184,
          39.65283
        ]
      },
      "properties": {
        "id": "5141",
        "name": "US395 - White Lake Flood Watch",
        "m3u8_url": "https://d2wse2.its.nv.gov:443/renoxcd03/8975f3f0-ab5e-41b6-b9ac-7f52e7277121_hspflirxcd03_public.stream/playlist.m3u8",
        "snapshot_url": "https://www.nvroads.com/map/Cctv/5141"
      }
    },
    {
      "type": "Feature",
      "geometry": {
        "type": "Point",
        "coordinates": [
          -119.70687,
          39.65102
        ]
      },
      "properties": {
        "id": "5142",
        "name": "SR445 @ Egyptian Dr",
        "m3u8_url": "https://d2wse2.its.nv.gov:443/renoxcd03/8ea344fb-3d60-40a7-b7e4-e3182da9333a_hspflirxcd03_public.stream/playlist.m3u8",
        "snapshot_url": "https://www.nvroads.com/map/Cctv/5142"
      }
    },
    {
      "type": "Feature",
      "geometry": {
        "type": "Point",
        "coordinates": [
          -119.81377,
          39.24917
        ]
      },
      "properties": {
        "id": "5143",
        "name": "US395 @ Washoe Lake Flood Watch",
        "m3u8_url": "https://d2wse2.its.nv.gov:443/renoxcd03/760c4f77-267e-46d9-a011-093f00d4c618_hspflirxcd03_public.stream/playlist.m3u8",
        "snapshot_url": "https://www.nvroads.com/map/Cctv/5143"
      }
    },
    {
      "type": "Feature",
      "geometry": {
        "type": "Point",
        "coordinates": [
          -119.78427,
          39.52451
        ]
      },
      "properties": {
        "id": "5144",
        "name": "I580@SB 2nd St Offramp",
        "m3u8_url": "https://d2wse2.its.nv.gov:443/renoxcd03/8ffa0ef9-17f0-4b7f-9ed2-9c541db55f7b_hspflirxcd03_public.stream/playlist.m3u8",
        "snapshot_url": "https://www.nvroads.com/map/Cctv/5144"
      }
    },
    {
      "type": "Feature",
      "geometry": {
        "type": "Point",
        "coordinates": [
          -119.78474,
          39.52768
        ]
      },
      "properties": {
        "id": "5145",
        "name": "I580 @ 2nd St Intersection",
        "m3u8_url": "https://d2wse2.its.nv.gov:443/renoxcd02/626fc8ef-fff4-4c7e-9d84-d961c1e5163f_hspflirxcd02_public.stream/playlist.m3u8",
        "snapshot_url": "https://www.nvroads.com/map/Cctv/5145"
      }
    },
    {
      "type": "Feature",
      "geometry": {
        "type": "Point",
        "coordinates": [
          -118.78181,
          39.43687
        ]
      },
      "properties": {
        "id": "5146",
        "name": "US95 @ Clover Dr",
        "m3u8_url": "https://d2wse2.its.nv.gov:443/renoxcd03/8056ccf3-7de7-49e9-99c2-1e8f9c60adf8_hspflirxcd03_public.stream/playlist.m3u8",
        "snapshot_url": "https://www.nvroads.com/map/Cctv/5146"
      }
    },
    {
      "type": "Feature",
      "geometry": {
        "type": "Point",
        "coordinates": [
          -116.75629,
          36.91079
        ]
      },
      "properties": {
        "id": "5147",
        "name": "US 95 NB Beatty N",
        "m3u8_url": "https://d1wse5.its.nv.gov:443/vegasxcd05/a134c707-71de-4b41-b954-b51e95d75fba_lvflirxcd07_public.stream/playlist.m3u8",
        "snapshot_url": "https://www.nvroads.com/map/Cctv/5147"
      }
    },
    {
      "type": "Feature",
      "geometry": {
        "type": "Point",
        "coordinates": [
          -115.61975,
          36.32199
        ]
      },
      "properties": {
        "id": "5148",
        "name": "SR-158 NB Deer Creek",
        "m3u8_url": "https://d1wse5.its.nv.gov:443/vegasxcd05/sr158of_deer_creek_lvflirxcd05_public.stream/playlist.m3u8",
        "snapshot_url": "https://www.nvroads.com/map/Cctv/5148"
      }
    },
    {
      "type": "Feature",
      "geometry": {
        "type": "Point",
        "coordinates": [
          -117.18944,
          38.83085
        ]
      },
      "properties": {
        "id": "5149",
        "name": "SR-376 North of Carver",
        "m3u8_url": "https://d1wse5.its.nv.gov:443/vegasxcd05/sr376northofcarver_lvflirxcd05_public.stream/playlist.m3u8",
        "snapshot_url": "https://www.nvroads.com/map/Cctv/5149"
      }
    },
    {
      "type": "Feature",
      "geometry": {
        "type": "Point",
        "coordinates": [
          -119.7235,
          39.1802
        ]
      },
      "properties": {
        "id": "5150",
        "name": "US50 at Fairview",
        "m3u8_url": "https://d2wse2.its.nv.gov:443/renoxcd03/b1326bb6-b50c-49c1-b5ac-0be05b606b94_hspflirxcd03_public.stream/playlist.m3u8",
        "snapshot_url": "https://www.nvroads.com/map/Cctv/5150"
      }
    },
    {
      "type": "Feature",
      "geometry": {
        "type": "Point",
        "coordinates": [
          -119.70375,
          39.18922
        ]
      },
      "properties": {
        "id": "5151",
        "name": "US50 at Arrowhead",
        "m3u8_url": "https://d2wse2.its.nv.gov:443/renoxcd03/0b562bd5-6151-487c-bc56-241e5d40fce1_hspflirxcd03_public.stream/playlist.m3u8",
        "snapshot_url": "https://www.nvroads.com/map/Cctv/5151"
      }
    },
    {
      "type": "Feature",
      "geometry": {
        "type": "Point",
        "coordinates": [
          -119.94719,
          39.01154
        ]
      },
      "properties": {
        "id": "5152",
        "name": "Camera 5152",
        "m3u8_url": null,
        "snapshot_url": "https://www.nvroads.com/map/Cctv/5152"
      }
    },
    {
      "type": "Feature",
      "geometry": {
        "type": "Point",
        "coordinates": [
          -115.45857,
          39.39252
        ]
      },
      "properties": {
        "id": "5153",
        "name": "Camera 5153",
        "m3u8_url": null,
        "snapshot_url": "https://www.nvroads.com/map/Cctv/5153"
      }
    },
    {
      "type": "Feature",
      "geometry": {
        "type": "Point",
        "coordinates": [
          -114.89437,
          39.23358
        ]
      },
      "properties": {
        "id": "5154",
        "name": "Camera 5154",
        "m3u8_url": null,
        "snapshot_url": "https://www.nvroads.com/map/Cctv/5154"
      }
    },
    {
      "type": "Feature",
      "geometry": {
        "type": "Point",
        "coordinates": [
          -114.6154,
          39.04762
        ]
      },
      "properties": {
        "id": "5155",
        "name": "US6 CONNORS WP MM61",
        "m3u8_url": "https://d3wse1.its.nv.gov:443/elkoxcd01/e2f3e7a4-41b0-47bd-839d-7cf3311bb42d_hspflirxcd04_public.stream/playlist.m3u8",
        "snapshot_url": "https://www.nvroads.com/map/Cctv/5155"
      }
    },
    {
      "type": "Feature",
      "geometry": {
        "type": "Point",
        "coordinates": [
          -114.7178,
          39.04217
        ]
      },
      "properties": {
        "id": "5156",
        "name": "US6 CONNORS WP MM54",
        "m3u8_url": "https://d3wse1.its.nv.gov:443/elkoxcd01/787916ee-8985-4088-ac59-2abcad1b9d07_hspflirxcd04_public.stream/playlist.m3u8",
        "snapshot_url": "https://www.nvroads.com/map/Cctv/5156"
      }
    },
    {
      "type": "Feature",
      "geometry": {
        "type": "Point",
        "coordinates": [
          -117.6811,
          40.99085
        ]
      },
      "properties": {
        "id": "5157",
        "name": "I80 WINNEMUCCA MM180 HU17",
        "m3u8_url": "https://d3wse1.its.nv.gov:443/elkoxcd01/f6a67248-bbac-499f-9a95-460795774476_hspflirxcd04_public.stream/playlist.m3u8",
        "snapshot_url": "https://www.nvroads.com/map/Cctv/5157"
      }
    },
    {
      "type": "Feature",
      "geometry": {
        "type": "Point",
        "coordinates": [
          -115.15604,
          36.17437
        ]
      },
      "properties": {
        "id": "5158",
        "name": "I-11 SB &amp; I-15",
        "m3u8_url": "https://d1wse5.its.nv.gov:443/vegasxcd05/64b1b051-7239-4fff-ae04-57949ef9f13f_lvflirxcd05_public.stream/playlist.m3u8",
        "snapshot_url": "https://www.nvroads.com/map/Cctv/5158"
      }
    },
    {
      "type": "Feature",
      "geometry": {
        "type": "Point",
        "coordinates": [
          -115.39488,
          39.35412
        ]
      },
      "properties": {
        "id": "5159",
        "name": "Camera 5159",
        "m3u8_url": null,
        "snapshot_url": "https://www.nvroads.com/map/Cctv/5159"
      }
    },
    {
      "type": "Feature",
      "geometry": {
        "type": "Point",
        "coordinates": [
          -117.6916,
          41.2879
        ]
      },
      "properties": {
        "id": "5160",
        "name": "Camera 5160",
        "m3u8_url": null,
        "snapshot_url": "https://www.nvroads.com/map/Cctv/5160"
      }
    },
    {
      "type": "Feature",
      "geometry": {
        "type": "Point",
        "coordinates": [
          -117.7391,
          40.98645
        ]
      },
      "properties": {
        "id": "5161",
        "name": "US95 WINNEMUCCA HU MM1",
        "m3u8_url": "https://d3wse1.its.nv.gov:443/elkoxcd01/bb8695c0-67d4-43c1-9eaa-31e5e060c4a2_hspflirxcd04_public.stream/playlist.m3u8",
        "snapshot_url": "https://www.nvroads.com/map/Cctv/5161"
      }
    },
    {
      "type": "Feature",
      "geometry": {
        "type": "Point",
        "coordinates": [
          -115.95847,
          39.49888
        ]
      },
      "properties": {
        "id": "5162",
        "name": "Camera 5162",
        "m3u8_url": null,
        "snapshot_url": "https://www.nvroads.com/map/Cctv/5162"
      }
    },
    {
      "type": "Feature",
      "geometry": {
        "type": "Point",
        "coordinates": [
          -119.9468,
          39.5119
        ]
      },
      "properties": {
        "id": "5163",
        "name": "Camera 5163",
        "m3u8_url": null,
        "snapshot_url": "https://www.nvroads.com/map/Cctv/5163"
      }
    },
    {
      "type": "Feature",
      "geometry": {
        "type": "Point",
        "coordinates": [
          -119.75237,
          39.55637
        ]
      },
      "properties": {
        "id": "5164",
        "name": "Camera 5164",
        "m3u8_url": null,
        "snapshot_url": "https://www.nvroads.com/map/Cctv/5164"
      }
    },
    {
      "type": "Feature",
      "geometry": {
        "type": "Point",
        "coordinates": [
          -115.1998,
          36.0689
        ]
      },
      "properties": {
        "id": "5165",
        "name": "I-215 WB E of Decatur",
        "m3u8_url": "https://d1wse5.its.nv.gov:443/vegasxcd05/be2c4c22-f7e1-4b49-a512-1a58c2f830c2_lvflirxcd05_public.stream/playlist.m3u8",
        "snapshot_url": "https://www.nvroads.com/map/Cctv/5165"
      }
    },
    {
      "type": "Feature",
      "geometry": {
        "type": "Point",
        "coordinates": [
          -115.26808,
          36.27775
        ]
      },
      "properties": {
        "id": "5166",
        "name": "Camera 5166",
        "m3u8_url": null,
        "snapshot_url": "https://www.nvroads.com/map/Cctv/5166"
      }
    },
    {
      "type": "Feature",
      "geometry": {
        "type": "Point",
        "coordinates": [
          -115.26843,
          36.27785
        ]
      },
      "properties": {
        "id": "5167",
        "name": "Camera 5167",
        "m3u8_url": null,
        "snapshot_url": "https://www.nvroads.com/map/Cctv/5167"
      }
    },
    {
      "type": "Feature",
      "geometry": {
        "type": "Point",
        "coordinates": [
          -115.17312,
          36.11724
        ]
      },
      "properties": {
        "id": "5168",
        "name": "Las Vegas Blvd &amp; Caesars Dr F1",
        "m3u8_url": "https://d1wse2.its.nv.gov:443/vegasxcd02/164d50b6-4c0c-44ca-bb80-8dae3666f214_lvflirxcd03_public.stream/playlist.m3u8",
        "snapshot_url": "https://www.nvroads.com/map/Cctv/5168"
      }
    },
    {
      "type": "Feature",
      "geometry": {
        "type": "Point",
        "coordinates": [
          -119.8252,
          39.3059
        ]
      },
      "properties": {
        "id": "5169",
        "name": "Camera 5169",
        "m3u8_url": null,
        "snapshot_url": "https://www.nvroads.com/map/Cctv/5169"
      }
    },
    {
      "type": "Feature",
      "geometry": {
        "type": "Point",
        "coordinates": [
          -119.80598,
          39.21371
        ]
      },
      "properties": {
        "id": "5170",
        "name": "Camera 5170",
        "m3u8_url": null,
        "snapshot_url": "https://www.nvroads.com/map/Cctv/5170"
      }
    },
    {
      "type": "Feature",
      "geometry": {
        "type": "Point",
        "coordinates": [
          -119.75769,
          39.3969
        ]
      },
      "properties": {
        "id": "5171",
        "name": "Camera 5171",
        "m3u8_url": null,
        "snapshot_url": "https://www.nvroads.com/map/Cctv/5171"
      }
    },
    {
      "type": "Feature",
      "geometry": {
        "type": "Point",
        "coordinates": [
          -119.75063,
          39.40927
        ]
      },
      "properties": {
        "id": "5172",
        "name": "Camera 5172",
        "m3u8_url": null,
        "snapshot_url": "https://www.nvroads.com/map/Cctv/5172"
      }
    },
    {
      "type": "Feature",
      "geometry": {
        "type": "Point",
        "coordinates": [
          -115.10151,
          36.14541
        ]
      },
      "properties": {
        "id": "5173",
        "name": "Camera 5173",
        "m3u8_url": null,
        "snapshot_url": "https://www.nvroads.com/map/Cctv/5173"
      }
    },
    {
      "type": "Feature",
      "geometry": {
        "type": "Point",
        "coordinates": [
          -115.08962,
          36.13487
        ]
      },
      "properties": {
        "id": "5174",
        "name": "Camera 5174",
        "m3u8_url": null,
        "snapshot_url": "https://www.nvroads.com/map/Cctv/5174"
      }
    },
    {
      "type": "Feature",
      "geometry": {
        "type": "Point",
        "coordinates": [
          -115.08396,
          36.12987
        ]
      },
      "properties": {
        "id": "5175",
        "name": "Camera 5175",
        "m3u8_url": null,
        "snapshot_url": "https://www.nvroads.com/map/Cctv/5175"
      }
    },
    {
      "type": "Feature",
      "geometry": {
        "type": "Point",
        "coordinates": [
          -115.0508,
          36.10081
        ]
      },
      "properties": {
        "id": "5176",
        "name": "Camera 5176",
        "m3u8_url": null,
        "snapshot_url": "https://www.nvroads.com/map/Cctv/5176"
      }
    },
    {
      "type": "Feature",
      "geometry": {
        "type": "Point",
        "coordinates": [
          -115.11902,
          36.14412
        ]
      },
      "properties": {
        "id": "5177",
        "name": "Camera 5177",
        "m3u8_url": null,
        "snapshot_url": "https://www.nvroads.com/map/Cctv/5177"
      }
    },
    {
      "type": "Feature",
      "geometry": {
        "type": "Point",
        "coordinates": [
          -115.11711,
          36.15899
        ]
      },
      "properties": {
        "id": "5178",
        "name": "Camera 5178",
        "m3u8_url": null,
        "snapshot_url": "https://www.nvroads.com/map/Cctv/5178"
      }
    },
    {
      "type": "Feature",
      "geometry": {
        "type": "Point",
        "coordinates": [
          -115.01138,
          36.06577
        ]
      },
      "properties": {
        "id": "5179",
        "name": "Camera 5179",
        "m3u8_url": null,
        "snapshot_url": "https://www.nvroads.com/map/Cctv/5179"
      }
    },
    {
      "type": "Feature",
      "geometry": {
        "type": "Point",
        "coordinates": [
          -115.87576,
          40.95032
        ]
      },
      "properties": {
        "id": "5180",
        "name": "Camera 5180",
        "m3u8_url": null,
        "snapshot_url": "https://www.nvroads.com/map/Cctv/5180"
      }
    },
    {
      "type": "Feature",
      "geometry": {
        "type": "Point",
        "coordinates": [
          -114.99423,
          36.05079
        ]
      },
      "properties": {
        "id": "5181",
        "name": "Camera 5181",
        "m3u8_url": null,
        "snapshot_url": "https://www.nvroads.com/map/Cctv/5181"
      }
    },
    {
      "type": "Feature",
      "geometry": {
        "type": "Point",
        "coordinates": [
          -114.97116,
          36.02987
        ]
      },
      "properties": {
        "id": "5182",
        "name": "Camera 5182",
        "m3u8_url": null,
        "snapshot_url": "https://www.nvroads.com/map/Cctv/5182"
      }
    },
    {
      "type": "Feature",
      "geometry": {
        "type": "Point",
        "coordinates": [
          -115.17263,
          36.15877
        ]
      },
      "properties": {
        "id": "5183",
        "name": "Camera 5183",
        "m3u8_url": null,
        "snapshot_url": "https://www.nvroads.com/map/Cctv/5183"
      }
    },
    {
      "type": "Feature",
      "geometry": {
        "type": "Point",
        "coordinates": [
          -115.12938,
          36.1957
        ]
      },
      "properties": {
        "id": "5184",
        "name": "Camera 5184",
        "m3u8_url": null,
        "snapshot_url": "https://www.nvroads.com/map/Cctv/5184"
      }
    },
    {
      "type": "Feature",
      "geometry": {
        "type": "Point",
        "coordinates": [
          -115.24272,
          36.12936
        ]
      },
      "properties": {
        "id": "5185",
        "name": "Camera 5185",
        "m3u8_url": null,
        "snapshot_url": "https://www.nvroads.com/map/Cctv/5185"
      }
    },
    {
      "type": "Feature",
      "geometry": {
        "type": "Point",
        "coordinates": [
          -114.95354,
          36.01427
        ]
      },
      "properties": {
        "id": "5186",
        "name": "Camera 5186",
        "m3u8_url": null,
        "snapshot_url": "https://www.nvroads.com/map/Cctv/5186"
      }
    },
    {
      "type": "Feature",
      "geometry": {
        "type": "Point",
        "coordinates": [
          -115.20764,
          36.07194
        ]
      },
      "properties": {
        "id": "5187",
        "name": "Camera 5187",
        "m3u8_url": null,
        "snapshot_url": "https://www.nvroads.com/map/Cctv/5187"
      }
    },
    {
      "type": "Feature",
      "geometry": {
        "type": "Point",
        "coordinates": [
          -115.20846,
          36.14476
        ]
      },
      "properties": {
        "id": "5188",
        "name": "Camera 5188",
        "m3u8_url": null,
        "snapshot_url": "https://www.nvroads.com/map/Cctv/5188"
      }
    },
    {
      "type": "Feature",
      "geometry": {
        "type": "Point",
        "coordinates": [
          -115.2878,
          36.27898
        ]
      },
      "properties": {
        "id": "5189",
        "name": "Camera 5189",
        "m3u8_url": null,
        "snapshot_url": "https://www.nvroads.com/map/Cctv/5189"
      }
    },
    {
      "type": "Feature",
      "geometry": {
        "type": "Point",
        "coordinates": [
          -115.20784,
          36.06907
        ]
      },
      "properties": {
        "id": "5190",
        "name": "Camera 5190",
        "m3u8_url": null,
        "snapshot_url": "https://www.nvroads.com/map/Cctv/5190"
      }
    },
    {
      "type": "Feature",
      "geometry": {
        "type": "Point",
        "coordinates": [
          -115.1571,
          36.14384
        ]
      },
      "properties": {
        "id": "5191",
        "name": "Camera 5191",
        "m3u8_url": null,
        "snapshot_url": "https://www.nvroads.com/map/Cctv/5191"
      }
    },
    {
      "type": "Feature",
      "geometry": {
        "type": "Point",
        "coordinates": [
          -115.20784,
          36.0669
        ]
      },
      "properties": {
        "id": "5192",
        "name": "Camera 5192",
        "m3u8_url": null,
        "snapshot_url": "https://www.nvroads.com/map/Cctv/5192"
      }
    },
    {
      "type": "Feature",
      "geometry": {
        "type": "Point",
        "coordinates": [
          -115.24273,
          36.11481
        ]
      },
      "properties": {
        "id": "5193",
        "name": "Camera 5193",
        "m3u8_url": null,
        "snapshot_url": "https://www.nvroads.com/map/Cctv/5193"
      }
    },
    {
      "type": "Feature",
      "geometry": {
        "type": "Point",
        "coordinates": [
          -115.20782,
          36.11573
        ]
      },
      "properties": {
        "id": "5194",
        "name": "Camera 5194",
        "m3u8_url": null,
        "snapshot_url": "https://www.nvroads.com/map/Cctv/5194"
      }
    },
    {
      "type": "Feature",
      "geometry": {
        "type": "Point",
        "coordinates": [
          -115.17308,
          36.11454
        ]
      },
      "properties": {
        "id": "5195",
        "name": "Camera 5195",
        "m3u8_url": null,
        "snapshot_url": "https://www.nvroads.com/map/Cctv/5195"
      }
    },
    {
      "type": "Feature",
      "geometry": {
        "type": "Point",
        "coordinates": [
          -115.17323,
          36.10106
        ]
      },
      "properties": {
        "id": "5196",
        "name": "Camera 5196",
        "m3u8_url": null,
        "snapshot_url": "https://www.nvroads.com/map/Cctv/5196"
      }
    },
    {
      "type": "Feature",
      "geometry": {
        "type": "Point",
        "coordinates": [
          -115.20768,
          36.08654
        ]
      },
      "properties": {
        "id": "5197",
        "name": "Camera 5197",
        "m3u8_url": null,
        "snapshot_url": "https://www.nvroads.com/map/Cctv/5197"
      }
    },
    {
      "type": "Feature",
      "geometry": {
        "type": "Point",
        "coordinates": [
          -115.24356,
          36.15151
        ]
      },
      "properties": {
        "id": "5198",
        "name": "Camera 5198",
        "m3u8_url": null,
        "snapshot_url": "https://www.nvroads.com/map/Cctv/5198"
      }
    },
    {
      "type": "Feature",
      "geometry": {
        "type": "Point",
        "coordinates": [
          -115.26202,
          36.15896
        ]
      },
      "properties": {
        "id": "5199",
        "name": "Camera 5199",
        "m3u8_url": null,
        "snapshot_url": "https://www.nvroads.com/map/Cctv/5199"
      }
    },
    {
      "type": "Feature",
      "geometry": {
        "type": "Point",
        "coordinates": [
          -114.98167,
          36.03965
        ]
      },
      "properties": {
        "id": "5200",
        "name": "Camera 5200",
        "m3u8_url": null,
        "snapshot_url": "https://www.nvroads.com/map/Cctv/5200"
      }
    },
    {
      "type": "Feature",
      "geometry": {
        "type": "Point",
        "coordinates": [
          -115.06663,
          36.11483
        ]
      },
      "properties": {
        "id": "5201",
        "name": "Camera 5201",
        "m3u8_url": null,
        "snapshot_url": "https://www.nvroads.com/map/Cctv/5201"
      }
    },
    {
      "type": "Feature",
      "geometry": {
        "type": "Point",
        "coordinates": [
          -115.28783,
          36.28085
        ]
      },
      "properties": {
        "id": "5202",
        "name": "Camera 5202",
        "m3u8_url": null,
        "snapshot_url": "https://www.nvroads.com/map/Cctv/5202"
      }
    },
    {
      "type": "Feature",
      "geometry": {
        "type": "Point",
        "coordinates": [
          -115.33663,
          36.15879
        ]
      },
      "properties": {
        "id": "5203",
        "name": "Camera 5203",
        "m3u8_url": null,
        "snapshot_url": "https://www.nvroads.com/map/Cctv/5203"
      }
    },
    {
      "type": "Feature",
      "geometry": {
        "type": "Point",
        "coordinates": [
          -115.15772,
          36.16165
        ]
      },
      "properties": {
        "id": "5204",
        "name": "Camera 5204",
        "m3u8_url": null,
        "snapshot_url": "https://www.nvroads.com/map/Cctv/5204"
      }
    },
    {
      "type": "Feature",
      "geometry": {
        "type": "Point",
        "coordinates": [
          -115.15552,
          36.16648
        ]
      },
      "properties": {
        "id": "5205",
        "name": "Camera 5205",
        "m3u8_url": null,
        "snapshot_url": "https://www.nvroads.com/map/Cctv/5205"
      }
    },
    {
      "type": "Feature",
      "geometry": {
        "type": "Point",
        "coordinates": [
          -115.13946,
          36.19612
        ]
      },
      "properties": {
        "id": "5206",
        "name": "Camera 5206",
        "m3u8_url": null,
        "snapshot_url": "https://www.nvroads.com/map/Cctv/5206"
      }
    },
    {
      "type": "Feature",
      "geometry": {
        "type": "Point",
        "coordinates": [
          -115.24245,
          36.06758
        ]
      },
      "properties": {
        "id": "5207",
        "name": "Camera 5207",
        "m3u8_url": null,
        "snapshot_url": "https://www.nvroads.com/map/Cctv/5207"
      }
    },
    {
      "type": "Feature",
      "geometry": {
        "type": "Point",
        "coordinates": [
          -115.26064,
          36.06717
        ]
      },
      "properties": {
        "id": "5208",
        "name": "Camera 5208",
        "m3u8_url": null,
        "snapshot_url": "https://www.nvroads.com/map/Cctv/5208"
      }
    },
    {
      "type": "Feature",
      "geometry": {
        "type": "Point",
        "coordinates": [
          -115.30127,
          36.11514
        ]
      },
      "properties": {
        "id": "5209",
        "name": "Camera 5209",
        "m3u8_url": null,
        "snapshot_url": "https://www.nvroads.com/map/Cctv/5209"
      }
    },
    {
      "type": "Feature",
      "geometry": {
        "type": "Point",
        "coordinates": [
          -115.28778,
          36.07033
        ]
      },
      "properties": {
        "id": "5210",
        "name": "Camera 5210",
        "m3u8_url": null,
        "snapshot_url": "https://www.nvroads.com/map/Cctv/5210"
      }
    },
    {
      "type": "Feature",
      "geometry": {
        "type": "Point",
        "coordinates": [
          -115.28754,
          36.08521
        ]
      },
      "properties": {
        "id": "5211",
        "name": "Camera 5211",
        "m3u8_url": null,
        "snapshot_url": "https://www.nvroads.com/map/Cctv/5211"
      }
    },
    {
      "type": "Feature",
      "geometry": {
        "type": "Point",
        "coordinates": [
          -115.27939,
          36.06737
        ]
      },
      "properties": {
        "id": "5212",
        "name": "Camera 5212",
        "m3u8_url": null,
        "snapshot_url": "https://www.nvroads.com/map/Cctv/5212"
      }
    },
    {
      "type": "Feature",
      "geometry": {
        "type": "Point",
        "coordinates": [
          -115.3259,
          36.1221
        ]
      },
      "properties": {
        "id": "5213",
        "name": "Camera 5213",
        "m3u8_url": null,
        "snapshot_url": "https://www.nvroads.com/map/Cctv/5213"
      }
    },
    {
      "type": "Feature",
      "geometry": {
        "type": "Point",
        "coordinates": [
          -115.33578,
          36.14436
        ]
      },
      "properties": {
        "id": "5214",
        "name": "Camera 5214",
        "m3u8_url": null,
        "snapshot_url": "https://www.nvroads.com/map/Cctv/5214"
      }
    },
    {
      "type": "Feature",
      "geometry": {
        "type": "Point",
        "coordinates": [
          -115.28417,
          36.29199
        ]
      },
      "properties": {
        "id": "5215",
        "name": "Camera 5215",
        "m3u8_url": null,
        "snapshot_url": "https://www.nvroads.com/map/Cctv/5215"
      }
    },
    {
      "type": "Feature",
      "geometry": {
        "type": "Point",
        "coordinates": [
          -115.22447,
          36.068
        ]
      },
      "properties": {
        "id": "5216",
        "name": "Camera 5216",
        "m3u8_url": null,
        "snapshot_url": "https://www.nvroads.com/map/Cctv/5216"
      }
    },
    {
      "type": "Feature",
      "geometry": {
        "type": "Point",
        "coordinates": [
          -115.13412,
          36.20319
        ]
      },
      "properties": {
        "id": "5217",
        "name": "Camera 5217",
        "m3u8_url": null,
        "snapshot_url": "https://www.nvroads.com/map/Cctv/5217"
      }
    },
    {
      "type": "Feature",
      "geometry": {
        "type": "Point",
        "coordinates": [
          -115.12679,
          36.2148
        ]
      },
      "properties": {
        "id": "5218",
        "name": "Camera 5218",
        "m3u8_url": null,
        "snapshot_url": "https://www.nvroads.com/map/Cctv/5218"
      }
    },
    {
      "type": "Feature",
      "geometry": {
        "type": "Point",
        "coordinates": [
          -115.12426,
          36.21801
        ]
      },
      "properties": {
        "id": "5219",
        "name": "Camera 5219",
        "m3u8_url": null,
        "snapshot_url": "https://www.nvroads.com/map/Cctv/5219"
      }
    },
    {
      "type": "Feature",
      "geometry": {
        "type": "Point",
        "coordinates": [
          -115.11623,
          36.2291
        ]
      },
      "properties": {
        "id": "5220",
        "name": "Camera 5220",
        "m3u8_url": null,
        "snapshot_url": "https://www.nvroads.com/map/Cctv/5220"
      }
    },
    {
      "type": "Feature",
      "geometry": {
        "type": "Point",
        "coordinates": [
          -115.10147,
          36.23994
        ]
      },
      "properties": {
        "id": "5221",
        "name": "Camera 5221",
        "m3u8_url": null,
        "snapshot_url": "https://www.nvroads.com/map/Cctv/5221"
      }
    },
    {
      "type": "Feature",
      "geometry": {
        "type": "Point",
        "coordinates": [
          -115.24378,
          36.02222
        ]
      },
      "properties": {
        "id": "5222",
        "name": "Camera 5222",
        "m3u8_url": null,
        "snapshot_url": "https://www.nvroads.com/map/Cctv/5222"
      }
    },
    {
      "type": "Feature",
      "geometry": {
        "type": "Point",
        "coordinates": [
          -115.22588,
          36.02529
        ]
      },
      "properties": {
        "id": "5223",
        "name": "Camera 5223",
        "m3u8_url": null,
        "snapshot_url": "https://www.nvroads.com/map/Cctv/5223"
      }
    },
    {
      "type": "Feature",
      "geometry": {
        "type": "Point",
        "coordinates": [
          -115.19041,
          36.0401
        ]
      },
      "properties": {
        "id": "5224",
        "name": "Camera 5224",
        "m3u8_url": null,
        "snapshot_url": "https://www.nvroads.com/map/Cctv/5224"
      }
    },
    {
      "type": "Feature",
      "geometry": {
        "type": "Point",
        "coordinates": [
          -115.20818,
          36.03209
        ]
      },
      "properties": {
        "id": "5225",
        "name": "Camera 5225",
        "m3u8_url": null,
        "snapshot_url": "https://www.nvroads.com/map/Cctv/5225"
      }
    },
    {
      "type": "Feature",
      "geometry": {
        "type": "Point",
        "coordinates": [
          -115.2785,
          36.17864
        ]
      },
      "properties": {
        "id": "5226",
        "name": "Camera 5226",
        "m3u8_url": null,
        "snapshot_url": "https://www.nvroads.com/map/Cctv/5226"
      }
    },
    {
      "type": "Feature",
      "geometry": {
        "type": "Point",
        "coordinates": [
          -115.27842,
          36.1763
        ]
      },
      "properties": {
        "id": "5227",
        "name": "Camera 5227",
        "m3u8_url": null,
        "snapshot_url": "https://www.nvroads.com/map/Cctv/5227"
      }
    },
    {
      "type": "Feature",
      "geometry": {
        "type": "Point",
        "coordinates": [
          -115.14314,
          36.17195
        ]
      },
      "properties": {
        "id": "5228",
        "name": "Camera 5228",
        "m3u8_url": null,
        "snapshot_url": "https://www.nvroads.com/map/Cctv/5228"
      }
    },
    {
      "type": "Feature",
      "geometry": {
        "type": "Point",
        "coordinates": [
          -115.14809,
          36.16489
        ]
      },
      "properties": {
        "id": "5229",
        "name": "Camera 5229",
        "m3u8_url": null,
        "snapshot_url": "https://www.nvroads.com/map/Cctv/5229"
      }
    },
    {
      "type": "Feature",
      "geometry": {
        "type": "Point",
        "coordinates": [
          -115.15459,
          36.14388
        ]
      },
      "properties": {
        "id": "5230",
        "name": "Camera 5230",
        "m3u8_url": null,
        "snapshot_url": "https://www.nvroads.com/map/Cctv/5230"
      }
    },
    {
      "type": "Feature",
      "geometry": {
        "type": "Point",
        "coordinates": [
          -115.1863,
          36.0651
        ]
      },
      "properties": {
        "id": "5231",
        "name": "Camera 5231",
        "m3u8_url": null,
        "snapshot_url": "https://www.nvroads.com/map/Cctv/5231"
      }
    },
    {
      "type": "Feature",
      "geometry": {
        "type": "Point",
        "coordinates": [
          -115.18025,
          36.06285
        ]
      },
      "properties": {
        "id": "5232",
        "name": "Camera 5232",
        "m3u8_url": null,
        "snapshot_url": "https://www.nvroads.com/map/Cctv/5232"
      }
    },
    {
      "type": "Feature",
      "geometry": {
        "type": "Point",
        "coordinates": [
          -115.18132,
          36.08244
        ]
      },
      "properties": {
        "id": "5233",
        "name": "Camera 5233",
        "m3u8_url": null,
        "snapshot_url": "https://www.nvroads.com/map/Cctv/5233"
      }
    },
    {
      "type": "Feature",
      "geometry": {
        "type": "Point",
        "coordinates": [
          -115.1804,
          36.10124
        ]
      },
      "properties": {
        "id": "5234",
        "name": "Camera 5234",
        "m3u8_url": null,
        "snapshot_url": "https://www.nvroads.com/map/Cctv/5234"
      }
    },
    {
      "type": "Feature",
      "geometry": {
        "type": "Point",
        "coordinates": [
          -115.18105,
          36.11115
        ]
      },
      "properties": {
        "id": "5235",
        "name": "Camera 5235",
        "m3u8_url": null,
        "snapshot_url": "https://www.nvroads.com/map/Cctv/5235"
      }
    },
    {
      "type": "Feature",
      "geometry": {
        "type": "Point",
        "coordinates": [
          -119.89655,
          39.50925
        ]
      },
      "properties": {
        "id": "5236",
        "name": "Camera 5236",
        "m3u8_url": null,
        "snapshot_url": "https://www.nvroads.com/map/Cctv/5236"
      }
    },
    {
      "type": "Feature",
      "geometry": {
        "type": "Point",
        "coordinates": [
          -115.181,
          36.12193
        ]
      },
      "properties": {
        "id": "5237",
        "name": "Camera 5237",
        "m3u8_url": null,
        "snapshot_url": "https://www.nvroads.com/map/Cctv/5237"
      }
    },
    {
      "type": "Feature",
      "geometry": {
        "type": "Point",
        "coordinates": [
          -115.17641,
          36.13879
        ]
      },
      "properties": {
        "id": "5239",
        "name": "Camera 5239",
        "m3u8_url": null,
        "snapshot_url": "https://www.nvroads.com/map/Cctv/5239"
      }
    },
    {
      "type": "Feature",
      "geometry": {
        "type": "Point",
        "coordinates": [
          -115.16545,
          36.15136
        ]
      },
      "properties": {
        "id": "5240",
        "name": "Camera 5240",
        "m3u8_url": null,
        "snapshot_url": "https://www.nvroads.com/map/Cctv/5240"
      }
    },
    {
      "type": "Feature",
      "geometry": {
        "type": "Point",
        "coordinates": [
          -115.16164,
          36.16268
        ]
      },
      "properties": {
        "id": "5241",
        "name": "Camera 5241",
        "m3u8_url": null,
        "snapshot_url": "https://www.nvroads.com/map/Cctv/5241"
      }
    },
    {
      "type": "Feature",
      "geometry": {
        "type": "Point",
        "coordinates": [
          -115.22369,
          36.15907
        ]
      },
      "properties": {
        "id": "5242",
        "name": "Camera 5242",
        "m3u8_url": null,
        "snapshot_url": "https://www.nvroads.com/map/Cctv/5242"
      }
    },
    {
      "type": "Feature",
      "geometry": {
        "type": "Point",
        "coordinates": [
          -115.28056,
          36.15923
        ]
      },
      "properties": {
        "id": "5243",
        "name": "Camera 5243",
        "m3u8_url": null,
        "snapshot_url": "https://www.nvroads.com/map/Cctv/5243"
      }
    },
    {
      "type": "Feature",
      "geometry": {
        "type": "Point",
        "coordinates": [
          -115.28528,
          36.29934
        ]
      },
      "properties": {
        "id": "5244",
        "name": "Camera 5244",
        "m3u8_url": null,
        "snapshot_url": "https://www.nvroads.com/map/Cctv/5244"
      }
    },
    {
      "type": "Feature",
      "geometry": {
        "type": "Point",
        "coordinates": [
          -115.13847,
          36.19567
        ]
      },
      "properties": {
        "id": "5245",
        "name": "Camera 5245",
        "m3u8_url": null,
        "snapshot_url": "https://www.nvroads.com/map/Cctv/5245"
      }
    },
    {
      "type": "Feature",
      "geometry": {
        "type": "Point",
        "coordinates": [
          -115.09924,
          36.1673
        ]
      },
      "properties": {
        "id": "5246",
        "name": "Camera 5246",
        "m3u8_url": null,
        "snapshot_url": "https://www.nvroads.com/map/Cctv/5246"
      }
    },
    {
      "type": "Feature",
      "geometry": {
        "type": "Point",
        "coordinates": [
          -115.29167,
          36.15924
        ]
      },
      "properties": {
        "id": "5247",
        "name": "Camera 5247",
        "m3u8_url": null,
        "snapshot_url": "https://www.nvroads.com/map/Cctv/5247"
      }
    },
    {
      "type": "Feature",
      "geometry": {
        "type": "Point",
        "coordinates": [
          -115.3143,
          36.15912
        ]
      },
      "properties": {
        "id": "5248",
        "name": "Camera 5248",
        "m3u8_url": null,
        "snapshot_url": "https://www.nvroads.com/map/Cctv/5248"
      }
    },
    {
      "type": "Feature",
      "geometry": {
        "type": "Point",
        "coordinates": [
          -115.32291,
          36.15914
        ]
      },
      "properties": {
        "id": "5249",
        "name": "Camera 5249",
        "m3u8_url": null,
        "snapshot_url": "https://www.nvroads.com/map/Cctv/5249"
      }
    },
    {
      "type": "Feature",
      "geometry": {
        "type": "Point",
        "coordinates": [
          -115.15308,
          36.17385
        ]
      },
      "properties": {
        "id": "5250",
        "name": "Camera 5250",
        "m3u8_url": null,
        "snapshot_url": "https://www.nvroads.com/map/Cctv/5250"
      }
    },
    {
      "type": "Feature",
      "geometry": {
        "type": "Point",
        "coordinates": [
          -115.33089,
          36.15924
        ]
      },
      "properties": {
        "id": "5251",
        "name": "Camera 5251",
        "m3u8_url": null,
        "snapshot_url": "https://www.nvroads.com/map/Cctv/5251"
      }
    },
    {
      "type": "Feature",
      "geometry": {
        "type": "Point",
        "coordinates": [
          -115.18214,
          36.06615
        ]
      },
      "properties": {
        "id": "5252",
        "name": "Camera 5252",
        "m3u8_url": null,
        "snapshot_url": "https://www.nvroads.com/map/Cctv/5252"
      }
    },
    {
      "type": "Feature",
      "geometry": {
        "type": "Point",
        "coordinates": [
          -115.20789,
          36.23903
        ]
      },
      "properties": {
        "id": "5253",
        "name": "Camera 5253",
        "m3u8_url": null,
        "snapshot_url": "https://www.nvroads.com/map/Cctv/5253"
      }
    },
    {
      "type": "Feature",
      "geometry": {
        "type": "Point",
        "coordinates": [
          -115.16167,
          36.23926
        ]
      },
      "properties": {
        "id": "5254",
        "name": "Camera 5254",
        "m3u8_url": null,
        "snapshot_url": "https://www.nvroads.com/map/Cctv/5254"
      }
    },
    {
      "type": "Feature",
      "geometry": {
        "type": "Point",
        "coordinates": [
          -115.16647,
          36.13146
        ]
      },
      "properties": {
        "id": "5255",
        "name": "Camera 5255",
        "m3u8_url": null,
        "snapshot_url": "https://www.nvroads.com/map/Cctv/5255"
      }
    },
    {
      "type": "Feature",
      "geometry": {
        "type": "Point",
        "coordinates": [
          -115.11707,
          36.24008
        ]
      },
      "properties": {
        "id": "5256",
        "name": "Camera 5256",
        "m3u8_url": null,
        "snapshot_url": "https://www.nvroads.com/map/Cctv/5256"
      }
    },
    {
      "type": "Feature",
      "geometry": {
        "type": "Point",
        "coordinates": [
          -115.26145,
          36.01995
        ]
      },
      "properties": {
        "id": "5257",
        "name": "Camera 5257",
        "m3u8_url": null,
        "snapshot_url": "https://www.nvroads.com/map/Cctv/5257"
      }
    },
    {
      "type": "Feature",
      "geometry": {
        "type": "Point",
        "coordinates": [
          -115.16479,
          36.13077
        ]
      },
      "properties": {
        "id": "5258",
        "name": "Camera 5258",
        "m3u8_url": null,
        "snapshot_url": "https://www.nvroads.com/map/Cctv/5258"
      }
    },
    {
      "type": "Feature",
      "geometry": {
        "type": "Point",
        "coordinates": [
          -115.16497,
          36.13057
        ]
      },
      "properties": {
        "id": "5259",
        "name": "Camera 5259",
        "m3u8_url": null,
        "snapshot_url": "https://www.nvroads.com/map/Cctv/5259"
      }
    },
    {
      "type": "Feature",
      "geometry": {
        "type": "Point",
        "coordinates": [
          -115.16653,
          36.13124
        ]
      },
      "properties": {
        "id": "5260",
        "name": "Camera 5260",
        "m3u8_url": null,
        "snapshot_url": "https://www.nvroads.com/map/Cctv/5260"
      }
    },
    {
      "type": "Feature",
      "geometry": {
        "type": "Point",
        "coordinates": [
          -115.07991,
          36.22541
        ]
      },
      "properties": {
        "id": "5261",
        "name": "Camera 5261",
        "m3u8_url": null,
        "snapshot_url": "https://www.nvroads.com/map/Cctv/5261"
      }
    },
    {
      "type": "Feature",
      "geometry": {
        "type": "Point",
        "coordinates": [
          -114.06374,
          36.81208
        ]
      },
      "properties": {
        "id": "5262",
        "name": "Camera 5262",
        "m3u8_url": null,
        "snapshot_url": "https://www.nvroads.com/map/Cctv/5262"
      }
    },
    {
      "type": "Feature",
      "geometry": {
        "type": "Point",
        "coordinates": [
          -115.13436,
          36.18102
        ]
      },
      "properties": {
        "id": "5263",
        "name": "Camera 5263",
        "m3u8_url": null,
        "snapshot_url": "https://www.nvroads.com/map/Cctv/5263"
      }
    },
    {
      "type": "Feature",
      "geometry": {
        "type": "Point",
        "coordinates": [
          -119.91576,
          39.62526
        ]
      },
      "properties": {
        "id": "5264",
        "name": "Camera 5264",
        "m3u8_url": null,
        "snapshot_url": "https://www.nvroads.com/map/Cctv/5264"
      }
    },
    {
      "type": "Feature",
      "geometry": {
        "type": "Point",
        "coordinates": [
          -119.89967,
          39.31161
        ]
      },
      "properties": {
        "id": "5265",
        "name": "Camera 5265",
        "m3u8_url": null,
        "snapshot_url": "https://www.nvroads.com/map/Cctv/5265"
      }
    },
    {
      "type": "Feature",
      "geometry": {
        "type": "Point",
        "coordinates": [
          -119.93504,
          39.2831
        ]
      },
      "properties": {
        "id": "5266",
        "name": "Camera 5266",
        "m3u8_url": null,
        "snapshot_url": "https://www.nvroads.com/map/Cctv/5266"
      }
    },
    {
      "type": "Feature",
      "geometry": {
        "type": "Point",
        "coordinates": [
          -119.94688,
          39.27421
        ]
      },
      "properties": {
        "id": "5267",
        "name": "Camera 5267",
        "m3u8_url": null,
        "snapshot_url": "https://www.nvroads.com/map/Cctv/5267"
      }
    },
    {
      "type": "Feature",
      "geometry": {
        "type": "Point",
        "coordinates": [
          -118.7492,
          39.94036
        ]
      },
      "properties": {
        "id": "5268",
        "name": "Camera 5268",
        "m3u8_url": null,
        "snapshot_url": "https://www.nvroads.com/map/Cctv/5268"
      }
    },
    {
      "type": "Feature",
      "geometry": {
        "type": "Point",
        "coordinates": [
          -115.15814,
          36.15918
        ]
      },
      "properties": {
        "id": "5269",
        "name": "Camera 5269",
        "m3u8_url": null,
        "snapshot_url": "https://www.nvroads.com/map/Cctv/5269"
      }
    },
    {
      "type": "Feature",
      "geometry": {
        "type": "Point",
        "coordinates": [
          -115.24606,
          36.18703
        ]
      },
      "properties": {
        "id": "5270",
        "name": "Camera 5270",
        "m3u8_url": null,
        "snapshot_url": "https://www.nvroads.com/map/Cctv/5270"
      }
    },
    {
      "type": "Feature",
      "geometry": {
        "type": "Point",
        "coordinates": [
          -115.2433,
          36.1256
        ]
      },
      "properties": {
        "id": "5271",
        "name": "Camera 5271",
        "m3u8_url": null,
        "snapshot_url": "https://www.nvroads.com/map/Cctv/5271"
      }
    },
    {
      "type": "Feature",
      "geometry": {
        "type": "Point",
        "coordinates": [
          -117.298,
          39.4783
        ]
      },
      "properties": {
        "id": "5272",
        "name": "Camera 5272",
        "m3u8_url": null,
        "snapshot_url": "https://www.nvroads.com/map/Cctv/5272"
      }
    },
    {
      "type": "Feature",
      "geometry": {
        "type": "Point",
        "coordinates": [
          -115.22553,
          36.14452
        ]
      },
      "properties": {
        "id": "5273",
        "name": "Camera 5273",
        "m3u8_url": null,
        "snapshot_url": "https://www.nvroads.com/map/Cctv/5273"
      }
    },
    {
      "type": "Feature",
      "geometry": {
        "type": "Point",
        "coordinates": [
          -115.24636,
          36.22949
        ]
      },
      "properties": {
        "id": "5274",
        "name": "Camera 5274",
        "m3u8_url": null,
        "snapshot_url": "https://www.nvroads.com/map/Cctv/5274"
      }
    },
    {
      "type": "Feature",
      "geometry": {
        "type": "Point",
        "coordinates": [
          -115.17313,
          36.1441
        ]
      },
      "properties": {
        "id": "5275",
        "name": "Camera 5275",
        "m3u8_url": null,
        "snapshot_url": "https://www.nvroads.com/map/Cctv/5275"
      }
    },
    {
      "type": "Feature",
      "geometry": {
        "type": "Point",
        "coordinates": [
          -115.10441,
          35.99923
        ]
      },
      "properties": {
        "id": "5276",
        "name": "Camera 5276",
        "m3u8_url": null,
        "snapshot_url": "https://www.nvroads.com/map/Cctv/5276"
      }
    },
    {
      "type": "Feature",
      "geometry": {
        "type": "Point",
        "coordinates": [
          -115.24397,
          36.15896
        ]
      },
      "properties": {
        "id": "5277",
        "name": "Camera 5277",
        "m3u8_url": null,
        "snapshot_url": "https://www.nvroads.com/map/Cctv/5277"
      }
    },
    {
      "type": "Feature",
      "geometry": {
        "type": "Point",
        "coordinates": [
          -115.25551,
          36.26402
        ]
      },
      "properties": {
        "id": "5278",
        "name": "Camera 5278",
        "m3u8_url": null,
        "snapshot_url": "https://www.nvroads.com/map/Cctv/5278"
      }
    },
    {
      "type": "Feature",
      "geometry": {
        "type": "Point",
        "coordinates": [
          -115.24667,
          36.25526
        ]
      },
      "properties": {
        "id": "5279",
        "name": "Camera 5279",
        "m3u8_url": null,
        "snapshot_url": "https://www.nvroads.com/map/Cctv/5279"
      }
    },
    {
      "type": "Feature",
      "geometry": {
        "type": "Point",
        "coordinates": [
          -115.09138,
          36.13683
        ]
      },
      "properties": {
        "id": "5280",
        "name": "Camera 5280",
        "m3u8_url": null,
        "snapshot_url": "https://www.nvroads.com/map/Cctv/5280"
      }
    },
    {
      "type": "Feature",
      "geometry": {
        "type": "Point",
        "coordinates": [
          -115.15003,
          36.10125
        ]
      },
      "properties": {
        "id": "5281",
        "name": "Camera 5281",
        "m3u8_url": null,
        "snapshot_url": "https://www.nvroads.com/map/Cctv/5281"
      }
    },
    {
      "type": "Feature",
      "geometry": {
        "type": "Point",
        "coordinates": [
          -115.18235,
          35.96191
        ]
      },
      "properties": {
        "id": "5282",
        "name": "Camera 5282",
        "m3u8_url": null,
        "snapshot_url": "https://www.nvroads.com/map/Cctv/5282"
      }
    },
    {
      "type": "Feature",
      "geometry": {
        "type": "Point",
        "coordinates": [
          -115.11822,
          36.02265
        ]
      },
      "properties": {
        "id": "5283",
        "name": "Camera 5283",
        "m3u8_url": null,
        "snapshot_url": "https://www.nvroads.com/map/Cctv/5283"
      }
    },
    {
      "type": "Feature",
      "geometry": {
        "type": "Point",
        "coordinates": [
          -115.11664,
          36.19609
        ]
      },
      "properties": {
        "id": "5284",
        "name": "Camera 5284",
        "m3u8_url": null,
        "snapshot_url": "https://www.nvroads.com/map/Cctv/5284"
      }
    },
    {
      "type": "Feature",
      "geometry": {
        "type": "Point",
        "coordinates": [
          -115.2457,
          36.19572
        ]
      },
      "properties": {
        "id": "5285",
        "name": "Camera 5285",
        "m3u8_url": null,
        "snapshot_url": "https://www.nvroads.com/map/Cctv/5285"
      }
    },
    {
      "type": "Feature",
      "geometry": {
        "type": "Point",
        "coordinates": [
          -115.05499,
          36.24045
        ]
      },
      "properties": {
        "id": "5286",
        "name": "Camera 5286",
        "m3u8_url": null,
        "snapshot_url": "https://www.nvroads.com/map/Cctv/5286"
      }
    },
    {
      "type": "Feature",
      "geometry": {
        "type": "Point",
        "coordinates": [
          -115.04483,
          36.24631
        ]
      },
      "properties": {
        "id": "5287",
        "name": "Camera 5287",
        "m3u8_url": null,
        "snapshot_url": "https://www.nvroads.com/map/Cctv/5287"
      }
    },
    {
      "type": "Feature",
      "geometry": {
        "type": "Point",
        "coordinates": [
          -115.09274,
          36.2179
        ]
      },
      "properties": {
        "id": "5288",
        "name": "Camera 5288",
        "m3u8_url": null,
        "snapshot_url": "https://www.nvroads.com/map/Cctv/5288"
      }
    },
    {
      "type": "Feature",
      "geometry": {
        "type": "Point",
        "coordinates": [
          -115.2427,
          36.2071
        ]
      },
      "properties": {
        "id": "5289",
        "name": "Camera 5289",
        "m3u8_url": null,
        "snapshot_url": "https://www.nvroads.com/map/Cctv/5289"
      }
    },
    {
      "type": "Feature",
      "geometry": {
        "type": "Point",
        "coordinates": [
          -115.24791,
          36.21879
        ]
      },
      "properties": {
        "id": "5290",
        "name": "Camera 5290",
        "m3u8_url": null,
        "snapshot_url": "https://www.nvroads.com/map/Cctv/5290"
      }
    },
    {
      "type": "Feature",
      "geometry": {
        "type": "Point",
        "coordinates": [
          -115.14351,
          36.23934
        ]
      },
      "properties": {
        "id": "5291",
        "name": "Camera 5291",
        "m3u8_url": null,
        "snapshot_url": "https://www.nvroads.com/map/Cctv/5291"
      }
    },
    {
      "type": "Feature",
      "geometry": {
        "type": "Point",
        "coordinates": [
          -115.11836,
          36.02068
        ]
      },
      "properties": {
        "id": "5292",
        "name": "Camera 5292",
        "m3u8_url": null,
        "snapshot_url": "https://www.nvroads.com/map/Cctv/5292"
      }
    },
    {
      "type": "Feature",
      "geometry": {
        "type": "Point",
        "coordinates": [
          -114.8328,
          35.9885
        ]
      },
      "properties": {
        "id": "5293",
        "name": "Camera 5293",
        "m3u8_url": null,
        "snapshot_url": "https://www.nvroads.com/map/Cctv/5293"
      }
    },
    {
      "type": "Feature",
      "geometry": {
        "type": "Point",
        "coordinates": [
          -115.17767,
          36.10874
        ]
      },
      "properties": {
        "id": "5294",
        "name": "Camera 5294",
        "m3u8_url": null,
        "snapshot_url": "https://www.nvroads.com/map/Cctv/5294"
      }
    },
    {
      "type": "Feature",
      "geometry": {
        "type": "Point",
        "coordinates": [
          -115.15547,
          36.14635
        ]
      },
      "properties": {
        "id": "5295",
        "name": "Camera 5295",
        "m3u8_url": null,
        "snapshot_url": "https://www.nvroads.com/map/Cctv/5295"
      }
    },
    {
      "type": "Feature",
      "geometry": {
        "type": "Point",
        "coordinates": [
          -115.243,
          36.181
        ]
      },
      "properties": {
        "id": "5296",
        "name": "Camera 5296",
        "m3u8_url": null,
        "snapshot_url": "https://www.nvroads.com/map/Cctv/5296"
      }
    },
    {
      "type": "Feature",
      "geometry": {
        "type": "Point",
        "coordinates": [
          -115.15894,
          36.14187
        ]
      },
      "properties": {
        "id": "5297",
        "name": "Camera 5297",
        "m3u8_url": null,
        "snapshot_url": "https://www.nvroads.com/map/Cctv/5297"
      }
    },
    {
      "type": "Feature",
      "geometry": {
        "type": "Point",
        "coordinates": [
          -115.16753,
          36.12778
        ]
      },
      "properties": {
        "id": "5298",
        "name": "Camera 5298",
        "m3u8_url": null,
        "snapshot_url": "https://www.nvroads.com/map/Cctv/5298"
      }
    },
    {
      "type": "Feature",
      "geometry": {
        "type": "Point",
        "coordinates": [
          -115.16815,
          36.12765
        ]
      },
      "properties": {
        "id": "5299",
        "name": "Camera 5299",
        "m3u8_url": null,
        "snapshot_url": "https://www.nvroads.com/map/Cctv/5299"
      }
    },
    {
      "type": "Feature",
      "geometry": {
        "type": "Point",
        "coordinates": [
          -115.17266,
          36.10403
        ]
      },
      "properties": {
        "id": "5300",
        "name": "Camera 5300",
        "m3u8_url": null,
        "snapshot_url": "https://www.nvroads.com/map/Cctv/5300"
      }
    },
    {
      "type": "Feature",
      "geometry": {
        "type": "Point",
        "coordinates": [
          -115.17306,
          36.10376
        ]
      },
      "properties": {
        "id": "5301",
        "name": "Camera 5301",
        "m3u8_url": null,
        "snapshot_url": "https://www.nvroads.com/map/Cctv/5301"
      }
    },
    {
      "type": "Feature",
      "geometry": {
        "type": "Point",
        "coordinates": [
          -115.15587,
          36.17402
        ]
      },
      "properties": {
        "id": "5302",
        "name": "Camera 5302",
        "m3u8_url": null,
        "snapshot_url": "https://www.nvroads.com/map/Cctv/5302"
      }
    },
    {
      "type": "Feature",
      "geometry": {
        "type": "Point",
        "coordinates": [
          -115.15566,
          36.17421
        ]
      },
      "properties": {
        "id": "5303",
        "name": "Camera 5303",
        "m3u8_url": null,
        "snapshot_url": "https://www.nvroads.com/map/Cctv/5303"
      }
    },
    {
      "type": "Feature",
      "geometry": {
        "type": "Point",
        "coordinates": [
          -115.15324,
          36.17609
        ]
      },
      "properties": {
        "id": "5304",
        "name": "Camera 5304",
        "m3u8_url": null,
        "snapshot_url": "https://www.nvroads.com/map/Cctv/5304"
      }
    },
    {
      "type": "Feature",
      "geometry": {
        "type": "Point",
        "coordinates": [
          -115.1449,
          36.18077
        ]
      },
      "properties": {
        "id": "5305",
        "name": "Camera 5305",
        "m3u8_url": null,
        "snapshot_url": "https://www.nvroads.com/map/Cctv/5305"
      }
    },
    {
      "type": "Feature",
      "geometry": {
        "type": "Point",
        "coordinates": [
          -115.14362,
          36.18822
        ]
      },
      "properties": {
        "id": "5306",
        "name": "Camera 5306",
        "m3u8_url": null,
        "snapshot_url": "https://www.nvroads.com/map/Cctv/5306"
      }
    },
    {
      "type": "Feature",
      "geometry": {
        "type": "Point",
        "coordinates": [
          -115.20078,
          36.17433
        ]
      },
      "properties": {
        "id": "5307",
        "name": "Camera 5307",
        "m3u8_url": null,
        "snapshot_url": "https://www.nvroads.com/map/Cctv/5307"
      }
    },
    {
      "type": "Feature",
      "geometry": {
        "type": "Point",
        "coordinates": [
          -115.20561,
          36.17301
        ]
      },
      "properties": {
        "id": "5308",
        "name": "Camera 5308",
        "m3u8_url": null,
        "snapshot_url": "https://www.nvroads.com/map/Cctv/5308"
      }
    },
    {
      "type": "Feature",
      "geometry": {
        "type": "Point",
        "coordinates": [
          -115.14654,
          36.17579
        ]
      },
      "properties": {
        "id": "5309",
        "name": "Camera 5309",
        "m3u8_url": null,
        "snapshot_url": "https://www.nvroads.com/map/Cctv/5309"
      }
    },
    {
      "type": "Feature",
      "geometry": {
        "type": "Point",
        "coordinates": [
          -115.14664,
          36.17535
        ]
      },
      "properties": {
        "id": "5310",
        "name": "Camera 5310",
        "m3u8_url": null,
        "snapshot_url": "https://www.nvroads.com/map/Cctv/5310"
      }
    },
    {
      "type": "Feature",
      "geometry": {
        "type": "Point",
        "coordinates": [
          -115.21579,
          36.17429
        ]
      },
      "properties": {
        "id": "5311",
        "name": "Camera 5311",
        "m3u8_url": null,
        "snapshot_url": "https://www.nvroads.com/map/Cctv/5311"
      }
    },
    {
      "type": "Feature",
      "geometry": {
        "type": "Point",
        "coordinates": [
          -115.22437,
          36.17372
        ]
      },
      "properties": {
        "id": "5312",
        "name": "Camera 5312",
        "m3u8_url": null,
        "snapshot_url": "https://www.nvroads.com/map/Cctv/5312"
      }
    },
    {
      "type": "Feature",
      "geometry": {
        "type": "Point",
        "coordinates": [
          -115.2333,
          36.17397
        ]
      },
      "properties": {
        "id": "5313",
        "name": "Camera 5313",
        "m3u8_url": null,
        "snapshot_url": "https://www.nvroads.com/map/Cctv/5313"
      }
    },
    {
      "type": "Feature",
      "geometry": {
        "type": "Point",
        "coordinates": [
          -115.23962,
          36.17333
        ]
      },
      "properties": {
        "id": "5314",
        "name": "Camera 5314",
        "m3u8_url": null,
        "snapshot_url": "https://www.nvroads.com/map/Cctv/5314"
      }
    },
    {
      "type": "Feature",
      "geometry": {
        "type": "Point",
        "coordinates": [
          -115.1727,
          36.10675
        ]
      },
      "properties": {
        "id": "5315",
        "name": "Camera 5315",
        "m3u8_url": null,
        "snapshot_url": "https://www.nvroads.com/map/Cctv/5315"
      }
    },
    {
      "type": "Feature",
      "geometry": {
        "type": "Point",
        "coordinates": [
          -115.23264,
          36.23941
        ]
      },
      "properties": {
        "id": "5316",
        "name": "Camera 5316",
        "m3u8_url": null,
        "snapshot_url": "https://www.nvroads.com/map/Cctv/5316"
      }
    },
    {
      "type": "Feature",
      "geometry": {
        "type": "Point",
        "coordinates": [
          -115.1729,
          36.1744
        ]
      },
      "properties": {
        "id": "5317",
        "name": "Camera 5317",
        "m3u8_url": null,
        "snapshot_url": "https://www.nvroads.com/map/Cctv/5317"
      }
    },
    {
      "type": "Feature",
      "geometry": {
        "type": "Point",
        "coordinates": [
          -115.09866,
          36.19602
        ]
      },
      "properties": {
        "id": "5318",
        "name": "Camera 5318",
        "m3u8_url": null,
        "snapshot_url": "https://www.nvroads.com/map/Cctv/5318"
      }
    },
    {
      "type": "Feature",
      "geometry": {
        "type": "Point",
        "coordinates": [
          -115.29728,
          36.11096
        ]
      },
      "properties": {
        "id": "5319",
        "name": "Camera 5319",
        "m3u8_url": null,
        "snapshot_url": "https://www.nvroads.com/map/Cctv/5319"
      }
    },
    {
      "type": "Feature",
      "geometry": {
        "type": "Point",
        "coordinates": [
          -115.1826,
          36.175
        ]
      },
      "properties": {
        "id": "5320",
        "name": "Camera 5320",
        "m3u8_url": null,
        "snapshot_url": "https://www.nvroads.com/map/Cctv/5320"
      }
    },
    {
      "type": "Feature",
      "geometry": {
        "type": "Point",
        "coordinates": [
          -115.19281,
          36.17579
        ]
      },
      "properties": {
        "id": "5321",
        "name": "Camera 5321",
        "m3u8_url": null,
        "snapshot_url": "https://www.nvroads.com/map/Cctv/5321"
      }
    },
    {
      "type": "Feature",
      "geometry": {
        "type": "Point",
        "coordinates": [
          -115.173,
          36.10908
        ]
      },
      "properties": {
        "id": "5322",
        "name": "Camera 5322",
        "m3u8_url": null,
        "snapshot_url": "https://www.nvroads.com/map/Cctv/5322"
      }
    },
    {
      "type": "Feature",
      "geometry": {
        "type": "Point",
        "coordinates": [
          -119.81271,
          39.24041
        ]
      },
      "properties": {
        "id": "5323",
        "name": "Camera 5323",
        "m3u8_url": null,
        "snapshot_url": "https://www.nvroads.com/map/Cctv/5323"
      }
    },
    {
      "type": "Feature",
      "geometry": {
        "type": "Point",
        "coordinates": [
          -118.165,
          40.65135
        ]
      },
      "properties": {
        "id": "5324",
        "name": "Camera 5324",
        "m3u8_url": null,
        "snapshot_url": "https://www.nvroads.com/map/Cctv/5324"
      }
    },
    {
      "type": "Feature",
      "geometry": {
        "type": "Point",
        "coordinates": [
          -116.594,
          40.68638
        ]
      },
      "properties": {
        "id": "5325",
        "name": "Camera 5325",
        "m3u8_url": null,
        "snapshot_url": "https://www.nvroads.com/map/Cctv/5325"
      }
    },
    {
      "type": "Feature",
      "geometry": {
        "type": "Point",
        "coordinates": [
          -114.49773,
          37.65444
        ]
      },
      "properties": {
        "id": "5326",
        "name": "Camera 5326",
        "m3u8_url": null,
        "snapshot_url": "https://www.nvroads.com/map/Cctv/5326"
      }
    },
    {
      "type": "Feature",
      "geometry": {
        "type": "Point",
        "coordinates": [
          -119.70401,
          39.66608
        ]
      },
      "properties": {
        "id": "5327",
        "name": "Camera 5327",
        "m3u8_url": null,
        "snapshot_url": "https://www.nvroads.com/map/Cctv/5327"
      }
    },
    {
      "type": "Feature",
      "geometry": {
        "type": "Point",
        "coordinates": [
          -119.99825,
          39.49677
        ]
      },
      "properties": {
        "id": "5328",
        "name": "Camera 5328",
        "m3u8_url": null,
        "snapshot_url": "https://www.nvroads.com/map/Cctv/5328"
      }
    },
    {
      "type": "Feature",
      "geometry": {
        "type": "Point",
        "coordinates": [
          -118.32243,
          37.97781
        ]
      },
      "properties": {
        "id": "5329",
        "name": "Camera 5329",
        "m3u8_url": null,
        "snapshot_url": "https://www.nvroads.com/map/Cctv/5329"
      }
    },
    {
      "type": "Feature",
      "geometry": {
        "type": "Point",
        "coordinates": [
          -115.15833,
          36.17083
        ]
      },
      "properties": {
        "id": "5330",
        "name": "Camera 5330",
        "m3u8_url": null,
        "snapshot_url": "https://www.nvroads.com/map/Cctv/5330"
      }
    },
    {
      "type": "Feature",
      "geometry": {
        "type": "Point",
        "coordinates": [
          -116.75703,
          36.91034
        ]
      },
      "properties": {
        "id": "5331",
        "name": "Camera 5331",
        "m3u8_url": null,
        "snapshot_url": "https://www.nvroads.com/map/Cctv/5331"
      }
    },
    {
      "type": "Feature",
      "geometry": {
        "type": "Point",
        "coordinates": [
          -117.2296,
          37.68243
        ]
      },
      "properties": {
        "id": "5332",
        "name": "Camera 5332",
        "m3u8_url": null,
        "snapshot_url": "https://www.nvroads.com/map/Cctv/5332"
      }
    },
    {
      "type": "Feature",
      "geometry": {
        "type": "Point",
        "coordinates": [
          -119.74531,
          39.57669
        ]
      },
      "properties": {
        "id": "5333",
        "name": "Camera 5333",
        "m3u8_url": null,
        "snapshot_url": "https://www.nvroads.com/map/Cctv/5333"
      }
    },
    {
      "type": "Feature",
      "geometry": {
        "type": "Point",
        "coordinates": [
          -119.74353,
          39.5832
        ]
      },
      "properties": {
        "id": "5334",
        "name": "Camera 5334",
        "m3u8_url": null,
        "snapshot_url": "https://www.nvroads.com/map/Cctv/5334"
      }
    },
    {
      "type": "Feature",
      "geometry": {
        "type": "Point",
        "coordinates": [
          -119.73904,
          39.59369
        ]
      },
      "properties": {
        "id": "5335",
        "name": "Camera 5335",
        "m3u8_url": null,
        "snapshot_url": "https://www.nvroads.com/map/Cctv/5335"
      }
    },
    {
      "type": "Feature",
      "geometry": {
        "type": "Point",
        "coordinates": [
          -115.1721,
          36.05714
        ]
      },
      "properties": {
        "id": "5336",
        "name": "Camera 5336",
        "m3u8_url": null,
        "snapshot_url": "https://www.nvroads.com/map/Cctv/5336"
      }
    },
    {
      "type": "Feature",
      "geometry": {
        "type": "Point",
        "coordinates": [
          -115.51627,
          36.27574
        ]
      },
      "properties": {
        "id": "5337",
        "name": "Camera 5337",
        "m3u8_url": null,
        "snapshot_url": "https://www.nvroads.com/map/Cctv/5337"
      }
    },
    {
      "type": "Feature",
      "geometry": {
        "type": "Point",
        "coordinates": [
          -117.2162,
          38.05355
        ]
      },
      "properties": {
        "id": "5338",
        "name": "Camera 5338",
        "m3u8_url": null,
        "snapshot_url": "https://www.nvroads.com/map/Cctv/5338"
      }
    },
    {
      "type": "Feature",
      "geometry": {
        "type": "Point",
        "coordinates": [
          -114.547,
          39.01003
        ]
      },
      "properties": {
        "id": "5339",
        "name": "Camera 5339",
        "m3u8_url": null,
        "snapshot_url": "https://www.nvroads.com/map/Cctv/5339"
      }
    },
    {
      "type": "Feature",
      "geometry": {
        "type": "Point",
        "coordinates": [
          -115.65147,
          40.77875
        ]
      },
      "properties": {
        "id": "5340",
        "name": "Camera 5340",
        "m3u8_url": null,
        "snapshot_url": "https://www.nvroads.com/map/Cctv/5340"
      }
    },
    {
      "type": "Feature",
      "geometry": {
        "type": "Point",
        "coordinates": [
          -115.68146,
          40.78612
        ]
      },
      "properties": {
        "id": "5341",
        "name": "Camera 5341",
        "m3u8_url": null,
        "snapshot_url": "https://www.nvroads.com/map/Cctv/5341"
      }
    },
    {
      "type": "Feature",
      "geometry": {
        "type": "Point",
        "coordinates": [
          -116.08346,
          40.72556
        ]
      },
      "properties": {
        "id": "5342",
        "name": "Camera 5342",
        "m3u8_url": null,
        "snapshot_url": "https://www.nvroads.com/map/Cctv/5342"
      }
    }
  ]
}
