{
  "type": "FeatureCollection",
  "metadata": {
    "source": "COtrip",
    "graphqlUrl": "https://maps.cotrip.org/api/graphql",
    "arcgisPortalItemId": "eb36e5e27cc04604b3fa32529bb34a79",
    "featureCount": 807,
    "generatedAt": "2026-03-12T00:22:15Z",
    "note": "Video cameras only. Snapshot URLs and public HLS playlist URLs are included in properties."
  },
  "features": [
    {
      "type": "Feature",
      "geometry": null,
      "properties": {
        "id": "270E00240CAM1RP1",
        "title": "I-270 MP 002.40 EB at Vasquez Blvd",
        "snapshotUrl": "https://cocam.carsprogram.org/Snapshots/270E00240CAM1RP1.flv.png",
        "streamUrl": "https://publicstreamer2.cotrip.org:443/rtplive/270E00240CAM1RP1/playlist.m3u8",
        "cameraCode": "270E00240CAM1RP1",
        "source": "COtrip",
        "state": "Colorado",
        "graphqlUri": "camera/135706/904407584",
        "graphqlParentUri": "camera/135706",
        "routeDesignator": "I-270",
        "lastUpdatedTimestamp": 1773274775000
      }
    },
    {
      "type": "Feature",
      "geometry": null,
      "properties": {
        "id": "270E00050CAM1RP1",
        "title": "I-270 MP 000.50 EB at York St",
        "snapshotUrl": "https://cocam.carsprogram.org/Snapshots/270E00050CAM1RP1.flv.png",
        "streamUrl": "https://publicstreamer2.cotrip.org:443/rtplive/270E00050CAM1RP1/playlist.m3u8",
        "cameraCode": "270E00050CAM1RP1",
        "source": "COtrip",
        "state": "Colorado",
        "graphqlUri": "camera/135729/1182228168",
        "graphqlParentUri": "camera/135729",
        "routeDesignator": "I-270",
        "lastUpdatedTimestamp": 1773274785000
      }
    },
    {
      "type": "Feature",
      "geometry": null,
      "properties": {
        "id": "270W00395CAM1MED",
        "title": "I-270 MP 003.95 WB : 0.7 miles W of Quebec St",
        "snapshotUrl": "https://cocam.carsprogram.org/Snapshots/270W00395CAM1MED.flv.png",
        "streamUrl": "https://publicstreamer2.cotrip.org:443/rtplive/270W00395CAM1MED/playlist.m3u8",
        "cameraCode": "270W00395CAM1MED",
        "source": "COtrip",
        "state": "Colorado",
        "graphqlUri": "camera/135749/2294084700",
        "graphqlParentUri": "camera/135749",
        "routeDesignator": "I-270",
        "lastUpdatedTimestamp": 1773274545000
      }
    },
    {
      "type": "Feature",
      "geometry": null,
      "properties": {
        "id": "225N01050CAM1RP1",
        "title": "I-225 MP 010.50 NB : 0.7 miles N of E Colfax Ave",
        "snapshotUrl": "https://cocam.carsprogram.org/Snapshots/225N01050CAM1RP1.flv.png",
        "streamUrl": "https://publicstreamer2.cotrip.org:443/rtplive/225N01050CAM1RP1/playlist.m3u8",
        "cameraCode": "225N01050CAM1RP1",
        "source": "COtrip",
        "state": "Colorado",
        "graphqlUri": "camera/135683/2813163101",
        "graphqlParentUri": "camera/135683",
        "routeDesignator": "I-225",
        "lastUpdatedTimestamp": 1773274542000
      }
    },
    {
      "type": "Feature",
      "geometry": null,
      "properties": {
        "id": "225S01010CAM1RP2",
        "title": "I-225 MP 010.10 SB : 0.1 miles N of E Colfax Ave",
        "snapshotUrl": "https://cocam.carsprogram.org/Snapshots/225S01010CAM1RP2.flv.png",
        "streamUrl": "https://publicstreamer1.cotrip.org:443/rtplive/225S01010CAM1RP2/playlist.m3u8",
        "cameraCode": "225S01010CAM1RP2",
        "source": "COtrip",
        "state": "Colorado",
        "graphqlUri": "camera/136283/431908802",
        "graphqlParentUri": "camera/136283",
        "routeDesignator": "I-225",
        "lastUpdatedTimestamp": 1773274716000
      }
    },
    {
      "type": "Feature",
      "geometry": null,
      "properties": {
        "id": "225S00995CAM1NWC",
        "title": "I-225 MP 009.95 SB at E Colfax Ave",
        "snapshotUrl": "https://cocam.carsprogram.org/Snapshots/225S00995CAM1NWC.flv.png",
        "streamUrl": "https://publicstreamer2.cotrip.org:443/rtplive/225S00995CAM1NWC/playlist.m3u8",
        "cameraCode": "225S00995CAM1NWC",
        "source": "COtrip",
        "state": "Colorado",
        "graphqlUri": "camera/135776/2759773630",
        "graphqlParentUri": "camera/135776",
        "routeDesignator": "I-225",
        "lastUpdatedTimestamp": 1773274770000
      }
    },
    {
      "type": "Feature",
      "geometry": null,
      "properties": {
        "id": "225S00895CAM1SWC",
        "title": "I-225 MP 008.95 SB at E 6th Ave",
        "snapshotUrl": "https://cocam.carsprogram.org/Snapshots/225S00895CAM1SWC.flv.png",
        "streamUrl": "https://publicstreamer3.cotrip.org:443/rtplive/225S00895CAM1SWC/playlist.m3u8",
        "cameraCode": "225S00895CAM1SWC",
        "source": "COtrip",
        "state": "Colorado",
        "graphqlUri": "camera/135960/4291792778",
        "graphqlParentUri": "camera/135960",
        "routeDesignator": "I-225",
        "lastUpdatedTimestamp": 1773274696000
      }
    },
    {
      "type": "Feature",
      "geometry": null,
      "properties": {
        "id": "225S00845CAM1RHS",
        "title": "I-225 MP 008.45 SB : 0.7 miles N of E Alameda Ave",
        "snapshotUrl": "https://cocam.carsprogram.org/Snapshots/225S00845CAM1RHS.flv.png",
        "streamUrl": "https://publicstreamer2.cotrip.org:443/rtplive/225S00845CAM1RHS/playlist.m3u8",
        "cameraCode": "225S00845CAM1RHS",
        "source": "COtrip",
        "state": "Colorado",
        "graphqlUri": "camera/135728/831973619",
        "graphqlParentUri": "camera/135728",
        "routeDesignator": "I-225",
        "lastUpdatedTimestamp": 1773274785000
      }
    },
    {
      "type": "Feature",
      "geometry": null,
      "properties": {
        "id": "225N00780CAM1GP2",
        "title": "I-225 MP 007.80 NB : 0.1 miles S of E Alameda Ave",
        "snapshotUrl": "https://cocam.carsprogram.org/Snapshots/225N00780CAM1GP2.flv.png",
        "streamUrl": "https://publicstreamer2.cotrip.org:443/rtplive/225N00780CAM1GP2/playlist.m3u8",
        "cameraCode": "225N00780CAM1GP2",
        "source": "COtrip",
        "state": "Colorado",
        "graphqlUri": "camera/135673/2418833459",
        "graphqlParentUri": "camera/135673",
        "routeDesignator": "I-225",
        "lastUpdatedTimestamp": 1773274537000
      }
    },
    {
      "type": "Feature",
      "geometry": null,
      "properties": {
        "id": "225N00695CAM1RP1",
        "title": "I-225 MP 006.95 NB at E Mississippi Ave",
        "snapshotUrl": "https://cocam.carsprogram.org/Snapshots/225N00695CAM1RP1.flv.png",
        "streamUrl": "https://publicstreamer1.cotrip.org:443/rtplive/225N00695CAM1RP1/playlist.m3u8",
        "cameraCode": "225N00695CAM1RP1",
        "source": "COtrip",
        "state": "Colorado",
        "graphqlUri": "camera/136366/2275781118",
        "graphqlParentUri": "camera/136366",
        "routeDesignator": "I-225",
        "lastUpdatedTimestamp": 1773274725000
      }
    },
    {
      "type": "Feature",
      "geometry": null,
      "properties": {
        "id": "225S00635CAM1GP2",
        "title": "I-225 MP 006.35 SB : 0.7 miles S of E Mississippi Ave",
        "snapshotUrl": "https://cocam.carsprogram.org/Snapshots/225S00635CAM1GP2.flv.png",
        "streamUrl": "https://publicstreamer4.cotrip.org:443/rtplive/225S00635CAM1GP2/playlist.m3u8",
        "cameraCode": "225S00635CAM1GP2",
        "source": "COtrip",
        "state": "Colorado",
        "graphqlUri": "camera/136063/1481676683",
        "graphqlParentUri": "camera/136063",
        "routeDesignator": "I-225",
        "lastUpdatedTimestamp": 1773274744000
      }
    },
    {
      "type": "Feature",
      "geometry": null,
      "properties": {
        "id": "225N00535CAM1RP1",
        "title": "I-225 MP 005.35 NB at E Iliff Ave",
        "snapshotUrl": "https://cocam.carsprogram.org/Snapshots/225N00535CAM1RP1.flv.png",
        "streamUrl": "https://publicstreamer1.cotrip.org:443/rtplive/225N00535CAM1RP1/playlist.m3u8",
        "cameraCode": "225N00535CAM1RP1",
        "source": "COtrip",
        "state": "Colorado",
        "graphqlUri": "camera/136369/1388948566",
        "graphqlParentUri": "camera/136369",
        "routeDesignator": "I-225",
        "lastUpdatedTimestamp": 1773274726000
      }
    },
    {
      "type": "Feature",
      "geometry": null,
      "properties": {
        "id": "225S00485CAM1RHS",
        "title": "I-225 MP 004.85 SB : 0.1 miles S of E Yale Ave",
        "snapshotUrl": "https://cocam.carsprogram.org/Snapshots/225S00485CAM1RHS.flv.png",
        "streamUrl": "https://publicstreamer1.cotrip.org:443/rtplive/225S00485CAM1RHS/playlist.m3u8",
        "cameraCode": "225S00485CAM1RHS",
        "source": "COtrip",
        "state": "Colorado",
        "graphqlUri": "camera/136300/1144564728",
        "graphqlParentUri": "camera/136300",
        "routeDesignator": "I-225",
        "lastUpdatedTimestamp": 1773274723000
      }
    },
    {
      "type": "Feature",
      "geometry": null,
      "properties": {
        "id": "225S00425CAM1RHS",
        "title": "I-225 MP 004.25 SB : 0.3 miles N of S Parker Rd/CO 83",
        "snapshotUrl": "https://cocam.carsprogram.org/Snapshots/225S00425CAM1RHS.flv.png",
        "streamUrl": "https://publicstreamer2.cotrip.org:443/rtplive/225S00425CAM1RHS/playlist.m3u8",
        "cameraCode": "225S00425CAM1RHS",
        "source": "COtrip",
        "state": "Colorado",
        "graphqlUri": "camera/135693/3865939161",
        "graphqlParentUri": "camera/135693",
        "routeDesignator": "I-225",
        "lastUpdatedTimestamp": 1773274547000
      }
    },
    {
      "type": "Feature",
      "geometry": null,
      "properties": {
        "id": "225N00400CAM1RHS",
        "title": "I-225 MP 004.00 NB at S Parker Rd/CO 83",
        "snapshotUrl": "https://cocam.carsprogram.org/Snapshots/225N00400CAM1RHS.flv.png",
        "streamUrl": "https://publicstreamer2.cotrip.org:443/rtplive/225N00400CAM1RHS/playlist.m3u8",
        "cameraCode": "225N00400CAM1RHS",
        "source": "COtrip",
        "state": "Colorado",
        "graphqlUri": "camera/135666/3547551896",
        "graphqlParentUri": "camera/135666",
        "routeDesignator": "I-225",
        "lastUpdatedTimestamp": 1773274805000
      }
    },
    {
      "type": "Feature",
      "geometry": null,
      "properties": {
        "id": "225S00355CAM1RP2",
        "title": "I-225 MP 003.55 SB : 0.4 miles S of S Parker Rd/CO 83",
        "snapshotUrl": "https://cocam.carsprogram.org/Snapshots/225S00355CAM1RP2.flv.png",
        "streamUrl": "https://publicstreamer2.cotrip.org:443/rtplive/225S00355CAM1RP2/playlist.m3u8",
        "cameraCode": "225S00355CAM1RP2",
        "source": "COtrip",
        "state": "Colorado",
        "graphqlUri": "camera/135653/697725187",
        "graphqlParentUri": "camera/135653",
        "routeDesignator": "I-225",
        "lastUpdatedTimestamp": 1773274799000
      }
    },
    {
      "type": "Feature",
      "geometry": null,
      "properties": {
        "id": "225N00230CAM1GP4",
        "title": "I-225 MP 002.30 NB : 1.2 miles N of S Yosemite St",
        "snapshotUrl": "https://cocam.carsprogram.org/Snapshots/225N00230CAM1GP4.flv.png",
        "streamUrl": "https://publicstreamer1.cotrip.org:443/rtplive/225N00230CAM1GP4/playlist.m3u8",
        "cameraCode": "225N00230CAM1GP4",
        "source": "COtrip",
        "state": "Colorado",
        "graphqlUri": "camera/136365/2591085397",
        "graphqlParentUri": "camera/136365",
        "routeDesignator": "I-225",
        "lastUpdatedTimestamp": 1773274724000
      }
    },
    {
      "type": "Feature",
      "geometry": null,
      "properties": {
        "id": "225S00230CAM1RHS",
        "title": "I-225 MP 002.30 SB : .9 miles N of S Yosemite St",
        "snapshotUrl": "https://cocam.carsprogram.org/Snapshots/225S00230CAM1RHS.flv.png",
        "streamUrl": "https://publicstreamer2.cotrip.org:443/rtplive/225S00230CAM1RHS/playlist.m3u8",
        "cameraCode": "225S00230CAM1RHS",
        "source": "COtrip",
        "state": "Colorado",
        "graphqlUri": "camera/135664/1108557874",
        "graphqlParentUri": "camera/135664",
        "routeDesignator": "I-225",
        "lastUpdatedTimestamp": 1773274804000
      }
    },
    {
      "type": "Feature",
      "geometry": null,
      "properties": {
        "id": "225N00140CAM1RP1",
        "title": "I-225 MP 001.40 NB at S Yosemite St and NB I-225 Ramps",
        "snapshotUrl": "https://cocam.carsprogram.org/Snapshots/225N00140CAM1RP1.flv.png",
        "streamUrl": "https://publicstreamer2.cotrip.org:443/rtplive/225N00140CAM1RP1/playlist.m3u8",
        "cameraCode": "225N00140CAM1RP1",
        "source": "COtrip",
        "state": "Colorado",
        "graphqlUri": "camera/135702/2828584001",
        "graphqlParentUri": "camera/135702",
        "routeDesignator": "I-225",
        "lastUpdatedTimestamp": 1773274773000
      }
    },
    {
      "type": "Feature",
      "geometry": null,
      "properties": {
        "id": "225S00080CAM1RHS",
        "title": "I-225 MP 000.80 SB at DTC Blvd",
        "snapshotUrl": "https://cocam.carsprogram.org/Snapshots/225S00080CAM1RHS.flv.png",
        "streamUrl": "https://publicstreamer2.cotrip.org:443/rtplive/225S00080CAM1RHS/playlist.m3u8",
        "cameraCode": "225S00080CAM1RHS",
        "source": "COtrip",
        "state": "Colorado",
        "graphqlUri": "camera/135691/1483362740",
        "graphqlParentUri": "camera/135691",
        "routeDesignator": "I-225",
        "lastUpdatedTimestamp": 1773274547000
      }
    },
    {
      "type": "Feature",
      "geometry": null,
      "properties": {
        "id": "225S00025CAM1GP2",
        "title": "I-225 MP 000.25 SB : SB I-225 Ramp to SB I-25",
        "snapshotUrl": "https://cocam.carsprogram.org/Snapshots/225S00025CAM1GP2.flv.png",
        "streamUrl": "https://publicstreamer1.cotrip.org:443/rtplive/225S00025CAM1GP2/playlist.m3u8",
        "cameraCode": "225S00025CAM1GP2",
        "source": "COtrip",
        "state": "Colorado",
        "graphqlUri": "camera/136364/84859964",
        "graphqlParentUri": "camera/136364",
        "routeDesignator": "I-225",
        "lastUpdatedTimestamp": 1773274724000
      }
    },
    {
      "type": "Feature",
      "geometry": null,
      "properties": {
        "id": "225S00015CAM2RHS",
        "title": "I-225 MP 000.15 SB (2) : SB I-225 Ramp to SB I-25",
        "snapshotUrl": "https://cocam.carsprogram.org/Snapshots/225S00015CAM2RHS.flv.png",
        "streamUrl": "https://publicstreamer3.cotrip.org:443/rtplive/225S00015CAM2RHS/playlist.m3u8",
        "cameraCode": "225S00015CAM2RHS",
        "source": "COtrip",
        "state": "Colorado",
        "graphqlUri": "camera/135864/3627024940",
        "graphqlParentUri": "camera/135864",
        "routeDesignator": "I-225",
        "lastUpdatedTimestamp": 1773274520000
      }
    },
    {
      "type": "Feature",
      "geometry": null,
      "properties": {
        "id": "225S00015CAM1RHS",
        "title": "I-225 MP 000.15 SB (1) : SB I-225 Ramp to SB I-25",
        "snapshotUrl": "https://cocam.carsprogram.org/Snapshots/225S00015CAM1RHS.flv.png",
        "streamUrl": "https://publicstreamer4.cotrip.org:443/rtplive/225S00015CAM1RHS/playlist.m3u8",
        "cameraCode": "225S00015CAM1RHS",
        "source": "COtrip",
        "state": "Colorado",
        "graphqlUri": "camera/136116/3075391023",
        "graphqlParentUri": "camera/136116",
        "routeDesignator": "I-225",
        "lastUpdatedTimestamp": 1773274757000
      }
    },
    {
      "type": "Feature",
      "geometry": null,
      "properties": {
        "id": "225S00010CAM1RHS",
        "title": "I-225 MP 000.10 SB (1) : SB I-225 Ramp to SB I-25",
        "snapshotUrl": "https://cocam.carsprogram.org/Snapshots/225S00010CAM1RHS.flv.png",
        "streamUrl": "https://publicstreamer4.cotrip.org:443/rtplive/225S00010CAM1RHS/playlist.m3u8",
        "cameraCode": "225S00010CAM1RHS",
        "source": "COtrip",
        "state": "Colorado",
        "graphqlUri": "camera/136062/2317120234",
        "graphqlParentUri": "camera/136062",
        "routeDesignator": "I-225",
        "lastUpdatedTimestamp": 1773274744000
      }
    },
    {
      "type": "Feature",
      "geometry": null,
      "properties": {
        "id": "225S00010CAM2RHS",
        "title": "I-225 MP 000.10 SB (2) : SB I-225 Ramp to SB I-25",
        "snapshotUrl": "https://cocam.carsprogram.org/Snapshots/225S00010CAM2RHS.flv.png",
        "streamUrl": "https://publicstreamer4.cotrip.org:443/rtplive/225S00010CAM2RHS/playlist.m3u8",
        "cameraCode": "225S00010CAM2RHS",
        "source": "COtrip",
        "state": "Colorado",
        "graphqlUri": "camera/136060/311767657",
        "graphqlParentUri": "camera/136060",
        "routeDesignator": "I-225",
        "lastUpdatedTimestamp": 1773274743000
      }
    },
    {
      "type": "Feature",
      "geometry": null,
      "properties": {
        "id": "076W11620CAM1RHS",
        "title": "I-76 MP 116.20 WB : 1.0 mile E of CR 63 in Atwood",
        "snapshotUrl": "https://cocam.carsprogram.org/Snapshots/076W11620CAM1RHS.flv.png",
        "streamUrl": "https://publicstreamer3.cotrip.org:443/rtplive/076W11620CAM1RHS/playlist.m3u8",
        "cameraCode": "076W11620CAM1RHS",
        "source": "COtrip",
        "state": "Colorado",
        "graphqlUri": "camera/136018/4076693395",
        "graphqlParentUri": "camera/136018",
        "routeDesignator": "I-76",
        "lastUpdatedTimestamp": 1773274783000
      }
    },
    {
      "type": "Feature",
      "geometry": null,
      "properties": {
        "id": "076W11525CAM1RHS",
        "title": "I-76 MP 115.25 WB at CO 63 in Atwood",
        "snapshotUrl": "https://cocam.carsprogram.org/Snapshots/076W11525CAM1RHS.flv.png",
        "streamUrl": "https://publicstreamer1.cotrip.org:443/rtplive/076W11525CAM1RHS/playlist.m3u8",
        "cameraCode": "076W11525CAM1RHS",
        "source": "COtrip",
        "state": "Colorado",
        "graphqlUri": "camera/136514/4205753129",
        "graphqlParentUri": "camera/136514",
        "routeDesignator": "I-76",
        "lastUpdatedTimestamp": 1773274724000
      }
    },
    {
      "type": "Feature",
      "geometry": null,
      "properties": {
        "id": "076E10795CAM1RHS",
        "title": "I-76 MP 107.95 EB : 5.8 miles E of CR Q in Merino",
        "snapshotUrl": "https://cocam.carsprogram.org/Snapshots/076E10795CAM1RHS.flv.png",
        "streamUrl": "https://publicstreamer3.cotrip.org:443/rtplive/076E10795CAM1RHS/playlist.m3u8",
        "cameraCode": "076E10795CAM1RHS",
        "source": "COtrip",
        "state": "Colorado",
        "graphqlUri": "camera/136004/2065787152",
        "graphqlParentUri": "camera/136004",
        "routeDesignator": "I-76",
        "lastUpdatedTimestamp": 1773274771000
      }
    },
    {
      "type": "Feature",
      "geometry": null,
      "properties": {
        "id": "076E10135CAM1RHS",
        "title": "I-76 MP 101.35 EB : 0.8 miles W of CR Q",
        "snapshotUrl": "https://cocam.carsprogram.org/Snapshots/076E10135CAM1RHS.flv.png",
        "streamUrl": "https://publicstreamer3.cotrip.org:443/rtplive/076E10135CAM1RHS/playlist.m3u8",
        "cameraCode": "076E10135CAM1RHS",
        "source": "COtrip",
        "state": "Colorado",
        "graphqlUri": "camera/136027/3645887326",
        "graphqlParentUri": "camera/136027",
        "routeDesignator": "I-76",
        "lastUpdatedTimestamp": 1773274790000
      }
    },
    {
      "type": "Feature",
      "geometry": null,
      "properties": {
        "id": "076W09540CAM1MED",
        "title": "I-76 MP 095.40 WB at CR 33 in Hillrose",
        "snapshotUrl": "https://cocam.carsprogram.org/Snapshots/076W09540CAM1MED.flv.png",
        "streamUrl": "https://publicstreamer3.cotrip.org:443/rtplive/076W09540CAM1MED/playlist.m3u8",
        "cameraCode": "076W09540CAM1MED",
        "source": "COtrip",
        "state": "Colorado",
        "graphqlUri": "camera/136003/2945324887",
        "graphqlParentUri": "camera/136003",
        "routeDesignator": "I-76",
        "lastUpdatedTimestamp": 1773274771000
      }
    },
    {
      "type": "Feature",
      "geometry": null,
      "properties": {
        "id": "076E09170CAM1RHS",
        "title": "I-76 MP 091.70 EB at US 6/US 34/I-76BUS in Brush",
        "snapshotUrl": "https://cocam.carsprogram.org/Snapshots/076E09170CAM1RHS.flv.png",
        "streamUrl": "https://publicstreamer1.cotrip.org:443/rtplive/076E09170CAM1RHS/playlist.m3u8",
        "cameraCode": "076E09170CAM1RHS",
        "source": "COtrip",
        "state": "Colorado",
        "graphqlUri": "camera/136519/1779771735",
        "graphqlParentUri": "camera/136519",
        "routeDesignator": "I-76",
        "lastUpdatedTimestamp": 1773274727000
      }
    },
    {
      "type": "Feature",
      "geometry": null,
      "properties": {
        "id": "076W08870CAM1MED",
        "title": "I-76 MP 088.70 WB at Hospital Rd/CR 27 in Brush",
        "snapshotUrl": "https://cocam.carsprogram.org/Snapshots/076W08870CAM1MED.flv.png",
        "streamUrl": "https://publicstreamer1.cotrip.org:443/rtplive/076W08870CAM1MED/playlist.m3u8",
        "cameraCode": "076W08870CAM1MED",
        "source": "COtrip",
        "state": "Colorado",
        "graphqlUri": "camera/136512/149260036",
        "graphqlParentUri": "camera/136512",
        "routeDesignator": "I-76",
        "lastUpdatedTimestamp": 1773274724000
      }
    },
    {
      "type": "Feature",
      "geometry": null,
      "properties": {
        "id": "076W08650CAM1RHS",
        "title": "I-76 MP 086.50 WB : 0.8 miles E of CR 24 in Brush",
        "snapshotUrl": "https://cocam.carsprogram.org/Snapshots/076W08650CAM1RHS.flv.png",
        "streamUrl": "https://publicstreamer3.cotrip.org:443/rtplive/076W08650CAM1RHS/playlist.m3u8",
        "cameraCode": "076W08650CAM1RHS",
        "source": "COtrip",
        "state": "Colorado",
        "graphqlUri": "camera/136026/1842318397",
        "graphqlParentUri": "camera/136026",
        "routeDesignator": "I-76",
        "lastUpdatedTimestamp": 1773274789000
      }
    },
    {
      "type": "Feature",
      "geometry": null,
      "properties": {
        "id": "076E08165CAM1MED",
        "title": "I-76 MP 081.65 EB at Barlow Rd in Fort Morgan",
        "snapshotUrl": "https://cocam.carsprogram.org/Snapshots/076E08165CAM1MED.flv.png",
        "streamUrl": "https://publicstreamer3.cotrip.org:443/rtplive/076E08165CAM1MED/playlist.m3u8",
        "cameraCode": "076E08165CAM1MED",
        "source": "COtrip",
        "state": "Colorado",
        "graphqlUri": "camera/136002/2377737624",
        "graphqlParentUri": "camera/136002",
        "routeDesignator": "I-76",
        "lastUpdatedTimestamp": 1773274770000
      }
    },
    {
      "type": "Feature",
      "geometry": null,
      "properties": {
        "id": "076E08095CAM1RHS",
        "title": "I-76 MP 080.95 EB : 0.8 miles E of Main St/CO 52 in Fort Morgan",
        "snapshotUrl": "https://cocam.carsprogram.org/Snapshots/076E08095CAM1RHS.flv.png",
        "streamUrl": "https://publicstreamer3.cotrip.org:443/rtplive/076E08095CAM1RHS/playlist.m3u8",
        "cameraCode": "076E08095CAM1RHS",
        "source": "COtrip",
        "state": "Colorado",
        "graphqlUri": "camera/136017/903787062",
        "graphqlParentUri": "camera/136017",
        "routeDesignator": "I-76",
        "lastUpdatedTimestamp": 1773274782000
      }
    },
    {
      "type": "Feature",
      "geometry": null,
      "properties": {
        "id": "076E08010CAM1MED",
        "title": "I-76 MP 080.10 EB at CO 52/Main St in Fort Morgan",
        "snapshotUrl": "https://cocam.carsprogram.org/Snapshots/076E08010CAM1MED.flv.png",
        "streamUrl": "https://publicstreamer1.cotrip.org:443/rtplive/076E08010CAM1MED/playlist.m3u8",
        "cameraCode": "076E08010CAM1MED",
        "source": "COtrip",
        "state": "Colorado",
        "graphqlUri": "camera/136515/912350048",
        "graphqlParentUri": "camera/136515",
        "routeDesignator": "I-76",
        "lastUpdatedTimestamp": 1773274725000
      }
    },
    {
      "type": "Feature",
      "geometry": null,
      "properties": {
        "id": "076E07760CAM1MED",
        "title": "I-76 MP 077.60 EB : 1.8 miles E of US 34 in Fort Morgan",
        "snapshotUrl": "https://cocam.carsprogram.org/Snapshots/076E07760CAM1MED.flv.png",
        "streamUrl": "https://publicstreamer1.cotrip.org:443/rtplive/076E07760CAM1MED/playlist.m3u8",
        "cameraCode": "076E07760CAM1MED",
        "source": "COtrip",
        "state": "Colorado",
        "graphqlUri": "camera/136513/2894715964",
        "graphqlParentUri": "camera/136513",
        "routeDesignator": "I-76",
        "lastUpdatedTimestamp": 1773274724000
      }
    },
    {
      "type": "Feature",
      "geometry": null,
      "properties": {
        "id": "076E07570CAM1RHS",
        "title": "I-76 MP 075.70 EB at US 34 in Fort Morgan",
        "snapshotUrl": "https://cocam.carsprogram.org/Snapshots/076E07570CAM1RHS.flv.png",
        "streamUrl": "https://publicstreamer1.cotrip.org:443/rtplive/076E07570CAM1RHS/playlist.m3u8",
        "cameraCode": "076E07570CAM1RHS",
        "source": "COtrip",
        "state": "Colorado",
        "graphqlUri": "camera/136510/1033961093",
        "graphqlParentUri": "camera/136510",
        "routeDesignator": "I-76",
        "lastUpdatedTimestamp": 1773274723000
      }
    },
    {
      "type": "Feature",
      "geometry": null,
      "properties": {
        "id": "076E07450CAM1RP1",
        "title": "I-76 MP 074.50 EB : 1.3 miles E of Long Bridge Rd Port of Entry",
        "snapshotUrl": "https://cocam.carsprogram.org/Snapshots/076E07450CAM1RP1.flv.png",
        "streamUrl": "https://publicstreamer1.cotrip.org:443/rtplive/076E07450CAM1RP1/playlist.m3u8",
        "cameraCode": "076E07450CAM1RP1",
        "source": "COtrip",
        "state": "Colorado",
        "graphqlUri": "camera/136511/2337972929",
        "graphqlParentUri": "camera/136511",
        "routeDesignator": "I-76",
        "lastUpdatedTimestamp": 1773274723000
      }
    },
    {
      "type": "Feature",
      "geometry": null,
      "properties": {
        "id": "076W07315CAM1RHS",
        "title": "I-76 MP 073.15 WB at Long Bridge",
        "snapshotUrl": "https://cocam.carsprogram.org/Snapshots/076W07315CAM1RHS.flv.png",
        "streamUrl": "https://publicstreamer3.cotrip.org:443/rtplive/076W07315CAM1RHS/playlist.m3u8",
        "cameraCode": "076W07315CAM1RHS",
        "source": "COtrip",
        "state": "Colorado",
        "graphqlUri": "camera/136000/1324362806",
        "graphqlParentUri": "camera/136000",
        "routeDesignator": "I-76",
        "lastUpdatedTimestamp": 1773274769000
      }
    },
    {
      "type": "Feature",
      "geometry": null,
      "properties": {
        "id": "076W06860CAM1RHS",
        "title": "I-76 MP 068.60 WB : 2.5 miles E of CO 39/CO 52 on Frontage Rd",
        "snapshotUrl": "https://cocam.carsprogram.org/Snapshots/076W06860CAM1RHS.flv.png",
        "streamUrl": "https://publicstreamer3.cotrip.org:443/rtplive/076W06860CAM1RHS/playlist.m3u8",
        "cameraCode": "076W06860CAM1RHS",
        "source": "COtrip",
        "state": "Colorado",
        "graphqlUri": "camera/136001/1264176040",
        "graphqlParentUri": "camera/136001",
        "routeDesignator": "I-76",
        "lastUpdatedTimestamp": 1773274770000
      }
    },
    {
      "type": "Feature",
      "geometry": null,
      "properties": {
        "id": "076W05865CAM1RHS",
        "title": "I-76 MP 058.65 WB : 1.5 miles W of CR 36 in Wiggins",
        "snapshotUrl": "https://cocam.carsprogram.org/Snapshots/076W05865CAM1RHS.flv.png",
        "streamUrl": "https://publicstreamer1.cotrip.org:443/rtplive/076W05865CAM1RHS/playlist.m3u8",
        "cameraCode": "076W05865CAM1RHS",
        "source": "COtrip",
        "state": "Colorado",
        "graphqlUri": "camera/136383/3126056017",
        "graphqlParentUri": "camera/136383",
        "routeDesignator": "I-76",
        "lastUpdatedTimestamp": 1773274681000
      }
    },
    {
      "type": "Feature",
      "geometry": null,
      "properties": {
        "id": "076W04880CAM1RHS",
        "title": "I-76 MP 048.80 WB : 1.0 mile E of CR 73 in Roggen",
        "snapshotUrl": "https://cocam.carsprogram.org/Snapshots/076W04880CAM1RHS.flv.png",
        "streamUrl": "https://publicstreamer1.cotrip.org:443/rtplive/076W04880CAM1RHS/playlist.m3u8",
        "cameraCode": "076W04880CAM1RHS",
        "source": "COtrip",
        "state": "Colorado",
        "graphqlUri": "camera/136375/2783739874",
        "graphqlParentUri": "camera/136375",
        "routeDesignator": "I-76",
        "lastUpdatedTimestamp": 1773274677000
      }
    },
    {
      "type": "Feature",
      "geometry": null,
      "properties": {
        "id": "076E04720CAM1RHS",
        "title": "I-76 MP 047.20 EB : 0.8 miles W of CR 73 in Roggen",
        "snapshotUrl": "https://cocam.carsprogram.org/Snapshots/076E04720CAM1RHS.flv.png",
        "streamUrl": "https://publicstreamer1.cotrip.org:443/rtplive/076E04720CAM1RHS/playlist.m3u8",
        "cameraCode": "076E04720CAM1RHS",
        "source": "COtrip",
        "state": "Colorado",
        "graphqlUri": "camera/136376/2358765821",
        "graphqlParentUri": "camera/136376",
        "routeDesignator": "I-76",
        "lastUpdatedTimestamp": 1773274678000
      }
    },
    {
      "type": "Feature",
      "geometry": null,
      "properties": {
        "id": "076E03890CAM1MED",
        "title": "I-76 MP 038.90 EB at Market St in Keenesburg",
        "snapshotUrl": "https://cocam.carsprogram.org/Snapshots/076E03890CAM1MED.flv.png",
        "streamUrl": "https://publicstreamer1.cotrip.org:443/rtplive/076E03890CAM1MED/playlist.m3u8",
        "cameraCode": "076E03890CAM1MED",
        "source": "COtrip",
        "state": "Colorado",
        "graphqlUri": "camera/136373/4015456742",
        "graphqlParentUri": "camera/136373",
        "routeDesignator": "I-76",
        "lastUpdatedTimestamp": 1773274676000
      }
    },
    {
      "type": "Feature",
      "geometry": null,
      "properties": {
        "id": "076E03650CAM1RHS",
        "title": "I-76 MP 036.50 EB at CR 53 in Keenesburg",
        "snapshotUrl": "https://cocam.carsprogram.org/Snapshots/076E03650CAM1RHS.flv.png",
        "streamUrl": "https://publicstreamer2.cotrip.org:443/rtplive/076E03650CAM1RHS/playlist.m3u8",
        "cameraCode": "076E03650CAM1RHS",
        "source": "COtrip",
        "state": "Colorado",
        "graphqlUri": "camera/135730/1465583536",
        "graphqlParentUri": "camera/135730",
        "routeDesignator": "I-76",
        "lastUpdatedTimestamp": 1773274786000
      }
    },
    {
      "type": "Feature",
      "geometry": null,
      "properties": {
        "id": "076W03445CAM1MED",
        "title": "I-76 MP 034.45 WB at CR 49 in Hudson",
        "snapshotUrl": "https://cocam.carsprogram.org/Snapshots/076W03445CAM1MED.flv.png",
        "streamUrl": "https://publicstreamer4.cotrip.org:443/rtplive/076W03445CAM1MED/playlist.m3u8",
        "cameraCode": "076W03445CAM1MED",
        "source": "COtrip",
        "state": "Colorado",
        "graphqlUri": "camera/136059/1557558357",
        "graphqlParentUri": "camera/136059",
        "routeDesignator": "I-76",
        "lastUpdatedTimestamp": 1773274743000
      }
    },
    {
      "type": "Feature",
      "geometry": null,
      "properties": {
        "id": "076W03150CAM1RP1",
        "title": "I-76 MP 031.50 WB at Main St/CO 52 in Hudson",
        "snapshotUrl": "https://cocam.carsprogram.org/Snapshots/076W03150CAM1RP1.flv.png",
        "streamUrl": "https://publicstreamer4.cotrip.org:443/rtplive/076W03150CAM1RP1/playlist.m3u8",
        "cameraCode": "076W03150CAM1RP1",
        "source": "COtrip",
        "state": "Colorado",
        "graphqlUri": "camera/136133/3853686976",
        "graphqlParentUri": "camera/136133",
        "routeDesignator": "I-76",
        "lastUpdatedTimestamp": 1773274764000
      }
    },
    {
      "type": "Feature",
      "geometry": null,
      "properties": {
        "id": "076W02895CAM1RP1",
        "title": "I-76 MP 028.95 WB at CR 8",
        "snapshotUrl": "https://cocam.carsprogram.org/Snapshots/076W02895CAM1RP1.flv.png",
        "streamUrl": "https://publicstreamer2.cotrip.org:443/rtplive/076W02895CAM1RP1/playlist.m3u8",
        "cameraCode": "076W02895CAM1RP1",
        "source": "COtrip",
        "state": "Colorado",
        "graphqlUri": "camera/135703/1530275660",
        "graphqlParentUri": "camera/135703",
        "routeDesignator": "I-76",
        "lastUpdatedTimestamp": 1773274774000
      }
    },
    {
      "type": "Feature",
      "geometry": null,
      "properties": {
        "id": "076W02515CAM1RP1",
        "title": "I-76 MP 025.15 WB at E 168th Ave",
        "snapshotUrl": "https://cocam.carsprogram.org/Snapshots/076W02515CAM1RP1.flv.png",
        "streamUrl": "https://publicstreamer1.cotrip.org:443/rtplive/076W02515CAM1RP1/playlist.m3u8",
        "cameraCode": "076W02515CAM1RP1",
        "source": "COtrip",
        "state": "Colorado",
        "graphqlUri": "camera/136269/1330949044",
        "graphqlParentUri": "camera/136269",
        "routeDesignator": "I-76",
        "lastUpdatedTimestamp": 1773274710000
      }
    },
    {
      "type": "Feature",
      "geometry": null,
      "properties": {
        "id": "076W01975CAM1RP1",
        "title": "I-76 MP 019.75 WB at E 136th Ave",
        "snapshotUrl": "https://cocam.carsprogram.org/Snapshots/076W01975CAM1RP1.flv.png",
        "streamUrl": "https://publicstreamer4.cotrip.org:443/rtplive/076W01975CAM1RP1/playlist.m3u8",
        "cameraCode": "076W01975CAM1RP1",
        "source": "COtrip",
        "state": "Colorado",
        "graphqlUri": "camera/136121/1340851094",
        "graphqlParentUri": "camera/136121",
        "routeDesignator": "I-76",
        "lastUpdatedTimestamp": 1773274759000
      }
    },
    {
      "type": "Feature",
      "geometry": null,
      "properties": {
        "id": "076E01650CAM1RP1",
        "title": "I-76 MP 016.50 EB at Sable Blvd/CO 2",
        "snapshotUrl": "https://cocam.carsprogram.org/Snapshots/076E01650CAM1RP1.flv.png",
        "streamUrl": "https://publicstreamer3.cotrip.org:443/rtplive/076E01650CAM1RP1/playlist.m3u8",
        "cameraCode": "076E01650CAM1RP1",
        "source": "COtrip",
        "state": "Colorado",
        "graphqlUri": "camera/135887/245609447",
        "graphqlParentUri": "camera/135887",
        "routeDesignator": "I-76",
        "lastUpdatedTimestamp": 1773274715000
      }
    },
    {
      "type": "Feature",
      "geometry": null,
      "properties": {
        "id": "076W01110CAM1GP3",
        "title": "I-76 MP 011.10 WB : 0.6 miles W of E 96th Ave",
        "snapshotUrl": "https://cocam.carsprogram.org/Snapshots/076W01110CAM1GP3.flv.png",
        "streamUrl": "https://publicstreamer3.cotrip.org:443/rtplive/076W01110CAM1GP3/playlist.m3u8",
        "cameraCode": "076W01110CAM1GP3",
        "source": "COtrip",
        "state": "Colorado",
        "graphqlUri": "camera/135847/3856053953",
        "graphqlParentUri": "camera/135847",
        "routeDesignator": "I-76",
        "lastUpdatedTimestamp": 1773274513000
      }
    },
    {
      "type": "Feature",
      "geometry": null,
      "properties": {
        "id": "076E01045CAM1SEC",
        "title": "I-76 MP 010.45 EB at E 88th Ave and I-76 EB Ramp",
        "snapshotUrl": "https://cocam.carsprogram.org/Snapshots/076E01045CAM1SEC.flv.png",
        "streamUrl": "https://publicstreamer4.cotrip.org:443/rtplive/076E01045CAM1SEC/playlist.m3u8",
        "cameraCode": "076E01045CAM1SEC",
        "source": "COtrip",
        "state": "Colorado",
        "graphqlUri": "camera/136192/1789326365",
        "graphqlParentUri": "camera/136192",
        "routeDesignator": "I-76",
        "lastUpdatedTimestamp": 1773274750000
      }
    },
    {
      "type": "Feature",
      "geometry": null,
      "properties": {
        "id": "076E00945CAM1GP2",
        "title": "I-76 MP 009.45 EB at Vasquez Blvd/US 6",
        "snapshotUrl": "https://cocam.carsprogram.org/Snapshots/076E00945CAM1GP2.flv.png",
        "streamUrl": "https://publicstreamer4.cotrip.org:443/rtplive/076E00945CAM1GP2/playlist.m3u8",
        "cameraCode": "076E00945CAM1GP2",
        "source": "COtrip",
        "state": "Colorado",
        "graphqlUri": "camera/136139/2860498533",
        "graphqlParentUri": "camera/136139",
        "routeDesignator": "I-76",
        "lastUpdatedTimestamp": 1773274767000
      }
    },
    {
      "type": "Feature",
      "geometry": null,
      "properties": {
        "id": "076E00695CAM1RP1",
        "title": "I-76 MP 006.95 EB : EB I-270 Ramp to EB I-76",
        "snapshotUrl": "https://cocam.carsprogram.org/Snapshots/076E00695CAM1RP1.flv.png",
        "streamUrl": "https://publicstreamer3.cotrip.org:443/rtplive/076E00695CAM1RP1/playlist.m3u8",
        "cameraCode": "076E00695CAM1RP1",
        "source": "COtrip",
        "state": "Colorado",
        "graphqlUri": "camera/135882/1142568693",
        "graphqlParentUri": "camera/135882",
        "routeDesignator": "I-76",
        "lastUpdatedTimestamp": 1773274713000
      }
    },
    {
      "type": "Feature",
      "geometry": null,
      "properties": {
        "id": "076W00640CAM1RHS",
        "title": "I-76 MP 006.40 WB : 0.4 miles W of I-270",
        "snapshotUrl": "https://cocam.carsprogram.org/Snapshots/076W00640CAM1RHS.flv.png",
        "streamUrl": "https://publicstreamer4.cotrip.org:443/rtplive/076W00640CAM1RHS/playlist.m3u8",
        "cameraCode": "076W00640CAM1RHS",
        "source": "COtrip",
        "state": "Colorado",
        "graphqlUri": "camera/136122/2172600373",
        "graphqlParentUri": "camera/136122",
        "routeDesignator": "I-76",
        "lastUpdatedTimestamp": 1773274760000
      }
    },
    {
      "type": "Feature",
      "geometry": null,
      "properties": {
        "id": "076W00570CAM1RHS",
        "title": "I-76 MP 005.70 WB at I-25",
        "snapshotUrl": "https://cocam.carsprogram.org/Snapshots/076W00570CAM1RHS.flv.png",
        "streamUrl": "https://publicstreamer4.cotrip.org:443/rtplive/076W00570CAM1RHS/playlist.m3u8",
        "cameraCode": "076W00570CAM1RHS",
        "source": "COtrip",
        "state": "Colorado",
        "graphqlUri": "camera/136071/3384417282",
        "graphqlParentUri": "camera/136071",
        "routeDesignator": "I-76",
        "lastUpdatedTimestamp": 1773274748000
      }
    },
    {
      "type": "Feature",
      "geometry": null,
      "properties": {
        "id": "076W00440CAM1RHS",
        "title": "I-76 MP 004.40 WB at N Pecos St",
        "snapshotUrl": "https://cocam.carsprogram.org/Snapshots/076W00440CAM1RHS.flv.png",
        "streamUrl": "https://publicstreamer4.cotrip.org:443/rtplive/076W00440CAM1RHS/playlist.m3u8",
        "cameraCode": "076W00440CAM1RHS",
        "source": "COtrip",
        "state": "Colorado",
        "graphqlUri": "camera/136083/3783442368",
        "graphqlParentUri": "camera/136083",
        "routeDesignator": "I-76",
        "lastUpdatedTimestamp": 1773274753000
      }
    },
    {
      "type": "Feature",
      "geometry": null,
      "properties": {
        "id": "076W00320CAM1RHS",
        "title": "I-76 MP 003.20 WB at Federal Blvd/US 287",
        "snapshotUrl": "https://cocam.carsprogram.org/Snapshots/076W00320CAM1RHS.flv.png",
        "streamUrl": "https://publicstreamer1.cotrip.org:443/rtplive/076W00320CAM1RHS/playlist.m3u8",
        "cameraCode": "076W00320CAM1RHS",
        "source": "COtrip",
        "state": "Colorado",
        "graphqlUri": "camera/136333/3121357111",
        "graphqlParentUri": "camera/136333",
        "routeDesignator": "I-76",
        "lastUpdatedTimestamp": 1773274710000
      }
    },
    {
      "type": "Feature",
      "geometry": null,
      "properties": {
        "id": "076W00175CAM1RHS",
        "title": "I-76 MP 001.75 WB at Sheridan Blvd/CO 95",
        "snapshotUrl": "https://cocam.carsprogram.org/Snapshots/076W00175CAM1RHS.flv.png",
        "streamUrl": "https://publicstreamer2.cotrip.org:443/rtplive/076W00175CAM1RHS/playlist.m3u8",
        "cameraCode": "076W00175CAM1RHS",
        "source": "COtrip",
        "state": "Colorado",
        "graphqlUri": "camera/135704/948116861",
        "graphqlParentUri": "camera/135704",
        "routeDesignator": "I-76",
        "lastUpdatedTimestamp": 1773274774000
      }
    },
    {
      "type": "Feature",
      "geometry": null,
      "properties": {
        "id": "070E43845CAM1RP1",
        "title": "I-70 MP 438.45 EB : 0.2 miles E of Rose Ave in Burlington",
        "snapshotUrl": "https://cocam.carsprogram.org/Snapshots/070E43845CAM1RP1.flv.png",
        "streamUrl": "https://publicstreamer2.cotrip.org:443/rtplive/070E43845CAM1RP1/playlist.m3u8",
        "cameraCode": "070E43845CAM1RP1",
        "source": "COtrip",
        "state": "Colorado",
        "graphqlUri": "camera/135695/2219562954",
        "graphqlParentUri": "camera/135695",
        "routeDesignator": "I-70",
        "lastUpdatedTimestamp": 1773274770000
      }
    },
    {
      "type": "Feature",
      "geometry": null,
      "properties": {
        "id": "070W43680CAM1RP1",
        "title": "I-70 MP 436.80 WB at S Lincoln St/US 385 in Burlington",
        "snapshotUrl": "https://cocam.carsprogram.org/Snapshots/070W43680CAM1RP1.flv.png",
        "streamUrl": "https://publicstreamer3.cotrip.org:443/rtplive/070W43680CAM1RP1/playlist.m3u8",
        "cameraCode": "070W43680CAM1RP1",
        "source": "COtrip",
        "state": "Colorado",
        "graphqlUri": "camera/135897/130546257",
        "graphqlParentUri": "camera/135897",
        "routeDesignator": "I-70",
        "lastUpdatedTimestamp": 1773274721000
      }
    },
    {
      "type": "Feature",
      "geometry": null,
      "properties": {
        "id": "070E41985CAM1RHS",
        "title": "I-70 MP 419.85 EB : 0.5 miles E of Colorado Ave/Rd 30.5 in Stratton",
        "snapshotUrl": "https://cocam.carsprogram.org/Snapshots/070E41985CAM1RHS.flv.png",
        "streamUrl": "https://publicstreamer3.cotrip.org:443/rtplive/070E41985CAM1RHS/playlist.m3u8",
        "cameraCode": "070E41985CAM1RHS",
        "source": "COtrip",
        "state": "Colorado",
        "graphqlUri": "camera/135900/3846486230",
        "graphqlParentUri": "camera/135900",
        "routeDesignator": "I-70",
        "lastUpdatedTimestamp": 1773274722000
      }
    },
    {
      "type": "Feature",
      "geometry": null,
      "properties": {
        "id": "070E32865CAM1RHS",
        "title": "I-70 MP 328.65 EB : 0.3 miles E of Cedar St Deer Trail",
        "snapshotUrl": "https://cocam.carsprogram.org/Snapshots/070E32865CAM1RHS.flv.png",
        "streamUrl": "https://publicstreamer2.cotrip.org:443/rtplive/070E32865CAM1RHS/playlist.m3u8",
        "cameraCode": "070E32865CAM1RHS",
        "source": "COtrip",
        "state": "Colorado",
        "graphqlUri": "camera/135719/2505007887",
        "graphqlParentUri": "camera/135719",
        "routeDesignator": "I-70",
        "lastUpdatedTimestamp": 1773274780000
      }
    },
    {
      "type": "Feature",
      "geometry": null,
      "properties": {
        "id": "070W30930CAM1GP2",
        "title": "I-70 MP 309.30 WB : 0.9 miles W of Wagner St in Strasburg",
        "snapshotUrl": "https://cocam.carsprogram.org/Snapshots/070W30930CAM1GP2.flv.png",
        "streamUrl": "https://publicstreamer2.cotrip.org:443/rtplive/070W30930CAM1GP2/playlist.m3u8",
        "cameraCode": "070W30930CAM1GP2",
        "source": "COtrip",
        "state": "Colorado",
        "graphqlUri": "camera/135659/3689995561",
        "graphqlParentUri": "camera/135659",
        "routeDesignator": "I-70",
        "lastUpdatedTimestamp": 1773274802000
      }
    },
    {
      "type": "Feature",
      "geometry": null,
      "properties": {
        "id": "070W30435CAM1RP1",
        "title": "I-70 MP 304.35WB at S 1st St Bennett",
        "snapshotUrl": "https://cocam.carsprogram.org/Snapshots/070W30435CAM1RP1.flv.png",
        "streamUrl": "https://publicstreamer2.cotrip.org:443/rtplive/070W30435CAM1RP1/playlist.m3u8",
        "cameraCode": "070W30435CAM1RP1",
        "source": "COtrip",
        "state": "Colorado",
        "graphqlUri": "camera/135766/4052290372",
        "graphqlParentUri": "camera/135766",
        "routeDesignator": "I-70",
        "lastUpdatedTimestamp": 1773274765000
      }
    },
    {
      "type": "Feature",
      "geometry": null,
      "properties": {
        "id": "070E28915CAM1SWC",
        "title": "I-70 MP 289.15 EB at EB I-70 Ramp to E-470",
        "snapshotUrl": "https://cocam.carsprogram.org/Snapshots/070E28915CAM1SWC.flv.png",
        "streamUrl": "https://publicstreamer2.cotrip.org:443/rtplive/070E28915CAM1SWC/playlist.m3u8",
        "cameraCode": "070E28915CAM1SWC",
        "source": "COtrip",
        "state": "Colorado",
        "graphqlUri": "camera/135780/2094162362",
        "graphqlParentUri": "camera/135780",
        "routeDesignator": "I-70",
        "lastUpdatedTimestamp": 1773274771000
      }
    },
    {
      "type": "Feature",
      "geometry": null,
      "properties": {
        "id": "070E28355CAM1RP2",
        "title": "I-70 MP 283.55 EB at Pena Blvd Ramp",
        "snapshotUrl": "https://cocam.carsprogram.org/Snapshots/070E28355CAM1RP2.flv.png",
        "streamUrl": "https://publicstreamer2.cotrip.org:443/rtplive/070E28355CAM1RP2/playlist.m3u8",
        "cameraCode": "070E28355CAM1RP2",
        "source": "COtrip",
        "state": "Colorado",
        "graphqlUri": "camera/135783/1901649782",
        "graphqlParentUri": "camera/135783",
        "routeDesignator": "I-70",
        "lastUpdatedTimestamp": 1773274773000
      }
    },
    {
      "type": "Feature",
      "geometry": null,
      "properties": {
        "id": "070W28280CAM1RHS",
        "title": "I-70 MP 282.80 WB at I-225",
        "snapshotUrl": "https://cocam.carsprogram.org/Snapshots/070W28280CAM1RHS.flv.png",
        "streamUrl": "https://publicstreamer2.cotrip.org:443/rtplive/070W28280CAM1RHS/playlist.m3u8",
        "cameraCode": "070W28280CAM1RHS",
        "source": "COtrip",
        "state": "Colorado",
        "graphqlUri": "camera/135786/3610763124",
        "graphqlParentUri": "camera/135786",
        "routeDesignator": "I-70",
        "lastUpdatedTimestamp": 1773274774000
      }
    },
    {
      "type": "Feature",
      "geometry": null,
      "properties": {
        "id": "070W28220CAM1RHS",
        "title": "I-70 MP 282.20 WB : 0.4 miles W of I-225",
        "snapshotUrl": "https://cocam.carsprogram.org/Snapshots/070W28220CAM1RHS.flv.png",
        "streamUrl": "https://publicstreamer2.cotrip.org:443/rtplive/070W28220CAM1RHS/playlist.m3u8",
        "cameraCode": "070W28220CAM1RHS",
        "source": "COtrip",
        "state": "Colorado",
        "graphqlUri": "camera/135787/1267494619",
        "graphqlParentUri": "camera/135787",
        "routeDesignator": "I-70",
        "lastUpdatedTimestamp": 1773274774000
      }
    },
    {
      "type": "Feature",
      "geometry": null,
      "properties": {
        "id": "070E18110CAM1RHS",
        "title": "I-70 MP 181.10 EB : 0.8 miles E of Big Horn Rd in Vail",
        "snapshotUrl": "https://cocam.carsprogram.org/Snapshots/070E18110CAM1RHS.flv.png",
        "streamUrl": "https://publicstreamer2.cotrip.org:443/rtplive/070E18110CAM1RHS/playlist.m3u8",
        "cameraCode": "070E18110CAM1RHS",
        "source": "COtrip",
        "state": "Colorado",
        "graphqlUri": "camera/135835/4266402513",
        "graphqlParentUri": "camera/135835",
        "routeDesignator": "I-70",
        "lastUpdatedTimestamp": 1773274798000
      }
    },
    {
      "type": "Feature",
      "geometry": null,
      "properties": {
        "id": "070W26695CAM1MED",
        "title": "I-70 MP 266.95 WB : 0.4 miles W of Kipling St",
        "snapshotUrl": "https://cocam.carsprogram.org/Snapshots/070W26695CAM1MED.flv.png",
        "streamUrl": "https://publicstreamer2.cotrip.org:443/rtplive/070W26695CAM1MED/playlist.m3u8",
        "cameraCode": "070W26695CAM1MED",
        "source": "COtrip",
        "state": "Colorado",
        "graphqlUri": "camera/135655/535455767",
        "graphqlParentUri": "camera/135655",
        "routeDesignator": "I-70",
        "lastUpdatedTimestamp": 1773274800000
      }
    },
    {
      "type": "Feature",
      "geometry": null,
      "properties": {
        "id": "070W26165CAM1MED",
        "title": "I-70 MP 261.65 WB at W Colfax Ave",
        "snapshotUrl": "https://cocam.carsprogram.org/Snapshots/070W26165CAM1MED.flv.png",
        "streamUrl": "https://publicstreamer2.cotrip.org:443/rtplive/070W26165CAM1MED/playlist.m3u8",
        "cameraCode": "070W26165CAM1MED",
        "source": "COtrip",
        "state": "Colorado",
        "graphqlUri": "camera/135778/806826425",
        "graphqlParentUri": "camera/135778",
        "routeDesignator": "I-70",
        "lastUpdatedTimestamp": 1773274771000
      }
    },
    {
      "type": "Feature",
      "geometry": null,
      "properties": {
        "id": "070E26085CAM1RHS",
        "title": "I-70 MP 260.85 EB : 0.2 miles W of W 6th Ave",
        "snapshotUrl": "https://cocam.carsprogram.org/Snapshots/070E26085CAM1RHS.flv.png",
        "streamUrl": "https://publicstreamer2.cotrip.org:443/rtplive/070E26085CAM1RHS/playlist.m3u8",
        "cameraCode": "070E26085CAM1RHS",
        "source": "COtrip",
        "state": "Colorado",
        "graphqlUri": "camera/135748/3491672882",
        "graphqlParentUri": "camera/135748",
        "routeDesignator": "I-70",
        "lastUpdatedTimestamp": 1773274795000
      }
    },
    {
      "type": "Feature",
      "geometry": null,
      "properties": {
        "id": "070W25910CAM1MED",
        "title": "I-70 MP 259.10 WB : 0.3 miles E of US 40/CR 93 in Golden",
        "snapshotUrl": "https://cocam.carsprogram.org/Snapshots/070W25910CAM1MED.flv.png",
        "streamUrl": "https://publicstreamer2.cotrip.org:443/rtplive/070W25910CAM1MED/playlist.m3u8",
        "cameraCode": "070W25910CAM1MED",
        "source": "COtrip",
        "state": "Colorado",
        "graphqlUri": "camera/135652/2408405632",
        "graphqlParentUri": "camera/135652",
        "routeDesignator": "I-70",
        "lastUpdatedTimestamp": 1773274527000
      }
    },
    {
      "type": "Feature",
      "geometry": null,
      "properties": {
        "id": "070W25660CAM1RHS",
        "title": "I-70 MP 256.60 WB : 0.6 miles E of Lookout Mountain",
        "snapshotUrl": "https://cocam.carsprogram.org/Snapshots/070W25660CAM1RHS.flv.png",
        "streamUrl": "https://publicstreamer3.cotrip.org:443/rtplive/070W25660CAM1RHS/playlist.m3u8",
        "cameraCode": "070W25660CAM1RHS",
        "source": "COtrip",
        "state": "Colorado",
        "graphqlUri": "camera/135909/2475324853",
        "graphqlParentUri": "camera/135909",
        "routeDesignator": "I-70",
        "lastUpdatedTimestamp": 1773274726000
      }
    },
    {
      "type": "Feature",
      "geometry": null,
      "properties": {
        "id": "070E25395CAM1RHS",
        "title": "I-70 MP 253.95 EB : 0.4 miles E of Genesee Park",
        "snapshotUrl": "https://cocam.carsprogram.org/Snapshots/070E25395CAM1RHS.flv.png",
        "streamUrl": "https://publicstreamer2.cotrip.org:443/rtplive/070E25395CAM1RHS/playlist.m3u8",
        "cameraCode": "070E25395CAM1RHS",
        "source": "COtrip",
        "state": "Colorado",
        "graphqlUri": "camera/135680/3486990234",
        "graphqlParentUri": "camera/135680",
        "routeDesignator": "I-70",
        "lastUpdatedTimestamp": 1773274540000
      }
    },
    {
      "type": "Feature",
      "geometry": null,
      "properties": {
        "id": "070W25015CAM1GP2",
        "title": "I-70 MP 250.15 WB : 0.8 miles W of El Rancho in Evergreen",
        "snapshotUrl": "https://cocam.carsprogram.org/Snapshots/070W25015CAM1GP2.flv.png",
        "streamUrl": "https://publicstreamer2.cotrip.org:443/rtplive/070W25015CAM1GP2/playlist.m3u8",
        "cameraCode": "070W25015CAM1GP2",
        "source": "COtrip",
        "state": "Colorado",
        "graphqlUri": "camera/135677/1436330759",
        "graphqlParentUri": "camera/135677",
        "routeDesignator": "I-70",
        "lastUpdatedTimestamp": 1773274810000
      }
    },
    {
      "type": "Feature",
      "geometry": null,
      "properties": {
        "id": "070E23890CAM1RHS",
        "title": "I-70 MP 238.90 EB at Stanley Rd/CR 312 in Idaho Springs",
        "snapshotUrl": "https://cocam.carsprogram.org/Snapshots/070E23890CAM1RHS.flv.png",
        "streamUrl": "https://publicstreamer3.cotrip.org:443/rtplive/070E23890CAM1RHS/playlist.m3u8",
        "cameraCode": "070E23890CAM1RHS",
        "source": "COtrip",
        "state": "Colorado",
        "graphqlUri": "camera/135858/1701408761",
        "graphqlParentUri": "camera/135858",
        "routeDesignator": "I-70",
        "lastUpdatedTimestamp": 1773274517000
      }
    },
    {
      "type": "Feature",
      "geometry": null,
      "properties": {
        "id": "070W23850CAM1MED",
        "title": "I-70 MP 238.50 WB : 0.5 miles W of Stanley Rd/CR 312",
        "snapshotUrl": "https://cocam.carsprogram.org/Snapshots/070W23850CAM1MED.flv.png",
        "streamUrl": "https://publicstreamer3.cotrip.org:443/rtplive/070W23850CAM1MED/playlist.m3u8",
        "cameraCode": "070W23850CAM1MED",
        "source": "COtrip",
        "state": "Colorado",
        "graphqlUri": "camera/135852/3468012525",
        "graphqlParentUri": "camera/135852",
        "routeDesignator": "I-70",
        "lastUpdatedTimestamp": 1773274515000
      }
    },
    {
      "type": "Feature",
      "geometry": null,
      "properties": {
        "id": "070E23805CAM1MED",
        "title": "I-70 MP 238.05 EB : 0.3 miles E of Fall River Rd",
        "snapshotUrl": "https://cocam.carsprogram.org/Snapshots/070E23805CAM1MED.flv.png",
        "streamUrl": "https://publicstreamer2.cotrip.org:443/rtplive/070E23805CAM1MED/playlist.m3u8",
        "cameraCode": "070E23805CAM1MED",
        "source": "COtrip",
        "state": "Colorado",
        "graphqlUri": "camera/135745/2433611200",
        "graphqlParentUri": "camera/135745",
        "routeDesignator": "I-70",
        "lastUpdatedTimestamp": 1773274793000
      }
    },
    {
      "type": "Feature",
      "geometry": null,
      "properties": {
        "id": "070E23765CAM1RP1",
        "title": "I-70 MP 237.65 EB at Fall River Rd",
        "snapshotUrl": "https://cocam.carsprogram.org/Snapshots/070E23765CAM1RP1.flv.png",
        "streamUrl": "https://publicstreamer2.cotrip.org:443/rtplive/070E23765CAM1RP1/playlist.m3u8",
        "cameraCode": "070E23765CAM1RP1",
        "source": "COtrip",
        "state": "Colorado",
        "graphqlUri": "camera/135662/1577502137",
        "graphqlParentUri": "camera/135662",
        "routeDesignator": "I-70",
        "lastUpdatedTimestamp": 1773274803000
      }
    },
    {
      "type": "Feature",
      "geometry": null,
      "properties": {
        "id": "070E23725CAM1RHS",
        "title": "I-70 MP 237.25 EB : 0.4 miles W of Fall River Rd",
        "snapshotUrl": "https://cocam.carsprogram.org/Snapshots/070E23725CAM1RHS.flv.png",
        "streamUrl": "https://publicstreamer3.cotrip.org:443/rtplive/070E23725CAM1RHS/playlist.m3u8",
        "cameraCode": "070E23725CAM1RHS",
        "source": "COtrip",
        "state": "Colorado",
        "graphqlUri": "camera/135907/2678149144",
        "graphqlParentUri": "camera/135907",
        "routeDesignator": "I-70",
        "lastUpdatedTimestamp": 1773274725000
      }
    },
    {
      "type": "Feature",
      "geometry": null,
      "properties": {
        "id": "070E23655CAM1GP2",
        "title": "I-70 MP 236.55 EB : 1.1 miles W of Fall River Rd",
        "snapshotUrl": "https://cocam.carsprogram.org/Snapshots/070E23655CAM1GP2.flv.png",
        "streamUrl": "https://publicstreamer2.cotrip.org:443/rtplive/070E23655CAM1GP2/playlist.m3u8",
        "cameraCode": "070E23655CAM1GP2",
        "source": "COtrip",
        "state": "Colorado",
        "graphqlUri": "camera/135642/1824179354",
        "graphqlParentUri": "camera/135642",
        "routeDesignator": "I-70",
        "lastUpdatedTimestamp": 1773274794000
      }
    },
    {
      "type": "Feature",
      "geometry": null,
      "properties": {
        "id": "070E23175CAM1MED",
        "title": "I-70 MP 231.75 EB : 0.1 miles W of US 40",
        "snapshotUrl": "https://cocam.carsprogram.org/Snapshots/070E23175CAM1MED.flv.png",
        "streamUrl": "https://publicstreamer2.cotrip.org:443/rtplive/070E23175CAM1MED/playlist.m3u8",
        "cameraCode": "070E23175CAM1MED",
        "source": "COtrip",
        "state": "Colorado",
        "graphqlUri": "camera/135768/1651419991",
        "graphqlParentUri": "camera/135768",
        "routeDesignator": "I-70",
        "lastUpdatedTimestamp": 1773274766000
      }
    },
    {
      "type": "Feature",
      "geometry": null,
      "properties": {
        "id": "070W23365CAM1RHS",
        "title": "I-70 MP 233.65 WB : 0.7 miles W of Mountain St in Dumont",
        "snapshotUrl": "https://cocam.carsprogram.org/Snapshots/070W23365CAM1RHS.flv.png",
        "streamUrl": "https://publicstreamer2.cotrip.org:443/rtplive/070W23365CAM1RHS/playlist.m3u8",
        "cameraCode": "070W23365CAM1RHS",
        "source": "COtrip",
        "state": "Colorado",
        "graphqlUri": "camera/135658/3604815296",
        "graphqlParentUri": "camera/135658",
        "routeDesignator": "I-70",
        "lastUpdatedTimestamp": 1773274802000
      }
    },
    {
      "type": "Feature",
      "geometry": null,
      "properties": {
        "id": "070W23330CAM1RHS",
        "title": "I-70 MP 233.30 WB : 0.9 miles W of Mountain St in Dumont",
        "snapshotUrl": "https://cocam.carsprogram.org/Snapshots/070W23330CAM1RHS.flv.png",
        "streamUrl": "https://publicstreamer3.cotrip.org:443/rtplive/070W23330CAM1RHS/playlist.m3u8",
        "cameraCode": "070W23330CAM1RHS",
        "source": "COtrip",
        "state": "Colorado",
        "graphqlUri": "camera/135875/3732504046",
        "graphqlParentUri": "camera/135875",
        "routeDesignator": "I-70",
        "lastUpdatedTimestamp": 1773274710000
      }
    },
    {
      "type": "Feature",
      "geometry": null,
      "properties": {
        "id": "070E23190CAM1RHS",
        "title": "I-70 MP 231.90 EB at US 40",
        "snapshotUrl": "https://cocam.carsprogram.org/Snapshots/070E23190CAM1RHS.flv.png",
        "streamUrl": "https://publicstreamer2.cotrip.org:443/rtplive/070E23190CAM1RHS/playlist.m3u8",
        "cameraCode": "070E23190CAM1RHS",
        "source": "COtrip",
        "state": "Colorado",
        "graphqlUri": "camera/135641/4205647068",
        "graphqlParentUri": "camera/135641",
        "routeDesignator": "I-70",
        "lastUpdatedTimestamp": 1773274794000
      }
    },
    {
      "type": "Feature",
      "geometry": null,
      "properties": {
        "id": "070E23550CAM1ML1",
        "title": "I-70 MP 235.50 EB : 0.6 miles E of Stanley Rd in Dumont",
        "snapshotUrl": "https://cocam.carsprogram.org/Snapshots/070E23550CAM1ML1.flv.png",
        "streamUrl": "https://publicstreamer2.cotrip.org:443/rtplive/070E23550CAM1ML1/playlist.m3u8",
        "cameraCode": "070E23550CAM1ML1",
        "source": "COtrip",
        "state": "Colorado",
        "graphqlUri": "camera/135769/1447946723",
        "graphqlParentUri": "camera/135769",
        "routeDesignator": "I-70",
        "lastUpdatedTimestamp": 1773274767000
      }
    },
    {
      "type": "Feature",
      "geometry": null,
      "properties": {
        "id": "070W23125CAM1RHS",
        "title": "I-70 MP 231.25 WB : 0.6 miles W of US 40",
        "snapshotUrl": "https://cocam.carsprogram.org/Snapshots/070W23125CAM1RHS.flv.png",
        "streamUrl": "https://publicstreamer2.cotrip.org:443/rtplive/070W23125CAM1RHS/playlist.m3u8",
        "cameraCode": "070W23125CAM1RHS",
        "source": "COtrip",
        "state": "Colorado",
        "graphqlUri": "camera/135736/1536675655",
        "graphqlParentUri": "camera/135736",
        "routeDesignator": "I-70",
        "lastUpdatedTimestamp": 1773274788000
      }
    },
    {
      "type": "Feature",
      "geometry": null,
      "properties": {
        "id": "070E23045CAM1MED",
        "title": "I-70 MP 230.45 EB : 1.4 miles W of US 40",
        "snapshotUrl": "https://cocam.carsprogram.org/Snapshots/070E23045CAM1MED.flv.png",
        "streamUrl": "https://publicstreamer2.cotrip.org:443/rtplive/070E23045CAM1MED/playlist.m3u8",
        "cameraCode": "070E23045CAM1MED",
        "source": "COtrip",
        "state": "Colorado",
        "graphqlUri": "camera/135676/2577579985",
        "graphqlParentUri": "camera/135676",
        "routeDesignator": "I-70",
        "lastUpdatedTimestamp": 1773274809000
      }
    },
    {
      "type": "Feature",
      "geometry": null,
      "properties": {
        "id": "070W22960CAM1RHS",
        "title": "I-70 MP 229.60 WB : 1.7 miles E of 15th St in Georgetown",
        "snapshotUrl": "https://cocam.carsprogram.org/Snapshots/070W22960CAM1RHS.flv.png",
        "streamUrl": "https://publicstreamer3.cotrip.org:443/rtplive/070W22960CAM1RHS/playlist.m3u8",
        "cameraCode": "070W22960CAM1RHS",
        "source": "COtrip",
        "state": "Colorado",
        "graphqlUri": "camera/135889/1246432216",
        "graphqlParentUri": "camera/135889",
        "routeDesignator": "I-70",
        "lastUpdatedTimestamp": 1773274717000
      }
    },
    {
      "type": "Feature",
      "geometry": null,
      "properties": {
        "id": "070W22850CAM1RP1",
        "title": "I-70 MP 228.50 WB at Georgetown Truck Parking W",
        "snapshotUrl": "https://cocam.carsprogram.org/Snapshots/070W22850CAM1RP1.flv.png",
        "streamUrl": "https://publicstreamer2.cotrip.org:443/rtplive/070W22850CAM1RP1/playlist.m3u8",
        "cameraCode": "070W22850CAM1RP1",
        "source": "COtrip",
        "state": "Colorado",
        "graphqlUri": "camera/135718/4197558579",
        "graphqlParentUri": "camera/135718",
        "routeDesignator": "I-70",
        "lastUpdatedTimestamp": 1773274780000
      }
    },
    {
      "type": "Feature",
      "geometry": null,
      "properties": {
        "id": "070W22580CAM1RHS",
        "title": "I-70 MP 225.80 WB : 0.1 miles E of Woodward St in Silver Plume",
        "snapshotUrl": "https://cocam.carsprogram.org/Snapshots/070W22580CAM1RHS.flv.png",
        "streamUrl": "https://publicstreamer2.cotrip.org:443/rtplive/070W22580CAM1RHS/playlist.m3u8",
        "cameraCode": "070W22580CAM1RHS",
        "source": "COtrip",
        "state": "Colorado",
        "graphqlUri": "camera/135698/2948813343",
        "graphqlParentUri": "camera/135698",
        "routeDesignator": "I-70",
        "lastUpdatedTimestamp": 1773274772000
      }
    },
    {
      "type": "Feature",
      "geometry": null,
      "properties": {
        "id": "070W22550CAM1RHS",
        "title": "I-70 MP 225.50 WB : 0.2 miles W of Woodward St in Silver Plume",
        "snapshotUrl": "https://cocam.carsprogram.org/Snapshots/070W22550CAM1RHS.flv.png",
        "streamUrl": "https://publicstreamer2.cotrip.org:443/rtplive/070W22550CAM1RHS/playlist.m3u8",
        "cameraCode": "070W22550CAM1RHS",
        "source": "COtrip",
        "state": "Colorado",
        "graphqlUri": "camera/135649/3705044483",
        "graphqlParentUri": "camera/135649",
        "routeDesignator": "I-70",
        "lastUpdatedTimestamp": 1773274797000
      }
    },
    {
      "type": "Feature",
      "geometry": null,
      "properties": {
        "id": "070E22130CAM1RP1",
        "title": "I-70 MP 221.30 EB at Stevens Gulch Rd in Bakerville",
        "snapshotUrl": "https://cocam.carsprogram.org/Snapshots/070E22130CAM1RP1.flv.png",
        "streamUrl": "https://publicstreamer2.cotrip.org:443/rtplive/070E22130CAM1RP1/playlist.m3u8",
        "cameraCode": "070E22130CAM1RP1",
        "source": "COtrip",
        "state": "Colorado",
        "graphqlUri": "camera/135668/2222233528",
        "graphqlParentUri": "camera/135668",
        "routeDesignator": "I-70",
        "lastUpdatedTimestamp": 1773274535000
      }
    },
    {
      "type": "Feature",
      "geometry": null,
      "properties": {
        "id": "070W22045CAM1RHS",
        "title": "I-70 MP 220.45 WB : 0.9 miles W of Stevens Gulch Rd in Bakerville",
        "snapshotUrl": "https://cocam.carsprogram.org/Snapshots/070W22045CAM1RHS.flv.png",
        "streamUrl": "https://publicstreamer2.cotrip.org:443/rtplive/070W22045CAM1RHS/playlist.m3u8",
        "cameraCode": "070W22045CAM1RHS",
        "source": "COtrip",
        "state": "Colorado",
        "graphqlUri": "camera/135720/1506415329",
        "graphqlParentUri": "camera/135720",
        "routeDesignator": "I-70",
        "lastUpdatedTimestamp": 1773274781000
      }
    },
    {
      "type": "Feature",
      "geometry": null,
      "properties": {
        "id": "070E21660CAM1RHS-4",
        "title": "I-70 MP 216.60 EB : 0.4 miles E of US 6 Loveland Pass 4",
        "snapshotUrl": "/images/icon-camera-closed-fill-solid-padded.svg",
        "streamUrl": "https://publicstreamer3.cotrip.org:443/rtplive/070E21660CAM1RHS-4/playlist.m3u8",
        "cameraCode": "070E21660CAM1RHS-4",
        "source": "COtrip",
        "state": "Colorado",
        "graphqlUri": "camera/135857/2239823009",
        "graphqlParentUri": "camera/135857",
        "routeDesignator": "I-70",
        "lastUpdatedTimestamp": 1772889301000
      }
    },
    {
      "type": "Feature",
      "geometry": null,
      "properties": {
        "id": "070W21180CAM1RHS",
        "title": "I-70 MP 211.80 WB : 1.7 miles W of Eisenhower Tunnel",
        "snapshotUrl": "https://cocam.carsprogram.org/Snapshots/070W21180CAM1RHS.flv.png",
        "streamUrl": "https://publicstreamer2.cotrip.org:443/rtplive/070W21180CAM1RHS/playlist.m3u8",
        "cameraCode": "070W21180CAM1RHS",
        "source": "COtrip",
        "state": "Colorado",
        "graphqlUri": "camera/135688/3175241843",
        "graphqlParentUri": "camera/135688",
        "routeDesignator": "I-70",
        "lastUpdatedTimestamp": 1773274544000
      }
    },
    {
      "type": "Feature",
      "geometry": null,
      "properties": {
        "id": "070E21065CAM1RHS",
        "title": "I-70 MP 210.65 EB : 2.9 miles W of Eisenhower Tunnel",
        "snapshotUrl": "https://cocam.carsprogram.org/Snapshots/070E21065CAM1RHS.flv.png",
        "streamUrl": "https://publicstreamer3.cotrip.org:443/rtplive/070E21065CAM1RHS/playlist.m3u8",
        "cameraCode": "070E21065CAM1RHS",
        "source": "COtrip",
        "state": "Colorado",
        "graphqlUri": "camera/135883/1945602886",
        "graphqlParentUri": "camera/135883",
        "routeDesignator": "I-70",
        "lastUpdatedTimestamp": 1773274713000
      }
    },
    {
      "type": "Feature",
      "geometry": null,
      "properties": {
        "id": "070W20985CAM1RHS",
        "title": "I-70 MP 209.85 WB : 3.8 miles W of Eisenhower Tunnel",
        "snapshotUrl": "https://cocam.carsprogram.org/Snapshots/070W20985CAM1RHS.flv.png",
        "streamUrl": "https://publicstreamer2.cotrip.org:443/rtplive/070W20985CAM1RHS/playlist.m3u8",
        "cameraCode": "070W20985CAM1RHS",
        "source": "COtrip",
        "state": "Colorado",
        "graphqlUri": "camera/135671/4072852914",
        "graphqlParentUri": "camera/135671",
        "routeDesignator": "I-70",
        "lastUpdatedTimestamp": 1773274536000
      }
    },
    {
      "type": "Feature",
      "geometry": null,
      "properties": {
        "id": "070W20890CAM1RHS-2",
        "title": "I-70 MP 208.90 WB : 3.3 miles E of US 6/CO 9 2 in Silverthorne",
        "snapshotUrl": "https://cocam.carsprogram.org/Snapshots/070W20890CAM1RHS-2.flv.png",
        "streamUrl": "https://publicstreamer2.cotrip.org:443/rtplive/070W20890CAM1RHS-2/playlist.m3u8",
        "cameraCode": "070W20890CAM1RHS-2",
        "source": "COtrip",
        "state": "Colorado",
        "graphqlUri": "camera/135685/3655975543",
        "graphqlParentUri": "camera/135685",
        "routeDesignator": "I-70",
        "lastUpdatedTimestamp": 1773274543000
      }
    },
    {
      "type": "Feature",
      "geometry": null,
      "properties": {
        "id": "070W20890CAM2RHS",
        "title": "I-70 MP 208.90 WB : 3.3 miles E of US 6/CO 9 in Silverthorne",
        "snapshotUrl": "https://cocam.carsprogram.org/Snapshots/070W20890CAM2RHS.flv.png",
        "streamUrl": "https://publicstreamer3.cotrip.org:443/rtplive/070W20890CAM2RHS/playlist.m3u8",
        "cameraCode": "070W20890CAM2RHS",
        "source": "COtrip",
        "state": "Colorado",
        "graphqlUri": "camera/135837/16321573",
        "graphqlParentUri": "camera/135837",
        "routeDesignator": "I-70",
        "lastUpdatedTimestamp": 1773274507000
      }
    },
    {
      "type": "Feature",
      "geometry": null,
      "properties": {
        "id": "070W20890CAM1RHS-3",
        "title": "I-70 MP 208.90 WB : 3.3 miles E of US 6/CO 9 3 in Silverthorne",
        "snapshotUrl": "https://cocam.carsprogram.org/Snapshots/070W20890CAM1RHS-3.flv.png",
        "streamUrl": "https://publicstreamer3.cotrip.org:443/rtplive/070W20890CAM1RHS-3/playlist.m3u8",
        "cameraCode": "070W20890CAM1RHS-3",
        "source": "COtrip",
        "state": "Colorado",
        "graphqlUri": "camera/135903/1082116182",
        "graphqlParentUri": "camera/135903",
        "routeDesignator": "I-70",
        "lastUpdatedTimestamp": 1773274723000
      }
    },
    {
      "type": "Feature",
      "geometry": null,
      "properties": {
        "id": "070W20800CAM1RHS",
        "title": "I-70 MP 208.00 WB : 2.4 miles E of US 6/CO 9 in Silverthorne",
        "snapshotUrl": "https://cocam.carsprogram.org/Snapshots/070W20800CAM1RHS.flv.png",
        "streamUrl": "https://publicstreamer3.cotrip.org:443/rtplive/070W20800CAM1RHS/playlist.m3u8",
        "cameraCode": "070W20800CAM1RHS",
        "source": "COtrip",
        "state": "Colorado",
        "graphqlUri": "camera/135867/1284298730",
        "graphqlParentUri": "camera/135867",
        "routeDesignator": "I-70",
        "lastUpdatedTimestamp": 1773274706000
      }
    },
    {
      "type": "Feature",
      "geometry": null,
      "properties": {
        "id": "070W20705CAM1RHS",
        "title": "I-70 MP 207.05 WB : 1.6 miles E of US 6/CO 9 in Silverthorne",
        "snapshotUrl": "https://cocam.carsprogram.org/Snapshots/070W20705CAM1RHS.flv.png",
        "streamUrl": "https://publicstreamer3.cotrip.org:443/rtplive/070W20705CAM1RHS/playlist.m3u8",
        "cameraCode": "070W20705CAM1RHS",
        "source": "COtrip",
        "state": "Colorado",
        "graphqlUri": "camera/135898/3152223489",
        "graphqlParentUri": "camera/135898",
        "routeDesignator": "I-70",
        "lastUpdatedTimestamp": 1773274721000
      }
    },
    {
      "type": "Feature",
      "geometry": null,
      "properties": {
        "id": "070E20685CAM1MED",
        "title": "I-70 MP 206.85 EB : 1.4 miles E of US 6/CO 9 in Silverthorne",
        "snapshotUrl": "https://cocam.carsprogram.org/Snapshots/070E20685CAM1MED.flv.png",
        "streamUrl": "https://publicstreamer3.cotrip.org:443/rtplive/070E20685CAM1MED/playlist.m3u8",
        "cameraCode": "070E20685CAM1MED",
        "source": "COtrip",
        "state": "Colorado",
        "graphqlUri": "camera/135914/4261771672",
        "graphqlParentUri": "camera/135914",
        "routeDesignator": "I-70",
        "lastUpdatedTimestamp": 1773274728000
      }
    },
    {
      "type": "Feature",
      "geometry": null,
      "properties": {
        "id": "070W20575CAM1RHS",
        "title": "I-70 MP 205.75 WB : 0.3 miles E of US 6/CO 9 in Silverthorne",
        "snapshotUrl": "https://cocam.carsprogram.org/Snapshots/070W20575CAM1RHS.flv.png",
        "streamUrl": "https://publicstreamer2.cotrip.org:443/rtplive/070W20575CAM1RHS/playlist.m3u8",
        "cameraCode": "070W20575CAM1RHS",
        "source": "COtrip",
        "state": "Colorado",
        "graphqlUri": "camera/135732/1121203904",
        "graphqlParentUri": "camera/135732",
        "routeDesignator": "I-70",
        "lastUpdatedTimestamp": 1773274787000
      }
    },
    {
      "type": "Feature",
      "geometry": null,
      "properties": {
        "id": "070E20465CAM1GP2",
        "title": "I-70 MP 204.65 EB : 0.7 miles W of US 6/CO 9 in Silverthorne",
        "snapshotUrl": "https://cocam.carsprogram.org/Snapshots/070E20465CAM1GP2.flv.png",
        "streamUrl": "https://publicstreamer3.cotrip.org:443/rtplive/070E20465CAM1GP2/playlist.m3u8",
        "cameraCode": "070E20465CAM1GP2",
        "source": "COtrip",
        "state": "Colorado",
        "graphqlUri": "camera/135872/2695962116",
        "graphqlParentUri": "camera/135872",
        "routeDesignator": "I-70",
        "lastUpdatedTimestamp": 1773274708000
      }
    },
    {
      "type": "Feature",
      "geometry": null,
      "properties": {
        "id": "070E20320CAM1RP1",
        "title": "I-70 MP 203.20 EB : 0.9 miles E of CO 9 in Frisco",
        "snapshotUrl": "https://cocam.carsprogram.org/Snapshots/070E20320CAM1RP1.flv.png",
        "streamUrl": "https://publicstreamer3.cotrip.org:443/rtplive/070E20320CAM1RP1/playlist.m3u8",
        "cameraCode": "070E20320CAM1RP1",
        "source": "COtrip",
        "state": "Colorado",
        "graphqlUri": "camera/135910/982065534",
        "graphqlParentUri": "camera/135910",
        "routeDesignator": "I-70",
        "lastUpdatedTimestamp": 1773274726000
      }
    },
    {
      "type": "Feature",
      "geometry": null,
      "properties": {
        "id": "070E20235CAM1RP1",
        "title": "I-70 MP 202.35 EB at CO 9 in Frisco",
        "snapshotUrl": "https://cocam.carsprogram.org/Snapshots/070E20235CAM1RP1.flv.png",
        "streamUrl": "https://publicstreamer3.cotrip.org:443/rtplive/070E20235CAM1RP1/playlist.m3u8",
        "cameraCode": "070E20235CAM1RP1",
        "source": "COtrip",
        "state": "Colorado",
        "graphqlUri": "camera/135879/690245025",
        "graphqlParentUri": "camera/135879",
        "routeDesignator": "I-70",
        "lastUpdatedTimestamp": 1773274712000
      }
    },
    {
      "type": "Feature",
      "geometry": null,
      "properties": {
        "id": "070E20145CAM1GP2",
        "title": "I-70 MP 201.45 EB : 0.6 miles E of Main St in Frisco",
        "snapshotUrl": "https://cocam.carsprogram.org/Snapshots/070E20145CAM1GP2.flv.png",
        "streamUrl": "https://publicstreamer3.cotrip.org:443/rtplive/070E20145CAM1GP2/playlist.m3u8",
        "cameraCode": "070E20145CAM1GP2",
        "source": "COtrip",
        "state": "Colorado",
        "graphqlUri": "camera/135851/3428752521",
        "graphqlParentUri": "camera/135851",
        "routeDesignator": "I-70",
        "lastUpdatedTimestamp": 1773274514000
      }
    },
    {
      "type": "Feature",
      "geometry": null,
      "properties": {
        "id": "070W19210CAM1RHS",
        "title": "I-70 MP 192.10 WB : 1.8 miles E Vail Pass Summit",
        "snapshotUrl": "https://cocam.carsprogram.org/Snapshots/070W19210CAM1RHS.flv.png",
        "streamUrl": "https://publicstreamer2.cotrip.org:443/rtplive/070W19210CAM1RHS/playlist.m3u8",
        "cameraCode": "070W19210CAM1RHS",
        "source": "COtrip",
        "state": "Colorado",
        "graphqlUri": "camera/135640/1469778213",
        "graphqlParentUri": "camera/135640",
        "routeDesignator": "I-70",
        "lastUpdatedTimestamp": 1773274793000
      }
    },
    {
      "type": "Feature",
      "geometry": null,
      "properties": {
        "id": "070W19175CAM1RHS",
        "title": "I-70 MP 191.75 WB : 1.6 miles E of Vail Pass Summit",
        "snapshotUrl": "https://cocam.carsprogram.org/Snapshots/070W19175CAM1RHS.flv.png",
        "streamUrl": "https://publicstreamer2.cotrip.org:443/rtplive/070W19175CAM1RHS/playlist.m3u8",
        "cameraCode": "070W19175CAM1RHS",
        "source": "COtrip",
        "state": "Colorado",
        "graphqlUri": "camera/135750/1250500738",
        "graphqlParentUri": "camera/135750",
        "routeDesignator": "I-70",
        "lastUpdatedTimestamp": 1773274546000
      }
    },
    {
      "type": "Feature",
      "geometry": null,
      "properties": {
        "id": "070W18725CAM1RHS",
        "title": "I-70 MP 187.25 WB : 2.6 miles W of Vail Pass Summit",
        "snapshotUrl": "https://cocam.carsprogram.org/Snapshots/070W18725CAM1RHS.flv.png",
        "streamUrl": "https://publicstreamer2.cotrip.org:443/rtplive/070W18725CAM1RHS/playlist.m3u8",
        "cameraCode": "070W18725CAM1RHS",
        "source": "COtrip",
        "state": "Colorado",
        "graphqlUri": "camera/135739/10372849",
        "graphqlParentUri": "camera/135739",
        "routeDesignator": "I-70",
        "lastUpdatedTimestamp": 1773274791000
      }
    },
    {
      "type": "Feature",
      "geometry": null,
      "properties": {
        "id": "070W17045CAM1RHS",
        "title": "I-70 MP 170.45 WB : 0.8 miles W of Dowd Junction",
        "snapshotUrl": "https://cocam.carsprogram.org/Snapshots/070W17045CAM1RHS.flv.png",
        "streamUrl": "https://publicstreamer2.cotrip.org:443/rtplive/070W17045CAM1RHS/playlist.m3u8",
        "cameraCode": "070W17045CAM1RHS",
        "source": "COtrip",
        "state": "Colorado",
        "graphqlUri": "camera/135700/3823248381",
        "graphqlParentUri": "camera/135700",
        "routeDesignator": "I-70",
        "lastUpdatedTimestamp": 1773274773000
      }
    },
    {
      "type": "Feature",
      "geometry": null,
      "properties": {
        "id": "070W15710CAM1GP2",
        "title": "I-70 MP 157.10 WB : 0.7 miles E of CO 131",
        "snapshotUrl": "https://cocam.carsprogram.org/Snapshots/070W15710CAM1GP2.flv.png",
        "streamUrl": "https://publicstreamer2.cotrip.org:443/rtplive/070W15710CAM1GP2/playlist.m3u8",
        "cameraCode": "070W15710CAM1GP2",
        "source": "COtrip",
        "state": "Colorado",
        "graphqlUri": "camera/135701/3037082892",
        "graphqlParentUri": "camera/135701",
        "routeDesignator": "I-70",
        "lastUpdatedTimestamp": 1773274773000
      }
    },
    {
      "type": "Feature",
      "geometry": null,
      "properties": {
        "id": "070W15580CAM1RHS",
        "title": "I-70 MP 155.80 WB : 0.9 miles W of CO 131",
        "snapshotUrl": "https://cocam.carsprogram.org/Snapshots/070W15580CAM1RHS.flv.png",
        "streamUrl": "https://publicstreamer2.cotrip.org:443/rtplive/070W15580CAM1RHS/playlist.m3u8",
        "cameraCode": "070W15580CAM1RHS",
        "source": "COtrip",
        "state": "Colorado",
        "graphqlUri": "camera/135699/3619714587",
        "graphqlParentUri": "camera/135699",
        "routeDesignator": "I-70",
        "lastUpdatedTimestamp": 1773274772000
      }
    },
    {
      "type": "Feature",
      "geometry": null,
      "properties": {
        "id": "070E15420CAM1GP2",
        "title": "I-70 MP 154.20 EB : 2.8 miles W of CO 131",
        "snapshotUrl": "https://cocam.carsprogram.org/Snapshots/070E15420CAM1GP2.flv.png",
        "streamUrl": "https://publicstreamer2.cotrip.org:443/rtplive/070E15420CAM1GP2/playlist.m3u8",
        "cameraCode": "070E15420CAM1GP2",
        "source": "COtrip",
        "state": "Colorado",
        "graphqlUri": "camera/135738/921630401",
        "graphqlParentUri": "camera/135738",
        "routeDesignator": "I-70",
        "lastUpdatedTimestamp": 1773274790000
      }
    },
    {
      "type": "Feature",
      "geometry": null,
      "properties": {
        "id": "070E14580CAM1GP2",
        "title": "I-70 MP 145.80 EB : 1.0 mile W of Eby Creek Rd",
        "snapshotUrl": "https://cocam.carsprogram.org/Snapshots/070E14580CAM1GP2.flv.png",
        "streamUrl": "https://publicstreamer2.cotrip.org:443/rtplive/070E14580CAM1GP2/playlist.m3u8",
        "cameraCode": "070E14580CAM1GP2",
        "source": "COtrip",
        "state": "Colorado",
        "graphqlUri": "camera/135709/1201199934",
        "graphqlParentUri": "camera/135709",
        "routeDesignator": "I-70",
        "lastUpdatedTimestamp": 1773274776000
      }
    },
    {
      "type": "Feature",
      "geometry": null,
      "properties": {
        "id": "070E13955CAM1RP1",
        "title": "I-70 MP 139.55 EB at Trail Gulch Rd in Gypsum",
        "snapshotUrl": "https://cocam.carsprogram.org/Snapshots/070E13955CAM1RP1.flv.png",
        "streamUrl": "https://publicstreamer2.cotrip.org:443/rtplive/070E13955CAM1RP1/playlist.m3u8",
        "cameraCode": "070E13955CAM1RP1",
        "source": "COtrip",
        "state": "Colorado",
        "graphqlUri": "camera/135684/3905535327",
        "graphqlParentUri": "camera/135684",
        "routeDesignator": "I-70",
        "lastUpdatedTimestamp": 1773274543000
      }
    },
    {
      "type": "Feature",
      "geometry": null,
      "properties": {
        "id": "070W13335CAM1RHS",
        "title": "I-70 MP 133.35 WB at Colorado River Rd",
        "snapshotUrl": "https://cocam.carsprogram.org/Snapshots/070W13335CAM1RHS.flv.png",
        "streamUrl": "https://publicstreamer2.cotrip.org:443/rtplive/070W13335CAM1RHS/playlist.m3u8",
        "cameraCode": "070W13335CAM1RHS",
        "source": "COtrip",
        "state": "Colorado",
        "graphqlUri": "camera/135707/3872593689",
        "graphqlParentUri": "camera/135707",
        "routeDesignator": "I-70",
        "lastUpdatedTimestamp": 1773274775000
      }
    },
    {
      "type": "Feature",
      "geometry": null,
      "properties": {
        "id": "070W13095CAM1RHS",
        "title": "I-70 MP 130.95 WB : 3.0 miles W of Colorado River Rd in Dotsero",
        "snapshotUrl": "https://cocam.carsprogram.org/Snapshots/070W13095CAM1RHS.flv.png",
        "streamUrl": "https://publicstreamer2.cotrip.org:443/rtplive/070W13095CAM1RHS/playlist.m3u8",
        "cameraCode": "070W13095CAM1RHS",
        "source": "COtrip",
        "state": "Colorado",
        "graphqlUri": "camera/135714/3969283041",
        "graphqlParentUri": "camera/135714",
        "routeDesignator": "I-70",
        "lastUpdatedTimestamp": 1773274778000
      }
    },
    {
      "type": "Feature",
      "geometry": null,
      "properties": {
        "id": "070E12315CAM1MED",
        "title": "I-70 MP 123.15 EB : 2.2 miles E of Grizzly Creek",
        "snapshotUrl": "https://cocam.carsprogram.org/Snapshots/070E12315CAM1MED.flv.png",
        "streamUrl": "https://publicstreamer2.cotrip.org:443/rtplive/070E12315CAM1MED/playlist.m3u8",
        "cameraCode": "070E12315CAM1MED",
        "source": "COtrip",
        "state": "Colorado",
        "graphqlUri": "camera/135686/1868954387",
        "graphqlParentUri": "camera/135686",
        "routeDesignator": "I-70",
        "lastUpdatedTimestamp": 1773274544000
      }
    },
    {
      "type": "Feature",
      "geometry": null,
      "properties": {
        "id": "070E11620CAM1RHS",
        "title": "I-70 MP 116.20 EB : 0.4 miles W of CO 82 in Glenwood Springs",
        "snapshotUrl": "https://cocam.carsprogram.org/Snapshots/070E11620CAM1RHS.flv.png",
        "streamUrl": "https://publicstreamer2.cotrip.org:443/rtplive/070E11620CAM1RHS/playlist.m3u8",
        "cameraCode": "070E11620CAM1RHS",
        "source": "COtrip",
        "state": "Colorado",
        "graphqlUri": "camera/135716/4116066790",
        "graphqlParentUri": "camera/135716",
        "routeDesignator": "I-70",
        "lastUpdatedTimestamp": 1773274779000
      }
    },
    {
      "type": "Feature",
      "geometry": null,
      "properties": {
        "id": "070E11595CAM1GP2",
        "title": "I-70 MP 115.95 EB : 0.8 miles W of CO 82 in Glenwood Springs",
        "snapshotUrl": "https://cocam.carsprogram.org/Snapshots/070E11595CAM1GP2.flv.png",
        "streamUrl": "https://publicstreamer2.cotrip.org:443/rtplive/070E11595CAM1GP2/playlist.m3u8",
        "cameraCode": "070E11595CAM1GP2",
        "source": "COtrip",
        "state": "Colorado",
        "graphqlUri": "camera/135674/4205256583",
        "graphqlParentUri": "camera/135674",
        "routeDesignator": "I-70",
        "lastUpdatedTimestamp": 1773274537000
      }
    },
    {
      "type": "Feature",
      "geometry": null,
      "properties": {
        "id": "070W28060CAM1RHS",
        "title": "I-70 MP 280.60 WB at Havana St Underpass",
        "snapshotUrl": "https://cocam.carsprogram.org/Snapshots/070W28060CAM1RHS.flv.png",
        "streamUrl": "https://publicstreamer2.cotrip.org:443/rtplive/070W28060CAM1RHS/playlist.m3u8",
        "cameraCode": "070W28060CAM1RHS",
        "source": "COtrip",
        "state": "Colorado",
        "graphqlUri": "camera/135784/499373638",
        "graphqlParentUri": "camera/135784",
        "routeDesignator": "I-70 ",
        "lastUpdatedTimestamp": 1773274773000
      }
    },
    {
      "type": "Feature",
      "geometry": null,
      "properties": {
        "id": "070W28350CAM1SWC",
        "title": "I-70 MP 283.50 WB at Chambers Rd",
        "snapshotUrl": "https://cocam.carsprogram.org/Snapshots/070W28350CAM1SWC.flv.png",
        "streamUrl": "https://publicstreamer2.cotrip.org:443/rtplive/070W28350CAM1SWC/playlist.m3u8",
        "cameraCode": "070W28350CAM1SWC",
        "source": "COtrip",
        "state": "Colorado",
        "graphqlUri": "camera/135811/1340947742",
        "graphqlParentUri": "camera/135811",
        "routeDesignator": "I-70",
        "lastUpdatedTimestamp": 1773274784000
      }
    },
    {
      "type": "Feature",
      "geometry": null,
      "properties": {
        "id": "070E28150CAM1RHS",
        "title": "I-70 MP 281.50 EB at Peoria St",
        "snapshotUrl": "https://cocam.carsprogram.org/Snapshots/070E28150CAM1RHS.flv.png",
        "streamUrl": "https://publicstreamer2.cotrip.org:443/rtplive/070E28150CAM1RHS/playlist.m3u8",
        "cameraCode": "070E28150CAM1RHS",
        "source": "COtrip",
        "state": "Colorado",
        "graphqlUri": "camera/135788/2582526942",
        "graphqlParentUri": "camera/135788",
        "routeDesignator": "I-70",
        "lastUpdatedTimestamp": 1773274775000
      }
    },
    {
      "type": "Feature",
      "geometry": null,
      "properties": {
        "id": "070E28105CAM1RHS",
        "title": "I-70 MP 281.05 EB : 0.6 miles E of Havana St",
        "snapshotUrl": "https://cocam.carsprogram.org/Snapshots/070E28105CAM1RHS.flv.png",
        "streamUrl": "https://publicstreamer2.cotrip.org:443/rtplive/070E28105CAM1RHS/playlist.m3u8",
        "cameraCode": "070E28105CAM1RHS",
        "source": "COtrip",
        "state": "Colorado",
        "graphqlUri": "camera/135789/540370394",
        "graphqlParentUri": "camera/135789",
        "routeDesignator": "I-70",
        "lastUpdatedTimestamp": 1773274775000
      }
    },
    {
      "type": "Feature",
      "geometry": null,
      "properties": {
        "id": "070E27790CAM1RHS",
        "title": "I-70 MP 277.90 EB : 0.8 miles E of Quebec St",
        "snapshotUrl": "https://cocam.carsprogram.org/Snapshots/070E27790CAM1RHS.flv.png",
        "streamUrl": "https://publicstreamer2.cotrip.org:443/rtplive/070E27790CAM1RHS/playlist.m3u8",
        "cameraCode": "070E27790CAM1RHS",
        "source": "COtrip",
        "state": "Colorado",
        "graphqlUri": "camera/135785/3148615909",
        "graphqlParentUri": "camera/135785",
        "routeDesignator": "I-70",
        "lastUpdatedTimestamp": 1773274773000
      }
    },
    {
      "type": "Feature",
      "geometry": null,
      "properties": {
        "id": "070W27705CAM1RHS",
        "title": "I-70 MP 277.05 WB at Dahlia St",
        "snapshotUrl": "https://cocam.carsprogram.org/Snapshots/070W27705CAM1RHS.flv.png",
        "streamUrl": "https://publicstreamer2.cotrip.org:443/rtplive/070W27705CAM1RHS/playlist.m3u8",
        "cameraCode": "070W27705CAM1RHS",
        "source": "COtrip",
        "state": "Colorado",
        "graphqlUri": "camera/135804/731673772",
        "graphqlParentUri": "camera/135804",
        "routeDesignator": "I-70",
        "lastUpdatedTimestamp": 1773274781000
      }
    },
    {
      "type": "Feature",
      "geometry": null,
      "properties": {
        "id": "070E27660CAM1NEC",
        "title": "I-70 MP 276.60 EB at Colorado Blvd to EB I-70 Ramp",
        "snapshotUrl": "https://cocam.carsprogram.org/Snapshots/070E27660CAM1NEC.flv.png",
        "streamUrl": "https://publicstreamer2.cotrip.org:443/rtplive/070E27660CAM1NEC/playlist.m3u8",
        "cameraCode": "070E27660CAM1NEC",
        "source": "COtrip",
        "state": "Colorado",
        "graphqlUri": "camera/135808/522560744",
        "graphqlParentUri": "camera/135808",
        "routeDesignator": "I-70",
        "lastUpdatedTimestamp": 1773274783000
      }
    },
    {
      "type": "Feature",
      "geometry": null,
      "properties": {
        "id": "070W27655CAM1SWC",
        "title": "I-70 MP 276.55 WB at Colorado Blvd to WB I-70 Ramp",
        "snapshotUrl": "https://cocam.carsprogram.org/Snapshots/070W27655CAM1SWC.flv.png",
        "streamUrl": "https://publicstreamer2.cotrip.org:443/rtplive/070W27655CAM1SWC/playlist.m3u8",
        "cameraCode": "070W27655CAM1SWC",
        "source": "COtrip",
        "state": "Colorado",
        "graphqlUri": "camera/135803/4000358926",
        "graphqlParentUri": "camera/135803",
        "routeDesignator": "I-70",
        "lastUpdatedTimestamp": 1773274781000
      }
    },
    {
      "type": "Feature",
      "geometry": null,
      "properties": {
        "id": "070E27635CAM1RP1",
        "title": "I-70 MP 276.35 EB at Monroe St Overpass",
        "snapshotUrl": "https://cocam.carsprogram.org/Snapshots/070E27635CAM1RP1.flv.png",
        "streamUrl": "https://publicstreamer2.cotrip.org:443/rtplive/070E27635CAM1RP1/playlist.m3u8",
        "cameraCode": "070E27635CAM1RP1",
        "source": "COtrip",
        "state": "Colorado",
        "graphqlUri": "camera/135805/4178034398",
        "graphqlParentUri": "camera/135805",
        "routeDesignator": "I-70",
        "lastUpdatedTimestamp": 1773274782000
      }
    },
    {
      "type": "Feature",
      "geometry": null,
      "properties": {
        "id": "070E27565CAM1MED",
        "title": "I-70 MP 275.65 EB at W Cover on I-70",
        "snapshotUrl": "https://cocam.carsprogram.org/Snapshots/070E27565CAM1MED.flv.png",
        "streamUrl": "https://publicstreamer2.cotrip.org:443/rtplive/070E27565CAM1MED/playlist.m3u8",
        "cameraCode": "070E27565CAM1MED",
        "source": "COtrip",
        "state": "Colorado",
        "graphqlUri": "camera/135810/968608108",
        "graphqlParentUri": "camera/135810",
        "routeDesignator": "I-70",
        "lastUpdatedTimestamp": 1773274784000
      }
    },
    {
      "type": "Feature",
      "geometry": null,
      "properties": {
        "id": "070E27555CAM1RP1",
        "title": "I-70 MP 275.55 EB at York St",
        "snapshotUrl": "https://cocam.carsprogram.org/Snapshots/070E27555CAM1RP1.flv.png",
        "streamUrl": "https://publicstreamer2.cotrip.org:443/rtplive/070E27555CAM1RP1/playlist.m3u8",
        "cameraCode": "070E27555CAM1RP1",
        "source": "COtrip",
        "state": "Colorado",
        "graphqlUri": "camera/135809/2140303231",
        "graphqlParentUri": "camera/135809",
        "routeDesignator": "I-70",
        "lastUpdatedTimestamp": 1773274783000
      }
    },
    {
      "type": "Feature",
      "geometry": null,
      "properties": {
        "id": "070W27475CAM1RHS",
        "title": "I-70 MP 274.75 WB : 0.1 miles E of Washington St",
        "snapshotUrl": "https://cocam.carsprogram.org/Snapshots/070W27475CAM1RHS.flv.png",
        "streamUrl": "https://publicstreamer2.cotrip.org:443/rtplive/070W27475CAM1RHS/playlist.m3u8",
        "cameraCode": "070W27475CAM1RHS",
        "source": "COtrip",
        "state": "Colorado",
        "graphqlUri": "camera/135807/2575636171",
        "graphqlParentUri": "camera/135807",
        "routeDesignator": "I-70",
        "lastUpdatedTimestamp": 1773274782000
      }
    },
    {
      "type": "Feature",
      "geometry": null,
      "properties": {
        "id": "070E27460CAM1RHS",
        "title": "I-70 MP 274.60 EB at Washington St",
        "snapshotUrl": "https://cocam.carsprogram.org/Snapshots/070E27460CAM1RHS.flv.png",
        "streamUrl": "https://publicstreamer2.cotrip.org:443/rtplive/070E27460CAM1RHS/playlist.m3u8",
        "cameraCode": "070E27460CAM1RHS",
        "source": "COtrip",
        "state": "Colorado",
        "graphqlUri": "camera/135806/3497622863",
        "graphqlParentUri": "camera/135806",
        "routeDesignator": "I-70",
        "lastUpdatedTimestamp": 1773274782000
      }
    },
    {
      "type": "Feature",
      "geometry": null,
      "properties": {
        "id": "070W27395CAM1RP1",
        "title": "I-70 MP 273.95 WB at SB I-25 to EB I-70 Ramp",
        "snapshotUrl": "https://cocam.carsprogram.org/Snapshots/070W27395CAM1RP1.flv.png",
        "streamUrl": "https://publicstreamer2.cotrip.org:443/rtplive/070W27395CAM1RP1/playlist.m3u8",
        "cameraCode": "070W27395CAM1RP1",
        "source": "COtrip",
        "state": "Colorado",
        "graphqlUri": "camera/135815/2461265516",
        "graphqlParentUri": "camera/135815",
        "routeDesignator": "I-70",
        "lastUpdatedTimestamp": 1773274787000
      }
    },
    {
      "type": "Feature",
      "geometry": null,
      "properties": {
        "id": "070E27365CAM1RP2",
        "title": "I-70 MP 273.65 EB : 0.4 miles W of I-25",
        "snapshotUrl": "https://cocam.carsprogram.org/Snapshots/070E27365CAM1RP2.flv.png",
        "streamUrl": "https://publicstreamer2.cotrip.org:443/rtplive/070E27365CAM1RP2/playlist.m3u8",
        "cameraCode": "070E27365CAM1RP2",
        "source": "COtrip",
        "state": "Colorado",
        "graphqlUri": "camera/135814/2141011188",
        "graphqlParentUri": "camera/135814",
        "routeDesignator": "I-70",
        "lastUpdatedTimestamp": 1773274786000
      }
    },
    {
      "type": "Feature",
      "geometry": null,
      "properties": {
        "id": "070E26740CAM1NEC",
        "title": "I-70 MP 267.40 EB at Kipling St to EB I-70 Ramp",
        "snapshotUrl": "https://cocam.carsprogram.org/Snapshots/070E26740CAM1NEC.flv.png",
        "streamUrl": "https://publicstreamer2.cotrip.org:443/rtplive/070E26740CAM1NEC/playlist.m3u8",
        "cameraCode": "070E26740CAM1NEC",
        "source": "COtrip",
        "state": "Colorado",
        "graphqlUri": "camera/135795/2859005592",
        "graphqlParentUri": "camera/135795",
        "routeDesignator": "I-70",
        "lastUpdatedTimestamp": 1773274778000
      }
    },
    {
      "type": "Feature",
      "geometry": null,
      "properties": {
        "id": "070W27520CAM1RHS",
        "title": "I-70 MP 275.20 WB : 0.1 miles W of Brighton Blvd",
        "snapshotUrl": "https://cocam.carsprogram.org/Snapshots/070W27520CAM1RHS.flv.png",
        "streamUrl": "https://publicstreamer2.cotrip.org:443/rtplive/070W27520CAM1RHS/playlist.m3u8",
        "cameraCode": "070W27520CAM1RHS",
        "source": "COtrip",
        "state": "Colorado",
        "graphqlUri": "camera/135812/2920947864",
        "graphqlParentUri": "camera/135812",
        "routeDesignator": "I-70\t",
        "lastUpdatedTimestamp": 1773274784000
      }
    },
    {
      "type": "Feature",
      "geometry": null,
      "properties": {
        "id": "070E42885CAM1RP1",
        "title": "I-70 MP 428.85 EB at CR 40 to EB I-70 Ramp in Bethune",
        "snapshotUrl": "https://cocam.carsprogram.org/Snapshots/070E42885CAM1RP1.flv.png",
        "streamUrl": "https://publicstreamer4.cotrip.org:443/rtplive/070E42885CAM1RP1/playlist.m3u8",
        "cameraCode": "070E42885CAM1RP1",
        "source": "COtrip",
        "state": "Colorado",
        "graphqlUri": "camera/136179/1747342162",
        "graphqlParentUri": "camera/136179",
        "routeDesignator": "I-70",
        "lastUpdatedTimestamp": 1773274741000
      }
    },
    {
      "type": "Feature",
      "geometry": null,
      "properties": {
        "id": "070E37150CAM1RP1",
        "title": "I-70 MP 371.50 EB at CR 31/CR 109 in Genoa",
        "snapshotUrl": "https://cocam.carsprogram.org/Snapshots/070E37150CAM1RP1.flv.png",
        "streamUrl": "https://publicstreamer4.cotrip.org:443/rtplive/070E37150CAM1RP1/playlist.m3u8",
        "cameraCode": "070E37150CAM1RP1",
        "source": "COtrip",
        "state": "Colorado",
        "graphqlUri": "camera/136107/81544935",
        "graphqlParentUri": "camera/136107",
        "routeDesignator": "I-70",
        "lastUpdatedTimestamp": 1773274752000
      }
    },
    {
      "type": "Feature",
      "geometry": null,
      "properties": {
        "id": "070E36530CAM1RHS",
        "title": "I-70 MP 365.30 EB : 2.9 miles E of US 40/US 287 on Frontage Rd in Limon",
        "snapshotUrl": "https://cocam.carsprogram.org/Snapshots/070E36530CAM1RHS.flv.png",
        "streamUrl": "https://publicstreamer4.cotrip.org:443/rtplive/070E36530CAM1RHS/playlist.m3u8",
        "cameraCode": "070E36530CAM1RHS",
        "source": "COtrip",
        "state": "Colorado",
        "graphqlUri": "camera/136175/4236524641",
        "graphqlParentUri": "camera/136175",
        "routeDesignator": "I-70",
        "lastUpdatedTimestamp": 1773274740000
      }
    },
    {
      "type": "Feature",
      "geometry": null,
      "properties": {
        "id": "070W36230CAM1GP2",
        "title": "I-70 MP 362.30 WB : 0.5 miles E of US 40/US 287W in Limon",
        "snapshotUrl": "https://cocam.carsprogram.org/Snapshots/070W36230CAM1GP2.flv.png",
        "streamUrl": "https://publicstreamer4.cotrip.org:443/rtplive/070W36230CAM1GP2/playlist.m3u8",
        "cameraCode": "070W36230CAM1GP2",
        "source": "COtrip",
        "state": "Colorado",
        "graphqlUri": "camera/136106/2641037688",
        "graphqlParentUri": "camera/136106",
        "routeDesignator": "I-70",
        "lastUpdatedTimestamp": 1773274752000
      }
    },
    {
      "type": "Feature",
      "geometry": null,
      "properties": {
        "id": "070W35855CAM1GP2",
        "title": "I-70 MP 358.55 WB : 1.2 miles W of Williams Ave in Limon",
        "snapshotUrl": "https://cocam.carsprogram.org/Snapshots/070W35855CAM1GP2.flv.png",
        "streamUrl": "https://publicstreamer4.cotrip.org:443/rtplive/070W35855CAM1GP2/playlist.m3u8",
        "cameraCode": "070W35855CAM1GP2",
        "source": "COtrip",
        "state": "Colorado",
        "graphqlUri": "camera/136181/1785459357",
        "graphqlParentUri": "camera/136181",
        "routeDesignator": "I-70",
        "lastUpdatedTimestamp": 1773274742000
      }
    },
    {
      "type": "Feature",
      "geometry": null,
      "properties": {
        "id": "070E34035CAM1RP1",
        "title": "I-70 MP 340.35 EB at CR 166 Ramp to EB I-70 in Agate",
        "snapshotUrl": "https://cocam.carsprogram.org/Snapshots/070E34035CAM1RP1.flv.png",
        "streamUrl": "https://publicstreamer4.cotrip.org:443/rtplive/070E34035CAM1RP1/playlist.m3u8",
        "cameraCode": "070E34035CAM1RP1",
        "source": "COtrip",
        "state": "Colorado",
        "graphqlUri": "camera/136176/3523111542",
        "graphqlParentUri": "camera/136176",
        "routeDesignator": "I-70",
        "lastUpdatedTimestamp": 1773274740000
      }
    },
    {
      "type": "Feature",
      "geometry": null,
      "properties": {
        "id": "070E32090CAM1MED",
        "title": "I-70 MP 320.90 EB : 1.6 miles W of Peoria Rd/CR 201",
        "snapshotUrl": "https://cocam.carsprogram.org/Snapshots/070E32090CAM1MED.flv.png",
        "streamUrl": "https://publicstreamer4.cotrip.org:443/rtplive/070E32090CAM1MED/playlist.m3u8",
        "cameraCode": "070E32090CAM1MED",
        "source": "COtrip",
        "state": "Colorado",
        "graphqlUri": "camera/136185/116437890",
        "graphqlParentUri": "camera/136185",
        "routeDesignator": "I-70",
        "lastUpdatedTimestamp": 1773274744000
      }
    },
    {
      "type": "Feature",
      "geometry": null,
      "properties": {
        "id": "070E30640CAM1RHS",
        "title": "I-70 MP 306.40 EB : 0.8 miles E of CR 2/15th Ave in Bennett",
        "snapshotUrl": "https://cocam.carsprogram.org/Snapshots/070E30640CAM1RHS.flv.png",
        "streamUrl": "https://publicstreamer4.cotrip.org:443/rtplive/070E30640CAM1RHS/playlist.m3u8",
        "cameraCode": "070E30640CAM1RHS",
        "source": "COtrip",
        "state": "Colorado",
        "graphqlUri": "camera/136183/1846150542",
        "graphqlParentUri": "camera/136183",
        "routeDesignator": "I-70",
        "lastUpdatedTimestamp": 1773274743000
      }
    },
    {
      "type": "Feature",
      "geometry": null,
      "properties": {
        "id": "070E30230CAM1RHS",
        "title": "I-70 MP 302.30 EB : 2.6 miles W of S 1st St in Bennett",
        "snapshotUrl": "https://cocam.carsprogram.org/Snapshots/070E30230CAM1RHS.flv.png",
        "streamUrl": "https://publicstreamer4.cotrip.org:443/rtplive/070E30230CAM1RHS/playlist.m3u8",
        "cameraCode": "070E30230CAM1RHS",
        "source": "COtrip",
        "state": "Colorado",
        "graphqlUri": "camera/136177/1784068567",
        "graphqlParentUri": "camera/136177",
        "routeDesignator": "I-70",
        "lastUpdatedTimestamp": 1773274740000
      }
    },
    {
      "type": "Feature",
      "geometry": null,
      "properties": {
        "id": "070E29935CAM1RHS",
        "title": "I-70 MP 299.35 EB at N Manila Rd in Bennett",
        "snapshotUrl": "https://cocam.carsprogram.org/Snapshots/070E29935CAM1RHS.flv.png",
        "streamUrl": "https://publicstreamer4.cotrip.org:443/rtplive/070E29935CAM1RHS/playlist.m3u8",
        "cameraCode": "070E29935CAM1RHS",
        "source": "COtrip",
        "state": "Colorado",
        "graphqlUri": "camera/136178/3362739304",
        "graphqlParentUri": "camera/136178",
        "routeDesignator": "I-70",
        "lastUpdatedTimestamp": 1773274741000
      }
    },
    {
      "type": "Feature",
      "geometry": null,
      "properties": {
        "id": "070E29735CAM1MED",
        "title": "I-70 MP 297.35 EB : 2.7 miles E of Watkins Rd",
        "snapshotUrl": "https://cocam.carsprogram.org/Snapshots/070E29735CAM1MED.flv.png",
        "streamUrl": "https://publicstreamer4.cotrip.org:443/rtplive/070E29735CAM1MED/playlist.m3u8",
        "cameraCode": "070E29735CAM1MED",
        "source": "COtrip",
        "state": "Colorado",
        "graphqlUri": "camera/136182/37222144",
        "graphqlParentUri": "camera/136182",
        "routeDesignator": "I-70",
        "lastUpdatedTimestamp": 1773274743000
      }
    },
    {
      "type": "Feature",
      "geometry": null,
      "properties": {
        "id": "070E29625CAM1RHS",
        "title": "I-70 MP 296.25 EB : 1.3 miles E of Watkins Rd",
        "snapshotUrl": "https://cocam.carsprogram.org/Snapshots/070E29625CAM1RHS.flv.png",
        "streamUrl": "https://publicstreamer4.cotrip.org:443/rtplive/070E29625CAM1RHS/playlist.m3u8",
        "cameraCode": "070E29625CAM1RHS",
        "source": "COtrip",
        "state": "Colorado",
        "graphqlUri": "camera/136180/2115938119",
        "graphqlParentUri": "camera/136180",
        "routeDesignator": "I-70",
        "lastUpdatedTimestamp": 1773274742000
      }
    },
    {
      "type": "Feature",
      "geometry": null,
      "properties": {
        "id": "070E29365CAM1RHS",
        "title": "I-70 MP 293.65 EB : 1.9 miles E of CO-36 in Aurora",
        "snapshotUrl": "https://cocam.carsprogram.org/Snapshots/070E29365CAM1RHS.flv.png",
        "streamUrl": "https://publicstreamer4.cotrip.org:443/rtplive/070E29365CAM1RHS/playlist.m3u8",
        "cameraCode": "070E29365CAM1RHS",
        "source": "COtrip",
        "state": "Colorado",
        "graphqlUri": "camera/136184/1246552606",
        "graphqlParentUri": "camera/136184",
        "routeDesignator": "I-70",
        "lastUpdatedTimestamp": 1773274744000
      }
    },
    {
      "type": "Feature",
      "geometry": null,
      "properties": {
        "id": "070E28855CAM1GP2",
        "title": "I-70 MP 288.55 EB : 0.4 miles W of E-470",
        "snapshotUrl": "https://cocam.carsprogram.org/Snapshots/070E28855CAM1GP2.flv.png",
        "streamUrl": "https://publicstreamer4.cotrip.org:443/rtplive/070E28855CAM1GP2/playlist.m3u8",
        "cameraCode": "070E28855CAM1GP2",
        "source": "COtrip",
        "state": "Colorado",
        "graphqlUri": "camera/136149/2849589963",
        "graphqlParentUri": "camera/136149",
        "routeDesignator": "I-70",
        "lastUpdatedTimestamp": 1773274728000
      }
    },
    {
      "type": "Feature",
      "geometry": null,
      "properties": {
        "id": "070E27525CAM1RHS",
        "title": "I-70 MP 275.25 EB at Brighton Blvd",
        "snapshotUrl": "https://cocam.carsprogram.org/Snapshots/070E27525CAM1RHS.flv.png",
        "streamUrl": "https://publicstreamer4.cotrip.org:443/rtplive/070E27525CAM1RHS/playlist.m3u8",
        "cameraCode": "070E27525CAM1RHS",
        "source": "COtrip",
        "state": "Colorado",
        "graphqlUri": "camera/136225/2967236367",
        "graphqlParentUri": "camera/136225",
        "routeDesignator": "I-70",
        "lastUpdatedTimestamp": 1773274687000
      }
    },
    {
      "type": "Feature",
      "geometry": null,
      "properties": {
        "id": "070E27410CAM1RHS",
        "title": "I-70 MP 274.10 EB at I-25",
        "snapshotUrl": "https://cocam.carsprogram.org/Snapshots/070E27410CAM1RHS.flv.png",
        "streamUrl": "https://publicstreamer4.cotrip.org:443/rtplive/070E27410CAM1RHS/playlist.m3u8",
        "cameraCode": "070E27410CAM1RHS",
        "source": "COtrip",
        "state": "Colorado",
        "graphqlUri": "camera/136226/1338899380",
        "graphqlParentUri": "camera/136226",
        "routeDesignator": "I-70",
        "lastUpdatedTimestamp": 1773274688000
      }
    },
    {
      "type": "Feature",
      "geometry": null,
      "properties": {
        "id": "070E27305CAM1RHS",
        "title": "I-70 MP 273.05 EB at N Pecos St",
        "snapshotUrl": "https://cocam.carsprogram.org/Snapshots/070E27305CAM1RHS.flv.png",
        "streamUrl": "https://publicstreamer3.cotrip.org:443/rtplive/070E27305CAM1RHS/playlist.m3u8",
        "cameraCode": "070E27305CAM1RHS",
        "source": "COtrip",
        "state": "Colorado",
        "graphqlUri": "camera/136037/1789165079",
        "graphqlParentUri": "camera/136037",
        "routeDesignator": "I-70",
        "lastUpdatedTimestamp": 1773274732000
      }
    },
    {
      "type": "Feature",
      "geometry": null,
      "properties": {
        "id": "070W27280CAM1RHS",
        "title": "I-70 MP 272.80 WB : 0.3 miles W of N Pecos St",
        "snapshotUrl": "https://cocam.carsprogram.org/Snapshots/070W27280CAM1RHS.flv.png",
        "streamUrl": "https://publicstreamer3.cotrip.org:443/rtplive/070W27280CAM1RHS/playlist.m3u8",
        "cameraCode": "070W27280CAM1RHS",
        "source": "COtrip",
        "state": "Colorado",
        "graphqlUri": "camera/136035/3268815243",
        "graphqlParentUri": "camera/136035",
        "routeDesignator": "I-70",
        "lastUpdatedTimestamp": 1773274731000
      }
    },
    {
      "type": "Feature",
      "geometry": null,
      "properties": {
        "id": "070W27135CAM1RHS",
        "title": "I-70 MP 271.35 WB : 0.2 miles W of Lowell Blvd",
        "snapshotUrl": "https://cocam.carsprogram.org/Snapshots/070W27135CAM1RHS.flv.png",
        "streamUrl": "https://publicstreamer3.cotrip.org:443/rtplive/070W27135CAM1RHS/playlist.m3u8",
        "cameraCode": "070W27135CAM1RHS",
        "source": "COtrip",
        "state": "Colorado",
        "graphqlUri": "camera/135926/2820489609",
        "graphqlParentUri": "camera/135926",
        "routeDesignator": "I-70",
        "lastUpdatedTimestamp": 1773274679000
      }
    },
    {
      "type": "Feature",
      "geometry": null,
      "properties": {
        "id": "070W26935CAM1RHS",
        "title": "I-70 MP 269.35 WB at WB I-76 to WB I-70 Ramp",
        "snapshotUrl": "https://cocam.carsprogram.org/Snapshots/070W26935CAM1RHS.flv.png",
        "streamUrl": "https://publicstreamer4.cotrip.org:443/rtplive/070W26935CAM1RHS/playlist.m3u8",
        "cameraCode": "070W26935CAM1RHS",
        "source": "COtrip",
        "state": "Colorado",
        "graphqlUri": "camera/136174/1519164477",
        "graphqlParentUri": "camera/136174",
        "routeDesignator": "I-70",
        "lastUpdatedTimestamp": 1773274739000
      }
    },
    {
      "type": "Feature",
      "geometry": null,
      "properties": {
        "id": "070W26740CAM1SEC",
        "title": "I-70 MP 267.40 WB at EB I-70 Ramp to Kipling St",
        "snapshotUrl": "https://cocam.carsprogram.org/Snapshots/070W26740CAM1SEC.flv.png",
        "streamUrl": "https://publicstreamer4.cotrip.org:443/rtplive/070W26740CAM1SEC/playlist.m3u8",
        "cameraCode": "070W26740CAM1SEC",
        "source": "COtrip",
        "state": "Colorado",
        "graphqlUri": "camera/136216/296045066",
        "graphqlParentUri": "camera/136216",
        "routeDesignator": "I-70",
        "lastUpdatedTimestamp": 1773274682000
      }
    },
    {
      "type": "Feature",
      "geometry": null,
      "properties": {
        "id": "070E26605CAM1NWC",
        "title": "I-70 MP 266.05 EB at EB I-70 Ramp to W 44th Ave",
        "snapshotUrl": "https://cocam.carsprogram.org/Snapshots/070E26605CAM1NWC.flv.png",
        "streamUrl": "https://publicstreamer4.cotrip.org:443/rtplive/070E26605CAM1NWC/playlist.m3u8",
        "cameraCode": "070E26605CAM1NWC",
        "source": "COtrip",
        "state": "Colorado",
        "graphqlUri": "camera/136215/3909267544",
        "graphqlParentUri": "camera/136215",
        "routeDesignator": "I-70",
        "lastUpdatedTimestamp": 1773274681000
      }
    },
    {
      "type": "Feature",
      "geometry": null,
      "properties": {
        "id": "070W26570CAM1RHS",
        "title": "I-70 MP 265.70 WB at Ward Rd",
        "snapshotUrl": "https://cocam.carsprogram.org/Snapshots/070W26570CAM1RHS.flv.png",
        "streamUrl": "https://publicstreamer3.cotrip.org:443/rtplive/070W26570CAM1RHS/playlist.m3u8",
        "cameraCode": "070W26570CAM1RHS",
        "source": "COtrip",
        "state": "Colorado",
        "graphqlUri": "camera/136030/2918973557",
        "graphqlParentUri": "camera/136030",
        "routeDesignator": "I-70",
        "lastUpdatedTimestamp": 1773274791000
      }
    },
    {
      "type": "Feature",
      "geometry": null,
      "properties": {
        "id": "070W26470CAM1MED",
        "title": "I-70 MP 264.70 WB : 0.4 miles E of W 32nd Ave",
        "snapshotUrl": "https://cocam.carsprogram.org/Snapshots/070W26470CAM1MED.flv.png",
        "streamUrl": "https://publicstreamer4.cotrip.org:443/rtplive/070W26470CAM1MED/playlist.m3u8",
        "cameraCode": "070W26470CAM1MED",
        "source": "COtrip",
        "state": "Colorado",
        "graphqlUri": "camera/136112/3233506811",
        "graphqlParentUri": "camera/136112",
        "routeDesignator": "I-70",
        "lastUpdatedTimestamp": 1773274755000
      }
    },
    {
      "type": "Feature",
      "geometry": null,
      "properties": {
        "id": "070E26015CAM1MED",
        "title": "I-70 MP 260.15 EB : 0.1 miles E of C-470",
        "snapshotUrl": "https://cocam.carsprogram.org/Snapshots/070E26015CAM1MED.flv.png",
        "streamUrl": "https://publicstreamer1.cotrip.org:443/rtplive/070E26015CAM1MED/playlist.m3u8",
        "cameraCode": "070E26015CAM1MED",
        "source": "COtrip",
        "state": "Colorado",
        "graphqlUri": "camera/136252/1871991896",
        "graphqlParentUri": "camera/136252",
        "routeDesignator": "I-70",
        "lastUpdatedTimestamp": 1773274703000
      }
    },
    {
      "type": "Feature",
      "geometry": null,
      "properties": {
        "id": "070E25875CAM1MED",
        "title": "I-70 MP 258.75 EB at EB I-70 Ramp to CR 93 in Golden",
        "snapshotUrl": "https://cocam.carsprogram.org/Snapshots/070E25875CAM1MED.flv.png",
        "streamUrl": "https://publicstreamer4.cotrip.org:443/rtplive/070E25875CAM1MED/playlist.m3u8",
        "cameraCode": "070E25875CAM1MED",
        "source": "COtrip",
        "state": "Colorado",
        "graphqlUri": "camera/136214/3186157372",
        "graphqlParentUri": "camera/136214",
        "routeDesignator": "I-70",
        "lastUpdatedTimestamp": 1773274681000
      }
    },
    {
      "type": "Feature",
      "geometry": null,
      "properties": {
        "id": "070E25685CAM1RHS",
        "title": "I-70 MP 256.85 EB : 0.8 miles E of Lookout Mountain",
        "snapshotUrl": "https://cocam.carsprogram.org/Snapshots/070E25685CAM1RHS.flv.png",
        "streamUrl": "https://publicstreamer3.cotrip.org:443/rtplive/070E25685CAM1RHS/playlist.m3u8",
        "cameraCode": "070E25685CAM1RHS",
        "source": "COtrip",
        "state": "Colorado",
        "graphqlUri": "camera/136011/1632546050",
        "graphqlParentUri": "camera/136011",
        "routeDesignator": "I-70",
        "lastUpdatedTimestamp": 1773274775000
      }
    },
    {
      "type": "Feature",
      "geometry": null,
      "properties": {
        "id": "070W25465CAM1RHS",
        "title": "I-70 MP 254.65 WB : 1.1 miles E of Genesee Park",
        "snapshotUrl": "https://cocam.carsprogram.org/Snapshots/070W25465CAM1RHS.flv.png",
        "streamUrl": "https://publicstreamer4.cotrip.org:443/rtplive/070W25465CAM1RHS/playlist.m3u8",
        "cameraCode": "070W25465CAM1RHS",
        "source": "COtrip",
        "state": "Colorado",
        "graphqlUri": "camera/136055/4229154116",
        "graphqlParentUri": "camera/136055",
        "routeDesignator": "I-70",
        "lastUpdatedTimestamp": 1773274741000
      }
    },
    {
      "type": "Feature",
      "geometry": null,
      "properties": {
        "id": "070E25165CAM1RHS",
        "title": "I-70 MP 251.65 EB : 0.3 miles E of in Evergreen Pkwy in Evergreen",
        "snapshotUrl": "https://cocam.carsprogram.org/Snapshots/070E25165CAM1RHS.flv.png",
        "streamUrl": "https://publicstreamer1.cotrip.org:443/rtplive/070E25165CAM1RHS/playlist.m3u8",
        "cameraCode": "070E25165CAM1RHS",
        "source": "COtrip",
        "state": "Colorado",
        "graphqlUri": "camera/136258/4280895639",
        "graphqlParentUri": "camera/136258",
        "routeDesignator": "I-70",
        "lastUpdatedTimestamp": 1773274706000
      }
    },
    {
      "type": "Feature",
      "geometry": null,
      "properties": {
        "id": "070E25075CAM1RP1",
        "title": "I-70 MP 250.75 EB at El Rancho in Evergreen",
        "snapshotUrl": "https://cocam.carsprogram.org/Snapshots/070E25075CAM1RP1.flv.png",
        "streamUrl": "https://publicstreamer1.cotrip.org:443/rtplive/070E25075CAM1RP1/playlist.m3u8",
        "cameraCode": "070E25075CAM1RP1",
        "source": "COtrip",
        "state": "Colorado",
        "graphqlUri": "camera/136262/342826362",
        "graphqlParentUri": "camera/136262",
        "routeDesignator": "I-70",
        "lastUpdatedTimestamp": 1773274707000
      }
    },
    {
      "type": "Feature",
      "geometry": null,
      "properties": {
        "id": "070E24435CAM1MED",
        "title": "I-70 MP 244.35 EB at US 6/US 40",
        "snapshotUrl": "https://cocam.carsprogram.org/Snapshots/070E24435CAM1MED.flv.png",
        "streamUrl": "https://publicstreamer4.cotrip.org:443/rtplive/070E24435CAM1MED/playlist.m3u8",
        "cameraCode": "070E24435CAM1MED",
        "source": "COtrip",
        "state": "Colorado",
        "graphqlUri": "camera/136070/267899534",
        "graphqlParentUri": "camera/136070",
        "routeDesignator": "I-70",
        "lastUpdatedTimestamp": 1773274747000
      }
    },
    {
      "type": "Feature",
      "geometry": null,
      "properties": {
        "id": "070W24245CAM1RHS",
        "title": "I-70 MP 242.45 WB at E Veterans Memorial Tunnels",
        "snapshotUrl": "https://cocam.carsprogram.org/Snapshots/070W24245CAM1RHS.flv.png",
        "streamUrl": "https://publicstreamer4.cotrip.org:443/rtplive/070W24245CAM1RHS/playlist.m3u8",
        "cameraCode": "070W24245CAM1RHS",
        "source": "COtrip",
        "state": "Colorado",
        "graphqlUri": "camera/136145/771285038",
        "graphqlParentUri": "camera/136145",
        "routeDesignator": "I-70",
        "lastUpdatedTimestamp": 1773274769000
      }
    },
    {
      "type": "Feature",
      "geometry": null,
      "properties": {
        "id": "070W24105CAM1RP1",
        "title": "I-70 MP 241.05 WB at Colorado Blvd E Exit in Idaho Springs",
        "snapshotUrl": "https://cocam.carsprogram.org/Snapshots/070W24105CAM1RP1.flv.png",
        "streamUrl": "https://publicstreamer4.cotrip.org:443/rtplive/070W24105CAM1RP1/playlist.m3u8",
        "cameraCode": "070W24105CAM1RP1",
        "source": "COtrip",
        "state": "Colorado",
        "graphqlUri": "camera/136069/3766141575",
        "graphqlParentUri": "camera/136069",
        "routeDesignator": "I-70",
        "lastUpdatedTimestamp": 1773274747000
      }
    },
    {
      "type": "Feature",
      "geometry": null,
      "properties": {
        "id": "070W24060CAM1RHS",
        "title": "I-70 MP 240.60 WB : 0.5 miles W of Colorado Blvd E Exit in Idaho Springs",
        "snapshotUrl": "https://cocam.carsprogram.org/Snapshots/070W24060CAM1RHS.flv.png",
        "streamUrl": "https://publicstreamer4.cotrip.org:443/rtplive/070W24060CAM1RHS/playlist.m3u8",
        "cameraCode": "070W24060CAM1RHS",
        "source": "COtrip",
        "state": "Colorado",
        "graphqlUri": "camera/136068/1098829761",
        "graphqlParentUri": "camera/136068",
        "routeDesignator": "I-70",
        "lastUpdatedTimestamp": 1773274746000
      }
    },
    {
      "type": "Feature",
      "geometry": null,
      "properties": {
        "id": "070E23965CAM1RHS",
        "title": "I-70 MP 239.65 EB at CO 103/13th Ave in Idaho Springs",
        "snapshotUrl": "https://cocam.carsprogram.org/Snapshots/070E23965CAM1RHS.flv.png",
        "streamUrl": "https://publicstreamer1.cotrip.org:443/rtplive/070E23965CAM1RHS/playlist.m3u8",
        "cameraCode": "070E23965CAM1RHS",
        "source": "COtrip",
        "state": "Colorado",
        "graphqlUri": "camera/136248/2187847535",
        "graphqlParentUri": "camera/136248",
        "routeDesignator": "I-70",
        "lastUpdatedTimestamp": 1773274702000
      }
    },
    {
      "type": "Feature",
      "geometry": null,
      "properties": {
        "id": "070W23585CAM1RHS",
        "title": "I-70 MP 235.85 WB : 0.8 miles E of Stanley Rd in Dumont",
        "snapshotUrl": "https://cocam.carsprogram.org/Snapshots/070W23585CAM1RHS.flv.png",
        "streamUrl": "https://publicstreamer4.cotrip.org:443/rtplive/070W23585CAM1RHS/playlist.m3u8",
        "cameraCode": "070W23585CAM1RHS",
        "source": "COtrip",
        "state": "Colorado",
        "graphqlUri": "camera/136126/492714967",
        "graphqlParentUri": "camera/136126",
        "routeDesignator": "I-70",
        "lastUpdatedTimestamp": 1773274761000
      }
    },
    {
      "type": "Feature",
      "geometry": null,
      "properties": {
        "id": "070E23420CAM1MED",
        "title": "I-70 MP 234.20 EB at Mountain St in Dumont",
        "snapshotUrl": "https://cocam.carsprogram.org/Snapshots/070E23420CAM1MED.flv.png",
        "streamUrl": "https://publicstreamer3.cotrip.org:443/rtplive/070E23420CAM1MED/playlist.m3u8",
        "cameraCode": "070E23420CAM1MED",
        "source": "COtrip",
        "state": "Colorado",
        "graphqlUri": "camera/135927/759431570",
        "graphqlParentUri": "camera/135927",
        "routeDesignator": "I-70",
        "lastUpdatedTimestamp": 1773274679000
      }
    },
    {
      "type": "Feature",
      "geometry": null,
      "properties": {
        "id": "070W23260CAM1MED",
        "title": "I-70 MP 232.60 WB : 0.7 miles E of US 40",
        "snapshotUrl": "https://cocam.carsprogram.org/Snapshots/070W23260CAM1MED.flv.png",
        "streamUrl": "https://publicstreamer4.cotrip.org:443/rtplive/070W23260CAM1MED/playlist.m3u8",
        "cameraCode": "070W23260CAM1MED",
        "source": "COtrip",
        "state": "Colorado",
        "graphqlUri": "camera/136207/542729270",
        "graphqlParentUri": "camera/136207",
        "routeDesignator": "I-70",
        "lastUpdatedTimestamp": 1773274678000
      }
    },
    {
      "type": "Feature",
      "geometry": null,
      "properties": {
        "id": "070W22860CAM1RP1",
        "title": "I-70 MP 228.60 WB at Georgetown Truck Parking E",
        "snapshotUrl": "https://cocam.carsprogram.org/Snapshots/070W22860CAM1RP1.flv.png",
        "streamUrl": "https://publicstreamer4.cotrip.org:443/rtplive/070W22860CAM1RP1/playlist.m3u8",
        "cameraCode": "070W22860CAM1RP1",
        "source": "COtrip",
        "state": "Colorado",
        "graphqlUri": "camera/136077/2158327138",
        "graphqlParentUri": "camera/136077",
        "routeDesignator": "I-70",
        "lastUpdatedTimestamp": 1773274750000
      }
    },
    {
      "type": "Feature",
      "geometry": null,
      "properties": {
        "id": "070W22800CAM1RHS",
        "title": "I-70 MP 228.00 WB : 0.1 miles E of 15th St in Georgetown",
        "snapshotUrl": "https://cocam.carsprogram.org/Snapshots/070W22800CAM1RHS.flv.png",
        "streamUrl": "https://publicstreamer4.cotrip.org:443/rtplive/070W22800CAM1RHS/playlist.m3u8",
        "cameraCode": "070W22800CAM1RHS",
        "source": "COtrip",
        "state": "Colorado",
        "graphqlUri": "camera/136120/3969693528",
        "graphqlParentUri": "camera/136120",
        "routeDesignator": "I-70",
        "lastUpdatedTimestamp": 1773274759000
      }
    },
    {
      "type": "Feature",
      "geometry": null,
      "properties": {
        "id": "070E22700CAM1RHS",
        "title": "I-70 MP 227.00 EB : 0.9 miles W of 15th St in Georgetown",
        "snapshotUrl": "https://cocam.carsprogram.org/Snapshots/070E22700CAM1RHS.flv.png",
        "streamUrl": "https://publicstreamer4.cotrip.org:443/rtplive/070E22700CAM1RHS/playlist.m3u8",
        "cameraCode": "070E22700CAM1RHS",
        "source": "COtrip",
        "state": "Colorado",
        "graphqlUri": "camera/136073/1060215775",
        "graphqlParentUri": "camera/136073",
        "routeDesignator": "I-70",
        "lastUpdatedTimestamp": 1773274749000
      }
    },
    {
      "type": "Feature",
      "geometry": null,
      "properties": {
        "id": "070E22650CAM1RP1",
        "title": "I-70 MP 226.50 EB : 0.9 miles E of Woodward St in Silver Plume",
        "snapshotUrl": "https://cocam.carsprogram.org/Snapshots/070E22650CAM1RP1.flv.png",
        "streamUrl": "https://publicstreamer4.cotrip.org:443/rtplive/070E22650CAM1RP1/playlist.m3u8",
        "cameraCode": "070E22650CAM1RP1",
        "source": "COtrip",
        "state": "Colorado",
        "graphqlUri": "camera/136088/4109674827",
        "graphqlParentUri": "camera/136088",
        "routeDesignator": "I-70",
        "lastUpdatedTimestamp": 1773274755000
      }
    },
    {
      "type": "Feature",
      "geometry": null,
      "properties": {
        "id": "070W22320CAM1GP2",
        "title": "I-70 MP 223.20 WB : 1.9 miles E of Stevens Gulch Rd in Bakerville",
        "snapshotUrl": "https://cocam.carsprogram.org/Snapshots/070W22320CAM1GP2.flv.png",
        "streamUrl": "https://publicstreamer4.cotrip.org:443/rtplive/070W22320CAM1GP2/playlist.m3u8",
        "cameraCode": "070W22320CAM1GP2",
        "source": "COtrip",
        "state": "Colorado",
        "graphqlUri": "camera/136150/2470857746",
        "graphqlParentUri": "camera/136150",
        "routeDesignator": "I-70",
        "lastUpdatedTimestamp": 1773274729000
      }
    },
    {
      "type": "Feature",
      "geometry": null,
      "properties": {
        "id": "070W22240CAM1RHS",
        "title": "I-70 MP 222.40 WB : 1.2 miles E of Stevens Gulch Rd in Bakerville",
        "snapshotUrl": "https://cocam.carsprogram.org/Snapshots/070W22240CAM1RHS.flv.png",
        "streamUrl": "https://publicstreamer4.cotrip.org:443/rtplive/070W22240CAM1RHS/playlist.m3u8",
        "cameraCode": "070W22240CAM1RHS",
        "source": "COtrip",
        "state": "Colorado",
        "graphqlUri": "camera/136072/475589534",
        "graphqlParentUri": "camera/136072",
        "routeDesignator": "I-70",
        "lastUpdatedTimestamp": 1773274748000
      }
    },
    {
      "type": "Feature",
      "geometry": null,
      "properties": {
        "id": "070W22225CAM1RHS",
        "title": "I-70 MP 222.25 WB : 1.1 miles E of Stevens Gulch Rd in Bakerville",
        "snapshotUrl": "https://cocam.carsprogram.org/Snapshots/070W22225CAM1RHS.flv.png",
        "streamUrl": "https://publicstreamer4.cotrip.org:443/rtplive/070W22225CAM1RHS/playlist.m3u8",
        "cameraCode": "070W22225CAM1RHS",
        "source": "COtrip",
        "state": "Colorado",
        "graphqlUri": "camera/136123/122358270",
        "graphqlParentUri": "camera/136123",
        "routeDesignator": "I-70",
        "lastUpdatedTimestamp": 1773274760000
      }
    },
    {
      "type": "Feature",
      "geometry": null,
      "properties": {
        "id": "070E21660CAM1RHS-2",
        "title": "I-70 MP 216.60 EB : 0.4 miles E of US 6 Loveland Pass 2",
        "snapshotUrl": "/images/icon-camera-closed-fill-solid-padded.svg",
        "streamUrl": "https://publicstreamer3.cotrip.org:443/rtplive/070E21660CAM1RHS-2/playlist.m3u8",
        "cameraCode": "070E21660CAM1RHS-2",
        "source": "COtrip",
        "state": "Colorado",
        "graphqlUri": "camera/135913/1730167719",
        "graphqlParentUri": "camera/135913",
        "routeDesignator": "I-70",
        "lastUpdatedTimestamp": 1773001978000
      }
    },
    {
      "type": "Feature",
      "geometry": null,
      "properties": {
        "id": "070E21560CAM1GP2",
        "title": "I-70 MP 215.60 EB : 0.3 miles E of Eisenhower Tunnel",
        "snapshotUrl": "https://cocam.carsprogram.org/Snapshots/070E21560CAM1GP2.flv.png",
        "streamUrl": "https://publicstreamer4.cotrip.org:443/rtplive/070E21560CAM1GP2/playlist.m3u8",
        "cameraCode": "070E21560CAM1GP2",
        "source": "COtrip",
        "state": "Colorado",
        "graphqlUri": "camera/136155/2884137404",
        "graphqlParentUri": "camera/136155",
        "routeDesignator": "I-70",
        "lastUpdatedTimestamp": 1773274731000
      }
    },
    {
      "type": "Feature",
      "geometry": null,
      "properties": {
        "id": "070E21345CAM1RHS-T",
        "title": "I-70 MP 213.45 EB : 0.1 miles W of Eisenhower Tunnel",
        "snapshotUrl": "https://cocam.carsprogram.org/Snapshots/070E21345CAM1RHS-T.flv.png",
        "streamUrl": "https://publicstreamer4.cotrip.org:443/rtplive/070E21345CAM1RHS-T/playlist.m3u8",
        "cameraCode": "070E21345CAM1RHS-T",
        "source": "COtrip",
        "state": "Colorado",
        "graphqlUri": "camera/136228/3730278733",
        "graphqlParentUri": "camera/136228",
        "routeDesignator": "I-70",
        "lastUpdatedTimestamp": 1773274688000
      }
    },
    {
      "type": "Feature",
      "geometry": null,
      "properties": {
        "id": "070W20890CAM1RHS-1",
        "title": "I-70 MP 208.90 WB : 3.3 miles E of US 6/CO 9 1 in Silverthorne",
        "snapshotUrl": "https://cocam.carsprogram.org/Snapshots/070W20890CAM1RHS-1.flv.png",
        "streamUrl": "https://publicstreamer4.cotrip.org:443/rtplive/070W20890CAM1RHS-1/playlist.m3u8",
        "cameraCode": "070W20890CAM1RHS-1",
        "source": "COtrip",
        "state": "Colorado",
        "graphqlUri": "camera/136140/443672724",
        "graphqlParentUri": "camera/136140",
        "routeDesignator": "I-70",
        "lastUpdatedTimestamp": 1773274767000
      }
    },
    {
      "type": "Feature",
      "geometry": null,
      "properties": {
        "id": "070W20890CAM1RHS-4",
        "title": "I-70 MP 208.90 WB : 3.3 miles E of US 6/CO 9 4 in Silverthorne",
        "snapshotUrl": "https://cocam.carsprogram.org/Snapshots/070W20890CAM1RHS-4.flv.png",
        "streamUrl": "https://publicstreamer1.cotrip.org:443/rtplive/070W20890CAM1RHS-4/playlist.m3u8",
        "cameraCode": "070W20890CAM1RHS-4",
        "source": "COtrip",
        "state": "Colorado",
        "graphqlUri": "camera/136259/2638258993",
        "graphqlParentUri": "camera/136259",
        "routeDesignator": "I-70",
        "lastUpdatedTimestamp": 1773274706000
      }
    },
    {
      "type": "Feature",
      "geometry": null,
      "properties": {
        "id": "070W20495CAM1MED",
        "title": "I-70 MP 204.95 EB : 0.4 miles W of US 6/CO 9 in Silverthorne",
        "snapshotUrl": "https://cocam.carsprogram.org/Snapshots/070W20495CAM1MED.flv.png",
        "streamUrl": "https://publicstreamer4.cotrip.org:443/rtplive/070W20495CAM1MED/playlist.m3u8",
        "cameraCode": "070W20495CAM1MED",
        "source": "COtrip",
        "state": "Colorado",
        "graphqlUri": "camera/136243/1116074696",
        "graphqlParentUri": "camera/136243",
        "routeDesignator": "I-70",
        "lastUpdatedTimestamp": 1773274700000
      }
    },
    {
      "type": "Feature",
      "geometry": null,
      "properties": {
        "id": "070W19960CAM1RHS",
        "title": "I-70 MP 199.60 WB : 1.3 miles W of Main St in Frisco",
        "snapshotUrl": "https://cocam.carsprogram.org/Snapshots/070W19960CAM1RHS.flv.png",
        "streamUrl": "https://publicstreamer4.cotrip.org:443/rtplive/070W19960CAM1RHS/playlist.m3u8",
        "cameraCode": "070W19960CAM1RHS",
        "source": "COtrip",
        "state": "Colorado",
        "graphqlUri": "camera/136066/3974473288",
        "graphqlParentUri": "camera/136066",
        "routeDesignator": "I-70",
        "lastUpdatedTimestamp": 1773274746000
      }
    },
    {
      "type": "Feature",
      "geometry": null,
      "properties": {
        "id": "070W19870CAM1RHS",
        "title": "I-70 MP 198.70 WB : 0.8 miles E of Officers Gulch",
        "snapshotUrl": "https://cocam.carsprogram.org/Snapshots/070W19870CAM1RHS.flv.png",
        "streamUrl": "https://publicstreamer4.cotrip.org:443/rtplive/070W19870CAM1RHS/playlist.m3u8",
        "cameraCode": "070W19870CAM1RHS",
        "source": "COtrip",
        "state": "Colorado",
        "graphqlUri": "camera/136111/396683981",
        "graphqlParentUri": "camera/136111",
        "routeDesignator": "I-70",
        "lastUpdatedTimestamp": 1773274755000
      }
    },
    {
      "type": "Feature",
      "geometry": null,
      "properties": {
        "id": "070E19840CAM1RHS",
        "title": "I-70 MP 198.40 EB : 0.5 miles E of Officers Gulch",
        "snapshotUrl": "https://cocam.carsprogram.org/Snapshots/070E19840CAM1RHS.flv.png",
        "streamUrl": "https://publicstreamer4.cotrip.org:443/rtplive/070E19840CAM1RHS/playlist.m3u8",
        "cameraCode": "070E19840CAM1RHS",
        "source": "COtrip",
        "state": "Colorado",
        "graphqlUri": "camera/136091/2961172753",
        "graphqlParentUri": "camera/136091",
        "routeDesignator": "I-70",
        "lastUpdatedTimestamp": 1773274743000
      }
    },
    {
      "type": "Feature",
      "geometry": null,
      "properties": {
        "id": "070W19585CAM1MED",
        "title": "I-70 MP 195.85 WB : 0.6 miles E of CO 91 Copper Mountain",
        "snapshotUrl": "https://cocam.carsprogram.org/Snapshots/070W19585CAM1MED.flv.png",
        "streamUrl": "https://publicstreamer4.cotrip.org:443/rtplive/070W19585CAM1MED/playlist.m3u8",
        "cameraCode": "070W19585CAM1MED",
        "source": "COtrip",
        "state": "Colorado",
        "graphqlUri": "camera/136109/3106025444",
        "graphqlParentUri": "camera/136109",
        "routeDesignator": "I-70",
        "lastUpdatedTimestamp": 1773274754000
      }
    },
    {
      "type": "Feature",
      "geometry": null,
      "properties": {
        "id": "070E19525CAM2RHS",
        "title": "I-70 MP 195.25 EB at CO 91 in Copper Mountain",
        "snapshotUrl": "https://cocam.carsprogram.org/Snapshots/070E19525CAM2RHS.flv.png",
        "streamUrl": "https://publicstreamer4.cotrip.org:443/rtplive/070E19525CAM2RHS/playlist.m3u8",
        "cameraCode": "070E19525CAM2RHS",
        "source": "COtrip",
        "state": "Colorado",
        "graphqlUri": "camera/136078/2121271278",
        "graphqlParentUri": "camera/136078",
        "routeDesignator": "I-70",
        "lastUpdatedTimestamp": 1773274751000
      }
    },
    {
      "type": "Feature",
      "geometry": null,
      "properties": {
        "id": "070W19310CAM1RHS",
        "title": "I-70 MP 193.10 WB : 2.0 miles W of CO 91 Copper Mountain",
        "snapshotUrl": "https://cocam.carsprogram.org/Snapshots/070W19310CAM1RHS.flv.png",
        "streamUrl": "https://publicstreamer4.cotrip.org:443/rtplive/070W19310CAM1RHS/playlist.m3u8",
        "cameraCode": "070W19310CAM1RHS",
        "source": "COtrip",
        "state": "Colorado",
        "graphqlUri": "camera/136110/4121082712",
        "graphqlParentUri": "camera/136110",
        "routeDesignator": "I-70",
        "lastUpdatedTimestamp": 1773274755000
      }
    },
    {
      "type": "Feature",
      "geometry": null,
      "properties": {
        "id": "070W19045CAM1GP1",
        "title": "I-70 MP 190.45 WB : 0.4 miles E of Vail Pass Summit",
        "snapshotUrl": "https://cocam.carsprogram.org/Snapshots/070W19045CAM1GP1.flv.png",
        "streamUrl": "https://publicstreamer3.cotrip.org:443/rtplive/070W19045CAM1GP1/playlist.m3u8",
        "cameraCode": "070W19045CAM1GP1",
        "source": "COtrip",
        "state": "Colorado",
        "graphqlUri": "camera/136031/2319942979",
        "graphqlParentUri": "camera/136031",
        "routeDesignator": "I-70",
        "lastUpdatedTimestamp": 1773274791000
      }
    },
    {
      "type": "Feature",
      "geometry": null,
      "properties": {
        "id": "070W18945CAM1RHS",
        "title": "I-70 MP 189.45 WB : 0.7 miles W of Vail Pass Summit",
        "snapshotUrl": "https://cocam.carsprogram.org/Snapshots/070W18945CAM1RHS.flv.png",
        "streamUrl": "https://publicstreamer4.cotrip.org:443/rtplive/070W18945CAM1RHS/playlist.m3u8",
        "cameraCode": "070W18945CAM1RHS",
        "source": "COtrip",
        "state": "Colorado",
        "graphqlUri": "camera/136102/2767463034",
        "graphqlParentUri": "camera/136102",
        "routeDesignator": "I-70",
        "lastUpdatedTimestamp": 1773274750000
      }
    },
    {
      "type": "Feature",
      "geometry": null,
      "properties": {
        "id": "070E18945CAM1LHS",
        "title": "I-70 MP 189.45 EB : 0.7 miles W of Vail Pass Summit",
        "snapshotUrl": "https://cocam.carsprogram.org/Snapshots/070E18945CAM1LHS.flv.png",
        "streamUrl": "https://publicstreamer3.cotrip.org:443/rtplive/070E18945CAM1LHS/playlist.m3u8",
        "cameraCode": "070E18945CAM1LHS",
        "source": "COtrip",
        "state": "Colorado",
        "graphqlUri": "camera/136040/2699383080",
        "graphqlParentUri": "camera/136040",
        "routeDesignator": "I-70",
        "lastUpdatedTimestamp": 1773274733000
      }
    },
    {
      "type": "Feature",
      "geometry": null,
      "properties": {
        "id": "070E18780CAM1RHS",
        "title": "I-70 MP 187.80 EB : 2.1 miles W of Vail Pass Summit",
        "snapshotUrl": "https://cocam.carsprogram.org/Snapshots/070E18780CAM1RHS.flv.png",
        "streamUrl": "https://publicstreamer3.cotrip.org:443/rtplive/070E18780CAM1RHS/playlist.m3u8",
        "cameraCode": "070E18780CAM1RHS",
        "source": "COtrip",
        "state": "Colorado",
        "graphqlUri": "camera/136039/1146885643",
        "graphqlParentUri": "camera/136039",
        "routeDesignator": "I-70",
        "lastUpdatedTimestamp": 1773274733000
      }
    },
    {
      "type": "Feature",
      "geometry": null,
      "properties": {
        "id": "070W18680CAM1RHS",
        "title": "I-70 MP 186.80 WB : 3.1 miles W of Vail Pass Summit",
        "snapshotUrl": "https://cocam.carsprogram.org/Snapshots/070W18680CAM1RHS.flv.png",
        "streamUrl": "https://publicstreamer3.cotrip.org:443/rtplive/070W18680CAM1RHS/playlist.m3u8",
        "cameraCode": "070W18680CAM1RHS",
        "source": "COtrip",
        "state": "Colorado",
        "graphqlUri": "camera/136038/1598877145",
        "graphqlParentUri": "camera/136038",
        "routeDesignator": "I-70",
        "lastUpdatedTimestamp": 1773274732000
      }
    },
    {
      "type": "Feature",
      "geometry": null,
      "properties": {
        "id": "070E18635CAM1RHS",
        "title": "I-70 MP 186.35 EB : 3.3 miles W of Vail Pass Summit",
        "snapshotUrl": "https://cocam.carsprogram.org/Snapshots/070E18635CAM1RHS.flv.png",
        "streamUrl": "https://publicstreamer3.cotrip.org:443/rtplive/070E18635CAM1RHS/playlist.m3u8",
        "cameraCode": "070E18635CAM1RHS",
        "source": "COtrip",
        "state": "Colorado",
        "graphqlUri": "camera/135919/158427175",
        "graphqlParentUri": "camera/135919",
        "routeDesignator": "I-70",
        "lastUpdatedTimestamp": 1773274730000
      }
    },
    {
      "type": "Feature",
      "geometry": null,
      "properties": {
        "id": "070E17865CAM1RHS",
        "title": "I-70 MP 178.65 EB at East Vail Chain Station",
        "snapshotUrl": "https://cocam.carsprogram.org/Snapshots/070E17865CAM1RHS.flv.png",
        "streamUrl": "https://publicstreamer1.cotrip.org:443/rtplive/070E17865CAM1RHS/playlist.m3u8",
        "cameraCode": "070E17865CAM1RHS",
        "source": "COtrip",
        "state": "Colorado",
        "graphqlUri": "camera/136257/2546473948",
        "graphqlParentUri": "camera/136257",
        "routeDesignator": "I-70",
        "lastUpdatedTimestamp": 1773274705000
      }
    },
    {
      "type": "Feature",
      "geometry": null,
      "properties": {
        "id": "070E17845CAM1RHS",
        "title": "I-70 MP 178.45 EB at East Central Vail Chain Station",
        "snapshotUrl": "https://cocam.carsprogram.org/Snapshots/070E17845CAM1RHS.flv.png",
        "streamUrl": "https://publicstreamer3.cotrip.org:443/rtplive/070E17845CAM1RHS/playlist.m3u8",
        "cameraCode": "070E17845CAM1RHS",
        "source": "COtrip",
        "state": "Colorado",
        "graphqlUri": "camera/135917/218860029",
        "graphqlParentUri": "camera/135917",
        "routeDesignator": "I-70",
        "lastUpdatedTimestamp": 1773274729000
      }
    },
    {
      "type": "Feature",
      "geometry": null,
      "properties": {
        "id": "070W17585CAM1RHS",
        "title": "I-70 MP 175.85 WB : 0.3 miles W of Vail Rd",
        "snapshotUrl": "https://cocam.carsprogram.org/Snapshots/070W17585CAM1RHS.flv.png",
        "streamUrl": "https://publicstreamer4.cotrip.org:443/rtplive/070W17585CAM1RHS/playlist.m3u8",
        "cameraCode": "070W17585CAM1RHS",
        "source": "COtrip",
        "state": "Colorado",
        "graphqlUri": "camera/136074/908693453",
        "graphqlParentUri": "camera/136074",
        "routeDesignator": "I-70",
        "lastUpdatedTimestamp": 1773274749000
      }
    },
    {
      "type": "Feature",
      "geometry": null,
      "properties": {
        "id": "070W17365CAM1GP2",
        "title": "I-70 MP 173.65 WB : 0.4 miles E of Charmonix Rd in Vail",
        "snapshotUrl": "https://cocam.carsprogram.org/Snapshots/070W17365CAM1GP2.flv.png",
        "streamUrl": "https://publicstreamer4.cotrip.org:443/rtplive/070W17365CAM1GP2/playlist.m3u8",
        "cameraCode": "070W17365CAM1GP2",
        "source": "COtrip",
        "state": "Colorado",
        "graphqlUri": "camera/136058/2099826770",
        "graphqlParentUri": "camera/136058",
        "routeDesignator": "I-70",
        "lastUpdatedTimestamp": 1773274742000
      }
    },
    {
      "type": "Feature",
      "geometry": null,
      "properties": {
        "id": "070W17210CAM1RHS",
        "title": "I-70 MP 172.10 WB : 1.0 mile E of Dowd Junction",
        "snapshotUrl": "https://cocam.carsprogram.org/Snapshots/070W17210CAM1RHS.flv.png",
        "streamUrl": "https://publicstreamer4.cotrip.org:443/rtplive/070W17210CAM1RHS/playlist.m3u8",
        "cameraCode": "070W17210CAM1RHS",
        "source": "COtrip",
        "state": "Colorado",
        "graphqlUri": "camera/136130/1937122199",
        "graphqlParentUri": "camera/136130",
        "routeDesignator": "I-70",
        "lastUpdatedTimestamp": 1773274763000
      }
    },
    {
      "type": "Feature",
      "geometry": null,
      "properties": {
        "id": "070E17110CAM1RP1",
        "title": "I-70 MP 171.10 EB at Dowd Junction",
        "snapshotUrl": "https://cocam.carsprogram.org/Snapshots/070E17110CAM1RP1.flv.png",
        "streamUrl": "https://publicstreamer3.cotrip.org:443/rtplive/070E17110CAM1RP1/playlist.m3u8",
        "cameraCode": "070E17110CAM1RP1",
        "source": "COtrip",
        "state": "Colorado",
        "graphqlUri": "camera/135920/4218473895",
        "graphqlParentUri": "camera/135920",
        "routeDesignator": "I-70",
        "lastUpdatedTimestamp": 1773274730000
      }
    },
    {
      "type": "Feature",
      "geometry": null,
      "properties": {
        "id": "070W16895CAM1RHS",
        "title": "I-70 MP 168.95 WB at US 6 in Eagle",
        "snapshotUrl": "https://cocam.carsprogram.org/Snapshots/070W16895CAM1RHS.flv.png",
        "streamUrl": "https://publicstreamer3.cotrip.org:443/rtplive/070W16895CAM1RHS/playlist.m3u8",
        "cameraCode": "070W16895CAM1RHS",
        "source": "COtrip",
        "state": "Colorado",
        "graphqlUri": "camera/135925/4273171291",
        "graphqlParentUri": "camera/135925",
        "routeDesignator": "I-70",
        "lastUpdatedTimestamp": 1773274678000
      }
    },
    {
      "type": "Feature",
      "geometry": null,
      "properties": {
        "id": "070W16595CAM1RHS",
        "title": "I-70 MP 165.95 WB : 0.9 miles W of Avon Rd",
        "snapshotUrl": "https://cocam.carsprogram.org/Snapshots/070W16595CAM1RHS.flv.png",
        "streamUrl": "https://publicstreamer4.cotrip.org:443/rtplive/070W16595CAM1RHS/playlist.m3u8",
        "cameraCode": "070W16595CAM1RHS",
        "source": "COtrip",
        "state": "Colorado",
        "graphqlUri": "camera/136075/924294147",
        "graphqlParentUri": "camera/136075",
        "routeDesignator": "I-70",
        "lastUpdatedTimestamp": 1773274750000
      }
    },
    {
      "type": "Feature",
      "geometry": null,
      "properties": {
        "id": "070W16285CAM1RHS",
        "title": "I-70 MP 162.85 WB at Beard Creek Rd in Edwards",
        "snapshotUrl": "https://cocam.carsprogram.org/Snapshots/070W16285CAM1RHS.flv.png",
        "streamUrl": "https://publicstreamer4.cotrip.org:443/rtplive/070W16285CAM1RHS/playlist.m3u8",
        "cameraCode": "070W16285CAM1RHS",
        "source": "COtrip",
        "state": "Colorado",
        "graphqlUri": "camera/136158/1788443140",
        "graphqlParentUri": "camera/136158",
        "routeDesignator": "I-70",
        "lastUpdatedTimestamp": 1773274732000
      }
    },
    {
      "type": "Feature",
      "geometry": null,
      "properties": {
        "id": "070W16015CAM1RHS",
        "title": "I-70 MP 160.15 WB at Wilmore Lake",
        "snapshotUrl": "https://cocam.carsprogram.org/Snapshots/070W16015CAM1RHS.flv.png",
        "streamUrl": "https://publicstreamer4.cotrip.org:443/rtplive/070W16015CAM1RHS/playlist.m3u8",
        "cameraCode": "070W16015CAM1RHS",
        "source": "COtrip",
        "state": "Colorado",
        "graphqlUri": "camera/136119/1177679650",
        "graphqlParentUri": "camera/136119",
        "routeDesignator": "I-70",
        "lastUpdatedTimestamp": 1773274758000
      }
    },
    {
      "type": "Feature",
      "geometry": null,
      "properties": {
        "id": "070E13705CAM1RHS",
        "title": "I-70 MP 137.05 EB : 3.0 miles W of Trail Gulch Rd in Gypsum",
        "snapshotUrl": "https://cocam.carsprogram.org/Snapshots/070E13705CAM1RHS.flv.png",
        "streamUrl": "https://publicstreamer4.cotrip.org:443/rtplive/070E13705CAM1RHS/playlist.m3u8",
        "cameraCode": "070E13705CAM1RHS",
        "source": "COtrip",
        "state": "Colorado",
        "graphqlUri": "camera/136057/1333327670",
        "graphqlParentUri": "camera/136057",
        "routeDesignator": "I-70",
        "lastUpdatedTimestamp": 1773274742000
      }
    },
    {
      "type": "Feature",
      "geometry": null,
      "properties": {
        "id": "070W13405CAM1RHS",
        "title": "I-70 MP 134.05 WB at US 6 in Dotsero",
        "snapshotUrl": "https://cocam.carsprogram.org/Snapshots/070W13405CAM1RHS.flv.png",
        "streamUrl": "https://publicstreamer4.cotrip.org:443/rtplive/070W13405CAM1RHS/playlist.m3u8",
        "cameraCode": "070W13405CAM1RHS",
        "source": "COtrip",
        "state": "Colorado",
        "graphqlUri": "camera/136118/3452970309",
        "graphqlParentUri": "camera/136118",
        "routeDesignator": "I-70",
        "lastUpdatedTimestamp": 1773274758000
      }
    },
    {
      "type": "Feature",
      "geometry": null,
      "properties": {
        "id": "070W12810CAM1RHS",
        "title": "I-70 MP 128.10 WB : 0.5 miles W of Bair Ranch Rest Area",
        "snapshotUrl": "https://cocam.carsprogram.org/Snapshots/070W12810CAM1RHS.flv.png",
        "streamUrl": "https://publicstreamer4.cotrip.org:443/rtplive/070W12810CAM1RHS/playlist.m3u8",
        "cameraCode": "070W12810CAM1RHS",
        "source": "COtrip",
        "state": "Colorado",
        "graphqlUri": "camera/136084/1621476898",
        "graphqlParentUri": "camera/136084",
        "routeDesignator": "I-70",
        "lastUpdatedTimestamp": 1773274754000
      }
    },
    {
      "type": "Feature",
      "geometry": null,
      "properties": {
        "id": "070W12250CAM1RHS",
        "title": "I-70 MP 122.50 WB : 1.5 miles E of Grizzly Creek",
        "snapshotUrl": "https://cocam.carsprogram.org/Snapshots/070W12250CAM1RHS.flv.png",
        "streamUrl": "https://publicstreamer4.cotrip.org:443/rtplive/070W12250CAM1RHS/playlist.m3u8",
        "cameraCode": "070W12250CAM1RHS",
        "source": "COtrip",
        "state": "Colorado",
        "graphqlUri": "camera/136154/2293602917",
        "graphqlParentUri": "camera/136154",
        "routeDesignator": "I-70",
        "lastUpdatedTimestamp": 1773274730000
      }
    },
    {
      "type": "Feature",
      "geometry": null,
      "properties": {
        "id": "070E11800CAM1RHS",
        "title": "I-70 MP 118.00 EB at E No Name Tunnel",
        "snapshotUrl": "/images/icon-camera-closed-fill-solid-padded.svg",
        "streamUrl": "https://publicstreamer4.cotrip.org:443/rtplive/070E11800CAM1RHS/playlist.m3u8",
        "cameraCode": "070E11800CAM1RHS",
        "source": "COtrip",
        "state": "Colorado",
        "graphqlUri": "camera/136056/4216980916",
        "graphqlParentUri": "camera/136056",
        "routeDesignator": "I-70",
        "lastUpdatedTimestamp": 1772571550000
      }
    },
    {
      "type": "Feature",
      "geometry": null,
      "properties": {
        "id": "070E11825CAM1MED",
        "title": "I-70 MP 118.25 EB : 0.3 miles E of No Name Tunnel",
        "snapshotUrl": "https://cocam.carsprogram.org/Snapshots/070E11825CAM1MED.flv.png",
        "streamUrl": "https://publicstreamer4.cotrip.org:443/rtplive/070E11825CAM1MED/playlist.m3u8",
        "cameraCode": "070E11825CAM1MED",
        "source": "COtrip",
        "state": "Colorado",
        "graphqlUri": "camera/136115/907537574",
        "graphqlParentUri": "camera/136115",
        "routeDesignator": "I-70",
        "lastUpdatedTimestamp": 1773274757000
      }
    },
    {
      "type": "Feature",
      "geometry": null,
      "properties": {
        "id": "070W11765CAM1RHS",
        "title": "I-70 MP 117.65 WB at W No Name Tunnel",
        "snapshotUrl": "https://cocam.carsprogram.org/Snapshots/070W11765CAM1RHS.flv.png",
        "streamUrl": "https://publicstreamer3.cotrip.org:443/rtplive/070W11765CAM1RHS/playlist.m3u8",
        "cameraCode": "070W11765CAM1RHS",
        "source": "COtrip",
        "state": "Colorado",
        "graphqlUri": "camera/135932/3517977176",
        "graphqlParentUri": "camera/135932",
        "routeDesignator": "I-70",
        "lastUpdatedTimestamp": 1773274681000
      }
    },
    {
      "type": "Feature",
      "geometry": null,
      "properties": {
        "id": "070W27605CAM2SWC",
        "title": "I-70 MP 276.05 WB at Steele St to WB I-70 Ramp",
        "snapshotUrl": "https://cocam.carsprogram.org/Snapshots/070W27605CAM2SWC.flv.png",
        "streamUrl": "https://publicstreamer3.cotrip.org:443/rtplive/070W27605CAM2SWC/playlist.m3u8",
        "cameraCode": "070W27605CAM2SWC",
        "source": "COtrip",
        "state": "Colorado",
        "graphqlUri": "camera/135987/2258010473",
        "graphqlParentUri": "camera/135987",
        "routeDesignator": "I-70 ",
        "lastUpdatedTimestamp": 1773274762000
      }
    },
    {
      "type": "Feature",
      "geometry": null,
      "properties": {
        "id": "070W28460CAM1RHS",
        "title": "I-70 MP 284.60 WB at N Airport Blvd",
        "snapshotUrl": "https://cocam.carsprogram.org/Snapshots/070W28460CAM1RHS.flv.png",
        "streamUrl": "https://publicstreamer3.cotrip.org:443/rtplive/070W28460CAM1RHS/playlist.m3u8",
        "cameraCode": "070W28460CAM1RHS",
        "source": "COtrip",
        "state": "Colorado",
        "graphqlUri": "camera/135985/2482041596",
        "graphqlParentUri": "camera/135985",
        "routeDesignator": "I-70",
        "lastUpdatedTimestamp": 1773274760000
      }
    },
    {
      "type": "Feature",
      "geometry": null,
      "properties": {
        "id": "070E27960CAM1RHS",
        "title": "I-70 MP 279.60 EB at Central Park Blvd",
        "snapshotUrl": "https://cocam.carsprogram.org/Snapshots/070E27960CAM1RHS.flv.png",
        "streamUrl": "https://publicstreamer3.cotrip.org:443/rtplive/070E27960CAM1RHS/playlist.m3u8",
        "cameraCode": "070E27960CAM1RHS",
        "source": "COtrip",
        "state": "Colorado",
        "graphqlUri": "camera/135990/2890573994",
        "graphqlParentUri": "camera/135990",
        "routeDesignator": "I-70",
        "lastUpdatedTimestamp": 1773274763000
      }
    },
    {
      "type": "Feature",
      "geometry": null,
      "properties": {
        "id": "070W27855CAM1RHS",
        "title": "I-70 MP 278.55 WB at Quebec St",
        "snapshotUrl": "https://cocam.carsprogram.org/Snapshots/070W27855CAM1RHS.flv.png",
        "streamUrl": "https://publicstreamer3.cotrip.org:443/rtplive/070W27855CAM1RHS/playlist.m3u8",
        "cameraCode": "070W27855CAM1RHS",
        "source": "COtrip",
        "state": "Colorado",
        "graphqlUri": "camera/135988/2812828394",
        "graphqlParentUri": "camera/135988",
        "routeDesignator": "I-70 ",
        "lastUpdatedTimestamp": 1773274762000
      }
    },
    {
      "type": "Feature",
      "geometry": null,
      "properties": {
        "id": "070E40505CAM1RP1",
        "title": "I-70 MP 405.05 Ebb at CO-59 Ramp to EB I-70 in Seibert",
        "snapshotUrl": "https://cocam.carsprogram.org/Snapshots/070E40505CAM1RP1.flv.png",
        "streamUrl": "https://publicstreamer1.cotrip.org:443/rtplive/070E40505CAM1RP1/playlist.m3u8",
        "cameraCode": "070E40505CAM1RP1",
        "source": "COtrip",
        "state": "Colorado",
        "graphqlUri": "camera/136372/2915181076",
        "graphqlParentUri": "camera/136372",
        "routeDesignator": "I-70",
        "lastUpdatedTimestamp": 1773274727000
      }
    },
    {
      "type": "Feature",
      "geometry": null,
      "properties": {
        "id": "070E38350CAM1RP1",
        "title": "I-70 MP 383.50 EB at CR 43 to EB I-70 Ramp in Arriba",
        "snapshotUrl": "https://cocam.carsprogram.org/Snapshots/070E38350CAM1RP1.flv.png",
        "streamUrl": "https://publicstreamer1.cotrip.org:443/rtplive/070E38350CAM1RP1/playlist.m3u8",
        "cameraCode": "070E38350CAM1RP1",
        "source": "COtrip",
        "state": "Colorado",
        "graphqlUri": "camera/136371/1360933617",
        "graphqlParentUri": "camera/136371",
        "routeDesignator": "I-70",
        "lastUpdatedTimestamp": 1773274727000
      }
    },
    {
      "type": "Feature",
      "geometry": null,
      "properties": {
        "id": "070E29110CAM1GP2",
        "title": "I-70 MP 291.10 EB : 0.1 miles W of Powhaton Rd",
        "snapshotUrl": "https://cocam.carsprogram.org/Snapshots/070E29110CAM1GP2.flv.png",
        "streamUrl": "https://publicstreamer1.cotrip.org:443/rtplive/070E29110CAM1GP2/playlist.m3u8",
        "cameraCode": "070E29110CAM1GP2",
        "source": "COtrip",
        "state": "Colorado",
        "graphqlUri": "camera/136363/1341422974",
        "graphqlParentUri": "camera/136363",
        "routeDesignator": "I-70",
        "lastUpdatedTimestamp": 1773274723000
      }
    },
    {
      "type": "Feature",
      "geometry": null,
      "properties": {
        "id": "070W27840CAM1RHS",
        "title": "I-70 MP 278.40 WB : 0.2 miles W of Quebec St",
        "snapshotUrl": "https://cocam.carsprogram.org/Snapshots/070W27840CAM1RHS.flv.png",
        "streamUrl": "https://publicstreamer3.cotrip.org:443/rtplive/070W27840CAM1RHS/playlist.m3u8",
        "cameraCode": "070W27840CAM1RHS",
        "source": "COtrip",
        "state": "Colorado",
        "graphqlUri": "camera/135989/494177069",
        "graphqlParentUri": "camera/135989",
        "routeDesignator": "I-70",
        "lastUpdatedTimestamp": 1773274762000
      }
    },
    {
      "type": "Feature",
      "geometry": null,
      "properties": {
        "id": "070E27750CAM1RHS",
        "title": "I-70 MP 277.50 EB at Holly St",
        "snapshotUrl": "https://cocam.carsprogram.org/Snapshots/070E27750CAM1RHS.flv.png",
        "streamUrl": "https://publicstreamer1.cotrip.org:443/rtplive/070E27750CAM1RHS/playlist.m3u8",
        "cameraCode": "070E27750CAM1RHS",
        "source": "COtrip",
        "state": "Colorado",
        "graphqlUri": "camera/136472/3374994153",
        "graphqlParentUri": "camera/136472",
        "routeDesignator": "I-70",
        "lastUpdatedTimestamp": 1773274698000
      }
    },
    {
      "type": "Feature",
      "geometry": null,
      "properties": {
        "id": "070W27605CAM1RP1",
        "title": "I-70 MP 276.05 WB at SB Steele St Ramp to WB I-70",
        "snapshotUrl": "https://cocam.carsprogram.org/Snapshots/070W27605CAM1RP1.flv.png",
        "streamUrl": "https://publicstreamer1.cotrip.org:443/rtplive/070W27605CAM1RP1/playlist.m3u8",
        "cameraCode": "070W27605CAM1RP1",
        "source": "COtrip",
        "state": "Colorado",
        "graphqlUri": "camera/136362/917885368",
        "graphqlParentUri": "camera/136362",
        "routeDesignator": "I-70",
        "lastUpdatedTimestamp": 1773274723000
      }
    },
    {
      "type": "Feature",
      "geometry": null,
      "properties": {
        "id": "070W26995CAM1RP1",
        "title": "I-70 MP 269.95 WB : 0.1 miles W of N Harlan St",
        "snapshotUrl": "https://cocam.carsprogram.org/Snapshots/070W26995CAM1RP1.flv.png",
        "streamUrl": "https://publicstreamer1.cotrip.org:443/rtplive/070W26995CAM1RP1/playlist.m3u8",
        "cameraCode": "070W26995CAM1RP1",
        "source": "COtrip",
        "state": "Colorado",
        "graphqlUri": "camera/136540/1911731605",
        "graphqlParentUri": "camera/136540",
        "routeDesignator": "I-70",
        "lastUpdatedTimestamp": 1773274742000
      }
    },
    {
      "type": "Feature",
      "geometry": null,
      "properties": {
        "id": "070W26805CAM1RHS",
        "title": "I-70 MP 268.05 WB : 0.9 miles W of Kipling St",
        "snapshotUrl": "https://cocam.carsprogram.org/Snapshots/070W26805CAM1RHS.flv.png",
        "streamUrl": "https://publicstreamer1.cotrip.org:443/rtplive/070W26805CAM1RHS/playlist.m3u8",
        "cameraCode": "070W26805CAM1RHS",
        "source": "COtrip",
        "state": "Colorado",
        "graphqlUri": "camera/136341/554018781",
        "graphqlParentUri": "camera/136341",
        "routeDesignator": "I-70",
        "lastUpdatedTimestamp": 1773274714000
      }
    },
    {
      "type": "Feature",
      "geometry": null,
      "properties": {
        "id": "070E26415CAM1RHS",
        "title": "I-70 MP 264.15 EB : 0.2 miles W of W 32nd Ave",
        "snapshotUrl": "https://cocam.carsprogram.org/Snapshots/070E26415CAM1RHS.flv.png",
        "streamUrl": "https://publicstreamer1.cotrip.org:443/rtplive/070E26415CAM1RHS/playlist.m3u8",
        "cameraCode": "070E26415CAM1RHS",
        "source": "COtrip",
        "state": "Colorado",
        "graphqlUri": "camera/136298/1652792606",
        "graphqlParentUri": "camera/136298",
        "routeDesignator": "I-70",
        "lastUpdatedTimestamp": 1773274722000
      }
    },
    {
      "type": "Feature",
      "geometry": null,
      "properties": {
        "id": "070E26350CAM1RHS",
        "title": "I-70 MP 263.50 EB : 1.2 miles E of Denver West Colorado Mills Pkwy",
        "snapshotUrl": "https://cocam.carsprogram.org/Snapshots/070E26350CAM1RHS.flv.png",
        "streamUrl": "https://publicstreamer1.cotrip.org:443/rtplive/070E26350CAM1RHS/playlist.m3u8",
        "cameraCode": "070E26350CAM1RHS",
        "source": "COtrip",
        "state": "Colorado",
        "graphqlUri": "camera/136292/1847381195",
        "graphqlParentUri": "camera/136292",
        "routeDesignator": "I-70",
        "lastUpdatedTimestamp": 1773274720000
      }
    },
    {
      "type": "Feature",
      "geometry": null,
      "properties": {
        "id": "070W25975CAM1RHS",
        "title": "I-70 MP 259.75 WB at C-470",
        "snapshotUrl": "https://cocam.carsprogram.org/Snapshots/070W25975CAM1RHS.flv.png",
        "streamUrl": "https://publicstreamer1.cotrip.org:443/rtplive/070W25975CAM1RHS/playlist.m3u8",
        "cameraCode": "070W25975CAM1RHS",
        "source": "COtrip",
        "state": "Colorado",
        "graphqlUri": "camera/136303/786341332",
        "graphqlParentUri": "camera/136303",
        "routeDesignator": "I-70",
        "lastUpdatedTimestamp": 1773274725000
      }
    },
    {
      "type": "Feature",
      "geometry": null,
      "properties": {
        "id": "070W25600CAM1RP1",
        "title": "I-70 MP 256.00 WB at Lookout Mountain",
        "snapshotUrl": "https://cocam.carsprogram.org/Snapshots/070W25600CAM1RP1.flv.png",
        "streamUrl": "https://publicstreamer1.cotrip.org:443/rtplive/070W25600CAM1RP1/playlist.m3u8",
        "cameraCode": "070W25600CAM1RP1",
        "source": "COtrip",
        "state": "Colorado",
        "graphqlUri": "camera/136349/4036015750",
        "graphqlParentUri": "camera/136349",
        "routeDesignator": "I-70",
        "lastUpdatedTimestamp": 1773274717000
      }
    },
    {
      "type": "Feature",
      "geometry": null,
      "properties": {
        "id": "070W25355CAM1RP1",
        "title": "I-70 MP 253.55 WB at Genesee Park",
        "snapshotUrl": "https://cocam.carsprogram.org/Snapshots/070W25355CAM1RP1.flv.png",
        "streamUrl": "https://publicstreamer1.cotrip.org:443/rtplive/070W25355CAM1RP1/playlist.m3u8",
        "cameraCode": "070W25355CAM1RP1",
        "source": "COtrip",
        "state": "Colorado",
        "graphqlUri": "camera/136331/703867507",
        "graphqlParentUri": "camera/136331",
        "routeDesignator": "I-70",
        "lastUpdatedTimestamp": 1773274709000
      }
    },
    {
      "type": "Feature",
      "geometry": null,
      "properties": {
        "id": "070W24910CAM1RHS",
        "title": "I-70 MP 249.10 WB : 1.4 miles E of CR 65 ",
        "snapshotUrl": "https://cocam.carsprogram.org/Snapshots/070W24910CAM1RHS.flv.png",
        "streamUrl": "https://publicstreamer1.cotrip.org:443/rtplive/070W24910CAM1RHS/playlist.m3u8",
        "cameraCode": "070W24910CAM1RHS",
        "source": "COtrip",
        "state": "Colorado",
        "graphqlUri": "camera/136326/4029817647",
        "graphqlParentUri": "camera/136326",
        "routeDesignator": "I-70",
        "lastUpdatedTimestamp": 1773274707000
      }
    },
    {
      "type": "Feature",
      "geometry": null,
      "properties": {
        "id": "070E24905CAM1RHS",
        "title": "I-70 MP 249.05 EB : 1.4 miles E of CR 65",
        "snapshotUrl": "https://cocam.carsprogram.org/Snapshots/070E24905CAM1RHS.flv.png",
        "streamUrl": "https://publicstreamer1.cotrip.org:443/rtplive/070E24905CAM1RHS/playlist.m3u8",
        "cameraCode": "070E24905CAM1RHS",
        "source": "COtrip",
        "state": "Colorado",
        "graphqlUri": "camera/136313/1793110105",
        "graphqlParentUri": "camera/136313",
        "routeDesignator": "I-70",
        "lastUpdatedTimestamp": 1773274729000
      }
    },
    {
      "type": "Feature",
      "geometry": null,
      "properties": {
        "id": "070W24325CAM1RHS",
        "title": "I-70 MP 243.25 WB : 0.3 miles E of Central City Pkwy",
        "snapshotUrl": "https://cocam.carsprogram.org/Snapshots/070W24325CAM1RHS.flv.png",
        "streamUrl": "https://publicstreamer1.cotrip.org:443/rtplive/070W24325CAM1RHS/playlist.m3u8",
        "cameraCode": "070W24325CAM1RHS",
        "source": "COtrip",
        "state": "Colorado",
        "graphqlUri": "camera/136361/380925862",
        "graphqlParentUri": "camera/136361",
        "routeDesignator": "I-70",
        "lastUpdatedTimestamp": 1773274722000
      }
    },
    {
      "type": "Feature",
      "geometry": null,
      "properties": {
        "id": "070W24285CAM1RHS",
        "title": "I-70 MP 242.85 WB : 0.2 miles W of Central City Pkwy",
        "snapshotUrl": "https://cocam.carsprogram.org/Snapshots/070W24285CAM1RHS.flv.png",
        "streamUrl": "https://publicstreamer1.cotrip.org:443/rtplive/070W24285CAM1RHS/playlist.m3u8",
        "cameraCode": "070W24285CAM1RHS",
        "source": "COtrip",
        "state": "Colorado",
        "graphqlUri": "camera/136274/1660928766",
        "graphqlParentUri": "camera/136274",
        "routeDesignator": "I-70",
        "lastUpdatedTimestamp": 1773274712000
      }
    },
    {
      "type": "Feature",
      "geometry": null,
      "properties": {
        "id": "070W23915CAM1RP1",
        "title": "I-70 MP 239.15 WB : 0.3 miles E of Stanley Rd/CR 312",
        "snapshotUrl": "https://cocam.carsprogram.org/Snapshots/070W23915CAM1RP1.flv.png",
        "streamUrl": "https://publicstreamer1.cotrip.org:443/rtplive/070W23915CAM1RP1/playlist.m3u8",
        "cameraCode": "070W23915CAM1RP1",
        "source": "COtrip",
        "state": "Colorado",
        "graphqlUri": "camera/136360/40173017",
        "graphqlParentUri": "camera/136360",
        "routeDesignator": "I-70",
        "lastUpdatedTimestamp": 1773274722000
      }
    },
    {
      "type": "Feature",
      "geometry": null,
      "properties": {
        "id": "070E23900CAM1RHS",
        "title": "I-70 MP 239.00 EB : 0.1 miles E of Stanley Rd/CR 312",
        "snapshotUrl": "https://cocam.carsprogram.org/Snapshots/070E23900CAM1RHS.flv.png",
        "streamUrl": "https://publicstreamer1.cotrip.org:443/rtplive/070E23900CAM1RHS/playlist.m3u8",
        "cameraCode": "070E23900CAM1RHS",
        "source": "COtrip",
        "state": "Colorado",
        "graphqlUri": "camera/136529/909085229",
        "graphqlParentUri": "camera/136529",
        "routeDesignator": "I-70",
        "lastUpdatedTimestamp": 1773274738000
      }
    },
    {
      "type": "Feature",
      "geometry": null,
      "properties": {
        "id": "070W23500CAM1RP1",
        "title": "I-70 MP 235.00 WB at Stanley Rd in Dumont",
        "snapshotUrl": "https://cocam.carsprogram.org/Snapshots/070W23500CAM1RP1.flv.png",
        "streamUrl": "https://publicstreamer1.cotrip.org:443/rtplive/070W23500CAM1RP1/playlist.m3u8",
        "cameraCode": "070W23500CAM1RP1",
        "source": "COtrip",
        "state": "Colorado",
        "graphqlUri": "camera/136309/165419905",
        "graphqlParentUri": "camera/136309",
        "routeDesignator": "I-70",
        "lastUpdatedTimestamp": 1773274727000
      }
    },
    {
      "type": "Feature",
      "geometry": null,
      "properties": {
        "id": "070W22880CAM1RHS",
        "title": "I-70 MP 228.80 WB : 0.9 miles E of 15th St in Georgetown",
        "snapshotUrl": "https://cocam.carsprogram.org/Snapshots/070W22880CAM1RHS.flv.png",
        "streamUrl": "https://publicstreamer1.cotrip.org:443/rtplive/070W22880CAM1RHS/playlist.m3u8",
        "cameraCode": "070W22880CAM1RHS",
        "source": "COtrip",
        "state": "Colorado",
        "graphqlUri": "camera/136335/2519931736",
        "graphqlParentUri": "camera/136335",
        "routeDesignator": "I-70",
        "lastUpdatedTimestamp": 1773274711000
      }
    },
    {
      "type": "Feature",
      "geometry": null,
      "properties": {
        "id": "070W22405CAM1GP2",
        "title": "I-70 MP 224.05 WB : 2.0 miles W of Woodward St in Silver Plume",
        "snapshotUrl": "https://cocam.carsprogram.org/Snapshots/070W22405CAM1GP2.flv.png",
        "streamUrl": "https://publicstreamer1.cotrip.org:443/rtplive/070W22405CAM1GP2/playlist.m3u8",
        "cameraCode": "070W22405CAM1GP2",
        "source": "COtrip",
        "state": "Colorado",
        "graphqlUri": "camera/136264/4258284066",
        "graphqlParentUri": "camera/136264",
        "routeDesignator": "I-70",
        "lastUpdatedTimestamp": 1773274708000
      }
    },
    {
      "type": "Feature",
      "geometry": null,
      "properties": {
        "id": "070W22335CAM1RHS",
        "title": "I-70 MP 223.35 WB : 2.1 miles E of Stevens Gulch Rd in Bakerville",
        "snapshotUrl": "https://cocam.carsprogram.org/Snapshots/070W22335CAM1RHS.flv.png",
        "streamUrl": "https://publicstreamer1.cotrip.org:443/rtplive/070W22335CAM1RHS/playlist.m3u8",
        "cameraCode": "070W22335CAM1RHS",
        "source": "COtrip",
        "state": "Colorado",
        "graphqlUri": "camera/136290/299419133",
        "graphqlParentUri": "camera/136290",
        "routeDesignator": "I-70",
        "lastUpdatedTimestamp": 1773274719000
      }
    },
    {
      "type": "Feature",
      "geometry": null,
      "properties": {
        "id": "070W21970CAM1RHS",
        "title": "I-70 MP 219.70 WB : 1.3 miles E of Herman Gulch Rd",
        "snapshotUrl": "https://cocam.carsprogram.org/Snapshots/070W21970CAM1RHS.flv.png",
        "streamUrl": "https://publicstreamer1.cotrip.org:443/rtplive/070W21970CAM1RHS/playlist.m3u8",
        "cameraCode": "070W21970CAM1RHS",
        "source": "COtrip",
        "state": "Colorado",
        "graphqlUri": "camera/136279/2495104711",
        "graphqlParentUri": "camera/136279",
        "routeDesignator": "I-70",
        "lastUpdatedTimestamp": 1773274714000
      }
    },
    {
      "type": "Feature",
      "geometry": null,
      "properties": {
        "id": "070E21785CAM1RHS",
        "title": "I-70 MP 217.85 EB : 0.6 miles W of Herman Gulch Rd",
        "snapshotUrl": "https://cocam.carsprogram.org/Snapshots/070E21785CAM1RHS.flv.png",
        "streamUrl": "https://publicstreamer1.cotrip.org:443/rtplive/070E21785CAM1RHS/playlist.m3u8",
        "cameraCode": "070E21785CAM1RHS",
        "source": "COtrip",
        "state": "Colorado",
        "graphqlUri": "camera/136500/2147468071",
        "graphqlParentUri": "camera/136500",
        "routeDesignator": "I-70",
        "lastUpdatedTimestamp": 1773274718000
      }
    },
    {
      "type": "Feature",
      "geometry": null,
      "properties": {
        "id": "070W21740CAM1GP2",
        "title": "I-70 MP 217.40 WB : 1.0 mile W of Herman Gulch Rd",
        "snapshotUrl": "https://cocam.carsprogram.org/Snapshots/070W21740CAM1GP2.flv.png",
        "streamUrl": "https://publicstreamer1.cotrip.org:443/rtplive/070W21740CAM1GP2/playlist.m3u8",
        "cameraCode": "070W21740CAM1GP2",
        "source": "COtrip",
        "state": "Colorado",
        "graphqlUri": "camera/136281/2853643976",
        "graphqlParentUri": "camera/136281",
        "routeDesignator": "I-70",
        "lastUpdatedTimestamp": 1773274715000
      }
    },
    {
      "type": "Feature",
      "geometry": null,
      "properties": {
        "id": "070E21660CAM1RHS-3",
        "title": "I-70 MP 216.60 EB : 0.4 miles E of US 6 Loveland Pass 3",
        "snapshotUrl": "/images/icon-camera-closed-fill-solid-padded.svg",
        "streamUrl": "https://publicstreamer1.cotrip.org:443/rtplive/070E21660CAM1RHS-3/playlist.m3u8",
        "cameraCode": "070E21660CAM1RHS-3",
        "source": "COtrip",
        "state": "Colorado",
        "graphqlUri": "camera/136294/2159723110",
        "graphqlParentUri": "camera/136294",
        "routeDesignator": "I-70",
        "lastUpdatedTimestamp": 1772873796000
      }
    },
    {
      "type": "Feature",
      "geometry": null,
      "properties": {
        "id": "070W21590CAM1RHS",
        "title": "I-70 MP 215.90 WB : 0.7 miles E of Eisenhower Tunnel",
        "snapshotUrl": "https://cocam.carsprogram.org/Snapshots/070W21590CAM1RHS.flv.png",
        "streamUrl": "https://publicstreamer1.cotrip.org:443/rtplive/070W21590CAM1RHS/playlist.m3u8",
        "cameraCode": "070W21590CAM1RHS",
        "source": "COtrip",
        "state": "Colorado",
        "graphqlUri": "camera/136276/4284818277",
        "graphqlParentUri": "camera/136276",
        "routeDesignator": "I-70",
        "lastUpdatedTimestamp": 1773274713000
      }
    },
    {
      "type": "Feature",
      "geometry": null,
      "properties": {
        "id": "070E21345CAM1RHS-V",
        "title": "I-70 MP 213.45 EB : 0.1 miles W of Eisenhower Tunnel",
        "snapshotUrl": "https://cocam.carsprogram.org/Snapshots/070E21345CAM1RHS-V.flv.png",
        "streamUrl": "https://publicstreamer1.cotrip.org:443/rtplive/070E21345CAM1RHS-V/playlist.m3u8",
        "cameraCode": "070E21345CAM1RHS-V",
        "source": "COtrip",
        "state": "Colorado",
        "graphqlUri": "camera/136330/3730278733",
        "graphqlParentUri": "camera/136330",
        "routeDesignator": "I-70",
        "lastUpdatedTimestamp": 1773274709000
      }
    },
    {
      "type": "Feature",
      "geometry": null,
      "properties": {
        "id": "070E20075CAM1RHS",
        "title": "I-70 MP 200.75 EB : 0.2 miles W of Main St in Frisco",
        "snapshotUrl": "https://cocam.carsprogram.org/Snapshots/070E20075CAM1RHS.flv.png",
        "streamUrl": "https://publicstreamer1.cotrip.org:443/rtplive/070E20075CAM1RHS/playlist.m3u8",
        "cameraCode": "070E20075CAM1RHS",
        "source": "COtrip",
        "state": "Colorado",
        "graphqlUri": "camera/136348/3515798685",
        "graphqlParentUri": "camera/136348",
        "routeDesignator": "I-70",
        "lastUpdatedTimestamp": 1773274717000
      }
    },
    {
      "type": "Feature",
      "geometry": null,
      "properties": {
        "id": "070W19780CAM1RHS",
        "title": "I-70 MP 197.80 WB at Officers Gulch",
        "snapshotUrl": "https://cocam.carsprogram.org/Snapshots/070W19780CAM1RHS.flv.png",
        "streamUrl": "https://publicstreamer1.cotrip.org:443/rtplive/070W19780CAM1RHS/playlist.m3u8",
        "cameraCode": "070W19780CAM1RHS",
        "source": "COtrip",
        "state": "Colorado",
        "graphqlUri": "camera/136318/3242455030",
        "graphqlParentUri": "camera/136318",
        "routeDesignator": "I-70",
        "lastUpdatedTimestamp": 1773274704000
      }
    },
    {
      "type": "Feature",
      "geometry": null,
      "properties": {
        "id": "070E19010CAM1RP1",
        "title": "I-70 MP 190.10 EB at Vail Pass Summit",
        "snapshotUrl": "https://cocam.carsprogram.org/Snapshots/070E19010CAM1RP1.flv.png",
        "streamUrl": "https://publicstreamer1.cotrip.org:443/rtplive/070E19010CAM1RP1/playlist.m3u8",
        "cameraCode": "070E19010CAM1RP1",
        "source": "COtrip",
        "state": "Colorado",
        "graphqlUri": "camera/136394/924600774",
        "graphqlParentUri": "camera/136394",
        "routeDesignator": "I-70",
        "lastUpdatedTimestamp": 1773274687000
      }
    },
    {
      "type": "Feature",
      "geometry": null,
      "properties": {
        "id": "070W18915CAM1GP2",
        "title": "I-70 MP 189.15 WB : 1.0 mile W of Vail Pass Summit",
        "snapshotUrl": "https://cocam.carsprogram.org/Snapshots/070W18915CAM1GP2.flv.png",
        "streamUrl": "https://publicstreamer1.cotrip.org:443/rtplive/070W18915CAM1GP2/playlist.m3u8",
        "cameraCode": "070W18915CAM1GP2",
        "source": "COtrip",
        "state": "Colorado",
        "graphqlUri": "camera/136327/2734418602",
        "graphqlParentUri": "camera/136327",
        "routeDesignator": "I-70",
        "lastUpdatedTimestamp": 1773274708000
      }
    },
    {
      "type": "Feature",
      "geometry": null,
      "properties": {
        "id": "070E18610CAM1RHS",
        "title": "I-70 MP 186.10 EB : 3.5 miles W of Vail Pass Summit",
        "snapshotUrl": "https://cocam.carsprogram.org/Snapshots/070E18610CAM1RHS.flv.png",
        "streamUrl": "https://publicstreamer1.cotrip.org:443/rtplive/070E18610CAM1RHS/playlist.m3u8",
        "cameraCode": "070E18610CAM1RHS",
        "source": "COtrip",
        "state": "Colorado",
        "graphqlUri": "camera/136334/4007428550",
        "graphqlParentUri": "camera/136334",
        "routeDesignator": "I-70",
        "lastUpdatedTimestamp": 1773274711000
      }
    },
    {
      "type": "Feature",
      "geometry": null,
      "properties": {
        "id": "070E18365CAM1RHS",
        "title": "I-70 MP 183.65 EB : 4.5 miles E of Big Horn Rd in Vail",
        "snapshotUrl": "https://cocam.carsprogram.org/Snapshots/070E18365CAM1RHS.flv.png",
        "streamUrl": "https://publicstreamer1.cotrip.org:443/rtplive/070E18365CAM1RHS/playlist.m3u8",
        "cameraCode": "070E18365CAM1RHS",
        "source": "COtrip",
        "state": "Colorado",
        "graphqlUri": "camera/136336/488546808",
        "graphqlParentUri": "camera/136336",
        "routeDesignator": "I-70",
        "lastUpdatedTimestamp": 1773274712000
      }
    },
    {
      "type": "Feature",
      "geometry": null,
      "properties": {
        "id": "070E18280CAM1RHS",
        "title": "I-70 MP 182.80 EB : 2.6 miles E of Big Horn Rd in Vail",
        "snapshotUrl": "https://cocam.carsprogram.org/Snapshots/070E18280CAM1RHS.flv.png",
        "streamUrl": "https://publicstreamer1.cotrip.org:443/rtplive/070E18280CAM1RHS/playlist.m3u8",
        "cameraCode": "070E18280CAM1RHS",
        "source": "COtrip",
        "state": "Colorado",
        "graphqlUri": "camera/136340/686157399",
        "graphqlParentUri": "camera/136340",
        "routeDesignator": "I-70",
        "lastUpdatedTimestamp": 1773274714000
      }
    },
    {
      "type": "Feature",
      "geometry": null,
      "properties": {
        "id": "070E18215CAM1RHS",
        "title": "I-70 MP 182.15 WB : 2.2 miles E of Big Horn Rd in Vail",
        "snapshotUrl": "https://cocam.carsprogram.org/Snapshots/070E18215CAM1RHS.flv.png",
        "streamUrl": "https://publicstreamer1.cotrip.org:443/rtplive/070E18215CAM1RHS/playlist.m3u8",
        "cameraCode": "070E18215CAM1RHS",
        "source": "COtrip",
        "state": "Colorado",
        "graphqlUri": "camera/136297/1575323565",
        "graphqlParentUri": "camera/136297",
        "routeDesignator": "I-70",
        "lastUpdatedTimestamp": 1773274722000
      }
    },
    {
      "type": "Feature",
      "geometry": null,
      "properties": {
        "id": "070W17990CAM1RHS",
        "title": "I-70 MP 179.90 WB at Big Horn Rd in Vail",
        "snapshotUrl": "https://cocam.carsprogram.org/Snapshots/070W17990CAM1RHS.flv.png",
        "streamUrl": "https://publicstreamer1.cotrip.org:443/rtplive/070W17990CAM1RHS/playlist.m3u8",
        "cameraCode": "070W17990CAM1RHS",
        "source": "COtrip",
        "state": "Colorado",
        "graphqlUri": "camera/136541/1183294103",
        "graphqlParentUri": "camera/136541",
        "routeDesignator": "I-70",
        "lastUpdatedTimestamp": 1773274743000
      }
    },
    {
      "type": "Feature",
      "geometry": null,
      "properties": {
        "id": "070E17820CAM1RHS",
        "title": "I-70 MP 178.20 EB at West Central Vail Chain Station",
        "snapshotUrl": "https://cocam.carsprogram.org/Snapshots/070E17820CAM1RHS.flv.png",
        "streamUrl": "https://publicstreamer1.cotrip.org:443/rtplive/070E17820CAM1RHS/playlist.m3u8",
        "cameraCode": "070E17820CAM1RHS",
        "source": "COtrip",
        "state": "Colorado",
        "graphqlUri": "camera/136350/3437562504",
        "graphqlParentUri": "camera/136350",
        "routeDesignator": "I-70",
        "lastUpdatedTimestamp": 1773274718000
      }
    },
    {
      "type": "Feature",
      "geometry": null,
      "properties": {
        "id": "070E17790CAM1RHS",
        "title": "I-70 MP 177.90 EB at West Vail Chain Station",
        "snapshotUrl": "https://cocam.carsprogram.org/Snapshots/070E17790CAM1RHS.flv.png",
        "streamUrl": "https://publicstreamer1.cotrip.org:443/rtplive/070E17790CAM1RHS/playlist.m3u8",
        "cameraCode": "070E17790CAM1RHS",
        "source": "COtrip",
        "state": "Colorado",
        "graphqlUri": "camera/136388/2776418351",
        "graphqlParentUri": "camera/136388",
        "routeDesignator": "I-70",
        "lastUpdatedTimestamp": 1773274683000
      }
    },
    {
      "type": "Feature",
      "geometry": null,
      "properties": {
        "id": "070E17530CAM1GP2",
        "title": "I-70 MP 175.30 EB : 1.0 mile W of Vail Rd",
        "snapshotUrl": "https://cocam.carsprogram.org/Snapshots/070E17530CAM1GP2.flv.png",
        "streamUrl": "https://publicstreamer1.cotrip.org:443/rtplive/070E17530CAM1GP2/playlist.m3u8",
        "cameraCode": "070E17530CAM1GP2",
        "source": "COtrip",
        "state": "Colorado",
        "graphqlUri": "camera/136282/1595969056",
        "graphqlParentUri": "camera/136282",
        "routeDesignator": "I-70",
        "lastUpdatedTimestamp": 1773274715000
      }
    },
    {
      "type": "Feature",
      "geometry": null,
      "properties": {
        "id": "070W17175CAM1RHS",
        "title": "I-70 MP 171.75 WB : 0.7 miles E of Dowd Junction",
        "snapshotUrl": "https://cocam.carsprogram.org/Snapshots/070W17175CAM1RHS.flv.png",
        "streamUrl": "https://publicstreamer3.cotrip.org:443/rtplive/070W17175CAM1RHS/playlist.m3u8",
        "cameraCode": "070W17175CAM1RHS",
        "source": "COtrip",
        "state": "Colorado",
        "graphqlUri": "camera/135890/1734920354",
        "graphqlParentUri": "camera/135890",
        "routeDesignator": "I-70",
        "lastUpdatedTimestamp": 1773274717000
      }
    },
    {
      "type": "Feature",
      "geometry": null,
      "properties": {
        "id": "070E16955CAM1GP2",
        "title": "I-70 MP 169.55 EB : 0.9 miles E of US 6 in Eagle",
        "snapshotUrl": "https://cocam.carsprogram.org/Snapshots/070E16955CAM1GP2.flv.png",
        "streamUrl": "https://publicstreamer1.cotrip.org:443/rtplive/070E16955CAM1GP2/playlist.m3u8",
        "cameraCode": "070E16955CAM1GP2",
        "source": "COtrip",
        "state": "Colorado",
        "graphqlUri": "camera/136295/124833662",
        "graphqlParentUri": "camera/136295",
        "routeDesignator": "I-70",
        "lastUpdatedTimestamp": 1773274721000
      }
    },
    {
      "type": "Feature",
      "geometry": null,
      "properties": {
        "id": "070W16665CAM1RHS",
        "title": "I-70 MP 166.65 WB at Avon Rd",
        "snapshotUrl": "https://cocam.carsprogram.org/Snapshots/070W16665CAM1RHS.flv.png",
        "streamUrl": "https://publicstreamer3.cotrip.org:443/rtplive/070W16665CAM1RHS/playlist.m3u8",
        "cameraCode": "070W16665CAM1RHS",
        "source": "COtrip",
        "state": "Colorado",
        "graphqlUri": "camera/135884/3106221479",
        "graphqlParentUri": "camera/135884",
        "routeDesignator": "I-70",
        "lastUpdatedTimestamp": 1773274713000
      }
    },
    {
      "type": "Feature",
      "geometry": null,
      "properties": {
        "id": "070W15810CAM1RHS",
        "title": "I-70 MP 158.10 WB : 1.8 miles E of CO 131",
        "snapshotUrl": "https://cocam.carsprogram.org/Snapshots/070W15810CAM1RHS.flv.png",
        "streamUrl": "https://publicstreamer1.cotrip.org:443/rtplive/070W15810CAM1RHS/playlist.m3u8",
        "cameraCode": "070W15810CAM1RHS",
        "source": "COtrip",
        "state": "Colorado",
        "graphqlUri": "camera/136337/3479109517",
        "graphqlParentUri": "camera/136337",
        "routeDesignator": "I-70",
        "lastUpdatedTimestamp": 1773274712000
      }
    },
    {
      "type": "Feature",
      "geometry": null,
      "properties": {
        "id": "070W15660CAM1RHS",
        "title": "I-70 MP 156.60 WB at CO 131",
        "snapshotUrl": "https://cocam.carsprogram.org/Snapshots/070W15660CAM1RHS.flv.png",
        "streamUrl": "https://publicstreamer3.cotrip.org:443/rtplive/070W15660CAM1RHS/playlist.m3u8",
        "cameraCode": "070W15660CAM1RHS",
        "source": "COtrip",
        "state": "Colorado",
        "graphqlUri": "camera/135911/3212910654",
        "graphqlParentUri": "camera/135911",
        "routeDesignator": "I-70",
        "lastUpdatedTimestamp": 1773274727000
      }
    },
    {
      "type": "Feature",
      "geometry": null,
      "properties": {
        "id": "070E13230CAM1GP2",
        "title": "I-70 MP 132.30 EB : 1.3 miles W of Colorado River Rd in Dotsero",
        "snapshotUrl": "https://cocam.carsprogram.org/Snapshots/070E13230CAM1GP2.flv.png",
        "streamUrl": "https://publicstreamer3.cotrip.org:443/rtplive/070E13230CAM1GP2/playlist.m3u8",
        "cameraCode": "070E13230CAM1GP2",
        "source": "COtrip",
        "state": "Colorado",
        "graphqlUri": "camera/135891/2026769759",
        "graphqlParentUri": "camera/135891",
        "routeDesignator": "I-70",
        "lastUpdatedTimestamp": 1773274717000
      }
    },
    {
      "type": "Feature",
      "geometry": null,
      "properties": {
        "id": "070E12880CAM1RHS",
        "title": "I-70 MP 128.80 EB : 0.2 miles E of Bair Ranch Rest Area",
        "snapshotUrl": "https://cocam.carsprogram.org/Snapshots/070E12880CAM1RHS.flv.png",
        "streamUrl": "https://publicstreamer1.cotrip.org:443/rtplive/070E12880CAM1RHS/playlist.m3u8",
        "cameraCode": "070E12880CAM1RHS",
        "source": "COtrip",
        "state": "Colorado",
        "graphqlUri": "camera/136291/3801399916",
        "graphqlParentUri": "camera/136291",
        "routeDesignator": "I-70",
        "lastUpdatedTimestamp": 1773274719000
      }
    },
    {
      "type": "Feature",
      "geometry": null,
      "properties": {
        "id": "070W12085CAM1RHS",
        "title": "I-70 MP 120.85 WB : 0.2 miles W of Grizzly Creek Rest Area",
        "snapshotUrl": "https://cocam.carsprogram.org/Snapshots/070W12085CAM1RHS.flv.png",
        "streamUrl": "https://publicstreamer3.cotrip.org:443/rtplive/070W12085CAM1RHS/playlist.m3u8",
        "cameraCode": "070W12085CAM1RHS",
        "source": "COtrip",
        "state": "Colorado",
        "graphqlUri": "camera/135860/738608988",
        "graphqlParentUri": "camera/135860",
        "routeDesignator": "I-70",
        "lastUpdatedTimestamp": 1773274518000
      }
    },
    {
      "type": "Feature",
      "geometry": null,
      "properties": {
        "id": "070E11685CAM1RHS",
        "title": "I-70 MP 116.85 EB : 0.4 miles E of Grand Ave in Glenwood Springs",
        "snapshotUrl": "https://cocam.carsprogram.org/Snapshots/070E11685CAM1RHS.flv.png",
        "streamUrl": "https://publicstreamer4.cotrip.org:443/rtplive/070E11685CAM1RHS/playlist.m3u8",
        "cameraCode": "070E11685CAM1RHS",
        "source": "COtrip",
        "state": "Colorado",
        "graphqlUri": "camera/136152/1424155249",
        "graphqlParentUri": "camera/136152",
        "routeDesignator": "I-70",
        "lastUpdatedTimestamp": 1773274730000
      }
    },
    {
      "type": "Feature",
      "geometry": null,
      "properties": {
        "id": "070E11660CAM1RHS",
        "title": "I-70 MP 116.60 EB at Grand Ave in Glenwood Springs",
        "snapshotUrl": "https://cocam.carsprogram.org/Snapshots/070E11660CAM1RHS.flv.png",
        "streamUrl": "https://publicstreamer3.cotrip.org:443/rtplive/070E11660CAM1RHS/playlist.m3u8",
        "cameraCode": "070E11660CAM1RHS",
        "source": "COtrip",
        "state": "Colorado",
        "graphqlUri": "camera/135850/253600237",
        "graphqlParentUri": "camera/135850",
        "routeDesignator": "I-70",
        "lastUpdatedTimestamp": 1773274514000
      }
    },
    {
      "type": "Feature",
      "geometry": null,
      "properties": {
        "id": "070W10895CAM1RP1",
        "title": "I-70 MP 108.95 WB at Canyon Creek Rd in Glenwood Springs",
        "snapshotUrl": "https://cocam.carsprogram.org/Snapshots/070W10895CAM1RP1.flv.png",
        "streamUrl": "https://publicstreamer2.cotrip.org:443/rtplive/070W10895CAM1RP1/playlist.m3u8",
        "cameraCode": "070W10895CAM1RP1",
        "source": "COtrip",
        "state": "Colorado",
        "graphqlUri": "camera/135830/1861081134",
        "graphqlParentUri": "camera/135830",
        "routeDesignator": "I-70",
        "lastUpdatedTimestamp": 1773274795000
      }
    },
    {
      "type": "Feature",
      "geometry": null,
      "properties": {
        "id": "070E08610CAM1GP2",
        "title": "I-70 MP 086.10 EB : 0.8 miles W of US 6 in Rifle",
        "snapshotUrl": "https://cocam.carsprogram.org/Snapshots/070E08610CAM1GP2.flv.png",
        "streamUrl": "https://publicstreamer3.cotrip.org:443/rtplive/070E08610CAM1GP2/playlist.m3u8",
        "cameraCode": "070E08610CAM1GP2",
        "source": "COtrip",
        "state": "Colorado",
        "graphqlUri": "camera/136032/2475253394",
        "graphqlParentUri": "camera/136032",
        "routeDesignator": "I-70",
        "lastUpdatedTimestamp": 1773274792000
      }
    },
    {
      "type": "Feature",
      "geometry": null,
      "properties": {
        "id": "070W06280CAM1GP2",
        "title": "I-70 MP 062.80 WB : 1.5 miles E of Roan Creek Rd in De Beque",
        "snapshotUrl": "https://cocam.carsprogram.org/Snapshots/070W06280CAM1GP2.flv.png",
        "streamUrl": "https://publicstreamer1.cotrip.org:443/rtplive/070W06280CAM1GP2/playlist.m3u8",
        "cameraCode": "070W06280CAM1GP2",
        "source": "COtrip",
        "state": "Colorado",
        "graphqlUri": "camera/136537/2184414080",
        "graphqlParentUri": "camera/136537",
        "routeDesignator": "I-70",
        "lastUpdatedTimestamp": 1773274741000
      }
    },
    {
      "type": "Feature",
      "geometry": null,
      "properties": {
        "id": "070W05440CAM1RHS",
        "title": "I-70 MP 054.40 WB : 3.8 miles E of Beavertail Tunnel",
        "snapshotUrl": "https://cocam.carsprogram.org/Snapshots/070W05440CAM1RHS.flv.png",
        "streamUrl": "https://publicstreamer3.cotrip.org:443/rtplive/070W05440CAM1RHS/playlist.m3u8",
        "cameraCode": "070W05440CAM1RHS",
        "source": "COtrip",
        "state": "Colorado",
        "graphqlUri": "camera/136033/1254415559",
        "graphqlParentUri": "camera/136033",
        "routeDesignator": "I-70",
        "lastUpdatedTimestamp": 1773274792000
      }
    },
    {
      "type": "Feature",
      "geometry": null,
      "properties": {
        "id": "070E05035CAM1RHS",
        "title": "I-70 MP 050.35 EB at W Beavertail Tunnel",
        "snapshotUrl": "https://cocam.carsprogram.org/Snapshots/070E05035CAM1RHS.flv.png",
        "streamUrl": "https://publicstreamer3.cotrip.org:443/rtplive/070E05035CAM1RHS/playlist.m3u8",
        "cameraCode": "070E05035CAM1RHS",
        "source": "COtrip",
        "state": "Colorado",
        "graphqlUri": "camera/136025/1883211164",
        "graphqlParentUri": "camera/136025",
        "routeDesignator": "I-70",
        "lastUpdatedTimestamp": 1773274789000
      }
    },
    {
      "type": "Feature",
      "geometry": null,
      "properties": {
        "id": "070E04375CAM1RHS",
        "title": "I-70 MP 043.75 EB at US 6 in Palisade",
        "snapshotUrl": "https://cocam.carsprogram.org/Snapshots/070E04375CAM1RHS.flv.png",
        "streamUrl": "https://publicstreamer3.cotrip.org:443/rtplive/070E04375CAM1RHS/playlist.m3u8",
        "cameraCode": "070E04375CAM1RHS",
        "source": "COtrip",
        "state": "Colorado",
        "graphqlUri": "camera/136024/678968834",
        "graphqlParentUri": "camera/136024",
        "routeDesignator": "I-70",
        "lastUpdatedTimestamp": 1773274788000
      }
    },
    {
      "type": "Feature",
      "geometry": null,
      "properties": {
        "id": "070E03235CAM1GP2",
        "title": "I-70 MP 032.35 EB : 1.1 miles E of Horizon Dr in Grand Junction",
        "snapshotUrl": "https://cocam.carsprogram.org/Snapshots/070E03235CAM1GP2.flv.png",
        "streamUrl": "https://publicstreamer1.cotrip.org:443/rtplive/070E03235CAM1GP2/playlist.m3u8",
        "cameraCode": "070E03235CAM1GP2",
        "source": "COtrip",
        "state": "Colorado",
        "graphqlUri": "camera/136536/3648251781",
        "graphqlParentUri": "camera/136536",
        "routeDesignator": "I-70",
        "lastUpdatedTimestamp": 1773274741000
      }
    },
    {
      "type": "Feature",
      "geometry": null,
      "properties": {
        "id": "070E02550CAM1RHS",
        "title": "I-70 MP 025.50 EB at US 6/I-70BL in Grand Junction",
        "snapshotUrl": "https://cocam.carsprogram.org/Snapshots/070E02550CAM1RHS.flv.png",
        "streamUrl": "https://publicstreamer3.cotrip.org:443/rtplive/070E02550CAM1RHS/playlist.m3u8",
        "cameraCode": "070E02550CAM1RHS",
        "source": "COtrip",
        "state": "Colorado",
        "graphqlUri": "camera/136029/2402229008",
        "graphqlParentUri": "camera/136029",
        "routeDesignator": "I-70",
        "lastUpdatedTimestamp": 1773274790000
      }
    },
    {
      "type": "Feature",
      "geometry": null,
      "properties": {
        "id": "025S29820CAM1GP2",
        "title": "I-25 MP 298.20 SB : 0.9 miles S of Wyoming Border",
        "snapshotUrl": "https://cocam.carsprogram.org/Snapshots/025S29820CAM1GP2.flv.png",
        "streamUrl": "https://publicstreamer1.cotrip.org:443/rtplive/025S29820CAM1GP2/playlist.m3u8",
        "cameraCode": "025S29820CAM1GP2",
        "source": "COtrip",
        "state": "Colorado",
        "graphqlUri": "camera/136289/515025484",
        "graphqlParentUri": "camera/136289",
        "routeDesignator": "I-25",
        "lastUpdatedTimestamp": 1773274718000
      }
    },
    {
      "type": "Feature",
      "geometry": null,
      "properties": {
        "id": "025S29260CAM1RP1",
        "title": "I-25 MP 292.60 SB at WCR 126.5 in Carr",
        "snapshotUrl": "https://cocam.carsprogram.org/Snapshots/025S29260CAM1RP1.flv.png",
        "streamUrl": "https://publicstreamer2.cotrip.org:443/rtplive/025S29260CAM1RP1/playlist.m3u8",
        "cameraCode": "025S29260CAM1RP1",
        "source": "COtrip",
        "state": "Colorado",
        "graphqlUri": "camera/135647/1182329379",
        "graphqlParentUri": "camera/135647",
        "routeDesignator": "I-25",
        "lastUpdatedTimestamp": 1773274796000
      }
    },
    {
      "type": "Feature",
      "geometry": null,
      "properties": {
        "id": "025S28755CAM1RHS",
        "title": "I-25 MP 287.55 SB at Buckeye Rd/CR 82",
        "snapshotUrl": "https://cocam.carsprogram.org/Snapshots/025S28755CAM1RHS.flv.png",
        "streamUrl": "https://publicstreamer2.cotrip.org:443/rtplive/025S28755CAM1RHS/playlist.m3u8",
        "cameraCode": "025S28755CAM1RHS",
        "source": "COtrip",
        "state": "Colorado",
        "graphqlUri": "camera/135722/3308167240",
        "graphqlParentUri": "camera/135722",
        "routeDesignator": "I-25",
        "lastUpdatedTimestamp": 1773274781000
      }
    },
    {
      "type": "Feature",
      "geometry": null,
      "properties": {
        "id": "025S28135CAM1RP1",
        "title": "I-25 MP 281.35 SB at Owl Canyon Rd/ECR 70",
        "snapshotUrl": "https://cocam.carsprogram.org/Snapshots/025S28135CAM1RP1.flv.png",
        "streamUrl": "https://publicstreamer1.cotrip.org:443/rtplive/025S28135CAM1RP1/playlist.m3u8",
        "cameraCode": "025S28135CAM1RP1",
        "source": "COtrip",
        "state": "Colorado",
        "graphqlUri": "camera/136270/4052272166",
        "graphqlParentUri": "camera/136270",
        "routeDesignator": "I-25",
        "lastUpdatedTimestamp": 1773274710000
      }
    },
    {
      "type": "Feature",
      "geometry": null,
      "properties": {
        "id": "025S27945CAM1GP2",
        "title": "I-25 MP 279.45 SB : 2.0 miles N of Cleveland Ave/CO 1",
        "snapshotUrl": "https://cocam.carsprogram.org/Snapshots/025S27945CAM1GP2.flv.png",
        "streamUrl": "https://publicstreamer4.cotrip.org:443/rtplive/025S27945CAM1GP2/playlist.m3u8",
        "cameraCode": "025S27945CAM1GP2",
        "source": "COtrip",
        "state": "Colorado",
        "graphqlUri": "camera/136101/4150143336",
        "graphqlParentUri": "camera/136101",
        "routeDesignator": "I-25",
        "lastUpdatedTimestamp": 1773274750000
      }
    },
    {
      "type": "Feature",
      "geometry": null,
      "properties": {
        "id": "025S27790CAM1NEC",
        "title": "I-25 MP 277.90 SB at Cleveland Ave/CO 1",
        "snapshotUrl": "https://cocam.carsprogram.org/Snapshots/025S27790CAM1NEC.flv.png",
        "streamUrl": "https://publicstreamer1.cotrip.org:443/rtplive/025S27790CAM1NEC/playlist.m3u8",
        "cameraCode": "025S27790CAM1NEC",
        "source": "COtrip",
        "state": "Colorado",
        "graphqlUri": "camera/136535/4105464564",
        "graphqlParentUri": "camera/136535",
        "routeDesignator": "I-25",
        "lastUpdatedTimestamp": 1773274740000
      }
    },
    {
      "type": "Feature",
      "geometry": null,
      "properties": {
        "id": "025N27640CAM1GP2",
        "title": "I-25 MP 276.40 NB : 1.9 miles S of Cleveland Ave/CO 1",
        "snapshotUrl": "https://cocam.carsprogram.org/Snapshots/025N27640CAM1GP2.flv.png",
        "streamUrl": "https://publicstreamer4.cotrip.org:443/rtplive/025N27640CAM1GP2/playlist.m3u8",
        "cameraCode": "025N27640CAM1GP2",
        "source": "COtrip",
        "state": "Colorado",
        "graphqlUri": "camera/136151/1240756520",
        "graphqlParentUri": "camera/136151",
        "routeDesignator": "I-25",
        "lastUpdatedTimestamp": 1773274729000
      }
    },
    {
      "type": "Feature",
      "geometry": null,
      "properties": {
        "id": "025S27350CAM1RHS",
        "title": "I-25 MP 273.50 SB : 2.1 miles N of ECR 50/Mountain Vista Dr",
        "snapshotUrl": "https://cocam.carsprogram.org/Snapshots/025S27350CAM1RHS.flv.png",
        "streamUrl": "https://publicstreamer1.cotrip.org:443/rtplive/025S27350CAM1RHS/playlist.m3u8",
        "cameraCode": "025S27350CAM1RHS",
        "source": "COtrip",
        "state": "Colorado",
        "graphqlUri": "camera/136280/3833157315",
        "graphqlParentUri": "camera/136280",
        "routeDesignator": "I-25",
        "lastUpdatedTimestamp": 1773274715000
      }
    },
    {
      "type": "Feature",
      "geometry": null,
      "properties": {
        "id": "025S27140CAM1RP1",
        "title": "I-25 MP 271.40 SB at ECR 50/Mountain Vista Dr",
        "snapshotUrl": "https://cocam.carsprogram.org/Snapshots/025S27140CAM1RP1.flv.png",
        "streamUrl": "https://publicstreamer4.cotrip.org:443/rtplive/025S27140CAM1RP1/playlist.m3u8",
        "cameraCode": "025S27140CAM1RP1",
        "source": "COtrip",
        "state": "Colorado",
        "graphqlUri": "camera/136089/465609275",
        "graphqlParentUri": "camera/136089",
        "routeDesignator": "I-25",
        "lastUpdatedTimestamp": 1773274756000
      }
    },
    {
      "type": "Feature",
      "geometry": null,
      "properties": {
        "id": "025S26940CAM1RP1",
        "title": "I-25 MP 269.40 SB at CO 14/E Mulberry St",
        "snapshotUrl": "https://cocam.carsprogram.org/Snapshots/025S26940CAM1RP1.flv.png",
        "streamUrl": "https://publicstreamer3.cotrip.org:443/rtplive/025S26940CAM1RP1/playlist.m3u8",
        "cameraCode": "025S26940CAM1RP1",
        "source": "COtrip",
        "state": "Colorado",
        "graphqlUri": "camera/135853/1668902790",
        "graphqlParentUri": "camera/135853",
        "routeDesignator": "I-25",
        "lastUpdatedTimestamp": 1773274515000
      }
    },
    {
      "type": "Feature",
      "geometry": null,
      "properties": {
        "id": "025S26840CAM1RHS",
        "title": "I-25 MP 268.40 SB at E Prospect Rd in Fort Collins",
        "snapshotUrl": "https://cocam.carsprogram.org/Snapshots/025S26840CAM1RHS.flv.png",
        "streamUrl": "https://publicstreamer4.cotrip.org:443/rtplive/025S26840CAM1RHS/playlist.m3u8",
        "cameraCode": "025S26840CAM1RHS",
        "source": "COtrip",
        "state": "Colorado",
        "graphqlUri": "camera/136237/4221496150",
        "graphqlParentUri": "camera/136237",
        "routeDesignator": "I-25",
        "lastUpdatedTimestamp": 1773274695000
      }
    },
    {
      "type": "Feature",
      "geometry": null,
      "properties": {
        "id": "025S26725CAM1RP2",
        "title": "I-25 MP 267.25 SB : 1.1 miles S of E Prospect Rd Port of Entry",
        "snapshotUrl": "https://cocam.carsprogram.org/Snapshots/025S26725CAM1RP2.flv.png",
        "streamUrl": "https://publicstreamer1.cotrip.org:443/rtplive/025S26725CAM1RP2/playlist.m3u8",
        "cameraCode": "025S26725CAM1RP2",
        "source": "COtrip",
        "state": "Colorado",
        "graphqlUri": "camera/136520/1244736875",
        "graphqlParentUri": "camera/136520",
        "routeDesignator": "I-25",
        "lastUpdatedTimestamp": 1773274728000
      }
    },
    {
      "type": "Feature",
      "geometry": null,
      "properties": {
        "id": "025S26535CAM1RP1",
        "title": "I-25 MP 265.35 SB at E Harmony Rd",
        "snapshotUrl": "https://cocam.carsprogram.org/Snapshots/025S26535CAM1RP1.flv.png",
        "streamUrl": "https://publicstreamer1.cotrip.org:443/rtplive/025S26535CAM1RP1/playlist.m3u8",
        "cameraCode": "025S26535CAM1RP1",
        "source": "COtrip",
        "state": "Colorado",
        "graphqlUri": "camera/136352/272797019",
        "graphqlParentUri": "camera/136352",
        "routeDesignator": "I-25",
        "lastUpdatedTimestamp": 1773274719000
      }
    },
    {
      "type": "Feature",
      "geometry": null,
      "properties": {
        "id": "025S26435CAM1RHS",
        "title": "I-25 MP 264.35 SB : 1.0 mile S of E Harmony Rd",
        "snapshotUrl": "https://cocam.carsprogram.org/Snapshots/025S26435CAM1RHS.flv.png",
        "streamUrl": "https://publicstreamer2.cotrip.org:443/rtplive/025S26435CAM1RHS/playlist.m3u8",
        "cameraCode": "025S26435CAM1RHS",
        "source": "COtrip",
        "state": "Colorado",
        "graphqlUri": "camera/135825/2656767629",
        "graphqlParentUri": "camera/135825",
        "routeDesignator": "I-25",
        "lastUpdatedTimestamp": 1773274793000
      }
    },
    {
      "type": "Feature",
      "geometry": null,
      "properties": {
        "id": "025N26330CAM1RHS",
        "title": "I-25 MP 263.30 NB : 1.0 mile N of CO 392/E CR 32",
        "snapshotUrl": "https://cocam.carsprogram.org/Snapshots/025N26330CAM1RHS.flv.png",
        "streamUrl": "https://publicstreamer1.cotrip.org:443/rtplive/025N26330CAM1RHS/playlist.m3u8",
        "cameraCode": "025N26330CAM1RHS",
        "source": "COtrip",
        "state": "Colorado",
        "graphqlUri": "camera/136530/4283998460",
        "graphqlParentUri": "camera/136530",
        "routeDesignator": "I-25",
        "lastUpdatedTimestamp": 1773274738000
      }
    },
    {
      "type": "Feature",
      "geometry": null,
      "properties": {
        "id": "025S26230CAM1RP1",
        "title": "I-25 MP 262.30 SB at CO 392/ECR 32",
        "snapshotUrl": "https://cocam.carsprogram.org/Snapshots/025S26230CAM1RP1.flv.png",
        "streamUrl": "https://publicstreamer3.cotrip.org:443/rtplive/025S26230CAM1RP1/playlist.m3u8",
        "cameraCode": "025S26230CAM1RP1",
        "source": "COtrip",
        "state": "Colorado",
        "graphqlUri": "camera/135905/3822547466",
        "graphqlParentUri": "camera/135905",
        "routeDesignator": "I-25",
        "lastUpdatedTimestamp": 1773274724000
      }
    },
    {
      "type": "Feature",
      "geometry": null,
      "properties": {
        "id": "025S25935CAM1RHS",
        "title": "I-25 MP 259.35 SB at Crossroads Blvd",
        "snapshotUrl": "https://cocam.carsprogram.org/Snapshots/025S25935CAM1RHS.flv.png",
        "streamUrl": "https://publicstreamer2.cotrip.org:443/rtplive/025S25935CAM1RHS/playlist.m3u8",
        "cameraCode": "025S25935CAM1RHS",
        "source": "COtrip",
        "state": "Colorado",
        "graphqlUri": "camera/135726/1972150816",
        "graphqlParentUri": "camera/135726",
        "routeDesignator": "I-25",
        "lastUpdatedTimestamp": 1773274784000
      }
    },
    {
      "type": "Feature",
      "geometry": null,
      "properties": {
        "id": "025S25830CAM1RHS",
        "title": "I-25 MP 258.30 SB : 1.0 mile N of US 34 in Loveland",
        "snapshotUrl": "https://cocam.carsprogram.org/Snapshots/025S25830CAM1RHS.flv.png",
        "streamUrl": "https://publicstreamer2.cotrip.org:443/rtplive/025S25830CAM1RHS/playlist.m3u8",
        "cameraCode": "025S25830CAM1RHS",
        "source": "COtrip",
        "state": "Colorado",
        "graphqlUri": "camera/135824/2527126070",
        "graphqlParentUri": "camera/135824",
        "routeDesignator": "I-25",
        "lastUpdatedTimestamp": 1773274793000
      }
    },
    {
      "type": "Feature",
      "geometry": null,
      "properties": {
        "id": "025S25735CAM1RP1",
        "title": "I-25 MP 257.35 SB at US 34 in Loveland",
        "snapshotUrl": "https://cocam.carsprogram.org/Snapshots/025S25735CAM1RP1.flv.png",
        "streamUrl": "https://publicstreamer3.cotrip.org:443/rtplive/025S25735CAM1RP1/playlist.m3u8",
        "cameraCode": "025S25735CAM1RP1",
        "source": "COtrip",
        "state": "Colorado",
        "graphqlUri": "camera/136006/1278472758",
        "graphqlParentUri": "camera/136006",
        "routeDesignator": "I-25",
        "lastUpdatedTimestamp": 1773274772000
      }
    },
    {
      "type": "Feature",
      "geometry": null,
      "properties": {
        "id": "025S25605CAM1MED",
        "title": "I-25 MP 256.05 SB : 0.8 miles N of CO 402 in Johnstown",
        "snapshotUrl": "https://cocam.carsprogram.org/Snapshots/025S25605CAM1MED.flv.png",
        "streamUrl": "https://publicstreamer3.cotrip.org:443/rtplive/025S25605CAM1MED/playlist.m3u8",
        "cameraCode": "025S25605CAM1MED",
        "source": "COtrip",
        "state": "Colorado",
        "graphqlUri": "camera/136005/2419996058",
        "graphqlParentUri": "camera/136005",
        "routeDesignator": "I-25",
        "lastUpdatedTimestamp": 1773274771000
      }
    },
    {
      "type": "Feature",
      "geometry": null,
      "properties": {
        "id": "025S25530CAM1RHS",
        "title": "I-25 MP 255.30 SB at CO 402 in Johnstown",
        "snapshotUrl": "https://cocam.carsprogram.org/Snapshots/025S25530CAM1RHS.flv.png",
        "streamUrl": "https://publicstreamer3.cotrip.org:443/rtplive/025S25530CAM1RHS/playlist.m3u8",
        "cameraCode": "025S25530CAM1RHS",
        "source": "COtrip",
        "state": "Colorado",
        "graphqlUri": "camera/135859/2025736911",
        "graphqlParentUri": "camera/135859",
        "routeDesignator": "I-25",
        "lastUpdatedTimestamp": 1773274811000
      }
    },
    {
      "type": "Feature",
      "geometry": null,
      "properties": {
        "id": "025S25505CAM1RP1",
        "title": "I-25 MP 255.05 SB at Loveland Park and Ride",
        "snapshotUrl": "https://cocam.carsprogram.org/Snapshots/025S25505CAM1RP1.flv.png",
        "streamUrl": "https://publicstreamer4.cotrip.org:443/rtplive/025S25505CAM1RP1/playlist.m3u8",
        "cameraCode": "025S25505CAM1RP1",
        "source": "COtrip",
        "state": "Colorado",
        "graphqlUri": "camera/136238/1289609832",
        "graphqlParentUri": "camera/136238",
        "routeDesignator": "I-25",
        "lastUpdatedTimestamp": 1773274696000
      }
    },
    {
      "type": "Feature",
      "geometry": null,
      "properties": {
        "id": "025S25425CAM1RHS",
        "title": "I-25 MP 254.25 SB at ECR 16 at Johnsons Corner",
        "snapshotUrl": "https://cocam.carsprogram.org/Snapshots/025S25425CAM1RHS.flv.png",
        "streamUrl": "https://publicstreamer4.cotrip.org:443/rtplive/025S25425CAM1RHS/playlist.m3u8",
        "cameraCode": "025S25425CAM1RHS",
        "source": "COtrip",
        "state": "Colorado",
        "graphqlUri": "camera/136157/3248774982",
        "graphqlParentUri": "camera/136157",
        "routeDesignator": "I-25",
        "lastUpdatedTimestamp": 1773274731000
      }
    },
    {
      "type": "Feature",
      "geometry": null,
      "properties": {
        "id": "025S25330CAM1RHS",
        "title": "I-25 MP 253.30 SB : 1.0 mile S of E CR 16 Johnsons Corner",
        "snapshotUrl": "https://cocam.carsprogram.org/Snapshots/025S25330CAM1RHS.flv.png",
        "streamUrl": "https://publicstreamer1.cotrip.org:443/rtplive/025S25330CAM1RHS/playlist.m3u8",
        "cameraCode": "025S25330CAM1RHS",
        "source": "COtrip",
        "state": "Colorado",
        "graphqlUri": "camera/136508/2134340423",
        "graphqlParentUri": "camera/136508",
        "routeDesignator": "I-25",
        "lastUpdatedTimestamp": 1773274722000
      }
    },
    {
      "type": "Feature",
      "geometry": null,
      "properties": {
        "id": "025N25230CAM1NEC",
        "title": "I-25 MP 252.30 NB at CO 60/CR 48 to NB I-25 Ramp in Johnstown",
        "snapshotUrl": "https://cocam.carsprogram.org/Snapshots/025N25230CAM1NEC.flv.png",
        "streamUrl": "https://publicstreamer1.cotrip.org:443/rtplive/025N25230CAM1NEC/playlist.m3u8",
        "cameraCode": "025N25230CAM1NEC",
        "source": "COtrip",
        "state": "Colorado",
        "graphqlUri": "camera/136504/144855405",
        "graphqlParentUri": "camera/136504",
        "routeDesignator": "I-25",
        "lastUpdatedTimestamp": 1773274720000
      }
    },
    {
      "type": "Feature",
      "geometry": null,
      "properties": {
        "id": "025N25125CAM1RHS",
        "title": "I-25 MP 251.25 NB : 1.1 miles N of CO 56/WCR 44",
        "snapshotUrl": "https://cocam.carsprogram.org/Snapshots/025N25125CAM1RHS.flv.png",
        "streamUrl": "https://publicstreamer1.cotrip.org:443/rtplive/025N25125CAM1RHS/playlist.m3u8",
        "cameraCode": "025N25125CAM1RHS",
        "source": "COtrip",
        "state": "Colorado",
        "graphqlUri": "camera/136481/3901653123",
        "graphqlParentUri": "camera/136481",
        "routeDesignator": "I-25",
        "lastUpdatedTimestamp": 1773274703000
      }
    },
    {
      "type": "Feature",
      "geometry": null,
      "properties": {
        "id": "025N25090CAM1RHS",
        "title": "I-25 MP 250.90 NB : 0.7 miles N of CO 56/WCR 44 in Berthoud",
        "snapshotUrl": "https://cocam.carsprogram.org/Snapshots/025N25090CAM1RHS.flv.png",
        "streamUrl": "https://publicstreamer4.cotrip.org:443/rtplive/025N25090CAM1RHS/playlist.m3u8",
        "cameraCode": "025N25090CAM1RHS",
        "source": "COtrip",
        "state": "Colorado",
        "graphqlUri": "camera/136234/2167225083",
        "graphqlParentUri": "camera/136234",
        "routeDesignator": "I-25",
        "lastUpdatedTimestamp": 1773274693000
      }
    },
    {
      "type": "Feature",
      "geometry": null,
      "properties": {
        "id": "025N25030CAM1RHS",
        "title": "I-25 MP 250.30 NB at CO 56/WCR 44 in Berthoud (1)",
        "snapshotUrl": "https://cocam.carsprogram.org/Snapshots/025N25030CAM1RHS.flv.png",
        "streamUrl": "https://publicstreamer4.cotrip.org:443/rtplive/025N25030CAM1RHS/playlist.m3u8",
        "cameraCode": "025N25030CAM1RHS",
        "source": "COtrip",
        "state": "Colorado",
        "graphqlUri": "camera/136232/3960001022",
        "graphqlParentUri": "camera/136232",
        "routeDesignator": "I-25",
        "lastUpdatedTimestamp": 1773274691000
      }
    },
    {
      "type": "Feature",
      "geometry": null,
      "properties": {
        "id": "025N24920CAM1RHS",
        "title": "I-25 MP 249.20 NB : 1.0 mile S of CO 56 on Frontage Rd",
        "snapshotUrl": "https://cocam.carsprogram.org/Snapshots/025N24920CAM1RHS.flv.png",
        "streamUrl": "https://publicstreamer2.cotrip.org:443/rtplive/025N24920CAM1RHS/playlist.m3u8",
        "cameraCode": "025N24920CAM1RHS",
        "source": "COtrip",
        "state": "Colorado",
        "graphqlUri": "camera/135696/2024106684",
        "graphqlParentUri": "camera/135696",
        "routeDesignator": "I-25",
        "lastUpdatedTimestamp": 1773274771000
      }
    },
    {
      "type": "Feature",
      "geometry": null,
      "properties": {
        "id": "025N24760CAM1RHS",
        "title": "I-25 MP 247.60 NB : 3.2 miles N of WCR 34 on Frontage Rd",
        "snapshotUrl": "https://cocam.carsprogram.org/Snapshots/025N24760CAM1RHS.flv.png",
        "streamUrl": "https://publicstreamer1.cotrip.org:443/rtplive/025N24760CAM1RHS/playlist.m3u8",
        "cameraCode": "025N24760CAM1RHS",
        "source": "COtrip",
        "state": "Colorado",
        "graphqlUri": "camera/136328/1991219862",
        "graphqlParentUri": "camera/136328",
        "routeDesignator": "I-25",
        "lastUpdatedTimestamp": 1773274708000
      }
    },
    {
      "type": "Feature",
      "geometry": null,
      "properties": {
        "id": "025N24520CAM1RP1",
        "title": "I-25 MP 245.20 NB at WCR 34 Mead",
        "snapshotUrl": "https://cocam.carsprogram.org/Snapshots/025N24520CAM1RP1.flv.png",
        "streamUrl": "https://publicstreamer2.cotrip.org:443/rtplive/025N24520CAM1RP1/playlist.m3u8",
        "cameraCode": "025N24520CAM1RP1",
        "source": "COtrip",
        "state": "Colorado",
        "graphqlUri": "camera/135751/3538394993",
        "graphqlParentUri": "camera/135751",
        "routeDesignator": "I-25",
        "lastUpdatedTimestamp": 1773274796000
      }
    },
    {
      "type": "Feature",
      "geometry": null,
      "properties": {
        "id": "025N24315CAM1NWC",
        "title": "I-25 MP 243.15 NB at CO 66 NB I-25 Ramp",
        "snapshotUrl": "https://cocam.carsprogram.org/Snapshots/025N24315CAM1NWC.flv.png",
        "streamUrl": "https://publicstreamer3.cotrip.org:443/rtplive/025N24315CAM1NWC/playlist.m3u8",
        "cameraCode": "025N24315CAM1NWC",
        "source": "COtrip",
        "state": "Colorado",
        "graphqlUri": "camera/135956/2631383984",
        "graphqlParentUri": "camera/135956",
        "routeDesignator": "I-25",
        "lastUpdatedTimestamp": 1773274695000
      }
    },
    {
      "type": "Feature",
      "geometry": null,
      "properties": {
        "id": "025S24215CAM1RHS",
        "title": "I-25 MP 242.15 SB : 1.3 miles S of CO 66",
        "snapshotUrl": "https://cocam.carsprogram.org/Snapshots/025S24215CAM1RHS.flv.png",
        "streamUrl": "https://publicstreamer2.cotrip.org:443/rtplive/025S24215CAM1RHS/playlist.m3u8",
        "cameraCode": "025S24215CAM1RHS",
        "source": "COtrip",
        "state": "Colorado",
        "graphqlUri": "camera/135705/3324124042",
        "graphqlParentUri": "camera/135705",
        "routeDesignator": "I-25",
        "lastUpdatedTimestamp": 1773274775000
      }
    },
    {
      "type": "Feature",
      "geometry": null,
      "properties": {
        "id": "025N24170CAM1RHS",
        "title": "I-25 MP 241.70 NB : 1.9 miles S of CO 66",
        "snapshotUrl": "https://cocam.carsprogram.org/Snapshots/025N24170CAM1RHS.flv.png",
        "streamUrl": "https://publicstreamer1.cotrip.org:443/rtplive/025N24170CAM1RHS/playlist.m3u8",
        "cameraCode": "025N24170CAM1RHS",
        "source": "COtrip",
        "state": "Colorado",
        "graphqlUri": "camera/136284/781753501",
        "graphqlParentUri": "camera/136284",
        "routeDesignator": "I-25",
        "lastUpdatedTimestamp": 1773274716000
      }
    },
    {
      "type": "Feature",
      "geometry": null,
      "properties": {
        "id": "025N24115CAM1RHS",
        "title": "I-25 MP 241.15 NB : 1.3 miles N of CO 119",
        "snapshotUrl": "https://cocam.carsprogram.org/Snapshots/025N24115CAM1RHS.flv.png",
        "streamUrl": "https://publicstreamer4.cotrip.org:443/rtplive/025N24115CAM1RHS/playlist.m3u8",
        "cameraCode": "025N24115CAM1RHS",
        "source": "COtrip",
        "state": "Colorado",
        "graphqlUri": "camera/136054/994441616",
        "graphqlParentUri": "camera/136054",
        "routeDesignator": "I-25",
        "lastUpdatedTimestamp": 1773274741000
      }
    },
    {
      "type": "Feature",
      "geometry": null,
      "properties": {
        "id": "025S24015CAM1RHS",
        "title": "I-25 MP 240.15 SB at CO 119",
        "snapshotUrl": "https://cocam.carsprogram.org/Snapshots/025S24015CAM1RHS.flv.png",
        "streamUrl": "https://publicstreamer2.cotrip.org:443/rtplive/025S24015CAM1RHS/playlist.m3u8",
        "cameraCode": "025S24015CAM1RHS",
        "source": "COtrip",
        "state": "Colorado",
        "graphqlUri": "camera/135746/209982166",
        "graphqlParentUri": "camera/135746",
        "routeDesignator": "I-25",
        "lastUpdatedTimestamp": 1773274793000
      }
    },
    {
      "type": "Feature",
      "geometry": null,
      "properties": {
        "id": "025N23875CAM1GP3",
        "title": "I-25 MP 238.75 NB : 1.9 miles S of CO 119",
        "snapshotUrl": "https://cocam.carsprogram.org/Snapshots/025N23875CAM1GP3.flv.png",
        "streamUrl": "https://publicstreamer1.cotrip.org:443/rtplive/025N23875CAM1GP3/playlist.m3u8",
        "cameraCode": "025N23875CAM1GP3",
        "source": "COtrip",
        "state": "Colorado",
        "graphqlUri": "camera/136253/3548621807",
        "graphqlParentUri": "camera/136253",
        "routeDesignator": "I-25",
        "lastUpdatedTimestamp": 1773274704000
      }
    },
    {
      "type": "Feature",
      "geometry": null,
      "properties": {
        "id": "025S23710CAM1GP3",
        "title": "I-25 MP 237.10 SB : 2.6 miles N of CO 52",
        "snapshotUrl": "https://cocam.carsprogram.org/Snapshots/025S23710CAM1GP3.flv.png",
        "streamUrl": "https://publicstreamer2.cotrip.org:443/rtplive/025S23710CAM1GP3/playlist.m3u8",
        "cameraCode": "025S23710CAM1GP3",
        "source": "COtrip",
        "state": "Colorado",
        "graphqlUri": "camera/135687/3812603729",
        "graphqlParentUri": "camera/135687",
        "routeDesignator": "I-25",
        "lastUpdatedTimestamp": 1773274544000
      }
    },
    {
      "type": "Feature",
      "geometry": null,
      "properties": {
        "id": "025S23515CAM1RHS",
        "title": "I-25 MP 235.15 SB at CO 52",
        "snapshotUrl": "https://cocam.carsprogram.org/Snapshots/025S23515CAM1RHS.flv.png",
        "streamUrl": "https://publicstreamer2.cotrip.org:443/rtplive/025S23515CAM1RHS/playlist.m3u8",
        "cameraCode": "025S23515CAM1RHS",
        "source": "COtrip",
        "state": "Colorado",
        "graphqlUri": "camera/135733/2602816650",
        "graphqlParentUri": "camera/135733",
        "routeDesignator": "I-25",
        "lastUpdatedTimestamp": 1773274787000
      }
    },
    {
      "type": "Feature",
      "geometry": null,
      "properties": {
        "id": "025S23410CAM1RHS",
        "title": "I-25 MP 234.10 SB : 1.3 miles S of CO 52",
        "snapshotUrl": "https://cocam.carsprogram.org/Snapshots/025S23410CAM1RHS.flv.png",
        "streamUrl": "https://publicstreamer4.cotrip.org:443/rtplive/025S23410CAM1RHS/playlist.m3u8",
        "cameraCode": "025S23410CAM1RHS",
        "source": "COtrip",
        "state": "Colorado",
        "graphqlUri": "camera/136076/809594569",
        "graphqlParentUri": "camera/136076",
        "routeDesignator": "I-25",
        "lastUpdatedTimestamp": 1773274750000
      }
    },
    {
      "type": "Feature",
      "geometry": null,
      "properties": {
        "id": "025S23210CAM1RHS",
        "title": "I-25 MP 232.10 SB at Erie Pkwy/Summit Blvd",
        "snapshotUrl": "https://cocam.carsprogram.org/Snapshots/025S23210CAM1RHS.flv.png",
        "streamUrl": "https://publicstreamer2.cotrip.org:443/rtplive/025S23210CAM1RHS/playlist.m3u8",
        "cameraCode": "025S23210CAM1RHS",
        "source": "COtrip",
        "state": "Colorado",
        "graphqlUri": "camera/135692/1243562725",
        "graphqlParentUri": "camera/135692",
        "routeDesignator": "I-25",
        "lastUpdatedTimestamp": 1773274547000
      }
    },
    {
      "type": "Feature",
      "geometry": null,
      "properties": {
        "id": "025S23055CAM1GP3",
        "title": "I-25 MP 230.55 SB : 1.9 miles N of E Baseline Rd/CO 7",
        "snapshotUrl": "https://cocam.carsprogram.org/Snapshots/025S23055CAM1GP3.flv.png",
        "streamUrl": "https://publicstreamer4.cotrip.org:443/rtplive/025S23055CAM1GP3/playlist.m3u8",
        "cameraCode": "025S23055CAM1GP3",
        "source": "COtrip",
        "state": "Colorado",
        "graphqlUri": "camera/136090/785596236",
        "graphqlParentUri": "camera/136090",
        "routeDesignator": "I-25",
        "lastUpdatedTimestamp": 1773274756000
      }
    },
    {
      "type": "Feature",
      "geometry": null,
      "properties": {
        "id": "025S22910CAM1RP1",
        "title": "I-25 MP 229.10 SB at E Baseline Rd/CO 7",
        "snapshotUrl": "https://cocam.carsprogram.org/Snapshots/025S22910CAM1RP1.flv.png",
        "streamUrl": "https://publicstreamer3.cotrip.org:443/rtplive/025S22910CAM1RP1/playlist.m3u8",
        "cameraCode": "025S22910CAM1RP1",
        "source": "COtrip",
        "state": "Colorado",
        "graphqlUri": "camera/135896/2877926581",
        "graphqlParentUri": "camera/135896",
        "routeDesignator": "I-25",
        "lastUpdatedTimestamp": 1773274720000
      }
    },
    {
      "type": "Feature",
      "geometry": null,
      "properties": {
        "id": "025N22825CAM1RHS",
        "title": "I-25 MP 228.25 NB : 0.5 miles N of Northwest Pkwy",
        "snapshotUrl": "https://cocam.carsprogram.org/Snapshots/025N22825CAM1RHS.flv.png",
        "streamUrl": "https://publicstreamer3.cotrip.org:443/rtplive/025N22825CAM1RHS/playlist.m3u8",
        "cameraCode": "025N22825CAM1RHS",
        "source": "COtrip",
        "state": "Colorado",
        "graphqlUri": "camera/136022/1696014337",
        "graphqlParentUri": "camera/136022",
        "routeDesignator": "I-25",
        "lastUpdatedTimestamp": 1773274786000
      }
    },
    {
      "type": "Feature",
      "geometry": null,
      "properties": {
        "id": "025S22705CAM1GP3",
        "title": "I-25 MP 227.05 SB : 0.7 miles S of Northwest Pkwy",
        "snapshotUrl": "https://cocam.carsprogram.org/Snapshots/025S22705CAM1GP3.flv.png",
        "streamUrl": "https://publicstreamer1.cotrip.org:443/rtplive/025S22705CAM1GP3/playlist.m3u8",
        "cameraCode": "025S22705CAM1GP3",
        "source": "COtrip",
        "state": "Colorado",
        "graphqlUri": "camera/136314/309340078",
        "graphqlParentUri": "camera/136314",
        "routeDesignator": "I-25",
        "lastUpdatedTimestamp": 1773274729000
      }
    },
    {
      "type": "Feature",
      "geometry": null,
      "properties": {
        "id": "025S22610CAM1RHS",
        "title": "I-25 MP 226.10 SB at W 144th Ave",
        "snapshotUrl": "https://cocam.carsprogram.org/Snapshots/025S22610CAM1RHS.flv.png",
        "streamUrl": "https://publicstreamer2.cotrip.org:443/rtplive/025S22610CAM1RHS/playlist.m3u8",
        "cameraCode": "025S22610CAM1RHS",
        "source": "COtrip",
        "state": "Colorado",
        "graphqlUri": "camera/135708/2610448430",
        "graphqlParentUri": "camera/135708",
        "routeDesignator": "I-25",
        "lastUpdatedTimestamp": 1773274776000
      }
    },
    {
      "type": "Feature",
      "geometry": null,
      "properties": {
        "id": "025S22510CAM1RHS",
        "title": "I-25 MP 225.10 SB at E 136th Ave",
        "snapshotUrl": "https://cocam.carsprogram.org/Snapshots/025S22510CAM1RHS.flv.png",
        "streamUrl": "https://publicstreamer3.cotrip.org:443/rtplive/025S22510CAM1RHS/playlist.m3u8",
        "cameraCode": "025S22510CAM1RHS",
        "source": "COtrip",
        "state": "Colorado",
        "graphqlUri": "camera/135899/1550580346",
        "graphqlParentUri": "camera/135899",
        "routeDesignator": "I-25",
        "lastUpdatedTimestamp": 1773274722000
      }
    },
    {
      "type": "Feature",
      "geometry": null,
      "properties": {
        "id": "025S22410CAM1RHS",
        "title": "I-25 MP 224.10 SB at 128th Ave",
        "snapshotUrl": "https://cocam.carsprogram.org/Snapshots/025S22410CAM1RHS.flv.png",
        "streamUrl": "https://publicstreamer1.cotrip.org:443/rtplive/025S22410CAM1RHS/playlist.m3u8",
        "cameraCode": "025S22410CAM1RHS",
        "source": "COtrip",
        "state": "Colorado",
        "graphqlUri": "camera/136275/867996849",
        "graphqlParentUri": "camera/136275",
        "routeDesignator": "I-25",
        "lastUpdatedTimestamp": 1773274713000
      }
    },
    {
      "type": "Feature",
      "geometry": null,
      "properties": {
        "id": "025N22305CAM1GP2",
        "title": "I-25 MP 223.05 NB at 120th Ave/CO 128",
        "snapshotUrl": "https://cocam.carsprogram.org/Snapshots/025N22305CAM1GP2.flv.png",
        "streamUrl": "https://publicstreamer2.cotrip.org:443/rtplive/025N22305CAM1GP2/playlist.m3u8",
        "cameraCode": "025N22305CAM1GP2",
        "source": "COtrip",
        "state": "Colorado",
        "graphqlUri": "camera/135643/2407995039",
        "graphqlParentUri": "camera/135643",
        "routeDesignator": "I-25",
        "lastUpdatedTimestamp": 1773274794000
      }
    },
    {
      "type": "Feature",
      "geometry": null,
      "properties": {
        "id": "025S22220CAM1RHS",
        "title": "I-25 MP 222.20 SB : 0.9 miles N of E 104th Ave",
        "snapshotUrl": "https://cocam.carsprogram.org/Snapshots/025S22220CAM1RHS.flv.png",
        "streamUrl": "https://publicstreamer1.cotrip.org:443/rtplive/025S22220CAM1RHS/playlist.m3u8",
        "cameraCode": "025S22220CAM1RHS",
        "source": "COtrip",
        "state": "Colorado",
        "graphqlUri": "camera/136312/1830737998",
        "graphqlParentUri": "camera/136312",
        "routeDesignator": "I-25",
        "lastUpdatedTimestamp": 1773274728000
      }
    },
    {
      "type": "Feature",
      "geometry": null,
      "properties": {
        "id": "025S22195CAM1RHS",
        "title": "I-25 MP 221.95 SB : 0.9 miles N of E 104th Ave",
        "snapshotUrl": "https://cocam.carsprogram.org/Snapshots/025S22195CAM1RHS.flv.png",
        "streamUrl": "https://publicstreamer1.cotrip.org:443/rtplive/025S22195CAM1RHS/playlist.m3u8",
        "cameraCode": "025S22195CAM1RHS",
        "source": "COtrip",
        "state": "Colorado",
        "graphqlUri": "camera/136338/360138979",
        "graphqlParentUri": "camera/136338",
        "routeDesignator": "I-25",
        "lastUpdatedTimestamp": 1773274712000
      }
    },
    {
      "type": "Feature",
      "geometry": null,
      "properties": {
        "id": "025S22100CAM1RP1",
        "title": "I-25 MP 221.00 SB at E 104th Ave",
        "snapshotUrl": "https://cocam.carsprogram.org/Snapshots/025S22100CAM1RP1.flv.png",
        "streamUrl": "https://publicstreamer2.cotrip.org:443/rtplive/025S22100CAM1RP1/playlist.m3u8",
        "cameraCode": "025S22100CAM1RP1",
        "source": "COtrip",
        "state": "Colorado",
        "graphqlUri": "camera/135713/2789038334",
        "graphqlParentUri": "camera/135713",
        "routeDesignator": "I-25",
        "lastUpdatedTimestamp": 1773274778000
      }
    },
    {
      "type": "Feature",
      "geometry": null,
      "properties": {
        "id": "025S22055CAM1RHS",
        "title": "I-25 MP 220.55 SB : 0.5 miles S of E 104th Ave",
        "snapshotUrl": "https://cocam.carsprogram.org/Snapshots/025S22055CAM1RHS.flv.png",
        "streamUrl": "https://publicstreamer4.cotrip.org:443/rtplive/025S22055CAM1RHS/playlist.m3u8",
        "cameraCode": "025S22055CAM1RHS",
        "source": "COtrip",
        "state": "Colorado",
        "graphqlUri": "camera/136147/2988537407",
        "graphqlParentUri": "camera/136147",
        "routeDesignator": "I-25",
        "lastUpdatedTimestamp": 1773274728000
      }
    },
    {
      "type": "Feature",
      "geometry": null,
      "properties": {
        "id": "025N22030CAM1GP2",
        "title": "I-25 MP 220.30 NB : 0.4 miles N of Thornton Pkwy",
        "snapshotUrl": "https://cocam.carsprogram.org/Snapshots/025N22030CAM1GP2.flv.png",
        "streamUrl": "https://publicstreamer3.cotrip.org:443/rtplive/025N22030CAM1GP2/playlist.m3u8",
        "cameraCode": "025N22030CAM1GP2",
        "source": "COtrip",
        "state": "Colorado",
        "graphqlUri": "camera/135836/2700150572",
        "graphqlParentUri": "camera/135836",
        "routeDesignator": "I-25",
        "lastUpdatedTimestamp": 1773274799000
      }
    },
    {
      "type": "Feature",
      "geometry": null,
      "properties": {
        "id": "025N21985CAM1RP1",
        "title": "I-25 MP 219.85 NB at Thornton Pkwy",
        "snapshotUrl": "https://cocam.carsprogram.org/Snapshots/025N21985CAM1RP1.flv.png",
        "streamUrl": "https://publicstreamer3.cotrip.org:443/rtplive/025N21985CAM1RP1/playlist.m3u8",
        "cameraCode": "025N21985CAM1RP1",
        "source": "COtrip",
        "state": "Colorado",
        "graphqlUri": "camera/135934/3415154132",
        "graphqlParentUri": "camera/135934",
        "routeDesignator": "I-25",
        "lastUpdatedTimestamp": 1773274682000
      }
    },
    {
      "type": "Feature",
      "geometry": null,
      "properties": {
        "id": "025S21875CAM1RHS",
        "title": "I-25 MP 218.75 SB : 0.3 miles N of 84th Ave",
        "snapshotUrl": "https://cocam.carsprogram.org/Snapshots/025S21875CAM1RHS.flv.png",
        "streamUrl": "https://publicstreamer4.cotrip.org:443/rtplive/025S21875CAM1RHS/playlist.m3u8",
        "cameraCode": "025S21875CAM1RHS",
        "source": "COtrip",
        "state": "Colorado",
        "graphqlUri": "camera/136081/616021233",
        "graphqlParentUri": "camera/136081",
        "routeDesignator": "I-25",
        "lastUpdatedTimestamp": 1773274752000
      }
    },
    {
      "type": "Feature",
      "geometry": null,
      "properties": {
        "id": "025S21830CAM1RHS",
        "title": "I-25 MP 218.30 SB : 0.2 miles S of 84th Ave",
        "snapshotUrl": "https://cocam.carsprogram.org/Snapshots/025S21830CAM1RHS.flv.png",
        "streamUrl": "https://publicstreamer3.cotrip.org:443/rtplive/025S21830CAM1RHS/playlist.m3u8",
        "cameraCode": "025S21830CAM1RHS",
        "source": "COtrip",
        "state": "Colorado",
        "graphqlUri": "camera/135912/3247351564",
        "graphqlParentUri": "camera/135912",
        "routeDesignator": "I-25",
        "lastUpdatedTimestamp": 1773274727000
      }
    },
    {
      "type": "Feature",
      "geometry": null,
      "properties": {
        "id": "025S21795CAM1RHS",
        "title": "I-25 MP 217.95 SB : 0.5 miles S of 84th Ave",
        "snapshotUrl": "https://cocam.carsprogram.org/Snapshots/025S21795CAM1RHS.flv.png",
        "streamUrl": "https://publicstreamer4.cotrip.org:443/rtplive/025S21795CAM1RHS/playlist.m3u8",
        "cameraCode": "025S21795CAM1RHS",
        "source": "COtrip",
        "state": "Colorado",
        "graphqlUri": "camera/136160/2873017643",
        "graphqlParentUri": "camera/136160",
        "routeDesignator": "I-25",
        "lastUpdatedTimestamp": 1773274733000
      }
    },
    {
      "type": "Feature",
      "geometry": null,
      "properties": {
        "id": "025N21760CAM1RHS",
        "title": "I-25 MP 217.60 NB : 0.6 miles N of US 36/I-270",
        "snapshotUrl": "https://cocam.carsprogram.org/Snapshots/025N21760CAM1RHS.flv.png",
        "streamUrl": "https://publicstreamer3.cotrip.org:443/rtplive/025N21760CAM1RHS/playlist.m3u8",
        "cameraCode": "025N21760CAM1RHS",
        "source": "COtrip",
        "state": "Colorado",
        "graphqlUri": "camera/135893/2228353917",
        "graphqlParentUri": "camera/135893",
        "routeDesignator": "I-25",
        "lastUpdatedTimestamp": 1773274719000
      }
    },
    {
      "type": "Feature",
      "geometry": null,
      "properties": {
        "id": "025S21695CAM2ML2",
        "title": "I-25 MP 216.95 SB at I-25 HOV N Lane Split",
        "snapshotUrl": "https://cocam.carsprogram.org/Snapshots/025S21695CAM2ML2.flv.png",
        "streamUrl": "https://publicstreamer1.cotrip.org:443/rtplive/025S21695CAM2ML2/playlist.m3u8",
        "cameraCode": "025S21695CAM2ML2",
        "source": "COtrip",
        "state": "Colorado",
        "graphqlUri": "camera/136254/847829216",
        "graphqlParentUri": "camera/136254",
        "routeDesignator": "I-25",
        "lastUpdatedTimestamp": 1773274704000
      }
    },
    {
      "type": "Feature",
      "geometry": null,
      "properties": {
        "id": "025N21580CAM1ML1",
        "title": "I-25 MP 215.80 NB : 0.6 miles N of E 58th Ave",
        "snapshotUrl": "https://cocam.carsprogram.org/Snapshots/025N21580CAM1ML1.flv.png",
        "streamUrl": "https://publicstreamer1.cotrip.org:443/rtplive/025N21580CAM1ML1/playlist.m3u8",
        "cameraCode": "025N21580CAM1ML1",
        "source": "COtrip",
        "state": "Colorado",
        "graphqlUri": "camera/136316/1911217994",
        "graphqlParentUri": "camera/136316",
        "routeDesignator": "I-25",
        "lastUpdatedTimestamp": 1773274730000
      }
    },
    {
      "type": "Feature",
      "geometry": null,
      "properties": {
        "id": "025S21480CAM1ML1",
        "title": "I-25 MP 214.85 SB : 0.4 miles S of E 58th Ave",
        "snapshotUrl": "https://cocam.carsprogram.org/Snapshots/025S21480CAM1ML1.flv.png",
        "streamUrl": "https://publicstreamer1.cotrip.org:443/rtplive/025S21480CAM1ML1/playlist.m3u8",
        "cameraCode": "025S21480CAM1ML1",
        "source": "COtrip",
        "state": "Colorado",
        "graphqlUri": "camera/136539/1288271372",
        "graphqlParentUri": "camera/136539",
        "routeDesignator": "I-25",
        "lastUpdatedTimestamp": 1773274742000
      }
    },
    {
      "type": "Feature",
      "geometry": null,
      "properties": {
        "id": "025N21395CAM1ML1",
        "title": "I-25 MP 213.95 NB : 0.2 miles N of I-70",
        "snapshotUrl": "https://cocam.carsprogram.org/Snapshots/025N21395CAM1ML1.flv.png",
        "streamUrl": "https://publicstreamer1.cotrip.org:443/rtplive/025N21395CAM1ML1/playlist.m3u8",
        "cameraCode": "025N21395CAM1ML1",
        "source": "COtrip",
        "state": "Colorado",
        "graphqlUri": "camera/136296/2406710665",
        "graphqlParentUri": "camera/136296",
        "routeDesignator": "I-25",
        "lastUpdatedTimestamp": 1773274721000
      }
    },
    {
      "type": "Feature",
      "geometry": null,
      "properties": {
        "id": "025S21370CAM1RP2",
        "title": "I-25 MP 213.70 SB at WB I-70 Ramp to SB I-25",
        "snapshotUrl": "https://cocam.carsprogram.org/Snapshots/025S21370CAM1RP2.flv.png",
        "streamUrl": "https://publicstreamer1.cotrip.org:443/rtplive/025S21370CAM1RP2/playlist.m3u8",
        "cameraCode": "025S21370CAM1RP2",
        "source": "COtrip",
        "state": "Colorado",
        "graphqlUri": "camera/136251/1741836567",
        "graphqlParentUri": "camera/136251",
        "routeDesignator": "I-25",
        "lastUpdatedTimestamp": 1773274703000
      }
    },
    {
      "type": "Feature",
      "geometry": null,
      "properties": {
        "id": "025N21365CAM1RHS",
        "title": "I-25 MP 213.65 NB at I-70 Mousetrap",
        "snapshotUrl": "https://cocam.carsprogram.org/Snapshots/025N21365CAM1RHS.flv.png",
        "streamUrl": "https://publicstreamer4.cotrip.org:443/rtplive/025N21365CAM1RHS/playlist.m3u8",
        "cameraCode": "025N21365CAM1RHS",
        "source": "COtrip",
        "state": "Colorado",
        "graphqlUri": "camera/136136/2349786154",
        "graphqlParentUri": "camera/136136",
        "routeDesignator": "I-25",
        "lastUpdatedTimestamp": 1773274766000
      }
    },
    {
      "type": "Feature",
      "geometry": null,
      "properties": {
        "id": "025N21365CAM1RP1",
        "title": "I-25 MP 213.65 NB : NB I-25 Ramp to WB I-70",
        "snapshotUrl": "https://cocam.carsprogram.org/Snapshots/025N21365CAM1RP1.flv.png",
        "streamUrl": "https://publicstreamer2.cotrip.org:443/rtplive/025N21365CAM1RP1/playlist.m3u8",
        "cameraCode": "025N21365CAM1RP1",
        "source": "COtrip",
        "state": "Colorado",
        "graphqlUri": "camera/135742/2250096380",
        "graphqlParentUri": "camera/135742",
        "routeDesignator": "I-25",
        "lastUpdatedTimestamp": 1773274792000
      }
    },
    {
      "type": "Feature",
      "geometry": null,
      "properties": {
        "id": "025N21340CAM1ML1",
        "title": "I-25 MP 213.40 NB : 0.3 miles S of I-70",
        "snapshotUrl": "https://cocam.carsprogram.org/Snapshots/025N21340CAM1ML1.flv.png",
        "streamUrl": "https://publicstreamer4.cotrip.org:443/rtplive/025N21340CAM1ML1/playlist.m3u8",
        "cameraCode": "025N21340CAM1ML1",
        "source": "COtrip",
        "state": "Colorado",
        "graphqlUri": "camera/136142/3605043517",
        "graphqlParentUri": "camera/136142",
        "routeDesignator": "I-25",
        "lastUpdatedTimestamp": 1773274768000
      }
    },
    {
      "type": "Feature",
      "geometry": null,
      "properties": {
        "id": "025N21290CAM1ML1",
        "title": "I-25 MP 212.90 NB : 0.1 miles N of W 38th Ave/Park Ave",
        "snapshotUrl": "https://cocam.carsprogram.org/Snapshots/025N21290CAM1ML1.flv.png",
        "streamUrl": "https://publicstreamer1.cotrip.org:443/rtplive/025N21290CAM1ML1/playlist.m3u8",
        "cameraCode": "025N21290CAM1ML1",
        "source": "COtrip",
        "state": "Colorado",
        "graphqlUri": "camera/136293/64110122",
        "graphqlParentUri": "camera/136293",
        "routeDesignator": "I-25",
        "lastUpdatedTimestamp": 1773274720000
      }
    },
    {
      "type": "Feature",
      "geometry": null,
      "properties": {
        "id": "025N21270CAM1RP1",
        "title": "I-25 MP 212.70 NB at W 38th Ave/Park Ave",
        "snapshotUrl": "https://cocam.carsprogram.org/Snapshots/025N21270CAM1RP1.flv.png",
        "streamUrl": "https://publicstreamer3.cotrip.org:443/rtplive/025N21270CAM1RP1/playlist.m3u8",
        "cameraCode": "025N21270CAM1RP1",
        "source": "COtrip",
        "state": "Colorado",
        "graphqlUri": "camera/135856/2371920925",
        "graphqlParentUri": "camera/135856",
        "routeDesignator": "I-25",
        "lastUpdatedTimestamp": 1773274517000
      }
    },
    {
      "type": "Feature",
      "geometry": null,
      "properties": {
        "id": "025N21210CAM1SEC",
        "title": "I-25 MP 212.10 NB at 20th St and Market St",
        "snapshotUrl": "https://cocam.carsprogram.org/Snapshots/025N21210CAM1SEC.flv.png",
        "streamUrl": "https://publicstreamer2.cotrip.org:443/rtplive/025N21210CAM1SEC/playlist.m3u8",
        "cameraCode": "025N21210CAM1SEC",
        "source": "COtrip",
        "state": "Colorado",
        "graphqlUri": "camera/135826/4137555437",
        "graphqlParentUri": "camera/135826",
        "routeDesignator": "I-25",
        "lastUpdatedTimestamp": 1773274793000
      }
    },
    {
      "type": "Feature",
      "geometry": null,
      "properties": {
        "id": "025S21210CAM1RP1",
        "title": "I-25 MP 212.10 SB at 20th St",
        "snapshotUrl": "https://cocam.carsprogram.org/Snapshots/025S21210CAM1RP1.flv.png",
        "streamUrl": "https://publicstreamer3.cotrip.org:443/rtplive/025S21210CAM1RP1/playlist.m3u8",
        "cameraCode": "025S21210CAM1RP1",
        "source": "COtrip",
        "state": "Colorado",
        "graphqlUri": "camera/135921/1351388088",
        "graphqlParentUri": "camera/135921",
        "routeDesignator": "I-25",
        "lastUpdatedTimestamp": 1773274676000
      }
    },
    {
      "type": "Feature",
      "geometry": null,
      "properties": {
        "id": "025N21205CAM1RHS",
        "title": "I-25 MP 212.05 NB at 19th St and Wynkoop St",
        "snapshotUrl": "https://cocam.carsprogram.org/Snapshots/025N21205CAM1RHS.flv.png",
        "streamUrl": "https://publicstreamer2.cotrip.org:443/rtplive/025N21205CAM1RHS/playlist.m3u8",
        "cameraCode": "025N21205CAM1RHS",
        "source": "COtrip",
        "state": "Colorado",
        "graphqlUri": "camera/135669/3555064732",
        "graphqlParentUri": "camera/135669",
        "routeDesignator": "I-25",
        "lastUpdatedTimestamp": 1773274535000
      }
    },
    {
      "type": "Feature",
      "geometry": null,
      "properties": {
        "id": "025N21165CAM1RHS",
        "title": "I-25 MP 211.65 NB : 0.2 miles N of Speer Blvd",
        "snapshotUrl": "https://cocam.carsprogram.org/Snapshots/025N21165CAM1RHS.flv.png",
        "streamUrl": "https://publicstreamer3.cotrip.org:443/rtplive/025N21165CAM1RHS/playlist.m3u8",
        "cameraCode": "025N21165CAM1RHS",
        "source": "COtrip",
        "state": "Colorado",
        "graphqlUri": "camera/136007/1900405610",
        "graphqlParentUri": "camera/136007",
        "routeDesignator": "I-25",
        "lastUpdatedTimestamp": 1773274772000
      }
    },
    {
      "type": "Feature",
      "geometry": null,
      "properties": {
        "id": "025S21110CAM1RP1",
        "title": "I-25 MP 211.10 SB at W 23rd Ave",
        "snapshotUrl": "https://cocam.carsprogram.org/Snapshots/025S21110CAM1RP1.flv.png",
        "streamUrl": "https://publicstreamer2.cotrip.org:443/rtplive/025S21110CAM1RP1/playlist.m3u8",
        "cameraCode": "025S21110CAM1RP1",
        "source": "COtrip",
        "state": "Colorado",
        "graphqlUri": "camera/135667/4092250928",
        "graphqlParentUri": "camera/135667",
        "routeDesignator": "I-25",
        "lastUpdatedTimestamp": 1773274534000
      }
    },
    {
      "type": "Feature",
      "geometry": null,
      "properties": {
        "id": "025N21090CAM1RHS",
        "title": "I-25 MP 210.90 NB at 20th Ave/Mile High Stadium Cir",
        "snapshotUrl": "https://cocam.carsprogram.org/Snapshots/025N21090CAM1RHS.flv.png",
        "streamUrl": "https://publicstreamer1.cotrip.org:443/rtplive/025N21090CAM1RHS/playlist.m3u8",
        "cameraCode": "025N21090CAM1RHS",
        "source": "COtrip",
        "state": "Colorado",
        "graphqlUri": "camera/136249/277175901",
        "graphqlParentUri": "camera/136249",
        "routeDesignator": "I-25",
        "lastUpdatedTimestamp": 1773274702000
      }
    },
    {
      "type": "Feature",
      "geometry": null,
      "properties": {
        "id": "025N20945CAM1RHS",
        "title": "I-25 MP 209.45 NB at W 8th Ave",
        "snapshotUrl": "https://cocam.carsprogram.org/Snapshots/025N20945CAM1RHS.flv.png",
        "streamUrl": "https://publicstreamer3.cotrip.org:443/rtplive/025N20945CAM1RHS/playlist.m3u8",
        "cameraCode": "025N20945CAM1RHS",
        "source": "COtrip",
        "state": "Colorado",
        "graphqlUri": "camera/135928/343037143",
        "graphqlParentUri": "camera/135928",
        "routeDesignator": "I-25",
        "lastUpdatedTimestamp": 1773274679000
      }
    },
    {
      "type": "Feature",
      "geometry": null,
      "properties": {
        "id": "025N20915CAM1RP1",
        "title": "I-25 MP 209.15 NB at 6th Ave/US 6",
        "snapshotUrl": "https://cocam.carsprogram.org/Snapshots/025N20915CAM1RP1.flv.png",
        "streamUrl": "https://publicstreamer1.cotrip.org:443/rtplive/025N20915CAM1RP1/playlist.m3u8",
        "cameraCode": "025N20915CAM1RP1",
        "source": "COtrip",
        "state": "Colorado",
        "graphqlUri": "camera/136247/75718004",
        "graphqlParentUri": "camera/136247",
        "routeDesignator": "I-25",
        "lastUpdatedTimestamp": 1773274701000
      }
    },
    {
      "type": "Feature",
      "geometry": null,
      "properties": {
        "id": "025N20875CAM1GP4",
        "title": "I-25 MP 208.75 NB : 0.6 miles S of 6th Ave",
        "snapshotUrl": "https://cocam.carsprogram.org/Snapshots/025N20875CAM1GP4.flv.png",
        "streamUrl": "https://publicstreamer1.cotrip.org:443/rtplive/025N20875CAM1GP4/playlist.m3u8",
        "cameraCode": "025N20875CAM1GP4",
        "source": "COtrip",
        "state": "Colorado",
        "graphqlUri": "camera/136359/786756079",
        "graphqlParentUri": "camera/136359",
        "routeDesignator": "I-25",
        "lastUpdatedTimestamp": 1773274721000
      }
    },
    {
      "type": "Feature",
      "geometry": null,
      "properties": {
        "id": "025S20810CAM1GP5",
        "title": "I-25 MP 208.10 SB : 0.2 miles N of W Alameda Ave",
        "snapshotUrl": "https://cocam.carsprogram.org/Snapshots/025S20810CAM1GP5.flv.png",
        "streamUrl": "https://publicstreamer2.cotrip.org:443/rtplive/025S20810CAM1GP5/playlist.m3u8",
        "cameraCode": "025S20810CAM1GP5",
        "source": "COtrip",
        "state": "Colorado",
        "graphqlUri": "camera/135779/769634644",
        "graphqlParentUri": "camera/135779",
        "routeDesignator": "I-25",
        "lastUpdatedTimestamp": 1773274771000
      }
    },
    {
      "type": "Feature",
      "geometry": null,
      "properties": {
        "id": "025N20770CAM1RHS",
        "title": "I-25 MP 207.70 NB : 0.1 miles N of Santa Fe Dr",
        "snapshotUrl": "https://cocam.carsprogram.org/Snapshots/025N20770CAM1RHS.flv.png",
        "streamUrl": "https://publicstreamer4.cotrip.org:443/rtplive/025N20770CAM1RHS/playlist.m3u8",
        "cameraCode": "025N20770CAM1RHS",
        "source": "COtrip",
        "state": "Colorado",
        "graphqlUri": "camera/136086/15422363",
        "graphqlParentUri": "camera/136086",
        "routeDesignator": "I-25",
        "lastUpdatedTimestamp": 1773274754000
      }
    },
    {
      "type": "Feature",
      "geometry": null,
      "properties": {
        "id": "025S20740CAM1RHS",
        "title": "I-25 MP 207.40 SB : 0.2 miles S of Santa Fe Dr",
        "snapshotUrl": "https://cocam.carsprogram.org/Snapshots/025S20740CAM1RHS.flv.png",
        "streamUrl": "https://publicstreamer3.cotrip.org:443/rtplive/025S20740CAM1RHS/playlist.m3u8",
        "cameraCode": "025S20740CAM1RHS",
        "source": "COtrip",
        "state": "Colorado",
        "graphqlUri": "camera/135862/1105088379",
        "graphqlParentUri": "camera/135862",
        "routeDesignator": "I-25",
        "lastUpdatedTimestamp": 1773274519000
      }
    },
    {
      "type": "Feature",
      "geometry": null,
      "properties": {
        "id": "025N20665CAM1RP1",
        "title": "I-25 MP 206.65 NB at S Logan St",
        "snapshotUrl": "https://cocam.carsprogram.org/Snapshots/025N20665CAM1RP1.flv.png",
        "streamUrl": "https://publicstreamer4.cotrip.org:443/rtplive/025N20665CAM1RP1/playlist.m3u8",
        "cameraCode": "025N20665CAM1RP1",
        "source": "COtrip",
        "state": "Colorado",
        "graphqlUri": "camera/136080/434160612",
        "graphqlParentUri": "camera/136080",
        "routeDesignator": "I-25",
        "lastUpdatedTimestamp": 1773274751000
      }
    },
    {
      "type": "Feature",
      "geometry": null,
      "properties": {
        "id": "025N20640CAM1RHS",
        "title": "I-25 MP 206.40 NB : 0.3 miles S of S Logan St",
        "snapshotUrl": "https://cocam.carsprogram.org/Snapshots/025N20640CAM1RHS.flv.png",
        "streamUrl": "https://publicstreamer3.cotrip.org:443/rtplive/025N20640CAM1RHS/playlist.m3u8",
        "cameraCode": "025N20640CAM1RHS",
        "source": "COtrip",
        "state": "Colorado",
        "graphqlUri": "camera/135877/1601270117",
        "graphqlParentUri": "camera/135877",
        "routeDesignator": "I-25",
        "lastUpdatedTimestamp": 1773274711000
      }
    },
    {
      "type": "Feature",
      "geometry": null,
      "properties": {
        "id": "025S20600CAM1RHS",
        "title": "I-25 MP 206.00 SB : 0.2 miles N of S Downing St",
        "snapshotUrl": "https://cocam.carsprogram.org/Snapshots/025S20600CAM1RHS.flv.png",
        "streamUrl": "https://publicstreamer2.cotrip.org:443/rtplive/025S20600CAM1RHS/playlist.m3u8",
        "cameraCode": "025S20600CAM1RHS",
        "source": "COtrip",
        "state": "Colorado",
        "graphqlUri": "camera/135660/2017588441",
        "graphqlParentUri": "camera/135660",
        "routeDesignator": "I-25",
        "lastUpdatedTimestamp": 1773274803000
      }
    },
    {
      "type": "Feature",
      "geometry": null,
      "properties": {
        "id": "025N20590CAM1RP1",
        "title": "I-25 MP 205.90 NB at S Downing St",
        "snapshotUrl": "https://cocam.carsprogram.org/Snapshots/025N20590CAM1RP1.flv.png",
        "streamUrl": "https://publicstreamer1.cotrip.org:443/rtplive/025N20590CAM1RP1/playlist.m3u8",
        "cameraCode": "025N20590CAM1RP1",
        "source": "COtrip",
        "state": "Colorado",
        "graphqlUri": "camera/136285/1054334164",
        "graphqlParentUri": "camera/136285",
        "routeDesignator": "I-25",
        "lastUpdatedTimestamp": 1773274717000
      }
    },
    {
      "type": "Feature",
      "geometry": null,
      "properties": {
        "id": "025S20540CAM1RP2",
        "title": "I-25 MP 205.40 SB : 0.4 miles N of S University Blvd",
        "snapshotUrl": "https://cocam.carsprogram.org/Snapshots/025S20540CAM1RP2.flv.png",
        "streamUrl": "https://publicstreamer3.cotrip.org:443/rtplive/025S20540CAM1RP2/playlist.m3u8",
        "cameraCode": "025S20540CAM1RP2",
        "source": "COtrip",
        "state": "Colorado",
        "graphqlUri": "camera/135866/160836885",
        "graphqlParentUri": "camera/135866",
        "routeDesignator": "I-25",
        "lastUpdatedTimestamp": 1773274705000
      }
    },
    {
      "type": "Feature",
      "geometry": null,
      "properties": {
        "id": "025N20495CAM1RHS",
        "title": "I-25 MP 204.95 NB : 0.1 miles S of S University Blvd",
        "snapshotUrl": "https://cocam.carsprogram.org/Snapshots/025N20495CAM1RHS.flv.png",
        "streamUrl": "https://publicstreamer1.cotrip.org:443/rtplive/025N20495CAM1RHS/playlist.m3u8",
        "cameraCode": "025N20495CAM1RHS",
        "source": "COtrip",
        "state": "Colorado",
        "graphqlUri": "camera/136315/2457417881",
        "graphqlParentUri": "camera/136315",
        "routeDesignator": "I-25",
        "lastUpdatedTimestamp": 1773274729000
      }
    },
    {
      "type": "Feature",
      "geometry": null,
      "properties": {
        "id": "025N20405CAM1RP1",
        "title": "I-25 MP 204.05 NB at Colorado Blvd/CO 2",
        "snapshotUrl": "https://cocam.carsprogram.org/Snapshots/025N20405CAM1RP1.flv.png",
        "streamUrl": "https://publicstreamer1.cotrip.org:443/rtplive/025N20405CAM1RP1/playlist.m3u8",
        "cameraCode": "025N20405CAM1RP1",
        "source": "COtrip",
        "state": "Colorado",
        "graphqlUri": "camera/136278/2283817637",
        "graphqlParentUri": "camera/136278",
        "routeDesignator": "I-25",
        "lastUpdatedTimestamp": 1773274714000
      }
    },
    {
      "type": "Feature",
      "geometry": null,
      "properties": {
        "id": "025N20385CAM1RP2",
        "title": "I-25 MP 203.85 NB : 0.2 miles S of Colorado Blvd/CO 2",
        "snapshotUrl": "https://cocam.carsprogram.org/Snapshots/025N20385CAM1RP2.flv.png",
        "streamUrl": "https://publicstreamer2.cotrip.org:443/rtplive/025N20385CAM1RP2/playlist.m3u8",
        "cameraCode": "025N20385CAM1RP2",
        "source": "COtrip",
        "state": "Colorado",
        "graphqlUri": "camera/135741/1008905613",
        "graphqlParentUri": "camera/135741",
        "routeDesignator": "I-25",
        "lastUpdatedTimestamp": 1773274791000
      }
    },
    {
      "type": "Feature",
      "geometry": null,
      "properties": {
        "id": "025N20355CAM1RP1",
        "title": "I-25 MP 203.55 NB at Evans Ave",
        "snapshotUrl": "https://cocam.carsprogram.org/Snapshots/025N20355CAM1RP1.flv.png",
        "streamUrl": "https://publicstreamer1.cotrip.org:443/rtplive/025N20355CAM1RP1/playlist.m3u8",
        "cameraCode": "025N20355CAM1RP1",
        "source": "COtrip",
        "state": "Colorado",
        "graphqlUri": "camera/136286/3064673728",
        "graphqlParentUri": "camera/136286",
        "routeDesignator": "I-25",
        "lastUpdatedTimestamp": 1773274717000
      }
    },
    {
      "type": "Feature",
      "geometry": null,
      "properties": {
        "id": "025N20270CAM1RHS",
        "title": "I-25 MP 202.70 NB at E Yale Ave",
        "snapshotUrl": "https://cocam.carsprogram.org/Snapshots/025N20270CAM1RHS.flv.png",
        "streamUrl": "https://publicstreamer2.cotrip.org:443/rtplive/025N20270CAM1RHS/playlist.m3u8",
        "cameraCode": "025N20270CAM1RHS",
        "source": "COtrip",
        "state": "Colorado",
        "graphqlUri": "camera/135744/3051220029",
        "graphqlParentUri": "camera/135744",
        "routeDesignator": "I-25",
        "lastUpdatedTimestamp": 1773274792000
      }
    },
    {
      "type": "Feature",
      "geometry": null,
      "properties": {
        "id": "025S20155CAM1SEC",
        "title": "I-25 MP 201.55 SB at E Hampden Ave",
        "snapshotUrl": "https://cocam.carsprogram.org/Snapshots/025S20155CAM1SEC.flv.png",
        "streamUrl": "https://publicstreamer4.cotrip.org:443/rtplive/025S20155CAM1SEC/playlist.m3u8",
        "cameraCode": "025S20155CAM1SEC",
        "source": "COtrip",
        "state": "Colorado",
        "graphqlUri": "camera/136187/3346638190",
        "graphqlParentUri": "camera/136187",
        "routeDesignator": "I-25",
        "lastUpdatedTimestamp": 1773274746000
      }
    },
    {
      "type": "Feature",
      "geometry": null,
      "properties": {
        "id": "025N20065CAM1GP2",
        "title": "I-25 MP 200.65 NB : 0.5 miles N of I-225",
        "snapshotUrl": "https://cocam.carsprogram.org/Snapshots/025N20065CAM1GP2.flv.png",
        "streamUrl": "https://publicstreamer3.cotrip.org:443/rtplive/025N20065CAM1GP2/playlist.m3u8",
        "cameraCode": "025N20065CAM1GP2",
        "source": "COtrip",
        "state": "Colorado",
        "graphqlUri": "camera/135878/267215857",
        "graphqlParentUri": "camera/135878",
        "routeDesignator": "I-25",
        "lastUpdatedTimestamp": 1773274711000
      }
    },
    {
      "type": "Feature",
      "geometry": null,
      "properties": {
        "id": "025S20045CAM1SWC",
        "title": "I-25 MP 200.45 SB at E Quincy Ave",
        "snapshotUrl": "https://cocam.carsprogram.org/Snapshots/025S20045CAM1SWC.flv.png",
        "streamUrl": "https://publicstreamer1.cotrip.org:443/rtplive/025S20045CAM1SWC/playlist.m3u8",
        "cameraCode": "025S20045CAM1SWC",
        "source": "COtrip",
        "state": "Colorado",
        "graphqlUri": "camera/136310/679351404",
        "graphqlParentUri": "camera/136310",
        "routeDesignator": "I-25",
        "lastUpdatedTimestamp": 1773274727000
      }
    },
    {
      "type": "Feature",
      "geometry": null,
      "properties": {
        "id": "025S20010CAM1RP2",
        "title": "I-25 MP 200.10 SB : SB I-25 Ramp to NB I-225/DTC Blvd",
        "snapshotUrl": "https://cocam.carsprogram.org/Snapshots/025S20010CAM1RP2.flv.png",
        "streamUrl": "https://publicstreamer3.cotrip.org:443/rtplive/025S20010CAM1RP2/playlist.m3u8",
        "cameraCode": "025S20010CAM1RP2",
        "source": "COtrip",
        "state": "Colorado",
        "graphqlUri": "camera/135906/1251707831",
        "graphqlParentUri": "camera/135906",
        "routeDesignator": "I-25",
        "lastUpdatedTimestamp": 1773274724000
      }
    },
    {
      "type": "Feature",
      "geometry": null,
      "properties": {
        "id": "025N19940CAM1NWC",
        "title": "I-25 MP 199.40 NB at E Belleview Ave NB I-25 Ramp",
        "snapshotUrl": "https://cocam.carsprogram.org/Snapshots/025N19940CAM1NWC.flv.png",
        "streamUrl": "https://publicstreamer4.cotrip.org:443/rtplive/025N19940CAM1NWC/playlist.m3u8",
        "cameraCode": "025N19940CAM1NWC",
        "source": "COtrip",
        "state": "Colorado",
        "graphqlUri": "camera/136213/1005155232",
        "graphqlParentUri": "camera/136213",
        "routeDesignator": "I-25",
        "lastUpdatedTimestamp": 1773274681000
      }
    },
    {
      "type": "Feature",
      "geometry": null,
      "properties": {
        "id": "025S19945CAM1RHS",
        "title": "I-25 MP 199.45 SB at E Belleview Ave",
        "snapshotUrl": "https://cocam.carsprogram.org/Snapshots/025S19945CAM1RHS.flv.png",
        "streamUrl": "https://publicstreamer2.cotrip.org:443/rtplive/025S19945CAM1RHS/playlist.m3u8",
        "cameraCode": "025S19945CAM1RHS",
        "source": "COtrip",
        "state": "Colorado",
        "graphqlUri": "camera/135675/1534405081",
        "graphqlParentUri": "camera/135675",
        "routeDesignator": "I-25",
        "lastUpdatedTimestamp": 1773274538000
      }
    },
    {
      "type": "Feature",
      "geometry": null,
      "properties": {
        "id": "025N19820CAM1RHS",
        "title": "I-25 MP 198.20 NB at E Orchard Rd",
        "snapshotUrl": "https://cocam.carsprogram.org/Snapshots/025N19820CAM1RHS.flv.png",
        "streamUrl": "https://publicstreamer4.cotrip.org:443/rtplive/025N19820CAM1RHS/playlist.m3u8",
        "cameraCode": "025N19820CAM1RHS",
        "source": "COtrip",
        "state": "Colorado",
        "graphqlUri": "camera/136206/1611986956",
        "graphqlParentUri": "camera/136206",
        "routeDesignator": "I-25",
        "lastUpdatedTimestamp": 1773274677000
      }
    },
    {
      "type": "Feature",
      "geometry": null,
      "properties": {
        "id": "025N19765CAM1RHS",
        "title": "I-25 MP 197.65 NB : 0.6 miles N of E Arapahoe Rd",
        "snapshotUrl": "https://cocam.carsprogram.org/Snapshots/025N19765CAM1RHS.flv.png",
        "streamUrl": "https://publicstreamer3.cotrip.org:443/rtplive/025N19765CAM1RHS/playlist.m3u8",
        "cameraCode": "025N19765CAM1RHS",
        "source": "COtrip",
        "state": "Colorado",
        "graphqlUri": "camera/135855/3212346684",
        "graphqlParentUri": "camera/135855",
        "routeDesignator": "I-25",
        "lastUpdatedTimestamp": 1773274809000
      }
    },
    {
      "type": "Feature",
      "geometry": null,
      "properties": {
        "id": "025N19710CAM1RHS",
        "title": "I-25 MP 197.10 NB : 0.1 miles S of E Arapahoe Rd",
        "snapshotUrl": "https://cocam.carsprogram.org/Snapshots/025N19710CAM1RHS.flv.png",
        "streamUrl": "https://publicstreamer4.cotrip.org:443/rtplive/025N19710CAM1RHS/playlist.m3u8",
        "cameraCode": "025N19710CAM1RHS",
        "source": "COtrip",
        "state": "Colorado",
        "graphqlUri": "camera/136067/3623738756",
        "graphqlParentUri": "camera/136067",
        "routeDesignator": "I-25",
        "lastUpdatedTimestamp": 1773274746000
      }
    },
    {
      "type": "Feature",
      "geometry": null,
      "properties": {
        "id": "025N19625CAM1RHS",
        "title": "I-25 MP 196.25 NB : 0.1 miles N of E Dry Creek",
        "snapshotUrl": "https://cocam.carsprogram.org/Snapshots/025N19625CAM1RHS.flv.png",
        "streamUrl": "https://publicstreamer1.cotrip.org:443/rtplive/025N19625CAM1RHS/playlist.m3u8",
        "cameraCode": "025N19625CAM1RHS",
        "source": "COtrip",
        "state": "Colorado",
        "graphqlUri": "camera/136543/809736764",
        "graphqlParentUri": "camera/136543",
        "routeDesignator": "I-25",
        "lastUpdatedTimestamp": 1773274705000
      }
    },
    {
      "type": "Feature",
      "geometry": null,
      "properties": {
        "id": "025N19510CAM1RHS",
        "title": "I-25 MP 195.10 NB at E County Line Rd",
        "snapshotUrl": "https://cocam.carsprogram.org/Snapshots/025N19510CAM1RHS.flv.png",
        "streamUrl": "https://publicstreamer2.cotrip.org:443/rtplive/025N19510CAM1RHS/playlist.m3u8",
        "cameraCode": "025N19510CAM1RHS",
        "source": "COtrip",
        "state": "Colorado",
        "graphqlUri": "camera/135645/3750994391",
        "graphqlParentUri": "camera/135645",
        "routeDesignator": "I-25",
        "lastUpdatedTimestamp": 1773274524000
      }
    },
    {
      "type": "Feature",
      "geometry": null,
      "properties": {
        "id": "025S19440CAM1RP1",
        "title": "I-25 MP 194.40 SB : SB I-25 Ramp to EB E-470",
        "snapshotUrl": "https://cocam.carsprogram.org/Snapshots/025S19440CAM1RP1.flv.png",
        "streamUrl": "https://publicstreamer1.cotrip.org:443/rtplive/025S19440CAM1RP1/playlist.m3u8",
        "cameraCode": "025S19440CAM1RP1",
        "source": "COtrip",
        "state": "Colorado",
        "graphqlUri": "camera/136272/3823633309",
        "graphqlParentUri": "camera/136272",
        "routeDesignator": "I-25",
        "lastUpdatedTimestamp": 1773274711000
      }
    },
    {
      "type": "Feature",
      "geometry": null,
      "properties": {
        "id": "025S19205CAM1RHS",
        "title": "I-25 MP 192.05 SB at Ridgegate Pkwy",
        "snapshotUrl": "https://cocam.carsprogram.org/Snapshots/025S19205CAM1RHS.flv.png",
        "streamUrl": "https://publicstreamer1.cotrip.org:443/rtplive/025S19205CAM1RHS/playlist.m3u8",
        "cameraCode": "025S19205CAM1RHS",
        "source": "COtrip",
        "state": "Colorado",
        "graphqlUri": "camera/136351/2621510449",
        "graphqlParentUri": "camera/136351",
        "routeDesignator": "I-25",
        "lastUpdatedTimestamp": 1773274718000
      }
    },
    {
      "type": "Feature",
      "geometry": null,
      "properties": {
        "id": "025N19140CAM1GP3",
        "title": "I-25 MP 191.40 NB : 0.7 miles S of Ridgegate Pkwy",
        "snapshotUrl": "https://cocam.carsprogram.org/Snapshots/025N19140CAM1GP3.flv.png",
        "streamUrl": "https://publicstreamer4.cotrip.org:443/rtplive/025N19140CAM1GP3/playlist.m3u8",
        "cameraCode": "025N19140CAM1GP3",
        "source": "COtrip",
        "state": "Colorado",
        "graphqlUri": "camera/136204/3544496332",
        "graphqlParentUri": "camera/136204",
        "routeDesignator": "I-25",
        "lastUpdatedTimestamp": 1773274676000
      }
    },
    {
      "type": "Feature",
      "geometry": null,
      "properties": {
        "id": "025N18945CAM1RHS",
        "title": "I-25 MP 189.45 NB : 1.2 miles N of Castle Pines Pkwy",
        "snapshotUrl": "https://cocam.carsprogram.org/Snapshots/025N18945CAM1RHS.flv.png",
        "streamUrl": "https://publicstreamer4.cotrip.org:443/rtplive/025N18945CAM1RHS/playlist.m3u8",
        "cameraCode": "025N18945CAM1RHS",
        "source": "COtrip",
        "state": "Colorado",
        "graphqlUri": "camera/136203/2977114878",
        "graphqlParentUri": "camera/136203",
        "routeDesignator": "I-25",
        "lastUpdatedTimestamp": 1773274758000
      }
    },
    {
      "type": "Feature",
      "geometry": null,
      "properties": {
        "id": "025N18850CAM1NWC",
        "title": "I-25 MP 188.50 NB at Castle Pines Pkwy to NB I-25 Ramp",
        "snapshotUrl": "https://cocam.carsprogram.org/Snapshots/025N18850CAM1NWC.flv.png",
        "streamUrl": "https://publicstreamer4.cotrip.org:443/rtplive/025N18850CAM1NWC/playlist.m3u8",
        "cameraCode": "025N18850CAM1NWC",
        "source": "COtrip",
        "state": "Colorado",
        "graphqlUri": "camera/136190/2933993402",
        "graphqlParentUri": "camera/136190",
        "routeDesignator": "I-25",
        "lastUpdatedTimestamp": 1773274748000
      }
    },
    {
      "type": "Feature",
      "geometry": null,
      "properties": {
        "id": "025N18690CAM1RHS",
        "title": "I-25 MP 186.90 NB at Happy Canyon Rd",
        "snapshotUrl": "https://cocam.carsprogram.org/Snapshots/025N18690CAM1RHS.flv.png",
        "streamUrl": "https://publicstreamer1.cotrip.org:443/rtplive/025N18690CAM1RHS/playlist.m3u8",
        "cameraCode": "025N18690CAM1RHS",
        "source": "COtrip",
        "state": "Colorado",
        "graphqlUri": "camera/136344/3360869384",
        "graphqlParentUri": "camera/136344",
        "routeDesignator": "I-25",
        "lastUpdatedTimestamp": 1773274716000
      }
    },
    {
      "type": "Feature",
      "geometry": null,
      "properties": {
        "id": "025N18610CAM1RHS",
        "title": "I-25 MP 186.10 NB : 0.8 miles S of Happy Canyon Rd",
        "snapshotUrl": "https://cocam.carsprogram.org/Snapshots/025N18610CAM1RHS.flv.png",
        "streamUrl": "https://publicstreamer1.cotrip.org:443/rtplive/025N18610CAM1RHS/playlist.m3u8",
        "cameraCode": "025N18610CAM1RHS",
        "source": "COtrip",
        "state": "Colorado",
        "graphqlUri": "camera/136317/1879951149",
        "graphqlParentUri": "camera/136317",
        "routeDesignator": "I-25",
        "lastUpdatedTimestamp": 1773274704000
      }
    },
    {
      "type": "Feature",
      "geometry": null,
      "properties": {
        "id": "025S18510CAM1GP4",
        "title": "I-25 MP 185.10 SB at Castle Rock Pkwy",
        "snapshotUrl": "https://cocam.carsprogram.org/Snapshots/025S18510CAM1GP4.flv.png",
        "streamUrl": "https://publicstreamer3.cotrip.org:443/rtplive/025S18510CAM1GP4/playlist.m3u8",
        "cameraCode": "025S18510CAM1GP4",
        "source": "COtrip",
        "state": "Colorado",
        "graphqlUri": "camera/136008/3253178848",
        "graphqlParentUri": "camera/136008",
        "routeDesignator": "I-25",
        "lastUpdatedTimestamp": 1773274773000
      }
    },
    {
      "type": "Feature",
      "geometry": null,
      "properties": {
        "id": "025N18420CAM1RP1",
        "title": "I-25 MP 184.20 NB at Founders Pkwy/Meadows Pkwy",
        "snapshotUrl": "https://cocam.carsprogram.org/Snapshots/025N18420CAM1RP1.flv.png",
        "streamUrl": "https://publicstreamer2.cotrip.org:443/rtplive/025N18420CAM1RP1/playlist.m3u8",
        "cameraCode": "025N18420CAM1RP1",
        "source": "COtrip",
        "state": "Colorado",
        "graphqlUri": "camera/135646/3787697992",
        "graphqlParentUri": "camera/135646",
        "routeDesignator": "I-25",
        "lastUpdatedTimestamp": 1773274796000
      }
    },
    {
      "type": "Feature",
      "geometry": null,
      "properties": {
        "id": "025N18265CAM1RP2",
        "title": "I-25 MP 182.65 NB : 0.8 miles N of Wolfensburger Rd/Wilcox St",
        "snapshotUrl": "https://cocam.carsprogram.org/Snapshots/025N18265CAM1RP2.flv.png",
        "streamUrl": "https://publicstreamer1.cotrip.org:443/rtplive/025N18265CAM1RP2/playlist.m3u8",
        "cameraCode": "025N18265CAM1RP2",
        "source": "COtrip",
        "state": "Colorado",
        "graphqlUri": "camera/136265/872453731",
        "graphqlParentUri": "camera/136265",
        "routeDesignator": "I-25",
        "lastUpdatedTimestamp": 1773274709000
      }
    },
    {
      "type": "Feature",
      "geometry": null,
      "properties": {
        "id": "025N18185CAM1RP2",
        "title": "I-25 MP 181.85 NB at E Wolfensberger Rd/Wilcox St",
        "snapshotUrl": "https://cocam.carsprogram.org/Snapshots/025N18185CAM1RP2.flv.png",
        "streamUrl": "https://publicstreamer1.cotrip.org:443/rtplive/025N18185CAM1RP2/playlist.m3u8",
        "cameraCode": "025N18185CAM1RP2",
        "source": "COtrip",
        "state": "Colorado",
        "graphqlUri": "camera/136301/3698042827",
        "graphqlParentUri": "camera/136301",
        "routeDesignator": "I-25",
        "lastUpdatedTimestamp": 1773274724000
      }
    },
    {
      "type": "Feature",
      "geometry": null,
      "properties": {
        "id": "025S18070CAM1RP1",
        "title": "I-25 MP 180.70 SB : 0.2 miles S of Plum Creek Pkwy",
        "snapshotUrl": "https://cocam.carsprogram.org/Snapshots/025S18070CAM1RP1.flv.png",
        "streamUrl": "https://publicstreamer2.cotrip.org:443/rtplive/025S18070CAM1RP1/playlist.m3u8",
        "cameraCode": "025S18070CAM1RP1",
        "source": "COtrip",
        "state": "Colorado",
        "graphqlUri": "camera/135697/183336867",
        "graphqlParentUri": "camera/135697",
        "routeDesignator": "I-25",
        "lastUpdatedTimestamp": 1773274771000
      }
    },
    {
      "type": "Feature",
      "geometry": null,
      "properties": {
        "id": "025N17970CAM1GP2",
        "title": "I-25 MP 179.70 NB : 1.2 miles S of Plum Creek Pkwy",
        "snapshotUrl": "https://cocam.carsprogram.org/Snapshots/025N17970CAM1GP2.flv.png",
        "streamUrl": "https://publicstreamer2.cotrip.org:443/rtplive/025N17970CAM1GP2/playlist.m3u8",
        "cameraCode": "025N17970CAM1GP2",
        "source": "COtrip",
        "state": "Colorado",
        "graphqlUri": "camera/135727/2672426233",
        "graphqlParentUri": "camera/135727",
        "routeDesignator": "I-25",
        "lastUpdatedTimestamp": 1773274784000
      }
    },
    {
      "type": "Feature",
      "geometry": null,
      "properties": {
        "id": "025N17840CAM1RHS",
        "title": "I-25 MP 178.40 NB : 2.4 miles S of Plum Creek Pkwy on Frontage Rd",
        "snapshotUrl": "https://cocam.carsprogram.org/Snapshots/025N17840CAM1RHS.flv.png",
        "streamUrl": "https://publicstreamer1.cotrip.org:443/rtplive/025N17840CAM1RHS/playlist.m3u8",
        "cameraCode": "025N17840CAM1RHS",
        "source": "COtrip",
        "state": "Colorado",
        "graphqlUri": "camera/136398/1261079947",
        "graphqlParentUri": "camera/136398",
        "routeDesignator": "I-25",
        "lastUpdatedTimestamp": 1773274689000
      }
    },
    {
      "type": "Feature",
      "geometry": null,
      "properties": {
        "id": "025S17705CAM1RHS",
        "title": "I-25 MP 177.05 SB : 3.8 miles S of Plum Creek Pkwy",
        "snapshotUrl": "https://cocam.carsprogram.org/Snapshots/025S17705CAM1RHS.flv.png",
        "streamUrl": "https://publicstreamer4.cotrip.org:443/rtplive/025S17705CAM1RHS/playlist.m3u8",
        "cameraCode": "025S17705CAM1RHS",
        "source": "COtrip",
        "state": "Colorado",
        "graphqlUri": "camera/136148/652506784",
        "graphqlParentUri": "camera/136148",
        "routeDesignator": "I-25",
        "lastUpdatedTimestamp": 1773274728000
      }
    },
    {
      "type": "Feature",
      "geometry": null,
      "properties": {
        "id": "025S17550CAM1RHS",
        "title": "I-25 MP 175.50 SB : 1.0 mile N of Sky View Ln",
        "snapshotUrl": "https://cocam.carsprogram.org/Snapshots/025S17550CAM1RHS.flv.png",
        "streamUrl": "https://publicstreamer1.cotrip.org:443/rtplive/025S17550CAM1RHS/playlist.m3u8",
        "cameraCode": "025S17550CAM1RHS",
        "source": "COtrip",
        "state": "Colorado",
        "graphqlUri": "camera/136305/4172715267",
        "graphqlParentUri": "camera/136305",
        "routeDesignator": "I-25",
        "lastUpdatedTimestamp": 1773274725000
      }
    },
    {
      "type": "Feature",
      "geometry": null,
      "properties": {
        "id": "025S17445CAM1RHS",
        "title": "I-25 MP 174.45 SB : 0.6 miles N of Sky View Ln on Frontage Rd",
        "snapshotUrl": "https://cocam.carsprogram.org/Snapshots/025S17445CAM1RHS.flv.png",
        "streamUrl": "https://publicstreamer1.cotrip.org:443/rtplive/025S17445CAM1RHS/playlist.m3u8",
        "cameraCode": "025S17445CAM1RHS",
        "source": "COtrip",
        "state": "Colorado",
        "graphqlUri": "camera/136397/4015733863",
        "graphqlParentUri": "camera/136397",
        "routeDesignator": "I-25",
        "lastUpdatedTimestamp": 1773274688000
      }
    },
    {
      "type": "Feature",
      "geometry": null,
      "properties": {
        "id": "025S17380CAM1RP1",
        "title": "I-25 MP 173.80 SB at Sky View Ln in Larkspur",
        "snapshotUrl": "https://cocam.carsprogram.org/Snapshots/025S17380CAM1RP1.flv.png",
        "streamUrl": "https://publicstreamer1.cotrip.org:443/rtplive/025S17380CAM1RP1/playlist.m3u8",
        "cameraCode": "025S17380CAM1RP1",
        "source": "COtrip",
        "state": "Colorado",
        "graphqlUri": "camera/136322/1931659733",
        "graphqlParentUri": "camera/136322",
        "routeDesignator": "I-25",
        "lastUpdatedTimestamp": 1773274706000
      }
    },
    {
      "type": "Feature",
      "geometry": null,
      "properties": {
        "id": "025N17305CAM1RHS",
        "title": "I-25 MP 173.05 NB : 0.8 miles S of Sky View Ln in Larkspur",
        "snapshotUrl": "https://cocam.carsprogram.org/Snapshots/025N17305CAM1RHS.flv.png",
        "streamUrl": "https://publicstreamer1.cotrip.org:443/rtplive/025N17305CAM1RHS/playlist.m3u8",
        "cameraCode": "025N17305CAM1RHS",
        "source": "COtrip",
        "state": "Colorado",
        "graphqlUri": "camera/136396/1706702440",
        "graphqlParentUri": "camera/136396",
        "routeDesignator": "I-25",
        "lastUpdatedTimestamp": 1773274688000
      }
    },
    {
      "type": "Feature",
      "geometry": null,
      "properties": {
        "id": "025N17235CAM1RHS",
        "title": "I-25 MP 172.35 NB at Spruce Mountain Rd in Larkspur",
        "snapshotUrl": "https://cocam.carsprogram.org/Snapshots/025N17235CAM1RHS.flv.png",
        "streamUrl": "https://publicstreamer4.cotrip.org:443/rtplive/025N17235CAM1RHS/playlist.m3u8",
        "cameraCode": "025N17235CAM1RHS",
        "source": "COtrip",
        "state": "Colorado",
        "graphqlUri": "camera/136127/1302272918",
        "graphqlParentUri": "camera/136127",
        "routeDesignator": "I-25",
        "lastUpdatedTimestamp": 1773274762000
      }
    },
    {
      "type": "Feature",
      "geometry": null,
      "properties": {
        "id": "025N17175CAM1RP1",
        "title": "I-25 MP 171.75 NB at Upper Lake Gulch Rd",
        "snapshotUrl": "https://cocam.carsprogram.org/Snapshots/025N17175CAM1RP1.flv.png",
        "streamUrl": "https://publicstreamer1.cotrip.org:443/rtplive/025N17175CAM1RP1/playlist.m3u8",
        "cameraCode": "025N17175CAM1RP1",
        "source": "COtrip",
        "state": "Colorado",
        "graphqlUri": "camera/136382/738052571",
        "graphqlParentUri": "camera/136382",
        "routeDesignator": "I-25",
        "lastUpdatedTimestamp": 1773274681000
      }
    },
    {
      "type": "Feature",
      "geometry": null,
      "properties": {
        "id": "025N17055CAM1RHS",
        "title": "I-25 MP 170.55 NB : 1.6 miles S of Upper Lake Gulch Rd",
        "snapshotUrl": "https://cocam.carsprogram.org/Snapshots/025N17055CAM1RHS.flv.png",
        "streamUrl": "https://publicstreamer4.cotrip.org:443/rtplive/025N17055CAM1RHS/playlist.m3u8",
        "cameraCode": "025N17055CAM1RHS",
        "source": "COtrip",
        "state": "Colorado",
        "graphqlUri": "camera/136138/2905809658",
        "graphqlParentUri": "camera/136138",
        "routeDesignator": "I-25",
        "lastUpdatedTimestamp": 1773274766000
      }
    },
    {
      "type": "Feature",
      "geometry": null,
      "properties": {
        "id": "025N17045CAM1RP1",
        "title": "I-25 MP 170.45 NB at Larkspur Chain Station",
        "snapshotUrl": "https://cocam.carsprogram.org/Snapshots/025N17045CAM1RP1.flv.png",
        "streamUrl": "https://publicstreamer2.cotrip.org:443/rtplive/025N17045CAM1RP1/playlist.m3u8",
        "cameraCode": "025N17045CAM1RP1",
        "source": "COtrip",
        "state": "Colorado",
        "graphqlUri": "camera/135834/2967547708",
        "graphqlParentUri": "camera/135834",
        "routeDesignator": "I-25",
        "lastUpdatedTimestamp": 1773274798000
      }
    },
    {
      "type": "Feature",
      "geometry": null,
      "properties": {
        "id": "025S17040CAM1RHS",
        "title": "I-25 MP 170.40 SB : 1.8 miles S of Upper Lake Gulch Rd",
        "snapshotUrl": "https://cocam.carsprogram.org/Snapshots/025S17040CAM1RHS.flv.png",
        "streamUrl": "https://publicstreamer2.cotrip.org:443/rtplive/025S17040CAM1RHS/playlist.m3u8",
        "cameraCode": "025S17040CAM1RHS",
        "source": "COtrip",
        "state": "Colorado",
        "graphqlUri": "camera/135833/2453629101",
        "graphqlParentUri": "camera/135833",
        "routeDesignator": "I-25",
        "lastUpdatedTimestamp": 1773274797000
      }
    },
    {
      "type": "Feature",
      "geometry": null,
      "properties": {
        "id": "025S16970CAM1RHS",
        "title": "I-25 MP 169.70 SB : 2.8 miles N of E Greenland Rd",
        "snapshotUrl": "https://cocam.carsprogram.org/Snapshots/025S16970CAM1RHS.flv.png",
        "streamUrl": "https://publicstreamer1.cotrip.org:443/rtplive/025S16970CAM1RHS/playlist.m3u8",
        "cameraCode": "025S16970CAM1RHS",
        "source": "COtrip",
        "state": "Colorado",
        "graphqlUri": "camera/136395/1755097013",
        "graphqlParentUri": "camera/136395",
        "routeDesignator": "I-25",
        "lastUpdatedTimestamp": 1773274687000
      }
    },
    {
      "type": "Feature",
      "geometry": null,
      "properties": {
        "id": "025N16890CAM1RHS",
        "title": "I-25 MP 168.90 NB : 1.5 miles N of E Greenland Rd",
        "snapshotUrl": "https://cocam.carsprogram.org/Snapshots/025N16890CAM1RHS.flv.png",
        "streamUrl": "https://publicstreamer4.cotrip.org:443/rtplive/025N16890CAM1RHS/playlist.m3u8",
        "cameraCode": "025N16890CAM1RHS",
        "source": "COtrip",
        "state": "Colorado",
        "graphqlUri": "camera/136128/3526141129",
        "graphqlParentUri": "camera/136128",
        "routeDesignator": "I-25",
        "lastUpdatedTimestamp": 1773274762000
      }
    },
    {
      "type": "Feature",
      "geometry": null,
      "properties": {
        "id": "025N16795CAM1RHS",
        "title": "I-25 MP 167.95 NB : 0.7 miles N of E Greenland Rd",
        "snapshotUrl": "https://cocam.carsprogram.org/Snapshots/025N16795CAM1RHS.flv.png",
        "streamUrl": "https://publicstreamer2.cotrip.org:443/rtplive/025N16795CAM1RHS/playlist.m3u8",
        "cameraCode": "025N16795CAM1RHS",
        "source": "COtrip",
        "state": "Colorado",
        "graphqlUri": "camera/135782/1948799264",
        "graphqlParentUri": "camera/135782",
        "routeDesignator": "I-25",
        "lastUpdatedTimestamp": 1773274772000
      }
    },
    {
      "type": "Feature",
      "geometry": null,
      "properties": {
        "id": "025N16690CAM1RHS",
        "title": "I-25 MP 166.90 NB : 0.7 miles S of E Greenland Rd",
        "snapshotUrl": "https://cocam.carsprogram.org/Snapshots/025N16690CAM1RHS.flv.png",
        "streamUrl": "https://publicstreamer1.cotrip.org:443/rtplive/025N16690CAM1RHS/playlist.m3u8",
        "cameraCode": "025N16690CAM1RHS",
        "source": "COtrip",
        "state": "Colorado",
        "graphqlUri": "camera/136387/4021881817",
        "graphqlParentUri": "camera/136387",
        "routeDesignator": "I-25",
        "lastUpdatedTimestamp": 1773274683000
      }
    },
    {
      "type": "Feature",
      "geometry": null,
      "properties": {
        "id": "025N16575CAM1RHS",
        "title": "I-25 MP 165.75 NB : 1.7 miles S of E Greenland Rd",
        "snapshotUrl": "https://cocam.carsprogram.org/Snapshots/025N16575CAM1RHS.flv.png",
        "streamUrl": "https://publicstreamer1.cotrip.org:443/rtplive/025N16575CAM1RHS/playlist.m3u8",
        "cameraCode": "025N16575CAM1RHS",
        "source": "COtrip",
        "state": "Colorado",
        "graphqlUri": "camera/136386/2784882992",
        "graphqlParentUri": "camera/136386",
        "routeDesignator": "I-25",
        "lastUpdatedTimestamp": 1773274682000
      }
    },
    {
      "type": "Feature",
      "geometry": null,
      "properties": {
        "id": "025N16485CAM1RHS",
        "title": "I-25 MP 164.85 NB : 1.9 miles N of CO 404/County Line Rd",
        "snapshotUrl": "https://cocam.carsprogram.org/Snapshots/025N16485CAM1RHS.flv.png",
        "streamUrl": "https://publicstreamer1.cotrip.org:443/rtplive/025N16485CAM1RHS/playlist.m3u8",
        "cameraCode": "025N16485CAM1RHS",
        "source": "COtrip",
        "state": "Colorado",
        "graphqlUri": "camera/136385/1605168563",
        "graphqlParentUri": "camera/136385",
        "routeDesignator": "I-25",
        "lastUpdatedTimestamp": 1773274682000
      }
    },
    {
      "type": "Feature",
      "geometry": null,
      "properties": {
        "id": "025S16405CAM1RHS",
        "title": "I-25 MP 164.05 SB : 0.9 miles N of CO 404/County Line Rd",
        "snapshotUrl": "https://cocam.carsprogram.org/Snapshots/025S16405CAM1RHS.flv.png",
        "streamUrl": "https://publicstreamer4.cotrip.org:443/rtplive/025S16405CAM1RHS/playlist.m3u8",
        "cameraCode": "025S16405CAM1RHS",
        "source": "COtrip",
        "state": "Colorado",
        "graphqlUri": "camera/136103/3212970631",
        "graphqlParentUri": "camera/136103",
        "routeDesignator": "I-25",
        "lastUpdatedTimestamp": 1773274751000
      }
    },
    {
      "type": "Feature",
      "geometry": null,
      "properties": {
        "id": "025S16295CAM1RHS",
        "title": "I-25 MP 162.95 SB : 0.5 miles S of CO 404/County Line Rd",
        "snapshotUrl": "https://cocam.carsprogram.org/Snapshots/025S16295CAM1RHS.flv.png",
        "streamUrl": "https://publicstreamer4.cotrip.org:443/rtplive/025S16295CAM1RHS/playlist.m3u8",
        "cameraCode": "025S16295CAM1RHS",
        "source": "COtrip",
        "state": "Colorado",
        "graphqlUri": "camera/136064/1457272025",
        "graphqlParentUri": "camera/136064",
        "routeDesignator": "I-25",
        "lastUpdatedTimestamp": 1773274745000
      }
    },
    {
      "type": "Feature",
      "geometry": null,
      "properties": {
        "id": "025S16190CAM1RHS",
        "title": "I-25 MP 161.90 SB : 1.5 miles N of CO 105 in Monument",
        "snapshotUrl": "https://cocam.carsprogram.org/Snapshots/025S16190CAM1RHS.flv.png",
        "streamUrl": "https://publicstreamer2.cotrip.org:443/rtplive/025S16190CAM1RHS/playlist.m3u8",
        "cameraCode": "025S16190CAM1RHS",
        "source": "COtrip",
        "state": "Colorado",
        "graphqlUri": "camera/135781/4259465542",
        "graphqlParentUri": "camera/135781",
        "routeDesignator": "I-25",
        "lastUpdatedTimestamp": 1773274772000
      }
    },
    {
      "type": "Feature",
      "geometry": null,
      "properties": {
        "id": "025N16080CAM1RHS",
        "title": "I-25 MP 160.80 NB : 0.1 miles N of CO 105 in Monument",
        "snapshotUrl": "https://cocam.carsprogram.org/Snapshots/025N16080CAM1RHS.flv.png",
        "streamUrl": "https://publicstreamer4.cotrip.org:443/rtplive/025N16080CAM1RHS/playlist.m3u8",
        "cameraCode": "025N16080CAM1RHS",
        "source": "COtrip",
        "state": "Colorado",
        "graphqlUri": "camera/136100/3871535870",
        "graphqlParentUri": "camera/136100",
        "routeDesignator": "I-25",
        "lastUpdatedTimestamp": 1773274749000
      }
    },
    {
      "type": "Feature",
      "geometry": null,
      "properties": {
        "id": "025S16080CAM1NEC",
        "title": "I-25 MP 160.80 SB at 2nd St/CO 105 in Monument",
        "snapshotUrl": "https://cocam.carsprogram.org/Snapshots/025S16080CAM1NEC.flv.png",
        "streamUrl": "https://publicstreamer1.cotrip.org:443/rtplive/025S16080CAM1NEC/playlist.m3u8",
        "cameraCode": "025S16080CAM1NEC",
        "source": "COtrip",
        "state": "Colorado",
        "graphqlUri": "camera/136266/1655598282",
        "graphqlParentUri": "camera/136266",
        "routeDesignator": "I-25",
        "lastUpdatedTimestamp": 1773274709000
      }
    },
    {
      "type": "Feature",
      "geometry": null,
      "properties": {
        "id": "025N15900CAM1RHS",
        "title": "I-25 MP 159.00 NB : 0.8 miles N of Baptist Rd in Monument",
        "snapshotUrl": "https://cocam.carsprogram.org/Snapshots/025N15900CAM1RHS.flv.png",
        "streamUrl": "https://publicstreamer2.cotrip.org:443/rtplive/025N15900CAM1RHS/playlist.m3u8",
        "cameraCode": "025N15900CAM1RHS",
        "source": "COtrip",
        "state": "Colorado",
        "graphqlUri": "camera/135832/2481328210",
        "graphqlParentUri": "camera/135832",
        "routeDesignator": "I-25",
        "lastUpdatedTimestamp": 1773274797000
      }
    },
    {
      "type": "Feature",
      "geometry": null,
      "properties": {
        "id": "025N15685CAM1MED",
        "title": "156.85 : 025N15685CAM1MED : 1.2 miles N of North Gate Blvd",
        "snapshotUrl": "https://cocam.carsprogram.org/Snapshots/025N15685CAM1MED.flv.png",
        "streamUrl": "https://publicstreamer3.cotrip.org:443/rtplive/025N15685CAM1MED/playlist.m3u8",
        "cameraCode": "025N15685CAM1MED",
        "source": "COtrip",
        "state": "Colorado",
        "graphqlUri": "camera/135996/2244672592",
        "graphqlParentUri": "camera/135996",
        "routeDesignator": "I-25",
        "lastUpdatedTimestamp": 1773274765000
      }
    },
    {
      "type": "Feature",
      "geometry": null,
      "properties": {
        "id": "025N15425CAM1MED",
        "title": "I-25 MP 154.25 NB : 1.2 miles N of Interquest Pkwy",
        "snapshotUrl": "https://cocam.carsprogram.org/Snapshots/025N15425CAM1MED.flv.png",
        "streamUrl": "https://publicstreamer3.cotrip.org:443/rtplive/025N15425CAM1MED/playlist.m3u8",
        "cameraCode": "025N15425CAM1MED",
        "source": "COtrip",
        "state": "Colorado",
        "graphqlUri": "camera/135995/523291415",
        "graphqlParentUri": "camera/135995",
        "routeDesignator": "I-25",
        "lastUpdatedTimestamp": 1773274765000
      }
    },
    {
      "type": "Feature",
      "geometry": null,
      "properties": {
        "id": "025N15065CAM1RHS",
        "title": "I-25 MP 150.65 NB : 0.4 miles N of N Academy Blvd",
        "snapshotUrl": "https://cocam.carsprogram.org/Snapshots/025N15065CAM1RHS.flv.png",
        "streamUrl": "https://publicstreamer1.cotrip.org:443/rtplive/025N15065CAM1RHS/playlist.m3u8",
        "cameraCode": "025N15065CAM1RHS",
        "source": "COtrip",
        "state": "Colorado",
        "graphqlUri": "camera/136358/1037653891",
        "graphqlParentUri": "camera/136358",
        "routeDesignator": "I-25",
        "lastUpdatedTimestamp": 1773274721000
      }
    },
    {
      "type": "Feature",
      "geometry": null,
      "properties": {
        "id": "025N14620CAM1RHS",
        "title": "I-25 MP 146.20 NB at Garden of the Gods Rd",
        "snapshotUrl": "https://cocam.carsprogram.org/Snapshots/025N14620CAM1RHS.flv.png",
        "streamUrl": "https://publicstreamer2.cotrip.org:443/rtplive/025N14620CAM1RHS/playlist.m3u8",
        "cameraCode": "025N14620CAM1RHS",
        "source": "COtrip",
        "state": "Colorado",
        "graphqlUri": "camera/135663/3211288831",
        "graphqlParentUri": "camera/135663",
        "routeDesignator": "I-25",
        "lastUpdatedTimestamp": 1773274533000
      }
    },
    {
      "type": "Feature",
      "geometry": null,
      "properties": {
        "id": "025N13855CAM1RP1",
        "title": "I-25 MP 138.55 NB : 0.3 miles S of US 24 in Colorado Springs",
        "snapshotUrl": "https://cocam.carsprogram.org/Snapshots/025N13855CAM1RP1.flv.png",
        "streamUrl": "https://publicstreamer1.cotrip.org:443/rtplive/025N13855CAM1RP1/playlist.m3u8",
        "cameraCode": "025N13855CAM1RP1",
        "source": "COtrip",
        "state": "Colorado",
        "graphqlUri": "camera/136357/3405498850",
        "graphqlParentUri": "camera/136357",
        "routeDesignator": "I-25",
        "lastUpdatedTimestamp": 1773274721000
      }
    },
    {
      "type": "Feature",
      "geometry": null,
      "properties": {
        "id": "025N13530CAM1RHS",
        "title": "I-25 MP 135.30 NB at S Academy Blvd in Fountain",
        "snapshotUrl": "https://cocam.carsprogram.org/Snapshots/025N13530CAM1RHS.flv.png",
        "streamUrl": "https://publicstreamer1.cotrip.org:443/rtplive/025N13530CAM1RHS/playlist.m3u8",
        "cameraCode": "025N13530CAM1RHS",
        "source": "COtrip",
        "state": "Colorado",
        "graphqlUri": "camera/136542/3961449670",
        "graphqlParentUri": "camera/136542",
        "routeDesignator": "I-25",
        "lastUpdatedTimestamp": 1773274743000
      }
    },
    {
      "type": "Feature",
      "geometry": null,
      "properties": {
        "id": "025N13020CAM1GP2",
        "title": "I-25 MP 130.20 NB : 2.0 miles S of CO 16/Mesa Ridge Pkwy in Fountain",
        "snapshotUrl": "https://cocam.carsprogram.org/Snapshots/025N13020CAM1GP2.flv.png",
        "streamUrl": "https://publicstreamer1.cotrip.org:443/rtplive/025N13020CAM1GP2/playlist.m3u8",
        "cameraCode": "025N13020CAM1GP2",
        "source": "COtrip",
        "state": "Colorado",
        "graphqlUri": "camera/136356/43453706",
        "graphqlParentUri": "camera/136356",
        "routeDesignator": "I-25",
        "lastUpdatedTimestamp": 1773274720000
      }
    },
    {
      "type": "Feature",
      "geometry": null,
      "properties": {
        "id": "025S12785CAM1SEC",
        "title": "I-25 MP 127.85 SB at Sante Fe Ave in Fountain",
        "snapshotUrl": "https://cocam.carsprogram.org/Snapshots/025S12785CAM1SEC.flv.png",
        "streamUrl": "https://publicstreamer3.cotrip.org:443/rtplive/025S12785CAM1SEC/playlist.m3u8",
        "cameraCode": "025S12785CAM1SEC",
        "source": "COtrip",
        "state": "Colorado",
        "graphqlUri": "camera/135955/1929181715",
        "graphqlParentUri": "camera/135955",
        "routeDesignator": "I-25",
        "lastUpdatedTimestamp": 1773274694000
      }
    },
    {
      "type": "Feature",
      "geometry": null,
      "properties": {
        "id": "025S12520CAM1RHS",
        "title": "I-25 MP 125.20 SB : 0.6 miles N of Ray Nixon Rd",
        "snapshotUrl": "https://cocam.carsprogram.org/Snapshots/025S12520CAM1RHS.flv.png",
        "streamUrl": "https://publicstreamer4.cotrip.org:443/rtplive/025S12520CAM1RHS/playlist.m3u8",
        "cameraCode": "025S12520CAM1RHS",
        "source": "COtrip",
        "state": "Colorado",
        "graphqlUri": "camera/136092/1894349337",
        "graphqlParentUri": "camera/136092",
        "routeDesignator": "I-25",
        "lastUpdatedTimestamp": 1773274744000
      }
    },
    {
      "type": "Feature",
      "geometry": null,
      "properties": {
        "id": "025S12400CAM1RHS",
        "title": "I-25 MP 124.00 SB : 0.6 miles S of Ray Nixon Rd",
        "snapshotUrl": "https://cocam.carsprogram.org/Snapshots/025S12400CAM1RHS.flv.png",
        "streamUrl": "https://publicstreamer2.cotrip.org:443/rtplive/025S12400CAM1RHS/playlist.m3u8",
        "cameraCode": "025S12400CAM1RHS",
        "source": "COtrip",
        "state": "Colorado",
        "graphqlUri": "camera/135724/2380153095",
        "graphqlParentUri": "camera/135724",
        "routeDesignator": "I-25",
        "lastUpdatedTimestamp": 1773274782000
      }
    },
    {
      "type": "Feature",
      "geometry": null,
      "properties": {
        "id": "025S12170CAM1RP1",
        "title": "I-25 MP 121.70 SB at Midway Ranch Rd",
        "snapshotUrl": "https://cocam.carsprogram.org/Snapshots/025S12170CAM1RP1.flv.png",
        "streamUrl": "https://publicstreamer1.cotrip.org:443/rtplive/025S12170CAM1RP1/playlist.m3u8",
        "cameraCode": "025S12170CAM1RP1",
        "source": "COtrip",
        "state": "Colorado",
        "graphqlUri": "camera/136308/4000582987",
        "graphqlParentUri": "camera/136308",
        "routeDesignator": "I-25",
        "lastUpdatedTimestamp": 1773274726000
      }
    },
    {
      "type": "Feature",
      "geometry": null,
      "properties": {
        "id": "025S11875CAM1RHS",
        "title": "I-25 MP 118.75 SB : 0.1 miles S of Rancho Colorado Blvd",
        "snapshotUrl": "https://cocam.carsprogram.org/Snapshots/025S11875CAM1RHS.flv.png",
        "streamUrl": "https://publicstreamer2.cotrip.org:443/rtplive/025S11875CAM1RHS/playlist.m3u8",
        "cameraCode": "025S11875CAM1RHS",
        "source": "COtrip",
        "state": "Colorado",
        "graphqlUri": "camera/135670/1829070525",
        "graphqlParentUri": "camera/135670",
        "routeDesignator": "I-25",
        "lastUpdatedTimestamp": 1773274536000
      }
    },
    {
      "type": "Feature",
      "geometry": null,
      "properties": {
        "id": "025S11490CAM1RHS",
        "title": "I-25 MP 114.90 SB : 0.1 miles S of Pueblo North Rest Area",
        "snapshotUrl": "https://cocam.carsprogram.org/Snapshots/025S11490CAM1RHS.flv.png",
        "streamUrl": "https://publicstreamer4.cotrip.org:443/rtplive/025S11490CAM1RHS/playlist.m3u8",
        "cameraCode": "025S11490CAM1RHS",
        "source": "COtrip",
        "state": "Colorado",
        "graphqlUri": "camera/136199/2333223617",
        "graphqlParentUri": "camera/136199",
        "routeDesignator": "I-25",
        "lastUpdatedTimestamp": 1773274755000
      }
    },
    {
      "type": "Feature",
      "geometry": null,
      "properties": {
        "id": "025S10995CAM1RP1",
        "title": "I-25 MP 109.95 SB : 0.3 miles S of Pinon",
        "snapshotUrl": "https://cocam.carsprogram.org/Snapshots/025S10995CAM1RP1.flv.png",
        "streamUrl": "https://publicstreamer3.cotrip.org:443/rtplive/025S10995CAM1RP1/playlist.m3u8",
        "cameraCode": "025S10995CAM1RP1",
        "source": "COtrip",
        "state": "Colorado",
        "graphqlUri": "camera/135873/2759818645",
        "graphqlParentUri": "camera/135873",
        "routeDesignator": "I-25",
        "lastUpdatedTimestamp": 1773274708000
      }
    },
    {
      "type": "Feature",
      "geometry": null,
      "properties": {
        "id": "025S11020CAM1RP1",
        "title": "I-25 MP 110.20 SB at Pinon on Frontage Rd",
        "snapshotUrl": "https://cocam.carsprogram.org/Snapshots/025S11020CAM1RP1.flv.png",
        "streamUrl": "https://publicstreamer1.cotrip.org:443/rtplive/025S11020CAM1RP1/playlist.m3u8",
        "cameraCode": "025S11020CAM1RP1",
        "source": "COtrip",
        "state": "Colorado",
        "graphqlUri": "camera/136355/3737363072",
        "graphqlParentUri": "camera/136355",
        "routeDesignator": "I-25",
        "lastUpdatedTimestamp": 1773274720000
      }
    },
    {
      "type": "Feature",
      "geometry": null,
      "properties": {
        "id": "025S10615CAM1RHS",
        "title": "I-25 MP 106.15 SB : 1.8 miles S of Purcell Blvd in Pueblo West",
        "snapshotUrl": "https://cocam.carsprogram.org/Snapshots/025S10615CAM1RHS.flv.png",
        "streamUrl": "https://publicstreamer3.cotrip.org:443/rtplive/025S10615CAM1RHS/playlist.m3u8",
        "cameraCode": "025S10615CAM1RHS",
        "source": "COtrip",
        "state": "Colorado",
        "graphqlUri": "camera/135841/2607873936",
        "graphqlParentUri": "camera/135841",
        "routeDesignator": "I-25",
        "lastUpdatedTimestamp": 1773274509000
      }
    },
    {
      "type": "Feature",
      "geometry": null,
      "properties": {
        "id": "025S10185CAM1RHS",
        "title": "I-25 MP 101.85 SB : 0.4 miles N of US 50/CO 47 in Pueblo",
        "snapshotUrl": "https://cocam.carsprogram.org/Snapshots/025S10185CAM1RHS.flv.png",
        "streamUrl": "https://publicstreamer2.cotrip.org:443/rtplive/025S10185CAM1RHS/playlist.m3u8",
        "cameraCode": "025S10185CAM1RHS",
        "source": "COtrip",
        "state": "Colorado",
        "graphqlUri": "camera/135743/2752117973",
        "graphqlParentUri": "camera/135743",
        "routeDesignator": "I-25",
        "lastUpdatedTimestamp": 1773274792000
      }
    },
    {
      "type": "Feature",
      "geometry": null,
      "properties": {
        "id": "025S10135CAM1RHS",
        "title": "I-25 MP 101.35 SB at US 50/CO 47 in Pueblo",
        "snapshotUrl": "https://cocam.carsprogram.org/Snapshots/025S10135CAM1RHS.flv.png",
        "streamUrl": "https://publicstreamer4.cotrip.org:443/rtplive/025S10135CAM1RHS/playlist.m3u8",
        "cameraCode": "025S10135CAM1RHS",
        "source": "COtrip",
        "state": "Colorado",
        "graphqlUri": "camera/136144/3769313442",
        "graphqlParentUri": "camera/136144",
        "routeDesignator": "I-25",
        "lastUpdatedTimestamp": 1773274769000
      }
    },
    {
      "type": "Feature",
      "geometry": null,
      "properties": {
        "id": "025N10085CAM1RHS",
        "title": "I-25 MP 100.85 NB : 0.1 miles N of W 29th St in Pueblo",
        "snapshotUrl": "https://cocam.carsprogram.org/Snapshots/025N10085CAM1RHS.flv.png",
        "streamUrl": "https://publicstreamer4.cotrip.org:443/rtplive/025N10085CAM1RHS/playlist.m3u8",
        "cameraCode": "025N10085CAM1RHS",
        "source": "COtrip",
        "state": "Colorado",
        "graphqlUri": "camera/136188/2248639336",
        "graphqlParentUri": "camera/136188",
        "routeDesignator": "I-25",
        "lastUpdatedTimestamp": 1773274746000
      }
    },
    {
      "type": "Feature",
      "geometry": null,
      "properties": {
        "id": "025S09845CAM1RP1",
        "title": "I-25 MP 098.45 SB : 0.2 miles S of E 1st St",
        "snapshotUrl": "https://cocam.carsprogram.org/Snapshots/025S09845CAM1RP1.flv.png",
        "streamUrl": "https://publicstreamer3.cotrip.org:443/rtplive/025S09845CAM1RP1/playlist.m3u8",
        "cameraCode": "025S09845CAM1RP1",
        "source": "COtrip",
        "state": "Colorado",
        "graphqlUri": "camera/135854/2210763378",
        "graphqlParentUri": "camera/135854",
        "routeDesignator": "I-25",
        "lastUpdatedTimestamp": 1773274516000
      }
    },
    {
      "type": "Feature",
      "geometry": null,
      "properties": {
        "id": "025S09400CAM1GP2",
        "title": "I-25 MP 094.00 SB : 0.8 miles S of Pueblo Blvd/CO 45",
        "snapshotUrl": "https://cocam.carsprogram.org/Snapshots/025S09400CAM1GP2.flv.png",
        "streamUrl": "https://publicstreamer3.cotrip.org:443/rtplive/025S09400CAM1GP2/playlist.m3u8",
        "cameraCode": "025S09400CAM1GP2",
        "source": "COtrip",
        "state": "Colorado",
        "graphqlUri": "camera/135922/3556106846",
        "graphqlParentUri": "camera/135922",
        "routeDesignator": "I-25",
        "lastUpdatedTimestamp": 1773274677000
      }
    },
    {
      "type": "Feature",
      "geometry": null,
      "properties": {
        "id": "025S07500CAM1GP2",
        "title": "I-25 MP 075.00 SB : 0.6 miles N of CO 165",
        "snapshotUrl": "https://cocam.carsprogram.org/Snapshots/025S07500CAM1GP2.flv.png",
        "streamUrl": "https://publicstreamer4.cotrip.org:443/rtplive/025S07500CAM1GP2/playlist.m3u8",
        "cameraCode": "025S07500CAM1GP2",
        "source": "COtrip",
        "state": "Colorado",
        "graphqlUri": "camera/136085/190571587",
        "graphqlParentUri": "camera/136085",
        "routeDesignator": "I-25",
        "lastUpdatedTimestamp": 1773274754000
      }
    },
    {
      "type": "Feature",
      "geometry": null,
      "properties": {
        "id": "025N07060CAM1GP2",
        "title": "I-25 MP 070.60 NB : 0.6 miles S of W Graneros Rd/CR CC319",
        "snapshotUrl": "https://cocam.carsprogram.org/Snapshots/025N07060CAM1GP2.flv.png",
        "streamUrl": "https://publicstreamer4.cotrip.org:443/rtplive/025N07060CAM1GP2/playlist.m3u8",
        "cameraCode": "025N07060CAM1GP2",
        "source": "COtrip",
        "state": "Colorado",
        "graphqlUri": "camera/136087/472856107",
        "graphqlParentUri": "camera/136087",
        "routeDesignator": "I-25",
        "lastUpdatedTimestamp": 1773274755000
      }
    },
    {
      "type": "Feature",
      "geometry": null,
      "properties": {
        "id": "025S06655CAM1RHS",
        "title": "I-25 MP 066.55 SB : 0.2 miles S of CR 670",
        "snapshotUrl": "https://cocam.carsprogram.org/Snapshots/025S06655CAM1RHS.flv.png",
        "streamUrl": "https://publicstreamer4.cotrip.org:443/rtplive/025S06655CAM1RHS/playlist.m3u8",
        "cameraCode": "025S06655CAM1RHS",
        "source": "COtrip",
        "state": "Colorado",
        "graphqlUri": "camera/136097/3682909286",
        "graphqlParentUri": "camera/136097",
        "routeDesignator": "I-25",
        "lastUpdatedTimestamp": 1773274747000
      }
    },
    {
      "type": "Feature",
      "geometry": null,
      "properties": {
        "id": "025S05910CAM1RHS",
        "title": "I-25 MP 059.10 SB : 0.4 miles N of Butte Rd/CR 103 on Frontage Rd",
        "snapshotUrl": "https://cocam.carsprogram.org/Snapshots/025S05910CAM1RHS.flv.png",
        "streamUrl": "https://publicstreamer3.cotrip.org:443/rtplive/025S05910CAM1RHS/playlist.m3u8",
        "cameraCode": "025S05910CAM1RHS",
        "source": "COtrip",
        "state": "Colorado",
        "graphqlUri": "camera/135886/3610679181",
        "graphqlParentUri": "camera/135886",
        "routeDesignator": "I-25",
        "lastUpdatedTimestamp": 1773274714000
      }
    },
    {
      "type": "Feature",
      "geometry": null,
      "properties": {
        "id": "025S05275CAM1GP2",
        "title": "I-25 MP 052.75 SB : 0.2 miles N of Exit 52 in Walsenburg",
        "snapshotUrl": "https://cocam.carsprogram.org/Snapshots/025S05275CAM1GP2.flv.png",
        "streamUrl": "https://publicstreamer1.cotrip.org:443/rtplive/025S05275CAM1GP2/playlist.m3u8",
        "cameraCode": "025S05275CAM1GP2",
        "source": "COtrip",
        "state": "Colorado",
        "graphqlUri": "camera/136319/2291523966",
        "graphqlParentUri": "camera/136319",
        "routeDesignator": "I-25",
        "lastUpdatedTimestamp": 1773274705000
      }
    },
    {
      "type": "Feature",
      "geometry": null,
      "properties": {
        "id": "025N04900CAM1RHS",
        "title": "I-25 MP 049.00 NB at I-25BL/Industrial Park Dr in Walsenburg",
        "snapshotUrl": "https://cocam.carsprogram.org/Snapshots/025N04900CAM1RHS.flv.png",
        "streamUrl": "https://publicstreamer1.cotrip.org:443/rtplive/025N04900CAM1RHS/playlist.m3u8",
        "cameraCode": "025N04900CAM1RHS",
        "source": "COtrip",
        "state": "Colorado",
        "graphqlUri": "camera/136495/3686307661",
        "graphqlParentUri": "camera/136495",
        "routeDesignator": "I-25",
        "lastUpdatedTimestamp": 1773274714000
      }
    },
    {
      "type": "Feature",
      "geometry": null,
      "properties": {
        "id": "025N04855CAM1GP2",
        "title": "I-25 MP 048.55 NB : 0.6 miles S of I-25BL in Walsenburg",
        "snapshotUrl": "https://cocam.carsprogram.org/Snapshots/025N04855CAM1GP2.flv.png",
        "streamUrl": "https://publicstreamer1.cotrip.org:443/rtplive/025N04855CAM1GP2/playlist.m3u8",
        "cameraCode": "025N04855CAM1GP2",
        "source": "COtrip",
        "state": "Colorado",
        "graphqlUri": "camera/136384/707455225",
        "graphqlParentUri": "camera/136384",
        "routeDesignator": "I-25",
        "lastUpdatedTimestamp": 1773274682000
      }
    },
    {
      "type": "Feature",
      "geometry": null,
      "properties": {
        "id": "025S04190CAM1RHS",
        "title": "I-25 MP 041.90 SB at Rouse Rd/CR 310",
        "snapshotUrl": "https://cocam.carsprogram.org/Snapshots/025S04190CAM1RHS.flv.png",
        "streamUrl": "https://publicstreamer1.cotrip.org:443/rtplive/025S04190CAM1RHS/playlist.m3u8",
        "cameraCode": "025S04190CAM1RHS",
        "source": "COtrip",
        "state": "Colorado",
        "graphqlUri": "camera/136496/2650749801",
        "graphqlParentUri": "camera/136496",
        "routeDesignator": "I-25",
        "lastUpdatedTimestamp": 1773274715000
      }
    },
    {
      "type": "Feature",
      "geometry": null,
      "properties": {
        "id": "025N03410CAM1MED",
        "title": "I-25 MP 034.10 NB at I-25BL/CR 60 in Lynn",
        "snapshotUrl": "https://cocam.carsprogram.org/Snapshots/025N03410CAM1MED.flv.png",
        "streamUrl": "https://publicstreamer1.cotrip.org:443/rtplive/025N03410CAM1MED/playlist.m3u8",
        "cameraCode": "025N03410CAM1MED",
        "source": "COtrip",
        "state": "Colorado",
        "graphqlUri": "camera/136506/76120765",
        "graphqlParentUri": "camera/136506",
        "routeDesignator": "I-25",
        "lastUpdatedTimestamp": 1773274721000
      }
    },
    {
      "type": "Feature",
      "geometry": null,
      "properties": {
        "id": "025N03330CAM1RHS",
        "title": "I-25 MP 033.30 NB : 0.8 miles S of I-25BL/CR 60 in Lynn",
        "snapshotUrl": "https://cocam.carsprogram.org/Snapshots/025N03330CAM1RHS.flv.png",
        "streamUrl": "https://publicstreamer3.cotrip.org:443/rtplive/025N03330CAM1RHS/playlist.m3u8",
        "cameraCode": "025N03330CAM1RHS",
        "source": "COtrip",
        "state": "Colorado",
        "graphqlUri": "camera/136009/4155988693",
        "graphqlParentUri": "camera/136009",
        "routeDesignator": "I-25",
        "lastUpdatedTimestamp": 1773274773000
      }
    },
    {
      "type": "Feature",
      "geometry": null,
      "properties": {
        "id": "025S02685CAM1RHS",
        "title": "I-25 MP 026.85 SB at CR 44 in Ludlow",
        "snapshotUrl": "https://cocam.carsprogram.org/Snapshots/025S02685CAM1RHS.flv.png",
        "streamUrl": "https://publicstreamer1.cotrip.org:443/rtplive/025S02685CAM1RHS/playlist.m3u8",
        "cameraCode": "025S02685CAM1RHS",
        "source": "COtrip",
        "state": "Colorado",
        "graphqlUri": "camera/136501/1564632183",
        "graphqlParentUri": "camera/136501",
        "routeDesignator": "I-25",
        "lastUpdatedTimestamp": 1773274719000
      }
    },
    {
      "type": "Feature",
      "geometry": null,
      "properties": {
        "id": "025S03045CAM1RHS",
        "title": "I-25 MP 030.45 SB at CR 63.1 in Aguilar",
        "snapshotUrl": "https://cocam.carsprogram.org/Snapshots/025S03045CAM1RHS.flv.png",
        "streamUrl": "https://publicstreamer1.cotrip.org:443/rtplive/025S03045CAM1RHS/playlist.m3u8",
        "cameraCode": "025S03045CAM1RHS",
        "source": "COtrip",
        "state": "Colorado",
        "graphqlUri": "camera/136499/1940650474",
        "graphqlParentUri": "camera/136499",
        "routeDesignator": "I-25",
        "lastUpdatedTimestamp": 1773274718000
      }
    },
    {
      "type": "Feature",
      "geometry": null,
      "properties": {
        "id": "025N02300CAM1NWC",
        "title": "I-25 MP 023.00 NB at Hoehne Rd/CR 42",
        "snapshotUrl": "https://cocam.carsprogram.org/Snapshots/025N02300CAM1NWC.flv.png",
        "streamUrl": "https://publicstreamer1.cotrip.org:443/rtplive/025N02300CAM1NWC/playlist.m3u8",
        "cameraCode": "025N02300CAM1NWC",
        "source": "COtrip",
        "state": "Colorado",
        "graphqlUri": "camera/136509/3705884114",
        "graphqlParentUri": "camera/136509",
        "routeDesignator": "I-25",
        "lastUpdatedTimestamp": 1773274722000
      }
    },
    {
      "type": "Feature",
      "geometry": null,
      "properties": {
        "id": "025S01770CAM1RHS",
        "title": "I-25 MP 017.70 SB at El Moro Rd/CR 32.4 in Trinidad",
        "snapshotUrl": "https://cocam.carsprogram.org/Snapshots/025S01770CAM1RHS.flv.png",
        "streamUrl": "https://publicstreamer1.cotrip.org:443/rtplive/025S01770CAM1RHS/playlist.m3u8",
        "cameraCode": "025S01770CAM1RHS",
        "source": "COtrip",
        "state": "Colorado",
        "graphqlUri": "camera/136507/2204057099",
        "graphqlParentUri": "camera/136507",
        "routeDesignator": "I-25",
        "lastUpdatedTimestamp": 1773274721000
      }
    },
    {
      "type": "Feature",
      "geometry": null,
      "properties": {
        "id": "025S01405CAM1RHS",
        "title": "I-25 MP 014.05 SB at E Colorado Ave/N Commercial St in Trinidad",
        "snapshotUrl": "https://cocam.carsprogram.org/Snapshots/025S01405CAM1RHS.flv.png",
        "streamUrl": "https://publicstreamer1.cotrip.org:443/rtplive/025S01405CAM1RHS/playlist.m3u8",
        "cameraCode": "025S01405CAM1RHS",
        "source": "COtrip",
        "state": "Colorado",
        "graphqlUri": "camera/136525/123512853",
        "graphqlParentUri": "camera/136525",
        "routeDesignator": "I-25",
        "lastUpdatedTimestamp": 1773274734000
      }
    },
    {
      "type": "Feature",
      "geometry": null,
      "properties": {
        "id": "025N01105CAM1RHS",
        "title": "I-25 MP 011.05 NB at Santa Fe Trail/CR 69.1/CR 69.3 in Trinidad",
        "snapshotUrl": "https://cocam.carsprogram.org/Snapshots/025N01105CAM1RHS.flv.png",
        "streamUrl": "https://publicstreamer3.cotrip.org:443/rtplive/025N01105CAM1RHS/playlist.m3u8",
        "cameraCode": "025N01105CAM1RHS",
        "source": "COtrip",
        "state": "Colorado",
        "graphqlUri": "camera/135999/3513617885",
        "graphqlParentUri": "camera/135999",
        "routeDesignator": "I-25",
        "lastUpdatedTimestamp": 1773274769000
      }
    },
    {
      "type": "Feature",
      "geometry": null,
      "properties": {
        "id": "025S00765CAM1RHS",
        "title": "I-25 MP 007.65 SB at Exit Rd 8 in Trinidad",
        "snapshotUrl": "https://cocam.carsprogram.org/Snapshots/025S00765CAM1RHS.flv.png",
        "streamUrl": "https://publicstreamer4.cotrip.org:443/rtplive/025S00765CAM1RHS/playlist.m3u8",
        "cameraCode": "025S00765CAM1RHS",
        "source": "COtrip",
        "state": "Colorado",
        "graphqlUri": "camera/136231/4200646725",
        "graphqlParentUri": "camera/136231",
        "routeDesignator": "I-25",
        "lastUpdatedTimestamp": 1773274691000
      }
    },
    {
      "type": "Feature",
      "geometry": null,
      "properties": {
        "id": "025S00040CAM1RHS",
        "title": "I-25 MP 000.40 SB : 0.4 miles N of New Mexico Border",
        "snapshotUrl": "https://cocam.carsprogram.org/Snapshots/025S00040CAM1RHS.flv.png",
        "streamUrl": "https://publicstreamer4.cotrip.org:443/rtplive/025S00040CAM1RHS/playlist.m3u8",
        "cameraCode": "025S00040CAM1RHS",
        "source": "COtrip",
        "state": "Colorado",
        "graphqlUri": "camera/136230/305288316",
        "graphqlParentUri": "camera/136230",
        "routeDesignator": "I-25",
        "lastUpdatedTimestamp": 1773274690000
      }
    },
    {
      "type": "Feature",
      "geometry": null,
      "properties": {
        "id": "550N02415CAM1NWC",
        "title": "US 550 MP 24.15 NB at Hospital St in Durango",
        "snapshotUrl": "https://cocam.carsprogram.org/Snapshots/550N02415CAM1NWC.flv.png",
        "streamUrl": "https://publicstreamer3.cotrip.org:443/rtplive/550N02415CAM1NWC/playlist.m3u8",
        "cameraCode": "550N02415CAM1NWC",
        "source": "COtrip",
        "state": "Colorado",
        "graphqlUri": "camera/136041/630037867",
        "graphqlParentUri": "camera/136041",
        "routeDesignator": "US 550",
        "lastUpdatedTimestamp": 1773274734000
      }
    },
    {
      "type": "Feature",
      "geometry": null,
      "properties": {
        "id": "550S02340CAM1NWC",
        "title": "US 550 MP 23.40 SB at W 32nd St in Durango",
        "snapshotUrl": "https://cocam.carsprogram.org/Snapshots/550S02340CAM1NWC.flv.png",
        "streamUrl": "https://publicstreamer3.cotrip.org:443/rtplive/550S02340CAM1NWC/playlist.m3u8",
        "cameraCode": "550S02340CAM1NWC",
        "source": "COtrip",
        "state": "Colorado",
        "graphqlUri": "camera/136042/2274059737",
        "graphqlParentUri": "camera/136042",
        "routeDesignator": "US 550",
        "lastUpdatedTimestamp": 1773274734000
      }
    },
    {
      "type": "Feature",
      "geometry": null,
      "properties": {
        "id": "550N02260CAM1NEC",
        "title": "US 550 MP 22.60 NB at W 24th St in Durango",
        "snapshotUrl": "https://cocam.carsprogram.org/Snapshots/550N02260CAM1NEC.flv.png",
        "streamUrl": "https://publicstreamer3.cotrip.org:443/rtplive/550N02260CAM1NEC/playlist.m3u8",
        "cameraCode": "550N02260CAM1NEC",
        "source": "COtrip",
        "state": "Colorado",
        "graphqlUri": "camera/136043/3534865270",
        "graphqlParentUri": "camera/136043",
        "routeDesignator": "US 550",
        "lastUpdatedTimestamp": 1773274735000
      }
    },
    {
      "type": "Feature",
      "geometry": null,
      "properties": {
        "id": "550S02205CAM1NWC",
        "title": "US 550 MP 22.05 SB at W 17th St/E Park Ave in Durango",
        "snapshotUrl": "https://cocam.carsprogram.org/Snapshots/550S02205CAM1NWC.flv.png",
        "streamUrl": "https://publicstreamer3.cotrip.org:443/rtplive/550S02205CAM1NWC/playlist.m3u8",
        "cameraCode": "550S02205CAM1NWC",
        "source": "COtrip",
        "state": "Colorado",
        "graphqlUri": "camera/136045/1860610616",
        "graphqlParentUri": "camera/136045",
        "routeDesignator": "US 550",
        "lastUpdatedTimestamp": 1773274736000
      }
    },
    {
      "type": "Feature",
      "geometry": null,
      "properties": {
        "id": "550E02170CAM1SWC",
        "title": "US 550 MP 021.70 EB at US-550/14th St in Durango",
        "snapshotUrl": "https://cocam.carsprogram.org/Snapshots/550E02170CAM1SWC.flv.png",
        "streamUrl": "https://publicstreamer4.cotrip.org:443/rtplive/550E02170CAM1SWC/playlist.m3u8",
        "cameraCode": "550E02170CAM1SWC",
        "source": "COtrip",
        "state": "Colorado",
        "graphqlUri": "camera/136244/900678543",
        "graphqlParentUri": "camera/136244",
        "routeDesignator": "US 550",
        "lastUpdatedTimestamp": 1773274700000
      }
    },
    {
      "type": "Feature",
      "geometry": null,
      "properties": {
        "id": "550E02135CAM1NEC",
        "title": "US-550 MP 021.35 EB at US-550B/Cemetery, Durango",
        "snapshotUrl": "https://cocam.carsprogram.org/Snapshots/550E02135CAM1NEC.flv.png",
        "streamUrl": "https://publicstreamer3.cotrip.org:443/rtplive/550E02135CAM1NEC/playlist.m3u8",
        "cameraCode": "550E02135CAM1NEC",
        "source": "COtrip",
        "state": "Colorado",
        "graphqlUri": "camera/136048/94483840",
        "graphqlParentUri": "camera/136048",
        "routeDesignator": "US 550",
        "lastUpdatedTimestamp": 1773274738000
      }
    },
    {
      "type": "Feature",
      "geometry": null,
      "properties": {
        "id": "550E02130CAM1SWC",
        "title": "US-550 MP 021.30 EB at US-550B/9th St, Durango",
        "snapshotUrl": "https://cocam.carsprogram.org/Snapshots/550E02130CAM1SWC.flv.png",
        "streamUrl": "https://publicstreamer3.cotrip.org:443/rtplive/550E02130CAM1SWC/playlist.m3u8",
        "cameraCode": "550E02130CAM1SWC",
        "source": "COtrip",
        "state": "Colorado",
        "graphqlUri": "camera/136047/2116349107",
        "graphqlParentUri": "camera/136047",
        "routeDesignator": "US 550",
        "lastUpdatedTimestamp": 1773274737000
      }
    },
    {
      "type": "Feature",
      "geometry": null,
      "properties": {
        "id": "287S30315CAM1NWC",
        "title": "US 287 MP 303.15 SB at W South Boulder Rd",
        "snapshotUrl": "https://cocam.carsprogram.org/Snapshots/287S30315CAM1NWC.flv.png",
        "streamUrl": "https://publicstreamer2.cotrip.org:443/rtplive/287S30315CAM1NWC/playlist.m3u8",
        "cameraCode": "287S30315CAM1NWC",
        "source": "COtrip",
        "state": "Colorado",
        "graphqlUri": "camera/135802/2043276398",
        "graphqlParentUri": "camera/135802",
        "routeDesignator": "US 287",
        "lastUpdatedTimestamp": 1773274781000
      }
    },
    {
      "type": "Feature",
      "geometry": null,
      "properties": {
        "id": "287S30230CAM1SWC",
        "title": "US 287 MP 302.30 SB at S Public Rd in Lafayette",
        "snapshotUrl": "https://cocam.carsprogram.org/Snapshots/287S30230CAM1SWC.flv.png",
        "streamUrl": "https://publicstreamer2.cotrip.org:443/rtplive/287S30230CAM1SWC/playlist.m3u8",
        "cameraCode": "287S30230CAM1SWC",
        "source": "COtrip",
        "state": "Colorado",
        "graphqlUri": "camera/135801/2487200587",
        "graphqlParentUri": "camera/135801",
        "routeDesignator": "US 287",
        "lastUpdatedTimestamp": 1773274780000
      }
    },
    {
      "type": "Feature",
      "geometry": null,
      "properties": {
        "id": "287N30180CAM1SEC",
        "title": "US 287 MP 301.80 NB at Empire Rd/CO 42",
        "snapshotUrl": "https://cocam.carsprogram.org/Snapshots/287N30180CAM1SEC.flv.png",
        "streamUrl": "https://publicstreamer2.cotrip.org:443/rtplive/287N30180CAM1SEC/playlist.m3u8",
        "cameraCode": "287N30180CAM1SEC",
        "source": "COtrip",
        "state": "Colorado",
        "graphqlUri": "camera/135800/3480415099",
        "graphqlParentUri": "camera/135800",
        "routeDesignator": "US 287",
        "lastUpdatedTimestamp": 1773274780000
      }
    },
    {
      "type": "Feature",
      "geometry": null,
      "properties": {
        "id": "287N30095CAM1MED",
        "title": "US 287 MP 300.95 NB at W Dillon Rd/NW Pkwy North Ramp",
        "snapshotUrl": "https://cocam.carsprogram.org/Snapshots/287N30095CAM1MED.flv.png",
        "streamUrl": "https://publicstreamer2.cotrip.org:443/rtplive/287N30095CAM1MED/playlist.m3u8",
        "cameraCode": "287N30095CAM1MED",
        "source": "COtrip",
        "state": "Colorado",
        "graphqlUri": "camera/135799/2276811876",
        "graphqlParentUri": "camera/135799",
        "routeDesignator": "US 287",
        "lastUpdatedTimestamp": 1773274779000
      }
    },
    {
      "type": "Feature",
      "geometry": null,
      "properties": {
        "id": "287N30085CAM1NEC",
        "title": "US 287 MP 300.85 NB at W Dillon Rd/NW Pkwy South Ramp",
        "snapshotUrl": "https://cocam.carsprogram.org/Snapshots/287N30085CAM1NEC.flv.png",
        "streamUrl": "https://publicstreamer2.cotrip.org:443/rtplive/287N30085CAM1NEC/playlist.m3u8",
        "cameraCode": "287N30085CAM1NEC",
        "source": "COtrip",
        "state": "Colorado",
        "graphqlUri": "camera/135798/1390023487",
        "graphqlParentUri": "camera/135798",
        "routeDesignator": "US 287",
        "lastUpdatedTimestamp": 1773274779000
      }
    },
    {
      "type": "Feature",
      "geometry": null,
      "properties": {
        "id": "287N29885CAM1SEC",
        "title": "US 287 MP 298.85 NB at W 10th Ave",
        "snapshotUrl": "https://cocam.carsprogram.org/Snapshots/287N29885CAM1SEC.flv.png",
        "streamUrl": "https://publicstreamer2.cotrip.org:443/rtplive/287N29885CAM1SEC/playlist.m3u8",
        "cameraCode": "287N29885CAM1SEC",
        "source": "COtrip",
        "state": "Colorado",
        "graphqlUri": "camera/135797/3468248242",
        "graphqlParentUri": "camera/135797",
        "routeDesignator": "US 287",
        "lastUpdatedTimestamp": 1773274778000
      }
    },
    {
      "type": "Feature",
      "geometry": null,
      "properties": {
        "id": "287S29865CAM1NWC",
        "title": "US-287 MP 298.65 SB at W 6th Ave",
        "snapshotUrl": "https://cocam.carsprogram.org/Snapshots/287S29865CAM1NWC.flv.png",
        "streamUrl": "https://publicstreamer1.cotrip.org:443/rtplive/287S29865CAM1NWC/playlist.m3u8",
        "cameraCode": "287S29865CAM1NWC",
        "source": "COtrip",
        "state": "Colorado",
        "graphqlUri": "camera/136491/3394084987",
        "graphqlParentUri": "camera/136491",
        "routeDesignator": "US 287",
        "lastUpdatedTimestamp": 1773274711000
      }
    },
    {
      "type": "Feature",
      "geometry": null,
      "properties": {
        "id": "287N29835CAM1SEC",
        "title": "US-287 MP 298.35 NB at W Midway Blvd",
        "snapshotUrl": "https://cocam.carsprogram.org/Snapshots/287N29835CAM1SEC.flv.png",
        "streamUrl": "https://publicstreamer1.cotrip.org:443/rtplive/287N29835CAM1SEC/playlist.m3u8",
        "cameraCode": "287N29835CAM1SEC",
        "source": "COtrip",
        "state": "Colorado",
        "graphqlUri": "camera/136492/3208524392",
        "graphqlParentUri": "camera/136492",
        "routeDesignator": "US 287",
        "lastUpdatedTimestamp": 1773274712000
      }
    },
    {
      "type": "Feature",
      "geometry": null,
      "properties": {
        "id": "287S29745CAM1SEC",
        "title": "US-287 MP 297.45 SB at Upham St/CO-128",
        "snapshotUrl": "https://cocam.carsprogram.org/Snapshots/287S29745CAM1SEC.flv.png",
        "streamUrl": "https://publicstreamer2.cotrip.org:443/rtplive/287S29745CAM1SEC/playlist.m3u8",
        "cameraCode": "287S29745CAM1SEC",
        "source": "COtrip",
        "state": "Colorado",
        "graphqlUri": "camera/135796/3134011658",
        "graphqlParentUri": "camera/135796",
        "routeDesignator": "US 287",
        "lastUpdatedTimestamp": 1773274778000
      }
    },
    {
      "type": "Feature",
      "geometry": null,
      "properties": {
        "id": "287N29700CAM1NEC",
        "title": "US 287 MP 297.00 NB at Main St in Broomfield",
        "snapshotUrl": "https://cocam.carsprogram.org/Snapshots/287N29700CAM1NEC.flv.png",
        "streamUrl": "https://publicstreamer3.cotrip.org:443/rtplive/287N29700CAM1NEC/playlist.m3u8",
        "cameraCode": "287N29700CAM1NEC",
        "source": "COtrip",
        "state": "Colorado",
        "graphqlUri": "camera/135844/285462492",
        "graphqlParentUri": "camera/135844",
        "routeDesignator": "US 287",
        "lastUpdatedTimestamp": 1773274512000
      }
    },
    {
      "type": "Feature",
      "geometry": null,
      "properties": {
        "id": "287N29505CAM1NEC",
        "title": "US 287 MP 295.05 NB at N Lowell Blvd",
        "snapshotUrl": "https://cocam.carsprogram.org/Snapshots/287N29505CAM1NEC.flv.png",
        "streamUrl": "https://publicstreamer1.cotrip.org:443/rtplive/287N29505CAM1NEC/playlist.m3u8",
        "cameraCode": "287N29505CAM1NEC",
        "source": "COtrip",
        "state": "Colorado",
        "graphqlUri": "camera/136494/1562076972",
        "graphqlParentUri": "camera/136494",
        "routeDesignator": "US 287",
        "lastUpdatedTimestamp": 1773274714000
      }
    },
    {
      "type": "Feature",
      "geometry": null,
      "properties": {
        "id": "287S29205CAM1SWC",
        "title": "US-287 MP 292.05 SB at W 98th Ave/Pine St",
        "snapshotUrl": "https://cocam.carsprogram.org/Snapshots/287S29205CAM1SWC.flv.png",
        "streamUrl": "https://publicstreamer1.cotrip.org:443/rtplive/287S29205CAM1SWC/playlist.m3u8",
        "cameraCode": "287S29205CAM1SWC",
        "source": "COtrip",
        "state": "Colorado",
        "graphqlUri": "camera/136474/44063834",
        "graphqlParentUri": "camera/136474",
        "routeDesignator": "US 287",
        "lastUpdatedTimestamp": 1773274699000
      }
    },
    {
      "type": "Feature",
      "geometry": null,
      "properties": {
        "id": "287S28955CAM1SWC",
        "title": "US 287 MP 289.55 SB at Cottonwood Dr/WB US 36 Ramp",
        "snapshotUrl": "https://cocam.carsprogram.org/Snapshots/287S28955CAM1SWC.flv.png",
        "streamUrl": "https://publicstreamer1.cotrip.org:443/rtplive/287S28955CAM1SWC/playlist.m3u8",
        "cameraCode": "287S28955CAM1SWC",
        "source": "COtrip",
        "state": "Colorado",
        "graphqlUri": "camera/136475/4273642565",
        "graphqlParentUri": "camera/136475",
        "routeDesignator": "US 287",
        "lastUpdatedTimestamp": 1773274700000
      }
    },
    {
      "type": "Feature",
      "geometry": null,
      "properties": {
        "id": "285N26175CAM1SEC",
        "title": "US-285 MP 257.65 NB at S University Blvd/CO-177",
        "snapshotUrl": "https://cocam.carsprogram.org/Snapshots/285N26175CAM1SEC.flv.png",
        "streamUrl": "https://publicstreamer1.cotrip.org:443/rtplive/285N26175CAM1SEC/playlist.m3u8",
        "cameraCode": "285N26175CAM1SEC",
        "source": "COtrip",
        "state": "Colorado",
        "graphqlUri": "camera/136460/864332380",
        "graphqlParentUri": "camera/136460",
        "routeDesignator": "US 285",
        "lastUpdatedTimestamp": 1773274691000
      }
    },
    {
      "type": "Feature",
      "geometry": null,
      "properties": {
        "id": "285S25770CAM1NEC",
        "title": "US-285 MP 257.70 SB at S Knox Ct/S Lowell Blvd",
        "snapshotUrl": "https://cocam.carsprogram.org/Snapshots/285S25770CAM1NEC.flv.png",
        "streamUrl": "https://publicstreamer1.cotrip.org:443/rtplive/285S25770CAM1NEC/playlist.m3u8",
        "cameraCode": "285S25770CAM1NEC",
        "source": "COtrip",
        "state": "Colorado",
        "graphqlUri": "camera/136420/2023889494",
        "graphqlParentUri": "camera/136420",
        "routeDesignator": "US 285",
        "lastUpdatedTimestamp": 1773274699000
      }
    },
    {
      "type": "Feature",
      "geometry": null,
      "properties": {
        "id": "285S25065CAM1GP2",
        "title": "US 285 MP 250.65 SB : 0.8 miles E of C-470",
        "snapshotUrl": "https://cocam.carsprogram.org/Snapshots/285S25065CAM1GP2.flv.png",
        "streamUrl": "https://publicstreamer1.cotrip.org:443/rtplive/285S25065CAM1GP2/playlist.m3u8",
        "cameraCode": "285S25065CAM1GP2",
        "source": "COtrip",
        "state": "Colorado",
        "graphqlUri": "camera/136367/812466425",
        "graphqlParentUri": "camera/136367",
        "routeDesignator": "US 285",
        "lastUpdatedTimestamp": 1773274725000
      }
    },
    {
      "type": "Feature",
      "geometry": null,
      "properties": {
        "id": "285S24590CAM1RHS",
        "title": "US 285 MP 245.90 SB at Parmalee Gulch Rd in Indian Hills",
        "snapshotUrl": "https://cocam.carsprogram.org/Snapshots/285S24590CAM1RHS.flv.png",
        "streamUrl": "https://publicstreamer4.cotrip.org:443/rtplive/285S24590CAM1RHS/playlist.m3u8",
        "cameraCode": "285S24590CAM1RHS",
        "source": "COtrip",
        "state": "Colorado",
        "graphqlUri": "camera/136132/2864696449",
        "graphqlParentUri": "camera/136132",
        "routeDesignator": "US 285",
        "lastUpdatedTimestamp": 1773274764000
      }
    },
    {
      "type": "Feature",
      "geometry": null,
      "properties": {
        "id": "285N24515CAM1RHS",
        "title": "US 285 MP 245.15 NB at Twin Forks",
        "snapshotUrl": "https://cocam.carsprogram.org/Snapshots/285N24515CAM1RHS.flv.png",
        "streamUrl": "https://publicstreamer2.cotrip.org:443/rtplive/285N24515CAM1RHS/playlist.m3u8",
        "cameraCode": "285N24515CAM1RHS",
        "source": "COtrip",
        "state": "Colorado",
        "graphqlUri": "camera/135661/2888182118",
        "graphqlParentUri": "camera/135661",
        "routeDesignator": "US 285",
        "lastUpdatedTimestamp": 1773274803000
      }
    },
    {
      "type": "Feature",
      "geometry": null,
      "properties": {
        "id": "285N24465CAM1RHS",
        "title": "US 285 MP 244.65 NB : 0.6 miles N of N Turkey Creek Rd",
        "snapshotUrl": "https://cocam.carsprogram.org/Snapshots/285N24465CAM1RHS.flv.png",
        "streamUrl": "https://publicstreamer2.cotrip.org:443/rtplive/285N24465CAM1RHS/playlist.m3u8",
        "cameraCode": "285N24465CAM1RHS",
        "source": "COtrip",
        "state": "Colorado",
        "graphqlUri": "camera/135656/1892114879",
        "graphqlParentUri": "camera/135656",
        "routeDesignator": "US 285",
        "lastUpdatedTimestamp": 1773274800000
      }
    },
    {
      "type": "Feature",
      "geometry": null,
      "properties": {
        "id": "285S24315CAM1RHS",
        "title": "US 285 MP 243.15 SB : 0.9 miles S of N Turkey Creek Rd",
        "snapshotUrl": "https://cocam.carsprogram.org/Snapshots/285S24315CAM1RHS.flv.png",
        "streamUrl": "https://publicstreamer4.cotrip.org:443/rtplive/285S24315CAM1RHS/playlist.m3u8",
        "cameraCode": "285S24315CAM1RHS",
        "source": "COtrip",
        "state": "Colorado",
        "graphqlUri": "camera/136114/140684176",
        "graphqlParentUri": "camera/136114",
        "routeDesignator": "US 285",
        "lastUpdatedTimestamp": 1773274756000
      }
    },
    {
      "type": "Feature",
      "geometry": null,
      "properties": {
        "id": "160W18610CAM1RHS",
        "title": "US 160 MP 186.10 WB at CO 149 in South Fork",
        "snapshotUrl": "https://cocam.carsprogram.org/Snapshots/160W18610CAM1RHS.flv.png",
        "streamUrl": "https://publicstreamer1.cotrip.org:443/rtplive/160W18610CAM1RHS/playlist.m3u8",
        "cameraCode": "160W18610CAM1RHS",
        "source": "COtrip",
        "state": "Colorado",
        "graphqlUri": "camera/136374/365192683",
        "graphqlParentUri": "camera/136374",
        "routeDesignator": "US 160",
        "lastUpdatedTimestamp": 1773274677000
      }
    },
    {
      "type": "Feature",
      "geometry": null,
      "properties": {
        "id": "160E16515CAM2RHS",
        "title": "US 160 MP 165.15 EB : 2.6 miles W of Wolf Creek Ski Area",
        "snapshotUrl": "https://cocam.carsprogram.org/Snapshots/160E16515CAM2RHS.flv.png",
        "streamUrl": "https://publicstreamer4.cotrip.org:443/rtplive/160E16515CAM2RHS/playlist.m3u8",
        "cameraCode": "160E16515CAM2RHS",
        "source": "COtrip",
        "state": "Colorado",
        "graphqlUri": "camera/136246/746990600",
        "graphqlParentUri": "camera/136246",
        "routeDesignator": "US 160",
        "lastUpdatedTimestamp": 1773274701000
      }
    },
    {
      "type": "Feature",
      "geometry": null,
      "properties": {
        "id": "160E08530CAM1SWC",
        "title": "US-160 MP 085.30 EB at US-160A/Sawyer St, Durango",
        "snapshotUrl": "https://cocam.carsprogram.org/Snapshots/160E08530CAM1SWC.flv.png",
        "streamUrl": "https://publicstreamer3.cotrip.org:443/rtplive/160E08530CAM1SWC/playlist.m3u8",
        "cameraCode": "160E08530CAM1SWC",
        "source": "COtrip",
        "state": "Colorado",
        "graphqlUri": "camera/136050/217806128",
        "graphqlParentUri": "camera/136050",
        "routeDesignator": "US 160",
        "lastUpdatedTimestamp": 1773274739000
      }
    },
    {
      "type": "Feature",
      "geometry": null,
      "properties": {
        "id": "160W03990CAM1NWC",
        "title": "US-160 MP 039.90 WB at US-160A/Hawkins St, Cortez",
        "snapshotUrl": "https://cocam.carsprogram.org/Snapshots/160W03990CAM1NWC.flv.png",
        "streamUrl": "https://publicstreamer3.cotrip.org:443/rtplive/160W03990CAM1NWC/playlist.m3u8",
        "cameraCode": "160W03990CAM1NWC",
        "source": "COtrip",
        "state": "Colorado",
        "graphqlUri": "camera/136051/1596811540",
        "graphqlParentUri": "camera/136051",
        "routeDesignator": "US 160",
        "lastUpdatedTimestamp": 1773274739000
      }
    },
    {
      "type": "Feature",
      "geometry": null,
      "properties": {
        "id": "160W03740CAM1NWC",
        "title": "US-160 MP 037.40 WB at US-160A/7th St, Cortez",
        "snapshotUrl": "https://cocam.carsprogram.org/Snapshots/160W03740CAM1NWC.flv.png",
        "streamUrl": "https://publicstreamer3.cotrip.org:443/rtplive/160W03740CAM1NWC/playlist.m3u8",
        "cameraCode": "160W03740CAM1NWC",
        "source": "COtrip",
        "state": "Colorado",
        "graphqlUri": "camera/136052/84599677",
        "graphqlParentUri": "camera/136052",
        "routeDesignator": "US 160",
        "lastUpdatedTimestamp": 1773274740000
      }
    },
    {
      "type": "Feature",
      "geometry": null,
      "properties": {
        "id": "160W03520CAM1NWC",
        "title": "US-160 MP 035.20 WB at US-160A/CR G, Cortez",
        "snapshotUrl": "https://cocam.carsprogram.org/Snapshots/160W03520CAM1NWC.flv.png",
        "streamUrl": "https://publicstreamer3.cotrip.org:443/rtplive/160W03520CAM1NWC/playlist.m3u8",
        "cameraCode": "160W03520CAM1NWC",
        "source": "COtrip",
        "state": "Colorado",
        "graphqlUri": "camera/136053/921926915",
        "graphqlParentUri": "camera/136053",
        "routeDesignator": "US 160",
        "lastUpdatedTimestamp": 1773274740000
      }
    },
    {
      "type": "Feature",
      "geometry": null,
      "properties": {
        "id": "085N26535CAM1RHS",
        "title": "US 85 MP 265.35 NB : 0.1 miles N of 31st St in Evans",
        "snapshotUrl": "https://cocam.carsprogram.org/Snapshots/085N26535CAM1RHS.flv.png",
        "streamUrl": "https://publicstreamer2.cotrip.org:443/rtplive/085N26535CAM1RHS/playlist.m3u8",
        "cameraCode": "085N26535CAM1RHS",
        "source": "COtrip",
        "state": "Colorado",
        "graphqlUri": "camera/135822/2545919648",
        "graphqlParentUri": "camera/135822",
        "routeDesignator": "US 85",
        "lastUpdatedTimestamp": 1773274791000
      }
    },
    {
      "type": "Feature",
      "geometry": null,
      "properties": {
        "id": "085S25255CAM1RHS",
        "title": "US 85 MP 252.55 SB : 0.3 miles N of CR 34 in Platteville",
        "snapshotUrl": "https://cocam.carsprogram.org/Snapshots/085S25255CAM1RHS.flv.png",
        "streamUrl": "https://publicstreamer2.cotrip.org:443/rtplive/085S25255CAM1RHS/playlist.m3u8",
        "cameraCode": "085S25255CAM1RHS",
        "source": "COtrip",
        "state": "Colorado",
        "graphqlUri": "camera/135819/4159226148",
        "graphqlParentUri": "camera/135819",
        "routeDesignator": "US 85",
        "lastUpdatedTimestamp": 1773274789000
      }
    },
    {
      "type": "Feature",
      "geometry": null,
      "properties": {
        "id": "085S24950CAM1MED",
        "title": "US 85 MP 249.50 SB at Fort Vasquez Port of Entry in Platteville",
        "snapshotUrl": "https://cocam.carsprogram.org/Snapshots/085S24950CAM1MED.flv.png",
        "streamUrl": "https://publicstreamer2.cotrip.org:443/rtplive/085S24950CAM1MED/playlist.m3u8",
        "cameraCode": "085S24950CAM1MED",
        "source": "COtrip",
        "state": "Colorado",
        "graphqlUri": "camera/135820/2377011186",
        "graphqlParentUri": "camera/135820",
        "routeDesignator": "US 85",
        "lastUpdatedTimestamp": 1773274790000
      }
    },
    {
      "type": "Feature",
      "geometry": null,
      "properties": {
        "id": "085S24820CAM1RHS",
        "title": "US 85 MP 248.20 SB at CR 26 in Platteville",
        "snapshotUrl": "https://cocam.carsprogram.org/Snapshots/085S24820CAM1RHS.flv.png",
        "streamUrl": "https://publicstreamer2.cotrip.org:443/rtplive/085S24820CAM1RHS/playlist.m3u8",
        "cameraCode": "085S24820CAM1RHS",
        "source": "COtrip",
        "state": "Colorado",
        "graphqlUri": "camera/135817/1609804597",
        "graphqlParentUri": "camera/135817",
        "routeDesignator": "US 85",
        "lastUpdatedTimestamp": 1773274788000
      }
    },
    {
      "type": "Feature",
      "geometry": null,
      "properties": {
        "id": "085N24285CAM1RHS",
        "title": "US 85 MP 242.85 NB : 0.2 miles N of 14th St in Fort Lupton",
        "snapshotUrl": "https://cocam.carsprogram.org/Snapshots/085N24285CAM1RHS.flv.png",
        "streamUrl": "https://publicstreamer2.cotrip.org:443/rtplive/085N24285CAM1RHS/playlist.m3u8",
        "cameraCode": "085N24285CAM1RHS",
        "source": "COtrip",
        "state": "Colorado",
        "graphqlUri": "camera/135818/137820877",
        "graphqlParentUri": "camera/135818",
        "routeDesignator": "US 85",
        "lastUpdatedTimestamp": 1773274789000
      }
    },
    {
      "type": "Feature",
      "geometry": null,
      "properties": {
        "id": "085N24160CAM1RHS",
        "title": "US 85 MP 241.60 NB at 1st St/CO 52 in Fort Lupton",
        "snapshotUrl": "https://cocam.carsprogram.org/Snapshots/085N24160CAM1RHS.flv.png",
        "streamUrl": "https://publicstreamer1.cotrip.org:443/rtplive/085N24160CAM1RHS/playlist.m3u8",
        "cameraCode": "085N24160CAM1RHS",
        "source": "COtrip",
        "state": "Colorado",
        "graphqlUri": "camera/136534/4018558260",
        "graphqlParentUri": "camera/136534",
        "routeDesignator": "US 85",
        "lastUpdatedTimestamp": 1773274740000
      }
    },
    {
      "type": "Feature",
      "geometry": null,
      "properties": {
        "id": "085N23510CAM1RHS",
        "title": "US 85 MP 235.10 NB at W Bridge St/CO 7 in Brighton",
        "snapshotUrl": "https://cocam.carsprogram.org/Snapshots/085N23510CAM1RHS.flv.png",
        "streamUrl": "https://publicstreamer2.cotrip.org:443/rtplive/085N23510CAM1RHS/playlist.m3u8",
        "cameraCode": "085N23510CAM1RHS",
        "source": "COtrip",
        "state": "Colorado",
        "graphqlUri": "camera/135821/2283963502",
        "graphqlParentUri": "camera/135821",
        "routeDesignator": "US 85",
        "lastUpdatedTimestamp": 1773274790000
      }
    },
    {
      "type": "Feature",
      "geometry": null,
      "properties": {
        "id": "085S23130CAM1GP2",
        "title": "US 85 MP 231.30 SB at E-470",
        "snapshotUrl": "https://cocam.carsprogram.org/Snapshots/085S23130CAM1GP2.flv.png",
        "streamUrl": "https://publicstreamer4.cotrip.org:443/rtplive/085S23130CAM1GP2/playlist.m3u8",
        "cameraCode": "085S23130CAM1GP2",
        "source": "COtrip",
        "state": "Colorado",
        "graphqlUri": "camera/136065/3035732657",
        "graphqlParentUri": "camera/136065",
        "routeDesignator": "US 85",
        "lastUpdatedTimestamp": 1773274745000
      }
    },
    {
      "type": "Feature",
      "geometry": null,
      "properties": {
        "id": "085N22735CAM1SEC",
        "title": "US-85 MP 227.35 NB at E 104th Ave Commerce City",
        "snapshotUrl": "https://cocam.carsprogram.org/Snapshots/085N22735CAM1SEC.flv.png",
        "streamUrl": "https://publicstreamer1.cotrip.org:443/rtplive/085N22735CAM1SEC/playlist.m3u8",
        "cameraCode": "085N22735CAM1SEC",
        "source": "COtrip",
        "state": "Colorado",
        "graphqlUri": "camera/136469/3096152796",
        "graphqlParentUri": "camera/136469",
        "routeDesignator": "US 85",
        "lastUpdatedTimestamp": 1773274695000
      }
    },
    {
      "type": "Feature",
      "geometry": null,
      "properties": {
        "id": "085S20735CAM1SWC",
        "title": "US 85 MP 207.35 SB at W Dartmouth Ave",
        "snapshotUrl": "https://cocam.carsprogram.org/Snapshots/085S20735CAM1SWC.flv.png",
        "streamUrl": "https://publicstreamer2.cotrip.org:443/rtplive/085S20735CAM1SWC/playlist.m3u8",
        "cameraCode": "085S20735CAM1SWC",
        "source": "COtrip",
        "state": "Colorado",
        "graphqlUri": "camera/135777/3080260455",
        "graphqlParentUri": "camera/135777",
        "routeDesignator": "US 85",
        "lastUpdatedTimestamp": 1773274770000
      }
    },
    {
      "type": "Feature",
      "geometry": null,
      "properties": {
        "id": "085S20055CAM1SWC",
        "title": "US 85 MP 200.55 SB at W County Line Rd in Littleton",
        "snapshotUrl": "https://cocam.carsprogram.org/Snapshots/085S20055CAM1SWC.flv.png",
        "streamUrl": "https://publicstreamer4.cotrip.org:443/rtplive/085S20055CAM1SWC/playlist.m3u8",
        "cameraCode": "085S20055CAM1SWC",
        "source": "COtrip",
        "state": "Colorado",
        "graphqlUri": "camera/136245/1070236160",
        "graphqlParentUri": "camera/136245",
        "routeDesignator": "US 85",
        "lastUpdatedTimestamp": 1773274700000
      }
    },
    {
      "type": "Feature",
      "geometry": null,
      "properties": {
        "id": "085S20010CAM1NWC",
        "title": "US 85 MP 200.10 SB at Blakeland Dr TSG",
        "snapshotUrl": "https://cocam.carsprogram.org/Snapshots/085S20010CAM1NWC.flv.png",
        "streamUrl": "https://publicstreamer3.cotrip.org:443/rtplive/085S20010CAM1NWC/playlist.m3u8",
        "cameraCode": "085S20010CAM1NWC",
        "source": "COtrip",
        "state": "Colorado",
        "graphqlUri": "camera/136036/776724698",
        "graphqlParentUri": "camera/136036",
        "routeDesignator": "US 85",
        "lastUpdatedTimestamp": 1773274731000
      }
    },
    {
      "type": "Feature",
      "geometry": null,
      "properties": {
        "id": "085N19920CAM1NEC",
        "title": "US 85 MP 199.20 NB at Town Center Dr",
        "snapshotUrl": "https://cocam.carsprogram.org/Snapshots/085N19920CAM1NEC.flv.png",
        "streamUrl": "https://publicstreamer4.cotrip.org:443/rtplive/085N19920CAM1NEC/playlist.m3u8",
        "cameraCode": "085N19920CAM1NEC",
        "source": "COtrip",
        "state": "Colorado",
        "graphqlUri": "camera/136242/4155611848",
        "graphqlParentUri": "camera/136242",
        "routeDesignator": "US 85",
        "lastUpdatedTimestamp": 1773274699000
      }
    },
    {
      "type": "Feature",
      "geometry": null,
      "properties": {
        "id": "085S19850CAM1SWC",
        "title": "085S19850CAM1SWC at W Highlands Ranch Pkwy",
        "snapshotUrl": "https://cocam.carsprogram.org/Snapshots/085S19850CAM1SWC.flv.png",
        "streamUrl": "https://publicstreamer3.cotrip.org:443/rtplive/085S19850CAM1SWC/playlist.m3u8",
        "cameraCode": "085S19850CAM1SWC",
        "source": "COtrip",
        "state": "Colorado",
        "graphqlUri": "camera/136021/3818863996",
        "graphqlParentUri": "camera/136021",
        "routeDesignator": "US 85",
        "lastUpdatedTimestamp": 1773274786000
      }
    },
    {
      "type": "Feature",
      "geometry": null,
      "properties": {
        "id": "085N19620CAM1NWC",
        "title": "US-85 MP 196.20 NB at Titan Pkwy to NB US-85 Ramp",
        "snapshotUrl": "https://cocam.carsprogram.org/Snapshots/085N19620CAM1NWC.flv.png",
        "streamUrl": "https://publicstreamer1.cotrip.org:443/rtplive/085N19620CAM1NWC/playlist.m3u8",
        "cameraCode": "085N19620CAM1NWC",
        "source": "COtrip",
        "state": "Colorado",
        "graphqlUri": "camera/136468/239417881",
        "graphqlParentUri": "camera/136468",
        "routeDesignator": "US 85",
        "lastUpdatedTimestamp": 1773274695000
      }
    },
    {
      "type": "Feature",
      "geometry": null,
      "properties": {
        "id": "050W31450CAM1NWC",
        "title": "US 50 MP 314.50 WB at N Elizabeth St Pueblo",
        "snapshotUrl": "https://cocam.carsprogram.org/Snapshots/050W31450CAM1NWC.flv.png",
        "streamUrl": "https://publicstreamer1.cotrip.org:443/rtplive/050W31450CAM1NWC/playlist.m3u8",
        "cameraCode": "050W31450CAM1NWC",
        "source": "COtrip",
        "state": "Colorado",
        "graphqlUri": "camera/136463/3483321294",
        "graphqlParentUri": "camera/136463",
        "routeDesignator": "US 50",
        "lastUpdatedTimestamp": 1773274692000
      }
    },
    {
      "type": "Feature",
      "geometry": null,
      "properties": {
        "id": "050W31370CAM1SWC",
        "title": "US-50 MP 313.70 WB at Morris Ave/Fortino Blvd",
        "snapshotUrl": "https://cocam.carsprogram.org/Snapshots/050W31370CAM1SWC.flv.png",
        "streamUrl": "https://publicstreamer4.cotrip.org:443/rtplive/050W31370CAM1SWC/playlist.m3u8",
        "cameraCode": "050W31370CAM1SWC",
        "source": "COtrip",
        "state": "Colorado",
        "graphqlUri": "camera/136223/4003902160",
        "graphqlParentUri": "camera/136223",
        "routeDesignator": "US 50",
        "lastUpdatedTimestamp": 1773274686000
      }
    },
    {
      "type": "Feature",
      "geometry": null,
      "properties": {
        "id": "050E31355CAM1SEC",
        "title": "US 50 MP 313.55 EB at Baltimore Ave in Pueblo",
        "snapshotUrl": "https://cocam.carsprogram.org/Snapshots/050E31355CAM1SEC.flv.png",
        "streamUrl": "https://publicstreamer4.cotrip.org:443/rtplive/050E31355CAM1SEC/playlist.m3u8",
        "cameraCode": "050E31355CAM1SEC",
        "source": "COtrip",
        "state": "Colorado",
        "graphqlUri": "camera/136200/1442932229",
        "graphqlParentUri": "camera/136200",
        "routeDesignator": "US 50",
        "lastUpdatedTimestamp": 1773274755000
      }
    },
    {
      "type": "Feature",
      "geometry": null,
      "properties": {
        "id": "050E31315CAM1SEC",
        "title": "US 50 MP 313.15 EB at Wills Blvd Pueblo",
        "snapshotUrl": "https://cocam.carsprogram.org/Snapshots/050E31315CAM1SEC.flv.png",
        "streamUrl": "https://publicstreamer1.cotrip.org:443/rtplive/050E31315CAM1SEC/playlist.m3u8",
        "cameraCode": "050E31315CAM1SEC",
        "source": "COtrip",
        "state": "Colorado",
        "graphqlUri": "camera/136462/2600724066",
        "graphqlParentUri": "camera/136462",
        "routeDesignator": "US 50",
        "lastUpdatedTimestamp": 1773274691000
      }
    },
    {
      "type": "Feature",
      "geometry": null,
      "properties": {
        "id": "050W31210CAM1NEC",
        "title": "US 50 MP 312.10 WB at Pueblo Blvd/CO 45",
        "snapshotUrl": "https://cocam.carsprogram.org/Snapshots/050W31210CAM1NEC.flv.png",
        "streamUrl": "https://publicstreamer4.cotrip.org:443/rtplive/050W31210CAM1NEC/playlist.m3u8",
        "cameraCode": "050W31210CAM1NEC",
        "source": "COtrip",
        "state": "Colorado",
        "graphqlUri": "camera/136201/2449971387",
        "graphqlParentUri": "camera/136201",
        "routeDesignator": "US 50",
        "lastUpdatedTimestamp": 1773274756000
      }
    },
    {
      "type": "Feature",
      "geometry": null,
      "properties": {
        "id": "050W30825CAM1RHS",
        "title": "US 50 MP 308.25 WB : 1.2 miles E of McCulloch Blvd in Pueblo",
        "snapshotUrl": "https://cocam.carsprogram.org/Snapshots/050W30825CAM1RHS.flv.png",
        "streamUrl": "https://publicstreamer4.cotrip.org:443/rtplive/050W30825CAM1RHS/playlist.m3u8",
        "cameraCode": "050W30825CAM1RHS",
        "source": "COtrip",
        "state": "Colorado",
        "graphqlUri": "camera/136173/675441535",
        "graphqlParentUri": "camera/136173",
        "routeDesignator": "US 50",
        "lastUpdatedTimestamp": 1773274739000
      }
    },
    {
      "type": "Feature",
      "geometry": null,
      "properties": {
        "id": "050E30590CAM1RHS",
        "title": "US 50 MP 305.90 EB at S McCulloch Blvd W in Pueblo",
        "snapshotUrl": "https://cocam.carsprogram.org/Snapshots/050E30590CAM1RHS.flv.png",
        "streamUrl": "https://publicstreamer4.cotrip.org:443/rtplive/050E30590CAM1RHS/playlist.m3u8",
        "cameraCode": "050E30590CAM1RHS",
        "source": "COtrip",
        "state": "Colorado",
        "graphqlUri": "camera/136172/2615532602",
        "graphqlParentUri": "camera/136172",
        "routeDesignator": "US 50",
        "lastUpdatedTimestamp": 1773274739000
      }
    },
    {
      "type": "Feature",
      "geometry": null,
      "properties": {
        "id": "050E30280CAM1RHS",
        "title": "US 50 MP 302.80 EB : 3.7 miles W of S McCulloch Blvd W in Pueblo",
        "snapshotUrl": "https://cocam.carsprogram.org/Snapshots/050E30280CAM1RHS.flv.png",
        "streamUrl": "https://publicstreamer4.cotrip.org:443/rtplive/050E30280CAM1RHS/playlist.m3u8",
        "cameraCode": "050E30280CAM1RHS",
        "source": "COtrip",
        "state": "Colorado",
        "graphqlUri": "camera/136171/830513785",
        "graphqlParentUri": "camera/136171",
        "routeDesignator": "US 50",
        "lastUpdatedTimestamp": 1773274738000
      }
    },
    {
      "type": "Feature",
      "geometry": null,
      "properties": {
        "id": "050W30005CAM1RHS",
        "title": "US 50 MP 300.05 WB : 0.4 miles W of Stone City Rd in Pueblo",
        "snapshotUrl": "https://cocam.carsprogram.org/Snapshots/050W30005CAM1RHS.flv.png",
        "streamUrl": "https://publicstreamer4.cotrip.org:443/rtplive/050W30005CAM1RHS/playlist.m3u8",
        "cameraCode": "050W30005CAM1RHS",
        "source": "COtrip",
        "state": "Colorado",
        "graphqlUri": "camera/136170/2758935474",
        "graphqlParentUri": "camera/136170",
        "routeDesignator": "US 50",
        "lastUpdatedTimestamp": 1773274738000
      }
    },
    {
      "type": "Feature",
      "geometry": null,
      "properties": {
        "id": "050E29605CAM1RHS",
        "title": "US 50 MP 296.05 EB : 0.5 miles W of Old Portland Rd/CO 120",
        "snapshotUrl": "https://cocam.carsprogram.org/Snapshots/050E29605CAM1RHS.flv.png",
        "streamUrl": "https://publicstreamer4.cotrip.org:443/rtplive/050E29605CAM1RHS/playlist.m3u8",
        "cameraCode": "050E29605CAM1RHS",
        "source": "COtrip",
        "state": "Colorado",
        "graphqlUri": "camera/136169/3133176836",
        "graphqlParentUri": "camera/136169",
        "routeDesignator": "US 50",
        "lastUpdatedTimestamp": 1773274737000
      }
    },
    {
      "type": "Feature",
      "geometry": null,
      "properties": {
        "id": "050W29215CAM1RHS",
        "title": "US 50 MP 292.15 WB at K St in Penrose",
        "snapshotUrl": "https://cocam.carsprogram.org/Snapshots/050W29215CAM1RHS.flv.png",
        "streamUrl": "https://publicstreamer4.cotrip.org:443/rtplive/050W29215CAM1RHS/playlist.m3u8",
        "cameraCode": "050W29215CAM1RHS",
        "source": "COtrip",
        "state": "Colorado",
        "graphqlUri": "camera/136168/3624775443",
        "graphqlParentUri": "camera/136168",
        "routeDesignator": "US 50",
        "lastUpdatedTimestamp": 1773274737000
      }
    },
    {
      "type": "Feature",
      "geometry": null,
      "properties": {
        "id": "050E28970CAM1RHS",
        "title": "US 50 MP 289.70 EB : 0.1 miles W of CO 115",
        "snapshotUrl": "https://cocam.carsprogram.org/Snapshots/050E28970CAM1RHS.flv.png",
        "streamUrl": "https://publicstreamer4.cotrip.org:443/rtplive/050E28970CAM1RHS/playlist.m3u8",
        "cameraCode": "050E28970CAM1RHS",
        "source": "COtrip",
        "state": "Colorado",
        "graphqlUri": "camera/136167/1766960234",
        "graphqlParentUri": "camera/136167",
        "routeDesignator": "US 50",
        "lastUpdatedTimestamp": 1773274736000
      }
    },
    {
      "type": "Feature",
      "geometry": null,
      "properties": {
        "id": "050E28625CAM1RHS",
        "title": "US 50 MP 286.25 EB : 0.7 miles E of Phantom Canyon Rd/CO 67 in Penrose",
        "snapshotUrl": "https://cocam.carsprogram.org/Snapshots/050E28625CAM1RHS.flv.png",
        "streamUrl": "https://publicstreamer4.cotrip.org:443/rtplive/050E28625CAM1RHS/playlist.m3u8",
        "cameraCode": "050E28625CAM1RHS",
        "source": "COtrip",
        "state": "Colorado",
        "graphqlUri": "camera/136166/3909920510",
        "graphqlParentUri": "camera/136166",
        "routeDesignator": "US 50",
        "lastUpdatedTimestamp": 1773274736000
      }
    },
    {
      "type": "Feature",
      "geometry": null,
      "properties": {
        "id": "050E28570CAM1RHS",
        "title": "US 50 MP 285.70 EB at Phantom Canyon Rd/CO 67 in Penrose",
        "snapshotUrl": "https://cocam.carsprogram.org/Snapshots/050E28570CAM1RHS.flv.png",
        "streamUrl": "https://publicstreamer4.cotrip.org:443/rtplive/050E28570CAM1RHS/playlist.m3u8",
        "cameraCode": "050E28570CAM1RHS",
        "source": "COtrip",
        "state": "Colorado",
        "graphqlUri": "camera/136165/788124553",
        "graphqlParentUri": "camera/136165",
        "routeDesignator": "US 50",
        "lastUpdatedTimestamp": 1773274736000
      }
    },
    {
      "type": "Feature",
      "geometry": null,
      "properties": {
        "id": "050E28315CAM1RHS",
        "title": "US 50 MP 283.15 EB at Four Mile Pkwy in Canon City",
        "snapshotUrl": "https://cocam.carsprogram.org/Snapshots/050E28315CAM1RHS.flv.png",
        "streamUrl": "https://publicstreamer1.cotrip.org:443/rtplive/050E28315CAM1RHS/playlist.m3u8",
        "cameraCode": "050E28315CAM1RHS",
        "source": "COtrip",
        "state": "Colorado",
        "graphqlUri": "camera/136370/1007728865",
        "graphqlParentUri": "camera/136370",
        "routeDesignator": "US 50",
        "lastUpdatedTimestamp": 1773274726000
      }
    },
    {
      "type": "Feature",
      "geometry": null,
      "properties": {
        "id": "050E28195CAM1SEC",
        "title": "US-50 MP 281.95 EB at MacKenzie Ave",
        "snapshotUrl": "https://cocam.carsprogram.org/Snapshots/050E28195CAM1SEC.flv.png",
        "streamUrl": "https://publicstreamer1.cotrip.org:443/rtplive/050E28195CAM1SEC/playlist.m3u8",
        "cameraCode": "050E28195CAM1SEC",
        "source": "COtrip",
        "state": "Colorado",
        "graphqlUri": "camera/136467/2661832758",
        "graphqlParentUri": "camera/136467",
        "routeDesignator": "US 50",
        "lastUpdatedTimestamp": 1773274694000
      }
    },
    {
      "type": "Feature",
      "geometry": null,
      "properties": {
        "id": "050W28115CAM1NWC",
        "title": "US-50 MP 281.15 WB at Steinmeier Ave",
        "snapshotUrl": "https://cocam.carsprogram.org/Snapshots/050W28115CAM1NWC.flv.png",
        "streamUrl": "https://publicstreamer1.cotrip.org:443/rtplive/050W28115CAM1NWC/playlist.m3u8",
        "cameraCode": "050W28115CAM1NWC",
        "source": "COtrip",
        "state": "Colorado",
        "graphqlUri": "camera/136466/2999237254",
        "graphqlParentUri": "camera/136466",
        "routeDesignator": "US 50",
        "lastUpdatedTimestamp": 1773274694000
      }
    },
    {
      "type": "Feature",
      "geometry": null,
      "properties": {
        "id": "050E28030CAM1SWC",
        "title": "US-50 MP 280.30 EB at N Raynolds Ave",
        "snapshotUrl": "https://cocam.carsprogram.org/Snapshots/050E28030CAM1SWC.flv.png",
        "streamUrl": "https://publicstreamer1.cotrip.org:443/rtplive/050E28030CAM1SWC/playlist.m3u8",
        "cameraCode": "050E28030CAM1SWC",
        "source": "COtrip",
        "state": "Colorado",
        "graphqlUri": "camera/136461/2102026751",
        "graphqlParentUri": "camera/136461",
        "routeDesignator": "US 50",
        "lastUpdatedTimestamp": 1773274691000
      }
    },
    {
      "type": "Feature",
      "geometry": null,
      "properties": {
        "id": "050W27980CAM1NEC",
        "title": "US-50 MP 279.80 WB at N Orchard Ave",
        "snapshotUrl": "https://cocam.carsprogram.org/Snapshots/050W27980CAM1NEC.flv.png",
        "streamUrl": "https://publicstreamer1.cotrip.org:443/rtplive/050W27980CAM1NEC/playlist.m3u8",
        "cameraCode": "050W27980CAM1NEC",
        "source": "COtrip",
        "state": "Colorado",
        "graphqlUri": "camera/136465/3586434865",
        "graphqlParentUri": "camera/136465",
        "routeDesignator": "US 50",
        "lastUpdatedTimestamp": 1773274694000
      }
    },
    {
      "type": "Feature",
      "geometry": null,
      "properties": {
        "id": "050E27870CAM1SWC",
        "title": "US 50 MP 278.70 EB at 9th St",
        "snapshotUrl": "https://cocam.carsprogram.org/Snapshots/050E27870CAM1SWC.flv.png",
        "streamUrl": "https://publicstreamer2.cotrip.org:443/rtplive/050E27870CAM1SWC/playlist.m3u8",
        "cameraCode": "050E27870CAM1SWC",
        "source": "COtrip",
        "state": "Colorado",
        "graphqlUri": "camera/135775/3994393791",
        "graphqlParentUri": "camera/135775",
        "routeDesignator": "US 50",
        "lastUpdatedTimestamp": 1773274769000
      }
    },
    {
      "type": "Feature",
      "geometry": null,
      "properties": {
        "id": "050E27700CAM1RHS",
        "title": "US 50 MP 277.00 EB at Pueblo Community College Fremont Campus",
        "snapshotUrl": "https://cocam.carsprogram.org/Snapshots/050E27700CAM1RHS.flv.png",
        "streamUrl": "https://publicstreamer4.cotrip.org:443/rtplive/050E27700CAM1RHS/playlist.m3u8",
        "cameraCode": "050E27700CAM1RHS",
        "source": "COtrip",
        "state": "Colorado",
        "graphqlUri": "camera/136164/955479836",
        "graphqlParentUri": "camera/136164",
        "routeDesignator": "US 50",
        "lastUpdatedTimestamp": 1773274735000
      }
    },
    {
      "type": "Feature",
      "geometry": null,
      "properties": {
        "id": "040W28665CAM1NEC",
        "title": "US 40 MP 286.65 WB at Interplaza W in Golden",
        "snapshotUrl": "https://cocam.carsprogram.org/Snapshots/040W28665CAM1NEC.flv.png",
        "streamUrl": "https://publicstreamer4.cotrip.org:443/rtplive/040W28665CAM1NEC/playlist.m3u8",
        "cameraCode": "040W28665CAM1NEC",
        "source": "COtrip",
        "state": "Colorado",
        "graphqlUri": "camera/136219/3366471538",
        "graphqlParentUri": "camera/136219",
        "routeDesignator": "US 40",
        "lastUpdatedTimestamp": 1773274683000
      }
    },
    {
      "type": "Feature",
      "geometry": null,
      "properties": {
        "id": "040E28490CAM1SEC",
        "title": "US 40 MP 284.90 EB at T-Rex Park and Ride in Golden",
        "snapshotUrl": "https://cocam.carsprogram.org/Snapshots/040E28490CAM1SEC.flv.png",
        "streamUrl": "https://publicstreamer4.cotrip.org:443/rtplive/040E28490CAM1SEC/playlist.m3u8",
        "cameraCode": "040E28490CAM1SEC",
        "source": "COtrip",
        "state": "Colorado",
        "graphqlUri": "camera/136218/165646642",
        "graphqlParentUri": "camera/136218",
        "routeDesignator": "US 40",
        "lastUpdatedTimestamp": 1773274683000
      }
    },
    {
      "type": "Feature",
      "geometry": null,
      "properties": {
        "id": "040W25750CAM1RHS",
        "title": "US 40 MP 257.50 WB at Empire Junction",
        "snapshotUrl": "https://cocam.carsprogram.org/Snapshots/040W25750CAM1RHS.flv.png",
        "streamUrl": "https://publicstreamer4.cotrip.org:443/rtplive/040W25750CAM1RHS/playlist.m3u8",
        "cameraCode": "040W25750CAM1RHS",
        "source": "COtrip",
        "state": "Colorado",
        "graphqlUri": "camera/136163/2946416073",
        "graphqlParentUri": "camera/136163",
        "routeDesignator": "US 40",
        "lastUpdatedTimestamp": 1773274735000
      }
    },
    {
      "type": "Feature",
      "geometry": null,
      "properties": {
        "id": "036E03750CAM1RP1",
        "title": "US 36 MP 037.50 EB at Baseline Rd WB Ramp to US 36 EB",
        "snapshotUrl": "https://cocam.carsprogram.org/Snapshots/036E03750CAM1RP1.flv.png",
        "streamUrl": "https://publicstreamer2.cotrip.org:443/rtplive/036E03750CAM1RP1/playlist.m3u8",
        "cameraCode": "036E03750CAM1RP1",
        "source": "COtrip",
        "state": "Colorado",
        "graphqlUri": "camera/135758/2605598751",
        "graphqlParentUri": "camera/135758",
        "routeDesignator": "US-36",
        "lastUpdatedTimestamp": 1773274760000
      }
    },
    {
      "type": "Feature",
      "geometry": null,
      "properties": {
        "id": "036E03815CAM1RHS",
        "title": "US 36 MP 038.15 EB : 0.6 miles E of Baseline Rd",
        "snapshotUrl": "https://cocam.carsprogram.org/Snapshots/036E03815CAM1RHS.flv.png",
        "streamUrl": "https://publicstreamer2.cotrip.org:443/rtplive/036E03815CAM1RHS/playlist.m3u8",
        "cameraCode": "036E03815CAM1RHS",
        "source": "COtrip",
        "state": "Colorado",
        "graphqlUri": "camera/135759/2090523072",
        "graphqlParentUri": "camera/135759",
        "routeDesignator": "US-36",
        "lastUpdatedTimestamp": 1773274761000
      }
    },
    {
      "type": "Feature",
      "geometry": null,
      "properties": {
        "id": "036E03715CAM1RHS",
        "title": "US 36 MP 037.15 EB : 0.1 miles E of Colorado Ave",
        "snapshotUrl": "https://cocam.carsprogram.org/Snapshots/036E03715CAM1RHS.flv.png",
        "streamUrl": "https://publicstreamer2.cotrip.org:443/rtplive/036E03715CAM1RHS/playlist.m3u8",
        "cameraCode": "036E03715CAM1RHS",
        "source": "COtrip",
        "state": "Colorado",
        "graphqlUri": "camera/135757/3445712896",
        "graphqlParentUri": "camera/135757",
        "routeDesignator": "US-36",
        "lastUpdatedTimestamp": 1773274760000
      }
    },
    {
      "type": "Feature",
      "geometry": null,
      "properties": {
        "id": "036E04190CAM1RHS",
        "title": "US 36 MP 041.90 EB : 1.7 W of McCaslin Blvd",
        "snapshotUrl": "https://cocam.carsprogram.org/Snapshots/036E04190CAM1RHS.flv.png",
        "streamUrl": "https://publicstreamer2.cotrip.org:443/rtplive/036E04190CAM1RHS/playlist.m3u8",
        "cameraCode": "036E04190CAM1RHS",
        "source": "COtrip",
        "state": "Colorado",
        "graphqlUri": "camera/135762/151446794",
        "graphqlParentUri": "camera/135762",
        "routeDesignator": "US-36",
        "lastUpdatedTimestamp": 1773274763000
      }
    },
    {
      "type": "Feature",
      "geometry": null,
      "properties": {
        "id": "036W04315CAM1RP1",
        "title": "US 36 MP 043.15 WB at McCaslin Blvd to WB US 36 Ramp",
        "snapshotUrl": "https://cocam.carsprogram.org/Snapshots/036W04315CAM1RP1.flv.png",
        "streamUrl": "https://publicstreamer2.cotrip.org:443/rtplive/036W04315CAM1RP1/playlist.m3u8",
        "cameraCode": "036W04315CAM1RP1",
        "source": "COtrip",
        "state": "Colorado",
        "graphqlUri": "camera/135763/3661577741",
        "graphqlParentUri": "camera/135763",
        "routeDesignator": "US-36",
        "lastUpdatedTimestamp": 1773274763000
      }
    },
    {
      "type": "Feature",
      "geometry": null,
      "properties": {
        "id": "036E03920CAM1RP1",
        "title": "US 36 MP 039.20 EB at CO 157/Foothills Pkwy",
        "snapshotUrl": "https://cocam.carsprogram.org/Snapshots/036E03920CAM1RP1.flv.png",
        "streamUrl": "https://publicstreamer2.cotrip.org:443/rtplive/036E03920CAM1RP1/playlist.m3u8",
        "cameraCode": "036E03920CAM1RP1",
        "source": "COtrip",
        "state": "Colorado",
        "graphqlUri": "camera/135760/165669274",
        "graphqlParentUri": "camera/135760",
        "routeDesignator": "US-36",
        "lastUpdatedTimestamp": 1773274761000
      }
    },
    {
      "type": "Feature",
      "geometry": null,
      "properties": {
        "id": "036E04440CAM1RHS",
        "title": "US 36 MP 044.40 EB : 0.1 miles W of S 88th St",
        "snapshotUrl": "https://cocam.carsprogram.org/Snapshots/036E04440CAM1RHS.flv.png",
        "streamUrl": "https://publicstreamer2.cotrip.org:443/rtplive/036E04440CAM1RHS/playlist.m3u8",
        "cameraCode": "036E04440CAM1RHS",
        "source": "COtrip",
        "state": "Colorado",
        "graphqlUri": "camera/135764/189663483",
        "graphqlParentUri": "camera/135764",
        "routeDesignator": "US-36",
        "lastUpdatedTimestamp": 1773274764000
      }
    },
    {
      "type": "Feature",
      "geometry": null,
      "properties": {
        "id": "036E05735CAM1RP1",
        "title": "US 36 MP 057.35 EB at EB US 36 to NB I-25 Ramp",
        "snapshotUrl": "https://cocam.carsprogram.org/Snapshots/036E05735CAM1RP1.flv.png",
        "streamUrl": "https://publicstreamer3.cotrip.org:443/rtplive/036E05735CAM1RP1/playlist.m3u8",
        "cameraCode": "036E05735CAM1RP1",
        "source": "COtrip",
        "state": "Colorado",
        "graphqlUri": "camera/135933/1209159053",
        "graphqlParentUri": "camera/135933",
        "routeDesignator": "US-36",
        "lastUpdatedTimestamp": 1773274681000
      }
    },
    {
      "type": "Feature",
      "geometry": null,
      "properties": {
        "id": "036E04795CAM1RHS",
        "title": "US 36 MP 047.95 EB at CO 121/Wadsworth Pkwy",
        "snapshotUrl": "https://cocam.carsprogram.org/Snapshots/036E04795CAM1RHS.flv.png",
        "streamUrl": "https://publicstreamer3.cotrip.org:443/rtplive/036E04795CAM1RHS/playlist.m3u8",
        "cameraCode": "036E04795CAM1RHS",
        "source": "COtrip",
        "state": "Colorado",
        "graphqlUri": "camera/135938/289002667",
        "graphqlParentUri": "camera/135938",
        "routeDesignator": "US-36",
        "lastUpdatedTimestamp": 1773274683000
      }
    },
    {
      "type": "Feature",
      "geometry": null,
      "properties": {
        "id": "036W04820CAM1RHS",
        "title": "US 36 MP 048.20 WB : 0.2 miles E of CO 121/Wadsworth Pkwy",
        "snapshotUrl": "https://cocam.carsprogram.org/Snapshots/036W04820CAM1RHS.flv.png",
        "streamUrl": "https://publicstreamer3.cotrip.org:443/rtplive/036W04820CAM1RHS/playlist.m3u8",
        "cameraCode": "036W04820CAM1RHS",
        "source": "COtrip",
        "state": "Colorado",
        "graphqlUri": "camera/135939/906678057",
        "graphqlParentUri": "camera/135939",
        "routeDesignator": "US-36",
        "lastUpdatedTimestamp": 1773274684000
      }
    },
    {
      "type": "Feature",
      "geometry": null,
      "properties": {
        "id": "036W04615CAM1RP1",
        "title": "US 36 MP 046.15 WB : 0.4 miles E of NW Pkwy/Interlocken Loop",
        "snapshotUrl": "https://cocam.carsprogram.org/Snapshots/036W04615CAM1RP1.flv.png",
        "streamUrl": "https://publicstreamer3.cotrip.org:443/rtplive/036W04615CAM1RP1/playlist.m3u8",
        "cameraCode": "036W04615CAM1RP1",
        "source": "COtrip",
        "state": "Colorado",
        "graphqlUri": "camera/135936/3176327311",
        "graphqlParentUri": "camera/135936",
        "routeDesignator": "US-36",
        "lastUpdatedTimestamp": 1773274683000
      }
    },
    {
      "type": "Feature",
      "geometry": null,
      "properties": {
        "id": "036E04715CAM1RHS",
        "title": "US 36 MP 047.15 EB : 1.1 miles W of CO 121/Wadsworth Pkwy",
        "snapshotUrl": "https://cocam.carsprogram.org/Snapshots/036E04715CAM1RHS.flv.png",
        "streamUrl": "https://publicstreamer3.cotrip.org:443/rtplive/036E04715CAM1RHS/playlist.m3u8",
        "cameraCode": "036E04715CAM1RHS",
        "source": "COtrip",
        "state": "Colorado",
        "graphqlUri": "camera/135937/1223735842",
        "graphqlParentUri": "camera/135937",
        "routeDesignator": "US-36",
        "lastUpdatedTimestamp": 1773274683000
      }
    },
    {
      "type": "Feature",
      "geometry": null,
      "properties": {
        "id": "036E05055CAM1RHS",
        "title": "US 36 MP 050.55 EB : 0.2 miles E of W 104th Ave",
        "snapshotUrl": "https://cocam.carsprogram.org/Snapshots/036E05055CAM1RHS.flv.png",
        "streamUrl": "https://publicstreamer3.cotrip.org:443/rtplive/036E05055CAM1RHS/playlist.m3u8",
        "cameraCode": "036E05055CAM1RHS",
        "source": "COtrip",
        "state": "Colorado",
        "graphqlUri": "camera/135942/1105372815",
        "graphqlParentUri": "camera/135942",
        "routeDesignator": "US-36",
        "lastUpdatedTimestamp": 1773274685000
      }
    },
    {
      "type": "Feature",
      "geometry": null,
      "properties": {
        "id": "036W05200CAM1RHS",
        "title": "US 36 MP 052.00 WB : 0.4 miles W of 92nd Ave",
        "snapshotUrl": "https://cocam.carsprogram.org/Snapshots/036W05200CAM1RHS.flv.png",
        "streamUrl": "https://publicstreamer3.cotrip.org:443/rtplive/036W05200CAM1RHS/playlist.m3u8",
        "cameraCode": "036W05200CAM1RHS",
        "source": "COtrip",
        "state": "Colorado",
        "graphqlUri": "camera/135943/3073159060",
        "graphqlParentUri": "camera/135943",
        "routeDesignator": "US-36",
        "lastUpdatedTimestamp": 1773274686000
      }
    },
    {
      "type": "Feature",
      "geometry": null,
      "properties": {
        "id": "036E04915CAM1RHS",
        "title": "US 36 MP 049.15 EB : 1.4 miles E of CO 121/Wadsworth Pkwy",
        "snapshotUrl": "https://cocam.carsprogram.org/Snapshots/036E04915CAM1RHS.flv.png",
        "streamUrl": "https://publicstreamer3.cotrip.org:443/rtplive/036E04915CAM1RHS/playlist.m3u8",
        "cameraCode": "036E04915CAM1RHS",
        "source": "COtrip",
        "state": "Colorado",
        "graphqlUri": "camera/135940/1387073371",
        "graphqlParentUri": "camera/135940",
        "routeDesignator": "US-36",
        "lastUpdatedTimestamp": 1773274684000
      }
    },
    {
      "type": "Feature",
      "geometry": null,
      "properties": {
        "id": "036E05005CAM1RHS",
        "title": "US 36 MP 050.05 EB : 0.4 miles W of W 104th Ave",
        "snapshotUrl": "https://cocam.carsprogram.org/Snapshots/036E05005CAM1RHS.flv.png",
        "streamUrl": "https://publicstreamer3.cotrip.org:443/rtplive/036E05005CAM1RHS/playlist.m3u8",
        "cameraCode": "036E05005CAM1RHS",
        "source": "COtrip",
        "state": "Colorado",
        "graphqlUri": "camera/135941/1884945662",
        "graphqlParentUri": "camera/135941",
        "routeDesignator": "US-36",
        "lastUpdatedTimestamp": 1773274685000
      }
    },
    {
      "type": "Feature",
      "geometry": null,
      "properties": {
        "id": "036W05450CAM1RHS",
        "title": "US 36 MP 054.50 WB : 0.5 miles W of Federal Blvd",
        "snapshotUrl": "https://cocam.carsprogram.org/Snapshots/036W05450CAM1RHS.flv.png",
        "streamUrl": "https://publicstreamer3.cotrip.org:443/rtplive/036W05450CAM1RHS/playlist.m3u8",
        "cameraCode": "036W05450CAM1RHS",
        "source": "COtrip",
        "state": "Colorado",
        "graphqlUri": "camera/135946/4204115844",
        "graphqlParentUri": "camera/135946",
        "routeDesignator": "US-36",
        "lastUpdatedTimestamp": 1773274687000
      }
    },
    {
      "type": "Feature",
      "geometry": null,
      "properties": {
        "id": "036W05465CAM1MED",
        "title": "US 36 MP 054.65 WB : 0.3 miles W of Federal Blvd",
        "snapshotUrl": "https://cocam.carsprogram.org/Snapshots/036W05465CAM1MED.flv.png",
        "streamUrl": "https://publicstreamer3.cotrip.org:443/rtplive/036W05465CAM1MED/playlist.m3u8",
        "cameraCode": "036W05465CAM1MED",
        "source": "COtrip",
        "state": "Colorado",
        "graphqlUri": "camera/135947/3049106468",
        "graphqlParentUri": "camera/135947",
        "routeDesignator": "US-36",
        "lastUpdatedTimestamp": 1773274687000
      }
    },
    {
      "type": "Feature",
      "geometry": null,
      "properties": {
        "id": "036E05260CAM1RHS",
        "title": "US 36 MP 052.60 EB at Sheridan Blvd",
        "snapshotUrl": "https://cocam.carsprogram.org/Snapshots/036E05260CAM1RHS.flv.png",
        "streamUrl": "https://publicstreamer3.cotrip.org:443/rtplive/036E05260CAM1RHS/playlist.m3u8",
        "cameraCode": "036E05260CAM1RHS",
        "source": "COtrip",
        "state": "Colorado",
        "graphqlUri": "camera/135944/1238278116",
        "graphqlParentUri": "camera/135944",
        "routeDesignator": "US-36",
        "lastUpdatedTimestamp": 1773274686000
      }
    },
    {
      "type": "Feature",
      "geometry": null,
      "properties": {
        "id": "036W05315CAM1RHS",
        "title": "US 36 MP 053.15 WB : 0.7 miles E of Sheridan Blvd",
        "snapshotUrl": "https://cocam.carsprogram.org/Snapshots/036W05315CAM1RHS.flv.png",
        "streamUrl": "https://publicstreamer3.cotrip.org:443/rtplive/036W05315CAM1RHS/playlist.m3u8",
        "cameraCode": "036W05315CAM1RHS",
        "source": "COtrip",
        "state": "Colorado",
        "graphqlUri": "camera/135945/417696641",
        "graphqlParentUri": "camera/135945",
        "routeDesignator": "US-36",
        "lastUpdatedTimestamp": 1773274687000
      }
    },
    {
      "type": "Feature",
      "geometry": null,
      "properties": {
        "id": "036E05600CAM1ML1",
        "title": "US 36 MP 056.00 EB : 0.1 miles E of N Pecos St",
        "snapshotUrl": "https://cocam.carsprogram.org/Snapshots/036E05600CAM1ML1.flv.png",
        "streamUrl": "https://publicstreamer3.cotrip.org:443/rtplive/036E05600CAM1ML1/playlist.m3u8",
        "cameraCode": "036E05600CAM1ML1",
        "source": "COtrip",
        "state": "Colorado",
        "graphqlUri": "camera/135950/3429853605",
        "graphqlParentUri": "camera/135950",
        "routeDesignator": "US-36",
        "lastUpdatedTimestamp": 1773274689000
      }
    },
    {
      "type": "Feature",
      "geometry": null,
      "properties": {
        "id": "036W05510CAM1ML1",
        "title": "US 36 MP 055.10 WB : 0.3 miles E of Federal Blvd",
        "snapshotUrl": "https://cocam.carsprogram.org/Snapshots/036W05510CAM1ML1.flv.png",
        "streamUrl": "https://publicstreamer3.cotrip.org:443/rtplive/036W05510CAM1ML1/playlist.m3u8",
        "cameraCode": "036W05510CAM1ML1",
        "source": "COtrip",
        "state": "Colorado",
        "graphqlUri": "camera/135948/2872323253",
        "graphqlParentUri": "camera/135948",
        "routeDesignator": "US-36",
        "lastUpdatedTimestamp": 1773274688000
      }
    },
    {
      "type": "Feature",
      "geometry": null,
      "properties": {
        "id": "036E05585CAM1RHS",
        "title": "US 36 MP 055.85 EB : 0.1 miles W of N Pecos St",
        "snapshotUrl": "https://cocam.carsprogram.org/Snapshots/036E05585CAM1RHS.flv.png",
        "streamUrl": "https://publicstreamer3.cotrip.org:443/rtplive/036E05585CAM1RHS/playlist.m3u8",
        "cameraCode": "036E05585CAM1RHS",
        "source": "COtrip",
        "state": "Colorado",
        "graphqlUri": "camera/135949/2227191129",
        "graphqlParentUri": "camera/135949",
        "routeDesignator": "US-36",
        "lastUpdatedTimestamp": 1773274688000
      }
    },
    {
      "type": "Feature",
      "geometry": null,
      "properties": {
        "id": "036E05720CAM1LHS",
        "title": "US 36 MP 057.20 EB at I-25",
        "snapshotUrl": "https://cocam.carsprogram.org/Snapshots/036E05720CAM1LHS.flv.png",
        "streamUrl": "https://publicstreamer4.cotrip.org:443/rtplive/036E05720CAM1LHS/playlist.m3u8",
        "cameraCode": "036E05720CAM1LHS",
        "source": "COtrip",
        "state": "Colorado",
        "graphqlUri": "camera/136162/1721519348",
        "graphqlParentUri": "camera/136162",
        "routeDesignator": "US-36",
        "lastUpdatedTimestamp": 1773274734000
      }
    },
    {
      "type": "Feature",
      "geometry": null,
      "properties": {
        "id": "034W10280CAM1RP1",
        "title": "US 34 MP 102.80 WB at CO 257",
        "snapshotUrl": "https://cocam.carsprogram.org/Snapshots/034W10280CAM1RP1.flv.png",
        "streamUrl": "https://publicstreamer2.cotrip.org:443/rtplive/034W10280CAM1RP1/playlist.m3u8",
        "cameraCode": "034W10280CAM1RP1",
        "source": "COtrip",
        "state": "Colorado",
        "graphqlUri": "camera/135756/4013088272",
        "graphqlParentUri": "camera/135756",
        "routeDesignator": "US 34",
        "lastUpdatedTimestamp": 1773274760000
      }
    },
    {
      "type": "Feature",
      "geometry": null,
      "properties": {
        "id": "034W10085CAM1RHS",
        "title": "US 34 MP 100.85 WB at WCR 17",
        "snapshotUrl": "https://cocam.carsprogram.org/Snapshots/034W10085CAM1RHS.flv.png",
        "streamUrl": "https://publicstreamer2.cotrip.org:443/rtplive/034W10085CAM1RHS/playlist.m3u8",
        "cameraCode": "034W10085CAM1RHS",
        "source": "COtrip",
        "state": "Colorado",
        "graphqlUri": "camera/135755/3248735339",
        "graphqlParentUri": "camera/135755",
        "routeDesignator": "US 34",
        "lastUpdatedTimestamp": 1773274759000
      }
    },
    {
      "type": "Feature",
      "geometry": null,
      "properties": {
        "id": "034W09880CAM1NWC",
        "title": "US 34 MP 098.80 WB at LCR 1/WCR 13",
        "snapshotUrl": "https://cocam.carsprogram.org/Snapshots/034W09880CAM1NWC.flv.png",
        "streamUrl": "https://publicstreamer2.cotrip.org:443/rtplive/034W09880CAM1NWC/playlist.m3u8",
        "cameraCode": "034W09880CAM1NWC",
        "source": "COtrip",
        "state": "Colorado",
        "graphqlUri": "camera/135754/2355358633",
        "graphqlParentUri": "camera/135754",
        "routeDesignator": "US 34",
        "lastUpdatedTimestamp": 1773274759000
      }
    },
    {
      "type": "Feature",
      "geometry": null,
      "properties": {
        "id": "034E09765CAM1RHS",
        "title": "US 34 MP 097.65 EB : 0.2 miles W of N CR 3",
        "snapshotUrl": "https://cocam.carsprogram.org/Snapshots/034E09765CAM1RHS.flv.png",
        "streamUrl": "https://publicstreamer2.cotrip.org:443/rtplive/034E09765CAM1RHS/playlist.m3u8",
        "cameraCode": "034E09765CAM1RHS",
        "source": "COtrip",
        "state": "Colorado",
        "graphqlUri": "camera/135753/1992334807",
        "graphqlParentUri": "camera/135753",
        "routeDesignator": "US 34",
        "lastUpdatedTimestamp": 1773274758000
      }
    },
    {
      "type": "Feature",
      "geometry": null,
      "properties": {
        "id": "034W09640CAM1RP1",
        "title": "US 34 MP 096.40 WB at WB US 34 to NB I-25 Ramp in Loveland",
        "snapshotUrl": "https://cocam.carsprogram.org/Snapshots/034W09640CAM1RP1.flv.png",
        "streamUrl": "https://publicstreamer2.cotrip.org:443/rtplive/034W09640CAM1RP1/playlist.m3u8",
        "cameraCode": "034W09640CAM1RP1",
        "source": "COtrip",
        "state": "Colorado",
        "graphqlUri": "camera/135752/856636594",
        "graphqlParentUri": "camera/135752",
        "routeDesignator": "US 34",
        "lastUpdatedTimestamp": 1773274758000
      }
    },
    {
      "type": "Feature",
      "geometry": null,
      "properties": {
        "id": "024E28970CAM1RHS",
        "title": "US 24 MP 289.70 EB : 0.2 miles E of Green Mountain Falls Rd",
        "snapshotUrl": "https://cocam.carsprogram.org/Snapshots/024E28970CAM1RHS.flv.png",
        "streamUrl": "https://publicstreamer2.cotrip.org:443/rtplive/024E28970CAM1RHS/playlist.m3u8",
        "cameraCode": "024E28970CAM1RHS",
        "source": "COtrip",
        "state": "Colorado",
        "graphqlUri": "camera/135710/2396914579",
        "graphqlParentUri": "camera/135710",
        "routeDesignator": "US-24",
        "lastUpdatedTimestamp": 1773274777000
      }
    },
    {
      "type": "Feature",
      "geometry": null,
      "properties": {
        "id": "024E29755CAM1SWC",
        "title": "US 24 MP 297.55 EB at Cave of the Winds Rd in Manitou Springs",
        "snapshotUrl": "https://cocam.carsprogram.org/Snapshots/024E29755CAM1SWC.flv.png",
        "streamUrl": "https://publicstreamer2.cotrip.org:443/rtplive/024E29755CAM1SWC/playlist.m3u8",
        "cameraCode": "024E29755CAM1SWC",
        "source": "COtrip",
        "state": "Colorado",
        "graphqlUri": "camera/135774/3665116264",
        "graphqlParentUri": "camera/135774",
        "routeDesignator": "US-24",
        "lastUpdatedTimestamp": 1773274769000
      }
    },
    {
      "type": "Feature",
      "geometry": null,
      "properties": {
        "id": "024E29365CAM1SWC",
        "title": "US 24 MP 293.65 EB at Fountain Ave in Cascade",
        "snapshotUrl": "https://cocam.carsprogram.org/Snapshots/024E29365CAM1SWC.flv.png",
        "streamUrl": "https://publicstreamer3.cotrip.org:443/rtplive/024E29365CAM1SWC/playlist.m3u8",
        "cameraCode": "024E29365CAM1SWC",
        "source": "COtrip",
        "state": "Colorado",
        "graphqlUri": "camera/135881/3597733496",
        "graphqlParentUri": "camera/135881",
        "routeDesignator": "US-24",
        "lastUpdatedTimestamp": 1773274712000
      }
    },
    {
      "type": "Feature",
      "geometry": null,
      "properties": {
        "id": "024W28505CAM1NWC",
        "title": "US 24 MP 285.05 WB at West St in Woodland Park",
        "snapshotUrl": "https://cocam.carsprogram.org/Snapshots/024W28505CAM1NWC.flv.png",
        "streamUrl": "https://publicstreamer3.cotrip.org:443/rtplive/024W28505CAM1NWC/playlist.m3u8",
        "cameraCode": "024W28505CAM1NWC",
        "source": "COtrip",
        "state": "Colorado",
        "graphqlUri": "camera/135994/520977957",
        "graphqlParentUri": "camera/135994",
        "routeDesignator": "US 24",
        "lastUpdatedTimestamp": 1773274764000
      }
    },
    {
      "type": "Feature",
      "geometry": null,
      "properties": {
        "id": "024W28610CAM1SEC",
        "title": "US 24 MP 286.10 WB at Paradise Cir in Woodland Park",
        "snapshotUrl": "https://cocam.carsprogram.org/Snapshots/024W28610CAM1SEC.flv.png",
        "streamUrl": "https://publicstreamer3.cotrip.org:443/rtplive/024W28610CAM1SEC/playlist.m3u8",
        "cameraCode": "024W28610CAM1SEC",
        "source": "COtrip",
        "state": "Colorado",
        "graphqlUri": "camera/135993/791417969",
        "graphqlParentUri": "camera/135993",
        "routeDesignator": "US 24",
        "lastUpdatedTimestamp": 1773274764000
      }
    },
    {
      "type": "Feature",
      "geometry": null,
      "properties": {
        "id": "024W31455CAM1SWC",
        "title": "US 24 MP 314.55 WB at Constitution Ave in Colorado Springs",
        "snapshotUrl": "https://cocam.carsprogram.org/Snapshots/024W31455CAM1SWC.flv.png",
        "streamUrl": "https://publicstreamer3.cotrip.org:443/rtplive/024W31455CAM1SWC/playlist.m3u8",
        "cameraCode": "024W31455CAM1SWC",
        "source": "COtrip",
        "state": "Colorado",
        "graphqlUri": "camera/136015/947795857",
        "graphqlParentUri": "camera/136015",
        "routeDesignator": "US-24",
        "lastUpdatedTimestamp": 1773274780000
      }
    },
    {
      "type": "Feature",
      "geometry": null,
      "properties": {
        "id": "024E31320CAM2SEC",
        "title": "US 24 MP 313.20 EB at Marksheffel Rd in Colorado Springs TSG",
        "snapshotUrl": "https://cocam.carsprogram.org/Snapshots/024E31320CAM2SEC.flv.png",
        "streamUrl": "https://publicstreamer3.cotrip.org:443/rtplive/024E31320CAM2SEC/playlist.m3u8",
        "cameraCode": "024E31320CAM2SEC",
        "source": "COtrip",
        "state": "Colorado",
        "graphqlUri": "camera/136028/3838237329",
        "graphqlParentUri": "camera/136028",
        "routeDesignator": "US-24",
        "lastUpdatedTimestamp": 1773274790000
      }
    },
    {
      "type": "Feature",
      "geometry": null,
      "properties": {
        "id": "024E29160CAM1RHS",
        "title": "US 24 MP 291.60 EB at Chipita Park Rd",
        "snapshotUrl": "https://cocam.carsprogram.org/Snapshots/024E29160CAM1RHS.flv.png",
        "streamUrl": "https://publicstreamer4.cotrip.org:443/rtplive/024E29160CAM1RHS/playlist.m3u8",
        "cameraCode": "024E29160CAM1RHS",
        "source": "COtrip",
        "state": "Colorado",
        "graphqlUri": "camera/136094/1817053960",
        "graphqlParentUri": "camera/136094",
        "routeDesignator": "US-24",
        "lastUpdatedTimestamp": 1773274746000
      }
    },
    {
      "type": "Feature",
      "geometry": null,
      "properties": {
        "id": "024W29785CAM1RHS",
        "title": "US 24 MP 297.85 WB at Canon Ave in Manitou Springs",
        "snapshotUrl": "https://cocam.carsprogram.org/Snapshots/024W29785CAM1RHS.flv.png",
        "streamUrl": "https://publicstreamer4.cotrip.org:443/rtplive/024W29785CAM1RHS/playlist.m3u8",
        "cameraCode": "024W29785CAM1RHS",
        "source": "COtrip",
        "state": "Colorado",
        "graphqlUri": "camera/136135/500802296",
        "graphqlParentUri": "camera/136135",
        "routeDesignator": "US-24",
        "lastUpdatedTimestamp": 1773274765000
      }
    },
    {
      "type": "Feature",
      "geometry": null,
      "properties": {
        "id": "024E29240CAM1RHS",
        "title": "US 24 MP 292.40 EB : 0.8 miles E of Chipita Park Rd in Cascade",
        "snapshotUrl": "https://cocam.carsprogram.org/Snapshots/024E29240CAM1RHS.flv.png",
        "streamUrl": "https://publicstreamer4.cotrip.org:443/rtplive/024E29240CAM1RHS/playlist.m3u8",
        "cameraCode": "024E29240CAM1RHS",
        "source": "COtrip",
        "state": "Colorado",
        "graphqlUri": "camera/136141/364577159",
        "graphqlParentUri": "camera/136141",
        "routeDesignator": "US-24",
        "lastUpdatedTimestamp": 1773274767000
      }
    },
    {
      "type": "Feature",
      "geometry": null,
      "properties": {
        "id": "024E28700CAM1SWC",
        "title": "US 24 MP 287.00 EB at Morning Sun Dr in Woodland Park",
        "snapshotUrl": "https://cocam.carsprogram.org/Snapshots/024E28700CAM1SWC.flv.png",
        "streamUrl": "https://publicstreamer4.cotrip.org:443/rtplive/024E28700CAM1SWC/playlist.m3u8",
        "cameraCode": "024E28700CAM1SWC",
        "source": "COtrip",
        "state": "Colorado",
        "graphqlUri": "camera/136227/2190717858",
        "graphqlParentUri": "camera/136227",
        "routeDesignator": "US-24",
        "lastUpdatedTimestamp": 1773274688000
      }
    },
    {
      "type": "Feature",
      "geometry": null,
      "properties": {
        "id": "024W28375CAM1NWC",
        "title": "US 24 MP 283.75 WB at Trout Creek Rd/CR 25 in Woodland Park",
        "snapshotUrl": "https://cocam.carsprogram.org/Snapshots/024W28375CAM1NWC.flv.png",
        "streamUrl": "https://publicstreamer1.cotrip.org:443/rtplive/024W28375CAM1NWC/playlist.m3u8",
        "cameraCode": "024W28375CAM1NWC",
        "source": "COtrip",
        "state": "Colorado",
        "graphqlUri": "camera/136476/4171327755",
        "graphqlParentUri": "camera/136476",
        "routeDesignator": "US-24",
        "lastUpdatedTimestamp": 1773274700000
      }
    },
    {
      "type": "Feature",
      "geometry": null,
      "properties": {
        "id": "024W32255CAM1NWC",
        "title": "US 24 MP 322.55 WB at Judge Orr Rd in Falcon",
        "snapshotUrl": "https://cocam.carsprogram.org/Snapshots/024W32255CAM1NWC.flv.png",
        "streamUrl": "https://publicstreamer1.cotrip.org:443/rtplive/024W32255CAM1NWC/playlist.m3u8",
        "cameraCode": "024W32255CAM1NWC",
        "source": "COtrip",
        "state": "Colorado",
        "graphqlUri": "camera/136531/4070144043",
        "graphqlParentUri": "camera/136531",
        "routeDesignator": "US-24",
        "lastUpdatedTimestamp": 1773274739000
      }
    },
    {
      "type": "Feature",
      "geometry": null,
      "properties": {
        "id": "024W32085CAM1SWC",
        "title": "US 24 MP 320.85 WB at E Woodmen Rd in Falcon",
        "snapshotUrl": "https://cocam.carsprogram.org/Snapshots/024W32085CAM1SWC.flv.png",
        "streamUrl": "https://publicstreamer1.cotrip.org:443/rtplive/024W32085CAM1SWC/playlist.m3u8",
        "cameraCode": "024W32085CAM1SWC",
        "source": "COtrip",
        "state": "Colorado",
        "graphqlUri": "camera/136533/3790610242",
        "graphqlParentUri": "camera/136533",
        "routeDesignator": "US-24",
        "lastUpdatedTimestamp": 1773274740000
      }
    },
    {
      "type": "Feature",
      "geometry": null,
      "properties": {
        "id": "006E28440CAM1RP1",
        "title": "US 6 MP 284.40 EB : SB I-25 Ramp to WB 6th Ave",
        "snapshotUrl": "https://cocam.carsprogram.org/Snapshots/006E28440CAM1RP1.flv.png",
        "streamUrl": "https://publicstreamer2.cotrip.org:443/rtplive/006E28440CAM1RP1/playlist.m3u8",
        "cameraCode": "006E28440CAM1RP1",
        "source": "COtrip",
        "state": "Colorado",
        "graphqlUri": "camera/135678/1048852107",
        "graphqlParentUri": "camera/135678",
        "routeDesignator": "US 6",
        "lastUpdatedTimestamp": 1773274539000
      }
    },
    {
      "type": "Feature",
      "geometry": null,
      "properties": {
        "id": "006W28400CAM1RHS",
        "title": "US 6 MP 284.00 WB : 0.1 miles E of Federal Blvd/CO 88",
        "snapshotUrl": "https://cocam.carsprogram.org/Snapshots/006W28400CAM1RHS.flv.png",
        "streamUrl": "https://publicstreamer1.cotrip.org:443/rtplive/006W28400CAM1RHS/playlist.m3u8",
        "cameraCode": "006W28400CAM1RHS",
        "source": "COtrip",
        "state": "Colorado",
        "graphqlUri": "camera/136353/3579179592",
        "graphqlParentUri": "camera/136353",
        "routeDesignator": "US 6",
        "lastUpdatedTimestamp": 1773274719000
      }
    },
    {
      "type": "Feature",
      "geometry": null,
      "properties": {
        "id": "006W28350CAM1LHS",
        "title": "US 6 MP 283.50 WB at Knox Ct on Frontage Rd",
        "snapshotUrl": "https://cocam.carsprogram.org/Snapshots/006W28350CAM1LHS.flv.png",
        "streamUrl": "https://publicstreamer1.cotrip.org:443/rtplive/006W28350CAM1LHS/playlist.m3u8",
        "cameraCode": "006W28350CAM1LHS",
        "source": "COtrip",
        "state": "Colorado",
        "graphqlUri": "camera/136299/2674333898",
        "graphqlParentUri": "camera/136299",
        "routeDesignator": "US 6",
        "lastUpdatedTimestamp": 1773274723000
      }
    },
    {
      "type": "Feature",
      "geometry": null,
      "properties": {
        "id": "006E28230CAM1RHS",
        "title": "US 6 MP 282.30 EB at Sheridan Blvd/CO 95",
        "snapshotUrl": "https://cocam.carsprogram.org/Snapshots/006E28230CAM1RHS.flv.png",
        "streamUrl": "https://publicstreamer1.cotrip.org:443/rtplive/006E28230CAM1RHS/playlist.m3u8",
        "cameraCode": "006E28230CAM1RHS",
        "source": "COtrip",
        "state": "Colorado",
        "graphqlUri": "camera/136306/3070127282",
        "graphqlParentUri": "camera/136306",
        "routeDesignator": "US 6",
        "lastUpdatedTimestamp": 1773274726000
      }
    },
    {
      "type": "Feature",
      "geometry": null,
      "properties": {
        "id": "006W28085CAM1RP1",
        "title": "US 6 MP 280.85 WB at Wadsworth Blvd/CO 121 in Lakewood",
        "snapshotUrl": "https://cocam.carsprogram.org/Snapshots/006W28085CAM1RP1.flv.png",
        "streamUrl": "https://publicstreamer1.cotrip.org:443/rtplive/006W28085CAM1RP1/playlist.m3u8",
        "cameraCode": "006W28085CAM1RP1",
        "source": "COtrip",
        "state": "Colorado",
        "graphqlUri": "camera/136277/3411785084",
        "graphqlParentUri": "camera/136277",
        "routeDesignator": "US 6",
        "lastUpdatedTimestamp": 1773274713000
      }
    },
    {
      "type": "Feature",
      "geometry": null,
      "properties": {
        "id": "006W27985CAM1RHS",
        "title": "US 6 MP 279.85 WB at Garrison St in Lakewood",
        "snapshotUrl": "https://cocam.carsprogram.org/Snapshots/006W27985CAM1RHS.flv.png",
        "streamUrl": "https://publicstreamer1.cotrip.org:443/rtplive/006W27985CAM1RHS/playlist.m3u8",
        "cameraCode": "006W27985CAM1RHS",
        "source": "COtrip",
        "state": "Colorado",
        "graphqlUri": "camera/136307/199596346",
        "graphqlParentUri": "camera/136307",
        "routeDesignator": "US 6",
        "lastUpdatedTimestamp": 1773274726000
      }
    },
    {
      "type": "Feature",
      "geometry": null,
      "properties": {
        "id": "006W27930CAM1RP1",
        "title": "US 6 MP 279.30 WB at Kipling St/CO 391 in Lakewood",
        "snapshotUrl": "https://cocam.carsprogram.org/Snapshots/006W27930CAM1RP1.flv.png",
        "streamUrl": "https://publicstreamer2.cotrip.org:443/rtplive/006W27930CAM1RP1/playlist.m3u8",
        "cameraCode": "006W27930CAM1RP1",
        "source": "COtrip",
        "state": "Colorado",
        "graphqlUri": "camera/135715/854376815",
        "graphqlParentUri": "camera/135715",
        "routeDesignator": "US 6",
        "lastUpdatedTimestamp": 1773274779000
      }
    },
    {
      "type": "Feature",
      "geometry": null,
      "properties": {
        "id": "006E27785CAM1RHS",
        "title": "US 6 MP 277.85 EB : 0.4 miles W of Union Blvd in Lakewood",
        "snapshotUrl": "https://cocam.carsprogram.org/Snapshots/006E27785CAM1RHS.flv.png",
        "streamUrl": "https://publicstreamer1.cotrip.org:443/rtplive/006E27785CAM1RHS/playlist.m3u8",
        "cameraCode": "006E27785CAM1RHS",
        "source": "COtrip",
        "state": "Colorado",
        "graphqlUri": "camera/136347/3169834902",
        "graphqlParentUri": "camera/136347",
        "routeDesignator": "US 6",
        "lastUpdatedTimestamp": 1773274716000
      }
    },
    {
      "type": "Feature",
      "geometry": null,
      "properties": {
        "id": "006E27585CAM1RHS",
        "title": "US 6 MP 275.85 EB : 0.3 miles E of I-70",
        "snapshotUrl": "https://cocam.carsprogram.org/Snapshots/006E27585CAM1RHS.flv.png",
        "streamUrl": "https://publicstreamer1.cotrip.org:443/rtplive/006E27585CAM1RHS/playlist.m3u8",
        "cameraCode": "006E27585CAM1RHS",
        "source": "COtrip",
        "state": "Colorado",
        "graphqlUri": "camera/136287/637084794",
        "graphqlParentUri": "camera/136287",
        "routeDesignator": "US 6",
        "lastUpdatedTimestamp": 1773274718000
      }
    },
    {
      "type": "Feature",
      "geometry": null,
      "properties": {
        "id": "006E27395CAM1SWC",
        "title": "US 6 MP 273.95 EB at Heritage Rd in Golden",
        "snapshotUrl": "https://cocam.carsprogram.org/Snapshots/006E27395CAM1SWC.flv.png",
        "streamUrl": "https://publicstreamer3.cotrip.org:443/rtplive/006E27395CAM1SWC/playlist.m3u8",
        "cameraCode": "006E27395CAM1SWC",
        "source": "COtrip",
        "state": "Colorado",
        "graphqlUri": "camera/135978/1320854325",
        "graphqlParentUri": "camera/135978",
        "routeDesignator": "US 6",
        "lastUpdatedTimestamp": 1773274757000
      }
    },
    {
      "type": "Feature",
      "geometry": null,
      "properties": {
        "id": "006E27295CAM1RHS",
        "title": "US 6 MP 272.95 EB : 0.3 miles E of 19th St in Golden",
        "snapshotUrl": "https://cocam.carsprogram.org/Snapshots/006E27295CAM1RHS.flv.png",
        "streamUrl": "https://publicstreamer3.cotrip.org:443/rtplive/006E27295CAM1RHS/playlist.m3u8",
        "cameraCode": "006E27295CAM1RHS",
        "source": "COtrip",
        "state": "Colorado",
        "graphqlUri": "camera/135876/2579268512",
        "graphqlParentUri": "camera/135876",
        "routeDesignator": "US 6",
        "lastUpdatedTimestamp": 1773274710000
      }
    },
    {
      "type": "Feature",
      "geometry": null,
      "properties": {
        "id": "006W27160CAM1SEC",
        "title": "US 6 MP 271.60 WB at CO 58/CO 93 in Golden",
        "snapshotUrl": "https://cocam.carsprogram.org/Snapshots/006W27160CAM1SEC.flv.png",
        "streamUrl": "https://publicstreamer2.cotrip.org:443/rtplive/006W27160CAM1SEC/playlist.m3u8",
        "cameraCode": "006W27160CAM1SEC",
        "source": "COtrip",
        "state": "Colorado",
        "graphqlUri": "camera/135770/1860515920",
        "graphqlParentUri": "camera/135770",
        "routeDesignator": "US 6",
        "lastUpdatedTimestamp": 1773274767000
      }
    },
    {
      "type": "Feature",
      "geometry": null,
      "properties": {
        "id": "006W27035CAM1RHS",
        "title": "US 6 MP 270.35 WB : 0.2 miles E of Tunnel 1",
        "snapshotUrl": "https://cocam.carsprogram.org/Snapshots/006W27035CAM1RHS.flv.png",
        "streamUrl": "https://publicstreamer3.cotrip.org:443/rtplive/006W27035CAM1RHS/playlist.m3u8",
        "cameraCode": "006W27035CAM1RHS",
        "source": "COtrip",
        "state": "Colorado",
        "graphqlUri": "camera/135846/1064118557",
        "graphqlParentUri": "camera/135846",
        "routeDesignator": "US 6",
        "lastUpdatedTimestamp": 1773274512000
      }
    },
    {
      "type": "Feature",
      "geometry": null,
      "properties": {
        "id": "006E26975CAM1RHS",
        "title": "US 6 MP 269.75 EB : 0.2 miles W of Tunnel 1",
        "snapshotUrl": "https://cocam.carsprogram.org/Snapshots/006E26975CAM1RHS.flv.png",
        "streamUrl": "https://publicstreamer4.cotrip.org:443/rtplive/006E26975CAM1RHS/playlist.m3u8",
        "cameraCode": "006E26975CAM1RHS",
        "source": "COtrip",
        "state": "Colorado",
        "graphqlUri": "camera/136113/892006193",
        "graphqlParentUri": "camera/136113",
        "routeDesignator": "US 6",
        "lastUpdatedTimestamp": 1773274756000
      }
    },
    {
      "type": "Feature",
      "geometry": null,
      "properties": {
        "id": "006E26945CAM1RHS",
        "title": "US 6 MP 269.45 EB : 0.7 miles W of Tunnel 1",
        "snapshotUrl": "https://cocam.carsprogram.org/Snapshots/006E26945CAM1RHS.flv.png",
        "streamUrl": "https://publicstreamer1.cotrip.org:443/rtplive/006E26945CAM1RHS/playlist.m3u8",
        "cameraCode": "006E26945CAM1RHS",
        "source": "COtrip",
        "state": "Colorado",
        "graphqlUri": "camera/136302/1813683703",
        "graphqlParentUri": "camera/136302",
        "routeDesignator": "US 6",
        "lastUpdatedTimestamp": 1773274724000
      }
    },
    {
      "type": "Feature",
      "geometry": null,
      "properties": {
        "id": "006E26910CAM1RHS",
        "title": "US 6 MP 269.10 EB : 1.3 miles W of Tunnel 1",
        "snapshotUrl": "https://cocam.carsprogram.org/Snapshots/006E26910CAM1RHS.flv.png",
        "streamUrl": "https://publicstreamer2.cotrip.org:443/rtplive/006E26910CAM1RHS/playlist.m3u8",
        "cameraCode": "006E26910CAM1RHS",
        "source": "COtrip",
        "state": "Colorado",
        "graphqlUri": "camera/135665/1187786002",
        "graphqlParentUri": "camera/135665",
        "routeDesignator": "US 6",
        "lastUpdatedTimestamp": 1773274534000
      }
    },
    {
      "type": "Feature",
      "geometry": null,
      "properties": {
        "id": "006E26870CAM1RHS",
        "title": "US 6 MP 268.70 EB : 1.7 miles W of Tunnel 1",
        "snapshotUrl": "https://cocam.carsprogram.org/Snapshots/006E26870CAM1RHS.flv.png",
        "streamUrl": "https://publicstreamer1.cotrip.org:443/rtplive/006E26870CAM1RHS/playlist.m3u8",
        "cameraCode": "006E26870CAM1RHS",
        "source": "COtrip",
        "state": "Colorado",
        "graphqlUri": "camera/136268/1122009489",
        "graphqlParentUri": "camera/136268",
        "routeDesignator": "US 6",
        "lastUpdatedTimestamp": 1773274710000
      }
    },
    {
      "type": "Feature",
      "geometry": null,
      "properties": {
        "id": "006E26840CAM1RHS",
        "title": "US 6 MP 268.40 EB : 2.1 miles W of Tunnel 1",
        "snapshotUrl": "https://cocam.carsprogram.org/Snapshots/006E26840CAM1RHS.flv.png",
        "streamUrl": "https://publicstreamer3.cotrip.org:443/rtplive/006E26840CAM1RHS/playlist.m3u8",
        "cameraCode": "006E26840CAM1RHS",
        "source": "COtrip",
        "state": "Colorado",
        "graphqlUri": "camera/135868/3219781783",
        "graphqlParentUri": "camera/135868",
        "routeDesignator": "US 6",
        "lastUpdatedTimestamp": 1773274706000
      }
    },
    {
      "type": "Feature",
      "geometry": null,
      "properties": {
        "id": "006W26775CAM1RHS",
        "title": "US 6 MP 267.75 WB : 2.3 miles E of Tunnel 2",
        "snapshotUrl": "https://cocam.carsprogram.org/Snapshots/006W26775CAM1RHS.flv.png",
        "streamUrl": "https://publicstreamer2.cotrip.org:443/rtplive/006W26775CAM1RHS/playlist.m3u8",
        "cameraCode": "006W26775CAM1RHS",
        "source": "COtrip",
        "state": "Colorado",
        "graphqlUri": "camera/135731/1425360511",
        "graphqlParentUri": "camera/135731",
        "routeDesignator": "US 6",
        "lastUpdatedTimestamp": 1773274786000
      }
    },
    {
      "type": "Feature",
      "geometry": null,
      "properties": {
        "id": "006W26725CAM1RHS",
        "title": "US 6 MP 267.25 WB : 1.8 miles E of Tunnel 2",
        "snapshotUrl": "https://cocam.carsprogram.org/Snapshots/006W26725CAM1RHS.flv.png",
        "streamUrl": "https://publicstreamer1.cotrip.org:443/rtplive/006W26725CAM1RHS/playlist.m3u8",
        "cameraCode": "006W26725CAM1RHS",
        "source": "COtrip",
        "state": "Colorado",
        "graphqlUri": "camera/136320/2393848178",
        "graphqlParentUri": "camera/136320",
        "routeDesignator": "US 6",
        "lastUpdatedTimestamp": 1773274705000
      }
    },
    {
      "type": "Feature",
      "geometry": null,
      "properties": {
        "id": "006E26670CAM1RHS",
        "title": "US 6 MP 266.70 EB : 1.3 miles E of Tunnel 2",
        "snapshotUrl": "https://cocam.carsprogram.org/Snapshots/006E26670CAM1RHS.flv.png",
        "streamUrl": "https://publicstreamer4.cotrip.org:443/rtplive/006E26670CAM1RHS/playlist.m3u8",
        "cameraCode": "006E26670CAM1RHS",
        "source": "COtrip",
        "state": "Colorado",
        "graphqlUri": "camera/136129/2087461642",
        "graphqlParentUri": "camera/136129",
        "routeDesignator": "US 6",
        "lastUpdatedTimestamp": 1773274763000
      }
    },
    {
      "type": "Feature",
      "geometry": null,
      "properties": {
        "id": "006W26610CAM1RHS",
        "title": "US 6 MP 266.10 WB : 0.7 miles E of Tunnel 2",
        "snapshotUrl": "https://cocam.carsprogram.org/Snapshots/006W26610CAM1RHS.flv.png",
        "streamUrl": "https://publicstreamer4.cotrip.org:443/rtplive/006W26610CAM1RHS/playlist.m3u8",
        "cameraCode": "006W26610CAM1RHS",
        "source": "COtrip",
        "state": "Colorado",
        "graphqlUri": "camera/136117/3133406811",
        "graphqlParentUri": "camera/136117",
        "routeDesignator": "US 6",
        "lastUpdatedTimestamp": 1773274758000
      }
    },
    {
      "type": "Feature",
      "geometry": null,
      "properties": {
        "id": "006E26555CAM1RHS",
        "title": "US 6 MP 265.55 EB : 0.2 miles E of Tunnel 2",
        "snapshotUrl": "https://cocam.carsprogram.org/Snapshots/006E26555CAM1RHS.flv.png",
        "streamUrl": "https://publicstreamer3.cotrip.org:443/rtplive/006E26555CAM1RHS/playlist.m3u8",
        "cameraCode": "006E26555CAM1RHS",
        "source": "COtrip",
        "state": "Colorado",
        "graphqlUri": "camera/135871/3725703662",
        "graphqlParentUri": "camera/135871",
        "routeDesignator": "US 6",
        "lastUpdatedTimestamp": 1773274707000
      }
    },
    {
      "type": "Feature",
      "geometry": null,
      "properties": {
        "id": "006W26535CAM1GP1",
        "title": "US 6 MP 265.35 WB at E Tunnel 2",
        "snapshotUrl": "https://cocam.carsprogram.org/Snapshots/006W26535CAM1GP1.flv.png",
        "streamUrl": "https://publicstreamer1.cotrip.org:443/rtplive/006W26535CAM1GP1/playlist.m3u8",
        "cameraCode": "006W26535CAM1GP1",
        "source": "COtrip",
        "state": "Colorado",
        "graphqlUri": "camera/136486/2396269390",
        "graphqlParentUri": "camera/136486",
        "routeDesignator": "US 6",
        "lastUpdatedTimestamp": 1773274709000
      }
    },
    {
      "type": "Feature",
      "geometry": null,
      "properties": {
        "id": "006W26525CAM1GP1",
        "title": "US 6 MP 265.25 WB at E Center of Tunnel 2",
        "snapshotUrl": "https://cocam.carsprogram.org/Snapshots/006W26525CAM1GP1.flv.png",
        "streamUrl": "https://publicstreamer1.cotrip.org:443/rtplive/006W26525CAM1GP1/playlist.m3u8",
        "cameraCode": "006W26525CAM1GP1",
        "source": "COtrip",
        "state": "Colorado",
        "graphqlUri": "camera/136502/4095357933",
        "graphqlParentUri": "camera/136502",
        "routeDesignator": "US 6",
        "lastUpdatedTimestamp": 1773274719000
      }
    },
    {
      "type": "Feature",
      "geometry": null,
      "properties": {
        "id": "006E26515CAM1GP1",
        "title": "US 6 MP 265.15 EB at W Center of tunnel 2",
        "snapshotUrl": "https://cocam.carsprogram.org/Snapshots/006E26515CAM1GP1.flv.png",
        "streamUrl": "https://publicstreamer1.cotrip.org:443/rtplive/006E26515CAM1GP1/playlist.m3u8",
        "cameraCode": "006E26515CAM1GP1",
        "source": "COtrip",
        "state": "Colorado",
        "graphqlUri": "camera/136489/538324046",
        "graphqlParentUri": "camera/136489",
        "routeDesignator": "US 6",
        "lastUpdatedTimestamp": 1773274711000
      }
    },
    {
      "type": "Feature",
      "geometry": null,
      "properties": {
        "id": "006E26510CAM1GP1",
        "title": "US 6 MP 265.10 EB at W Tunnel 2",
        "snapshotUrl": "https://cocam.carsprogram.org/Snapshots/006E26510CAM1GP1.flv.png",
        "streamUrl": "https://publicstreamer1.cotrip.org:443/rtplive/006E26510CAM1GP1/playlist.m3u8",
        "cameraCode": "006E26510CAM1GP1",
        "source": "COtrip",
        "state": "Colorado",
        "graphqlUri": "camera/136503/2961721065",
        "graphqlParentUri": "camera/136503",
        "routeDesignator": "US 6",
        "lastUpdatedTimestamp": 1773274720000
      }
    },
    {
      "type": "Feature",
      "geometry": null,
      "properties": {
        "id": "006W26500CAM1RHS",
        "title": "US 6 MP 265.00 WB at W Tunnel 2 and E Tunnel 3",
        "snapshotUrl": "https://cocam.carsprogram.org/Snapshots/006W26500CAM1RHS.flv.png",
        "streamUrl": "https://publicstreamer4.cotrip.org:443/rtplive/006W26500CAM1RHS/playlist.m3u8",
        "cameraCode": "006W26500CAM1RHS",
        "source": "COtrip",
        "state": "Colorado",
        "graphqlUri": "camera/136125/1168005167",
        "graphqlParentUri": "camera/136125",
        "routeDesignator": "US 6",
        "lastUpdatedTimestamp": 1773274761000
      }
    },
    {
      "type": "Feature",
      "geometry": null,
      "properties": {
        "id": "006W26490CAM1GP1",
        "title": "US 6 MP 264.90 WB at E Tunnel 3",
        "snapshotUrl": "https://cocam.carsprogram.org/Snapshots/006W26490CAM1GP1.flv.png",
        "streamUrl": "https://publicstreamer1.cotrip.org:443/rtplive/006W26490CAM1GP1/playlist.m3u8",
        "cameraCode": "006W26490CAM1GP1",
        "source": "COtrip",
        "state": "Colorado",
        "graphqlUri": "camera/136488/3982071009",
        "graphqlParentUri": "camera/136488",
        "routeDesignator": "US 6",
        "lastUpdatedTimestamp": 1773274710000
      }
    },
    {
      "type": "Feature",
      "geometry": null,
      "properties": {
        "id": "006E26480CAM1GP1",
        "title": "US 6 MP 264.80 EB at Center of Tunnel 3",
        "snapshotUrl": "https://cocam.carsprogram.org/Snapshots/006E26480CAM1GP1.flv.png",
        "streamUrl": "https://publicstreamer1.cotrip.org:443/rtplive/006E26480CAM1GP1/playlist.m3u8",
        "cameraCode": "006E26480CAM1GP1",
        "source": "COtrip",
        "state": "Colorado",
        "graphqlUri": "camera/136487/760939541",
        "graphqlParentUri": "camera/136487",
        "routeDesignator": "US 6",
        "lastUpdatedTimestamp": 1773274710000
      }
    },
    {
      "type": "Feature",
      "geometry": null,
      "properties": {
        "id": "006E26405CAM1RHS",
        "title": "US 6 MP 264.05 EB : 0.7 miles W of Tunnel 3",
        "snapshotUrl": "https://cocam.carsprogram.org/Snapshots/006E26405CAM1RHS.flv.png",
        "streamUrl": "https://publicstreamer1.cotrip.org:443/rtplive/006E26405CAM1RHS/playlist.m3u8",
        "cameraCode": "006E26405CAM1RHS",
        "source": "COtrip",
        "state": "Colorado",
        "graphqlUri": "camera/136323/3111232892",
        "graphqlParentUri": "camera/136323",
        "routeDesignator": "US 6",
        "lastUpdatedTimestamp": 1773274706000
      }
    },
    {
      "type": "Feature",
      "geometry": null,
      "properties": {
        "id": "006E26295CAM1RHS",
        "title": "US 6 MP 262.95 EB : 1.3 miles W of Tunnel 3",
        "snapshotUrl": "https://cocam.carsprogram.org/Snapshots/006E26295CAM1RHS.flv.png",
        "streamUrl": "https://publicstreamer2.cotrip.org:443/rtplive/006E26295CAM1RHS/playlist.m3u8",
        "cameraCode": "006E26295CAM1RHS",
        "source": "COtrip",
        "state": "Colorado",
        "graphqlUri": "camera/135735/941013814",
        "graphqlParentUri": "camera/135735",
        "routeDesignator": "US 6",
        "lastUpdatedTimestamp": 1773274788000
      }
    },
    {
      "type": "Feature",
      "geometry": null,
      "properties": {
        "id": "006E26265CAM1RHS",
        "title": "US 6 MP 262.65 EB : 1.8 miles W of Tunnel 3",
        "snapshotUrl": "https://cocam.carsprogram.org/Snapshots/006E26265CAM1RHS.flv.png",
        "streamUrl": "https://publicstreamer3.cotrip.org:443/rtplive/006E26265CAM1RHS/playlist.m3u8",
        "cameraCode": "006E26265CAM1RHS",
        "source": "COtrip",
        "state": "Colorado",
        "graphqlUri": "camera/135849/154219634",
        "graphqlParentUri": "camera/135849",
        "routeDesignator": "US 6",
        "lastUpdatedTimestamp": 1773274514000
      }
    },
    {
      "type": "Feature",
      "geometry": null,
      "properties": {
        "id": "006E26235CAM1RHS",
        "title": "US 6 MP 262.35 EB : 2.2 miles W of Tunnel 3",
        "snapshotUrl": "https://cocam.carsprogram.org/Snapshots/006E26235CAM1RHS.flv.png",
        "streamUrl": "https://publicstreamer4.cotrip.org:443/rtplive/006E26235CAM1RHS/playlist.m3u8",
        "cameraCode": "006E26235CAM1RHS",
        "source": "COtrip",
        "state": "Colorado",
        "graphqlUri": "camera/136156/17018174",
        "graphqlParentUri": "camera/136156",
        "routeDesignator": "US 6",
        "lastUpdatedTimestamp": 1773274731000
      }
    },
    {
      "type": "Feature",
      "geometry": null,
      "properties": {
        "id": "006W26215CAM1RHS",
        "title": "US 6 MP 262.15 WB at Mayhem Gulch Trailhead",
        "snapshotUrl": "https://cocam.carsprogram.org/Snapshots/006W26215CAM1RHS.flv.png",
        "streamUrl": "https://publicstreamer3.cotrip.org:443/rtplive/006W26215CAM1RHS/playlist.m3u8",
        "cameraCode": "006W26215CAM1RHS",
        "source": "COtrip",
        "state": "Colorado",
        "graphqlUri": "camera/135848/227498910",
        "graphqlParentUri": "camera/135848",
        "routeDesignator": "US 6",
        "lastUpdatedTimestamp": 1773274513000
      }
    },
    {
      "type": "Feature",
      "geometry": null,
      "properties": {
        "id": "006E26150CAM1RHS",
        "title": "US 6 MP 261.50 EB : 1.3 miles E of CO 119",
        "snapshotUrl": "https://cocam.carsprogram.org/Snapshots/006E26150CAM1RHS.flv.png",
        "streamUrl": "https://publicstreamer2.cotrip.org:443/rtplive/006E26150CAM1RHS/playlist.m3u8",
        "cameraCode": "006E26150CAM1RHS",
        "source": "COtrip",
        "state": "Colorado",
        "graphqlUri": "camera/135734/1175723520",
        "graphqlParentUri": "camera/135734",
        "routeDesignator": "US 6",
        "lastUpdatedTimestamp": 1773274787000
      }
    },
    {
      "type": "Feature",
      "geometry": null,
      "properties": {
        "id": "006E26115CAM1RHS",
        "title": "US 6 MP 261.15 EB : 1.0 mile E of CO 119",
        "snapshotUrl": "https://cocam.carsprogram.org/Snapshots/006E26115CAM1RHS.flv.png",
        "streamUrl": "https://publicstreamer1.cotrip.org:443/rtplive/006E26115CAM1RHS/playlist.m3u8",
        "cameraCode": "006E26115CAM1RHS",
        "source": "COtrip",
        "state": "Colorado",
        "graphqlUri": "camera/136332/2831087057",
        "graphqlParentUri": "camera/136332",
        "routeDesignator": "US 6",
        "lastUpdatedTimestamp": 1773274710000
      }
    },
    {
      "type": "Feature",
      "geometry": null,
      "properties": {
        "id": "006E26070CAM1RHS",
        "title": "US 6 MP 260.70 EB : 0.5 miles E of CO 119",
        "snapshotUrl": "https://cocam.carsprogram.org/Snapshots/006E26070CAM1RHS.flv.png",
        "streamUrl": "https://publicstreamer3.cotrip.org:443/rtplive/006E26070CAM1RHS/playlist.m3u8",
        "cameraCode": "006E26070CAM1RHS",
        "source": "COtrip",
        "state": "Colorado",
        "graphqlUri": "camera/135908/1754984068",
        "graphqlParentUri": "camera/135908",
        "routeDesignator": "US 6",
        "lastUpdatedTimestamp": 1773274725000
      }
    },
    {
      "type": "Feature",
      "geometry": null,
      "properties": {
        "id": "006W26030CAM1RHS",
        "title": "US 6 MP 260.30 WB at CO 119",
        "snapshotUrl": "https://cocam.carsprogram.org/Snapshots/006W26030CAM1RHS.flv.png",
        "streamUrl": "https://publicstreamer2.cotrip.org:443/rtplive/006W26030CAM1RHS/playlist.m3u8",
        "cameraCode": "006W26030CAM1RHS",
        "source": "COtrip",
        "state": "Colorado",
        "graphqlUri": "camera/135723/2795169444",
        "graphqlParentUri": "camera/135723",
        "routeDesignator": "US 6",
        "lastUpdatedTimestamp": 1773274782000
      }
    },
    {
      "type": "Feature",
      "geometry": null,
      "properties": {
        "id": "006W25970CAM1RHS",
        "title": "US 6 MP 259.70 WB : 0.2 miles E of Tunnel 5",
        "snapshotUrl": "https://cocam.carsprogram.org/Snapshots/006W25970CAM1RHS.flv.png",
        "streamUrl": "https://publicstreamer1.cotrip.org:443/rtplive/006W25970CAM1RHS/playlist.m3u8",
        "cameraCode": "006W25970CAM1RHS",
        "source": "COtrip",
        "state": "Colorado",
        "graphqlUri": "camera/136267/3254922931",
        "graphqlParentUri": "camera/136267",
        "routeDesignator": "US 6",
        "lastUpdatedTimestamp": 1773274709000
      }
    },
    {
      "type": "Feature",
      "geometry": null,
      "properties": {
        "id": "006W25905CAM1GP1",
        "title": "US 6 MP 259.05 WB at Center of Tunnel 6",
        "snapshotUrl": "https://cocam.carsprogram.org/Snapshots/006W25905CAM1GP1.flv.png",
        "streamUrl": "https://publicstreamer3.cotrip.org:443/rtplive/006W25905CAM1GP1/playlist.m3u8",
        "cameraCode": "006W25905CAM1GP1",
        "source": "COtrip",
        "state": "Colorado",
        "graphqlUri": "camera/136034/3091423489",
        "graphqlParentUri": "camera/136034",
        "routeDesignator": "US 6",
        "lastUpdatedTimestamp": 1773274731000
      }
    },
    {
      "type": "Feature",
      "geometry": null,
      "properties": {
        "id": "006E25905CAM1GP1",
        "title": "US 6 MP 259.05 EB at Center of Tunnel 6",
        "snapshotUrl": "https://cocam.carsprogram.org/Snapshots/006E25905CAM1GP1.flv.png",
        "streamUrl": "https://publicstreamer1.cotrip.org:443/rtplive/006E25905CAM1GP1/playlist.m3u8",
        "cameraCode": "006E25905CAM1GP1",
        "source": "COtrip",
        "state": "Colorado",
        "graphqlUri": "camera/136517/891397203",
        "graphqlParentUri": "camera/136517",
        "routeDesignator": "US 6",
        "lastUpdatedTimestamp": 1773274726000
      }
    },
    {
      "type": "Feature",
      "geometry": null,
      "properties": {
        "id": "006E25900CAM1GP1",
        "title": "US 6 MP 259.00 EB at W Tunnel 6",
        "snapshotUrl": "https://cocam.carsprogram.org/Snapshots/006E25900CAM1GP1.flv.png",
        "streamUrl": "https://publicstreamer1.cotrip.org:443/rtplive/006E25900CAM1GP1/playlist.m3u8",
        "cameraCode": "006E25900CAM1GP1",
        "source": "COtrip",
        "state": "Colorado",
        "graphqlUri": "camera/136516/1631696707",
        "graphqlParentUri": "camera/136516",
        "routeDesignator": "US 6",
        "lastUpdatedTimestamp": 1773274725000
      }
    },
    {
      "type": "Feature",
      "geometry": null,
      "properties": {
        "id": "006W25870CAM1RHS",
        "title": "US 6 MP 258.70 WB : 0.4 miles W of Tunnel 6",
        "snapshotUrl": "https://cocam.carsprogram.org/Snapshots/006W25870CAM1RHS.flv.png",
        "streamUrl": "https://publicstreamer3.cotrip.org:443/rtplive/006W25870CAM1RHS/playlist.m3u8",
        "cameraCode": "006W25870CAM1RHS",
        "source": "COtrip",
        "state": "Colorado",
        "graphqlUri": "camera/135838/606535717",
        "graphqlParentUri": "camera/135838",
        "routeDesignator": "US 6",
        "lastUpdatedTimestamp": 1773274507000
      }
    },
    {
      "type": "Feature",
      "geometry": null,
      "properties": {
        "id": "006W22625CAM2RHS",
        "title": "US 6 MP 226.25 WB : 2.5 miles W of Loveland Ski Area 2",
        "snapshotUrl": "https://cocam.carsprogram.org/Snapshots/006W22625CAM2RHS.flv.png",
        "streamUrl": "https://publicstreamer1.cotrip.org:443/rtplive/006W22625CAM2RHS/playlist.m3u8",
        "cameraCode": "006W22625CAM2RHS",
        "source": "COtrip",
        "state": "Colorado",
        "graphqlUri": "camera/136505/571533842",
        "graphqlParentUri": "camera/136505",
        "routeDesignator": "US 6",
        "lastUpdatedTimestamp": 1773274720000
      }
    },
    {
      "type": "Feature",
      "geometry": null,
      "properties": {
        "id": "006W20870CAM1RHS",
        "title": "US 6 MP 208.70 WB at I-70 in Silverthorne",
        "snapshotUrl": "https://cocam.carsprogram.org/Snapshots/006W20870CAM1RHS.flv.png",
        "streamUrl": "https://publicstreamer4.cotrip.org:443/rtplive/006W20870CAM1RHS/playlist.m3u8",
        "cameraCode": "006W20870CAM1RHS",
        "source": "COtrip",
        "state": "Colorado",
        "graphqlUri": "camera/136146/2115893058",
        "graphqlParentUri": "camera/136146",
        "routeDesignator": "US 6",
        "lastUpdatedTimestamp": 1773274770000
      }
    },
    {
      "type": "Feature",
      "geometry": null,
      "properties": {
        "id": "391S00945CAM1SWC",
        "title": "CO-391 MP 009.45 SB at W 48th Ave/I-70 Frontage Rd S",
        "snapshotUrl": "https://cocam.carsprogram.org/Snapshots/391S00945CAM1SWC.flv.png",
        "streamUrl": "https://publicstreamer2.cotrip.org:443/rtplive/391S00945CAM1SWC/playlist.m3u8",
        "cameraCode": "391S00945CAM1SWC",
        "source": "COtrip",
        "state": "Colorado",
        "graphqlUri": "camera/135790/2007410254",
        "graphqlParentUri": "camera/135790",
        "routeDesignator": "CO 391",
        "lastUpdatedTimestamp": 1773274776000
      }
    },
    {
      "type": "Feature",
      "geometry": null,
      "properties": {
        "id": "391S00860CAM1NWC",
        "title": "CO-391 MP 008.60 SB at W 39th Ave",
        "snapshotUrl": "https://cocam.carsprogram.org/Snapshots/391S00860CAM1NWC.flv.png",
        "streamUrl": "https://publicstreamer2.cotrip.org:443/rtplive/391S00860CAM1NWC/playlist.m3u8",
        "cameraCode": "391S00860CAM1NWC",
        "source": "COtrip",
        "state": "Colorado",
        "graphqlUri": "camera/135794/376970085",
        "graphqlParentUri": "camera/135794",
        "routeDesignator": "CO 391",
        "lastUpdatedTimestamp": 1773274777000
      }
    },
    {
      "type": "Feature",
      "geometry": null,
      "properties": {
        "id": "391S00785CAM1SWC",
        "title": "CO-391 MP 007.85 SB at W 32nd Ave",
        "snapshotUrl": "https://cocam.carsprogram.org/Snapshots/391S00785CAM1SWC.flv.png",
        "streamUrl": "https://publicstreamer2.cotrip.org:443/rtplive/391S00785CAM1SWC/playlist.m3u8",
        "cameraCode": "391S00785CAM1SWC",
        "source": "COtrip",
        "state": "Colorado",
        "graphqlUri": "camera/135793/846236700",
        "graphqlParentUri": "camera/135793",
        "routeDesignator": "CO 391",
        "lastUpdatedTimestamp": 1773274777000
      }
    },
    {
      "type": "Feature",
      "geometry": null,
      "properties": {
        "id": "224W00065CAM1RHS",
        "title": "CO 224 MP 000.65 WB : 0.1 miles E of I-25",
        "snapshotUrl": "https://cocam.carsprogram.org/Snapshots/224W00065CAM1RHS.flv.png",
        "streamUrl": "https://publicstreamer3.cotrip.org:443/rtplive/224W00065CAM1RHS/playlist.m3u8",
        "cameraCode": "224W00065CAM1RHS",
        "source": "COtrip",
        "state": "Colorado",
        "graphqlUri": "camera/135863/119828588",
        "graphqlParentUri": "camera/135863",
        "routeDesignator": "CO 224/70th Avenue",
        "lastUpdatedTimestamp": 1773274519000
      }
    },
    {
      "type": "Feature",
      "geometry": null,
      "properties": {
        "id": "224W00060CAM1RHS",
        "title": "CO 224 MP 000.60 WB at I-25",
        "snapshotUrl": "https://cocam.carsprogram.org/Snapshots/224W00060CAM1RHS.flv.png",
        "streamUrl": "https://publicstreamer2.cotrip.org:443/rtplive/224W00060CAM1RHS/playlist.m3u8",
        "cameraCode": "224W00060CAM1RHS",
        "source": "COtrip",
        "state": "Colorado",
        "graphqlUri": "camera/135740/4007751931",
        "graphqlParentUri": "camera/135740",
        "routeDesignator": "CO 224/70th Avenue",
        "lastUpdatedTimestamp": 1773274791000
      }
    },
    {
      "type": "Feature",
      "geometry": null,
      "properties": {
        "id": "224E00030CAM1NEC",
        "title": "CO 224 MP 000.30 EB at CO 53/Broadway",
        "snapshotUrl": "https://cocam.carsprogram.org/Snapshots/224E00030CAM1NEC.flv.png",
        "streamUrl": "https://publicstreamer3.cotrip.org:443/rtplive/224E00030CAM1NEC/playlist.m3u8",
        "cameraCode": "224E00030CAM1NEC",
        "source": "COtrip",
        "state": "Colorado",
        "graphqlUri": "camera/135880/2182603999",
        "graphqlParentUri": "camera/135880",
        "routeDesignator": "CO 224/70th Avenue",
        "lastUpdatedTimestamp": 1773274712000
      }
    },
    {
      "type": "Feature",
      "geometry": null,
      "properties": {
        "id": "177N00505CAM1NEC",
        "title": "CO-177 MP 005.05 NB at E Quincy Ave",
        "snapshotUrl": "https://cocam.carsprogram.org/Snapshots/177N00505CAM1NEC.flv.png",
        "streamUrl": "https://publicstreamer1.cotrip.org:443/rtplive/177N00505CAM1NEC/playlist.m3u8",
        "cameraCode": "177N00505CAM1NEC",
        "source": "COtrip",
        "state": "Colorado",
        "graphqlUri": "camera/136419/3554167873",
        "graphqlParentUri": "camera/136419",
        "routeDesignator": "CO 177/University Boulevard",
        "lastUpdatedTimestamp": 1773274698000
      }
    },
    {
      "type": "Feature",
      "geometry": null,
      "properties": {
        "id": "177N00315CAM1NEC",
        "title": "CO-177 MP 003.15 NB at E Orchard Rd",
        "snapshotUrl": "https://cocam.carsprogram.org/Snapshots/177N00315CAM1NEC.flv.png",
        "streamUrl": "https://publicstreamer1.cotrip.org:443/rtplive/177N00315CAM1NEC/playlist.m3u8",
        "cameraCode": "177N00315CAM1NEC",
        "source": "COtrip",
        "state": "Colorado",
        "graphqlUri": "camera/136400/3115194714",
        "graphqlParentUri": "camera/136400",
        "routeDesignator": "CO 177/University Boulevard",
        "lastUpdatedTimestamp": 1773274690000
      }
    },
    {
      "type": "Feature",
      "geometry": null,
      "properties": {
        "id": "177N00245CAM1NEC",
        "title": "CO-177 MP 002.45 NB at S Josephine Way",
        "snapshotUrl": "https://cocam.carsprogram.org/Snapshots/177N00245CAM1NEC.flv.png",
        "streamUrl": "https://publicstreamer1.cotrip.org:443/rtplive/177N00245CAM1NEC/playlist.m3u8",
        "cameraCode": "177N00245CAM1NEC",
        "source": "COtrip",
        "state": "Colorado",
        "graphqlUri": "camera/136399/183129241",
        "graphqlParentUri": "camera/136399",
        "routeDesignator": "CO 177/University Boulevard",
        "lastUpdatedTimestamp": 1773274689000
      }
    },
    {
      "type": "Feature",
      "geometry": null,
      "properties": {
        "id": "177N00200CAM1NEC",
        "title": "CO-177 MP 002.00 NB at E Arapahoe Rd",
        "snapshotUrl": "https://cocam.carsprogram.org/Snapshots/177N00200CAM1NEC.flv.png",
        "streamUrl": "https://publicstreamer3.cotrip.org:443/rtplive/177N00200CAM1NEC/playlist.m3u8",
        "cameraCode": "177N00200CAM1NEC",
        "source": "COtrip",
        "state": "Colorado",
        "graphqlUri": "camera/135976/3071610975",
        "graphqlParentUri": "camera/135976",
        "routeDesignator": "CO 177/University Boulevard",
        "lastUpdatedTimestamp": 1773274704000
      }
    },
    {
      "type": "Feature",
      "geometry": null,
      "properties": {
        "id": "177N00155CAM1NEC",
        "title": "CO-177 MP 001.55 NB at E Easter Ave",
        "snapshotUrl": "https://cocam.carsprogram.org/Snapshots/177N00155CAM1NEC.flv.png",
        "streamUrl": "https://publicstreamer3.cotrip.org:443/rtplive/177N00155CAM1NEC/playlist.m3u8",
        "cameraCode": "177N00155CAM1NEC",
        "source": "COtrip",
        "state": "Colorado",
        "graphqlUri": "camera/135975/1792606669",
        "graphqlParentUri": "camera/135975",
        "routeDesignator": "CO 177/University Boulevard",
        "lastUpdatedTimestamp": 1773274704000
      }
    },
    {
      "type": "Feature",
      "geometry": null,
      "properties": {
        "id": "177S00100CAM1SWC",
        "title": "CO-177 MP 001.00 SB at E Dry Creek Rd",
        "snapshotUrl": "https://cocam.carsprogram.org/Snapshots/177S00100CAM1SWC.flv.png",
        "streamUrl": "https://publicstreamer3.cotrip.org:443/rtplive/177S00100CAM1SWC/playlist.m3u8",
        "cameraCode": "177S00100CAM1SWC",
        "source": "COtrip",
        "state": "Colorado",
        "graphqlUri": "camera/135974/2900017301",
        "graphqlParentUri": "camera/135974",
        "routeDesignator": "CO 177/University Boulevard",
        "lastUpdatedTimestamp": 1773274703000
      }
    },
    {
      "type": "Feature",
      "geometry": null,
      "properties": {
        "id": "177N00010CAM1SEC",
        "title": "CO-177 MP 000.10 NB at E County Line Rd",
        "snapshotUrl": "https://cocam.carsprogram.org/Snapshots/177N00010CAM1SEC.flv.png",
        "streamUrl": "https://publicstreamer3.cotrip.org:443/rtplive/177N00010CAM1SEC/playlist.m3u8",
        "cameraCode": "177N00010CAM1SEC",
        "source": "COtrip",
        "state": "Colorado",
        "graphqlUri": "camera/135973/2423316329",
        "graphqlParentUri": "camera/135973",
        "routeDesignator": "CO 177/University Boulevard",
        "lastUpdatedTimestamp": 1773274703000
      }
    },
    {
      "type": "Feature",
      "geometry": null,
      "properties": {
        "id": "128E00870CAM1SEC",
        "title": "CO-128 MP 008.70 EB at Wadsworth Blvd",
        "snapshotUrl": "https://cocam.carsprogram.org/Snapshots/128E00870CAM1SEC.flv.png",
        "streamUrl": "https://publicstreamer3.cotrip.org:443/rtplive/128E00870CAM1SEC/playlist.m3u8",
        "cameraCode": "128E00870CAM1SEC",
        "source": "COtrip",
        "state": "Colorado",
        "graphqlUri": "camera/135971/2656341386",
        "graphqlParentUri": "camera/135971",
        "routeDesignator": "CO 128/120th Avenue",
        "lastUpdatedTimestamp": 1773274701000
      }
    },
    {
      "type": "Feature",
      "geometry": null,
      "properties": {
        "id": "128W00750CAM1NWC",
        "title": "CO-128 MP 007.50 WB at Interlocken Blvd/Airport Way",
        "snapshotUrl": "https://cocam.carsprogram.org/Snapshots/128W00750CAM1NWC.flv.png",
        "streamUrl": "https://publicstreamer3.cotrip.org:443/rtplive/128W00750CAM1NWC/playlist.m3u8",
        "cameraCode": "128W00750CAM1NWC",
        "source": "COtrip",
        "state": "Colorado",
        "graphqlUri": "camera/135970/1183506821",
        "graphqlParentUri": "camera/135970",
        "routeDesignator": "CO 128/120th Avenue",
        "lastUpdatedTimestamp": 1773274701000
      }
    },
    {
      "type": "Feature",
      "geometry": null,
      "properties": {
        "id": "128W00720CAM1NWC",
        "title": "CO-128 MP 007.20 WB at Interlocken Pkwy",
        "snapshotUrl": "https://cocam.carsprogram.org/Snapshots/128W00720CAM1NWC.flv.png",
        "streamUrl": "https://publicstreamer3.cotrip.org:443/rtplive/128W00720CAM1NWC/playlist.m3u8",
        "cameraCode": "128W00720CAM1NWC",
        "source": "COtrip",
        "state": "Colorado",
        "graphqlUri": "camera/135969/2700610952",
        "graphqlParentUri": "camera/135969",
        "routeDesignator": "CO 128/120th Avenue",
        "lastUpdatedTimestamp": 1773274680000
      }
    },
    {
      "type": "Feature",
      "geometry": null,
      "properties": {
        "id": "128E00575CAM1SEC",
        "title": "CO-128 MP 005.75 EB at Simms St",
        "snapshotUrl": "https://cocam.carsprogram.org/Snapshots/128E00575CAM1SEC.flv.png",
        "streamUrl": "https://publicstreamer1.cotrip.org:443/rtplive/128E00575CAM1SEC/playlist.m3u8",
        "cameraCode": "128E00575CAM1SEC",
        "source": "COtrip",
        "state": "Colorado",
        "graphqlUri": "camera/136404/2102149223",
        "graphqlParentUri": "camera/136404",
        "routeDesignator": "CO 128/120th Avenue",
        "lastUpdatedTimestamp": 1773274691000
      }
    },
    {
      "type": "Feature",
      "geometry": null,
      "properties": {
        "id": "128E00535CAM1SEC",
        "title": "CO-128 MP 005.35 EB at Eldorado Blvd",
        "snapshotUrl": "https://cocam.carsprogram.org/Snapshots/128E00535CAM1SEC.flv.png",
        "streamUrl": "https://publicstreamer1.cotrip.org:443/rtplive/128E00535CAM1SEC/playlist.m3u8",
        "cameraCode": "128E00535CAM1SEC",
        "source": "COtrip",
        "state": "Colorado",
        "graphqlUri": "camera/136418/1329029707",
        "graphqlParentUri": "camera/136418",
        "routeDesignator": "CO 128/120th Avenue",
        "lastUpdatedTimestamp": 1773274698000
      }
    },
    {
      "type": "Feature",
      "geometry": null,
      "properties": {
        "id": "128E00420CAM1SWC",
        "title": "CO-128 MP 004.20 EB at Indiana St",
        "snapshotUrl": "https://cocam.carsprogram.org/Snapshots/128E00420CAM1SWC.flv.png",
        "streamUrl": "https://publicstreamer1.cotrip.org:443/rtplive/128E00420CAM1SWC/playlist.m3u8",
        "cameraCode": "128E00420CAM1SWC",
        "source": "COtrip",
        "state": "Colorado",
        "graphqlUri": "camera/136416/3049775883",
        "graphqlParentUri": "camera/136416",
        "routeDesignator": "CO 128/120th Avenue",
        "lastUpdatedTimestamp": 1773274696000
      }
    },
    {
      "type": "Feature",
      "geometry": null,
      "properties": {
        "id": "121N02065CAM1NEC",
        "title": "CO-121 MP 020.65 NB at W 80th Ave",
        "snapshotUrl": "https://cocam.carsprogram.org/Snapshots/121N02065CAM1NEC.flv.png",
        "streamUrl": "https://publicstreamer3.cotrip.org:443/rtplive/121N02065CAM1NEC/playlist.m3u8",
        "cameraCode": "121N02065CAM1NEC",
        "source": "COtrip",
        "state": "Colorado",
        "graphqlUri": "camera/135979/3841382492",
        "graphqlParentUri": "camera/135979",
        "routeDesignator": "CO 121",
        "lastUpdatedTimestamp": 1773274757000
      }
    },
    {
      "type": "Feature",
      "geometry": null,
      "properties": {
        "id": "121N01695CAM1NEC",
        "title": "CO-121 MP 016.95 NB at WB I-70 Ramp to SB Wadsworth Blvd",
        "snapshotUrl": "https://cocam.carsprogram.org/Snapshots/121N01695CAM1NEC.flv.png",
        "streamUrl": "https://publicstreamer2.cotrip.org:443/rtplive/121N01695CAM1NEC/playlist.m3u8",
        "cameraCode": "121N01695CAM1NEC",
        "source": "COtrip",
        "state": "Colorado",
        "graphqlUri": "camera/135792/4010056670",
        "graphqlParentUri": "camera/135792",
        "routeDesignator": "CO-121",
        "lastUpdatedTimestamp": 1773274776000
      }
    },
    {
      "type": "Feature",
      "geometry": null,
      "properties": {
        "id": "121S01860CAM1NWC",
        "title": "CO-121 MP 018.60 SB at W 64th Ave",
        "snapshotUrl": "https://cocam.carsprogram.org/Snapshots/121S01860CAM1NWC.flv.png",
        "streamUrl": "https://publicstreamer3.cotrip.org:443/rtplive/121S01860CAM1NWC/playlist.m3u8",
        "cameraCode": "121S01860CAM1NWC",
        "source": "COtrip",
        "state": "Colorado",
        "graphqlUri": "camera/135982/2038903205",
        "graphqlParentUri": "camera/135982",
        "routeDesignator": "CO-121",
        "lastUpdatedTimestamp": 1773274758000
      }
    },
    {
      "type": "Feature",
      "geometry": null,
      "properties": {
        "id": "121S01965CAM1NWC",
        "title": "CO-121 MP 019.65 SB at W 72nd Ave",
        "snapshotUrl": "https://cocam.carsprogram.org/Snapshots/121S01965CAM1NWC.flv.png",
        "streamUrl": "https://publicstreamer3.cotrip.org:443/rtplive/121S01965CAM1NWC/playlist.m3u8",
        "cameraCode": "121S01965CAM1NWC",
        "source": "COtrip",
        "state": "Colorado",
        "graphqlUri": "camera/135983/2399560112",
        "graphqlParentUri": "camera/135983",
        "routeDesignator": "CO-121",
        "lastUpdatedTimestamp": 1773274759000
      }
    },
    {
      "type": "Feature",
      "geometry": null,
      "properties": {
        "id": "121S01735CAM1SWC",
        "title": "CO-121 MP 017.35 SB at W 53rd Ave",
        "snapshotUrl": "https://cocam.carsprogram.org/Snapshots/121S01735CAM1SWC.flv.png",
        "streamUrl": "https://publicstreamer3.cotrip.org:443/rtplive/121S01735CAM1SWC/playlist.m3u8",
        "cameraCode": "121S01735CAM1SWC",
        "source": "COtrip",
        "state": "Colorado",
        "graphqlUri": "camera/135980/2304897124",
        "graphqlParentUri": "camera/135980",
        "routeDesignator": "CO-121",
        "lastUpdatedTimestamp": 1773274758000
      }
    },
    {
      "type": "Feature",
      "geometry": null,
      "properties": {
        "id": "121N01800CAM1NEC",
        "title": "CO-121 MP 018.00 NB at Ralston Rd",
        "snapshotUrl": "https://cocam.carsprogram.org/Snapshots/121N01800CAM1NEC.flv.png",
        "streamUrl": "https://publicstreamer3.cotrip.org:443/rtplive/121N01800CAM1NEC/playlist.m3u8",
        "cameraCode": "121N01800CAM1NEC",
        "source": "COtrip",
        "state": "Colorado",
        "graphqlUri": "camera/135981/2188671850",
        "graphqlParentUri": "camera/135981",
        "routeDesignator": "CO-121",
        "lastUpdatedTimestamp": 1773274758000
      }
    },
    {
      "type": "Feature",
      "geometry": null,
      "properties": {
        "id": "121S02165CAM1SWC",
        "title": "CO-121 MP 021.65 SB at W 88th Ave",
        "snapshotUrl": "https://cocam.carsprogram.org/Snapshots/121S02165CAM1SWC.flv.png",
        "streamUrl": "https://publicstreamer3.cotrip.org:443/rtplive/121S02165CAM1SWC/playlist.m3u8",
        "cameraCode": "121S02165CAM1SWC",
        "source": "COtrip",
        "state": "Colorado",
        "graphqlUri": "camera/135984/446434984",
        "graphqlParentUri": "camera/135984",
        "routeDesignator": "CO-121",
        "lastUpdatedTimestamp": 1773274759000
      }
    },
    {
      "type": "Feature",
      "geometry": null,
      "properties": {
        "id": "121N01485CAM1SEC",
        "title": "CO-121 MP 014.85 NB at W 29th Ave",
        "snapshotUrl": "https://cocam.carsprogram.org/Snapshots/121N01485CAM1SEC.flv.png",
        "streamUrl": "https://publicstreamer4.cotrip.org:443/rtplive/121N01485CAM1SEC/playlist.m3u8",
        "cameraCode": "121N01485CAM1SEC",
        "source": "COtrip",
        "state": "Colorado",
        "graphqlUri": "camera/136211/2346831094",
        "graphqlParentUri": "camera/136211",
        "routeDesignator": "CO-121",
        "lastUpdatedTimestamp": 1773274680000
      }
    },
    {
      "type": "Feature",
      "geometry": null,
      "properties": {
        "id": "121N01775CAM1NEC",
        "title": "CO-121 MP 017.75 NB at W 56th Ave",
        "snapshotUrl": "https://cocam.carsprogram.org/Snapshots/121N01775CAM1NEC.flv.png",
        "streamUrl": "https://publicstreamer4.cotrip.org:443/rtplive/121N01775CAM1NEC/playlist.m3u8",
        "cameraCode": "121N01775CAM1NEC",
        "source": "COtrip",
        "state": "Colorado",
        "graphqlUri": "camera/136212/491029522",
        "graphqlParentUri": "camera/136212",
        "routeDesignator": "CO-121",
        "lastUpdatedTimestamp": 1773274681000
      }
    },
    {
      "type": "Feature",
      "geometry": null,
      "properties": {
        "id": "121S00620CAM1SWC",
        "title": "CO-121 MP 006.20 SB at W Stanford Ave",
        "snapshotUrl": "https://cocam.carsprogram.org/Snapshots/121S00620CAM1SWC.flv.png",
        "streamUrl": "https://publicstreamer4.cotrip.org:443/rtplive/121S00620CAM1SWC/playlist.m3u8",
        "cameraCode": "121S00620CAM1SWC",
        "source": "COtrip",
        "state": "Colorado",
        "graphqlUri": "camera/136220/4186224487",
        "graphqlParentUri": "camera/136220",
        "routeDesignator": "CO-121",
        "lastUpdatedTimestamp": 1773274683000
      }
    },
    {
      "type": "Feature",
      "geometry": null,
      "properties": {
        "id": "121S00655CAM1SWC",
        "title": "CO-121 MP 006.55 SB at W Quincy Ave",
        "snapshotUrl": "https://cocam.carsprogram.org/Snapshots/121S00655CAM1SWC.flv.png",
        "streamUrl": "https://publicstreamer4.cotrip.org:443/rtplive/121S00655CAM1SWC/playlist.m3u8",
        "cameraCode": "121S00655CAM1SWC",
        "source": "COtrip",
        "state": "Colorado",
        "graphqlUri": "camera/136221/835702443",
        "graphqlParentUri": "camera/136221",
        "routeDesignator": "CO-121",
        "lastUpdatedTimestamp": 1773274684000
      }
    },
    {
      "type": "Feature",
      "geometry": null,
      "properties": {
        "id": "121N02435CAM1NEC",
        "title": "CO-121 MP 024.35 NB at W 108th Ave",
        "snapshotUrl": "https://cocam.carsprogram.org/Snapshots/121N02435CAM1NEC.flv.png",
        "streamUrl": "https://publicstreamer1.cotrip.org:443/rtplive/121N02435CAM1NEC/playlist.m3u8",
        "cameraCode": "121N02435CAM1NEC",
        "source": "COtrip",
        "state": "Colorado",
        "graphqlUri": "camera/136402/3995524652",
        "graphqlParentUri": "camera/136402",
        "routeDesignator": "CO-121",
        "lastUpdatedTimestamp": 1773274691000
      }
    },
    {
      "type": "Feature",
      "geometry": null,
      "properties": {
        "id": "121N02615CAM1NEC",
        "title": "CO-121 MP 026.15 NB at WB US-36 Ramp to Wadsworth Pkwy",
        "snapshotUrl": "https://cocam.carsprogram.org/Snapshots/121N02615CAM1NEC.flv.png",
        "streamUrl": "https://publicstreamer1.cotrip.org:443/rtplive/121N02615CAM1NEC/playlist.m3u8",
        "cameraCode": "121N02615CAM1NEC",
        "source": "COtrip",
        "state": "Colorado",
        "graphqlUri": "camera/136403/4045538720",
        "graphqlParentUri": "camera/136403",
        "routeDesignator": "CO-121",
        "lastUpdatedTimestamp": 1773274691000
      }
    },
    {
      "type": "Feature",
      "geometry": null,
      "properties": {
        "id": "121S02335CAM1NWC",
        "title": "CO-121 MP 023.35 SB at W 100th Ave/Church Ranch Rd",
        "snapshotUrl": "https://cocam.carsprogram.org/Snapshots/121S02335CAM1NWC.flv.png",
        "streamUrl": "https://publicstreamer1.cotrip.org:443/rtplive/121S02335CAM1NWC/playlist.m3u8",
        "cameraCode": "121S02335CAM1NWC",
        "source": "COtrip",
        "state": "Colorado",
        "graphqlUri": "camera/136401/3468256342",
        "graphqlParentUri": "camera/136401",
        "routeDesignator": "CO-121",
        "lastUpdatedTimestamp": 1773274690000
      }
    },
    {
      "type": "Feature",
      "geometry": null,
      "properties": {
        "id": "121N00360CAM1SEC",
        "title": "CO-121 MP 003.60 NB at W Peakview Dr",
        "snapshotUrl": "https://cocam.carsprogram.org/Snapshots/121N00360CAM1SEC.flv.png",
        "streamUrl": "https://publicstreamer1.cotrip.org:443/rtplive/121N00360CAM1SEC/playlist.m3u8",
        "cameraCode": "121N00360CAM1SEC",
        "source": "COtrip",
        "state": "Colorado",
        "graphqlUri": "camera/136406/261699418",
        "graphqlParentUri": "camera/136406",
        "routeDesignator": "CO-121",
        "lastUpdatedTimestamp": 1773274692000
      }
    },
    {
      "type": "Feature",
      "geometry": null,
      "properties": {
        "id": "121N00435CAM1SEC",
        "title": "CO-121 MP 004.35 NB at W Bowles Ave",
        "snapshotUrl": "https://cocam.carsprogram.org/Snapshots/121N00435CAM1SEC.flv.png",
        "streamUrl": "https://publicstreamer1.cotrip.org:443/rtplive/121N00435CAM1SEC/playlist.m3u8",
        "cameraCode": "121N00435CAM1SEC",
        "source": "COtrip",
        "state": "Colorado",
        "graphqlUri": "camera/136407/3435390187",
        "graphqlParentUri": "camera/136407",
        "routeDesignator": "CO-121",
        "lastUpdatedTimestamp": 1773274693000
      }
    },
    {
      "type": "Feature",
      "geometry": null,
      "properties": {
        "id": "121N00335CAM1NEC",
        "title": "CO-121 MP 003.35 NB at W Coal Mine Ave",
        "snapshotUrl": "https://cocam.carsprogram.org/Snapshots/121N00335CAM1NEC.flv.png",
        "streamUrl": "https://publicstreamer1.cotrip.org:443/rtplive/121N00335CAM1NEC/playlist.m3u8",
        "cameraCode": "121N00335CAM1NEC",
        "source": "COtrip",
        "state": "Colorado",
        "graphqlUri": "camera/136405/1740239042",
        "graphqlParentUri": "camera/136405",
        "routeDesignator": "CO-121",
        "lastUpdatedTimestamp": 1773274692000
      }
    },
    {
      "type": "Feature",
      "geometry": null,
      "properties": {
        "id": "121S00580CAM1NWC",
        "title": "CO-121 MP 005.80 SB at W Layton Dr",
        "snapshotUrl": "https://cocam.carsprogram.org/Snapshots/121S00580CAM1NWC.flv.png",
        "streamUrl": "https://publicstreamer1.cotrip.org:443/rtplive/121S00580CAM1NWC/playlist.m3u8",
        "cameraCode": "121S00580CAM1NWC",
        "source": "COtrip",
        "state": "Colorado",
        "graphqlUri": "camera/136410/1794829116",
        "graphqlParentUri": "camera/136410",
        "routeDesignator": "CO-121",
        "lastUpdatedTimestamp": 1773274694000
      }
    },
    {
      "type": "Feature",
      "geometry": null,
      "properties": {
        "id": "121N01515CAM1NEC",
        "title": "CO-121 MP 015.15 NB at W 32nd Ave",
        "snapshotUrl": "https://cocam.carsprogram.org/Snapshots/121N01515CAM1NEC.flv.png",
        "streamUrl": "https://publicstreamer1.cotrip.org:443/rtplive/121N01515CAM1NEC/playlist.m3u8",
        "cameraCode": "121N01515CAM1NEC",
        "source": "COtrip",
        "state": "Colorado",
        "graphqlUri": "camera/136411/3634704002",
        "graphqlParentUri": "camera/136411",
        "routeDesignator": "CO-121",
        "lastUpdatedTimestamp": 1773274694000
      }
    },
    {
      "type": "Feature",
      "geometry": null,
      "properties": {
        "id": "121S00495CAM1NWC",
        "title": "CO-121 MP 004.95 SB at W Crestline Ave",
        "snapshotUrl": "https://cocam.carsprogram.org/Snapshots/121S00495CAM1NWC.flv.png",
        "streamUrl": "https://publicstreamer1.cotrip.org:443/rtplive/121S00495CAM1NWC/playlist.m3u8",
        "cameraCode": "121S00495CAM1NWC",
        "source": "COtrip",
        "state": "Colorado",
        "graphqlUri": "camera/136408/2211182785",
        "graphqlParentUri": "camera/136408",
        "routeDesignator": "CO-121",
        "lastUpdatedTimestamp": 1773274693000
      }
    },
    {
      "type": "Feature",
      "geometry": null,
      "properties": {
        "id": "121N00535CAM1SEC",
        "title": "CO-121 MP 005.35 NB at W Belleview Ave",
        "snapshotUrl": "https://cocam.carsprogram.org/Snapshots/121N00535CAM1SEC.flv.png",
        "streamUrl": "https://publicstreamer1.cotrip.org:443/rtplive/121N00535CAM1SEC/playlist.m3u8",
        "cameraCode": "121N00535CAM1SEC",
        "source": "COtrip",
        "state": "Colorado",
        "graphqlUri": "camera/136409/1443431173",
        "graphqlParentUri": "camera/136409",
        "routeDesignator": "CO-121",
        "lastUpdatedTimestamp": 1773274693000
      }
    },
    {
      "type": "Feature",
      "geometry": null,
      "properties": {
        "id": "121N02210CAM1NEC",
        "title": "CO-121 MP 022.10 NB at W 92nd Ave",
        "snapshotUrl": "https://cocam.carsprogram.org/Snapshots/121N02210CAM1NEC.flv.png",
        "streamUrl": "https://publicstreamer1.cotrip.org:443/rtplive/121N02210CAM1NEC/playlist.m3u8",
        "cameraCode": "121N02210CAM1NEC",
        "source": "COtrip",
        "state": "Colorado",
        "graphqlUri": "camera/136414/1251004425",
        "graphqlParentUri": "camera/136414",
        "routeDesignator": "CO-121",
        "lastUpdatedTimestamp": 1773274695000
      }
    },
    {
      "type": "Feature",
      "geometry": null,
      "properties": {
        "id": "121S02570CAM1NWC",
        "title": "CO-121 MP 025.70 SB at Interlocken Loop/CO-128",
        "snapshotUrl": "https://cocam.carsprogram.org/Snapshots/121S02570CAM1NWC.flv.png",
        "streamUrl": "https://publicstreamer1.cotrip.org:443/rtplive/121S02570CAM1NWC/playlist.m3u8",
        "cameraCode": "121S02570CAM1NWC",
        "source": "COtrip",
        "state": "Colorado",
        "graphqlUri": "camera/136415/2257669852",
        "graphqlParentUri": "camera/136415",
        "routeDesignator": "CO-121",
        "lastUpdatedTimestamp": 1773274695000
      }
    },
    {
      "type": "Feature",
      "geometry": null,
      "properties": {
        "id": "121N00120CAM1SEC",
        "title": "CO-121 MP 001.20 NB at W Chatfield Ave",
        "snapshotUrl": "https://cocam.carsprogram.org/Snapshots/121N00120CAM1SEC.flv.png",
        "streamUrl": "https://publicstreamer1.cotrip.org:443/rtplive/121N00120CAM1SEC/playlist.m3u8",
        "cameraCode": "121N00120CAM1SEC",
        "source": "COtrip",
        "state": "Colorado",
        "graphqlUri": "camera/136426/1052013494",
        "graphqlParentUri": "camera/136426",
        "routeDesignator": "CO-121",
        "lastUpdatedTimestamp": 1773274702000
      }
    },
    {
      "type": "Feature",
      "geometry": null,
      "properties": {
        "id": "121N00280CAM1SEC",
        "title": "CO-121 MP 002.80 NB at W Columbine Dr",
        "snapshotUrl": "https://cocam.carsprogram.org/Snapshots/121N00280CAM1SEC.flv.png",
        "streamUrl": "https://publicstreamer1.cotrip.org:443/rtplive/121N00280CAM1SEC/playlist.m3u8",
        "cameraCode": "121N00280CAM1SEC",
        "source": "COtrip",
        "state": "Colorado",
        "graphqlUri": "camera/136427/4025993503",
        "graphqlParentUri": "camera/136427",
        "routeDesignator": "CO-121",
        "lastUpdatedTimestamp": 1773274702000
      }
    },
    {
      "type": "Feature",
      "geometry": null,
      "properties": {
        "id": "121S00230CAM1NWC",
        "title": "CO-121 002.30 SB at W Ken Caryl Ave",
        "snapshotUrl": "https://cocam.carsprogram.org/Snapshots/121S00230CAM1NWC.flv.png",
        "streamUrl": "https://publicstreamer1.cotrip.org:443/rtplive/121S00230CAM1NWC/playlist.m3u8",
        "cameraCode": "121S00230CAM1NWC",
        "source": "COtrip",
        "state": "Colorado",
        "graphqlUri": "camera/136425/2358390029",
        "graphqlParentUri": "camera/136425",
        "routeDesignator": "CO-121",
        "lastUpdatedTimestamp": 1773274702000
      }
    },
    {
      "type": "Feature",
      "geometry": null,
      "properties": {
        "id": "119S00370CAM1RHS",
        "title": "CO 119 MP 003.70 SB : 3.5 miles S of Black Hawk St",
        "snapshotUrl": "https://cocam.carsprogram.org/Snapshots/119S00370CAM1RHS.flv.png",
        "streamUrl": "https://publicstreamer1.cotrip.org:443/rtplive/119S00370CAM1RHS/playlist.m3u8",
        "cameraCode": "119S00370CAM1RHS",
        "source": "COtrip",
        "state": "Colorado",
        "graphqlUri": "camera/136273/3345002309",
        "graphqlParentUri": "camera/136273",
        "routeDesignator": "CO 119",
        "lastUpdatedTimestamp": 1773274712000
      }
    },
    {
      "type": "Feature",
      "geometry": null,
      "properties": {
        "id": "119S00335CAM1RHS",
        "title": "CO 119 MP 003.35 SB : 3.4 miles N of US 6",
        "snapshotUrl": "https://cocam.carsprogram.org/Snapshots/119S00335CAM1RHS.flv.png",
        "streamUrl": "https://publicstreamer3.cotrip.org:443/rtplive/119S00335CAM1RHS/playlist.m3u8",
        "cameraCode": "119S00335CAM1RHS",
        "source": "COtrip",
        "state": "Colorado",
        "graphqlUri": "camera/135915/1879566621",
        "graphqlParentUri": "camera/135915",
        "routeDesignator": "CO 119",
        "lastUpdatedTimestamp": 1773274728000
      }
    },
    {
      "type": "Feature",
      "geometry": null,
      "properties": {
        "id": "119S00275CAM1RHS",
        "title": "CO 119 MP 002.75 SB : 2.8 miles N of US 6",
        "snapshotUrl": "https://cocam.carsprogram.org/Snapshots/119S00275CAM1RHS.flv.png",
        "streamUrl": "https://publicstreamer3.cotrip.org:443/rtplive/119S00275CAM1RHS/playlist.m3u8",
        "cameraCode": "119S00275CAM1RHS",
        "source": "COtrip",
        "state": "Colorado",
        "graphqlUri": "camera/135865/2695537877",
        "graphqlParentUri": "camera/135865",
        "routeDesignator": "CO 119",
        "lastUpdatedTimestamp": 1773274705000
      }
    },
    {
      "type": "Feature",
      "geometry": null,
      "properties": {
        "id": "119S00215CAM1RHS",
        "title": "CO 119 MP 002.15 SB : 2.1 miles N of US 6",
        "snapshotUrl": "https://cocam.carsprogram.org/Snapshots/119S00215CAM1RHS.flv.png",
        "streamUrl": "https://publicstreamer4.cotrip.org:443/rtplive/119S00215CAM1RHS/playlist.m3u8",
        "cameraCode": "119S00215CAM1RHS",
        "source": "COtrip",
        "state": "Colorado",
        "graphqlUri": "camera/136105/2896344218",
        "graphqlParentUri": "camera/136105",
        "routeDesignator": "CO 119",
        "lastUpdatedTimestamp": 1773274751000
      }
    },
    {
      "type": "Feature",
      "geometry": null,
      "properties": {
        "id": "119S00165CAM1RHS",
        "title": "CO 119 MP 001.65 SB : 1.7 miles N of US 6",
        "snapshotUrl": "https://cocam.carsprogram.org/Snapshots/119S00165CAM1RHS.flv.png",
        "streamUrl": "https://publicstreamer1.cotrip.org:443/rtplive/119S00165CAM1RHS/playlist.m3u8",
        "cameraCode": "119S00165CAM1RHS",
        "source": "COtrip",
        "state": "Colorado",
        "graphqlUri": "camera/136345/675258459",
        "graphqlParentUri": "camera/136345",
        "routeDesignator": "CO 119",
        "lastUpdatedTimestamp": 1773274716000
      }
    },
    {
      "type": "Feature",
      "geometry": null,
      "properties": {
        "id": "119S00100CAM1RHS",
        "title": "CO 119 MP 001.00 SB : 1.0 mile N of US 6",
        "snapshotUrl": "https://cocam.carsprogram.org/Snapshots/119S00100CAM1RHS.flv.png",
        "streamUrl": "https://publicstreamer4.cotrip.org:443/rtplive/119S00100CAM1RHS/playlist.m3u8",
        "cameraCode": "119S00100CAM1RHS",
        "source": "COtrip",
        "state": "Colorado",
        "graphqlUri": "camera/136143/2313618764",
        "graphqlParentUri": "camera/136143",
        "routeDesignator": "CO 119",
        "lastUpdatedTimestamp": 1773274769000
      }
    },
    {
      "type": "Feature",
      "geometry": null,
      "properties": {
        "id": "119S00040CAM1RHS",
        "title": "CO 119 MP 000.40 SB : 0.5 miles N of US 6",
        "snapshotUrl": "https://cocam.carsprogram.org/Snapshots/119S00040CAM1RHS.flv.png",
        "streamUrl": "https://publicstreamer1.cotrip.org:443/rtplive/119S00040CAM1RHS/playlist.m3u8",
        "cameraCode": "119S00040CAM1RHS",
        "source": "COtrip",
        "state": "Colorado",
        "graphqlUri": "camera/136354/2538373182",
        "graphqlParentUri": "camera/136354",
        "routeDesignator": "CO 119",
        "lastUpdatedTimestamp": 1773274719000
      }
    },
    {
      "type": "Feature",
      "geometry": null,
      "properties": {
        "id": "119S00015CAM1RHS",
        "title": "CO 119 MP 000.15 SB : 0.2 miles N of US 6",
        "snapshotUrl": "https://cocam.carsprogram.org/Snapshots/119S00015CAM1RHS.flv.png",
        "streamUrl": "https://publicstreamer1.cotrip.org:443/rtplive/119S00015CAM1RHS/playlist.m3u8",
        "cameraCode": "119S00015CAM1RHS",
        "source": "COtrip",
        "state": "Colorado",
        "graphqlUri": "camera/136342/3369681625",
        "graphqlParentUri": "camera/136342",
        "routeDesignator": "CO 119",
        "lastUpdatedTimestamp": 1773274715000
      }
    },
    {
      "type": "Feature",
      "geometry": null,
      "properties": {
        "id": "115S04385CAM1RP1",
        "title": "CO 115 MP 043.85 SB at S Academy Blvd in Fort Carson",
        "snapshotUrl": "https://cocam.carsprogram.org/Snapshots/115S04385CAM1RP1.flv.png",
        "streamUrl": "https://publicstreamer3.cotrip.org:443/rtplive/115S04385CAM1RP1/playlist.m3u8",
        "cameraCode": "115S04385CAM1RP1",
        "source": "COtrip",
        "state": "Colorado",
        "graphqlUri": "camera/135845/2941363138",
        "graphqlParentUri": "camera/135845",
        "routeDesignator": "CO 115",
        "lastUpdatedTimestamp": 1773274512000
      }
    },
    {
      "type": "Feature",
      "geometry": null,
      "properties": {
        "id": "115S04035CAM1NWC",
        "title": "CO 115 MP 040.35 SB at Pine Oaks Rd in Fort Carson",
        "snapshotUrl": "https://cocam.carsprogram.org/Snapshots/115S04035CAM1NWC.flv.png",
        "streamUrl": "https://publicstreamer2.cotrip.org:443/rtplive/115S04035CAM1NWC/playlist.m3u8",
        "cameraCode": "115S04035CAM1NWC",
        "source": "COtrip",
        "state": "Colorado",
        "graphqlUri": "camera/135689/671057889",
        "graphqlParentUri": "camera/135689",
        "routeDesignator": "CO 115",
        "lastUpdatedTimestamp": 1773274545000
      }
    },
    {
      "type": "Feature",
      "geometry": null,
      "properties": {
        "id": "115N03785CAM1RHS",
        "title": "CO 115 MP 037.85 NB : 0.4 miles S of Old Canon City Rd",
        "snapshotUrl": "https://cocam.carsprogram.org/Snapshots/115N03785CAM1RHS.flv.png",
        "streamUrl": "https://publicstreamer2.cotrip.org:443/rtplive/115N03785CAM1RHS/playlist.m3u8",
        "cameraCode": "115N03785CAM1RHS",
        "source": "COtrip",
        "state": "Colorado",
        "graphqlUri": "camera/135827/3611738389",
        "graphqlParentUri": "camera/135827",
        "routeDesignator": "CO 115",
        "lastUpdatedTimestamp": 1773274794000
      }
    },
    {
      "type": "Feature",
      "geometry": null,
      "properties": {
        "id": "115N03570CAM1RHS",
        "title": "CO 115 MP 035.70 NB : 0.2 miles S of Roca Roja Cir",
        "snapshotUrl": "https://cocam.carsprogram.org/Snapshots/115N03570CAM1RHS.flv.png",
        "streamUrl": "https://publicstreamer2.cotrip.org:443/rtplive/115N03570CAM1RHS/playlist.m3u8",
        "cameraCode": "115N03570CAM1RHS",
        "source": "COtrip",
        "state": "Colorado",
        "graphqlUri": "camera/135828/257791537",
        "graphqlParentUri": "camera/135828",
        "routeDesignator": "CO 115",
        "lastUpdatedTimestamp": 1773274794000
      }
    },
    {
      "type": "Feature",
      "geometry": null,
      "properties": {
        "id": "115N01510CAM1RHS",
        "title": "CO 115 MP 015.10 NB : 1.3 miles N of US 50 in Penrose",
        "snapshotUrl": "https://cocam.carsprogram.org/Snapshots/115N01510CAM1RHS.flv.png",
        "streamUrl": "https://publicstreamer2.cotrip.org:443/rtplive/115N01510CAM1RHS/playlist.m3u8",
        "cameraCode": "115N01510CAM1RHS",
        "source": "COtrip",
        "state": "Colorado",
        "graphqlUri": "camera/135672/4175810669",
        "graphqlParentUri": "camera/135672",
        "routeDesignator": "CO 115",
        "lastUpdatedTimestamp": 1773274537000
      }
    },
    {
      "type": "Feature",
      "geometry": null,
      "properties": {
        "id": "115S01485CAM1SWC",
        "title": "CO 115 MP 014.85 SB at Marilyn Dr/Broadway St in Penrose",
        "snapshotUrl": "https://cocam.carsprogram.org/Snapshots/115S01485CAM1SWC.flv.png",
        "streamUrl": "https://publicstreamer1.cotrip.org:443/rtplive/115S01485CAM1SWC/playlist.m3u8",
        "cameraCode": "115S01485CAM1SWC",
        "source": "COtrip",
        "state": "Colorado",
        "graphqlUri": "camera/136532/3074311619",
        "graphqlParentUri": "camera/136532",
        "routeDesignator": "CO 115",
        "lastUpdatedTimestamp": 1773274739000
      }
    },
    {
      "type": "Feature",
      "geometry": null,
      "properties": {
        "id": "114W06150CAM1RHS",
        "title": "CO 114 MP 061.50 WB : 0.2 mi W of 8th St/US 285 Saguache",
        "snapshotUrl": "https://cocam.carsprogram.org/Snapshots/114W06150CAM1RHS.flv.png",
        "streamUrl": "https://publicstreamer2.cotrip.org:443/rtplive/114W06150CAM1RHS/playlist.m3u8",
        "cameraCode": "114W06150CAM1RHS",
        "source": "COtrip",
        "state": "Colorado",
        "graphqlUri": "camera/135767/1937066559",
        "graphqlParentUri": "camera/135767",
        "routeDesignator": "CO 114",
        "lastUpdatedTimestamp": 1773274766000
      }
    },
    {
      "type": "Feature",
      "geometry": null,
      "properties": {
        "id": "095S00980CAM1SWC",
        "title": "CO-95 MP 009.80 SB at I-76 EB Ramp to Sheridan Blvd",
        "snapshotUrl": "https://cocam.carsprogram.org/Snapshots/095S00980CAM1SWC.flv.png",
        "streamUrl": "https://publicstreamer1.cotrip.org:443/rtplive/095S00980CAM1SWC/playlist.m3u8",
        "cameraCode": "095S00980CAM1SWC",
        "source": "COtrip",
        "state": "Colorado",
        "graphqlUri": "camera/136457/4153021611",
        "graphqlParentUri": "camera/136457",
        "routeDesignator": "CO 95/Sheridan Boulevard",
        "lastUpdatedTimestamp": 1773274689000
      }
    },
    {
      "type": "Feature",
      "geometry": null,
      "properties": {
        "id": "094E00810CAM1SEC",
        "title": "CO 94 MP 008.10 EB at N Curtis Rd in Colorado Springs",
        "snapshotUrl": "https://cocam.carsprogram.org/Snapshots/094E00810CAM1SEC.flv.png",
        "streamUrl": "https://publicstreamer1.cotrip.org:443/rtplive/094E00810CAM1SEC/playlist.m3u8",
        "cameraCode": "094E00810CAM1SEC",
        "source": "COtrip",
        "state": "Colorado",
        "graphqlUri": "camera/136490/3991426268",
        "graphqlParentUri": "camera/136490",
        "routeDesignator": "CO 94",
        "lastUpdatedTimestamp": 1773274711000
      }
    },
    {
      "type": "Feature",
      "geometry": null,
      "properties": {
        "id": "094W00100CAM1NWC",
        "title": "CO 94 MP 001.00 WB at Marksheffel Rd in Colorado Springs",
        "snapshotUrl": "https://cocam.carsprogram.org/Snapshots/094W00100CAM1NWC.flv.png",
        "streamUrl": "https://publicstreamer1.cotrip.org:443/rtplive/094W00100CAM1NWC/playlist.m3u8",
        "cameraCode": "094W00100CAM1NWC",
        "source": "COtrip",
        "state": "Colorado",
        "graphqlUri": "camera/136392/3354813632",
        "graphqlParentUri": "camera/136392",
        "routeDesignator": "CO 94",
        "lastUpdatedTimestamp": 1773274685000
      }
    },
    {
      "type": "Feature",
      "geometry": null,
      "properties": {
        "id": "093N01365CAM1NEC",
        "title": "CO 93 MP 013.65 NB at Eldorado Springs Dr/CO 170",
        "snapshotUrl": "https://cocam.carsprogram.org/Snapshots/093N01365CAM1NEC.flv.png",
        "streamUrl": "https://publicstreamer4.cotrip.org:443/rtplive/093N01365CAM1NEC/playlist.m3u8",
        "cameraCode": "093N01365CAM1NEC",
        "source": "COtrip",
        "state": "Colorado",
        "graphqlUri": "camera/136061/919655011",
        "graphqlParentUri": "camera/136061",
        "routeDesignator": "CO 93",
        "lastUpdatedTimestamp": 1773274743000
      }
    },
    {
      "type": "Feature",
      "geometry": null,
      "properties": {
        "id": "093N01180CAM1NEC",
        "title": "CO-93 MP 011.80 NB at CO-128",
        "snapshotUrl": "https://cocam.carsprogram.org/Snapshots/093N01180CAM1NEC.flv.png",
        "streamUrl": "https://publicstreamer1.cotrip.org:443/rtplive/093N01180CAM1NEC/playlist.m3u8",
        "cameraCode": "093N01180CAM1NEC",
        "source": "COtrip",
        "state": "Colorado",
        "graphqlUri": "camera/136455/3837388422",
        "graphqlParentUri": "camera/136455",
        "routeDesignator": "CO 93",
        "lastUpdatedTimestamp": 1773274687000
      }
    },
    {
      "type": "Feature",
      "geometry": null,
      "properties": {
        "id": "093S01040CAM1RHS",
        "title": "CO 93 MP 010.40 SB : 1.7 miles S of CO 128 in Golden",
        "snapshotUrl": "https://cocam.carsprogram.org/Snapshots/093S01040CAM1RHS.flv.png",
        "streamUrl": "https://publicstreamer2.cotrip.org:443/rtplive/093S01040CAM1RHS/playlist.m3u8",
        "cameraCode": "093S01040CAM1RHS",
        "source": "COtrip",
        "state": "Colorado",
        "graphqlUri": "camera/135648/3052803929",
        "graphqlParentUri": "camera/135648",
        "routeDesignator": "CO 93",
        "lastUpdatedTimestamp": 1773274797000
      }
    },
    {
      "type": "Feature",
      "geometry": null,
      "properties": {
        "id": "093S00880CAM1SWC",
        "title": "CO 93 MP 008.80 SB at Westgate Rd in Golden",
        "snapshotUrl": "https://cocam.carsprogram.org/Snapshots/093S00880CAM1SWC.flv.png",
        "streamUrl": "https://publicstreamer3.cotrip.org:443/rtplive/093S00880CAM1SWC/playlist.m3u8",
        "cameraCode": "093S00880CAM1SWC",
        "source": "COtrip",
        "state": "Colorado",
        "graphqlUri": "camera/135870/1077212668",
        "graphqlParentUri": "camera/135870",
        "routeDesignator": "CO 93",
        "lastUpdatedTimestamp": 1773274707000
      }
    },
    {
      "type": "Feature",
      "geometry": null,
      "properties": {
        "id": "093S00755CAM1SWC",
        "title": "CO 93 MP 007.55 SB at Coal Creek Canyon Rd/CO 72",
        "snapshotUrl": "https://cocam.carsprogram.org/Snapshots/093S00755CAM1SWC.flv.png",
        "streamUrl": "https://publicstreamer1.cotrip.org:443/rtplive/093S00755CAM1SWC/playlist.m3u8",
        "cameraCode": "093S00755CAM1SWC",
        "source": "COtrip",
        "state": "Colorado",
        "graphqlUri": "camera/136389/4288128476",
        "graphqlParentUri": "camera/136389",
        "routeDesignator": "CO 93",
        "lastUpdatedTimestamp": 1773274684000
      }
    },
    {
      "type": "Feature",
      "geometry": null,
      "properties": {
        "id": "093N00685CAM1RHS",
        "title": "CO 93 MP 006.85 NB : 0.8 miles S of Coal Creek Canyon Rd/CO 72",
        "snapshotUrl": "/images/icon-camera-closed-fill-solid-padded.svg",
        "streamUrl": "https://publicstreamer1.cotrip.org:443/rtplive/093N00685CAM1RHS/playlist.m3u8",
        "cameraCode": "093N00685CAM1RHS",
        "source": "COtrip",
        "state": "Colorado",
        "graphqlUri": "camera/136346/353791872",
        "graphqlParentUri": "camera/136346",
        "routeDesignator": "CO 93",
        "lastUpdatedTimestamp": 1770200486000
      }
    },
    {
      "type": "Feature",
      "geometry": null,
      "properties": {
        "id": "093S00415CAM1NWC",
        "title": "CO-93 MP 004.15 SB at W 64th Pkwy",
        "snapshotUrl": "https://cocam.carsprogram.org/Snapshots/093S00415CAM1NWC.flv.png",
        "streamUrl": "https://publicstreamer1.cotrip.org:443/rtplive/093S00415CAM1NWC/playlist.m3u8",
        "cameraCode": "093S00415CAM1NWC",
        "source": "COtrip",
        "state": "Colorado",
        "graphqlUri": "camera/136454/904506869",
        "graphqlParentUri": "camera/136454",
        "routeDesignator": "CO 93",
        "lastUpdatedTimestamp": 1773274686000
      }
    },
    {
      "type": "Feature",
      "geometry": null,
      "properties": {
        "id": "093N00380CAM1RHS",
        "title": "CO 93 MP 003.80 NB : 0.5 miles S of W 64th Pkwy in Golden",
        "snapshotUrl": "https://cocam.carsprogram.org/Snapshots/093N00380CAM1RHS.flv.png",
        "streamUrl": "https://publicstreamer4.cotrip.org:443/rtplive/093N00380CAM1RHS/playlist.m3u8",
        "cameraCode": "093N00380CAM1RHS",
        "source": "COtrip",
        "state": "Colorado",
        "graphqlUri": "camera/136153/1165217506",
        "graphqlParentUri": "camera/136153",
        "routeDesignator": "CO 93",
        "lastUpdatedTimestamp": 1773274730000
      }
    },
    {
      "type": "Feature",
      "geometry": null,
      "properties": {
        "id": "093N00305CAM1NEC",
        "title": "CO-93 MP 003.05 NB at W 58th Ave",
        "snapshotUrl": "https://cocam.carsprogram.org/Snapshots/093N00305CAM1NEC.flv.png",
        "streamUrl": "https://publicstreamer1.cotrip.org:443/rtplive/093N00305CAM1NEC/playlist.m3u8",
        "cameraCode": "093N00305CAM1NEC",
        "source": "COtrip",
        "state": "Colorado",
        "graphqlUri": "camera/136453/4036869574",
        "graphqlParentUri": "camera/136453",
        "routeDesignator": "CO 93",
        "lastUpdatedTimestamp": 1773274686000
      }
    },
    {
      "type": "Feature",
      "geometry": null,
      "properties": {
        "id": "093N00250CAM1RHS",
        "title": "CO 93 MP 002.50 NB : 0.6 miles S of W 56th Ave in Golden",
        "snapshotUrl": "https://cocam.carsprogram.org/Snapshots/093N00250CAM1RHS.flv.png",
        "streamUrl": "https://publicstreamer3.cotrip.org:443/rtplive/093N00250CAM1RHS/playlist.m3u8",
        "cameraCode": "093N00250CAM1RHS",
        "source": "COtrip",
        "state": "Colorado",
        "graphqlUri": "camera/135901/4223681963",
        "graphqlParentUri": "camera/135901",
        "routeDesignator": "CO 93",
        "lastUpdatedTimestamp": 1773274722000
      }
    },
    {
      "type": "Feature",
      "geometry": null,
      "properties": {
        "id": "093S00125CAM1NWC",
        "title": "CO-93 MP 001.25 SB at Golden Gate Canyon Rd",
        "snapshotUrl": "https://cocam.carsprogram.org/Snapshots/093S00125CAM1NWC.flv.png",
        "streamUrl": "https://publicstreamer1.cotrip.org:443/rtplive/093S00125CAM1NWC/playlist.m3u8",
        "cameraCode": "093S00125CAM1NWC",
        "source": "COtrip",
        "state": "Colorado",
        "graphqlUri": "camera/136452/836867153",
        "graphqlParentUri": "camera/136452",
        "routeDesignator": "CO 93",
        "lastUpdatedTimestamp": 1773274686000
      }
    },
    {
      "type": "Feature",
      "geometry": null,
      "properties": {
        "id": "093S00085CAM1NWC",
        "title": "CO-93 MP 000.85 SB at Washington Ave",
        "snapshotUrl": "https://cocam.carsprogram.org/Snapshots/093S00085CAM1NWC.flv.png",
        "streamUrl": "https://publicstreamer1.cotrip.org:443/rtplive/093S00085CAM1NWC/playlist.m3u8",
        "cameraCode": "093S00085CAM1NWC",
        "source": "COtrip",
        "state": "Colorado",
        "graphqlUri": "camera/136451/132100622",
        "graphqlParentUri": "camera/136451",
        "routeDesignator": "CO 93",
        "lastUpdatedTimestamp": 1773274685000
      }
    },
    {
      "type": "Feature",
      "geometry": null,
      "properties": {
        "id": "093N00070CAM1NEC",
        "title": "CO-93 MP 000.70 NB at Iowa Dr",
        "snapshotUrl": "https://cocam.carsprogram.org/Snapshots/093N00070CAM1NEC.flv.png",
        "streamUrl": "https://publicstreamer1.cotrip.org:443/rtplive/093N00070CAM1NEC/playlist.m3u8",
        "cameraCode": "093N00070CAM1NEC",
        "source": "COtrip",
        "state": "Colorado",
        "graphqlUri": "camera/136473/1333401749",
        "graphqlParentUri": "camera/136473",
        "routeDesignator": "CO 93",
        "lastUpdatedTimestamp": 1773274699000
      }
    },
    {
      "type": "Feature",
      "geometry": null,
      "properties": {
        "id": "091N02220CAM1SEC",
        "title": "CO 91 MP 022.20 NB at Copper Rd in Copper Mountain",
        "snapshotUrl": "https://cocam.carsprogram.org/Snapshots/091N02220CAM1SEC.flv.png",
        "streamUrl": "https://publicstreamer3.cotrip.org:443/rtplive/091N02220CAM1SEC/playlist.m3u8",
        "cameraCode": "091N02220CAM1SEC",
        "source": "COtrip",
        "state": "Colorado",
        "graphqlUri": "camera/135961/4003079107",
        "graphqlParentUri": "camera/135961",
        "routeDesignator": "CO 91",
        "lastUpdatedTimestamp": 1773274696000
      }
    },
    {
      "type": "Feature",
      "geometry": null,
      "properties": {
        "id": "088E02165CAM1SWC",
        "title": "CO-88 MP 021.65 EB at S Parker Rd/CO-83 Centennial",
        "snapshotUrl": "https://cocam.carsprogram.org/Snapshots/088E02165CAM1SWC.flv.png",
        "streamUrl": "https://publicstreamer1.cotrip.org:443/rtplive/088E02165CAM1SWC/playlist.m3u8",
        "cameraCode": "088E02165CAM1SWC",
        "source": "COtrip",
        "state": "Colorado",
        "graphqlUri": "camera/136449/1494240759",
        "graphqlParentUri": "camera/136449",
        "routeDesignator": "CO 88",
        "lastUpdatedTimestamp": 1773274684000
      }
    },
    {
      "type": "Feature",
      "geometry": null,
      "properties": {
        "id": "088W02050CAM1NWC",
        "title": "CO-88 MP 020.50 WB at S Jordan Rd",
        "snapshotUrl": "https://cocam.carsprogram.org/Snapshots/088W02050CAM1NWC.flv.png",
        "streamUrl": "https://publicstreamer1.cotrip.org:443/rtplive/088W02050CAM1NWC/playlist.m3u8",
        "cameraCode": "088W02050CAM1NWC",
        "source": "COtrip",
        "state": "Colorado",
        "graphqlUri": "camera/136448/3922604729",
        "graphqlParentUri": "camera/136448",
        "routeDesignator": "CO 88",
        "lastUpdatedTimestamp": 1773274684000
      }
    },
    {
      "type": "Feature",
      "geometry": null,
      "properties": {
        "id": "088E02000CAM1SEC",
        "title": "CO-88 MP 020.00 EB at S Potomac St",
        "snapshotUrl": "https://cocam.carsprogram.org/Snapshots/088E02000CAM1SEC.flv.png",
        "streamUrl": "https://publicstreamer1.cotrip.org:443/rtplive/088E02000CAM1SEC/playlist.m3u8",
        "cameraCode": "088E02000CAM1SEC",
        "source": "COtrip",
        "state": "Colorado",
        "graphqlUri": "camera/136447/3517727752",
        "graphqlParentUri": "camera/136447",
        "routeDesignator": "CO 88",
        "lastUpdatedTimestamp": 1773274683000
      }
    },
    {
      "type": "Feature",
      "geometry": null,
      "properties": {
        "id": "088E01950CAM1SEC",
        "title": "CO-88 MP 019.50 EB at S Revere Pkwy",
        "snapshotUrl": "https://cocam.carsprogram.org/Snapshots/088E01950CAM1SEC.flv.png",
        "streamUrl": "https://publicstreamer1.cotrip.org:443/rtplive/088E01950CAM1SEC/playlist.m3u8",
        "cameraCode": "088E01950CAM1SEC",
        "source": "COtrip",
        "state": "Colorado",
        "graphqlUri": "camera/136446/481776301",
        "graphqlParentUri": "camera/136446",
        "routeDesignator": "CO 88",
        "lastUpdatedTimestamp": 1773274683000
      }
    },
    {
      "type": "Feature",
      "geometry": null,
      "properties": {
        "id": "088E01905CAM1SEC",
        "title": "CO-88 MP 019.05 EB at S Peoria St",
        "snapshotUrl": "https://cocam.carsprogram.org/Snapshots/088E01905CAM1SEC.flv.png",
        "streamUrl": "https://publicstreamer1.cotrip.org:443/rtplive/088E01905CAM1SEC/playlist.m3u8",
        "cameraCode": "088E01905CAM1SEC",
        "source": "COtrip",
        "state": "Colorado",
        "graphqlUri": "camera/136445/3327639788",
        "graphqlParentUri": "camera/136445",
        "routeDesignator": "CO 88",
        "lastUpdatedTimestamp": 1773274683000
      }
    },
    {
      "type": "Feature",
      "geometry": null,
      "properties": {
        "id": "088E01850CAM1SWC",
        "title": "CO-88 MP 018.50 EB at S Lima St",
        "snapshotUrl": "https://cocam.carsprogram.org/Snapshots/088E01850CAM1SWC.flv.png",
        "streamUrl": "https://publicstreamer1.cotrip.org:443/rtplive/088E01850CAM1SWC/playlist.m3u8",
        "cameraCode": "088E01850CAM1SWC",
        "source": "COtrip",
        "state": "Colorado",
        "graphqlUri": "camera/136444/2981040100",
        "graphqlParentUri": "camera/136444",
        "routeDesignator": "CO 88",
        "lastUpdatedTimestamp": 1773274682000
      }
    },
    {
      "type": "Feature",
      "geometry": null,
      "properties": {
        "id": "088W01735CAM1NWC",
        "title": "CO-88 MP 017.35 WB at S Dayton St",
        "snapshotUrl": "https://cocam.carsprogram.org/Snapshots/088W01735CAM1NWC.flv.png",
        "streamUrl": "https://publicstreamer1.cotrip.org:443/rtplive/088W01735CAM1NWC/playlist.m3u8",
        "cameraCode": "088W01735CAM1NWC",
        "source": "COtrip",
        "state": "Colorado",
        "graphqlUri": "camera/136443/514170618",
        "graphqlParentUri": "camera/136443",
        "routeDesignator": "CO 88",
        "lastUpdatedTimestamp": 1773274682000
      }
    },
    {
      "type": "Feature",
      "geometry": null,
      "properties": {
        "id": "088W01715CAM1NEC",
        "title": "CO-88 MP 017.15 WB at S Boston St/S Clinton St TSG",
        "snapshotUrl": "https://cocam.carsprogram.org/Snapshots/088W01715CAM1NEC.flv.png",
        "streamUrl": "https://publicstreamer1.cotrip.org:443/rtplive/088W01715CAM1NEC/playlist.m3u8",
        "cameraCode": "088W01715CAM1NEC",
        "source": "COtrip",
        "state": "Colorado",
        "graphqlUri": "camera/136442/1624239388",
        "graphqlParentUri": "camera/136442",
        "routeDesignator": "CO 88",
        "lastUpdatedTimestamp": 1773274681000
      }
    },
    {
      "type": "Feature",
      "geometry": null,
      "properties": {
        "id": "088W01700CAM1NWC",
        "title": "CO-88 MP 17.00 WB at E Arapahoe Rd NB I-25 Ramp",
        "snapshotUrl": "https://cocam.carsprogram.org/Snapshots/088W01700CAM1NWC.flv.png",
        "streamUrl": "https://publicstreamer1.cotrip.org:443/rtplive/088W01700CAM1NWC/playlist.m3u8",
        "cameraCode": "088W01700CAM1NWC",
        "source": "COtrip",
        "state": "Colorado",
        "graphqlUri": "camera/136450/2474100610",
        "graphqlParentUri": "camera/136450",
        "routeDesignator": "CO 88",
        "lastUpdatedTimestamp": 1773274685000
      }
    },
    {
      "type": "Feature",
      "geometry": null,
      "properties": {
        "id": "088E01465CAM1SEC",
        "title": "CO-88 MP 014.65 EB at S Quebec St",
        "snapshotUrl": "https://cocam.carsprogram.org/Snapshots/088E01465CAM1SEC.flv.png",
        "streamUrl": "https://publicstreamer1.cotrip.org:443/rtplive/088E01465CAM1SEC/playlist.m3u8",
        "cameraCode": "088E01465CAM1SEC",
        "source": "COtrip",
        "state": "Colorado",
        "graphqlUri": "camera/136441/3680030850",
        "graphqlParentUri": "camera/136441",
        "routeDesignator": "CO 88",
        "lastUpdatedTimestamp": 1773274681000
      }
    },
    {
      "type": "Feature",
      "geometry": null,
      "properties": {
        "id": "088E01420CAM1SWC",
        "title": "CO-88 MP 014.20 EB at S Monaco St",
        "snapshotUrl": "https://cocam.carsprogram.org/Snapshots/088E01420CAM1SWC.flv.png",
        "streamUrl": "https://publicstreamer1.cotrip.org:443/rtplive/088E01420CAM1SWC/playlist.m3u8",
        "cameraCode": "088E01420CAM1SWC",
        "source": "COtrip",
        "state": "Colorado",
        "graphqlUri": "camera/136440/3217357735",
        "graphqlParentUri": "camera/136440",
        "routeDesignator": "CO 88",
        "lastUpdatedTimestamp": 1773274681000
      }
    },
    {
      "type": "Feature",
      "geometry": null,
      "properties": {
        "id": "088E01365CAM1SEC",
        "title": "CO-88 MP 013.65 EB at S Holly St",
        "snapshotUrl": "https://cocam.carsprogram.org/Snapshots/088E01365CAM1SEC.flv.png",
        "streamUrl": "https://publicstreamer1.cotrip.org:443/rtplive/088E01365CAM1SEC/playlist.m3u8",
        "cameraCode": "088E01365CAM1SEC",
        "source": "COtrip",
        "state": "Colorado",
        "graphqlUri": "camera/136439/3697507902",
        "graphqlParentUri": "camera/136439",
        "routeDesignator": "CO 88",
        "lastUpdatedTimestamp": 1773274680000
      }
    },
    {
      "type": "Feature",
      "geometry": null,
      "properties": {
        "id": "088E01155CAM1SEC",
        "title": "CO-88 MP 011.55 EB at S University Blvd",
        "snapshotUrl": "https://cocam.carsprogram.org/Snapshots/088E01155CAM1SEC.flv.png",
        "streamUrl": "https://publicstreamer1.cotrip.org:443/rtplive/088E01155CAM1SEC/playlist.m3u8",
        "cameraCode": "088E01155CAM1SEC",
        "source": "COtrip",
        "state": "Colorado",
        "graphqlUri": "camera/136438/1258688958",
        "graphqlParentUri": "camera/136438",
        "routeDesignator": "CO 88",
        "lastUpdatedTimestamp": 1773274680000
      }
    },
    {
      "type": "Feature",
      "geometry": null,
      "properties": {
        "id": "088E00605CAM1SWC",
        "title": "CO-88 MP 006.05 EB at NB US-285 Ramp to S Federal Blvd",
        "snapshotUrl": "https://cocam.carsprogram.org/Snapshots/088E00605CAM1SWC.flv.png",
        "streamUrl": "https://publicstreamer1.cotrip.org:443/rtplive/088E00605CAM1SWC/playlist.m3u8",
        "cameraCode": "088E00605CAM1SWC",
        "source": "COtrip",
        "state": "Colorado",
        "graphqlUri": "camera/136437/3188389577",
        "graphqlParentUri": "camera/136437",
        "routeDesignator": "CO 88",
        "lastUpdatedTimestamp": 1773274679000
      }
    },
    {
      "type": "Feature",
      "geometry": null,
      "properties": {
        "id": "088W00595CAM1NEC",
        "title": "CO-88 MP 005.95 WB at W Hampden Ave",
        "snapshotUrl": "https://cocam.carsprogram.org/Snapshots/088W00595CAM1NEC.flv.png",
        "streamUrl": "https://publicstreamer1.cotrip.org:443/rtplive/088W00595CAM1NEC/playlist.m3u8",
        "cameraCode": "088W00595CAM1NEC",
        "source": "COtrip",
        "state": "Colorado",
        "graphqlUri": "camera/136436/3796518320",
        "graphqlParentUri": "camera/136436",
        "routeDesignator": "CO 88",
        "lastUpdatedTimestamp": 1773274679000
      }
    },
    {
      "type": "Feature",
      "geometry": null,
      "properties": {
        "id": "086W10100CAM1NWC",
        "title": "CO-86 MP 101.00 WB at Woodlands Blvd Castle Rock",
        "snapshotUrl": "https://cocam.carsprogram.org/Snapshots/086W10100CAM1NWC.flv.png",
        "streamUrl": "https://publicstreamer1.cotrip.org:443/rtplive/086W10100CAM1NWC/playlist.m3u8",
        "cameraCode": "086W10100CAM1NWC",
        "source": "COtrip",
        "state": "Colorado",
        "graphqlUri": "camera/136435/558732491",
        "graphqlParentUri": "camera/136435",
        "routeDesignator": "CO 86",
        "lastUpdatedTimestamp": 1773274679000
      }
    },
    {
      "type": "Feature",
      "geometry": null,
      "properties": {
        "id": "086W10065CAM1NEC",
        "title": "CO-86 MP 100.65 WB at Trail Boss Dr Castle Rock",
        "snapshotUrl": "https://cocam.carsprogram.org/Snapshots/086W10065CAM1NEC.flv.png",
        "streamUrl": "https://publicstreamer1.cotrip.org:443/rtplive/086W10065CAM1NEC/playlist.m3u8",
        "cameraCode": "086W10065CAM1NEC",
        "source": "COtrip",
        "state": "Colorado",
        "graphqlUri": "camera/136434/2579541835",
        "graphqlParentUri": "camera/136434",
        "routeDesignator": "CO 86",
        "lastUpdatedTimestamp": 1773274678000
      }
    },
    {
      "type": "Feature",
      "geometry": null,
      "properties": {
        "id": "083N06585CAM1SEC",
        "title": "CO-83 MP 065.85 NB at S Lewiston Way Centennial",
        "snapshotUrl": "https://cocam.carsprogram.org/Snapshots/083N06585CAM1SEC.flv.png",
        "streamUrl": "https://publicstreamer1.cotrip.org:443/rtplive/083N06585CAM1SEC/playlist.m3u8",
        "cameraCode": "083N06585CAM1SEC",
        "source": "COtrip",
        "state": "Colorado",
        "graphqlUri": "camera/136424/3567420747",
        "graphqlParentUri": "camera/136424",
        "routeDesignator": "CO 83",
        "lastUpdatedTimestamp": 1773274701000
      }
    },
    {
      "type": "Feature",
      "geometry": null,
      "properties": {
        "id": "083N06480CAM1SEC",
        "title": "CO-83 MP 064.80 NB at S Chambers Way Aurora",
        "snapshotUrl": "https://cocam.carsprogram.org/Snapshots/083N06480CAM1SEC.flv.png",
        "streamUrl": "https://publicstreamer1.cotrip.org:443/rtplive/083N06480CAM1SEC/playlist.m3u8",
        "cameraCode": "083N06480CAM1SEC",
        "source": "COtrip",
        "state": "Colorado",
        "graphqlUri": "camera/136423/1286676312",
        "graphqlParentUri": "camera/136423",
        "routeDesignator": "CO 83",
        "lastUpdatedTimestamp": 1773274701000
      }
    },
    {
      "type": "Feature",
      "geometry": null,
      "properties": {
        "id": "083S05535CAM1SWC",
        "title": "CO 83 MP 055.35 SB at N Pinery Pkwy in Parker",
        "snapshotUrl": "https://cocam.carsprogram.org/Snapshots/083S05535CAM1SWC.flv.png",
        "streamUrl": "https://publicstreamer4.cotrip.org:443/rtplive/083S05535CAM1SWC/playlist.m3u8",
        "cameraCode": "083S05535CAM1SWC",
        "source": "COtrip",
        "state": "Colorado",
        "graphqlUri": "camera/136197/546104697",
        "graphqlParentUri": "camera/136197",
        "routeDesignator": "CO 83",
        "lastUpdatedTimestamp": 1773274753000
      }
    },
    {
      "type": "Feature",
      "geometry": null,
      "properties": {
        "id": "074E00450CAM1SEC",
        "title": "CO 74 MP 004.50 EB at Lewis Ridge Rd in Evergreen",
        "snapshotUrl": "https://cocam.carsprogram.org/Snapshots/074E00450CAM1SEC.flv.png",
        "streamUrl": "https://publicstreamer4.cotrip.org:443/rtplive/074E00450CAM1SEC/playlist.m3u8",
        "cameraCode": "074E00450CAM1SEC",
        "source": "COtrip",
        "state": "Colorado",
        "graphqlUri": "camera/136194/1075034701",
        "graphqlParentUri": "camera/136194",
        "routeDesignator": "CO 74",
        "lastUpdatedTimestamp": 1773274751000
      }
    },
    {
      "type": "Feature",
      "geometry": null,
      "properties": {
        "id": "074E00335CAM1NEC",
        "title": "CO 74 MP 003.35 EB at S Bergen Pkwy in Evergreen",
        "snapshotUrl": "https://cocam.carsprogram.org/Snapshots/074E00335CAM1NEC.flv.png",
        "streamUrl": "https://publicstreamer4.cotrip.org:443/rtplive/074E00335CAM1NEC/playlist.m3u8",
        "cameraCode": "074E00335CAM1NEC",
        "source": "COtrip",
        "state": "Colorado",
        "graphqlUri": "camera/136195/2118316505",
        "graphqlParentUri": "camera/136195",
        "routeDesignator": "CO 74",
        "lastUpdatedTimestamp": 1773274751000
      }
    },
    {
      "type": "Feature",
      "geometry": null,
      "properties": {
        "id": "074E00290CAM1NEC",
        "title": "CO-74 MP 002.85 EB at Squaw Pass Rd/CR-66 Evergreen",
        "snapshotUrl": "https://cocam.carsprogram.org/Snapshots/074E00290CAM1NEC.flv.png",
        "streamUrl": "https://publicstreamer1.cotrip.org:443/rtplive/074E00290CAM1NEC/playlist.m3u8",
        "cameraCode": "074E00290CAM1NEC",
        "source": "COtrip",
        "state": "Colorado",
        "graphqlUri": "camera/136378/3530769715",
        "graphqlParentUri": "camera/136378",
        "routeDesignator": "CO 74",
        "lastUpdatedTimestamp": 1773274678000
      }
    },
    {
      "type": "Feature",
      "geometry": null,
      "properties": {
        "id": "072E00625CAM1SWC",
        "title": "CO-72 MP 006.25 WB at W 86th Pkwy",
        "snapshotUrl": "https://cocam.carsprogram.org/Snapshots/072E00625CAM1SWC.flv.png",
        "streamUrl": "https://publicstreamer1.cotrip.org:443/rtplive/072E00625CAM1SWC/playlist.m3u8",
        "cameraCode": "072E00625CAM1SWC",
        "source": "COtrip",
        "state": "Colorado",
        "graphqlUri": "camera/136433/1709875027",
        "graphqlParentUri": "camera/136433",
        "routeDesignator": "CO 72",
        "lastUpdatedTimestamp": 1773274678000
      }
    },
    {
      "type": "Feature",
      "geometry": null,
      "properties": {
        "id": "072W00590CAM1NEC",
        "title": "CO-72 MP 005.90 WB at W 80th Ave",
        "snapshotUrl": "https://cocam.carsprogram.org/Snapshots/072W00590CAM1NEC.flv.png",
        "streamUrl": "https://publicstreamer1.cotrip.org:443/rtplive/072W00590CAM1NEC/playlist.m3u8",
        "cameraCode": "072W00590CAM1NEC",
        "source": "COtrip",
        "state": "Colorado",
        "graphqlUri": "camera/136432/188532223",
        "graphqlParentUri": "camera/136432",
        "routeDesignator": "CO 72",
        "lastUpdatedTimestamp": 1773274677000
      }
    },
    {
      "type": "Feature",
      "geometry": null,
      "properties": {
        "id": "072W00465CAM1NEC",
        "title": "CO-72 MP 004.65 WB at W 72nd Ave",
        "snapshotUrl": "https://cocam.carsprogram.org/Snapshots/072W00465CAM1NEC.flv.png",
        "streamUrl": "https://publicstreamer1.cotrip.org:443/rtplive/072W00465CAM1NEC/playlist.m3u8",
        "cameraCode": "072W00465CAM1NEC",
        "source": "COtrip",
        "state": "Colorado",
        "graphqlUri": "camera/136431/2379517167",
        "graphqlParentUri": "camera/136431",
        "routeDesignator": "CO 72",
        "lastUpdatedTimestamp": 1773274677000
      }
    },
    {
      "type": "Feature",
      "geometry": null,
      "properties": {
        "id": "072E00365CAM1SEC",
        "title": "CO 72 MP 003.65 EB at Indiana St",
        "snapshotUrl": "https://cocam.carsprogram.org/Snapshots/072E00365CAM1SEC.flv.png",
        "streamUrl": "https://publicstreamer1.cotrip.org:443/rtplive/072E00365CAM1SEC/playlist.m3u8",
        "cameraCode": "072E00365CAM1SEC",
        "source": "COtrip",
        "state": "Colorado",
        "graphqlUri": "camera/136430/611379518",
        "graphqlParentUri": "camera/136430",
        "routeDesignator": "CO 72",
        "lastUpdatedTimestamp": 1773274676000
      }
    },
    {
      "type": "Feature",
      "geometry": null,
      "properties": {
        "id": "072W00325CAM1NEC",
        "title": "CO-72 MP 003.25 WB at Eldridge St",
        "snapshotUrl": "https://cocam.carsprogram.org/Snapshots/072W00325CAM1NEC.flv.png",
        "streamUrl": "https://publicstreamer1.cotrip.org:443/rtplive/072W00325CAM1NEC/playlist.m3u8",
        "cameraCode": "072W00325CAM1NEC",
        "source": "COtrip",
        "state": "Colorado",
        "graphqlUri": "camera/136429/3697521425",
        "graphqlParentUri": "camera/136429",
        "routeDesignator": "CO 72",
        "lastUpdatedTimestamp": 1773274703000
      }
    },
    {
      "type": "Feature",
      "geometry": null,
      "properties": {
        "id": "072W00235CAM1SEC",
        "title": "CO-72 MP 002.35 WB at W 64th Ave",
        "snapshotUrl": "https://cocam.carsprogram.org/Snapshots/072W00235CAM1SEC.flv.png",
        "streamUrl": "https://publicstreamer1.cotrip.org:443/rtplive/072W00235CAM1SEC/playlist.m3u8",
        "cameraCode": "072W00235CAM1SEC",
        "source": "COtrip",
        "state": "Colorado",
        "graphqlUri": "camera/136428/493406237",
        "graphqlParentUri": "camera/136428",
        "routeDesignator": "CO 72",
        "lastUpdatedTimestamp": 1773274703000
      }
    },
    {
      "type": "Feature",
      "geometry": null,
      "properties": {
        "id": "072W00080CAM1NEC",
        "title": "CO 72 MP 000.80 WB at W 52nd Ave",
        "snapshotUrl": "https://cocam.carsprogram.org/Snapshots/072W00080CAM1NEC.flv.png",
        "streamUrl": "https://publicstreamer4.cotrip.org:443/rtplive/072W00080CAM1NEC/playlist.m3u8",
        "cameraCode": "072W00080CAM1NEC",
        "source": "COtrip",
        "state": "Colorado",
        "graphqlUri": "camera/136209/3019046063",
        "graphqlParentUri": "camera/136209",
        "routeDesignator": "CO 72",
        "lastUpdatedTimestamp": 1773274678000
      }
    },
    {
      "type": "Feature",
      "geometry": null,
      "properties": {
        "id": "072W00030CAM1SEC",
        "title": "CO 72 MP 000.30 WB at W 48th Ave/W I-70 Frontage Rd N",
        "snapshotUrl": "https://cocam.carsprogram.org/Snapshots/072W00030CAM1SEC.flv.png",
        "streamUrl": "https://publicstreamer1.cotrip.org:443/rtplive/072W00030CAM1SEC/playlist.m3u8",
        "cameraCode": "072W00030CAM1SEC",
        "source": "COtrip",
        "state": "Colorado",
        "graphqlUri": "camera/136421/2914327512",
        "graphqlParentUri": "camera/136421",
        "routeDesignator": "CO 72",
        "lastUpdatedTimestamp": 1773274699000
      }
    },
    {
      "type": "Feature",
      "geometry": null,
      "properties": {
        "id": "021S13660CAM1SWC",
        "title": "CO 21 MP 136.60 SB at Grinnell Blvd in Colorado Springs",
        "snapshotUrl": "https://cocam.carsprogram.org/Snapshots/021S13660CAM1SWC.flv.png",
        "streamUrl": "https://publicstreamer1.cotrip.org:443/rtplive/021S13660CAM1SWC/playlist.m3u8",
        "cameraCode": "021S13660CAM1SWC",
        "source": "COtrip",
        "state": "Colorado",
        "graphqlUri": "camera/136477/1081536120",
        "graphqlParentUri": "camera/136477",
        "routeDesignator": "CO 21/Powers Boulevard",
        "lastUpdatedTimestamp": 1773274701000
      }
    },
    {
      "type": "Feature",
      "geometry": null,
      "properties": {
        "id": "021S13455CAM1NWC",
        "title": "CO 21 MP 134.55 SB at Bradley Rd in Colorado Springs",
        "snapshotUrl": "https://cocam.carsprogram.org/Snapshots/021S13455CAM1NWC.flv.png",
        "streamUrl": "https://publicstreamer1.cotrip.org:443/rtplive/021S13455CAM1NWC/playlist.m3u8",
        "cameraCode": "021S13455CAM1NWC",
        "source": "COtrip",
        "state": "Colorado",
        "graphqlUri": "camera/136478/271325450",
        "graphqlParentUri": "camera/136478",
        "routeDesignator": "CO 21/Powers Boulevard",
        "lastUpdatedTimestamp": 1773274701000
      }
    },
    {
      "type": "Feature",
      "geometry": null,
      "properties": {
        "id": "016E00015CAM1RHS",
        "title": "CO 16 MP 00.15 EB at I-25 in Fountain",
        "snapshotUrl": "https://cocam.carsprogram.org/Snapshots/016E00015CAM1RHS.flv.png",
        "streamUrl": "https://publicstreamer3.cotrip.org:443/rtplive/016E00015CAM1RHS/playlist.m3u8",
        "cameraCode": "016E00015CAM1RHS",
        "source": "COtrip",
        "state": "Colorado",
        "graphqlUri": "camera/136046/3038419119",
        "graphqlParentUri": "camera/136046",
        "routeDesignator": "CO 16/Mesa Ridge Parkway",
        "lastUpdatedTimestamp": 1773274737000
      }
    },
    {
      "type": "Feature",
      "geometry": null,
      "properties": {
        "id": "009S09665CAM1SWC",
        "title": "CO 9 MP 096.65 SB at Hawn Dr in Frisco",
        "snapshotUrl": "https://cocam.carsprogram.org/Snapshots/009S09665CAM1SWC.flv.png",
        "streamUrl": "https://publicstreamer2.cotrip.org:443/rtplive/009S09665CAM1SWC/playlist.m3u8",
        "cameraCode": "009S09665CAM1SWC",
        "source": "COtrip",
        "state": "Colorado",
        "graphqlUri": "camera/135717/3510273848",
        "graphqlParentUri": "camera/135717",
        "routeDesignator": "CO 9",
        "lastUpdatedTimestamp": 1773274779000
      }
    },
    {
      "type": "Feature",
      "geometry": null,
      "properties": {
        "id": "009N09605CAM1NEC",
        "title": "CO 9 MP 096.05 NB at Marina Rd in Frisco",
        "snapshotUrl": "https://cocam.carsprogram.org/Snapshots/009N09605CAM1NEC.flv.png",
        "streamUrl": "https://publicstreamer3.cotrip.org:443/rtplive/009N09605CAM1NEC/playlist.m3u8",
        "cameraCode": "009N09605CAM1NEC",
        "source": "COtrip",
        "state": "Colorado",
        "graphqlUri": "camera/135923/1816988299",
        "graphqlParentUri": "camera/135923",
        "routeDesignator": "CO 9",
        "lastUpdatedTimestamp": 1773274677000
      }
    },
    {
      "type": "Feature",
      "geometry": null,
      "properties": {
        "id": "009S09245CAM1SWC",
        "title": "CO 9 MP 095.45 SB at Peak One Blvd in Breckenridge",
        "snapshotUrl": "https://cocam.carsprogram.org/Snapshots/009S09245CAM1SWC.flv.png",
        "streamUrl": "https://publicstreamer4.cotrip.org:443/rtplive/009S09245CAM1SWC/playlist.m3u8",
        "cameraCode": "009S09245CAM1SWC",
        "source": "COtrip",
        "state": "Colorado",
        "graphqlUri": "camera/136079/5387953",
        "graphqlParentUri": "camera/136079",
        "routeDesignator": "CO 9",
        "lastUpdatedTimestamp": 1773274751000
      }
    },
    {
      "type": "Feature",
      "geometry": null,
      "properties": {
        "id": "009N09290CAM1SEC",
        "title": "CO 9 MP 092.90 NB at Swan Mountain Rd in Breckenridge",
        "snapshotUrl": "https://cocam.carsprogram.org/Snapshots/009N09290CAM1SEC.flv.png",
        "streamUrl": "https://publicstreamer1.cotrip.org:443/rtplive/009N09290CAM1SEC/playlist.m3u8",
        "cameraCode": "009N09290CAM1SEC",
        "source": "COtrip",
        "state": "Colorado",
        "graphqlUri": "camera/136391/461612754",
        "graphqlParentUri": "camera/136391",
        "routeDesignator": "CO 9",
        "lastUpdatedTimestamp": 1773274684000
      }
    },
    {
      "type": "Feature",
      "geometry": null,
      "properties": {
        "id": "009N09025CAM1NEC",
        "title": "CO 9 MP 090.25 NB at Tiger Rd/Shores Ln in Breckenridge",
        "snapshotUrl": "https://cocam.carsprogram.org/Snapshots/009N09025CAM1NEC.flv.png",
        "streamUrl": "https://publicstreamer2.cotrip.org:443/rtplive/009N09025CAM1NEC/playlist.m3u8",
        "cameraCode": "009N09025CAM1NEC",
        "source": "COtrip",
        "state": "Colorado",
        "graphqlUri": "camera/135773/3125149998",
        "graphqlParentUri": "camera/135773",
        "routeDesignator": "CO 9",
        "lastUpdatedTimestamp": 1773274769000
      }
    },
    {
      "type": "Feature",
      "geometry": null,
      "properties": {
        "id": "009S09000CAM1RHS",
        "title": "CO 9 MP 090.00 SB at Fairview Blvd in Breckenridge",
        "snapshotUrl": "https://cocam.carsprogram.org/Snapshots/009S09000CAM1RHS.flv.png",
        "streamUrl": "https://publicstreamer3.cotrip.org:443/rtplive/009S09000CAM1RHS/playlist.m3u8",
        "cameraCode": "009S09000CAM1RHS",
        "source": "COtrip",
        "state": "Colorado",
        "graphqlUri": "camera/135902/4187393823",
        "graphqlParentUri": "camera/135902",
        "routeDesignator": "CO 9",
        "lastUpdatedTimestamp": 1773274723000
      }
    },
    {
      "type": "Feature",
      "geometry": null,
      "properties": {
        "id": "009S08920CAM1SWC",
        "title": "CO 9 MP 089.20 SB at Coyne Valley Rd in Breckenridge",
        "snapshotUrl": "https://cocam.carsprogram.org/Snapshots/009S08920CAM1SWC.flv.png",
        "streamUrl": "https://publicstreamer1.cotrip.org:443/rtplive/009S08920CAM1SWC/playlist.m3u8",
        "cameraCode": "009S08920CAM1SWC",
        "source": "COtrip",
        "state": "Colorado",
        "graphqlUri": "camera/136390/1937540571",
        "graphqlParentUri": "camera/136390",
        "routeDesignator": "CO 9",
        "lastUpdatedTimestamp": 1773274684000
      }
    },
    {
      "type": "Feature",
      "geometry": null,
      "properties": {
        "id": "009S08775CAM1SWC",
        "title": "CO 9 MP 087.75 SB at Valley Brook St in Breckenridge",
        "snapshotUrl": "https://cocam.carsprogram.org/Snapshots/009S08775CAM1SWC.flv.png",
        "streamUrl": "https://publicstreamer4.cotrip.org:443/rtplive/009S08775CAM1SWC/playlist.m3u8",
        "cameraCode": "009S08775CAM1SWC",
        "source": "COtrip",
        "state": "Colorado",
        "graphqlUri": "camera/136205/2772801889",
        "graphqlParentUri": "camera/136205",
        "routeDesignator": "CO 9",
        "lastUpdatedTimestamp": 1773274677000
      }
    },
    {
      "type": "Feature",
      "geometry": null,
      "properties": {
        "id": "009S08755CAM1RHS",
        "title": "CO 9 MP 087.55 SB at Huron Rd in Breckenridge",
        "snapshotUrl": "https://cocam.carsprogram.org/Snapshots/009S08755CAM1RHS.flv.png",
        "streamUrl": "https://publicstreamer1.cotrip.org:443/rtplive/009S08755CAM1RHS/playlist.m3u8",
        "cameraCode": "009S08755CAM1RHS",
        "source": "COtrip",
        "state": "Colorado",
        "graphqlUri": "camera/136325/3276606604",
        "graphqlParentUri": "camera/136325",
        "routeDesignator": "CO 9",
        "lastUpdatedTimestamp": 1773274707000
      }
    },
    {
      "type": "Feature",
      "geometry": null,
      "properties": {
        "id": "009S08735CAM1RHS",
        "title": "CO 9 MP 087.35 SB at N Main St Ave in Breckenridge",
        "snapshotUrl": "https://cocam.carsprogram.org/Snapshots/009S08735CAM1RHS.flv.png",
        "streamUrl": "https://publicstreamer1.cotrip.org:443/rtplive/009S08735CAM1RHS/playlist.m3u8",
        "cameraCode": "009S08735CAM1RHS",
        "source": "COtrip",
        "state": "Colorado",
        "graphqlUri": "camera/136324/3714042370",
        "graphqlParentUri": "camera/136324",
        "routeDesignator": "CO 9",
        "lastUpdatedTimestamp": 1773274707000
      }
    },
    {
      "type": "Feature",
      "geometry": null,
      "properties": {
        "id": "009N08720CAM1NEC",
        "title": "CO 9 MP 087.20 NB at Airport Rd in Breckenridge",
        "snapshotUrl": "https://cocam.carsprogram.org/Snapshots/009N08720CAM1NEC.flv.png",
        "streamUrl": "https://publicstreamer2.cotrip.org:443/rtplive/009N08720CAM1NEC/playlist.m3u8",
        "cameraCode": "009N08720CAM1NEC",
        "source": "COtrip",
        "state": "Colorado",
        "graphqlUri": "camera/135772/2925935198",
        "graphqlParentUri": "camera/135772",
        "routeDesignator": "CO 9",
        "lastUpdatedTimestamp": 1773274768000
      }
    },
    {
      "type": "Feature",
      "geometry": null,
      "properties": {
        "id": "009N08675CAM1SEC",
        "title": "CO 9 MP 086.75 NB at Ski Hill Rd in Breckenridge",
        "snapshotUrl": "https://cocam.carsprogram.org/Snapshots/009N08675CAM1SEC.flv.png",
        "streamUrl": "https://publicstreamer3.cotrip.org:443/rtplive/009N08675CAM1SEC/playlist.m3u8",
        "cameraCode": "009N08675CAM1SEC",
        "source": "COtrip",
        "state": "Colorado",
        "graphqlUri": "camera/135959/2486492684",
        "graphqlParentUri": "camera/135959",
        "routeDesignator": "CO 9",
        "lastUpdatedTimestamp": 1773274696000
      }
    },
    {
      "type": "Feature",
      "geometry": null,
      "properties": {
        "id": "009N08645CAM1NEC",
        "title": "CO 9 MP 086.45 NB at S Main St in Breckenridge",
        "snapshotUrl": "https://cocam.carsprogram.org/Snapshots/009N08645CAM1NEC.flv.png",
        "streamUrl": "https://publicstreamer3.cotrip.org:443/rtplive/009N08645CAM1NEC/playlist.m3u8",
        "cameraCode": "009N08645CAM1NEC",
        "source": "COtrip",
        "state": "Colorado",
        "graphqlUri": "camera/135957/3385914870",
        "graphqlParentUri": "camera/135957",
        "routeDesignator": "CO 9",
        "lastUpdatedTimestamp": 1773274695000
      }
    },
    {
      "type": "Feature",
      "geometry": null,
      "properties": {
        "id": "009S08615CAM1SWC",
        "title": "CO 9 MP 086.15 SB at Broken Lance Dr in Breckenridge",
        "snapshotUrl": "https://cocam.carsprogram.org/Snapshots/009S08615CAM1SWC.flv.png",
        "streamUrl": "https://publicstreamer3.cotrip.org:443/rtplive/009S08615CAM1SWC/playlist.m3u8",
        "cameraCode": "009S08615CAM1SWC",
        "source": "COtrip",
        "state": "Colorado",
        "graphqlUri": "camera/135958/1883699901",
        "graphqlParentUri": "camera/135958",
        "routeDesignator": "CO 9",
        "lastUpdatedTimestamp": 1773274695000
      }
    },
    {
      "type": "Feature",
      "geometry": null,
      "properties": {
        "id": "009S08600CAM1RHS",
        "title": "CO 9 MP 086.00 SB at River Park Dr in Breckenridge",
        "snapshotUrl": "https://cocam.carsprogram.org/Snapshots/009S08600CAM1RHS.flv.png",
        "streamUrl": "https://publicstreamer4.cotrip.org:443/rtplive/009S08600CAM1RHS/playlist.m3u8",
        "cameraCode": "009S08600CAM1RHS",
        "source": "COtrip",
        "state": "Colorado",
        "graphqlUri": "camera/136096/2408850385",
        "graphqlParentUri": "camera/136096",
        "routeDesignator": "CO 9",
        "lastUpdatedTimestamp": 1773274747000
      }
    },
    {
      "type": "Feature",
      "geometry": null,
      "properties": {
        "id": "044E00025CAM1SEC",
        "title": "CO 44 MP 000.25 EB at Peoria Pkwy in Commerce City",
        "snapshotUrl": "https://cocam.carsprogram.org/Snapshots/044E00025CAM1SEC.flv.png",
        "streamUrl": "https://publicstreamer4.cotrip.org:443/rtplive/044E00025CAM1SEC/playlist.m3u8",
        "cameraCode": "044E00025CAM1SEC",
        "source": "COtrip",
        "state": "Colorado",
        "graphqlUri": "camera/136208/2811479095",
        "graphqlParentUri": "camera/136208",
        "routeDesignator": "CO 7",
        "lastUpdatedTimestamp": 1773274678000
      }
    },
    {
      "type": "Feature",
      "geometry": null,
      "properties": {
        "id": "007N06750CAM1NWC",
        "title": "CO 7 MP 067.50 NB at Huron St in Broomfield",
        "snapshotUrl": "https://cocam.carsprogram.org/Snapshots/007N06750CAM1NWC.flv.png",
        "streamUrl": "https://publicstreamer3.cotrip.org:443/rtplive/007N06750CAM1NWC/playlist.m3u8",
        "cameraCode": "007N06750CAM1NWC",
        "source": "COtrip",
        "state": "Colorado",
        "graphqlUri": "camera/135992/1215589841",
        "graphqlParentUri": "camera/135992",
        "routeDesignator": "CO 7",
        "lastUpdatedTimestamp": 1773274764000
      }
    },
    {
      "type": "Feature",
      "geometry": null,
      "properties": {
        "id": "007S06640CAM1SWC",
        "title": "CO 7 MP 066.40 SB at Mountain View Blvd in Broomfield",
        "snapshotUrl": "https://cocam.carsprogram.org/Snapshots/007S06640CAM1SWC.flv.png",
        "streamUrl": "https://publicstreamer3.cotrip.org:443/rtplive/007S06640CAM1SWC/playlist.m3u8",
        "cameraCode": "007S06640CAM1SWC",
        "source": "COtrip",
        "state": "Colorado",
        "graphqlUri": "camera/135991/2631765087",
        "graphqlParentUri": "camera/135991",
        "routeDesignator": "CO 7",
        "lastUpdatedTimestamp": 1773274763000
      }
    },
    {
      "type": "Feature",
      "geometry": null,
      "properties": {
        "id": "007N06535CAM1NEC",
        "title": "CO 7 MP 065.35 NB at Bonanza Dr/Lowell Blvd in Broomfield",
        "snapshotUrl": "https://cocam.carsprogram.org/Snapshots/007N06535CAM1NEC.flv.png",
        "streamUrl": "https://publicstreamer3.cotrip.org:443/rtplive/007N06535CAM1NEC/playlist.m3u8",
        "cameraCode": "007N06535CAM1NEC",
        "source": "COtrip",
        "state": "Colorado",
        "graphqlUri": "camera/135967/693858202",
        "graphqlParentUri": "camera/135967",
        "routeDesignator": "CO 7",
        "lastUpdatedTimestamp": 1773274699000
      }
    },
    {
      "type": "Feature",
      "geometry": null,
      "properties": {
        "id": "007N06320CAM1NWC",
        "title": "CO 7 MP 063.20 NB at N 119th St in Lafayette",
        "snapshotUrl": "https://cocam.carsprogram.org/Snapshots/007N06320CAM1NWC.flv.png",
        "streamUrl": "https://publicstreamer3.cotrip.org:443/rtplive/007N06320CAM1NWC/playlist.m3u8",
        "cameraCode": "007N06320CAM1NWC",
        "source": "COtrip",
        "state": "Colorado",
        "graphqlUri": "camera/135965/2316023739",
        "graphqlParentUri": "camera/135965",
        "routeDesignator": "CO 7",
        "lastUpdatedTimestamp": 1773274698000
      }
    },
    {
      "type": "Feature",
      "geometry": null,
      "properties": {
        "id": "007N06255CAM1NEC",
        "title": "CO 7 MP 062.55 NB at N Public Rd in Lafayette",
        "snapshotUrl": "https://cocam.carsprogram.org/Snapshots/007N06255CAM1NEC.flv.png",
        "streamUrl": "https://publicstreamer3.cotrip.org:443/rtplive/007N06255CAM1NEC/playlist.m3u8",
        "cameraCode": "007N06255CAM1NEC",
        "source": "COtrip",
        "state": "Colorado",
        "graphqlUri": "camera/135964/3976613997",
        "graphqlParentUri": "camera/135964",
        "routeDesignator": "CO 7",
        "lastUpdatedTimestamp": 1773274698000
      }
    },
    {
      "type": "Feature",
      "geometry": null,
      "properties": {
        "id": "007S06190CAM1SEC",
        "title": "CO 7 MP 061.90 SB at US 287 in Lafayette",
        "snapshotUrl": "https://cocam.carsprogram.org/Snapshots/007S06190CAM1SEC.flv.png",
        "streamUrl": "https://publicstreamer3.cotrip.org:443/rtplive/007S06190CAM1SEC/playlist.m3u8",
        "cameraCode": "007S06190CAM1SEC",
        "source": "COtrip",
        "state": "Colorado",
        "graphqlUri": "camera/135962/1113585880",
        "graphqlParentUri": "camera/135962",
        "routeDesignator": "CO 7",
        "lastUpdatedTimestamp": 1773274697000
      }
    },
    {
      "type": "Feature",
      "geometry": null,
      "properties": {
        "id": "007N06215CAM1NWC",
        "title": "CO 7 MP 062.15 NB at N Carr Ave in Lafayette",
        "snapshotUrl": "https://cocam.carsprogram.org/Snapshots/007N06215CAM1NWC.flv.png",
        "streamUrl": "https://publicstreamer3.cotrip.org:443/rtplive/007N06215CAM1NWC/playlist.m3u8",
        "cameraCode": "007N06215CAM1NWC",
        "source": "COtrip",
        "state": "Colorado",
        "graphqlUri": "camera/135963/1809273262",
        "graphqlParentUri": "camera/135963",
        "routeDesignator": "CO 7",
        "lastUpdatedTimestamp": 1773274697000
      }
    },
    {
      "type": "Feature",
      "geometry": null,
      "properties": {
        "id": "070E09640CAM1RHS",
        "title": "I-70 MP 096.40 EB : 1.2 miles W of 9th St in Silt",
        "snapshotUrl": "https://cocam.carsprogram.org/Snapshots/070E09640CAM1RHS.flv.png",
        "streamUrl": "https://publicstreamer2.cotrip.org:443/rtplive/070E09640CAM1RHS/playlist.m3u8",
        "cameraCode": "070E09640CAM1RHS",
        "source": "COtrip",
        "state": "Colorado",
        "graphqlUri": "camera/135829/4031790009",
        "graphqlParentUri": "camera/135829",
        "routeDesignator": "70",
        "lastUpdatedTimestamp": 1773274795000
      }
    },
    {
      "type": "Feature",
      "geometry": null,
      "properties": {
        "id": "470W02615CAM1RHS",
        "title": "C-470 MP 026.15 WB at I-25",
        "snapshotUrl": "https://cocam.carsprogram.org/Snapshots/470W02615CAM1RHS.flv.png",
        "streamUrl": "https://publicstreamer3.cotrip.org:443/rtplive/470W02615CAM1RHS/playlist.m3u8",
        "cameraCode": "470W02615CAM1RHS",
        "source": "COtrip",
        "state": "Colorado",
        "graphqlUri": "camera/135894/1892779928",
        "graphqlParentUri": "camera/135894",
        "routeDesignator": "C-470",
        "lastUpdatedTimestamp": 1773274719000
      }
    },
    {
      "type": "Feature",
      "geometry": null,
      "properties": {
        "id": "470W02595CAM1RP1",
        "title": "C-470 MP 025.95 WB : SB I-25 Ramp to WB C-470",
        "snapshotUrl": "https://cocam.carsprogram.org/Snapshots/470W02595CAM1RP1.flv.png",
        "streamUrl": "https://publicstreamer2.cotrip.org:443/rtplive/470W02595CAM1RP1/playlist.m3u8",
        "cameraCode": "470W02595CAM1RP1",
        "source": "COtrip",
        "state": "Colorado",
        "graphqlUri": "camera/135644/2885101072",
        "graphqlParentUri": "camera/135644",
        "routeDesignator": "C-470",
        "lastUpdatedTimestamp": 1773274524000
      }
    },
    {
      "type": "Feature",
      "geometry": null,
      "properties": {
        "id": "470E02585CAM1RHS",
        "title": "C-470 MP 025.85 EB : 0.3 miles E of S Yosemite St",
        "snapshotUrl": "https://cocam.carsprogram.org/Snapshots/470E02585CAM1RHS.flv.png",
        "streamUrl": "https://publicstreamer1.cotrip.org:443/rtplive/470E02585CAM1RHS/playlist.m3u8",
        "cameraCode": "470E02585CAM1RHS",
        "source": "COtrip",
        "state": "Colorado",
        "graphqlUri": "camera/136263/2454846098",
        "graphqlParentUri": "camera/136263",
        "routeDesignator": "C-470",
        "lastUpdatedTimestamp": 1773274708000
      }
    },
    {
      "type": "Feature",
      "geometry": null,
      "properties": {
        "id": "470W02555CAM1RHS",
        "title": "C-470 MP 025.55 WB at S Yosemite St",
        "snapshotUrl": "https://cocam.carsprogram.org/Snapshots/470W02555CAM1RHS.flv.png",
        "streamUrl": "https://publicstreamer4.cotrip.org:443/rtplive/470W02555CAM1RHS/playlist.m3u8",
        "cameraCode": "470W02555CAM1RHS",
        "source": "COtrip",
        "state": "Colorado",
        "graphqlUri": "camera/136131/910748573",
        "graphqlParentUri": "camera/136131",
        "routeDesignator": "C-470",
        "lastUpdatedTimestamp": 1773274763000
      }
    },
    {
      "type": "Feature",
      "geometry": null,
      "properties": {
        "id": "470W02465CAM1RHS",
        "title": "C-470 MP 024.65 WB : 0.6 miles E of S Quebec St",
        "snapshotUrl": "https://cocam.carsprogram.org/Snapshots/470W02465CAM1RHS.flv.png",
        "streamUrl": "https://publicstreamer2.cotrip.org:443/rtplive/470W02465CAM1RHS/playlist.m3u8",
        "cameraCode": "470W02465CAM1RHS",
        "source": "COtrip",
        "state": "Colorado",
        "graphqlUri": "camera/135721/3962772378",
        "graphqlParentUri": "camera/135721",
        "routeDesignator": "C-470",
        "lastUpdatedTimestamp": 1773274781000
      }
    },
    {
      "type": "Feature",
      "geometry": null,
      "properties": {
        "id": "470W02410CAM1RP1",
        "title": "C-470 MP 024.10 WB at S Quebec St",
        "snapshotUrl": "https://cocam.carsprogram.org/Snapshots/470W02410CAM1RP1.flv.png",
        "streamUrl": "https://publicstreamer2.cotrip.org:443/rtplive/470W02410CAM1RP1/playlist.m3u8",
        "cameraCode": "470W02410CAM1RP1",
        "source": "COtrip",
        "state": "Colorado",
        "graphqlUri": "camera/135650/2743249197",
        "graphqlParentUri": "camera/135650",
        "routeDesignator": "C-470",
        "lastUpdatedTimestamp": 1773274798000
      }
    },
    {
      "type": "Feature",
      "geometry": null,
      "properties": {
        "id": "470E02315CAM1RHS",
        "title": "C-470 MP 023.15 EB : 1.1 miles W of S Quebec St",
        "snapshotUrl": "https://cocam.carsprogram.org/Snapshots/470E02315CAM1RHS.flv.png",
        "streamUrl": "https://publicstreamer4.cotrip.org:443/rtplive/470E02315CAM1RHS/playlist.m3u8",
        "cameraCode": "470E02315CAM1RHS",
        "source": "COtrip",
        "state": "Colorado",
        "graphqlUri": "camera/136134/2142215068",
        "graphqlParentUri": "camera/136134",
        "routeDesignator": "C-470",
        "lastUpdatedTimestamp": 1773274765000
      }
    },
    {
      "type": "Feature",
      "geometry": null,
      "properties": {
        "id": "470W02290CAM1RHS",
        "title": "C-470 MP 022.90 WB : 0.8 miles E of Colorado Blvd",
        "snapshotUrl": "https://cocam.carsprogram.org/Snapshots/470W02290CAM1RHS.flv.png",
        "streamUrl": "https://publicstreamer1.cotrip.org:443/rtplive/470W02290CAM1RHS/playlist.m3u8",
        "cameraCode": "470W02290CAM1RHS",
        "source": "COtrip",
        "state": "Colorado",
        "graphqlUri": "camera/136255/4112859682",
        "graphqlParentUri": "camera/136255",
        "routeDesignator": "C-470",
        "lastUpdatedTimestamp": 1773274704000
      }
    },
    {
      "type": "Feature",
      "geometry": null,
      "properties": {
        "id": "470E02255CAM1RHS",
        "title": "C-470 MP 022.55 EB : 0.5 miles E of S Colorado Blvd",
        "snapshotUrl": "https://cocam.carsprogram.org/Snapshots/470E02255CAM1RHS.flv.png",
        "streamUrl": "https://publicstreamer3.cotrip.org:443/rtplive/470E02255CAM1RHS/playlist.m3u8",
        "cameraCode": "470E02255CAM1RHS",
        "source": "COtrip",
        "state": "Colorado",
        "graphqlUri": "camera/135840/1182391207",
        "graphqlParentUri": "camera/135840",
        "routeDesignator": "C-470",
        "lastUpdatedTimestamp": 1773274509000
      }
    },
    {
      "type": "Feature",
      "geometry": null,
      "properties": {
        "id": "470E02210CAM1RHS",
        "title": "C-470 MP 022.10 EB at S Colorado Blvd",
        "snapshotUrl": "https://cocam.carsprogram.org/Snapshots/470E02210CAM1RHS.flv.png",
        "streamUrl": "https://publicstreamer2.cotrip.org:443/rtplive/470E02210CAM1RHS/playlist.m3u8",
        "cameraCode": "470E02210CAM1RHS",
        "source": "COtrip",
        "state": "Colorado",
        "graphqlUri": "camera/135654/4112903696",
        "graphqlParentUri": "camera/135654",
        "routeDesignator": "C-470",
        "lastUpdatedTimestamp": 1773274799000
      }
    },
    {
      "type": "Feature",
      "geometry": null,
      "properties": {
        "id": "470W02165CAM1RHS",
        "title": "C-470 MP 021.65 WB : 0.6 miles E of S University Blvd/CO 177",
        "snapshotUrl": "https://cocam.carsprogram.org/Snapshots/470W02165CAM1RHS.flv.png",
        "streamUrl": "https://publicstreamer1.cotrip.org:443/rtplive/470W02165CAM1RHS/playlist.m3u8",
        "cameraCode": "470W02165CAM1RHS",
        "source": "COtrip",
        "state": "Colorado",
        "graphqlUri": "camera/136260/709972183",
        "graphqlParentUri": "camera/136260",
        "routeDesignator": "C-470",
        "lastUpdatedTimestamp": 1773274707000
      }
    },
    {
      "type": "Feature",
      "geometry": null,
      "properties": {
        "id": "470E02110CAM1RHS",
        "title": "C-470 MP 021.10 EB at S University Blvd/CO 177",
        "snapshotUrl": "https://cocam.carsprogram.org/Snapshots/470E02110CAM1RHS.flv.png",
        "streamUrl": "https://publicstreamer1.cotrip.org:443/rtplive/470E02110CAM1RHS/playlist.m3u8",
        "cameraCode": "470E02110CAM1RHS",
        "source": "COtrip",
        "state": "Colorado",
        "graphqlUri": "camera/136329/296087794",
        "graphqlParentUri": "camera/136329",
        "routeDesignator": "C-470",
        "lastUpdatedTimestamp": 1773274709000
      }
    },
    {
      "type": "Feature",
      "geometry": null,
      "properties": {
        "id": "470E02075CAM1RHS",
        "title": "C-470 MP 020.75 EB : 0.4 miles W of S University Blvd/CO 177",
        "snapshotUrl": "https://cocam.carsprogram.org/Snapshots/470E02075CAM1RHS.flv.png",
        "streamUrl": "https://publicstreamer3.cotrip.org:443/rtplive/470E02075CAM1RHS/playlist.m3u8",
        "cameraCode": "470E02075CAM1RHS",
        "source": "COtrip",
        "state": "Colorado",
        "graphqlUri": "camera/135885/2184178901",
        "graphqlParentUri": "camera/135885",
        "routeDesignator": "C-470",
        "lastUpdatedTimestamp": 1773274714000
      }
    },
    {
      "type": "Feature",
      "geometry": null,
      "properties": {
        "id": "470W02035CAM1RHS",
        "title": "C-470 MP 020.35 WB : 0.7 miles W of S University Blvd/CO 177",
        "snapshotUrl": "https://cocam.carsprogram.org/Snapshots/470W02035CAM1RHS.flv.png",
        "streamUrl": "https://publicstreamer3.cotrip.org:443/rtplive/470W02035CAM1RHS/playlist.m3u8",
        "cameraCode": "470W02035CAM1RHS",
        "source": "COtrip",
        "state": "Colorado",
        "graphqlUri": "camera/135869/3158729696",
        "graphqlParentUri": "camera/135869",
        "routeDesignator": "C-470",
        "lastUpdatedTimestamp": 1773274707000
      }
    },
    {
      "type": "Feature",
      "geometry": null,
      "properties": {
        "id": "470W01995CAM1RHS",
        "title": "C-470 MP 019.95 WB : 0.3 miles E of S Broadway",
        "snapshotUrl": "https://cocam.carsprogram.org/Snapshots/470W01995CAM1RHS.flv.png",
        "streamUrl": "https://publicstreamer3.cotrip.org:443/rtplive/470W01995CAM1RHS/playlist.m3u8",
        "cameraCode": "470W01995CAM1RHS",
        "source": "COtrip",
        "state": "Colorado",
        "graphqlUri": "camera/135930/3297724809",
        "graphqlParentUri": "camera/135930",
        "routeDesignator": "C-470",
        "lastUpdatedTimestamp": 1773274680000
      }
    },
    {
      "type": "Feature",
      "geometry": null,
      "properties": {
        "id": "470W01955CAM1RHS",
        "title": "C-470 MP 019.55 WB at S Broadway",
        "snapshotUrl": "https://cocam.carsprogram.org/Snapshots/470W01955CAM1RHS.flv.png",
        "streamUrl": "https://publicstreamer2.cotrip.org:443/rtplive/470W01955CAM1RHS/playlist.m3u8",
        "cameraCode": "470W01955CAM1RHS",
        "source": "COtrip",
        "state": "Colorado",
        "graphqlUri": "camera/135639/4157557301",
        "graphqlParentUri": "camera/135639",
        "routeDesignator": "C-470",
        "lastUpdatedTimestamp": 1773274793000
      }
    },
    {
      "type": "Feature",
      "geometry": null,
      "properties": {
        "id": "470E01900CAM1RHS",
        "title": "C-470 MP 019.00 EB : 0.6 miles E of Lucent Blvd",
        "snapshotUrl": "https://cocam.carsprogram.org/Snapshots/470E01900CAM1RHS.flv.png",
        "streamUrl": "https://publicstreamer2.cotrip.org:443/rtplive/470E01900CAM1RHS/playlist.m3u8",
        "cameraCode": "470E01900CAM1RHS",
        "source": "COtrip",
        "state": "Colorado",
        "graphqlUri": "camera/135682/48554349",
        "graphqlParentUri": "camera/135682",
        "routeDesignator": "C-470",
        "lastUpdatedTimestamp": 1773274542000
      }
    },
    {
      "type": "Feature",
      "geometry": null,
      "properties": {
        "id": "470E01855CAM1RP1",
        "title": "C-470 MP 018.55 EB : 0.1 miles E of Lucent Blvd",
        "snapshotUrl": "https://cocam.carsprogram.org/Snapshots/470E01855CAM1RP1.flv.png",
        "streamUrl": "https://publicstreamer3.cotrip.org:443/rtplive/470E01855CAM1RP1/playlist.m3u8",
        "cameraCode": "470E01855CAM1RP1",
        "source": "COtrip",
        "state": "Colorado",
        "graphqlUri": "camera/135918/961280011",
        "graphqlParentUri": "camera/135918",
        "routeDesignator": "C-470",
        "lastUpdatedTimestamp": 1773274729000
      }
    },
    {
      "type": "Feature",
      "geometry": null,
      "properties": {
        "id": "470W01840CAM1RHS",
        "title": "C-470 MP 018.40 WB at Lucent Blvd",
        "snapshotUrl": "https://cocam.carsprogram.org/Snapshots/470W01840CAM1RHS.flv.png",
        "streamUrl": "https://publicstreamer3.cotrip.org:443/rtplive/470W01840CAM1RHS/playlist.m3u8",
        "cameraCode": "470W01840CAM1RHS",
        "source": "COtrip",
        "state": "Colorado",
        "graphqlUri": "camera/135916/3515893519",
        "graphqlParentUri": "camera/135916",
        "routeDesignator": "C-470",
        "lastUpdatedTimestamp": 1773274729000
      }
    },
    {
      "type": "Feature",
      "geometry": null,
      "properties": {
        "id": "470E01800CAM1RHS",
        "title": "C-470 MP 018.00 EB : 0.5 miles W of Lucent Blvd",
        "snapshotUrl": "https://cocam.carsprogram.org/Snapshots/470E01800CAM1RHS.flv.png",
        "streamUrl": "https://publicstreamer3.cotrip.org:443/rtplive/470E01800CAM1RHS/playlist.m3u8",
        "cameraCode": "470E01800CAM1RHS",
        "source": "COtrip",
        "state": "Colorado",
        "graphqlUri": "camera/135895/3064048637",
        "graphqlParentUri": "camera/135895",
        "routeDesignator": "C-470",
        "lastUpdatedTimestamp": 1773274720000
      }
    },
    {
      "type": "Feature",
      "geometry": null,
      "properties": {
        "id": "470E01775CAM1RHS",
        "title": "C-470 MP 017.75 EB : 0.7 miles E of S Santa Fe Dr/US 85",
        "snapshotUrl": "https://cocam.carsprogram.org/Snapshots/470E01775CAM1RHS.flv.png",
        "streamUrl": "https://publicstreamer3.cotrip.org:443/rtplive/470E01775CAM1RHS/playlist.m3u8",
        "cameraCode": "470E01775CAM1RHS",
        "source": "COtrip",
        "state": "Colorado",
        "graphqlUri": "camera/135842/935645810",
        "graphqlParentUri": "camera/135842",
        "routeDesignator": "C-470",
        "lastUpdatedTimestamp": 1773274510000
      }
    },
    {
      "type": "Feature",
      "geometry": null,
      "properties": {
        "id": "470E01705CAM1RP1",
        "title": "C-470 MP 017.05 EB at S Santa Fe Dr/US 85",
        "snapshotUrl": "https://cocam.carsprogram.org/Snapshots/470E01705CAM1RP1.flv.png",
        "streamUrl": "https://publicstreamer1.cotrip.org:443/rtplive/470E01705CAM1RP1/playlist.m3u8",
        "cameraCode": "470E01705CAM1RP1",
        "source": "COtrip",
        "state": "Colorado",
        "graphqlUri": "camera/136321/1999723361",
        "graphqlParentUri": "camera/136321",
        "routeDesignator": "C-470",
        "lastUpdatedTimestamp": 1773274705000
      }
    },
    {
      "type": "Feature",
      "geometry": null,
      "properties": {
        "id": "470E01675CAM1RHS",
        "title": "C-470 MP 016.75 EB : 0.3 miles W of S Santa Fe Dr/US 85",
        "snapshotUrl": "https://cocam.carsprogram.org/Snapshots/470E01675CAM1RHS.flv.png",
        "streamUrl": "https://publicstreamer3.cotrip.org:443/rtplive/470E01675CAM1RHS/playlist.m3u8",
        "cameraCode": "470E01675CAM1RHS",
        "source": "COtrip",
        "state": "Colorado",
        "graphqlUri": "camera/135929/2046486853",
        "graphqlParentUri": "camera/135929",
        "routeDesignator": "C-470",
        "lastUpdatedTimestamp": 1773274680000
      }
    },
    {
      "type": "Feature",
      "geometry": null,
      "properties": {
        "id": "470W01630CAM1RHS",
        "title": "C-470 MP 016.30 WB : 0.9 miles W of S Santa Fe Dr/US 85",
        "snapshotUrl": "https://cocam.carsprogram.org/Snapshots/470W01630CAM1RHS.flv.png",
        "streamUrl": "https://publicstreamer1.cotrip.org:443/rtplive/470W01630CAM1RHS/playlist.m3u8",
        "cameraCode": "470W01630CAM1RHS",
        "source": "COtrip",
        "state": "Colorado",
        "graphqlUri": "camera/136343/4181329820",
        "graphqlParentUri": "camera/136343",
        "routeDesignator": "C-470",
        "lastUpdatedTimestamp": 1773274715000
      }
    },
    {
      "type": "Feature",
      "geometry": null,
      "properties": {
        "id": "470W01555CAM1RHS",
        "title": "C-470 MP 015.55 WB : 0.1 miles E of S Platte Canyon Rd/CO 75",
        "snapshotUrl": "https://cocam.carsprogram.org/Snapshots/470W01555CAM1RHS.flv.png",
        "streamUrl": "https://publicstreamer2.cotrip.org:443/rtplive/470W01555CAM1RHS/playlist.m3u8",
        "cameraCode": "470W01555CAM1RHS",
        "source": "COtrip",
        "state": "Colorado",
        "graphqlUri": "camera/135679/1753692293",
        "graphqlParentUri": "camera/135679",
        "routeDesignator": "C-470",
        "lastUpdatedTimestamp": 1773274540000
      }
    },
    {
      "type": "Feature",
      "geometry": null,
      "properties": {
        "id": "470W01500CAM1RHS",
        "title": "C-470 MP 015.00 WB : 0.5 miles W of S Platte Canyon Rd/CO 75",
        "snapshotUrl": "https://cocam.carsprogram.org/Snapshots/470W01500CAM1RHS.flv.png",
        "streamUrl": "https://publicstreamer4.cotrip.org:443/rtplive/470W01500CAM1RHS/playlist.m3u8",
        "cameraCode": "470W01500CAM1RHS",
        "source": "COtrip",
        "state": "Colorado",
        "graphqlUri": "camera/136095/3612557235",
        "graphqlParentUri": "camera/136095",
        "routeDesignator": "C-470",
        "lastUpdatedTimestamp": 1773274746000
      }
    },
    {
      "type": "Feature",
      "geometry": null,
      "properties": {
        "id": "470E01450CAM1RHS",
        "title": "C-470 MP 014.50 EB : 0.7 miles E of S Wadsworth Blvd/CO 121",
        "snapshotUrl": "https://cocam.carsprogram.org/Snapshots/470E01450CAM1RHS.flv.png",
        "streamUrl": "https://publicstreamer3.cotrip.org:443/rtplive/470E01450CAM1RHS/playlist.m3u8",
        "cameraCode": "470E01450CAM1RHS",
        "source": "COtrip",
        "state": "Colorado",
        "graphqlUri": "camera/135931/3158850292",
        "graphqlParentUri": "camera/135931",
        "routeDesignator": "C-470",
        "lastUpdatedTimestamp": 1773274681000
      }
    },
    {
      "type": "Feature",
      "geometry": null,
      "properties": {
        "id": "470W01430CAM1RHS",
        "title": "C-470 MP 013.40 WB : 0.4 miles E of S Wadsworth Blvd/CO 121",
        "snapshotUrl": "https://cocam.carsprogram.org/Snapshots/470W01430CAM1RHS.flv.png",
        "streamUrl": "https://publicstreamer1.cotrip.org:443/rtplive/470W01430CAM1RHS/playlist.m3u8",
        "cameraCode": "470W01430CAM1RHS",
        "source": "COtrip",
        "state": "Colorado",
        "graphqlUri": "camera/136271/784010243",
        "graphqlParentUri": "camera/136271",
        "routeDesignator": "C-470",
        "lastUpdatedTimestamp": 1773274711000
      }
    },
    {
      "type": "Feature",
      "geometry": null,
      "properties": {
        "id": "470E01395CAM1RHS",
        "title": "C-470 MP 013.95 EB at S Wadsworth Blvd/CO 121",
        "snapshotUrl": "https://cocam.carsprogram.org/Snapshots/470E01395CAM1RHS.flv.png",
        "streamUrl": "https://publicstreamer2.cotrip.org:443/rtplive/470E01395CAM1RHS/playlist.m3u8",
        "cameraCode": "470E01395CAM1RHS",
        "source": "COtrip",
        "state": "Colorado",
        "graphqlUri": "camera/135712/23469166",
        "graphqlParentUri": "camera/135712",
        "routeDesignator": "C-470",
        "lastUpdatedTimestamp": 1773274777000
      }
    },
    {
      "type": "Feature",
      "geometry": null,
      "properties": {
        "id": "470E01250CAM1MED",
        "title": "C-470 MP 012.50 EB at S Kipling Pkwy",
        "snapshotUrl": "https://cocam.carsprogram.org/Snapshots/470E01250CAM1MED.flv.png",
        "streamUrl": "https://publicstreamer1.cotrip.org:443/rtplive/470E01250CAM1MED/playlist.m3u8",
        "cameraCode": "470E01250CAM1MED",
        "source": "COtrip",
        "state": "Colorado",
        "graphqlUri": "camera/136261/1579424759",
        "graphqlParentUri": "camera/136261",
        "routeDesignator": "C-470",
        "lastUpdatedTimestamp": 1773274707000
      }
    },
    {
      "type": "Feature",
      "geometry": null,
      "properties": {
        "id": "470W01245CAM1NEC",
        "title": "C-470 MP 012.45 WB at WB C-470 Ramp to S Kipling Pkwy",
        "snapshotUrl": "https://cocam.carsprogram.org/Snapshots/470W01245CAM1NEC.flv.png",
        "streamUrl": "https://publicstreamer2.cotrip.org:443/rtplive/470W01245CAM1NEC/playlist.m3u8",
        "cameraCode": "470W01245CAM1NEC",
        "source": "COtrip",
        "state": "Colorado",
        "graphqlUri": "camera/135791/4168767228",
        "graphqlParentUri": "camera/135791",
        "routeDesignator": "C-470",
        "lastUpdatedTimestamp": 1773274776000
      }
    },
    {
      "type": "Feature",
      "geometry": null,
      "properties": {
        "id": "470E01170CAM1RHS",
        "title": "C-470 MP 011.70 EB : 0.8 miles W of S Kipling Pkwy",
        "snapshotUrl": "https://cocam.carsprogram.org/Snapshots/470E01170CAM1RHS.flv.png",
        "streamUrl": "https://publicstreamer3.cotrip.org:443/rtplive/470E01170CAM1RHS/playlist.m3u8",
        "cameraCode": "470E01170CAM1RHS",
        "source": "COtrip",
        "state": "Colorado",
        "graphqlUri": "camera/135924/528571295",
        "graphqlParentUri": "camera/135924",
        "routeDesignator": "C-470",
        "lastUpdatedTimestamp": 1773274678000
      }
    },
    {
      "type": "Feature",
      "geometry": null,
      "properties": {
        "id": "470E01015CAM1RHS",
        "title": "C-470 MP 010.15 EB at W Ken Caryl Ave",
        "snapshotUrl": "https://cocam.carsprogram.org/Snapshots/470E01015CAM1RHS.flv.png",
        "streamUrl": "https://publicstreamer4.cotrip.org:443/rtplive/470E01015CAM1RHS/playlist.m3u8",
        "cameraCode": "470E01015CAM1RHS",
        "source": "COtrip",
        "state": "Colorado",
        "graphqlUri": "camera/136137/3266329036",
        "graphqlParentUri": "camera/136137",
        "routeDesignator": "C-470",
        "lastUpdatedTimestamp": 1773274766000
      }
    },
    {
      "type": "Feature",
      "geometry": null,
      "properties": {
        "id": "470W00875CAM1RHS",
        "title": "C-470 MP 008.75 WB : 0.9 miles E of W Bowles Ave",
        "snapshotUrl": "https://cocam.carsprogram.org/Snapshots/470W00875CAM1RHS.flv.png",
        "streamUrl": "https://publicstreamer3.cotrip.org:443/rtplive/470W00875CAM1RHS/playlist.m3u8",
        "cameraCode": "470W00875CAM1RHS",
        "source": "COtrip",
        "state": "Colorado",
        "graphqlUri": "camera/135861/1112503662",
        "graphqlParentUri": "camera/135861",
        "routeDesignator": "C-470",
        "lastUpdatedTimestamp": 1773274519000
      }
    },
    {
      "type": "Feature",
      "geometry": null,
      "properties": {
        "id": "470E00790CAM1RP1",
        "title": "C-470 MP 007.90 EB at W Bowles Ave C-470 EB On-ramp",
        "snapshotUrl": "https://cocam.carsprogram.org/Snapshots/470E00790CAM1RP1.flv.png",
        "streamUrl": "https://publicstreamer4.cotrip.org:443/rtplive/470E00790CAM1RP1/playlist.m3u8",
        "cameraCode": "470E00790CAM1RP1",
        "source": "COtrip",
        "state": "Colorado",
        "graphqlUri": "camera/136159/4273491418",
        "graphqlParentUri": "camera/136159",
        "routeDesignator": "C-470",
        "lastUpdatedTimestamp": 1773274732000
      }
    },
    {
      "type": "Feature",
      "geometry": null,
      "properties": {
        "id": "470W00695CAM1GP2",
        "title": "C-470 MP 006.95 WB : 0.8 miles E of Quincy Ave",
        "snapshotUrl": "https://cocam.carsprogram.org/Snapshots/470W00695CAM1GP2.flv.png",
        "streamUrl": "https://publicstreamer1.cotrip.org:443/rtplive/470W00695CAM1GP2/playlist.m3u8",
        "cameraCode": "470W00695CAM1GP2",
        "source": "COtrip",
        "state": "Colorado",
        "graphqlUri": "camera/136288/3880554977",
        "graphqlParentUri": "camera/136288",
        "routeDesignator": "C-470",
        "lastUpdatedTimestamp": 1773274718000
      }
    },
    {
      "type": "Feature",
      "geometry": null,
      "properties": {
        "id": "470W00565CAM1RHS",
        "title": "C-470 MP 005.65 WB at US-285",
        "snapshotUrl": "https://cocam.carsprogram.org/Snapshots/470W00565CAM1RHS.flv.png",
        "streamUrl": "https://publicstreamer3.cotrip.org:443/rtplive/470W00565CAM1RHS/playlist.m3u8",
        "cameraCode": "470W00565CAM1RHS",
        "source": "COtrip",
        "state": "Colorado",
        "graphqlUri": "camera/135904/856424105",
        "graphqlParentUri": "camera/135904",
        "routeDesignator": "C-470",
        "lastUpdatedTimestamp": 1773274723000
      }
    },
    {
      "type": "Feature",
      "geometry": null,
      "properties": {
        "id": "470E00415CAM1MED",
        "title": "C-470 MP 004.15 EB : 0.1 miles W of CO-8/W Morrison Rd",
        "snapshotUrl": "https://cocam.carsprogram.org/Snapshots/470E00415CAM1MED.flv.png",
        "streamUrl": "https://publicstreamer4.cotrip.org:443/rtplive/470E00415CAM1MED/playlist.m3u8",
        "cameraCode": "470E00415CAM1MED",
        "source": "COtrip",
        "state": "Colorado",
        "graphqlUri": "camera/136099/4073231623",
        "graphqlParentUri": "camera/136099",
        "routeDesignator": "C-470",
        "lastUpdatedTimestamp": 1773274749000
      }
    },
    {
      "type": "Feature",
      "geometry": null,
      "properties": {
        "id": "470E00270CAM1RHS",
        "title": "C-470 MP 002.70 EB : 0.9 miles E of W Alameda Pkwy",
        "snapshotUrl": "https://cocam.carsprogram.org/Snapshots/470E00270CAM1RHS.flv.png",
        "streamUrl": "https://publicstreamer1.cotrip.org:443/rtplive/470E00270CAM1RHS/playlist.m3u8",
        "cameraCode": "470E00270CAM1RHS",
        "source": "COtrip",
        "state": "Colorado",
        "graphqlUri": "camera/136304/2960597461",
        "graphqlParentUri": "camera/136304",
        "routeDesignator": "C-470",
        "lastUpdatedTimestamp": 1773274725000
      }
    },
    {
      "type": "Feature",
      "geometry": null,
      "properties": {
        "id": "470E00125CAM1RHS",
        "title": "C-470 MP 001.25 EB : 0.5 miles W of W Alameda Pkwy",
        "snapshotUrl": "https://cocam.carsprogram.org/Snapshots/470E00125CAM1RHS.flv.png",
        "streamUrl": "https://publicstreamer1.cotrip.org:443/rtplive/470E00125CAM1RHS/playlist.m3u8",
        "cameraCode": "470E00125CAM1RHS",
        "source": "COtrip",
        "state": "Colorado",
        "graphqlUri": "camera/136368/50939592",
        "graphqlParentUri": "camera/136368",
        "routeDesignator": "C-470",
        "lastUpdatedTimestamp": 1773274726000
      }
    },
    {
      "type": "Feature",
      "geometry": null,
      "properties": {
        "id": "470E00120CAM1GP3",
        "title": "C-470 MP 001.20 EB : 0.6 miles W of W Alameda Pkwy",
        "snapshotUrl": "https://cocam.carsprogram.org/Snapshots/470E00120CAM1GP3.flv.png",
        "streamUrl": "https://publicstreamer2.cotrip.org:443/rtplive/470E00120CAM1GP3/playlist.m3u8",
        "cameraCode": "470E00120CAM1GP3",
        "source": "COtrip",
        "state": "Colorado",
        "graphqlUri": "camera/135711/1256124718",
        "graphqlParentUri": "camera/135711",
        "routeDesignator": "C-470",
        "lastUpdatedTimestamp": 1773274777000
      }
    },
    {
      "type": "Feature",
      "geometry": null,
      "properties": {
        "id": "470E00045CAM1RHS",
        "title": "C-470 MP 000.45 EB : 0.5 miles E of I-70",
        "snapshotUrl": "https://cocam.carsprogram.org/Snapshots/470E00045CAM1RHS.flv.png",
        "streamUrl": "https://publicstreamer2.cotrip.org:443/rtplive/470E00045CAM1RHS/playlist.m3u8",
        "cameraCode": "470E00045CAM1RHS",
        "source": "COtrip",
        "state": "Colorado",
        "graphqlUri": "camera/135651/2088046909",
        "graphqlParentUri": "camera/135651",
        "routeDesignator": "C-470",
        "lastUpdatedTimestamp": 1773274798000
      }
    },
    {
      "type": "Feature",
      "geometry": null,
      "properties": {
        "id": "470E01245CAM1SEC",
        "title": "C-470 MP 012.45 EB at S Kipling Pkwy Ramp to EB C-470",
        "snapshotUrl": "https://cocam.carsprogram.org/Snapshots/470E01245CAM1SEC.flv.png",
        "streamUrl": "https://publicstreamer1.cotrip.org:443/rtplive/470E01245CAM1SEC/playlist.m3u8",
        "cameraCode": "470E01245CAM1SEC",
        "source": "COtrip",
        "state": "Colorado",
        "graphqlUri": "camera/136480/3969723196",
        "graphqlParentUri": "camera/136480",
        "routeDesignator": "C470",
        "lastUpdatedTimestamp": 1773274703000
      }
    },
    {
      "type": "Feature",
      "geometry": null,
      "properties": {
        "id": "470W00005CAM1RHS",
        "title": "C-470 MP 000.05 WB at I-70",
        "snapshotUrl": "https://cocam.carsprogram.org/Snapshots/470W00005CAM1RHS.flv.png",
        "streamUrl": "https://publicstreamer1.cotrip.org:443/rtplive/470W00005CAM1RHS/playlist.m3u8",
        "cameraCode": "470W00005CAM1RHS",
        "source": "COtrip",
        "state": "Colorado",
        "graphqlUri": "camera/136538/3045696157",
        "graphqlParentUri": "camera/136538",
        "routeDesignator": "C-470",
        "lastUpdatedTimestamp": 1773274741000
      }
    },
    {
      "type": "Feature",
      "geometry": null,
      "properties": {
        "id": "470W02610CAM1RP1",
        "title": "C-470 MP 026.10 WB at NB I-25 to WB C-470 Ramp",
        "snapshotUrl": "https://cocam.carsprogram.org/Snapshots/470W02610CAM1RP1.flv.png",
        "streamUrl": "https://publicstreamer4.cotrip.org:443/rtplive/470W02610CAM1RP1/playlist.m3u8",
        "cameraCode": "470W02610CAM1RP1",
        "source": "COtrip",
        "state": "Colorado",
        "graphqlUri": "camera/136236/1946506828",
        "graphqlParentUri": "camera/136236",
        "routeDesignator": "C-470",
        "lastUpdatedTimestamp": 1773274695000
      }
    },
    {
      "type": "Feature",
      "geometry": null,
      "properties": {
        "id": "003N00160CAM1SWC",
        "title": "CO 3 MP 001.60 NB at CO 3/Saw Mill St, Durango",
        "snapshotUrl": "https://cocam.carsprogram.org/Snapshots/003N00160CAM1SWC.flv.png",
        "streamUrl": "https://publicstreamer3.cotrip.org:443/rtplive/003N00160CAM1SWC/playlist.m3u8",
        "cameraCode": "003N00160CAM1SWC",
        "source": "COtrip",
        "state": "Colorado",
        "graphqlUri": "camera/136049/3223329273",
        "graphqlParentUri": "camera/136049",
        "routeDesignator": "SH-03",
        "lastUpdatedTimestamp": 1773274738000
      }
    },
    {
      "type": "Feature",
      "geometry": null,
      "properties": {
        "id": "070E28520CAM1RP2",
        "title": "I-70 MP 285.20 EB : 0.5 miles W of Tower Rd",
        "snapshotUrl": "https://cocam.carsprogram.org/Snapshots/070E28520CAM1RP2.flv.png",
        "streamUrl": "https://publicstreamer2.cotrip.org:443/rtplive/070E28520CAM1RP2/playlist.m3u8",
        "cameraCode": "070E28520CAM1RP2",
        "source": "COtrip",
        "state": "Colorado",
        "graphqlUri": "camera/135771/3764422547",
        "graphqlParentUri": "camera/135771",
        "routeDesignator": "Unknown",
        "lastUpdatedTimestamp": 1773274768000
      }
    }
  ]
}
