{
  "type": "FeatureCollection",
  "features": [
    {
      "type": "Feature",
      "geometry": {
        "type": "Point",
        "coordinates": [
          -105.03658,
          39.53809
        ]
      },
      "properties": {
        "id": "085S19850CAM1SWC",
        "title": "085S19850CAM1SWC at W Highlands Ranch Pkwy",
        "snapshotUrl": "https://cocam.carsprogram.org/Snapshots/085S19850CAM1SWC.flv.png",
        "streamUrl": "https://publicstreamer3.cotrip.org:443/rtplive/085S19850CAM1SWC/playlist.m3u8",
        "cameraCode": "085S19850CAM1SWC",
        "source": "COtrip",
        "state": "Colorado"
      }
    },
    {
      "type": "Feature",
      "geometry": {
        "type": "Point",
        "coordinates": [
          -104.84059,
          39.03845
        ]
      },
      "properties": {
        "id": "025N15685CAM1MED",
        "title": "156.85 : 025N15685CAM1MED : 1.2 miles N of North Gate Blvd",
        "snapshotUrl": "https://cocam.carsprogram.org/Snapshots/025N15685CAM1MED.flv.png",
        "streamUrl": "https://publicstreamer3.cotrip.org:443/rtplive/025N15685CAM1MED/playlist.m3u8",
        "cameraCode": "025N15685CAM1MED",
        "source": "COtrip",
        "state": "Colorado"
      }
    },
    {
      "type": "Feature",
      "geometry": {
        "type": "Point",
        "coordinates": [
          -105.1948,
          39.71247
        ]
      },
      "properties": {
        "id": "470W00005CAM1RHS",
        "title": "C-470 MP 000.05 WB at I-70",
        "snapshotUrl": "https://cocam.carsprogram.org/Snapshots/470W00005CAM1RHS.flv.png",
        "streamUrl": "https://publicstreamer1.cotrip.org:443/rtplive/470W00005CAM1RHS/playlist.m3u8",
        "cameraCode": "470W00005CAM1RHS",
        "source": "COtrip",
        "state": "Colorado"
      }
    },
    {
      "type": "Feature",
      "geometry": {
        "type": "Point",
        "coordinates": [
          -105.19308,
          39.70623
        ]
      },
      "properties": {
        "id": "470E00045CAM1RHS",
        "title": "C-470 MP 000.45 EB : 0.5 miles E of I-70",
        "snapshotUrl": "https://cocam.carsprogram.org/Snapshots/470E00045CAM1RHS.flv.png",
        "streamUrl": "https://publicstreamer2.cotrip.org:443/rtplive/470E00045CAM1RHS/playlist.m3u8",
        "cameraCode": "470E00045CAM1RHS",
        "source": "COtrip",
        "state": "Colorado"
      }
    },
    {
      "type": "Feature",
      "geometry": {
        "type": "Point",
        "coordinates": [
          -105.19088,
          39.69579
        ]
      },
      "properties": {
        "id": "470E00120CAM1GP3",
        "title": "C-470 MP 001.20 EB : 0.6 miles W of W Alameda Pkwy",
        "snapshotUrl": "https://cocam.carsprogram.org/Snapshots/470E00120CAM1GP3.flv.png",
        "streamUrl": "https://publicstreamer2.cotrip.org:443/rtplive/470E00120CAM1GP3/playlist.m3u8",
        "cameraCode": "470E00120CAM1GP3",
        "source": "COtrip",
        "state": "Colorado"
      }
    },
    {
      "type": "Feature",
      "geometry": {
        "type": "Point",
        "coordinates": [
          -105.19049,
          39.6952
        ]
      },
      "properties": {
        "id": "470E00125CAM1RHS",
        "title": "C-470 MP 001.25 EB : 0.5 miles W of W Alameda Pkwy",
        "snapshotUrl": "https://cocam.carsprogram.org/Snapshots/470E00125CAM1RHS.flv.png",
        "streamUrl": "https://publicstreamer1.cotrip.org:443/rtplive/470E00125CAM1RHS/playlist.m3u8",
        "cameraCode": "470E00125CAM1RHS",
        "source": "COtrip",
        "state": "Colorado"
      }
    },
    {
      "type": "Feature",
      "geometry": {
        "type": "Point",
        "coordinates": [
          -105.18887,
          39.67466
        ]
      },
      "properties": {
        "id": "470E00270CAM1RHS",
        "title": "C-470 MP 002.70 EB : 0.9 miles E of W Alameda Pkwy",
        "snapshotUrl": "https://cocam.carsprogram.org/Snapshots/470E00270CAM1RHS.flv.png",
        "streamUrl": "https://publicstreamer1.cotrip.org:443/rtplive/470E00270CAM1RHS/playlist.m3u8",
        "cameraCode": "470E00270CAM1RHS",
        "source": "COtrip",
        "state": "Colorado"
      }
    },
    {
      "type": "Feature",
      "geometry": {
        "type": "Point",
        "coordinates": [
          -105.18146,
          39.6544
        ]
      },
      "properties": {
        "id": "470E00415CAM1MED",
        "title": "C-470 MP 004.15 EB : 0.1 miles W of CO-8/W Morrison Rd",
        "snapshotUrl": "https://cocam.carsprogram.org/Snapshots/470E00415CAM1MED.flv.png",
        "streamUrl": "https://publicstreamer4.cotrip.org:443/rtplive/470E00415CAM1MED/playlist.m3u8",
        "cameraCode": "470E00415CAM1MED",
        "source": "COtrip",
        "state": "Colorado"
      }
    },
    {
      "type": "Feature",
      "geometry": {
        "type": "Point",
        "coordinates": [
          -105.1667,
          39.63761
        ]
      },
      "properties": {
        "id": "470W00565CAM1RHS",
        "title": "C-470 MP 005.65 WB at US-285",
        "snapshotUrl": "https://cocam.carsprogram.org/Snapshots/470W00565CAM1RHS.flv.png",
        "streamUrl": "https://publicstreamer3.cotrip.org:443/rtplive/470W00565CAM1RHS/playlist.m3u8",
        "cameraCode": "470W00565CAM1RHS",
        "source": "COtrip",
        "state": "Colorado"
      }
    },
    {
      "type": "Feature",
      "geometry": {
        "type": "Point",
        "coordinates": [
          -105.15185,
          39.62285
        ]
      },
      "properties": {
        "id": "470W00695CAM1GP2",
        "title": "C-470 MP 006.95 WB : 0.8 miles E of Quincy Ave",
        "snapshotUrl": "https://cocam.carsprogram.org/Snapshots/470W00695CAM1GP2.flv.png",
        "streamUrl": "https://publicstreamer1.cotrip.org:443/rtplive/470W00695CAM1GP2/playlist.m3u8",
        "cameraCode": "470W00695CAM1GP2",
        "source": "COtrip",
        "state": "Colorado"
      }
    },
    {
      "type": "Feature",
      "geometry": {
        "type": "Point",
        "coordinates": [
          -105.15387,
          39.60942
        ]
      },
      "properties": {
        "id": "470E00790CAM1RP1",
        "title": "C-470 MP 007.90 EB at W Bowles Ave C-470 EB On-ramp",
        "snapshotUrl": "https://cocam.carsprogram.org/Snapshots/470E00790CAM1RP1.flv.png",
        "streamUrl": "https://publicstreamer4.cotrip.org:443/rtplive/470E00790CAM1RP1/playlist.m3u8",
        "cameraCode": "470E00790CAM1RP1",
        "source": "COtrip",
        "state": "Colorado"
      }
    },
    {
      "type": "Feature",
      "geometry": {
        "type": "Point",
        "coordinates": [
          -105.15072,
          39.59764
        ]
      },
      "properties": {
        "id": "470W00875CAM1RHS",
        "title": "C-470 MP 008.75 WB : 0.9 miles E of W Bowles Ave",
        "snapshotUrl": "https://cocam.carsprogram.org/Snapshots/470W00875CAM1RHS.flv.png",
        "streamUrl": "https://publicstreamer3.cotrip.org:443/rtplive/470W00875CAM1RHS/playlist.m3u8",
        "cameraCode": "470W00875CAM1RHS",
        "source": "COtrip",
        "state": "Colorado"
      }
    },
    {
      "type": "Feature",
      "geometry": {
        "type": "Point",
        "coordinates": [
          -105.14214,
          39.57865
        ]
      },
      "properties": {
        "id": "470E01015CAM1RHS",
        "title": "C-470 MP 010.15 EB at W Ken Caryl Ave",
        "snapshotUrl": "https://cocam.carsprogram.org/Snapshots/470E01015CAM1RHS.flv.png",
        "streamUrl": "https://publicstreamer4.cotrip.org:443/rtplive/470E01015CAM1RHS/playlist.m3u8",
        "cameraCode": "470E01015CAM1RHS",
        "source": "COtrip",
        "state": "Colorado"
      }
    },
    {
      "type": "Feature",
      "geometry": {
        "type": "Point",
        "coordinates": [
          -105.12422,
          39.56192
        ]
      },
      "properties": {
        "id": "470E01170CAM1RHS",
        "title": "C-470 MP 011.70 EB : 0.8 miles W of S Kipling Pkwy",
        "snapshotUrl": "https://cocam.carsprogram.org/Snapshots/470E01170CAM1RHS.flv.png",
        "streamUrl": "https://publicstreamer3.cotrip.org:443/rtplive/470E01170CAM1RHS/playlist.m3u8",
        "cameraCode": "470E01170CAM1RHS",
        "source": "COtrip",
        "state": "Colorado"
      }
    },
    {
      "type": "Feature",
      "geometry": {
        "type": "Point",
        "coordinates": [
          -105.10973,
          39.55945
        ]
      },
      "properties": {
        "id": "470E01245CAM1SEC",
        "title": "C-470 MP 012.45 EB at S Kipling Pkwy Ramp to EB C-470",
        "snapshotUrl": "https://cocam.carsprogram.org/Snapshots/470E01245CAM1SEC.flv.png",
        "streamUrl": "https://publicstreamer1.cotrip.org:443/rtplive/470E01245CAM1SEC/playlist.m3u8",
        "cameraCode": "470E01245CAM1SEC",
        "source": "COtrip",
        "state": "Colorado"
      }
    },
    {
      "type": "Feature",
      "geometry": {
        "type": "Point",
        "coordinates": [
          -105.10978,
          39.56093
        ]
      },
      "properties": {
        "id": "470W01245CAM1NEC",
        "title": "C-470 MP 012.45 WB at WB C-470 Ramp to S Kipling Pkwy",
        "snapshotUrl": "https://cocam.carsprogram.org/Snapshots/470W01245CAM1NEC.flv.png",
        "streamUrl": "https://publicstreamer2.cotrip.org:443/rtplive/470W01245CAM1NEC/playlist.m3u8",
        "cameraCode": "470W01245CAM1NEC",
        "source": "COtrip",
        "state": "Colorado"
      }
    },
    {
      "type": "Feature",
      "geometry": {
        "type": "Point",
        "coordinates": [
          -105.10893,
          39.56017
        ]
      },
      "properties": {
        "id": "470E01250CAM1MED",
        "title": "C-470 MP 012.50 EB at S Kipling Pkwy",
        "snapshotUrl": "https://cocam.carsprogram.org/Snapshots/470E01250CAM1MED.flv.png",
        "streamUrl": "https://publicstreamer1.cotrip.org:443/rtplive/470E01250CAM1MED/playlist.m3u8",
        "cameraCode": "470E01250CAM1MED",
        "source": "COtrip",
        "state": "Colorado"
      }
    },
    {
      "type": "Feature",
      "geometry": {
        "type": "Point",
        "coordinates": [
          -105.07935,
          39.55763
        ]
      },
      "properties": {
        "id": "470W01430CAM1RHS",
        "title": "C-470 MP 013.40 WB : 0.4 miles E of S Wadsworth Blvd/CO 121",
        "snapshotUrl": "https://cocam.carsprogram.org/Snapshots/470W01430CAM1RHS.flv.png",
        "streamUrl": "https://publicstreamer1.cotrip.org:443/rtplive/470W01430CAM1RHS/playlist.m3u8",
        "cameraCode": "470W01430CAM1RHS",
        "source": "COtrip",
        "state": "Colorado"
      }
    },
    {
      "type": "Feature",
      "geometry": {
        "type": "Point",
        "coordinates": [
          -105.08443,
          39.554
        ]
      },
      "properties": {
        "id": "470E01395CAM1RHS",
        "title": "C-470 MP 013.95 EB at S Wadsworth Blvd/CO 121",
        "snapshotUrl": "https://cocam.carsprogram.org/Snapshots/470E01395CAM1RHS.flv.png",
        "streamUrl": "https://publicstreamer2.cotrip.org:443/rtplive/470E01395CAM1RHS/playlist.m3u8",
        "cameraCode": "470E01395CAM1RHS",
        "source": "COtrip",
        "state": "Colorado"
      }
    },
    {
      "type": "Feature",
      "geometry": {
        "type": "Point",
        "coordinates": [
          -105.07615,
          39.55931
        ]
      },
      "properties": {
        "id": "470E01450CAM1RHS",
        "title": "C-470 MP 014.50 EB : 0.7 miles E of S Wadsworth Blvd/CO 121",
        "snapshotUrl": "https://cocam.carsprogram.org/Snapshots/470E01450CAM1RHS.flv.png",
        "streamUrl": "https://publicstreamer3.cotrip.org:443/rtplive/470E01450CAM1RHS/playlist.m3u8",
        "cameraCode": "470E01450CAM1RHS",
        "source": "COtrip",
        "state": "Colorado"
      }
    },
    {
      "type": "Feature",
      "geometry": {
        "type": "Point",
        "coordinates": [
          -105.06978,
          39.56453
        ]
      },
      "properties": {
        "id": "470W01500CAM1RHS",
        "title": "C-470 MP 015.00 WB : 0.5 miles W of S Platte Canyon Rd/CO 75",
        "snapshotUrl": "https://cocam.carsprogram.org/Snapshots/470W01500CAM1RHS.flv.png",
        "streamUrl": "https://publicstreamer4.cotrip.org:443/rtplive/470W01500CAM1RHS/playlist.m3u8",
        "cameraCode": "470W01500CAM1RHS",
        "source": "COtrip",
        "state": "Colorado"
      }
    },
    {
      "type": "Feature",
      "geometry": {
        "type": "Point",
        "coordinates": [
          -105.06018,
          39.56658
        ]
      },
      "properties": {
        "id": "470W01555CAM1RHS",
        "title": "C-470 MP 015.55 WB : 0.1 miles E of S Platte Canyon Rd/CO 75",
        "snapshotUrl": "https://cocam.carsprogram.org/Snapshots/470W01555CAM1RHS.flv.png",
        "streamUrl": "https://publicstreamer2.cotrip.org:443/rtplive/470W01555CAM1RHS/playlist.m3u8",
        "cameraCode": "470W01555CAM1RHS",
        "source": "COtrip",
        "state": "Colorado"
      }
    },
    {
      "type": "Feature",
      "geometry": {
        "type": "Point",
        "coordinates": [
          -105.04572,
          39.56793
        ]
      },
      "properties": {
        "id": "470W01630CAM1RHS",
        "title": "C-470 MP 016.30 WB : 0.9 miles W of S Santa Fe Dr/US 85",
        "snapshotUrl": "https://cocam.carsprogram.org/Snapshots/470W01630CAM1RHS.flv.png",
        "streamUrl": "https://publicstreamer1.cotrip.org:443/rtplive/470W01630CAM1RHS/playlist.m3u8",
        "cameraCode": "470W01630CAM1RHS",
        "source": "COtrip",
        "state": "Colorado"
      }
    },
    {
      "type": "Feature",
      "geometry": {
        "type": "Point",
        "coordinates": [
          -105.03815,
          39.5648
        ]
      },
      "properties": {
        "id": "470E01675CAM1RHS",
        "title": "C-470 MP 016.75 EB : 0.3 miles W of S Santa Fe Dr/US 85",
        "snapshotUrl": "https://cocam.carsprogram.org/Snapshots/470E01675CAM1RHS.flv.png",
        "streamUrl": "https://publicstreamer3.cotrip.org:443/rtplive/470E01675CAM1RHS/playlist.m3u8",
        "cameraCode": "470E01675CAM1RHS",
        "source": "COtrip",
        "state": "Colorado"
      }
    },
    {
      "type": "Feature",
      "geometry": {
        "type": "Point",
        "coordinates": [
          -105.03328,
          39.56448
        ]
      },
      "properties": {
        "id": "470E01705CAM1RP1",
        "title": "C-470 MP 017.05 EB at S Santa Fe Dr/US 85",
        "snapshotUrl": "https://cocam.carsprogram.org/Snapshots/470E01705CAM1RP1.flv.png",
        "streamUrl": "https://publicstreamer1.cotrip.org:443/rtplive/470E01705CAM1RP1/playlist.m3u8",
        "cameraCode": "470E01705CAM1RP1",
        "source": "COtrip",
        "state": "Colorado"
      }
    },
    {
      "type": "Feature",
      "geometry": {
        "type": "Point",
        "coordinates": [
          -105.02146,
          39.56383
        ]
      },
      "properties": {
        "id": "470E01775CAM1RHS",
        "title": "C-470 MP 017.75 EB : 0.7 miles E of S Santa Fe Dr/US 85",
        "snapshotUrl": "https://cocam.carsprogram.org/Snapshots/470E01775CAM1RHS.flv.png",
        "streamUrl": "https://publicstreamer3.cotrip.org:443/rtplive/470E01775CAM1RHS/playlist.m3u8",
        "cameraCode": "470E01775CAM1RHS",
        "source": "COtrip",
        "state": "Colorado"
      }
    },
    {
      "type": "Feature",
      "geometry": {
        "type": "Point",
        "coordinates": [
          -105.01539,
          39.56188
        ]
      },
      "properties": {
        "id": "470E01800CAM1RHS",
        "title": "C-470 MP 018.00 EB : 0.5 miles W of Lucent Blvd",
        "snapshotUrl": "https://cocam.carsprogram.org/Snapshots/470E01800CAM1RHS.flv.png",
        "streamUrl": "https://publicstreamer3.cotrip.org:443/rtplive/470E01800CAM1RHS/playlist.m3u8",
        "cameraCode": "470E01800CAM1RHS",
        "source": "COtrip",
        "state": "Colorado"
      }
    },
    {
      "type": "Feature",
      "geometry": {
        "type": "Point",
        "coordinates": [
          -105.00862,
          39.56063
        ]
      },
      "properties": {
        "id": "470W01840CAM1RHS",
        "title": "C-470 MP 018.40 WB at Lucent Blvd",
        "snapshotUrl": "https://cocam.carsprogram.org/Snapshots/470W01840CAM1RHS.flv.png",
        "streamUrl": "https://publicstreamer3.cotrip.org:443/rtplive/470W01840CAM1RHS/playlist.m3u8",
        "cameraCode": "470W01840CAM1RHS",
        "source": "COtrip",
        "state": "Colorado"
      }
    },
    {
      "type": "Feature",
      "geometry": {
        "type": "Point",
        "coordinates": [
          -105.00638,
          39.55892
        ]
      },
      "properties": {
        "id": "470E01855CAM1RP1",
        "title": "C-470 MP 018.55 EB : 0.1 miles E of Lucent Blvd",
        "snapshotUrl": "https://cocam.carsprogram.org/Snapshots/470E01855CAM1RP1.flv.png",
        "streamUrl": "https://publicstreamer3.cotrip.org:443/rtplive/470E01855CAM1RP1/playlist.m3u8",
        "cameraCode": "470E01855CAM1RP1",
        "source": "COtrip",
        "state": "Colorado"
      }
    },
    {
      "type": "Feature",
      "geometry": {
        "type": "Point",
        "coordinates": [
          -104.99669,
          39.55957
        ]
      },
      "properties": {
        "id": "470E01900CAM1RHS",
        "title": "C-470 MP 019.00 EB : 0.6 miles E of Lucent Blvd",
        "snapshotUrl": "https://cocam.carsprogram.org/Snapshots/470E01900CAM1RHS.flv.png",
        "streamUrl": "https://publicstreamer2.cotrip.org:443/rtplive/470E01900CAM1RHS/playlist.m3u8",
        "cameraCode": "470E01900CAM1RHS",
        "source": "COtrip",
        "state": "Colorado"
      }
    },
    {
      "type": "Feature",
      "geometry": {
        "type": "Point",
        "coordinates": [
          -104.98866,
          39.56426
        ]
      },
      "properties": {
        "id": "470W01955CAM1RHS",
        "title": "C-470 MP 019.55 WB at S Broadway",
        "snapshotUrl": "https://cocam.carsprogram.org/Snapshots/470W01955CAM1RHS.flv.png",
        "streamUrl": "https://publicstreamer2.cotrip.org:443/rtplive/470W01955CAM1RHS/playlist.m3u8",
        "cameraCode": "470W01955CAM1RHS",
        "source": "COtrip",
        "state": "Colorado"
      }
    },
    {
      "type": "Feature",
      "geometry": {
        "type": "Point",
        "coordinates": [
          -104.98164,
          39.56569
        ]
      },
      "properties": {
        "id": "470W01995CAM1RHS",
        "title": "C-470 MP 019.95 WB : 0.3 miles E of S Broadway",
        "snapshotUrl": "https://cocam.carsprogram.org/Snapshots/470W01995CAM1RHS.flv.png",
        "streamUrl": "https://publicstreamer3.cotrip.org:443/rtplive/470W01995CAM1RHS/playlist.m3u8",
        "cameraCode": "470W01995CAM1RHS",
        "source": "COtrip",
        "state": "Colorado"
      }
    },
    {
      "type": "Feature",
      "geometry": {
        "type": "Point",
        "coordinates": [
          -104.97412,
          39.56524
        ]
      },
      "properties": {
        "id": "470W02035CAM1RHS",
        "title": "C-470 MP 020.35 WB : 0.7 miles W of S University Blvd/CO 177",
        "snapshotUrl": "https://cocam.carsprogram.org/Snapshots/470W02035CAM1RHS.flv.png",
        "streamUrl": "https://publicstreamer3.cotrip.org:443/rtplive/470W02035CAM1RHS/playlist.m3u8",
        "cameraCode": "470W02035CAM1RHS",
        "source": "COtrip",
        "state": "Colorado"
      }
    },
    {
      "type": "Feature",
      "geometry": {
        "type": "Point",
        "coordinates": [
          -104.96699,
          39.5637
        ]
      },
      "properties": {
        "id": "470E02075CAM1RHS",
        "title": "C-470 MP 020.75 EB : 0.4 miles W of S University Blvd/CO 177",
        "snapshotUrl": "https://cocam.carsprogram.org/Snapshots/470E02075CAM1RHS.flv.png",
        "streamUrl": "https://publicstreamer3.cotrip.org:443/rtplive/470E02075CAM1RHS/playlist.m3u8",
        "cameraCode": "470E02075CAM1RHS",
        "source": "COtrip",
        "state": "Colorado"
      }
    },
    {
      "type": "Feature",
      "geometry": {
        "type": "Point",
        "coordinates": [
          -104.96,
          39.56309
        ]
      },
      "properties": {
        "id": "470E02110CAM1RHS",
        "title": "C-470 MP 021.10 EB at S University Blvd/CO 177",
        "snapshotUrl": "https://cocam.carsprogram.org/Snapshots/470E02110CAM1RHS.flv.png",
        "streamUrl": "https://publicstreamer1.cotrip.org:443/rtplive/470E02110CAM1RHS/playlist.m3u8",
        "cameraCode": "470E02110CAM1RHS",
        "source": "COtrip",
        "state": "Colorado"
      }
    },
    {
      "type": "Feature",
      "geometry": {
        "type": "Point",
        "coordinates": [
          -104.94947,
          39.56374
        ]
      },
      "properties": {
        "id": "470W02165CAM1RHS",
        "title": "C-470 MP 021.65 WB : 0.6 miles E of S University Blvd/CO 177",
        "snapshotUrl": "https://cocam.carsprogram.org/Snapshots/470W02165CAM1RHS.flv.png",
        "streamUrl": "https://publicstreamer1.cotrip.org:443/rtplive/470W02165CAM1RHS/playlist.m3u8",
        "cameraCode": "470W02165CAM1RHS",
        "source": "COtrip",
        "state": "Colorado"
      }
    },
    {
      "type": "Feature",
      "geometry": {
        "type": "Point",
        "coordinates": [
          -104.94176,
          39.56058
        ]
      },
      "properties": {
        "id": "470E02210CAM1RHS",
        "title": "C-470 MP 022.10 EB at S Colorado Blvd",
        "snapshotUrl": "https://cocam.carsprogram.org/Snapshots/470E02210CAM1RHS.flv.png",
        "streamUrl": "https://publicstreamer2.cotrip.org:443/rtplive/470E02210CAM1RHS/playlist.m3u8",
        "cameraCode": "470E02210CAM1RHS",
        "source": "COtrip",
        "state": "Colorado"
      }
    },
    {
      "type": "Feature",
      "geometry": {
        "type": "Point",
        "coordinates": [
          -104.93304,
          39.56058
        ]
      },
      "properties": {
        "id": "470E02255CAM1RHS",
        "title": "C-470 MP 022.55 EB : 0.5 miles E of S Colorado Blvd",
        "snapshotUrl": "https://cocam.carsprogram.org/Snapshots/470E02255CAM1RHS.flv.png",
        "streamUrl": "https://publicstreamer3.cotrip.org:443/rtplive/470E02255CAM1RHS/playlist.m3u8",
        "cameraCode": "470E02255CAM1RHS",
        "source": "COtrip",
        "state": "Colorado"
      }
    },
    {
      "type": "Feature",
      "geometry": {
        "type": "Point",
        "coordinates": [
          -104.92787,
          39.56199
        ]
      },
      "properties": {
        "id": "470W02290CAM1RHS",
        "title": "C-470 MP 022.90 WB : 0.8 miles E of Colorado Blvd",
        "snapshotUrl": "https://cocam.carsprogram.org/Snapshots/470W02290CAM1RHS.flv.png",
        "streamUrl": "https://publicstreamer1.cotrip.org:443/rtplive/470W02290CAM1RHS/playlist.m3u8",
        "cameraCode": "470W02290CAM1RHS",
        "source": "COtrip",
        "state": "Colorado"
      }
    },
    {
      "type": "Feature",
      "geometry": {
        "type": "Point",
        "coordinates": [
          -104.9221,
          39.5633
        ]
      },
      "properties": {
        "id": "470E02315CAM1RHS",
        "title": "C-470 MP 023.15 EB : 1.1 miles W of S Quebec St",
        "snapshotUrl": "https://cocam.carsprogram.org/Snapshots/470E02315CAM1RHS.flv.png",
        "streamUrl": "https://publicstreamer4.cotrip.org:443/rtplive/470E02315CAM1RHS/playlist.m3u8",
        "cameraCode": "470E02315CAM1RHS",
        "source": "COtrip",
        "state": "Colorado"
      }
    },
    {
      "type": "Feature",
      "geometry": {
        "type": "Point",
        "coordinates": [
          -104.90506,
          39.56414
        ]
      },
      "properties": {
        "id": "470W02410CAM1RP1",
        "title": "C-470 MP 024.10 WB at S Quebec St",
        "snapshotUrl": "https://cocam.carsprogram.org/Snapshots/470W02410CAM1RP1.flv.png",
        "streamUrl": "https://publicstreamer2.cotrip.org:443/rtplive/470W02410CAM1RP1/playlist.m3u8",
        "cameraCode": "470W02410CAM1RP1",
        "source": "COtrip",
        "state": "Colorado"
      }
    },
    {
      "type": "Feature",
      "geometry": {
        "type": "Point",
        "coordinates": [
          -104.8931,
          39.56451
        ]
      },
      "properties": {
        "id": "470W02465CAM1RHS",
        "title": "C-470 MP 024.65 WB : 0.6 miles E of S Quebec St",
        "snapshotUrl": "https://cocam.carsprogram.org/Snapshots/470W02465CAM1RHS.flv.png",
        "streamUrl": "https://publicstreamer2.cotrip.org:443/rtplive/470W02465CAM1RHS/playlist.m3u8",
        "cameraCode": "470W02465CAM1RHS",
        "source": "COtrip",
        "state": "Colorado"
      }
    },
    {
      "type": "Feature",
      "geometry": {
        "type": "Point",
        "coordinates": [
          -104.88125,
          39.55881
        ]
      },
      "properties": {
        "id": "470W02555CAM1RHS",
        "title": "C-470 MP 025.55 WB at S Yosemite St",
        "snapshotUrl": "https://cocam.carsprogram.org/Snapshots/470W02555CAM1RHS.flv.png",
        "streamUrl": "https://publicstreamer4.cotrip.org:443/rtplive/470W02555CAM1RHS/playlist.m3u8",
        "cameraCode": "470W02555CAM1RHS",
        "source": "COtrip",
        "state": "Colorado"
      }
    },
    {
      "type": "Feature",
      "geometry": {
        "type": "Point",
        "coordinates": [
          -104.87726,
          39.55587
        ]
      },
      "properties": {
        "id": "470E02585CAM1RHS",
        "title": "C-470 MP 025.85 EB : 0.3 miles E of S Yosemite St",
        "snapshotUrl": "https://cocam.carsprogram.org/Snapshots/470E02585CAM1RHS.flv.png",
        "streamUrl": "https://publicstreamer1.cotrip.org:443/rtplive/470E02585CAM1RHS/playlist.m3u8",
        "cameraCode": "470E02585CAM1RHS",
        "source": "COtrip",
        "state": "Colorado"
      }
    },
    {
      "type": "Feature",
      "geometry": {
        "type": "Point",
        "coordinates": [
          -104.87405,
          39.55647
        ]
      },
      "properties": {
        "id": "470W02595CAM1RP1",
        "title": "C-470 MP 025.95 WB : SB I-25 Ramp to WB C-470",
        "snapshotUrl": "https://cocam.carsprogram.org/Snapshots/470W02595CAM1RP1.flv.png",
        "streamUrl": "https://publicstreamer2.cotrip.org:443/rtplive/470W02595CAM1RP1/playlist.m3u8",
        "cameraCode": "470W02595CAM1RP1",
        "source": "COtrip",
        "state": "Colorado"
      }
    },
    {
      "type": "Feature",
      "geometry": {
        "type": "Point",
        "coordinates": [
          -104.87185,
          39.55608
        ]
      },
      "properties": {
        "id": "470W02610CAM1RP1",
        "title": "C-470 MP 026.10 WB at NB I-25 to WB C-470 Ramp",
        "snapshotUrl": "https://cocam.carsprogram.org/Snapshots/470W02610CAM1RP1.flv.png",
        "streamUrl": "https://publicstreamer4.cotrip.org:443/rtplive/470W02610CAM1RP1/playlist.m3u8",
        "cameraCode": "470W02610CAM1RP1",
        "source": "COtrip",
        "state": "Colorado"
      }
    },
    {
      "type": "Feature",
      "geometry": {
        "type": "Point",
        "coordinates": [
          -104.8715,
          39.5556
        ]
      },
      "properties": {
        "id": "470W02615CAM1RHS",
        "title": "C-470 MP 026.15 WB at I-25",
        "snapshotUrl": "https://cocam.carsprogram.org/Snapshots/470W02615CAM1RHS.flv.png",
        "streamUrl": "https://publicstreamer3.cotrip.org:443/rtplive/470W02615CAM1RHS/playlist.m3u8",
        "cameraCode": "470W02615CAM1RHS",
        "source": "COtrip",
        "state": "Colorado"
      }
    },
    {
      "type": "Feature",
      "geometry": {
        "type": "Point",
        "coordinates": [
          -106.1455,
          38.08902
        ]
      },
      "properties": {
        "id": "114W06150CAM1RHS",
        "title": "CO 114 MP 061.50 WB : 0.2 mi W of 8th St/US 285 Saguache",
        "snapshotUrl": "https://cocam.carsprogram.org/Snapshots/114W06150CAM1RHS.flv.png",
        "streamUrl": "https://publicstreamer2.cotrip.org:443/rtplive/114W06150CAM1RHS/playlist.m3u8",
        "cameraCode": "114W06150CAM1RHS",
        "source": "COtrip",
        "state": "Colorado"
      }
    },
    {
      "type": "Feature",
      "geometry": {
        "type": "Point",
        "coordinates": [
          -105.02814,
          38.42518
        ]
      },
      "properties": {
        "id": "115S01485CAM1SWC",
        "title": "CO 115 MP 014.85 SB at Marilyn Dr/Broadway St in Penrose",
        "snapshotUrl": "https://cocam.carsprogram.org/Snapshots/115S01485CAM1SWC.flv.png",
        "streamUrl": "https://publicstreamer1.cotrip.org:443/rtplive/115S01485CAM1SWC/playlist.m3u8",
        "cameraCode": "115S01485CAM1SWC",
        "source": "COtrip",
        "state": "Colorado"
      }
    },
    {
      "type": "Feature",
      "geometry": {
        "type": "Point",
        "coordinates": [
          -105.02478,
          38.42733
        ]
      },
      "properties": {
        "id": "115N01510CAM1RHS",
        "title": "CO 115 MP 015.10 NB : 1.3 miles N of US 50 in Penrose",
        "snapshotUrl": "https://cocam.carsprogram.org/Snapshots/115N01510CAM1RHS.flv.png",
        "streamUrl": "https://publicstreamer2.cotrip.org:443/rtplive/115N01510CAM1RHS/playlist.m3u8",
        "cameraCode": "115N01510CAM1RHS",
        "source": "COtrip",
        "state": "Colorado"
      }
    },
    {
      "type": "Feature",
      "geometry": {
        "type": "Point",
        "coordinates": [
          -104.86836,
          38.63738
        ]
      },
      "properties": {
        "id": "115S03365CAM1RHS",
        "title": "CO 115 MP 033.65 SB : 1.7 miles N of Turkey Canyon Ranch Rd",
        "snapshotUrl": "https://cocam.carsprogram.org/Snapshots/115S03365CAM1RHS.flv.png",
        "streamUrl": "https://publicstreamer4.cotrip.org:443/rtplive/115S03365CAM1RHS/playlist.m3u8",
        "cameraCode": "115S03365CAM1RHS",
        "source": "COtrip",
        "state": "Colorado"
      }
    },
    {
      "type": "Feature",
      "geometry": {
        "type": "Point",
        "coordinates": [
          -104.86253,
          38.66711
        ]
      },
      "properties": {
        "id": "115N03570CAM1RHS",
        "title": "CO 115 MP 035.70 NB : 0.2 miles S of Roca Roja Cir",
        "snapshotUrl": "https://cocam.carsprogram.org/Snapshots/115N03570CAM1RHS.flv.png",
        "streamUrl": "https://publicstreamer2.cotrip.org:443/rtplive/115N03570CAM1RHS/playlist.m3u8",
        "cameraCode": "115N03570CAM1RHS",
        "source": "COtrip",
        "state": "Colorado"
      }
    },
    {
      "type": "Feature",
      "geometry": {
        "type": "Point",
        "coordinates": [
          -104.83886,
          38.68917
        ]
      },
      "properties": {
        "id": "115N03785CAM1RHS",
        "title": "CO 115 MP 037.85 NB : 0.4 miles S of Old Canon City Rd",
        "snapshotUrl": "https://cocam.carsprogram.org/Snapshots/115N03785CAM1RHS.flv.png",
        "streamUrl": "https://publicstreamer2.cotrip.org:443/rtplive/115N03785CAM1RHS/playlist.m3u8",
        "cameraCode": "115N03785CAM1RHS",
        "source": "COtrip",
        "state": "Colorado"
      }
    },
    {
      "type": "Feature",
      "geometry": {
        "type": "Point",
        "coordinates": [
          -104.81886,
          38.72001
        ]
      },
      "properties": {
        "id": "115S04035CAM1NWC",
        "title": "CO 115 MP 040.35 SB at Pine Oaks Rd in Fort Carson",
        "snapshotUrl": "https://cocam.carsprogram.org/Snapshots/115S04035CAM1NWC.flv.png",
        "streamUrl": "https://publicstreamer2.cotrip.org:443/rtplive/115S04035CAM1NWC/playlist.m3u8",
        "cameraCode": "115S04035CAM1NWC",
        "source": "COtrip",
        "state": "Colorado"
      }
    },
    {
      "type": "Feature",
      "geometry": {
        "type": "Point",
        "coordinates": [
          -104.81403,
          38.76612
        ]
      },
      "properties": {
        "id": "115S04385CAM1RP1",
        "title": "CO 115 MP 043.85 SB at S Academy Blvd in Fort Carson",
        "snapshotUrl": "https://cocam.carsprogram.org/Snapshots/115S04385CAM1RP1.flv.png",
        "streamUrl": "https://publicstreamer3.cotrip.org:443/rtplive/115S04385CAM1RP1/playlist.m3u8",
        "cameraCode": "115S04385CAM1RP1",
        "source": "COtrip",
        "state": "Colorado"
      }
    },
    {
      "type": "Feature",
      "geometry": {
        "type": "Point",
        "coordinates": [
          -105.39995,
          39.74847
        ]
      },
      "properties": {
        "id": "119S00015CAM1RHS",
        "title": "CO 119 MP 000.15 SB : 0.2 miles N of US 6",
        "snapshotUrl": "https://cocam.carsprogram.org/Snapshots/119S00015CAM1RHS.flv.png",
        "streamUrl": "https://publicstreamer1.cotrip.org:443/rtplive/119S00015CAM1RHS/playlist.m3u8",
        "cameraCode": "119S00015CAM1RHS",
        "source": "COtrip",
        "state": "Colorado"
      }
    },
    {
      "type": "Feature",
      "geometry": {
        "type": "Point",
        "coordinates": [
          -105.40138,
          39.75226
        ]
      },
      "properties": {
        "id": "119S00040CAM1RHS",
        "title": "CO 119 MP 000.40 SB : 0.5 miles N of US 6",
        "snapshotUrl": "https://cocam.carsprogram.org/Snapshots/119S00040CAM1RHS.flv.png",
        "streamUrl": "https://publicstreamer1.cotrip.org:443/rtplive/119S00040CAM1RHS/playlist.m3u8",
        "cameraCode": "119S00040CAM1RHS",
        "source": "COtrip",
        "state": "Colorado"
      }
    },
    {
      "type": "Feature",
      "geometry": {
        "type": "Point",
        "coordinates": [
          -105.41008,
          39.75543
        ]
      },
      "properties": {
        "id": "119S00100CAM1RHS",
        "title": "CO 119 MP 001.00 SB : 1.0 mile N of US 6",
        "snapshotUrl": "https://cocam.carsprogram.org/Snapshots/119S00100CAM1RHS.flv.png",
        "streamUrl": "https://publicstreamer4.cotrip.org:443/rtplive/119S00100CAM1RHS/playlist.m3u8",
        "cameraCode": "119S00100CAM1RHS",
        "source": "COtrip",
        "state": "Colorado"
      }
    },
    {
      "type": "Feature",
      "geometry": {
        "type": "Point",
        "coordinates": [
          -105.41962,
          39.76125
        ]
      },
      "properties": {
        "id": "119S00165CAM1RHS",
        "title": "CO 119 MP 001.65 SB : 1.7 miles N of US 6",
        "snapshotUrl": "https://cocam.carsprogram.org/Snapshots/119S00165CAM1RHS.flv.png",
        "streamUrl": "https://publicstreamer1.cotrip.org:443/rtplive/119S00165CAM1RHS/playlist.m3u8",
        "cameraCode": "119S00165CAM1RHS",
        "source": "COtrip",
        "state": "Colorado"
      }
    },
    {
      "type": "Feature",
      "geometry": {
        "type": "Point",
        "coordinates": [
          -105.42861,
          39.76371
        ]
      },
      "properties": {
        "id": "119S00215CAM1RHS",
        "title": "CO 119 MP 002.15 SB : 2.1 miles N of US 6",
        "snapshotUrl": "https://cocam.carsprogram.org/Snapshots/119S00215CAM1RHS.flv.png",
        "streamUrl": "https://publicstreamer4.cotrip.org:443/rtplive/119S00215CAM1RHS/playlist.m3u8",
        "cameraCode": "119S00215CAM1RHS",
        "source": "COtrip",
        "state": "Colorado"
      }
    },
    {
      "type": "Feature",
      "geometry": {
        "type": "Point",
        "coordinates": [
          -105.43801,
          39.76104
        ]
      },
      "properties": {
        "id": "119S00275CAM1RHS",
        "title": "CO 119 MP 002.75 SB : 2.8 miles N of US 6",
        "snapshotUrl": "https://cocam.carsprogram.org/Snapshots/119S00275CAM1RHS.flv.png",
        "streamUrl": "https://publicstreamer3.cotrip.org:443/rtplive/119S00275CAM1RHS/playlist.m3u8",
        "cameraCode": "119S00275CAM1RHS",
        "source": "COtrip",
        "state": "Colorado"
      }
    },
    {
      "type": "Feature",
      "geometry": {
        "type": "Point",
        "coordinates": [
          -105.44783,
          39.7649
        ]
      },
      "properties": {
        "id": "119S00335CAM1RHS",
        "title": "CO 119 MP 003.35 SB : 3.4 miles N of US 6",
        "snapshotUrl": "https://cocam.carsprogram.org/Snapshots/119S00335CAM1RHS.flv.png",
        "streamUrl": "https://publicstreamer3.cotrip.org:443/rtplive/119S00335CAM1RHS/playlist.m3u8",
        "cameraCode": "119S00335CAM1RHS",
        "source": "COtrip",
        "state": "Colorado"
      }
    },
    {
      "type": "Feature",
      "geometry": {
        "type": "Point",
        "coordinates": [
          -105.4502,
          39.76943
        ]
      },
      "properties": {
        "id": "119S00370CAM1RHS",
        "title": "CO 119 MP 003.70 SB : 3.5 miles S of Black Hawk St",
        "snapshotUrl": "https://cocam.carsprogram.org/Snapshots/119S00370CAM1RHS.flv.png",
        "streamUrl": "https://publicstreamer1.cotrip.org:443/rtplive/119S00370CAM1RHS/playlist.m3u8",
        "cameraCode": "119S00370CAM1RHS",
        "source": "COtrip",
        "state": "Colorado"
      }
    },
    {
      "type": "Feature",
      "geometry": {
        "type": "Point",
        "coordinates": [
          -105.09623,
          39.87825
        ]
      },
      "properties": {
        "id": "121S02335CAM1NWC",
        "title": "CO 121 MP 023.35 SB at W 100th Ave/Church Ranch Rd",
        "snapshotUrl": "https://cocam.carsprogram.org/Snapshots/121S02335CAM1NWC.flv.png",
        "streamUrl": "https://publicstreamer1.cotrip.org:443/rtplive/121S02335CAM1NWC/playlist.m3u8",
        "cameraCode": "121S02335CAM1NWC",
        "source": "COtrip",
        "state": "Colorado"
      }
    },
    {
      "type": "Feature",
      "geometry": {
        "type": "Point",
        "coordinates": [
          -105.09572,
          39.89274
        ]
      },
      "properties": {
        "id": "121N02435CAM1NEC",
        "title": "CO 121 MP 024.35 NB at W 108th Ave",
        "snapshotUrl": "https://cocam.carsprogram.org/Snapshots/121N02435CAM1NEC.flv.png",
        "streamUrl": "https://publicstreamer1.cotrip.org:443/rtplive/121N02435CAM1NEC/playlist.m3u8",
        "cameraCode": "121N02435CAM1NEC",
        "source": "COtrip",
        "state": "Colorado"
      }
    },
    {
      "type": "Feature",
      "geometry": {
        "type": "Point",
        "coordinates": [
          -105.09133,
          39.91756
        ]
      },
      "properties": {
        "id": "121N02615CAM1NEC",
        "title": "CO 121 MP 026.15 NB at WB US-36 Ramp to Wadsworth Pkwy",
        "snapshotUrl": "https://cocam.carsprogram.org/Snapshots/121N02615CAM1NEC.flv.png",
        "streamUrl": "https://publicstreamer1.cotrip.org:443/rtplive/121N02615CAM1NEC/playlist.m3u8",
        "cameraCode": "121N02615CAM1NEC",
        "source": "COtrip",
        "state": "Colorado"
      }
    },
    {
      "type": "Feature",
      "geometry": {
        "type": "Point",
        "coordinates": [
          -105.13818,
          39.91434
        ]
      },
      "properties": {
        "id": "128E00575CAM1SEC",
        "title": "CO 128 MP 005.75 EB at Simms St",
        "snapshotUrl": "https://cocam.carsprogram.org/Snapshots/128E00575CAM1SEC.flv.png",
        "streamUrl": "https://publicstreamer1.cotrip.org:443/rtplive/128E00575CAM1SEC/playlist.m3u8",
        "cameraCode": "128E00575CAM1SEC",
        "source": "COtrip",
        "state": "Colorado"
      }
    },
    {
      "type": "Feature",
      "geometry": {
        "type": "Point",
        "coordinates": [
          -104.7323,
          38.72546
        ]
      },
      "properties": {
        "id": "016E00015CAM1RHS",
        "title": "CO 16 MP 00.15 EB at I-25 in Fountain",
        "snapshotUrl": "https://cocam.carsprogram.org/Snapshots/016E00015CAM1RHS.flv.png",
        "streamUrl": "https://publicstreamer3.cotrip.org:443/rtplive/016E00015CAM1RHS/playlist.m3u8",
        "cameraCode": "016E00015CAM1RHS",
        "source": "COtrip",
        "state": "Colorado"
      }
    },
    {
      "type": "Feature",
      "geometry": {
        "type": "Point",
        "coordinates": [
          -104.68307,
          38.76109
        ]
      },
      "properties": {
        "id": "021S13455CAM1NWC",
        "title": "CO 21 MP 134.55 SB at Bradley Rd in Colorado Springs",
        "snapshotUrl": "https://cocam.carsprogram.org/Snapshots/021S13455CAM1NWC.flv.png",
        "streamUrl": "https://publicstreamer1.cotrip.org:443/rtplive/021S13455CAM1NWC/playlist.m3u8",
        "cameraCode": "021S13455CAM1NWC",
        "source": "COtrip",
        "state": "Colorado"
      }
    },
    {
      "type": "Feature",
      "geometry": {
        "type": "Point",
        "coordinates": [
          -104.71835,
          38.76728
        ]
      },
      "properties": {
        "id": "021S13660CAM1SWC",
        "title": "CO 21 MP 136.60 SB at Grinnell Blvd in Colorado Springs",
        "snapshotUrl": "https://cocam.carsprogram.org/Snapshots/021S13660CAM1SWC.flv.png",
        "streamUrl": "https://publicstreamer1.cotrip.org:443/rtplive/021S13660CAM1SWC/playlist.m3u8",
        "cameraCode": "021S13660CAM1SWC",
        "source": "COtrip",
        "state": "Colorado"
      }
    },
    {
      "type": "Feature",
      "geometry": {
        "type": "Point",
        "coordinates": [
          -104.98728,
          39.82369
        ]
      },
      "properties": {
        "id": "224E00030CAM1NEC",
        "title": "CO 224 MP 000.30 EB at CO 53/Broadway",
        "snapshotUrl": "https://cocam.carsprogram.org/Snapshots/224E00030CAM1NEC.flv.png",
        "streamUrl": "https://publicstreamer3.cotrip.org:443/rtplive/224E00030CAM1NEC/playlist.m3u8",
        "cameraCode": "224E00030CAM1NEC",
        "source": "COtrip",
        "state": "Colorado"
      }
    },
    {
      "type": "Feature",
      "geometry": {
        "type": "Point",
        "coordinates": [
          -104.98113,
          39.82387
        ]
      },
      "properties": {
        "id": "224W00060CAM1RHS",
        "title": "CO 224 MP 000.60 WB at I-25",
        "snapshotUrl": "https://cocam.carsprogram.org/Snapshots/224W00060CAM1RHS.flv.png",
        "streamUrl": "https://publicstreamer2.cotrip.org:443/rtplive/224W00060CAM1RHS/playlist.m3u8",
        "cameraCode": "224W00060CAM1RHS",
        "source": "COtrip",
        "state": "Colorado"
      }
    },
    {
      "type": "Feature",
      "geometry": {
        "type": "Point",
        "coordinates": [
          -104.98,
          39.82387
        ]
      },
      "properties": {
        "id": "224W00065CAM1RHS",
        "title": "CO 224 MP 000.65 WB : 0.1 miles E of I-25",
        "snapshotUrl": "https://cocam.carsprogram.org/Snapshots/224W00065CAM1RHS.flv.png",
        "streamUrl": "https://publicstreamer3.cotrip.org:443/rtplive/224W00065CAM1RHS/playlist.m3u8",
        "cameraCode": "224W00065CAM1RHS",
        "source": "COtrip",
        "state": "Colorado"
      }
    },
    {
      "type": "Feature",
      "geometry": {
        "type": "Point",
        "coordinates": [
          -107.87305,
          37.25438
        ]
      },
      "properties": {
        "id": "003N00160CAM1SWC",
        "title": "CO 3 MP 001.60 NB at CO 3/Saw Mill St, Durango",
        "snapshotUrl": "https://cocam.carsprogram.org/Snapshots/003N00160CAM1SWC.flv.png",
        "streamUrl": "https://publicstreamer3.cotrip.org:443/rtplive/003N00160CAM1SWC/playlist.m3u8",
        "cameraCode": "003N00160CAM1SWC",
        "source": "COtrip",
        "state": "Colorado"
      }
    },
    {
      "type": "Feature",
      "geometry": {
        "type": "Point",
        "coordinates": [
          -104.85253,
          39.88522
        ]
      },
      "properties": {
        "id": "044E00025CAM1SEC",
        "title": "CO 44 MP 000.25 EB at Peoria Pkwy in Commerce City",
        "snapshotUrl": "https://cocam.carsprogram.org/Snapshots/044E00025CAM1SEC.flv.png",
        "streamUrl": "https://publicstreamer4.cotrip.org:443/rtplive/044E00025CAM1SEC/playlist.m3u8",
        "cameraCode": "044E00025CAM1SEC",
        "source": "COtrip",
        "state": "Colorado"
      }
    },
    {
      "type": "Feature",
      "geometry": {
        "type": "Point",
        "coordinates": [
          -105.10272,
          40.00008
        ]
      },
      "properties": {
        "id": "007S06190CAM1SEC",
        "title": "CO 7 MP 061.90 SB at US 287 in Lafayette",
        "snapshotUrl": "https://cocam.carsprogram.org/Snapshots/007S06190CAM1SEC.flv.png",
        "streamUrl": "https://publicstreamer3.cotrip.org:443/rtplive/007S06190CAM1SEC/playlist.m3u8",
        "cameraCode": "007S06190CAM1SEC",
        "source": "COtrip",
        "state": "Colorado"
      }
    },
    {
      "type": "Feature",
      "geometry": {
        "type": "Point",
        "coordinates": [
          -105.10272,
          40.00008
        ]
      },
      "properties": {
        "id": "007N06215CAM1NWC",
        "title": "CO 7 MP 062.15 NB at N Carr Ave in Lafayette",
        "snapshotUrl": "https://cocam.carsprogram.org/Snapshots/007N06215CAM1NWC.flv.png",
        "streamUrl": "https://publicstreamer3.cotrip.org:443/rtplive/007N06215CAM1NWC/playlist.m3u8",
        "cameraCode": "007N06215CAM1NWC",
        "source": "COtrip",
        "state": "Colorado"
      }
    },
    {
      "type": "Feature",
      "geometry": {
        "type": "Point",
        "coordinates": [
          -105.09047,
          40.00021
        ]
      },
      "properties": {
        "id": "007N06255CAM1NEC",
        "title": "CO 7 MP 062.55 NB at N Public Rd in Lafayette",
        "snapshotUrl": "https://cocam.carsprogram.org/Snapshots/007N06255CAM1NEC.flv.png",
        "streamUrl": "https://publicstreamer3.cotrip.org:443/rtplive/007N06255CAM1NEC/playlist.m3u8",
        "cameraCode": "007N06255CAM1NEC",
        "source": "COtrip",
        "state": "Colorado"
      }
    },
    {
      "type": "Feature",
      "geometry": {
        "type": "Point",
        "coordinates": [
          -105.0746,
          40.00035
        ]
      },
      "properties": {
        "id": "007N06320CAM1NWC",
        "title": "CO 7 MP 063.20 NB at N 119th St in Lafayette",
        "snapshotUrl": "https://cocam.carsprogram.org/Snapshots/007N06320CAM1NWC.flv.png",
        "streamUrl": "https://publicstreamer3.cotrip.org:443/rtplive/007N06320CAM1NWC/playlist.m3u8",
        "cameraCode": "007N06320CAM1NWC",
        "source": "COtrip",
        "state": "Colorado"
      }
    },
    {
      "type": "Feature",
      "geometry": {
        "type": "Point",
        "coordinates": [
          -105.03689,
          40.00041
        ]
      },
      "properties": {
        "id": "007N06535CAM1NEC",
        "title": "CO 7 MP 065.35 NB at Bonanza Dr/Lowell Blvd in Broomfield",
        "snapshotUrl": "https://cocam.carsprogram.org/Snapshots/007N06535CAM1NEC.flv.png",
        "streamUrl": "https://publicstreamer3.cotrip.org:443/rtplive/007N06535CAM1NEC/playlist.m3u8",
        "cameraCode": "007N06535CAM1NEC",
        "source": "COtrip",
        "state": "Colorado"
      }
    },
    {
      "type": "Feature",
      "geometry": {
        "type": "Point",
        "coordinates": [
          -105.01797,
          40.00013
        ]
      },
      "properties": {
        "id": "007S06640CAM1SWC",
        "title": "CO 7 MP 066.40 SB at Mountain View Blvd in Broomfield",
        "snapshotUrl": "https://cocam.carsprogram.org/Snapshots/007S06640CAM1SWC.flv.png",
        "streamUrl": "https://publicstreamer3.cotrip.org:443/rtplive/007S06640CAM1SWC/playlist.m3u8",
        "cameraCode": "007S06640CAM1SWC",
        "source": "COtrip",
        "state": "Colorado"
      }
    },
    {
      "type": "Feature",
      "geometry": {
        "type": "Point",
        "coordinates": [
          -104.9974,
          40.00045
        ]
      },
      "properties": {
        "id": "007N06750CAM1NWC",
        "title": "CO 7 MP 067.50 NB at Huron St in Broomfield",
        "snapshotUrl": "https://cocam.carsprogram.org/Snapshots/007N06750CAM1NWC.flv.png",
        "streamUrl": "https://publicstreamer3.cotrip.org:443/rtplive/007N06750CAM1NWC/playlist.m3u8",
        "cameraCode": "007N06750CAM1NWC",
        "source": "COtrip",
        "state": "Colorado"
      }
    },
    {
      "type": "Feature",
      "geometry": {
        "type": "Point",
        "coordinates": [
          -105.13776,
          39.78371
        ]
      },
      "properties": {
        "id": "072W00030CAM1SEC",
        "title": "CO 72 MP 000.30 WB at W 48th Ave/W I-70 Frontage Rd N",
        "snapshotUrl": "https://cocam.carsprogram.org/Snapshots/072W00030CAM1SEC.flv.png",
        "streamUrl": "https://publicstreamer1.cotrip.org:443/rtplive/072W00030CAM1SEC/playlist.m3u8",
        "cameraCode": "072W00030CAM1SEC",
        "source": "COtrip",
        "state": "Colorado"
      }
    },
    {
      "type": "Feature",
      "geometry": {
        "type": "Point",
        "coordinates": [
          -105.1378,
          39.79103
        ]
      },
      "properties": {
        "id": "072W00080CAM1NEC",
        "title": "CO 72 MP 000.80 WB at W 52nd Ave",
        "snapshotUrl": "https://cocam.carsprogram.org/Snapshots/072W00080CAM1NEC.flv.png",
        "streamUrl": "https://publicstreamer4.cotrip.org:443/rtplive/072W00080CAM1NEC/playlist.m3u8",
        "cameraCode": "072W00080CAM1NEC",
        "source": "COtrip",
        "state": "Colorado"
      }
    },
    {
      "type": "Feature",
      "geometry": {
        "type": "Point",
        "coordinates": [
          -105.16521,
          39.81242
        ]
      },
      "properties": {
        "id": "072E00365CAM1SEC",
        "title": "CO 72 MP 003.65 EB at Indiana St",
        "snapshotUrl": "https://cocam.carsprogram.org/Snapshots/072E00365CAM1SEC.flv.png",
        "streamUrl": "https://publicstreamer1.cotrip.org:443/rtplive/072E00365CAM1SEC/playlist.m3u8",
        "cameraCode": "072E00365CAM1SEC",
        "source": "COtrip",
        "state": "Colorado"
      }
    },
    {
      "type": "Feature",
      "geometry": {
        "type": "Point",
        "coordinates": [
          -105.36523,
          39.67977
        ]
      },
      "properties": {
        "id": "074E00335CAM1NEC",
        "title": "CO 74 MP 003.35 EB at S Bergen Pkwy in Evergreen",
        "snapshotUrl": "https://cocam.carsprogram.org/Snapshots/074E00335CAM1NEC.flv.png",
        "streamUrl": "https://publicstreamer4.cotrip.org:443/rtplive/074E00335CAM1NEC/playlist.m3u8",
        "cameraCode": "074E00335CAM1NEC",
        "source": "COtrip",
        "state": "Colorado"
      }
    },
    {
      "type": "Feature",
      "geometry": {
        "type": "Point",
        "coordinates": [
          -105.35481,
          39.66321
        ]
      },
      "properties": {
        "id": "074E00450CAM1SEC",
        "title": "CO 74 MP 004.50 EB at Lewis Ridge Rd in Evergreen",
        "snapshotUrl": "https://cocam.carsprogram.org/Snapshots/074E00450CAM1SEC.flv.png",
        "streamUrl": "https://publicstreamer4.cotrip.org:443/rtplive/074E00450CAM1SEC/playlist.m3u8",
        "cameraCode": "074E00450CAM1SEC",
        "source": "COtrip",
        "state": "Colorado"
      }
    },
    {
      "type": "Feature",
      "geometry": {
        "type": "Point",
        "coordinates": [
          -104.75943,
          39.4565
        ]
      },
      "properties": {
        "id": "083S05535CAM1SWC",
        "title": "CO 83 MP 055.35 SB at N Pinery Pkwy in Parker",
        "snapshotUrl": "https://cocam.carsprogram.org/Snapshots/083S05535CAM1SWC.flv.png",
        "streamUrl": "https://publicstreamer4.cotrip.org:443/rtplive/083S05535CAM1SWC/playlist.m3u8",
        "cameraCode": "083S05535CAM1SWC",
        "source": "COtrip",
        "state": "Colorado"
      }
    },
    {
      "type": "Feature",
      "geometry": {
        "type": "Point",
        "coordinates": [
          -106.04207,
          39.47145
        ]
      },
      "properties": {
        "id": "009S08600CAM1RHS",
        "title": "CO 9 MP 086.00 SB at River Park Dr in Breckenridge",
        "snapshotUrl": "https://cocam.carsprogram.org/Snapshots/009S08600CAM1RHS.flv.png",
        "streamUrl": "https://publicstreamer4.cotrip.org:443/rtplive/009S08600CAM1RHS/playlist.m3u8",
        "cameraCode": "009S08600CAM1RHS",
        "source": "COtrip",
        "state": "Colorado"
      }
    },
    {
      "type": "Feature",
      "geometry": {
        "type": "Point",
        "coordinates": [
          -106.04215,
          39.4743
        ]
      },
      "properties": {
        "id": "009S08615CAM1SWC",
        "title": "CO 9 MP 086.15 SB at Broken Lance Dr in Breckenridge",
        "snapshotUrl": "https://cocam.carsprogram.org/Snapshots/009S08615CAM1SWC.flv.png",
        "streamUrl": "https://publicstreamer3.cotrip.org:443/rtplive/009S08615CAM1SWC/playlist.m3u8",
        "cameraCode": "009S08615CAM1SWC",
        "source": "COtrip",
        "state": "Colorado"
      }
    },
    {
      "type": "Feature",
      "geometry": {
        "type": "Point",
        "coordinates": [
          -106.04504,
          39.47717
        ]
      },
      "properties": {
        "id": "009N08645CAM1NEC",
        "title": "CO 9 MP 086.45 NB at S Main St in Breckenridge",
        "snapshotUrl": "https://cocam.carsprogram.org/Snapshots/009N08645CAM1NEC.flv.png",
        "streamUrl": "https://publicstreamer3.cotrip.org:443/rtplive/009N08645CAM1NEC/playlist.m3u8",
        "cameraCode": "009N08645CAM1NEC",
        "source": "COtrip",
        "state": "Colorado"
      }
    },
    {
      "type": "Feature",
      "geometry": {
        "type": "Point",
        "coordinates": [
          -106.04869,
          39.48209
        ]
      },
      "properties": {
        "id": "009N08675CAM1SEC",
        "title": "CO 9 MP 086.75 NB at Ski Hill Rd in Breckenridge",
        "snapshotUrl": "https://cocam.carsprogram.org/Snapshots/009N08675CAM1SEC.flv.png",
        "streamUrl": "https://publicstreamer3.cotrip.org:443/rtplive/009N08675CAM1SEC/playlist.m3u8",
        "cameraCode": "009N08675CAM1SEC",
        "source": "COtrip",
        "state": "Colorado"
      }
    },
    {
      "type": "Feature",
      "geometry": {
        "type": "Point",
        "coordinates": [
          -106.04736,
          39.49036
        ]
      },
      "properties": {
        "id": "009N08720CAM1NEC",
        "title": "CO 9 MP 087.20 NB at Airport Rd in Breckenridge",
        "snapshotUrl": "https://cocam.carsprogram.org/Snapshots/009N08720CAM1NEC.flv.png",
        "streamUrl": "https://publicstreamer2.cotrip.org:443/rtplive/009N08720CAM1NEC/playlist.m3u8",
        "cameraCode": "009N08720CAM1NEC",
        "source": "COtrip",
        "state": "Colorado"
      }
    },
    {
      "type": "Feature",
      "geometry": {
        "type": "Point",
        "coordinates": [
          -106.04555,
          39.49048
        ]
      },
      "properties": {
        "id": "009S08735CAM1RHS",
        "title": "CO 9 MP 087.35 SB at N Main St Ave in Breckenridge",
        "snapshotUrl": "https://cocam.carsprogram.org/Snapshots/009S08735CAM1RHS.flv.png",
        "streamUrl": "https://publicstreamer1.cotrip.org:443/rtplive/009S08735CAM1RHS/playlist.m3u8",
        "cameraCode": "009S08735CAM1RHS",
        "source": "COtrip",
        "state": "Colorado"
      }
    },
    {
      "type": "Feature",
      "geometry": {
        "type": "Point",
        "coordinates": [
          -106.04568,
          39.4942
        ]
      },
      "properties": {
        "id": "009S08755CAM1RHS",
        "title": "CO 9 MP 087.55 SB at Huron Rd in Breckenridge",
        "snapshotUrl": "https://cocam.carsprogram.org/Snapshots/009S08755CAM1RHS.flv.png",
        "streamUrl": "https://publicstreamer1.cotrip.org:443/rtplive/009S08755CAM1RHS/playlist.m3u8",
        "cameraCode": "009S08755CAM1RHS",
        "source": "COtrip",
        "state": "Colorado"
      }
    },
    {
      "type": "Feature",
      "geometry": {
        "type": "Point",
        "coordinates": [
          -106.04625,
          39.49809
        ]
      },
      "properties": {
        "id": "009S08775CAM1SWC",
        "title": "CO 9 MP 087.75 SB at Valley Brook St in Breckenridge",
        "snapshotUrl": "https://cocam.carsprogram.org/Snapshots/009S08775CAM1SWC.flv.png",
        "streamUrl": "https://publicstreamer4.cotrip.org:443/rtplive/009S08775CAM1SWC/playlist.m3u8",
        "cameraCode": "009S08775CAM1SWC",
        "source": "COtrip",
        "state": "Colorado"
      }
    },
    {
      "type": "Feature",
      "geometry": {
        "type": "Point",
        "coordinates": [
          -106.04821,
          39.51588
        ]
      },
      "properties": {
        "id": "009S08920CAM1SWC",
        "title": "CO 9 MP 089.20 SB at Coyne Valley Rd in Breckenridge",
        "snapshotUrl": "https://cocam.carsprogram.org/Snapshots/009S08920CAM1SWC.flv.png",
        "streamUrl": "https://publicstreamer1.cotrip.org:443/rtplive/009S08920CAM1SWC/playlist.m3u8",
        "cameraCode": "009S08920CAM1SWC",
        "source": "COtrip",
        "state": "Colorado"
      }
    },
    {
      "type": "Feature",
      "geometry": {
        "type": "Point",
        "coordinates": [
          -106.04534,
          39.52678
        ]
      },
      "properties": {
        "id": "009S09000CAM1RHS",
        "title": "CO 9 MP 090.00 SB at Fairview Blvd in Breckenridge",
        "snapshotUrl": "https://cocam.carsprogram.org/Snapshots/009S09000CAM1RHS.flv.png",
        "streamUrl": "https://publicstreamer3.cotrip.org:443/rtplive/009S09000CAM1RHS/playlist.m3u8",
        "cameraCode": "009S09000CAM1RHS",
        "source": "COtrip",
        "state": "Colorado"
      }
    },
    {
      "type": "Feature",
      "geometry": {
        "type": "Point",
        "coordinates": [
          -106.04376,
          39.53225
        ]
      },
      "properties": {
        "id": "009N09025CAM1NEC",
        "title": "CO 9 MP 090.25 NB at Tiger Rd/Shores Ln in Breckenridge",
        "snapshotUrl": "https://cocam.carsprogram.org/Snapshots/009N09025CAM1NEC.flv.png",
        "streamUrl": "https://publicstreamer2.cotrip.org:443/rtplive/009N09025CAM1NEC/playlist.m3u8",
        "cameraCode": "009N09025CAM1NEC",
        "source": "COtrip",
        "state": "Colorado"
      }
    },
    {
      "type": "Feature",
      "geometry": {
        "type": "Point",
        "coordinates": [
          -106.05291,
          39.56616
        ]
      },
      "properties": {
        "id": "009N09290CAM1SEC",
        "title": "CO 9 MP 092.90 NB at Swan Mountain Rd in Breckenridge",
        "snapshotUrl": "https://cocam.carsprogram.org/Snapshots/009N09290CAM1SEC.flv.png",
        "streamUrl": "https://publicstreamer1.cotrip.org:443/rtplive/009N09290CAM1SEC/playlist.m3u8",
        "cameraCode": "009N09290CAM1SEC",
        "source": "COtrip",
        "state": "Colorado"
      }
    },
    {
      "type": "Feature",
      "geometry": {
        "type": "Point",
        "coordinates": [
          -106.08013,
          39.57269
        ]
      },
      "properties": {
        "id": "009S09245CAM1SWC",
        "title": "CO 9 MP 095.45 SB at Peak One Blvd in Breckenridge",
        "snapshotUrl": "https://cocam.carsprogram.org/Snapshots/009S09245CAM1SWC.flv.png",
        "streamUrl": "https://publicstreamer4.cotrip.org:443/rtplive/009S09245CAM1SWC/playlist.m3u8",
        "cameraCode": "009S09245CAM1SWC",
        "source": "COtrip",
        "state": "Colorado"
      }
    },
    {
      "type": "Feature",
      "geometry": {
        "type": "Point",
        "coordinates": [
          -106.09277,
          39.57673
        ]
      },
      "properties": {
        "id": "009N09605CAM1NEC",
        "title": "CO 9 MP 096.05 NB at Marina Rd in Frisco",
        "snapshotUrl": "https://cocam.carsprogram.org/Snapshots/009N09605CAM1NEC.flv.png",
        "streamUrl": "https://publicstreamer3.cotrip.org:443/rtplive/009N09605CAM1NEC/playlist.m3u8",
        "cameraCode": "009N09605CAM1NEC",
        "source": "COtrip",
        "state": "Colorado"
      }
    },
    {
      "type": "Feature",
      "geometry": {
        "type": "Point",
        "coordinates": [
          -106.09443,
          39.58583
        ]
      },
      "properties": {
        "id": "009S09665CAM1SWC",
        "title": "CO 9 MP 096.65 SB at Hawn Dr in Frisco",
        "snapshotUrl": "https://cocam.carsprogram.org/Snapshots/009S09665CAM1SWC.flv.png",
        "streamUrl": "https://publicstreamer2.cotrip.org:443/rtplive/009S09665CAM1SWC/playlist.m3u8",
        "cameraCode": "009S09665CAM1SWC",
        "source": "COtrip",
        "state": "Colorado"
      }
    },
    {
      "type": "Feature",
      "geometry": {
        "type": "Point",
        "coordinates": [
          -106.14126,
          39.50426
        ]
      },
      "properties": {
        "id": "091N02220CAM1SEC",
        "title": "CO 91 MP 022.20 NB at Copper Rd in Copper Mountain",
        "snapshotUrl": "https://cocam.carsprogram.org/Snapshots/091N02220CAM1SEC.flv.png",
        "streamUrl": "https://publicstreamer3.cotrip.org:443/rtplive/091N02220CAM1SEC/playlist.m3u8",
        "cameraCode": "091N02220CAM1SEC",
        "source": "COtrip",
        "state": "Colorado"
      }
    },
    {
      "type": "Feature",
      "geometry": {
        "type": "Point",
        "coordinates": [
          -105.23028,
          39.79187
        ]
      },
      "properties": {
        "id": "093N00250CAM1RHS",
        "title": "CO 93 MP 002.50 NB : 0.6 miles S of W 56th Ave in Golden",
        "snapshotUrl": "https://cocam.carsprogram.org/Snapshots/093N00250CAM1RHS.flv.png",
        "streamUrl": "https://publicstreamer3.cotrip.org:443/rtplive/093N00250CAM1RHS/playlist.m3u8",
        "cameraCode": "093N00250CAM1RHS",
        "source": "COtrip",
        "state": "Colorado"
      }
    },
    {
      "type": "Feature",
      "geometry": {
        "type": "Point",
        "coordinates": [
          -105.22157,
          39.81306
        ]
      },
      "properties": {
        "id": "093N00380CAM1RHS",
        "title": "CO 93 MP 003.80 NB : 0.5 miles S of W 64th Pkwy in Golden",
        "snapshotUrl": "https://cocam.carsprogram.org/Snapshots/093N00380CAM1RHS.flv.png",
        "streamUrl": "https://publicstreamer4.cotrip.org:443/rtplive/093N00380CAM1RHS/playlist.m3u8",
        "cameraCode": "093N00380CAM1RHS",
        "source": "COtrip",
        "state": "Colorado"
      }
    },
    {
      "type": "Feature",
      "geometry": {
        "type": "Point",
        "coordinates": [
          -105.23407,
          39.85847
        ]
      },
      "properties": {
        "id": "093N00685CAM1RHS",
        "title": "CO 93 MP 006.85 NB : 0.8 miles S of Coal Creek Canyon Rd/CO 72",
        "snapshotUrl": "/images/icon-camera-closed-fill-solid-padded.svg",
        "streamUrl": "https://publicstreamer1.cotrip.org:443/rtplive/093N00685CAM1RHS/playlist.m3u8",
        "cameraCode": "093N00685CAM1RHS",
        "source": "COtrip",
        "state": "Colorado"
      }
    },
    {
      "type": "Feature",
      "geometry": {
        "type": "Point",
        "coordinates": [
          -105.2396,
          39.86567
        ]
      },
      "properties": {
        "id": "093S00755CAM1SWC",
        "title": "CO 93 MP 007.55 SB at Coal Creek Canyon Rd/CO 72",
        "snapshotUrl": "https://cocam.carsprogram.org/Snapshots/093S00755CAM1SWC.flv.png",
        "streamUrl": "https://publicstreamer1.cotrip.org:443/rtplive/093S00755CAM1SWC/playlist.m3u8",
        "cameraCode": "093S00755CAM1SWC",
        "source": "COtrip",
        "state": "Colorado"
      }
    },
    {
      "type": "Feature",
      "geometry": {
        "type": "Point",
        "coordinates": [
          -105.24117,
          39.88517
        ]
      },
      "properties": {
        "id": "093S00880CAM1SWC",
        "title": "CO 93 MP 008.80 SB at Westgate Rd in Golden",
        "snapshotUrl": "https://cocam.carsprogram.org/Snapshots/093S00880CAM1SWC.flv.png",
        "streamUrl": "https://publicstreamer3.cotrip.org:443/rtplive/093S00880CAM1SWC/playlist.m3u8",
        "cameraCode": "093S00880CAM1SWC",
        "source": "COtrip",
        "state": "Colorado"
      }
    },
    {
      "type": "Feature",
      "geometry": {
        "type": "Point",
        "coordinates": [
          -105.2408,
          39.90997
        ]
      },
      "properties": {
        "id": "093S01040CAM1RHS",
        "title": "CO 93 MP 010.40 SB : 1.7 miles S of CO 128 in Golden",
        "snapshotUrl": "https://cocam.carsprogram.org/Snapshots/093S01040CAM1RHS.flv.png",
        "streamUrl": "https://publicstreamer2.cotrip.org:443/rtplive/093S01040CAM1RHS/playlist.m3u8",
        "cameraCode": "093S01040CAM1RHS",
        "source": "COtrip",
        "state": "Colorado"
      }
    },
    {
      "type": "Feature",
      "geometry": {
        "type": "Point",
        "coordinates": [
          -105.23168,
          39.9537
        ]
      },
      "properties": {
        "id": "093N01365CAM1NEC",
        "title": "CO 93 MP 013.65 NB at Eldorado Springs Dr/CO 170",
        "snapshotUrl": "https://cocam.carsprogram.org/Snapshots/093N01365CAM1NEC.flv.png",
        "streamUrl": "https://publicstreamer4.cotrip.org:443/rtplive/093N01365CAM1NEC/playlist.m3u8",
        "cameraCode": "093N01365CAM1NEC",
        "source": "COtrip",
        "state": "Colorado"
      }
    },
    {
      "type": "Feature",
      "geometry": {
        "type": "Point",
        "coordinates": [
          -104.68316,
          38.84165
        ]
      },
      "properties": {
        "id": "094W00100CAM1NWC",
        "title": "CO 94 MP 001.00 WB at Marksheffel Rd in Colorado Springs",
        "snapshotUrl": "https://cocam.carsprogram.org/Snapshots/094W00100CAM1NWC.flv.png",
        "streamUrl": "https://publicstreamer1.cotrip.org:443/rtplive/094W00100CAM1NWC/playlist.m3u8",
        "cameraCode": "094W00100CAM1NWC",
        "source": "COtrip",
        "state": "Colorado"
      }
    },
    {
      "type": "Feature",
      "geometry": {
        "type": "Point",
        "coordinates": [
          -104.55333,
          38.8385
        ]
      },
      "properties": {
        "id": "094E00810CAM1SEC",
        "title": "CO 94 MP 008.10 EB at N Curtis Rd in Colorado Springs",
        "snapshotUrl": "https://cocam.carsprogram.org/Snapshots/094E00810CAM1SEC.flv.png",
        "streamUrl": "https://publicstreamer1.cotrip.org:443/rtplive/094E00810CAM1SEC/playlist.m3u8",
        "cameraCode": "094E00810CAM1SEC",
        "source": "COtrip",
        "state": "Colorado"
      }
    },
    {
      "type": "Feature",
      "geometry": {
        "type": "Point",
        "coordinates": [
          -105.08742,
          39.58081
        ]
      },
      "properties": {
        "id": "121S00230CAM1NWC",
        "title": "CO-121 002.30 SB at W Ken Caryl Ave",
        "snapshotUrl": "https://cocam.carsprogram.org/Snapshots/121S00230CAM1NWC.flv.png",
        "streamUrl": "https://publicstreamer1.cotrip.org:443/rtplive/121S00230CAM1NWC/playlist.m3u8",
        "cameraCode": "121S00230CAM1NWC",
        "source": "COtrip",
        "state": "Colorado"
      }
    },
    {
      "type": "Feature",
      "geometry": {
        "type": "Point",
        "coordinates": [
          -105.08257,
          39.56614
        ]
      },
      "properties": {
        "id": "121N00120CAM1SEC",
        "title": "CO-121 MP 001.20 NB at W Chatfield Ave",
        "snapshotUrl": "https://cocam.carsprogram.org/Snapshots/121N00120CAM1SEC.flv.png",
        "streamUrl": "https://publicstreamer1.cotrip.org:443/rtplive/121N00120CAM1SEC/playlist.m3u8",
        "cameraCode": "121N00120CAM1SEC",
        "source": "COtrip",
        "state": "Colorado"
      }
    },
    {
      "type": "Feature",
      "geometry": {
        "type": "Point",
        "coordinates": [
          -105.09062,
          39.5879
        ]
      },
      "properties": {
        "id": "121N00280CAM1SEC",
        "title": "CO-121 MP 002.80 NB at W Columbine Dr",
        "snapshotUrl": "https://cocam.carsprogram.org/Snapshots/121N00280CAM1SEC.flv.png",
        "streamUrl": "https://publicstreamer1.cotrip.org:443/rtplive/121N00280CAM1SEC/playlist.m3u8",
        "cameraCode": "121N00280CAM1SEC",
        "source": "COtrip",
        "state": "Colorado"
      }
    },
    {
      "type": "Feature",
      "geometry": {
        "type": "Point",
        "coordinates": [
          -105.09111,
          39.59549
        ]
      },
      "properties": {
        "id": "121N00335CAM1NEC",
        "title": "CO-121 MP 003.35 NB at W Coal Mine Ave",
        "snapshotUrl": "https://cocam.carsprogram.org/Snapshots/121N00335CAM1NEC.flv.png",
        "streamUrl": "https://publicstreamer1.cotrip.org:443/rtplive/121N00335CAM1NEC/playlist.m3u8",
        "cameraCode": "121N00335CAM1NEC",
        "source": "COtrip",
        "state": "Colorado"
      }
    },
    {
      "type": "Feature",
      "geometry": {
        "type": "Point",
        "coordinates": [
          -105.0911,
          39.5987
        ]
      },
      "properties": {
        "id": "121N00360CAM1SEC",
        "title": "CO-121 MP 003.60 NB at W Peakview Dr",
        "snapshotUrl": "https://cocam.carsprogram.org/Snapshots/121N00360CAM1SEC.flv.png",
        "streamUrl": "https://publicstreamer1.cotrip.org:443/rtplive/121N00360CAM1SEC/playlist.m3u8",
        "cameraCode": "121N00360CAM1SEC",
        "source": "COtrip",
        "state": "Colorado"
      }
    },
    {
      "type": "Feature",
      "geometry": {
        "type": "Point",
        "coordinates": [
          -105.09112,
          39.60956
        ]
      },
      "properties": {
        "id": "121N00435CAM1SEC",
        "title": "CO-121 MP 004.35 NB at W Bowles Ave",
        "snapshotUrl": "https://cocam.carsprogram.org/Snapshots/121N00435CAM1SEC.flv.png",
        "streamUrl": "https://publicstreamer1.cotrip.org:443/rtplive/121N00435CAM1SEC/playlist.m3u8",
        "cameraCode": "121N00435CAM1SEC",
        "source": "COtrip",
        "state": "Colorado"
      }
    },
    {
      "type": "Feature",
      "geometry": {
        "type": "Point",
        "coordinates": [
          -105.09145,
          39.61846
        ]
      },
      "properties": {
        "id": "121S00495CAM1NWC",
        "title": "CO-121 MP 004.95 SB at W Crestline Ave",
        "snapshotUrl": "https://cocam.carsprogram.org/Snapshots/121S00495CAM1NWC.flv.png",
        "streamUrl": "https://publicstreamer1.cotrip.org:443/rtplive/121S00495CAM1NWC/playlist.m3u8",
        "cameraCode": "121S00495CAM1NWC",
        "source": "COtrip",
        "state": "Colorado"
      }
    },
    {
      "type": "Feature",
      "geometry": {
        "type": "Point",
        "coordinates": [
          -105.09095,
          39.62404
        ]
      },
      "properties": {
        "id": "121N00535CAM1SEC",
        "title": "CO-121 MP 005.35 NB at W Belleview Ave",
        "snapshotUrl": "https://cocam.carsprogram.org/Snapshots/121N00535CAM1SEC.flv.png",
        "streamUrl": "https://publicstreamer1.cotrip.org:443/rtplive/121N00535CAM1SEC/playlist.m3u8",
        "cameraCode": "121N00535CAM1SEC",
        "source": "COtrip",
        "state": "Colorado"
      }
    },
    {
      "type": "Feature",
      "geometry": {
        "type": "Point",
        "coordinates": [
          -105.08727,
          39.63019
        ]
      },
      "properties": {
        "id": "121S00580CAM1NWC",
        "title": "CO-121 MP 005.80 SB at W Layton Dr",
        "snapshotUrl": "https://cocam.carsprogram.org/Snapshots/121S00580CAM1NWC.flv.png",
        "streamUrl": "https://publicstreamer1.cotrip.org:443/rtplive/121S00580CAM1NWC/playlist.m3u8",
        "cameraCode": "121S00580CAM1NWC",
        "source": "COtrip",
        "state": "Colorado"
      }
    },
    {
      "type": "Feature",
      "geometry": {
        "type": "Point",
        "coordinates": [
          -105.08269,
          39.63522
        ]
      },
      "properties": {
        "id": "121S00620CAM1SWC",
        "title": "CO-121 MP 006.20 SB at W Stanford Ave",
        "snapshotUrl": "https://cocam.carsprogram.org/Snapshots/121S00620CAM1SWC.flv.png",
        "streamUrl": "https://publicstreamer4.cotrip.org:443/rtplive/121S00620CAM1SWC/playlist.m3u8",
        "cameraCode": "121S00620CAM1SWC",
        "source": "COtrip",
        "state": "Colorado"
      }
    },
    {
      "type": "Feature",
      "geometry": {
        "type": "Point",
        "coordinates": [
          -105.08191,
          39.63859
        ]
      },
      "properties": {
        "id": "121S00655CAM1SWC",
        "title": "CO-121 MP 006.55 SB at W Quincy Ave",
        "snapshotUrl": "https://cocam.carsprogram.org/Snapshots/121S00655CAM1SWC.flv.png",
        "streamUrl": "https://publicstreamer4.cotrip.org:443/rtplive/121S00655CAM1SWC/playlist.m3u8",
        "cameraCode": "121S00655CAM1SWC",
        "source": "COtrip",
        "state": "Colorado"
      }
    },
    {
      "type": "Feature",
      "geometry": {
        "type": "Point",
        "coordinates": [
          -105.0813,
          39.75837
        ]
      },
      "properties": {
        "id": "121N01485CAM1SEC",
        "title": "CO-121 MP 014.85 NB at W 29th Ave",
        "snapshotUrl": "https://cocam.carsprogram.org/Snapshots/121N01485CAM1SEC.flv.png",
        "streamUrl": "https://publicstreamer4.cotrip.org:443/rtplive/121N01485CAM1SEC/playlist.m3u8",
        "cameraCode": "121N01485CAM1SEC",
        "source": "COtrip",
        "state": "Colorado"
      }
    },
    {
      "type": "Feature",
      "geometry": {
        "type": "Point",
        "coordinates": [
          -105.08127,
          39.76219
        ]
      },
      "properties": {
        "id": "121N01515CAM1NEC",
        "title": "CO-121 MP 015.15 NB at W 32nd Ave",
        "snapshotUrl": "https://cocam.carsprogram.org/Snapshots/121N01515CAM1NEC.flv.png",
        "streamUrl": "https://publicstreamer1.cotrip.org:443/rtplive/121N01515CAM1NEC/playlist.m3u8",
        "cameraCode": "121N01515CAM1NEC",
        "source": "COtrip",
        "state": "Colorado"
      }
    },
    {
      "type": "Feature",
      "geometry": {
        "type": "Point",
        "coordinates": [
          -105.08118,
          39.78829
        ]
      },
      "properties": {
        "id": "121N01695CAM1NEC",
        "title": "CO-121 MP 016.95 NB at WB I-70 Ramp to SB Wadsworth Blvd",
        "snapshotUrl": "https://cocam.carsprogram.org/Snapshots/121N01695CAM1NEC.flv.png",
        "streamUrl": "https://publicstreamer2.cotrip.org:443/rtplive/121N01695CAM1NEC/playlist.m3u8",
        "cameraCode": "121N01695CAM1NEC",
        "source": "COtrip",
        "state": "Colorado"
      }
    },
    {
      "type": "Feature",
      "geometry": {
        "type": "Point",
        "coordinates": [
          -105.08021,
          39.79334
        ]
      },
      "properties": {
        "id": "121S01735CAM1SWC",
        "title": "CO-121 MP 017.35 SB at W 53rd Ave",
        "snapshotUrl": "https://cocam.carsprogram.org/Snapshots/121S01735CAM1SWC.flv.png",
        "streamUrl": "https://publicstreamer3.cotrip.org:443/rtplive/121S01735CAM1SWC/playlist.m3u8",
        "cameraCode": "121S01735CAM1SWC",
        "source": "COtrip",
        "state": "Colorado"
      }
    },
    {
      "type": "Feature",
      "geometry": {
        "type": "Point",
        "coordinates": [
          -105.07637,
          39.79847
        ]
      },
      "properties": {
        "id": "121N01775CAM1NEC",
        "title": "CO-121 MP 017.75 NB at W 56th Ave",
        "snapshotUrl": "https://cocam.carsprogram.org/Snapshots/121N01775CAM1NEC.flv.png",
        "streamUrl": "https://publicstreamer4.cotrip.org:443/rtplive/121N01775CAM1NEC/playlist.m3u8",
        "cameraCode": "121N01775CAM1NEC",
        "source": "COtrip",
        "state": "Colorado"
      }
    },
    {
      "type": "Feature",
      "geometry": {
        "type": "Point",
        "coordinates": [
          -105.07632,
          39.80209
        ]
      },
      "properties": {
        "id": "121N01800CAM1NEC",
        "title": "CO-121 MP 018.00 NB at Ralston Rd",
        "snapshotUrl": "https://cocam.carsprogram.org/Snapshots/121N01800CAM1NEC.flv.png",
        "streamUrl": "https://publicstreamer3.cotrip.org:443/rtplive/121N01800CAM1NEC/playlist.m3u8",
        "cameraCode": "121N01800CAM1NEC",
        "source": "COtrip",
        "state": "Colorado"
      }
    },
    {
      "type": "Feature",
      "geometry": {
        "type": "Point",
        "coordinates": [
          -105.08074,
          39.81303
        ]
      },
      "properties": {
        "id": "121S01860CAM1NWC",
        "title": "CO-121 MP 018.60 SB at W 64th Ave",
        "snapshotUrl": "https://cocam.carsprogram.org/Snapshots/121S01860CAM1NWC.flv.png",
        "streamUrl": "https://publicstreamer3.cotrip.org:443/rtplive/121S01860CAM1NWC/playlist.m3u8",
        "cameraCode": "121S01860CAM1NWC",
        "source": "COtrip",
        "state": "Colorado"
      }
    },
    {
      "type": "Feature",
      "geometry": {
        "type": "Point",
        "coordinates": [
          -105.08172,
          39.82735
        ]
      },
      "properties": {
        "id": "121S01965CAM1NWC",
        "title": "CO-121 MP 019.65 SB at W 72nd Ave",
        "snapshotUrl": "https://cocam.carsprogram.org/Snapshots/121S01965CAM1NWC.flv.png",
        "streamUrl": "https://publicstreamer3.cotrip.org:443/rtplive/121S01965CAM1NWC/playlist.m3u8",
        "cameraCode": "121S01965CAM1NWC",
        "source": "COtrip",
        "state": "Colorado"
      }
    },
    {
      "type": "Feature",
      "geometry": {
        "type": "Point",
        "coordinates": [
          -105.08162,
          39.84194
        ]
      },
      "properties": {
        "id": "121N02065CAM1NEC",
        "title": "CO-121 MP 020.65 NB at W 80th Ave",
        "snapshotUrl": "https://cocam.carsprogram.org/Snapshots/121N02065CAM1NEC.flv.png",
        "streamUrl": "https://publicstreamer3.cotrip.org:443/rtplive/121N02065CAM1NEC/playlist.m3u8",
        "cameraCode": "121N02065CAM1NEC",
        "source": "COtrip",
        "state": "Colorado"
      }
    },
    {
      "type": "Feature",
      "geometry": {
        "type": "Point",
        "coordinates": [
          -105.08021,
          39.79334
        ]
      },
      "properties": {
        "id": "121S02165CAM1SWC",
        "title": "CO-121 MP 021.65 SB at W 88th Ave",
        "snapshotUrl": "https://cocam.carsprogram.org/Snapshots/121S02165CAM1SWC.flv.png",
        "streamUrl": "https://publicstreamer3.cotrip.org:443/rtplive/121S02165CAM1SWC/playlist.m3u8",
        "cameraCode": "121S02165CAM1SWC",
        "source": "COtrip",
        "state": "Colorado"
      }
    },
    {
      "type": "Feature",
      "geometry": {
        "type": "Point",
        "coordinates": [
          -105.08359,
          39.86324
        ]
      },
      "properties": {
        "id": "121N02210CAM1NEC",
        "title": "CO-121 MP 022.10 NB at W 92nd Ave",
        "snapshotUrl": "https://cocam.carsprogram.org/Snapshots/121N02210CAM1NEC.flv.png",
        "streamUrl": "https://publicstreamer1.cotrip.org:443/rtplive/121N02210CAM1NEC/playlist.m3u8",
        "cameraCode": "121N02210CAM1NEC",
        "source": "COtrip",
        "state": "Colorado"
      }
    },
    {
      "type": "Feature",
      "geometry": {
        "type": "Point",
        "coordinates": [
          -105.09711,
          39.91372
        ]
      },
      "properties": {
        "id": "121S02570CAM1NWC",
        "title": "CO-121 MP 025.70 SB at Interlocken Loop/CO-128",
        "snapshotUrl": "https://cocam.carsprogram.org/Snapshots/121S02570CAM1NWC.flv.png",
        "streamUrl": "https://publicstreamer1.cotrip.org:443/rtplive/121S02570CAM1NWC/playlist.m3u8",
        "cameraCode": "121S02570CAM1NWC",
        "source": "COtrip",
        "state": "Colorado"
      }
    },
    {
      "type": "Feature",
      "geometry": {
        "type": "Point",
        "coordinates": [
          -105.16594,
          39.9104
        ]
      },
      "properties": {
        "id": "128E00420CAM1SWC",
        "title": "CO-128 MP 004.20 EB at Indiana St",
        "snapshotUrl": "https://cocam.carsprogram.org/Snapshots/128E00420CAM1SWC.flv.png",
        "streamUrl": "https://publicstreamer1.cotrip.org:443/rtplive/128E00420CAM1SWC/playlist.m3u8",
        "cameraCode": "128E00420CAM1SWC",
        "source": "COtrip",
        "state": "Colorado"
      }
    },
    {
      "type": "Feature",
      "geometry": {
        "type": "Point",
        "coordinates": [
          -105.14597,
          39.91395
        ]
      },
      "properties": {
        "id": "128E00535CAM1SEC",
        "title": "CO-128 MP 005.35 EB at Eldorado Blvd",
        "snapshotUrl": "https://cocam.carsprogram.org/Snapshots/128E00535CAM1SEC.flv.png",
        "streamUrl": "https://publicstreamer1.cotrip.org:443/rtplive/128E00535CAM1SEC/playlist.m3u8",
        "cameraCode": "128E00535CAM1SEC",
        "source": "COtrip",
        "state": "Colorado"
      }
    },
    {
      "type": "Feature",
      "geometry": {
        "type": "Point",
        "coordinates": [
          -105.11132,
          39.9168
        ]
      },
      "properties": {
        "id": "128W00720CAM1NWC",
        "title": "CO-128 MP 007.20 WB at Interlocken Pkwy",
        "snapshotUrl": "https://cocam.carsprogram.org/Snapshots/128W00720CAM1NWC.flv.png",
        "streamUrl": "https://publicstreamer3.cotrip.org:443/rtplive/128W00720CAM1NWC/playlist.m3u8",
        "cameraCode": "128W00720CAM1NWC",
        "source": "COtrip",
        "state": "Colorado"
      }
    },
    {
      "type": "Feature",
      "geometry": {
        "type": "Point",
        "coordinates": [
          -105.11132,
          39.9168
        ]
      },
      "properties": {
        "id": "128W00720CAM1NWC",
        "title": "CO-128 MP 007.20 WB at Interlocken Pkwy",
        "snapshotUrl": "https://cocam.carsprogram.org/Snapshots/128W00720CAM1NWC.flv.png",
        "streamUrl": "https://publicstreamer1.cotrip.org:443/rtplive/128W00720CAM1NWC/playlist.m3u8",
        "cameraCode": "128W00720CAM1NWC",
        "source": "COtrip",
        "state": "Colorado"
      }
    },
    {
      "type": "Feature",
      "geometry": {
        "type": "Point",
        "coordinates": [
          -105.1057,
          39.91611
        ]
      },
      "properties": {
        "id": "128W00750CAM1NWC",
        "title": "CO-128 MP 007.50 WB at Interlocken Blvd/Airport Way",
        "snapshotUrl": "https://cocam.carsprogram.org/Snapshots/128W00750CAM1NWC.flv.png",
        "streamUrl": "https://publicstreamer3.cotrip.org:443/rtplive/128W00750CAM1NWC/playlist.m3u8",
        "cameraCode": "128W00750CAM1NWC",
        "source": "COtrip",
        "state": "Colorado"
      }
    },
    {
      "type": "Feature",
      "geometry": {
        "type": "Point",
        "coordinates": [
          -105.08416,
          39.91204
        ]
      },
      "properties": {
        "id": "128E00870CAM1SEC",
        "title": "CO-128 MP 008.70 EB at Wadsworth Blvd",
        "snapshotUrl": "https://cocam.carsprogram.org/Snapshots/128E00870CAM1SEC.flv.png",
        "streamUrl": "https://publicstreamer3.cotrip.org:443/rtplive/128E00870CAM1SEC/playlist.m3u8",
        "cameraCode": "128E00870CAM1SEC",
        "source": "COtrip",
        "state": "Colorado"
      }
    },
    {
      "type": "Feature",
      "geometry": {
        "type": "Point",
        "coordinates": [
          -104.96022,
          39.56598
        ]
      },
      "properties": {
        "id": "177N00010CAM1SEC",
        "title": "CO-177 MP 000.10 NB at E County Line Rd",
        "snapshotUrl": "https://cocam.carsprogram.org/Snapshots/177N00010CAM1SEC.flv.png",
        "streamUrl": "https://publicstreamer3.cotrip.org:443/rtplive/177N00010CAM1SEC/playlist.m3u8",
        "cameraCode": "177N00010CAM1SEC",
        "source": "COtrip",
        "state": "Colorado"
      }
    },
    {
      "type": "Feature",
      "geometry": {
        "type": "Point",
        "coordinates": [
          -104.96051,
          39.58051
        ]
      },
      "properties": {
        "id": "177S00100CAM1SWC",
        "title": "CO-177 MP 001.00 SB at E Dry Creek Rd",
        "snapshotUrl": "https://cocam.carsprogram.org/Snapshots/177S00100CAM1SWC.flv.png",
        "streamUrl": "https://publicstreamer3.cotrip.org:443/rtplive/177S00100CAM1SWC/playlist.m3u8",
        "cameraCode": "177S00100CAM1SWC",
        "source": "COtrip",
        "state": "Colorado"
      }
    },
    {
      "type": "Feature",
      "geometry": {
        "type": "Point",
        "coordinates": [
          -104.9601,
          39.58897
        ]
      },
      "properties": {
        "id": "177N00155CAM1NEC",
        "title": "CO-177 MP 001.55 NB at E Easter Ave",
        "snapshotUrl": "https://cocam.carsprogram.org/Snapshots/177N00155CAM1NEC.flv.png",
        "streamUrl": "https://publicstreamer3.cotrip.org:443/rtplive/177N00155CAM1NEC/playlist.m3u8",
        "cameraCode": "177N00155CAM1NEC",
        "source": "COtrip",
        "state": "Colorado"
      }
    },
    {
      "type": "Feature",
      "geometry": {
        "type": "Point",
        "coordinates": [
          -104.95996,
          39.59534
        ]
      },
      "properties": {
        "id": "177N00200CAM1NEC",
        "title": "CO-177 MP 002.00 NB at E Arapahoe Rd",
        "snapshotUrl": "https://cocam.carsprogram.org/Snapshots/177N00200CAM1NEC.flv.png",
        "streamUrl": "https://publicstreamer3.cotrip.org:443/rtplive/177N00200CAM1NEC/playlist.m3u8",
        "cameraCode": "177N00200CAM1NEC",
        "source": "COtrip",
        "state": "Colorado"
      }
    },
    {
      "type": "Feature",
      "geometry": {
        "type": "Point",
        "coordinates": [
          -104.95798,
          39.60095
        ]
      },
      "properties": {
        "id": "177N00245CAM1NEC",
        "title": "CO-177 MP 002.45 NB at S Josephine Way",
        "snapshotUrl": "https://cocam.carsprogram.org/Snapshots/177N00245CAM1NEC.flv.png",
        "streamUrl": "https://publicstreamer1.cotrip.org:443/rtplive/177N00245CAM1NEC/playlist.m3u8",
        "cameraCode": "177N00245CAM1NEC",
        "source": "COtrip",
        "state": "Colorado"
      }
    },
    {
      "type": "Feature",
      "geometry": {
        "type": "Point",
        "coordinates": [
          -104.95985,
          39.60989
        ]
      },
      "properties": {
        "id": "177N00315CAM1NEC",
        "title": "CO-177 MP 003.15 NB at E Orchard Rd",
        "snapshotUrl": "https://cocam.carsprogram.org/Snapshots/177N00315CAM1NEC.flv.png",
        "streamUrl": "https://publicstreamer1.cotrip.org:443/rtplive/177N00315CAM1NEC/playlist.m3u8",
        "cameraCode": "177N00315CAM1NEC",
        "source": "COtrip",
        "state": "Colorado"
      }
    },
    {
      "type": "Feature",
      "geometry": {
        "type": "Point",
        "coordinates": [
          -104.9595,
          39.63766
        ]
      },
      "properties": {
        "id": "177N00505CAM1NEC",
        "title": "CO-177 MP 005.05 NB at E Quincy Ave",
        "snapshotUrl": "https://cocam.carsprogram.org/Snapshots/177N00505CAM1NEC.flv.png",
        "streamUrl": "https://publicstreamer1.cotrip.org:443/rtplive/177N00505CAM1NEC/playlist.m3u8",
        "cameraCode": "177N00505CAM1NEC",
        "source": "COtrip",
        "state": "Colorado"
      }
    },
    {
      "type": "Feature",
      "geometry": {
        "type": "Point",
        "coordinates": [
          -105.10977,
          39.76191
        ]
      },
      "properties": {
        "id": "391S00785CAM1SWC",
        "title": "CO-391 MP 007.85 SB at W 32nd Ave",
        "snapshotUrl": "https://cocam.carsprogram.org/Snapshots/391S00785CAM1SWC.flv.png",
        "streamUrl": "https://publicstreamer2.cotrip.org:443/rtplive/391S00785CAM1SWC/playlist.m3u8",
        "cameraCode": "391S00785CAM1SWC",
        "source": "COtrip",
        "state": "Colorado"
      }
    },
    {
      "type": "Feature",
      "geometry": {
        "type": "Point",
        "coordinates": [
          -105.10987,
          39.77111
        ]
      },
      "properties": {
        "id": "391S00860CAM1NWC",
        "title": "CO-391 MP 008.60 SB at W 39th Ave",
        "snapshotUrl": "https://cocam.carsprogram.org/Snapshots/391S00860CAM1NWC.flv.png",
        "streamUrl": "https://publicstreamer2.cotrip.org:443/rtplive/391S00860CAM1NWC/playlist.m3u8",
        "cameraCode": "391S00860CAM1NWC",
        "source": "COtrip",
        "state": "Colorado"
      }
    },
    {
      "type": "Feature",
      "geometry": {
        "type": "Point",
        "coordinates": [
          -105.10981,
          39.78282
        ]
      },
      "properties": {
        "id": "391S00945CAM1SWC",
        "title": "CO-391 MP 009.45 SB at W 48th Ave/I-70 Frontage Rd S",
        "snapshotUrl": "https://cocam.carsprogram.org/Snapshots/391S00945CAM1SWC.flv.png",
        "streamUrl": "https://publicstreamer2.cotrip.org:443/rtplive/391S00945CAM1SWC/playlist.m3u8",
        "cameraCode": "391S00945CAM1SWC",
        "source": "COtrip",
        "state": "Colorado"
      }
    },
    {
      "type": "Feature",
      "geometry": {
        "type": "Point",
        "coordinates": [
          -105.13771,
          39.81259
        ]
      },
      "properties": {
        "id": "072W00235CAM1SEC",
        "title": "CO-72 MP 002.35 WB at W 64th Ave",
        "snapshotUrl": "https://cocam.carsprogram.org/Snapshots/072W00235CAM1SEC.flv.png",
        "streamUrl": "https://publicstreamer1.cotrip.org:443/rtplive/072W00235CAM1SEC/playlist.m3u8",
        "cameraCode": "072W00235CAM1SEC",
        "source": "COtrip",
        "state": "Colorado"
      }
    },
    {
      "type": "Feature",
      "geometry": {
        "type": "Point",
        "coordinates": [
          -105.15661,
          39.81274
        ]
      },
      "properties": {
        "id": "072W00325CAM1NEC",
        "title": "CO-72 MP 003.25 WB at Eldridge St",
        "snapshotUrl": "https://cocam.carsprogram.org/Snapshots/072W00325CAM1NEC.flv.png",
        "streamUrl": "https://publicstreamer1.cotrip.org:443/rtplive/072W00325CAM1NEC/playlist.m3u8",
        "cameraCode": "072W00325CAM1NEC",
        "source": "COtrip",
        "state": "Colorado"
      }
    },
    {
      "type": "Feature",
      "geometry": {
        "type": "Point",
        "coordinates": [
          -105.16483,
          39.82719
        ]
      },
      "properties": {
        "id": "072W00465CAM1NEC",
        "title": "CO-72 MP 004.65 WB at W 72nd Ave",
        "snapshotUrl": "https://cocam.carsprogram.org/Snapshots/072W00465CAM1NEC.flv.png",
        "streamUrl": "https://publicstreamer1.cotrip.org:443/rtplive/072W00465CAM1NEC/playlist.m3u8",
        "cameraCode": "072W00465CAM1NEC",
        "source": "COtrip",
        "state": "Colorado"
      }
    },
    {
      "type": "Feature",
      "geometry": {
        "type": "Point",
        "coordinates": [
          -105.16505,
          39.84354
        ]
      },
      "properties": {
        "id": "072W00590CAM1NEC",
        "title": "CO-72 MP 005.90 WB at W 80th Ave",
        "snapshotUrl": "https://cocam.carsprogram.org/Snapshots/072W00590CAM1NEC.flv.png",
        "streamUrl": "https://publicstreamer1.cotrip.org:443/rtplive/072W00590CAM1NEC/playlist.m3u8",
        "cameraCode": "072W00590CAM1NEC",
        "source": "COtrip",
        "state": "Colorado"
      }
    },
    {
      "type": "Feature",
      "geometry": {
        "type": "Point",
        "coordinates": [
          -105.1655,
          39.8505
        ]
      },
      "properties": {
        "id": "072E00625CAM1SWC",
        "title": "CO-72 MP 006.25 WB at W 86th Pkwy",
        "snapshotUrl": "https://cocam.carsprogram.org/Snapshots/072E00625CAM1SWC.flv.png",
        "streamUrl": "https://publicstreamer1.cotrip.org:443/rtplive/072E00625CAM1SWC/playlist.m3u8",
        "cameraCode": "072E00625CAM1SWC",
        "source": "COtrip",
        "state": "Colorado"
      }
    },
    {
      "type": "Feature",
      "geometry": {
        "type": "Point",
        "coordinates": [
          -105.36594,
          39.68539
        ]
      },
      "properties": {
        "id": "074E00290CAM1NEC",
        "title": "CO-74 MP 002.85 EB at Squaw Pass Rd/CR-66 Evergreen",
        "snapshotUrl": "https://cocam.carsprogram.org/Snapshots/074E00290CAM1NEC.flv.png",
        "streamUrl": "https://publicstreamer1.cotrip.org:443/rtplive/074E00290CAM1NEC/playlist.m3u8",
        "cameraCode": "074E00290CAM1NEC",
        "source": "COtrip",
        "state": "Colorado"
      }
    },
    {
      "type": "Feature",
      "geometry": {
        "type": "Point",
        "coordinates": [
          -104.79791,
          39.58799
        ]
      },
      "properties": {
        "id": "083N06480CAM1SEC",
        "title": "CO-83 MP 064.80 NB at S Chambers Way Aurora",
        "snapshotUrl": "https://cocam.carsprogram.org/Snapshots/083N06480CAM1SEC.flv.png",
        "streamUrl": "https://publicstreamer1.cotrip.org:443/rtplive/083N06480CAM1SEC/playlist.m3u8",
        "cameraCode": "083N06480CAM1SEC",
        "source": "COtrip",
        "state": "Colorado"
      }
    },
    {
      "type": "Feature",
      "geometry": {
        "type": "Point",
        "coordinates": [
          -104.80602,
          39.60225
        ]
      },
      "properties": {
        "id": "083N06585CAM1SEC",
        "title": "CO-83 MP 065.85 NB at S Lewiston Way Centennial",
        "snapshotUrl": "https://cocam.carsprogram.org/Snapshots/083N06585CAM1SEC.flv.png",
        "streamUrl": "https://publicstreamer1.cotrip.org:443/rtplive/083N06585CAM1SEC/playlist.m3u8",
        "cameraCode": "083N06585CAM1SEC",
        "source": "COtrip",
        "state": "Colorado"
      }
    },
    {
      "type": "Feature",
      "geometry": {
        "type": "Point",
        "coordinates": [
          -104.85881,
          39.40796
        ]
      },
      "properties": {
        "id": "086W10065CAM1NEC",
        "title": "CO-86 MP 100.65 WB at Trail Boss Dr Castle Rock",
        "snapshotUrl": "https://cocam.carsprogram.org/Snapshots/086W10065CAM1NEC.flv.png",
        "streamUrl": "https://publicstreamer1.cotrip.org:443/rtplive/086W10065CAM1NEC/playlist.m3u8",
        "cameraCode": "086W10065CAM1NEC",
        "source": "COtrip",
        "state": "Colorado"
      }
    },
    {
      "type": "Feature",
      "geometry": {
        "type": "Point",
        "coordinates": [
          -104.85312,
          39.40694
        ]
      },
      "properties": {
        "id": "086W10100CAM1NWC",
        "title": "CO-86 MP 101.00 WB at Woodlands Blvd Castle Rock",
        "snapshotUrl": "https://cocam.carsprogram.org/Snapshots/086W10100CAM1NWC.flv.png",
        "streamUrl": "https://publicstreamer1.cotrip.org:443/rtplive/086W10100CAM1NWC/playlist.m3u8",
        "cameraCode": "086W10100CAM1NWC",
        "source": "COtrip",
        "state": "Colorado"
      }
    },
    {
      "type": "Feature",
      "geometry": {
        "type": "Point",
        "coordinates": [
          -105.02503,
          39.65335
        ]
      },
      "properties": {
        "id": "088W00595CAM1NEC",
        "title": "CO-88 MP 005.95 WB at W Hampden Ave",
        "snapshotUrl": "https://cocam.carsprogram.org/Snapshots/088W00595CAM1NEC.flv.png",
        "streamUrl": "https://publicstreamer1.cotrip.org:443/rtplive/088W00595CAM1NEC/playlist.m3u8",
        "cameraCode": "088W00595CAM1NEC",
        "source": "COtrip",
        "state": "Colorado"
      }
    },
    {
      "type": "Feature",
      "geometry": {
        "type": "Point",
        "coordinates": [
          -105.02541,
          39.65144
        ]
      },
      "properties": {
        "id": "088E00605CAM1SWC",
        "title": "CO-88 MP 006.05 EB at NB US-285 Ramp to S Federal Blvd",
        "snapshotUrl": "https://cocam.carsprogram.org/Snapshots/088E00605CAM1SWC.flv.png",
        "streamUrl": "https://publicstreamer1.cotrip.org:443/rtplive/088E00605CAM1SWC/playlist.m3u8",
        "cameraCode": "088E00605CAM1SWC",
        "source": "COtrip",
        "state": "Colorado"
      }
    },
    {
      "type": "Feature",
      "geometry": {
        "type": "Point",
        "coordinates": [
          -104.95965,
          39.62411
        ]
      },
      "properties": {
        "id": "088E01155CAM1SEC",
        "title": "CO-88 MP 011.55 EB at S University Blvd",
        "snapshotUrl": "https://cocam.carsprogram.org/Snapshots/088E01155CAM1SEC.flv.png",
        "streamUrl": "https://publicstreamer1.cotrip.org:443/rtplive/088E01155CAM1SEC/playlist.m3u8",
        "cameraCode": "088E01155CAM1SEC",
        "source": "COtrip",
        "state": "Colorado"
      }
    },
    {
      "type": "Feature",
      "geometry": {
        "type": "Point",
        "coordinates": [
          -104.92257,
          39.62394
        ]
      },
      "properties": {
        "id": "088E01365CAM1SEC",
        "title": "CO-88 MP 013.65 EB at S Holly St",
        "snapshotUrl": "https://cocam.carsprogram.org/Snapshots/088E01365CAM1SEC.flv.png",
        "streamUrl": "https://publicstreamer1.cotrip.org:443/rtplive/088E01365CAM1SEC/playlist.m3u8",
        "cameraCode": "088E01365CAM1SEC",
        "source": "COtrip",
        "state": "Colorado"
      }
    },
    {
      "type": "Feature",
      "geometry": {
        "type": "Point",
        "coordinates": [
          -104.91193,
          39.62402
        ]
      },
      "properties": {
        "id": "088E01420CAM1SWC",
        "title": "CO-88 MP 014.20 EB at S Monaco St",
        "snapshotUrl": "https://cocam.carsprogram.org/Snapshots/088E01420CAM1SWC.flv.png",
        "streamUrl": "https://publicstreamer1.cotrip.org:443/rtplive/088E01420CAM1SWC/playlist.m3u8",
        "cameraCode": "088E01420CAM1SWC",
        "source": "COtrip",
        "state": "Colorado"
      }
    },
    {
      "type": "Feature",
      "geometry": {
        "type": "Point",
        "coordinates": [
          -104.90388,
          39.62374
        ]
      },
      "properties": {
        "id": "088E01465CAM1SEC",
        "title": "CO-88 MP 014.65 EB at S Quebec St",
        "snapshotUrl": "https://cocam.carsprogram.org/Snapshots/088E01465CAM1SEC.flv.png",
        "streamUrl": "https://publicstreamer1.cotrip.org:443/rtplive/088E01465CAM1SEC/playlist.m3u8",
        "cameraCode": "088E01465CAM1SEC",
        "source": "COtrip",
        "state": "Colorado"
      }
    },
    {
      "type": "Feature",
      "geometry": {
        "type": "Point",
        "coordinates": [
          -104.88062,
          39.59529
        ]
      },
      "properties": {
        "id": "088W01715CAM1NEC",
        "title": "CO-88 MP 017.15 WB at S Boston St/S Clinton St TSG",
        "snapshotUrl": "https://cocam.carsprogram.org/Snapshots/088W01715CAM1NEC.flv.png",
        "streamUrl": "https://publicstreamer1.cotrip.org:443/rtplive/088W01715CAM1NEC/playlist.m3u8",
        "cameraCode": "088W01715CAM1NEC",
        "source": "COtrip",
        "state": "Colorado"
      }
    },
    {
      "type": "Feature",
      "geometry": {
        "type": "Point",
        "coordinates": [
          -104.8764,
          39.59524
        ]
      },
      "properties": {
        "id": "088W01735CAM1NWC",
        "title": "CO-88 MP 017.35 WB at S Dayton St",
        "snapshotUrl": "https://cocam.carsprogram.org/Snapshots/088W01735CAM1NWC.flv.png",
        "streamUrl": "https://publicstreamer1.cotrip.org:443/rtplive/088W01735CAM1NWC/playlist.m3u8",
        "cameraCode": "088W01735CAM1NWC",
        "source": "COtrip",
        "state": "Colorado"
      }
    },
    {
      "type": "Feature",
      "geometry": {
        "type": "Point",
        "coordinates": [
          -104.85768,
          39.59483
        ]
      },
      "properties": {
        "id": "088E01850CAM1SWC",
        "title": "CO-88 MP 018.50 EB at S Lima St",
        "snapshotUrl": "https://cocam.carsprogram.org/Snapshots/088E01850CAM1SWC.flv.png",
        "streamUrl": "https://publicstreamer1.cotrip.org:443/rtplive/088E01850CAM1SWC/playlist.m3u8",
        "cameraCode": "088E01850CAM1SWC",
        "source": "COtrip",
        "state": "Colorado"
      }
    },
    {
      "type": "Feature",
      "geometry": {
        "type": "Point",
        "coordinates": [
          -104.84788,
          39.59488
        ]
      },
      "properties": {
        "id": "088E01905CAM1SEC",
        "title": "CO-88 MP 019.05 EB at S Peoria St",
        "snapshotUrl": "https://cocam.carsprogram.org/Snapshots/088E01905CAM1SEC.flv.png",
        "streamUrl": "https://publicstreamer1.cotrip.org:443/rtplive/088E01905CAM1SEC/playlist.m3u8",
        "cameraCode": "088E01905CAM1SEC",
        "source": "COtrip",
        "state": "Colorado"
      }
    },
    {
      "type": "Feature",
      "geometry": {
        "type": "Point",
        "coordinates": [
          -104.84011,
          39.59486
        ]
      },
      "properties": {
        "id": "088E01950CAM1SEC",
        "title": "CO-88 MP 019.50 EB at S Revere Pkwy",
        "snapshotUrl": "https://cocam.carsprogram.org/Snapshots/088E01950CAM1SEC.flv.png",
        "streamUrl": "https://publicstreamer1.cotrip.org:443/rtplive/088E01950CAM1SEC/playlist.m3u8",
        "cameraCode": "088E01950CAM1SEC",
        "source": "COtrip",
        "state": "Colorado"
      }
    },
    {
      "type": "Feature",
      "geometry": {
        "type": "Point",
        "coordinates": [
          -104.83099,
          39.59484
        ]
      },
      "properties": {
        "id": "088E02000CAM1SEC",
        "title": "CO-88 MP 020.00 EB at S Potomac St",
        "snapshotUrl": "https://cocam.carsprogram.org/Snapshots/088E02000CAM1SEC.flv.png",
        "streamUrl": "https://publicstreamer1.cotrip.org:443/rtplive/088E02000CAM1SEC/playlist.m3u8",
        "cameraCode": "088E02000CAM1SEC",
        "source": "COtrip",
        "state": "Colorado"
      }
    },
    {
      "type": "Feature",
      "geometry": {
        "type": "Point",
        "coordinates": [
          -104.82129,
          39.59511
        ]
      },
      "properties": {
        "id": "088W02050CAM1NWC",
        "title": "CO-88 MP 020.50 WB at S Jordan Rd",
        "snapshotUrl": "https://cocam.carsprogram.org/Snapshots/088W02050CAM1NWC.flv.png",
        "streamUrl": "https://publicstreamer1.cotrip.org:443/rtplive/088W02050CAM1NWC/playlist.m3u8",
        "cameraCode": "088W02050CAM1NWC",
        "source": "COtrip",
        "state": "Colorado"
      }
    },
    {
      "type": "Feature",
      "geometry": {
        "type": "Point",
        "coordinates": [
          -104.80339,
          39.5947
        ]
      },
      "properties": {
        "id": "088E02165CAM1SWC",
        "title": "CO-88 MP 021.65 EB at S Parker Rd/CO-83 Centennial",
        "snapshotUrl": "https://cocam.carsprogram.org/Snapshots/088E02165CAM1SWC.flv.png",
        "streamUrl": "https://publicstreamer1.cotrip.org:443/rtplive/088E02165CAM1SWC/playlist.m3u8",
        "cameraCode": "088E02165CAM1SWC",
        "source": "COtrip",
        "state": "Colorado"
      }
    },
    {
      "type": "Feature",
      "geometry": {
        "type": "Point",
        "coordinates": [
          -104.88333,
          39.59499
        ]
      },
      "properties": {
        "id": "088W01700CAM1NWC",
        "title": "CO-88 MP 17.00 WB at E Arapahoe Rd NB I-25 Ramp",
        "snapshotUrl": "https://cocam.carsprogram.org/Snapshots/088W01700CAM1NWC.flv.png",
        "streamUrl": "https://publicstreamer1.cotrip.org:443/rtplive/088W01700CAM1NWC/playlist.m3u8",
        "cameraCode": "088W01700CAM1NWC",
        "source": "COtrip",
        "state": "Colorado"
      }
    },
    {
      "type": "Feature",
      "geometry": {
        "type": "Point",
        "coordinates": [
          -105.23343,
          39.76403
        ]
      },
      "properties": {
        "id": "093N00070CAM1NEC",
        "title": "CO-93 MP 000.70 NB at Iowa Dr",
        "snapshotUrl": "https://cocam.carsprogram.org/Snapshots/093N00070CAM1NEC.flv.png",
        "streamUrl": "https://publicstreamer1.cotrip.org:443/rtplive/093N00070CAM1NEC/playlist.m3u8",
        "cameraCode": "093N00070CAM1NEC",
        "source": "COtrip",
        "state": "Colorado"
      }
    },
    {
      "type": "Feature",
      "geometry": {
        "type": "Point",
        "coordinates": [
          -105.23563,
          39.76774
        ]
      },
      "properties": {
        "id": "093S00085CAM1NWC",
        "title": "CO-93 MP 000.85 SB at Washington Ave",
        "snapshotUrl": "https://cocam.carsprogram.org/Snapshots/093S00085CAM1NWC.flv.png",
        "streamUrl": "https://publicstreamer1.cotrip.org:443/rtplive/093S00085CAM1NWC/playlist.m3u8",
        "cameraCode": "093S00085CAM1NWC",
        "source": "COtrip",
        "state": "Colorado"
      }
    },
    {
      "type": "Feature",
      "geometry": {
        "type": "Point",
        "coordinates": [
          -105.23563,
          39.77371
        ]
      },
      "properties": {
        "id": "093S00125CAM1NWC",
        "title": "CO-93 MP 001.25 SB at Golden Gate Canyon Rd",
        "snapshotUrl": "https://cocam.carsprogram.org/Snapshots/093S00125CAM1NWC.flv.png",
        "streamUrl": "https://publicstreamer1.cotrip.org:443/rtplive/093S00125CAM1NWC/playlist.m3u8",
        "cameraCode": "093S00125CAM1NWC",
        "source": "COtrip",
        "state": "Colorado"
      }
    },
    {
      "type": "Feature",
      "geometry": {
        "type": "Point",
        "coordinates": [
          -105.22434,
          39.80207
        ]
      },
      "properties": {
        "id": "093N00305CAM1NEC",
        "title": "CO-93 MP 003.05 NB at W 58th Ave",
        "snapshotUrl": "https://cocam.carsprogram.org/Snapshots/093N00305CAM1NEC.flv.png",
        "streamUrl": "https://publicstreamer1.cotrip.org:443/rtplive/093N00305CAM1NEC/playlist.m3u8",
        "cameraCode": "093N00305CAM1NEC",
        "source": "COtrip",
        "state": "Colorado"
      }
    },
    {
      "type": "Feature",
      "geometry": {
        "type": "Point",
        "coordinates": [
          -105.22189,
          39.81827
        ]
      },
      "properties": {
        "id": "093S00415CAM1NWC",
        "title": "CO-93 MP 004.15 SB at W 64th Pkwy",
        "snapshotUrl": "https://cocam.carsprogram.org/Snapshots/093S00415CAM1NWC.flv.png",
        "streamUrl": "https://publicstreamer1.cotrip.org:443/rtplive/093S00415CAM1NWC/playlist.m3u8",
        "cameraCode": "093S00415CAM1NWC",
        "source": "COtrip",
        "state": "Colorado"
      }
    },
    {
      "type": "Feature",
      "geometry": {
        "type": "Point",
        "coordinates": [
          -105.23456,
          39.92861
        ]
      },
      "properties": {
        "id": "093N01180CAM1NEC",
        "title": "CO-93 MP 011.80 NB at CO-128",
        "snapshotUrl": "https://cocam.carsprogram.org/Snapshots/093N01180CAM1NEC.flv.png",
        "streamUrl": "https://publicstreamer1.cotrip.org:443/rtplive/093N01180CAM1NEC/playlist.m3u8",
        "cameraCode": "093N01180CAM1NEC",
        "source": "COtrip",
        "state": "Colorado"
      }
    },
    {
      "type": "Feature",
      "geometry": {
        "type": "Point",
        "coordinates": [
          -105.05339,
          39.79533
        ]
      },
      "properties": {
        "id": "095S00980CAM1SWC",
        "title": "CO-95 MP 009.80 SB at I-76 EB Ramp to Sheridan Blvd",
        "snapshotUrl": "https://cocam.carsprogram.org/Snapshots/095S00980CAM1SWC.flv.png",
        "streamUrl": "https://publicstreamer1.cotrip.org:443/rtplive/095S00980CAM1SWC/playlist.m3u8",
        "cameraCode": "095S00980CAM1SWC",
        "source": "COtrip",
        "state": "Colorado"
      }
    },
    {
      "type": "Feature",
      "geometry": {
        "type": "Point",
        "coordinates": [
          -104.90658,
          39.63227
        ]
      },
      "properties": {
        "id": "225S00010CAM1RHS",
        "title": "I-225 MP 000.10 SB (1) : SB I-225 Ramp to SB I-25",
        "snapshotUrl": "https://cocam.carsprogram.org/Snapshots/225S00010CAM1RHS.flv.png",
        "streamUrl": "https://publicstreamer4.cotrip.org:443/rtplive/225S00010CAM1RHS/playlist.m3u8",
        "cameraCode": "225S00010CAM1RHS",
        "source": "COtrip",
        "state": "Colorado"
      }
    },
    {
      "type": "Feature",
      "geometry": {
        "type": "Point",
        "coordinates": [
          -104.90658,
          39.63227
        ]
      },
      "properties": {
        "id": "225S00010CAM2RHS",
        "title": "I-225 MP 000.10 SB (2) : SB I-225 Ramp to SB I-25",
        "snapshotUrl": "https://cocam.carsprogram.org/Snapshots/225S00010CAM2RHS.flv.png",
        "streamUrl": "https://publicstreamer4.cotrip.org:443/rtplive/225S00010CAM2RHS/playlist.m3u8",
        "cameraCode": "225S00010CAM2RHS",
        "source": "COtrip",
        "state": "Colorado"
      }
    },
    {
      "type": "Feature",
      "geometry": {
        "type": "Point",
        "coordinates": [
          -104.90612,
          39.63383
        ]
      },
      "properties": {
        "id": "225S00015CAM1RHS",
        "title": "I-225 MP 000.15 SB (1) : SB I-225 Ramp to SB I-25",
        "snapshotUrl": "https://cocam.carsprogram.org/Snapshots/225S00015CAM1RHS.flv.png",
        "streamUrl": "https://publicstreamer4.cotrip.org:443/rtplive/225S00015CAM1RHS/playlist.m3u8",
        "cameraCode": "225S00015CAM1RHS",
        "source": "COtrip",
        "state": "Colorado"
      }
    },
    {
      "type": "Feature",
      "geometry": {
        "type": "Point",
        "coordinates": [
          -104.90612,
          39.63383
        ]
      },
      "properties": {
        "id": "225S00015CAM2RHS",
        "title": "I-225 MP 000.15 SB (2) : SB I-225 Ramp to SB I-25",
        "snapshotUrl": "https://cocam.carsprogram.org/Snapshots/225S00015CAM2RHS.flv.png",
        "streamUrl": "https://publicstreamer3.cotrip.org:443/rtplive/225S00015CAM2RHS/playlist.m3u8",
        "cameraCode": "225S00015CAM2RHS",
        "source": "COtrip",
        "state": "Colorado"
      }
    },
    {
      "type": "Feature",
      "geometry": {
        "type": "Point",
        "coordinates": [
          -104.90402,
          39.63529
        ]
      },
      "properties": {
        "id": "225S00025CAM1GP2",
        "title": "I-225 MP 000.25 SB : SB I-225 Ramp to SB I-25",
        "snapshotUrl": "https://cocam.carsprogram.org/Snapshots/225S00025CAM1GP2.flv.png",
        "streamUrl": "https://publicstreamer1.cotrip.org:443/rtplive/225S00025CAM1GP2/playlist.m3u8",
        "cameraCode": "225S00025CAM1GP2",
        "source": "COtrip",
        "state": "Colorado"
      }
    },
    {
      "type": "Feature",
      "geometry": {
        "type": "Point",
        "coordinates": [
          -104.89413,
          39.6357
        ]
      },
      "properties": {
        "id": "225S00080CAM1RHS",
        "title": "I-225 MP 000.80 SB at DTC Blvd",
        "snapshotUrl": "https://cocam.carsprogram.org/Snapshots/225S00080CAM1RHS.flv.png",
        "streamUrl": "https://publicstreamer2.cotrip.org:443/rtplive/225S00080CAM1RHS/playlist.m3u8",
        "cameraCode": "225S00080CAM1RHS",
        "source": "COtrip",
        "state": "Colorado"
      }
    },
    {
      "type": "Feature",
      "geometry": {
        "type": "Point",
        "coordinates": [
          -104.88511,
          39.63972
        ]
      },
      "properties": {
        "id": "225N00140CAM1RP1",
        "title": "I-225 MP 001.40 NB at S Yosemite St and NB I-225 Ramps",
        "snapshotUrl": "https://cocam.carsprogram.org/Snapshots/225N00140CAM1RP1.flv.png",
        "streamUrl": "https://publicstreamer2.cotrip.org:443/rtplive/225N00140CAM1RP1/playlist.m3u8",
        "cameraCode": "225N00140CAM1RP1",
        "source": "COtrip",
        "state": "Colorado"
      }
    },
    {
      "type": "Feature",
      "geometry": {
        "type": "Point",
        "coordinates": [
          -104.86935,
          39.64572
        ]
      },
      "properties": {
        "id": "225N00230CAM1GP4",
        "title": "I-225 MP 002.30 NB : 1.2 miles N of S Yosemite St",
        "snapshotUrl": "https://cocam.carsprogram.org/Snapshots/225N00230CAM1GP4.flv.png",
        "streamUrl": "https://publicstreamer1.cotrip.org:443/rtplive/225N00230CAM1GP4/playlist.m3u8",
        "cameraCode": "225N00230CAM1GP4",
        "source": "COtrip",
        "state": "Colorado"
      }
    },
    {
      "type": "Feature",
      "geometry": {
        "type": "Point",
        "coordinates": [
          -104.87749,
          39.64353
        ]
      },
      "properties": {
        "id": "225S00230CAM1RHS",
        "title": "I-225 MP 002.30 SB : 1.2 miles N of S Yosemite St",
        "snapshotUrl": "https://cocam.carsprogram.org/Snapshots/225S00230CAM1RHS.flv.png",
        "streamUrl": "https://publicstreamer2.cotrip.org:443/rtplive/225S00230CAM1RHS/playlist.m3u8",
        "cameraCode": "225S00230CAM1RHS",
        "source": "COtrip",
        "state": "Colorado"
      }
    },
    {
      "type": "Feature",
      "geometry": {
        "type": "Point",
        "coordinates": [
          -104.85239,
          39.65103
        ]
      },
      "properties": {
        "id": "225S00355CAM1RP2",
        "title": "I-225 MP 003.55 SB : 0.4 miles S of S Parker Rd/CO 83",
        "snapshotUrl": "https://cocam.carsprogram.org/Snapshots/225S00355CAM1RP2.flv.png",
        "streamUrl": "https://publicstreamer2.cotrip.org:443/rtplive/225S00355CAM1RP2/playlist.m3u8",
        "cameraCode": "225S00355CAM1RP2",
        "source": "COtrip",
        "state": "Colorado"
      }
    },
    {
      "type": "Feature",
      "geometry": {
        "type": "Point",
        "coordinates": [
          -104.84212,
          39.65873
        ]
      },
      "properties": {
        "id": "225N00400CAM1RHS",
        "title": "I-225 MP 004.00 NB at S Parker Rd/CO 83",
        "snapshotUrl": "https://cocam.carsprogram.org/Snapshots/225N00400CAM1RHS.flv.png",
        "streamUrl": "https://publicstreamer2.cotrip.org:443/rtplive/225N00400CAM1RHS/playlist.m3u8",
        "cameraCode": "225N00400CAM1RHS",
        "source": "COtrip",
        "state": "Colorado"
      }
    },
    {
      "type": "Feature",
      "geometry": {
        "type": "Point",
        "coordinates": [
          -104.83874,
          39.66116
        ]
      },
      "properties": {
        "id": "225S00425CAM1RHS",
        "title": "I-225 MP 004.25 SB : 0.3 miles N of S Parker Rd/CO 83",
        "snapshotUrl": "https://cocam.carsprogram.org/Snapshots/225S00425CAM1RHS.flv.png",
        "streamUrl": "https://publicstreamer2.cotrip.org:443/rtplive/225S00425CAM1RHS/playlist.m3u8",
        "cameraCode": "225S00425CAM1RHS",
        "source": "COtrip",
        "state": "Colorado"
      }
    },
    {
      "type": "Feature",
      "geometry": {
        "type": "Point",
        "coordinates": [
          -104.83173,
          39.66596
        ]
      },
      "properties": {
        "id": "225S00485CAM1RHS",
        "title": "I-225 MP 004.85 SB : 0.1 miles S of E Yale Ave",
        "snapshotUrl": "https://cocam.carsprogram.org/Snapshots/225S00485CAM1RHS.flv.png",
        "streamUrl": "https://publicstreamer1.cotrip.org:443/rtplive/225S00485CAM1RHS/playlist.m3u8",
        "cameraCode": "225S00485CAM1RHS",
        "source": "COtrip",
        "state": "Colorado"
      }
    },
    {
      "type": "Feature",
      "geometry": {
        "type": "Point",
        "coordinates": [
          -104.82818,
          39.67432
        ]
      },
      "properties": {
        "id": "225N00535CAM1RP1",
        "title": "I-225 MP 005.35 NB at E Iliff Ave",
        "snapshotUrl": "https://cocam.carsprogram.org/Snapshots/225N00535CAM1RP1.flv.png",
        "streamUrl": "https://publicstreamer1.cotrip.org:443/rtplive/225N00535CAM1RP1/playlist.m3u8",
        "cameraCode": "225N00535CAM1RP1",
        "source": "COtrip",
        "state": "Colorado"
      }
    },
    {
      "type": "Feature",
      "geometry": {
        "type": "Point",
        "coordinates": [
          -104.82917,
          39.68885
        ]
      },
      "properties": {
        "id": "225S00635CAM1GP2",
        "title": "I-225 MP 006.35 SB : 0.7 miles S of E Mississippi Ave",
        "snapshotUrl": "https://cocam.carsprogram.org/Snapshots/225S00635CAM1GP2.flv.png",
        "streamUrl": "https://publicstreamer4.cotrip.org:443/rtplive/225S00635CAM1GP2/playlist.m3u8",
        "cameraCode": "225S00635CAM1GP2",
        "source": "COtrip",
        "state": "Colorado"
      }
    },
    {
      "type": "Feature",
      "geometry": {
        "type": "Point",
        "coordinates": [
          -104.82878,
          39.69691
        ]
      },
      "properties": {
        "id": "225N00695CAM1RP1",
        "title": "I-225 MP 006.95 NB at E Mississippi Ave",
        "snapshotUrl": "https://cocam.carsprogram.org/Snapshots/225N00695CAM1RP1.flv.png",
        "streamUrl": "https://publicstreamer1.cotrip.org:443/rtplive/225N00695CAM1RP1/playlist.m3u8",
        "cameraCode": "225N00695CAM1RP1",
        "source": "COtrip",
        "state": "Colorado"
      }
    },
    {
      "type": "Feature",
      "geometry": {
        "type": "Point",
        "coordinates": [
          -104.82654,
          39.70962
        ]
      },
      "properties": {
        "id": "225N00780CAM1GP2",
        "title": "I-225 MP 007.80 NB : 0.1 miles S of E Alameda Ave",
        "snapshotUrl": "https://cocam.carsprogram.org/Snapshots/225N00780CAM1GP2.flv.png",
        "streamUrl": "https://publicstreamer2.cotrip.org:443/rtplive/225N00780CAM1GP2/playlist.m3u8",
        "cameraCode": "225N00780CAM1GP2",
        "source": "COtrip",
        "state": "Colorado"
      }
    },
    {
      "type": "Feature",
      "geometry": {
        "type": "Point",
        "coordinates": [
          -104.82711,
          39.71854
        ]
      },
      "properties": {
        "id": "225S00845CAM1RHS",
        "title": "I-225 MP 008.45 SB : 0.7 miles N of E Alameda Ave",
        "snapshotUrl": "https://cocam.carsprogram.org/Snapshots/225S00845CAM1RHS.flv.png",
        "streamUrl": "https://publicstreamer2.cotrip.org:443/rtplive/225S00845CAM1RHS/playlist.m3u8",
        "cameraCode": "225S00845CAM1RHS",
        "source": "COtrip",
        "state": "Colorado"
      }
    },
    {
      "type": "Feature",
      "geometry": {
        "type": "Point",
        "coordinates": [
          -104.8259,
          39.72546
        ]
      },
      "properties": {
        "id": "225S00895CAM1SWC",
        "title": "I-225 MP 008.95 SB at E 6th Ave",
        "snapshotUrl": "https://cocam.carsprogram.org/Snapshots/225S00895CAM1SWC.flv.png",
        "streamUrl": "https://publicstreamer3.cotrip.org:443/rtplive/225S00895CAM1SWC/playlist.m3u8",
        "cameraCode": "225S00895CAM1SWC",
        "source": "COtrip",
        "state": "Colorado"
      }
    },
    {
      "type": "Feature",
      "geometry": {
        "type": "Point",
        "coordinates": [
          -104.82613,
          39.74044
        ]
      },
      "properties": {
        "id": "225S00995CAM1NWC",
        "title": "I-225 MP 009.95 SB at E Colfax Ave",
        "snapshotUrl": "https://cocam.carsprogram.org/Snapshots/225S00995CAM1NWC.flv.png",
        "streamUrl": "https://publicstreamer2.cotrip.org:443/rtplive/225S00995CAM1NWC/playlist.m3u8",
        "cameraCode": "225S00995CAM1NWC",
        "source": "COtrip",
        "state": "Colorado"
      }
    },
    {
      "type": "Feature",
      "geometry": {
        "type": "Point",
        "coordinates": [
          -104.8258,
          39.74221
        ]
      },
      "properties": {
        "id": "225S01010CAM1RP2",
        "title": "I-225 MP 010.10 SB : 0.1 miles N of E Colfax Ave",
        "snapshotUrl": "https://cocam.carsprogram.org/Snapshots/225S01010CAM1RP2.flv.png",
        "streamUrl": "https://publicstreamer1.cotrip.org:443/rtplive/225S01010CAM1RP2/playlist.m3u8",
        "cameraCode": "225S01010CAM1RP2",
        "source": "COtrip",
        "state": "Colorado"
      }
    },
    {
      "type": "Feature",
      "geometry": {
        "type": "Point",
        "coordinates": [
          -104.82523,
          39.74851
        ]
      },
      "properties": {
        "id": "225N01050CAM1RP1",
        "title": "I-225 MP 010.50 NB : 0.7 miles N of E Colfax Ave",
        "snapshotUrl": "https://cocam.carsprogram.org/Snapshots/225N01050CAM1RP1.flv.png",
        "streamUrl": "https://publicstreamer2.cotrip.org:443/rtplive/225N01050CAM1RP1/playlist.m3u8",
        "cameraCode": "225N01050CAM1RP1",
        "source": "COtrip",
        "state": "Colorado"
      }
    },
    {
      "type": "Feature",
      "geometry": {
        "type": "Point",
        "coordinates": [
          -104.4829,
          36.99926
        ]
      },
      "properties": {
        "id": "025S00040CAM1RHS",
        "title": "I-25 MP 000.40 SB : 0.4 miles N of New Mexico Border",
        "snapshotUrl": "https://cocam.carsprogram.org/Snapshots/025S00040CAM1RHS.flv.png",
        "streamUrl": "https://publicstreamer4.cotrip.org:443/rtplive/025S00040CAM1RHS/playlist.m3u8",
        "cameraCode": "025S00040CAM1RHS",
        "source": "COtrip",
        "state": "Colorado"
      }
    },
    {
      "type": "Feature",
      "geometry": {
        "type": "Point",
        "coordinates": [
          -104.5219,
          37.08684
        ]
      },
      "properties": {
        "id": "025N00760CAM1RP1",
        "title": "I-25 MP 007.60 NB at Exit Rd 8 in Trinidad",
        "snapshotUrl": "https://cocam.carsprogram.org/Snapshots/025N00760CAM1RP1.flv.png",
        "streamUrl": "https://publicstreamer4.cotrip.org:443/rtplive/025N00760CAM1RP1/playlist.m3u8",
        "cameraCode": "025N00760CAM1RP1",
        "source": "COtrip",
        "state": "Colorado"
      }
    },
    {
      "type": "Feature",
      "geometry": {
        "type": "Point",
        "coordinates": [
          -104.52274,
          37.08762
        ]
      },
      "properties": {
        "id": "025S00765CAM1RHS",
        "title": "I-25 MP 007.65 SB at Exit Rd 8 in Trinidad",
        "snapshotUrl": "https://cocam.carsprogram.org/Snapshots/025S00765CAM1RHS.flv.png",
        "streamUrl": "https://publicstreamer4.cotrip.org:443/rtplive/025S00765CAM1RHS/playlist.m3u8",
        "cameraCode": "025S00765CAM1RHS",
        "source": "COtrip",
        "state": "Colorado"
      }
    },
    {
      "type": "Feature",
      "geometry": {
        "type": "Point",
        "coordinates": [
          -104.52083,
          37.13475
        ]
      },
      "properties": {
        "id": "025N01105CAM1RHS",
        "title": "I-25 MP 011.05 NB at Santa Fe Trail/CR 69.1/CR 69.3 in Trinidad",
        "snapshotUrl": "https://cocam.carsprogram.org/Snapshots/025N01105CAM1RHS.flv.png",
        "streamUrl": "https://publicstreamer3.cotrip.org:443/rtplive/025N01105CAM1RHS/playlist.m3u8",
        "cameraCode": "025N01105CAM1RHS",
        "source": "COtrip",
        "state": "Colorado"
      }
    },
    {
      "type": "Feature",
      "geometry": {
        "type": "Point",
        "coordinates": [
          -104.51432,
          37.16121
        ]
      },
      "properties": {
        "id": "025N01300CAM1RHS",
        "title": "I-25 MP 013.00 NB at Van Buren St/CR 20.8 in Trinidad",
        "snapshotUrl": "https://cocam.carsprogram.org/Snapshots/025N01300CAM1RHS.flv.png",
        "streamUrl": "https://publicstreamer1.cotrip.org:443/rtplive/025N01300CAM1RHS/playlist.m3u8",
        "cameraCode": "025N01300CAM1RHS",
        "source": "COtrip",
        "state": "Colorado"
      }
    },
    {
      "type": "Feature",
      "geometry": {
        "type": "Point",
        "coordinates": [
          -104.50664,
          37.1752
        ]
      },
      "properties": {
        "id": "025S01405CAM1RHS",
        "title": "I-25 MP 014.05 SB at E Colorado Ave/N Commercial St in Trinidad",
        "snapshotUrl": "https://cocam.carsprogram.org/Snapshots/025S01405CAM1RHS.flv.png",
        "streamUrl": "https://publicstreamer1.cotrip.org:443/rtplive/025S01405CAM1RHS/playlist.m3u8",
        "cameraCode": "025S01405CAM1RHS",
        "source": "COtrip",
        "state": "Colorado"
      }
    },
    {
      "type": "Feature",
      "geometry": {
        "type": "Point",
        "coordinates": [
          -104.49289,
          37.22627
        ]
      },
      "properties": {
        "id": "025S01770CAM1RHS",
        "title": "I-25 MP 017.70 SB at El Moro Rd/CR 32.4 in Trinidad",
        "snapshotUrl": "https://cocam.carsprogram.org/Snapshots/025S01770CAM1RHS.flv.png",
        "streamUrl": "https://publicstreamer1.cotrip.org:443/rtplive/025S01770CAM1RHS/playlist.m3u8",
        "cameraCode": "025S01770CAM1RHS",
        "source": "COtrip",
        "state": "Colorado"
      }
    },
    {
      "type": "Feature",
      "geometry": {
        "type": "Point",
        "coordinates": [
          -104.5263,
          37.29368
        ]
      },
      "properties": {
        "id": "025N02300CAM1NWC",
        "title": "I-25 MP 023.00 NB at Hoehne Rd/CR 42",
        "snapshotUrl": "https://cocam.carsprogram.org/Snapshots/025N02300CAM1NWC.flv.png",
        "streamUrl": "https://publicstreamer1.cotrip.org:443/rtplive/025N02300CAM1NWC/playlist.m3u8",
        "cameraCode": "025N02300CAM1NWC",
        "source": "COtrip",
        "state": "Colorado"
      }
    },
    {
      "type": "Feature",
      "geometry": {
        "type": "Point",
        "coordinates": [
          -104.56795,
          37.33937
        ]
      },
      "properties": {
        "id": "025S02685CAM1RHS",
        "title": "I-25 MP 026.85 SB at CR 44 in Ludlow",
        "snapshotUrl": "https://cocam.carsprogram.org/Snapshots/025S02685CAM1RHS.flv.png",
        "streamUrl": "https://publicstreamer1.cotrip.org:443/rtplive/025S02685CAM1RHS/playlist.m3u8",
        "cameraCode": "025S02685CAM1RHS",
        "source": "COtrip",
        "state": "Colorado"
      }
    },
    {
      "type": "Feature",
      "geometry": {
        "type": "Point",
        "coordinates": [
          -104.60334,
          37.28292
        ]
      },
      "properties": {
        "id": "025S03045CAM1RHS",
        "title": "I-25 MP 030.45 SB at CR 63.1 in Aguilar",
        "snapshotUrl": "https://cocam.carsprogram.org/Snapshots/025S03045CAM1RHS.flv.png",
        "streamUrl": "https://publicstreamer1.cotrip.org:443/rtplive/025S03045CAM1RHS/playlist.m3u8",
        "cameraCode": "025S03045CAM1RHS",
        "source": "COtrip",
        "state": "Colorado"
      }
    },
    {
      "type": "Feature",
      "geometry": {
        "type": "Point",
        "coordinates": [
          -104.6317,
          37.41723
        ]
      },
      "properties": {
        "id": "025N03330CAM1RHS",
        "title": "I-25 MP 033.30 NB : 0.8 miles S of I-25BL/CR 60 in Lynn",
        "snapshotUrl": "https://cocam.carsprogram.org/Snapshots/025N03330CAM1RHS.flv.png",
        "streamUrl": "https://publicstreamer3.cotrip.org:443/rtplive/025N03330CAM1RHS/playlist.m3u8",
        "cameraCode": "025N03330CAM1RHS",
        "source": "COtrip",
        "state": "Colorado"
      }
    },
    {
      "type": "Feature",
      "geometry": {
        "type": "Point",
        "coordinates": [
          -104.63936,
          37.42703
        ]
      },
      "properties": {
        "id": "025N03410CAM1MED",
        "title": "I-25 MP 034.10 NB at I-25BL/CR 60 in Lynn",
        "snapshotUrl": "https://cocam.carsprogram.org/Snapshots/025N03410CAM1MED.flv.png",
        "streamUrl": "https://publicstreamer1.cotrip.org:443/rtplive/025N03410CAM1MED/playlist.m3u8",
        "cameraCode": "025N03410CAM1MED",
        "source": "COtrip",
        "state": "Colorado"
      }
    },
    {
      "type": "Feature",
      "geometry": {
        "type": "Point",
        "coordinates": [
          -104.69899,
          37.52375
        ]
      },
      "properties": {
        "id": "025S04190CAM1RHS",
        "title": "I-25 MP 041.90 SB at Rouse Rd/CR 310",
        "snapshotUrl": "https://cocam.carsprogram.org/Snapshots/025S04190CAM1RHS.flv.png",
        "streamUrl": "https://publicstreamer1.cotrip.org:443/rtplive/025S04190CAM1RHS/playlist.m3u8",
        "cameraCode": "025S04190CAM1RHS",
        "source": "COtrip",
        "state": "Colorado"
      }
    },
    {
      "type": "Feature",
      "geometry": {
        "type": "Point",
        "coordinates": [
          -104.75551,
          37.61202
        ]
      },
      "properties": {
        "id": "025N04855CAM1GP2",
        "title": "I-25 MP 048.55 NB : 0.6 miles S of I-25BL in Walsenburg",
        "snapshotUrl": "https://cocam.carsprogram.org/Snapshots/025N04855CAM1GP2.flv.png",
        "streamUrl": "https://publicstreamer1.cotrip.org:443/rtplive/025N04855CAM1GP2/playlist.m3u8",
        "cameraCode": "025N04855CAM1GP2",
        "source": "COtrip",
        "state": "Colorado"
      }
    },
    {
      "type": "Feature",
      "geometry": {
        "type": "Point",
        "coordinates": [
          -104.7588,
          37.6175
        ]
      },
      "properties": {
        "id": "025N04900CAM1RHS",
        "title": "I-25 MP 049.00 NB at I-25BL/Industrial Park Dr in Walsenburg",
        "snapshotUrl": "https://cocam.carsprogram.org/Snapshots/025N04900CAM1RHS.flv.png",
        "streamUrl": "https://publicstreamer1.cotrip.org:443/rtplive/025N04900CAM1RHS/playlist.m3u8",
        "cameraCode": "025N04900CAM1RHS",
        "source": "COtrip",
        "state": "Colorado"
      }
    },
    {
      "type": "Feature",
      "geometry": {
        "type": "Point",
        "coordinates": [
          -104.79807,
          37.66359
        ]
      },
      "properties": {
        "id": "025S05275CAM1GP2",
        "title": "I-25 MP 052.75 SB : 0.2 miles N of Exit 52 in Walsenburg",
        "snapshotUrl": "https://cocam.carsprogram.org/Snapshots/025S05275CAM1GP2.flv.png",
        "streamUrl": "https://publicstreamer1.cotrip.org:443/rtplive/025S05275CAM1GP2/playlist.m3u8",
        "cameraCode": "025S05275CAM1GP2",
        "source": "COtrip",
        "state": "Colorado"
      }
    },
    {
      "type": "Feature",
      "geometry": {
        "type": "Point",
        "coordinates": [
          -104.83488,
          37.75056
        ]
      },
      "properties": {
        "id": "025S05910CAM1RHS",
        "title": "I-25 MP 059.10 SB : 0.4 miles N of Butte Rd/CR 103 on Frontage Rd",
        "snapshotUrl": "https://cocam.carsprogram.org/Snapshots/025S05910CAM1RHS.flv.png",
        "streamUrl": "https://publicstreamer3.cotrip.org:443/rtplive/025S05910CAM1RHS/playlist.m3u8",
        "cameraCode": "025S05910CAM1RHS",
        "source": "COtrip",
        "state": "Colorado"
      }
    },
    {
      "type": "Feature",
      "geometry": {
        "type": "Point",
        "coordinates": [
          -104.82868,
          37.85765
        ]
      },
      "properties": {
        "id": "025S06655CAM1RHS",
        "title": "I-25 MP 066.55 SB : 0.2 miles S of CR 670",
        "snapshotUrl": "https://cocam.carsprogram.org/Snapshots/025S06655CAM1RHS.flv.png",
        "streamUrl": "https://publicstreamer4.cotrip.org:443/rtplive/025S06655CAM1RHS/playlist.m3u8",
        "cameraCode": "025S06655CAM1RHS",
        "source": "COtrip",
        "state": "Colorado"
      }
    },
    {
      "type": "Feature",
      "geometry": {
        "type": "Point",
        "coordinates": [
          -104.82588,
          37.91669
        ]
      },
      "properties": {
        "id": "025N07060CAM1GP2",
        "title": "I-25 MP 070.60 NB : 0.6 miles S of W Graneros Rd/CR CC319",
        "snapshotUrl": "https://cocam.carsprogram.org/Snapshots/025N07060CAM1GP2.flv.png",
        "streamUrl": "https://publicstreamer4.cotrip.org:443/rtplive/025N07060CAM1GP2/playlist.m3u8",
        "cameraCode": "025N07060CAM1GP2",
        "source": "COtrip",
        "state": "Colorado"
      }
    },
    {
      "type": "Feature",
      "geometry": {
        "type": "Point",
        "coordinates": [
          -104.78789,
          37.96907
        ]
      },
      "properties": {
        "id": "025S07500CAM1GP2",
        "title": "I-25 MP 075.00 SB : 0.6 miles N of CO 165",
        "snapshotUrl": "https://cocam.carsprogram.org/Snapshots/025S07500CAM1GP2.flv.png",
        "streamUrl": "https://publicstreamer4.cotrip.org:443/rtplive/025S07500CAM1GP2/playlist.m3u8",
        "cameraCode": "025S07500CAM1GP2",
        "source": "COtrip",
        "state": "Colorado"
      }
    },
    {
      "type": "Feature",
      "geometry": {
        "type": "Point",
        "coordinates": [
          -104.62939,
          38.20703
        ]
      },
      "properties": {
        "id": "025S09400CAM1GP2",
        "title": "I-25 MP 094.00 SB : 0.8 miles S of Pueblo Blvd/CO 45",
        "snapshotUrl": "https://cocam.carsprogram.org/Snapshots/025S09400CAM1GP2.flv.png",
        "streamUrl": "https://publicstreamer3.cotrip.org:443/rtplive/025S09400CAM1GP2/playlist.m3u8",
        "cameraCode": "025S09400CAM1GP2",
        "source": "COtrip",
        "state": "Colorado"
      }
    },
    {
      "type": "Feature",
      "geometry": {
        "type": "Point",
        "coordinates": [
          -104.60496,
          38.26564
        ]
      },
      "properties": {
        "id": "025S09845CAM1RP1",
        "title": "I-25 MP 098.45 SB : 0.2 miles S of E 1st St",
        "snapshotUrl": "https://cocam.carsprogram.org/Snapshots/025S09845CAM1RP1.flv.png",
        "streamUrl": "https://publicstreamer3.cotrip.org:443/rtplive/025S09845CAM1RP1/playlist.m3u8",
        "cameraCode": "025S09845CAM1RP1",
        "source": "COtrip",
        "state": "Colorado"
      }
    },
    {
      "type": "Feature",
      "geometry": {
        "type": "Point",
        "coordinates": [
          -104.6119,
          38.29962
        ]
      },
      "properties": {
        "id": "025N10085CAM1RHS",
        "title": "I-25 MP 100.85 NB : 0.1 miles N of W 29th St in Pueblo",
        "snapshotUrl": "https://cocam.carsprogram.org/Snapshots/025N10085CAM1RHS.flv.png",
        "streamUrl": "https://publicstreamer4.cotrip.org:443/rtplive/025N10085CAM1RHS/playlist.m3u8",
        "cameraCode": "025N10085CAM1RHS",
        "source": "COtrip",
        "state": "Colorado"
      }
    },
    {
      "type": "Feature",
      "geometry": {
        "type": "Point",
        "coordinates": [
          -104.61375,
          38.3066
        ]
      },
      "properties": {
        "id": "025S10135CAM1RHS",
        "title": "I-25 MP 101.35 SB at US 50/CO 47 in Pueblo",
        "snapshotUrl": "https://cocam.carsprogram.org/Snapshots/025S10135CAM1RHS.flv.png",
        "streamUrl": "https://publicstreamer4.cotrip.org:443/rtplive/025S10135CAM1RHS/playlist.m3u8",
        "cameraCode": "025S10135CAM1RHS",
        "source": "COtrip",
        "state": "Colorado"
      }
    },
    {
      "type": "Feature",
      "geometry": {
        "type": "Point",
        "coordinates": [
          -104.61532,
          38.31381
        ]
      },
      "properties": {
        "id": "025S10185CAM1RHS",
        "title": "I-25 MP 101.85 SB : 0.4 miles N of US 50/CO 47 in Pueblo",
        "snapshotUrl": "https://cocam.carsprogram.org/Snapshots/025S10185CAM1RHS.flv.png",
        "streamUrl": "https://publicstreamer2.cotrip.org:443/rtplive/025S10185CAM1RHS/playlist.m3u8",
        "cameraCode": "025S10185CAM1RHS",
        "source": "COtrip",
        "state": "Colorado"
      }
    },
    {
      "type": "Feature",
      "geometry": {
        "type": "Point",
        "coordinates": [
          -104.61971,
          38.37707
        ]
      },
      "properties": {
        "id": "025S10615CAM1RHS",
        "title": "I-25 MP 106.15 SB : 1.8 miles S of Purcell Blvd in Pueblo West",
        "snapshotUrl": "https://cocam.carsprogram.org/Snapshots/025S10615CAM1RHS.flv.png",
        "streamUrl": "https://publicstreamer3.cotrip.org:443/rtplive/025S10615CAM1RHS/playlist.m3u8",
        "cameraCode": "025S10615CAM1RHS",
        "source": "COtrip",
        "state": "Colorado"
      }
    },
    {
      "type": "Feature",
      "geometry": {
        "type": "Point",
        "coordinates": [
          -104.60783,
          38.42887
        ]
      },
      "properties": {
        "id": "025S10995CAM1RP1",
        "title": "I-25 MP 109.95 SB : 0.3 miles S of Pinon",
        "snapshotUrl": "https://cocam.carsprogram.org/Snapshots/025S10995CAM1RP1.flv.png",
        "streamUrl": "https://publicstreamer3.cotrip.org:443/rtplive/025S10995CAM1RP1/playlist.m3u8",
        "cameraCode": "025S10995CAM1RP1",
        "source": "COtrip",
        "state": "Colorado"
      }
    },
    {
      "type": "Feature",
      "geometry": {
        "type": "Point",
        "coordinates": [
          -104.60783,
          38.42887
        ]
      },
      "properties": {
        "id": "025S11020CAM1RP1",
        "title": "I-25 MP 110.20 SB at Pinon on Frontage Rd",
        "snapshotUrl": "https://cocam.carsprogram.org/Snapshots/025S11020CAM1RP1.flv.png",
        "streamUrl": "https://publicstreamer1.cotrip.org:443/rtplive/025S11020CAM1RP1/playlist.m3u8",
        "cameraCode": "025S11020CAM1RP1",
        "source": "COtrip",
        "state": "Colorado"
      }
    },
    {
      "type": "Feature",
      "geometry": {
        "type": "Point",
        "coordinates": [
          -104.626,
          38.49818
        ]
      },
      "properties": {
        "id": "025S11490CAM1RHS",
        "title": "I-25 MP 114.90 SB : 0.1 miles S of Pueblo North Rest Area",
        "snapshotUrl": "https://cocam.carsprogram.org/Snapshots/025S11490CAM1RHS.flv.png",
        "streamUrl": "https://publicstreamer4.cotrip.org:443/rtplive/025S11490CAM1RHS/playlist.m3u8",
        "cameraCode": "025S11490CAM1RHS",
        "source": "COtrip",
        "state": "Colorado"
      }
    },
    {
      "type": "Feature",
      "geometry": {
        "type": "Point",
        "coordinates": [
          -104.64739,
          38.55118
        ]
      },
      "properties": {
        "id": "025S11875CAM1RHS",
        "title": "I-25 MP 118.75 SB : 0.1 miles S of Rancho Colorado Blvd",
        "snapshotUrl": "https://cocam.carsprogram.org/Snapshots/025S11875CAM1RHS.flv.png",
        "streamUrl": "https://publicstreamer2.cotrip.org:443/rtplive/025S11875CAM1RHS/playlist.m3u8",
        "cameraCode": "025S11875CAM1RHS",
        "source": "COtrip",
        "state": "Colorado"
      }
    },
    {
      "type": "Feature",
      "geometry": {
        "type": "Point",
        "coordinates": [
          -104.67109,
          38.58949
        ]
      },
      "properties": {
        "id": "025S12170CAM1RP1",
        "title": "I-25 MP 121.70 SB at Midway Ranch Rd",
        "snapshotUrl": "https://cocam.carsprogram.org/Snapshots/025S12170CAM1RP1.flv.png",
        "streamUrl": "https://publicstreamer1.cotrip.org:443/rtplive/025S12170CAM1RP1/playlist.m3u8",
        "cameraCode": "025S12170CAM1RP1",
        "source": "COtrip",
        "state": "Colorado"
      }
    },
    {
      "type": "Feature",
      "geometry": {
        "type": "Point",
        "coordinates": [
          -104.68899,
          38.61971
        ]
      },
      "properties": {
        "id": "025S12400CAM1RHS",
        "title": "I-25 MP 124.00 SB : 0.6 miles S of Ray Nixon Rd",
        "snapshotUrl": "https://cocam.carsprogram.org/Snapshots/025S12400CAM1RHS.flv.png",
        "streamUrl": "https://publicstreamer2.cotrip.org:443/rtplive/025S12400CAM1RHS/playlist.m3u8",
        "cameraCode": "025S12400CAM1RHS",
        "source": "COtrip",
        "state": "Colorado"
      }
    },
    {
      "type": "Feature",
      "geometry": {
        "type": "Point",
        "coordinates": [
          -104.6927,
          38.63662
        ]
      },
      "properties": {
        "id": "025S12520CAM1RHS",
        "title": "I-25 MP 125.20 SB : 0.6 miles N of Ray Nixon Rd",
        "snapshotUrl": "https://cocam.carsprogram.org/Snapshots/025S12520CAM1RHS.flv.png",
        "streamUrl": "https://publicstreamer4.cotrip.org:443/rtplive/025S12520CAM1RHS/playlist.m3u8",
        "cameraCode": "025S12520CAM1RHS",
        "source": "COtrip",
        "state": "Colorado"
      }
    },
    {
      "type": "Feature",
      "geometry": {
        "type": "Point",
        "coordinates": [
          -104.70928,
          38.67259
        ]
      },
      "properties": {
        "id": "025S12785CAM1SEC",
        "title": "I-25 MP 127.85 SB at Sante Fe Ave in Fountain",
        "snapshotUrl": "https://cocam.carsprogram.org/Snapshots/025S12785CAM1SEC.flv.png",
        "streamUrl": "https://publicstreamer3.cotrip.org:443/rtplive/025S12785CAM1SEC/playlist.m3u8",
        "cameraCode": "025S12785CAM1SEC",
        "source": "COtrip",
        "state": "Colorado"
      }
    },
    {
      "type": "Feature",
      "geometry": {
        "type": "Point",
        "coordinates": [
          -104.72265,
          38.7042
        ]
      },
      "properties": {
        "id": "025N13020CAM1GP2",
        "title": "I-25 MP 130.20 NB : 2.0 miles S of CO 16/Mesa Ridge Pkwy in Fountain",
        "snapshotUrl": "https://cocam.carsprogram.org/Snapshots/025N13020CAM1GP2.flv.png",
        "streamUrl": "https://publicstreamer1.cotrip.org:443/rtplive/025N13020CAM1GP2/playlist.m3u8",
        "cameraCode": "025N13020CAM1GP2",
        "source": "COtrip",
        "state": "Colorado"
      }
    },
    {
      "type": "Feature",
      "geometry": {
        "type": "Point",
        "coordinates": [
          -104.77614,
          38.76544
        ]
      },
      "properties": {
        "id": "025N13530CAM1RHS",
        "title": "I-25 MP 135.30 NB at S Academy Blvd in Fountain",
        "snapshotUrl": "https://cocam.carsprogram.org/Snapshots/025N13530CAM1RHS.flv.png",
        "streamUrl": "https://publicstreamer1.cotrip.org:443/rtplive/025N13530CAM1RHS/playlist.m3u8",
        "cameraCode": "025N13530CAM1RHS",
        "source": "COtrip",
        "state": "Colorado"
      }
    },
    {
      "type": "Feature",
      "geometry": {
        "type": "Point",
        "coordinates": [
          -104.80238,
          38.80549
        ]
      },
      "properties": {
        "id": "025N13855CAM1RP1",
        "title": "I-25 MP 138.55 NB : 0.3 miles S of US 24 in Colorado Springs",
        "snapshotUrl": "https://cocam.carsprogram.org/Snapshots/025N13855CAM1RP1.flv.png",
        "streamUrl": "https://publicstreamer1.cotrip.org:443/rtplive/025N13855CAM1RP1/playlist.m3u8",
        "cameraCode": "025N13855CAM1RP1",
        "source": "COtrip",
        "state": "Colorado"
      }
    },
    {
      "type": "Feature",
      "geometry": {
        "type": "Point",
        "coordinates": [
          -104.82917,
          38.89825
        ]
      },
      "properties": {
        "id": "025N14620CAM1RHS",
        "title": "I-25 MP 146.20 NB at Garden of the Gods Rd",
        "snapshotUrl": "https://cocam.carsprogram.org/Snapshots/025N14620CAM1RHS.flv.png",
        "streamUrl": "https://publicstreamer2.cotrip.org:443/rtplive/025N14620CAM1RHS/playlist.m3u8",
        "cameraCode": "025N14620CAM1RHS",
        "source": "COtrip",
        "state": "Colorado"
      }
    },
    {
      "type": "Feature",
      "geometry": {
        "type": "Point",
        "coordinates": [
          -104.80272,
          38.95543
        ]
      },
      "properties": {
        "id": "025N15065CAM1RHS",
        "title": "I-25 MP 150.65 NB : 0.4 miles N of N Academy Blvd",
        "snapshotUrl": "https://cocam.carsprogram.org/Snapshots/025N15065CAM1RHS.flv.png",
        "streamUrl": "https://publicstreamer1.cotrip.org:443/rtplive/025N15065CAM1RHS/playlist.m3u8",
        "cameraCode": "025N15065CAM1RHS",
        "source": "COtrip",
        "state": "Colorado"
      }
    },
    {
      "type": "Feature",
      "geometry": {
        "type": "Point",
        "coordinates": [
          -104.82012,
          39.00419
        ]
      },
      "properties": {
        "id": "025N15425CAM1MED",
        "title": "I-25 MP 154.25 NB : 1.2 miles N of Interquest Pkwy",
        "snapshotUrl": "https://cocam.carsprogram.org/Snapshots/025N15425CAM1MED.flv.png",
        "streamUrl": "https://publicstreamer3.cotrip.org:443/rtplive/025N15425CAM1MED/playlist.m3u8",
        "cameraCode": "025N15425CAM1MED",
        "source": "COtrip",
        "state": "Colorado"
      }
    },
    {
      "type": "Feature",
      "geometry": {
        "type": "Point",
        "coordinates": [
          -104.85626,
          39.06686
        ]
      },
      "properties": {
        "id": "025N15900CAM1RHS",
        "title": "I-25 MP 159.00 NB : 0.8 miles N of Baptist Rd in Monument",
        "snapshotUrl": "https://cocam.carsprogram.org/Snapshots/025N15900CAM1RHS.flv.png",
        "streamUrl": "https://publicstreamer2.cotrip.org:443/rtplive/025N15900CAM1RHS/playlist.m3u8",
        "cameraCode": "025N15900CAM1RHS",
        "source": "COtrip",
        "state": "Colorado"
      }
    },
    {
      "type": "Feature",
      "geometry": {
        "type": "Point",
        "coordinates": [
          -104.86256,
          39.09299
        ]
      },
      "properties": {
        "id": "025N16080CAM1RHS",
        "title": "I-25 MP 160.80 NB : 0.1 miles N of CO 105 in Monument",
        "snapshotUrl": "https://cocam.carsprogram.org/Snapshots/025N16080CAM1RHS.flv.png",
        "streamUrl": "https://publicstreamer4.cotrip.org:443/rtplive/025N16080CAM1RHS/playlist.m3u8",
        "cameraCode": "025N16080CAM1RHS",
        "source": "COtrip",
        "state": "Colorado"
      }
    },
    {
      "type": "Feature",
      "geometry": {
        "type": "Point",
        "coordinates": [
          -104.86304,
          39.09253
        ]
      },
      "properties": {
        "id": "025S16080CAM1NEC",
        "title": "I-25 MP 160.80 SB at 2nd St/CO 105 in Monument",
        "snapshotUrl": "https://cocam.carsprogram.org/Snapshots/025S16080CAM1NEC.flv.png",
        "streamUrl": "https://publicstreamer1.cotrip.org:443/rtplive/025S16080CAM1NEC/playlist.m3u8",
        "cameraCode": "025S16080CAM1NEC",
        "source": "COtrip",
        "state": "Colorado"
      }
    },
    {
      "type": "Feature",
      "geometry": {
        "type": "Point",
        "coordinates": [
          -104.86528,
          39.10862
        ]
      },
      "properties": {
        "id": "025S16190CAM1RHS",
        "title": "I-25 MP 161.90 SB : 1.5 miles N of CO 105 in Monument",
        "snapshotUrl": "https://cocam.carsprogram.org/Snapshots/025S16190CAM1RHS.flv.png",
        "streamUrl": "https://publicstreamer2.cotrip.org:443/rtplive/025S16190CAM1RHS/playlist.m3u8",
        "cameraCode": "025S16190CAM1RHS",
        "source": "COtrip",
        "state": "Colorado"
      }
    },
    {
      "type": "Feature",
      "geometry": {
        "type": "Point",
        "coordinates": [
          -104.86518,
          39.12346
        ]
      },
      "properties": {
        "id": "025S16295CAM1RHS",
        "title": "I-25 MP 162.95 SB : 0.5 miles S of CO 404/County Line Rd",
        "snapshotUrl": "https://cocam.carsprogram.org/Snapshots/025S16295CAM1RHS.flv.png",
        "streamUrl": "https://publicstreamer4.cotrip.org:443/rtplive/025S16295CAM1RHS/playlist.m3u8",
        "cameraCode": "025S16295CAM1RHS",
        "source": "COtrip",
        "state": "Colorado"
      }
    },
    {
      "type": "Feature",
      "geometry": {
        "type": "Point",
        "coordinates": [
          -104.86293,
          39.1368
        ]
      },
      "properties": {
        "id": "025S16405CAM1RHS",
        "title": "I-25 MP 164.05 SB : 0.9 miles N of CO 404/County Line Rd",
        "snapshotUrl": "https://cocam.carsprogram.org/Snapshots/025S16405CAM1RHS.flv.png",
        "streamUrl": "https://publicstreamer4.cotrip.org:443/rtplive/025S16405CAM1RHS/playlist.m3u8",
        "cameraCode": "025S16405CAM1RHS",
        "source": "COtrip",
        "state": "Colorado"
      }
    },
    {
      "type": "Feature",
      "geometry": {
        "type": "Point",
        "coordinates": [
          -104.8583,
          39.15071
        ]
      },
      "properties": {
        "id": "025N16485CAM1RHS",
        "title": "I-25 MP 164.85 NB : 1.9 miles N of CO 404/County Line Rd",
        "snapshotUrl": "https://cocam.carsprogram.org/Snapshots/025N16485CAM1RHS.flv.png",
        "streamUrl": "https://publicstreamer1.cotrip.org:443/rtplive/025N16485CAM1RHS/playlist.m3u8",
        "cameraCode": "025N16485CAM1RHS",
        "source": "COtrip",
        "state": "Colorado"
      }
    },
    {
      "type": "Feature",
      "geometry": {
        "type": "Point",
        "coordinates": [
          -104.85381,
          39.16275
        ]
      },
      "properties": {
        "id": "025N16575CAM1RHS",
        "title": "I-25 MP 165.75 NB : 1.7 miles S of E Greenland Rd",
        "snapshotUrl": "https://cocam.carsprogram.org/Snapshots/025N16575CAM1RHS.flv.png",
        "streamUrl": "https://publicstreamer1.cotrip.org:443/rtplive/025N16575CAM1RHS/playlist.m3u8",
        "cameraCode": "025N16575CAM1RHS",
        "source": "COtrip",
        "state": "Colorado"
      }
    },
    {
      "type": "Feature",
      "geometry": {
        "type": "Point",
        "coordinates": [
          -104.8497,
          39.1781
        ]
      },
      "properties": {
        "id": "025N16690CAM1RHS",
        "title": "I-25 MP 166.90 NB : 0.7 miles S of E Greenland Rd",
        "snapshotUrl": "https://cocam.carsprogram.org/Snapshots/025N16690CAM1RHS.flv.png",
        "streamUrl": "https://publicstreamer1.cotrip.org:443/rtplive/025N16690CAM1RHS/playlist.m3u8",
        "cameraCode": "025N16690CAM1RHS",
        "source": "COtrip",
        "state": "Colorado"
      }
    },
    {
      "type": "Feature",
      "geometry": {
        "type": "Point",
        "coordinates": [
          -104.85235,
          39.19501
        ]
      },
      "properties": {
        "id": "025N16795CAM1RHS",
        "title": "I-25 MP 167.95 NB : 0.7 miles N of E Greenland Rd",
        "snapshotUrl": "https://cocam.carsprogram.org/Snapshots/025N16795CAM1RHS.flv.png",
        "streamUrl": "https://publicstreamer2.cotrip.org:443/rtplive/025N16795CAM1RHS/playlist.m3u8",
        "cameraCode": "025N16795CAM1RHS",
        "source": "COtrip",
        "state": "Colorado"
      }
    },
    {
      "type": "Feature",
      "geometry": {
        "type": "Point",
        "coordinates": [
          -104.86117,
          39.20705
        ]
      },
      "properties": {
        "id": "025N16890CAM1RHS",
        "title": "I-25 MP 168.90 NB : 1.5 miles N of E Greenland Rd",
        "snapshotUrl": "https://cocam.carsprogram.org/Snapshots/025N16890CAM1RHS.flv.png",
        "streamUrl": "https://publicstreamer4.cotrip.org:443/rtplive/025N16890CAM1RHS/playlist.m3u8",
        "cameraCode": "025N16890CAM1RHS",
        "source": "COtrip",
        "state": "Colorado"
      }
    },
    {
      "type": "Feature",
      "geometry": {
        "type": "Point",
        "coordinates": [
          -104.87381,
          39.21408
        ]
      },
      "properties": {
        "id": "025S16970CAM1RHS",
        "title": "I-25 MP 169.70 SB : 2.8 miles N of E Greenland Rd",
        "snapshotUrl": "https://cocam.carsprogram.org/Snapshots/025S16970CAM1RHS.flv.png",
        "streamUrl": "https://publicstreamer1.cotrip.org:443/rtplive/025S16970CAM1RHS/playlist.m3u8",
        "cameraCode": "025S16970CAM1RHS",
        "source": "COtrip",
        "state": "Colorado"
      }
    },
    {
      "type": "Feature",
      "geometry": {
        "type": "Point",
        "coordinates": [
          -104.8791,
          39.22251
        ]
      },
      "properties": {
        "id": "025S17040CAM1RHS",
        "title": "I-25 MP 170.40 SB : 1.8 miles S of Upper Lake Gulch Rd",
        "snapshotUrl": "https://cocam.carsprogram.org/Snapshots/025S17040CAM1RHS.flv.png",
        "streamUrl": "https://publicstreamer2.cotrip.org:443/rtplive/025S17040CAM1RHS/playlist.m3u8",
        "cameraCode": "025S17040CAM1RHS",
        "source": "COtrip",
        "state": "Colorado"
      }
    },
    {
      "type": "Feature",
      "geometry": {
        "type": "Point",
        "coordinates": [
          -104.87785,
          39.2234
        ]
      },
      "properties": {
        "id": "025N17045CAM1RP1",
        "title": "I-25 MP 170.45 NB at Larkspur Chain Station",
        "snapshotUrl": "https://cocam.carsprogram.org/Snapshots/025N17045CAM1RP1.flv.png",
        "streamUrl": "https://publicstreamer2.cotrip.org:443/rtplive/025N17045CAM1RP1/playlist.m3u8",
        "cameraCode": "025N17045CAM1RP1",
        "source": "COtrip",
        "state": "Colorado"
      }
    },
    {
      "type": "Feature",
      "geometry": {
        "type": "Point",
        "coordinates": [
          -104.87818,
          39.22515
        ]
      },
      "properties": {
        "id": "025N17055CAM1RHS",
        "title": "I-25 MP 170.55 NB : 1.6 miles S of Upper Lake Gulch Rd",
        "snapshotUrl": "https://cocam.carsprogram.org/Snapshots/025N17055CAM1RHS.flv.png",
        "streamUrl": "https://publicstreamer4.cotrip.org:443/rtplive/025N17055CAM1RHS/playlist.m3u8",
        "cameraCode": "025N17055CAM1RHS",
        "source": "COtrip",
        "state": "Colorado"
      }
    },
    {
      "type": "Feature",
      "geometry": {
        "type": "Point",
        "coordinates": [
          -104.87761,
          39.24277
        ]
      },
      "properties": {
        "id": "025N17175CAM1RP1",
        "title": "I-25 MP 171.75 NB at Upper Lake Gulch Rd",
        "snapshotUrl": "https://cocam.carsprogram.org/Snapshots/025N17175CAM1RP1.flv.png",
        "streamUrl": "https://publicstreamer1.cotrip.org:443/rtplive/025N17175CAM1RP1/playlist.m3u8",
        "cameraCode": "025N17175CAM1RP1",
        "source": "COtrip",
        "state": "Colorado"
      }
    },
    {
      "type": "Feature",
      "geometry": {
        "type": "Point",
        "coordinates": [
          -104.88397,
          39.24897
        ]
      },
      "properties": {
        "id": "025N17235CAM1RHS",
        "title": "I-25 MP 172.35 NB at Spruce Mountain Rd in Larkspur",
        "snapshotUrl": "https://cocam.carsprogram.org/Snapshots/025N17235CAM1RHS.flv.png",
        "streamUrl": "https://publicstreamer4.cotrip.org:443/rtplive/025N17235CAM1RHS/playlist.m3u8",
        "cameraCode": "025N17235CAM1RHS",
        "source": "COtrip",
        "state": "Colorado"
      }
    },
    {
      "type": "Feature",
      "geometry": {
        "type": "Point",
        "coordinates": [
          -104.89067,
          39.25801
        ]
      },
      "properties": {
        "id": "025N17305CAM1RHS",
        "title": "I-25 MP 173.05 NB : 0.8 miles S of Sky View Ln in Larkspur",
        "snapshotUrl": "https://cocam.carsprogram.org/Snapshots/025N17305CAM1RHS.flv.png",
        "streamUrl": "https://publicstreamer1.cotrip.org:443/rtplive/025N17305CAM1RHS/playlist.m3u8",
        "cameraCode": "025N17305CAM1RHS",
        "source": "COtrip",
        "state": "Colorado"
      }
    },
    {
      "type": "Feature",
      "geometry": {
        "type": "Point",
        "coordinates": [
          -104.89667,
          39.26774
        ]
      },
      "properties": {
        "id": "025S17380CAM1RP1",
        "title": "I-25 MP 173.80 SB at Sky View Ln in Larkspur",
        "snapshotUrl": "https://cocam.carsprogram.org/Snapshots/025S17380CAM1RP1.flv.png",
        "streamUrl": "https://publicstreamer1.cotrip.org:443/rtplive/025S17380CAM1RP1/playlist.m3u8",
        "cameraCode": "025S17380CAM1RP1",
        "source": "COtrip",
        "state": "Colorado"
      }
    },
    {
      "type": "Feature",
      "geometry": {
        "type": "Point",
        "coordinates": [
          -104.89801,
          39.27674
        ]
      },
      "properties": {
        "id": "025S17445CAM1RHS",
        "title": "I-25 MP 174.45 SB : 0.6 miles N of Sky View Ln on Frontage Rd",
        "snapshotUrl": "https://cocam.carsprogram.org/Snapshots/025S17445CAM1RHS.flv.png",
        "streamUrl": "https://publicstreamer1.cotrip.org:443/rtplive/025S17445CAM1RHS/playlist.m3u8",
        "cameraCode": "025S17445CAM1RHS",
        "source": "COtrip",
        "state": "Colorado"
      }
    },
    {
      "type": "Feature",
      "geometry": {
        "type": "Point",
        "coordinates": [
          -104.8938,
          39.29314
        ]
      },
      "properties": {
        "id": "025S17550CAM1RHS",
        "title": "I-25 MP 175.50 SB : 1.0 mile N of Sky View Ln",
        "snapshotUrl": "https://cocam.carsprogram.org/Snapshots/025S17550CAM1RHS.flv.png",
        "streamUrl": "https://publicstreamer1.cotrip.org:443/rtplive/025S17550CAM1RHS/playlist.m3u8",
        "cameraCode": "025S17550CAM1RHS",
        "source": "COtrip",
        "state": "Colorado"
      }
    },
    {
      "type": "Feature",
      "geometry": {
        "type": "Point",
        "coordinates": [
          -104.88528,
          39.31391
        ]
      },
      "properties": {
        "id": "025S17705CAM1RHS",
        "title": "I-25 MP 177.05 SB : 3.8 miles S of Plum Creek Pkwy",
        "snapshotUrl": "https://cocam.carsprogram.org/Snapshots/025S17705CAM1RHS.flv.png",
        "streamUrl": "https://publicstreamer4.cotrip.org:443/rtplive/025S17705CAM1RHS/playlist.m3u8",
        "cameraCode": "025S17705CAM1RHS",
        "source": "COtrip",
        "state": "Colorado"
      }
    },
    {
      "type": "Feature",
      "geometry": {
        "type": "Point",
        "coordinates": [
          -104.87812,
          39.33218
        ]
      },
      "properties": {
        "id": "025N17840CAM1RHS",
        "title": "I-25 MP 178.40 NB : 2.4 miles S of Plum Creek Pkwy on Frontage Rd",
        "snapshotUrl": "https://cocam.carsprogram.org/Snapshots/025N17840CAM1RHS.flv.png",
        "streamUrl": "https://publicstreamer1.cotrip.org:443/rtplive/025N17840CAM1RHS/playlist.m3u8",
        "cameraCode": "025N17840CAM1RHS",
        "source": "COtrip",
        "state": "Colorado"
      }
    },
    {
      "type": "Feature",
      "geometry": {
        "type": "Point",
        "coordinates": [
          -104.87189,
          39.34959
        ]
      },
      "properties": {
        "id": "025N17970CAM1GP2",
        "title": "I-25 MP 179.70 NB : 1.2 miles S of Plum Creek Pkwy",
        "snapshotUrl": "https://cocam.carsprogram.org/Snapshots/025N17970CAM1GP2.flv.png",
        "streamUrl": "https://publicstreamer2.cotrip.org:443/rtplive/025N17970CAM1GP2/playlist.m3u8",
        "cameraCode": "025N17970CAM1GP2",
        "source": "COtrip",
        "state": "Colorado"
      }
    },
    {
      "type": "Feature",
      "geometry": {
        "type": "Point",
        "coordinates": [
          -104.86688,
          39.36396
        ]
      },
      "properties": {
        "id": "025S18070CAM1RP1",
        "title": "I-25 MP 180.70 SB : 0.2 miles S of Plum Creek Pkwy",
        "snapshotUrl": "https://cocam.carsprogram.org/Snapshots/025S18070CAM1RP1.flv.png",
        "streamUrl": "https://publicstreamer2.cotrip.org:443/rtplive/025S18070CAM1RP1/playlist.m3u8",
        "cameraCode": "025S18070CAM1RP1",
        "source": "COtrip",
        "state": "Colorado"
      }
    },
    {
      "type": "Feature",
      "geometry": {
        "type": "Point",
        "coordinates": [
          -104.85995,
          39.38025
        ]
      },
      "properties": {
        "id": "025N18185CAM1RP2",
        "title": "I-25 MP 181.85 NB at E Wolfensberger Rd/Wilcox St",
        "snapshotUrl": "https://cocam.carsprogram.org/Snapshots/025N18185CAM1RP2.flv.png",
        "streamUrl": "https://publicstreamer1.cotrip.org:443/rtplive/025N18185CAM1RP2/playlist.m3u8",
        "cameraCode": "025N18185CAM1RP2",
        "source": "COtrip",
        "state": "Colorado"
      }
    },
    {
      "type": "Feature",
      "geometry": {
        "type": "Point",
        "coordinates": [
          -104.85883,
          39.39177
        ]
      },
      "properties": {
        "id": "025N18265CAM1RP2",
        "title": "I-25 MP 182.65 NB : 0.8 miles N of Wolfensburger Rd/Wilcox St",
        "snapshotUrl": "https://cocam.carsprogram.org/Snapshots/025N18265CAM1RP2.flv.png",
        "streamUrl": "https://publicstreamer1.cotrip.org:443/rtplive/025N18265CAM1RP2/playlist.m3u8",
        "cameraCode": "025N18265CAM1RP2",
        "source": "COtrip",
        "state": "Colorado"
      }
    },
    {
      "type": "Feature",
      "geometry": {
        "type": "Point",
        "coordinates": [
          -104.86818,
          39.41209
        ]
      },
      "properties": {
        "id": "025N18420CAM1RP1",
        "title": "I-25 MP 184.20 NB at Founders Pkwy/Meadows Pkwy",
        "snapshotUrl": "https://cocam.carsprogram.org/Snapshots/025N18420CAM1RP1.flv.png",
        "streamUrl": "https://publicstreamer2.cotrip.org:443/rtplive/025N18420CAM1RP1/playlist.m3u8",
        "cameraCode": "025N18420CAM1RP1",
        "source": "COtrip",
        "state": "Colorado"
      }
    },
    {
      "type": "Feature",
      "geometry": {
        "type": "Point",
        "coordinates": [
          -104.87673,
          39.425
        ]
      },
      "properties": {
        "id": "025S18510CAM1GP4",
        "title": "I-25 MP 185.10 SB at Castle Rock Pkwy",
        "snapshotUrl": "https://cocam.carsprogram.org/Snapshots/025S18510CAM1GP4.flv.png",
        "streamUrl": "https://publicstreamer3.cotrip.org:443/rtplive/025S18510CAM1GP4/playlist.m3u8",
        "cameraCode": "025S18510CAM1GP4",
        "source": "COtrip",
        "state": "Colorado"
      }
    },
    {
      "type": "Feature",
      "geometry": {
        "type": "Point",
        "coordinates": [
          -104.87712,
          39.43828
        ]
      },
      "properties": {
        "id": "025N18610CAM1RHS",
        "title": "I-25 MP 186.10 NB : 0.8 miles S of Happy Canyon Rd",
        "snapshotUrl": "https://cocam.carsprogram.org/Snapshots/025N18610CAM1RHS.flv.png",
        "streamUrl": "https://publicstreamer1.cotrip.org:443/rtplive/025N18610CAM1RHS/playlist.m3u8",
        "cameraCode": "025N18610CAM1RHS",
        "source": "COtrip",
        "state": "Colorado"
      }
    },
    {
      "type": "Feature",
      "geometry": {
        "type": "Point",
        "coordinates": [
          -104.87502,
          39.4498
        ]
      },
      "properties": {
        "id": "025N18690CAM1RHS",
        "title": "I-25 MP 186.90 NB at Happy Canyon Rd",
        "snapshotUrl": "https://cocam.carsprogram.org/Snapshots/025N18690CAM1RHS.flv.png",
        "streamUrl": "https://publicstreamer1.cotrip.org:443/rtplive/025N18690CAM1RHS/playlist.m3u8",
        "cameraCode": "025N18690CAM1RHS",
        "source": "COtrip",
        "state": "Colorado"
      }
    },
    {
      "type": "Feature",
      "geometry": {
        "type": "Point",
        "coordinates": [
          -104.87035,
          39.47211
        ]
      },
      "properties": {
        "id": "025N18850CAM1NWC",
        "title": "I-25 MP 188.50 NB at Castle Pines Pkwy to NB I-25 Ramp",
        "snapshotUrl": "https://cocam.carsprogram.org/Snapshots/025N18850CAM1NWC.flv.png",
        "streamUrl": "https://publicstreamer4.cotrip.org:443/rtplive/025N18850CAM1NWC/playlist.m3u8",
        "cameraCode": "025N18850CAM1NWC",
        "source": "COtrip",
        "state": "Colorado"
      }
    },
    {
      "type": "Feature",
      "geometry": {
        "type": "Point",
        "coordinates": [
          -104.87231,
          39.49045
        ]
      },
      "properties": {
        "id": "025N18945CAM1RHS",
        "title": "I-25 MP 189.45 NB : 1.2 miles N of Castle Pines Pkwy",
        "snapshotUrl": "https://cocam.carsprogram.org/Snapshots/025N18945CAM1RHS.flv.png",
        "streamUrl": "https://publicstreamer4.cotrip.org:443/rtplive/025N18945CAM1RHS/playlist.m3u8",
        "cameraCode": "025N18945CAM1RHS",
        "source": "COtrip",
        "state": "Colorado"
      }
    },
    {
      "type": "Feature",
      "geometry": {
        "type": "Point",
        "coordinates": [
          -104.86783,
          39.51724
        ]
      },
      "properties": {
        "id": "025N19140CAM1GP3",
        "title": "I-25 MP 191.40 NB : 0.7 miles S of Ridgegate Pkwy",
        "snapshotUrl": "https://cocam.carsprogram.org/Snapshots/025N19140CAM1GP3.flv.png",
        "streamUrl": "https://publicstreamer4.cotrip.org:443/rtplive/025N19140CAM1GP3/playlist.m3u8",
        "cameraCode": "025N19140CAM1GP3",
        "source": "COtrip",
        "state": "Colorado"
      }
    },
    {
      "type": "Feature",
      "geometry": {
        "type": "Point",
        "coordinates": [
          -104.86771,
          39.52273
        ]
      },
      "properties": {
        "id": "025S19205CAM1RHS",
        "title": "I-25 MP 192.05 SB at Ridgegate Pkwy",
        "snapshotUrl": "https://cocam.carsprogram.org/Snapshots/025S19205CAM1RHS.flv.png",
        "streamUrl": "https://publicstreamer1.cotrip.org:443/rtplive/025S19205CAM1RHS/playlist.m3u8",
        "cameraCode": "025S19205CAM1RHS",
        "source": "COtrip",
        "state": "Colorado"
      }
    },
    {
      "type": "Feature",
      "geometry": {
        "type": "Point",
        "coordinates": [
          -104.87012,
          39.55034
        ]
      },
      "properties": {
        "id": "025S19440CAM1RP1",
        "title": "I-25 MP 194.40 SB : SB I-25 Ramp to EB E-470",
        "snapshotUrl": "https://cocam.carsprogram.org/Snapshots/025S19440CAM1RP1.flv.png",
        "streamUrl": "https://publicstreamer1.cotrip.org:443/rtplive/025S19440CAM1RP1/playlist.m3u8",
        "cameraCode": "025S19440CAM1RP1",
        "source": "COtrip",
        "state": "Colorado"
      }
    },
    {
      "type": "Feature",
      "geometry": {
        "type": "Point",
        "coordinates": [
          -104.87209,
          39.56675
        ]
      },
      "properties": {
        "id": "025N19510CAM1RHS",
        "title": "I-25 MP 195.10 NB at E County Line Rd",
        "snapshotUrl": "https://cocam.carsprogram.org/Snapshots/025N19510CAM1RHS.flv.png",
        "streamUrl": "https://publicstreamer2.cotrip.org:443/rtplive/025N19510CAM1RHS/playlist.m3u8",
        "cameraCode": "025N19510CAM1RHS",
        "source": "COtrip",
        "state": "Colorado"
      }
    },
    {
      "type": "Feature",
      "geometry": {
        "type": "Point",
        "coordinates": [
          -104.87702,
          39.58005
        ]
      },
      "properties": {
        "id": "025N19625CAM1RHS",
        "title": "I-25 MP 196.25 NB : 0.1 miles N of E Dry Creek",
        "snapshotUrl": "https://cocam.carsprogram.org/Snapshots/025N19625CAM1RHS.flv.png",
        "streamUrl": "https://publicstreamer1.cotrip.org:443/rtplive/025N19625CAM1RHS/playlist.m3u8",
        "cameraCode": "025N19625CAM1RHS",
        "source": "COtrip",
        "state": "Colorado"
      }
    },
    {
      "type": "Feature",
      "geometry": {
        "type": "Point",
        "coordinates": [
          -104.88522,
          39.59431
        ]
      },
      "properties": {
        "id": "025N19710CAM1RHS",
        "title": "I-25 MP 197.10 NB : 0.1 miles S of E Arapahoe Rd",
        "snapshotUrl": "https://cocam.carsprogram.org/Snapshots/025N19710CAM1RHS.flv.png",
        "streamUrl": "https://publicstreamer4.cotrip.org:443/rtplive/025N19710CAM1RHS/playlist.m3u8",
        "cameraCode": "025N19710CAM1RHS",
        "source": "COtrip",
        "state": "Colorado"
      }
    },
    {
      "type": "Feature",
      "geometry": {
        "type": "Point",
        "coordinates": [
          -104.88798,
          39.60084
        ]
      },
      "properties": {
        "id": "025N19765CAM1RHS",
        "title": "I-25 MP 197.65 NB : 0.6 miles N of E Arapahoe Rd",
        "snapshotUrl": "https://cocam.carsprogram.org/Snapshots/025N19765CAM1RHS.flv.png",
        "streamUrl": "https://publicstreamer3.cotrip.org:443/rtplive/025N19765CAM1RHS/playlist.m3u8",
        "cameraCode": "025N19765CAM1RHS",
        "source": "COtrip",
        "state": "Colorado"
      }
    },
    {
      "type": "Feature",
      "geometry": {
        "type": "Point",
        "coordinates": [
          -104.89363,
          39.60887
        ]
      },
      "properties": {
        "id": "025N19820CAM1RHS",
        "title": "I-25 MP 198.20 NB at E Orchard Rd",
        "snapshotUrl": "https://cocam.carsprogram.org/Snapshots/025N19820CAM1RHS.flv.png",
        "streamUrl": "https://publicstreamer4.cotrip.org:443/rtplive/025N19820CAM1RHS/playlist.m3u8",
        "cameraCode": "025N19820CAM1RHS",
        "source": "COtrip",
        "state": "Colorado"
      }
    },
    {
      "type": "Feature",
      "geometry": {
        "type": "Point",
        "coordinates": [
          -104.90107,
          39.62397
        ]
      },
      "properties": {
        "id": "025N19940CAM1NWC",
        "title": "I-25 MP 199.40 NB at E Belleview Ave NB I-25 Ramp",
        "snapshotUrl": "https://cocam.carsprogram.org/Snapshots/025N19940CAM1NWC.flv.png",
        "streamUrl": "https://publicstreamer4.cotrip.org:443/rtplive/025N19940CAM1NWC/playlist.m3u8",
        "cameraCode": "025N19940CAM1NWC",
        "source": "COtrip",
        "state": "Colorado"
      }
    },
    {
      "type": "Feature",
      "geometry": {
        "type": "Point",
        "coordinates": [
          -104.902,
          39.62334
        ]
      },
      "properties": {
        "id": "025S19945CAM1RHS",
        "title": "I-25 MP 199.45 SB at E Belleview Ave",
        "snapshotUrl": "https://cocam.carsprogram.org/Snapshots/025S19945CAM1RHS.flv.png",
        "streamUrl": "https://publicstreamer2.cotrip.org:443/rtplive/025S19945CAM1RHS/playlist.m3u8",
        "cameraCode": "025S19945CAM1RHS",
        "source": "COtrip",
        "state": "Colorado"
      }
    },
    {
      "type": "Feature",
      "geometry": {
        "type": "Point",
        "coordinates": [
          -104.90728,
          39.63409
        ]
      },
      "properties": {
        "id": "025S20010CAM1RP2",
        "title": "I-25 MP 200.10 SB : SB I-25 Ramp to NB I-225/DTC Blvd",
        "snapshotUrl": "https://cocam.carsprogram.org/Snapshots/025S20010CAM1RP2.flv.png",
        "streamUrl": "https://publicstreamer3.cotrip.org:443/rtplive/025S20010CAM1RP2/playlist.m3u8",
        "cameraCode": "025S20010CAM1RP2",
        "source": "COtrip",
        "state": "Colorado"
      }
    },
    {
      "type": "Feature",
      "geometry": {
        "type": "Point",
        "coordinates": [
          -104.91029,
          39.63825
        ]
      },
      "properties": {
        "id": "025S20045CAM1SWC",
        "title": "I-25 MP 200.45 SB at E Quincy Ave",
        "snapshotUrl": "https://cocam.carsprogram.org/Snapshots/025S20045CAM1SWC.flv.png",
        "streamUrl": "https://publicstreamer1.cotrip.org:443/rtplive/025S20045CAM1SWC/playlist.m3u8",
        "cameraCode": "025S20045CAM1SWC",
        "source": "COtrip",
        "state": "Colorado"
      }
    },
    {
      "type": "Feature",
      "geometry": {
        "type": "Point",
        "coordinates": [
          -104.91103,
          39.64086
        ]
      },
      "properties": {
        "id": "025N20065CAM1GP2",
        "title": "I-25 MP 200.65 NB : 0.5 miles N of I-225",
        "snapshotUrl": "https://cocam.carsprogram.org/Snapshots/025N20065CAM1GP2.flv.png",
        "streamUrl": "https://publicstreamer3.cotrip.org:443/rtplive/025N20065CAM1GP2/playlist.m3u8",
        "cameraCode": "025N20065CAM1GP2",
        "source": "COtrip",
        "state": "Colorado"
      }
    },
    {
      "type": "Feature",
      "geometry": {
        "type": "Point",
        "coordinates": [
          -104.91855,
          39.65286
        ]
      },
      "properties": {
        "id": "025S20155CAM1SEC",
        "title": "I-25 MP 201.55 SB at E Hampden Ave",
        "snapshotUrl": "https://cocam.carsprogram.org/Snapshots/025S20155CAM1SEC.flv.png",
        "streamUrl": "https://publicstreamer4.cotrip.org:443/rtplive/025S20155CAM1SEC/playlist.m3u8",
        "cameraCode": "025S20155CAM1SEC",
        "source": "COtrip",
        "state": "Colorado"
      }
    },
    {
      "type": "Feature",
      "geometry": {
        "type": "Point",
        "coordinates": [
          -104.92573,
          39.66711
        ]
      },
      "properties": {
        "id": "025N20270CAM1RHS",
        "title": "I-25 MP 202.70 NB at E Yale Ave",
        "snapshotUrl": "https://cocam.carsprogram.org/Snapshots/025N20270CAM1RHS.flv.png",
        "streamUrl": "https://publicstreamer2.cotrip.org:443/rtplive/025N20270CAM1RHS/playlist.m3u8",
        "cameraCode": "025N20270CAM1RHS",
        "source": "COtrip",
        "state": "Colorado"
      }
    },
    {
      "type": "Feature",
      "geometry": {
        "type": "Point",
        "coordinates": [
          -104.93384,
          39.67805
        ]
      },
      "properties": {
        "id": "025N20355CAM1RP1",
        "title": "I-25 MP 203.55 NB at Evans Ave",
        "snapshotUrl": "https://cocam.carsprogram.org/Snapshots/025N20355CAM1RP1.flv.png",
        "streamUrl": "https://publicstreamer1.cotrip.org:443/rtplive/025N20355CAM1RP1/playlist.m3u8",
        "cameraCode": "025N20355CAM1RP1",
        "source": "COtrip",
        "state": "Colorado"
      }
    },
    {
      "type": "Feature",
      "geometry": {
        "type": "Point",
        "coordinates": [
          -104.93705,
          39.68201
        ]
      },
      "properties": {
        "id": "025N20385CAM1RP2",
        "title": "I-25 MP 203.85 NB : 0.2 miles S of Colorado Blvd/CO 2",
        "snapshotUrl": "https://cocam.carsprogram.org/Snapshots/025N20385CAM1RP2.flv.png",
        "streamUrl": "https://publicstreamer2.cotrip.org:443/rtplive/025N20385CAM1RP2/playlist.m3u8",
        "cameraCode": "025N20385CAM1RP2",
        "source": "COtrip",
        "state": "Colorado"
      }
    },
    {
      "type": "Feature",
      "geometry": {
        "type": "Point",
        "coordinates": [
          -104.94268,
          39.68317
        ]
      },
      "properties": {
        "id": "025N20405CAM1RP1",
        "title": "I-25 MP 204.05 NB at Colorado Blvd/CO 2",
        "snapshotUrl": "https://cocam.carsprogram.org/Snapshots/025N20405CAM1RP1.flv.png",
        "streamUrl": "https://publicstreamer1.cotrip.org:443/rtplive/025N20405CAM1RP1/playlist.m3u8",
        "cameraCode": "025N20405CAM1RP1",
        "source": "COtrip",
        "state": "Colorado"
      }
    },
    {
      "type": "Feature",
      "geometry": {
        "type": "Point",
        "coordinates": [
          -104.95883,
          39.68467
        ]
      },
      "properties": {
        "id": "025N20495CAM1RHS",
        "title": "I-25 MP 204.95 NB : 0.1 miles S of S University Blvd",
        "snapshotUrl": "https://cocam.carsprogram.org/Snapshots/025N20495CAM1RHS.flv.png",
        "streamUrl": "https://publicstreamer1.cotrip.org:443/rtplive/025N20495CAM1RHS/playlist.m3u8",
        "cameraCode": "025N20495CAM1RHS",
        "source": "COtrip",
        "state": "Colorado"
      }
    },
    {
      "type": "Feature",
      "geometry": {
        "type": "Point",
        "coordinates": [
          -104.96574,
          39.68575
        ]
      },
      "properties": {
        "id": "025S20540CAM1RP2",
        "title": "I-25 MP 205.40 SB : 0.4 miles N of S University Blvd",
        "snapshotUrl": "https://cocam.carsprogram.org/Snapshots/025S20540CAM1RP2.flv.png",
        "streamUrl": "https://publicstreamer3.cotrip.org:443/rtplive/025S20540CAM1RP2/playlist.m3u8",
        "cameraCode": "025S20540CAM1RP2",
        "source": "COtrip",
        "state": "Colorado"
      }
    },
    {
      "type": "Feature",
      "geometry": {
        "type": "Point",
        "coordinates": [
          -104.97349,
          39.6895
        ]
      },
      "properties": {
        "id": "025N20590CAM1RP1",
        "title": "I-25 MP 205.90 NB at S Downing St",
        "snapshotUrl": "https://cocam.carsprogram.org/Snapshots/025N20590CAM1RP1.flv.png",
        "streamUrl": "https://publicstreamer1.cotrip.org:443/rtplive/025N20590CAM1RP1/playlist.m3u8",
        "cameraCode": "025N20590CAM1RP1",
        "source": "COtrip",
        "state": "Colorado"
      }
    },
    {
      "type": "Feature",
      "geometry": {
        "type": "Point",
        "coordinates": [
          -104.97661,
          39.69131
        ]
      },
      "properties": {
        "id": "025S20600CAM1RHS",
        "title": "I-25 MP 206.00 SB : 0.2 miles N of S Downing St",
        "snapshotUrl": "https://cocam.carsprogram.org/Snapshots/025S20600CAM1RHS.flv.png",
        "streamUrl": "https://publicstreamer2.cotrip.org:443/rtplive/025S20600CAM1RHS/playlist.m3u8",
        "cameraCode": "025S20600CAM1RHS",
        "source": "COtrip",
        "state": "Colorado"
      }
    },
    {
      "type": "Feature",
      "geometry": {
        "type": "Point",
        "coordinates": [
          -104.97902,
          39.69403
        ]
      },
      "properties": {
        "id": "025N20640CAM1RHS",
        "title": "I-25 MP 206.40 NB : 0.3 miles S of S Logan St",
        "snapshotUrl": "https://cocam.carsprogram.org/Snapshots/025N20640CAM1RHS.flv.png",
        "streamUrl": "https://publicstreamer3.cotrip.org:443/rtplive/025N20640CAM1RHS/playlist.m3u8",
        "cameraCode": "025N20640CAM1RHS",
        "source": "COtrip",
        "state": "Colorado"
      }
    },
    {
      "type": "Feature",
      "geometry": {
        "type": "Point",
        "coordinates": [
          -104.9829,
          39.69688
        ]
      },
      "properties": {
        "id": "025N20665CAM1RP1",
        "title": "I-25 MP 206.65 NB at S Logan St",
        "snapshotUrl": "https://cocam.carsprogram.org/Snapshots/025N20665CAM1RP1.flv.png",
        "streamUrl": "https://publicstreamer4.cotrip.org:443/rtplive/025N20665CAM1RP1/playlist.m3u8",
        "cameraCode": "025N20665CAM1RP1",
        "source": "COtrip",
        "state": "Colorado"
      }
    },
    {
      "type": "Feature",
      "geometry": {
        "type": "Point",
        "coordinates": [
          -104.99415,
          39.70409
        ]
      },
      "properties": {
        "id": "025S20740CAM1RHS",
        "title": "I-25 MP 207.40 SB : 0.2 miles S of Santa Fe Dr",
        "snapshotUrl": "https://cocam.carsprogram.org/Snapshots/025S20740CAM1RHS.flv.png",
        "streamUrl": "https://publicstreamer3.cotrip.org:443/rtplive/025S20740CAM1RHS/playlist.m3u8",
        "cameraCode": "025S20740CAM1RHS",
        "source": "COtrip",
        "state": "Colorado"
      }
    },
    {
      "type": "Feature",
      "geometry": {
        "type": "Point",
        "coordinates": [
          -104.99749,
          39.70895
        ]
      },
      "properties": {
        "id": "025N20770CAM1RHS",
        "title": "I-25 MP 207.70 NB : 0.1 miles N of Santa Fe Dr",
        "snapshotUrl": "https://cocam.carsprogram.org/Snapshots/025N20770CAM1RHS.flv.png",
        "streamUrl": "https://publicstreamer4.cotrip.org:443/rtplive/025N20770CAM1RHS/playlist.m3u8",
        "cameraCode": "025N20770CAM1RHS",
        "source": "COtrip",
        "state": "Colorado"
      }
    },
    {
      "type": "Feature",
      "geometry": {
        "type": "Point",
        "coordinates": [
          -105.00036,
          39.71293
        ]
      },
      "properties": {
        "id": "025S20810CAM1GP5",
        "title": "I-25 MP 208.10 SB : 0.2 miles N of W Alameda Ave",
        "snapshotUrl": "https://cocam.carsprogram.org/Snapshots/025S20810CAM1GP5.flv.png",
        "streamUrl": "https://publicstreamer2.cotrip.org:443/rtplive/025S20810CAM1GP5/playlist.m3u8",
        "cameraCode": "025S20810CAM1GP5",
        "source": "COtrip",
        "state": "Colorado"
      }
    },
    {
      "type": "Feature",
      "geometry": {
        "type": "Point",
        "coordinates": [
          -105.00782,
          39.72082
        ]
      },
      "properties": {
        "id": "025N20875CAM1GP4",
        "title": "I-25 MP 208.75 NB : 0.6 miles S of 6th Ave",
        "snapshotUrl": "https://cocam.carsprogram.org/Snapshots/025N20875CAM1GP4.flv.png",
        "streamUrl": "https://publicstreamer1.cotrip.org:443/rtplive/025N20875CAM1GP4/playlist.m3u8",
        "cameraCode": "025N20875CAM1GP4",
        "source": "COtrip",
        "state": "Colorado"
      }
    },
    {
      "type": "Feature",
      "geometry": {
        "type": "Point",
        "coordinates": [
          -105.01238,
          39.72489
        ]
      },
      "properties": {
        "id": "025N20915CAM1RP1",
        "title": "I-25 MP 209.15 NB at 6th Ave/US 6",
        "snapshotUrl": "https://cocam.carsprogram.org/Snapshots/025N20915CAM1RP1.flv.png",
        "streamUrl": "https://publicstreamer1.cotrip.org:443/rtplive/025N20915CAM1RP1/playlist.m3u8",
        "cameraCode": "025N20915CAM1RP1",
        "source": "COtrip",
        "state": "Colorado"
      }
    },
    {
      "type": "Feature",
      "geometry": {
        "type": "Point",
        "coordinates": [
          -105.01446,
          39.7289
        ]
      },
      "properties": {
        "id": "025N20945CAM1RHS",
        "title": "I-25 MP 209.45 NB at W 8th Ave",
        "snapshotUrl": "https://cocam.carsprogram.org/Snapshots/025N20945CAM1RHS.flv.png",
        "streamUrl": "https://publicstreamer3.cotrip.org:443/rtplive/025N20945CAM1RHS/playlist.m3u8",
        "cameraCode": "025N20945CAM1RHS",
        "source": "COtrip",
        "state": "Colorado"
      }
    },
    {
      "type": "Feature",
      "geometry": {
        "type": "Point",
        "coordinates": [
          -105.01771,
          39.7479
        ]
      },
      "properties": {
        "id": "025N21090CAM1RHS",
        "title": "I-25 MP 210.90 NB at 20th Ave/Mile High Stadium Cir",
        "snapshotUrl": "https://cocam.carsprogram.org/Snapshots/025N21090CAM1RHS.flv.png",
        "streamUrl": "https://publicstreamer1.cotrip.org:443/rtplive/025N21090CAM1RHS/playlist.m3u8",
        "cameraCode": "025N21090CAM1RHS",
        "source": "COtrip",
        "state": "Colorado"
      }
    },
    {
      "type": "Feature",
      "geometry": {
        "type": "Point",
        "coordinates": [
          -105.0172,
          39.75143
        ]
      },
      "properties": {
        "id": "025S21110CAM1RP1",
        "title": "I-25 MP 211.10 SB at W 23rd Ave",
        "snapshotUrl": "https://cocam.carsprogram.org/Snapshots/025S21110CAM1RP1.flv.png",
        "streamUrl": "https://publicstreamer2.cotrip.org:443/rtplive/025S21110CAM1RP1/playlist.m3u8",
        "cameraCode": "025S21110CAM1RP1",
        "source": "COtrip",
        "state": "Colorado"
      }
    },
    {
      "type": "Feature",
      "geometry": {
        "type": "Point",
        "coordinates": [
          -105.01345,
          39.75507
        ]
      },
      "properties": {
        "id": "025N21165CAM1RHS",
        "title": "I-25 MP 211.65 NB : 0.2 miles N of Speer Blvd",
        "snapshotUrl": "https://cocam.carsprogram.org/Snapshots/025N21165CAM1RHS.flv.png",
        "streamUrl": "https://publicstreamer3.cotrip.org:443/rtplive/025N21165CAM1RHS/playlist.m3u8",
        "cameraCode": "025N21165CAM1RHS",
        "source": "COtrip",
        "state": "Colorado"
      }
    },
    {
      "type": "Feature",
      "geometry": {
        "type": "Point",
        "coordinates": [
          -104.99768,
          39.75542
        ]
      },
      "properties": {
        "id": "025N21205CAM1RHS",
        "title": "I-25 MP 212.05 NB at 19th St and Wynkoop St",
        "snapshotUrl": "https://cocam.carsprogram.org/Snapshots/025N21205CAM1RHS.flv.png",
        "streamUrl": "https://publicstreamer2.cotrip.org:443/rtplive/025N21205CAM1RHS/playlist.m3u8",
        "cameraCode": "025N21205CAM1RHS",
        "source": "COtrip",
        "state": "Colorado"
      }
    },
    {
      "type": "Feature",
      "geometry": {
        "type": "Point",
        "coordinates": [
          -104.99332,
          39.75342
        ]
      },
      "properties": {
        "id": "025N21210CAM1SEC",
        "title": "I-25 MP 212.10 NB at 20th St and Market St",
        "snapshotUrl": "https://cocam.carsprogram.org/Snapshots/025N21210CAM1SEC.flv.png",
        "streamUrl": "https://publicstreamer2.cotrip.org:443/rtplive/025N21210CAM1SEC/playlist.m3u8",
        "cameraCode": "025N21210CAM1SEC",
        "source": "COtrip",
        "state": "Colorado"
      }
    },
    {
      "type": "Feature",
      "geometry": {
        "type": "Point",
        "coordinates": [
          -105.00498,
          39.76152
        ]
      },
      "properties": {
        "id": "025S21210CAM1RP1",
        "title": "I-25 MP 212.10 SB at 20th St",
        "snapshotUrl": "https://cocam.carsprogram.org/Snapshots/025S21210CAM1RP1.flv.png",
        "streamUrl": "https://publicstreamer3.cotrip.org:443/rtplive/025S21210CAM1RP1/playlist.m3u8",
        "cameraCode": "025S21210CAM1RP1",
        "source": "COtrip",
        "state": "Colorado"
      }
    },
    {
      "type": "Feature",
      "geometry": {
        "type": "Point",
        "coordinates": [
          -104.99546,
          39.76753
        ]
      },
      "properties": {
        "id": "025N21270CAM1RP1",
        "title": "I-25 MP 212.70 NB at W 38th Ave/Park Ave",
        "snapshotUrl": "https://cocam.carsprogram.org/Snapshots/025N21270CAM1RP1.flv.png",
        "streamUrl": "https://publicstreamer3.cotrip.org:443/rtplive/025N21270CAM1RP1/playlist.m3u8",
        "cameraCode": "025N21270CAM1RP1",
        "source": "COtrip",
        "state": "Colorado"
      }
    },
    {
      "type": "Feature",
      "geometry": {
        "type": "Point",
        "coordinates": [
          -104.99291,
          39.76913
        ]
      },
      "properties": {
        "id": "025N21290CAM1ML1",
        "title": "I-25 MP 212.90 NB : 0.1 miles N of W 38th Ave/Park Ave",
        "snapshotUrl": "https://cocam.carsprogram.org/Snapshots/025N21290CAM1ML1.flv.png",
        "streamUrl": "https://publicstreamer1.cotrip.org:443/rtplive/025N21290CAM1ML1/playlist.m3u8",
        "cameraCode": "025N21290CAM1ML1",
        "source": "COtrip",
        "state": "Colorado"
      }
    },
    {
      "type": "Feature",
      "geometry": {
        "type": "Point",
        "coordinates": [
          -104.98933,
          39.77587
        ]
      },
      "properties": {
        "id": "025N21340CAM1ML1",
        "title": "I-25 MP 213.40 NB : 0.3 miles S of I-70",
        "snapshotUrl": "https://cocam.carsprogram.org/Snapshots/025N21340CAM1ML1.flv.png",
        "streamUrl": "https://publicstreamer4.cotrip.org:443/rtplive/025N21340CAM1ML1/playlist.m3u8",
        "cameraCode": "025N21340CAM1ML1",
        "source": "COtrip",
        "state": "Colorado"
      }
    },
    {
      "type": "Feature",
      "geometry": {
        "type": "Point",
        "coordinates": [
          -104.98837,
          39.77961
        ]
      },
      "properties": {
        "id": "025N21365CAM1RP1",
        "title": "I-25 MP 213.65 NB : NB I-25 Ramp to WB I-70",
        "snapshotUrl": "https://cocam.carsprogram.org/Snapshots/025N21365CAM1RP1.flv.png",
        "streamUrl": "https://publicstreamer2.cotrip.org:443/rtplive/025N21365CAM1RP1/playlist.m3u8",
        "cameraCode": "025N21365CAM1RP1",
        "source": "COtrip",
        "state": "Colorado"
      }
    },
    {
      "type": "Feature",
      "geometry": {
        "type": "Point",
        "coordinates": [
          -104.98891,
          39.77969
        ]
      },
      "properties": {
        "id": "025N21365CAM1RHS",
        "title": "I-25 MP 213.65 NB at I-70 Mousetrap",
        "snapshotUrl": "https://cocam.carsprogram.org/Snapshots/025N21365CAM1RHS.flv.png",
        "streamUrl": "https://publicstreamer4.cotrip.org:443/rtplive/025N21365CAM1RHS/playlist.m3u8",
        "cameraCode": "025N21365CAM1RHS",
        "source": "COtrip",
        "state": "Colorado"
      }
    },
    {
      "type": "Feature",
      "geometry": {
        "type": "Point",
        "coordinates": [
          -104.99086,
          39.77984
        ]
      },
      "properties": {
        "id": "025S21370CAM1RP2",
        "title": "I-25 MP 213.70 SB at WB I-70 Ramp to SB I-25",
        "snapshotUrl": "https://cocam.carsprogram.org/Snapshots/025S21370CAM1RP2.flv.png",
        "streamUrl": "https://publicstreamer1.cotrip.org:443/rtplive/025S21370CAM1RP2/playlist.m3u8",
        "cameraCode": "025S21370CAM1RP2",
        "source": "COtrip",
        "state": "Colorado"
      }
    },
    {
      "type": "Feature",
      "geometry": {
        "type": "Point",
        "coordinates": [
          -104.98927,
          39.78346
        ]
      },
      "properties": {
        "id": "025N21395CAM1ML1",
        "title": "I-25 MP 213.95 NB : 0.2 miles N of I-70",
        "snapshotUrl": "https://cocam.carsprogram.org/Snapshots/025N21395CAM1ML1.flv.png",
        "streamUrl": "https://publicstreamer1.cotrip.org:443/rtplive/025N21395CAM1ML1/playlist.m3u8",
        "cameraCode": "025N21395CAM1ML1",
        "source": "COtrip",
        "state": "Colorado"
      }
    },
    {
      "type": "Feature",
      "geometry": {
        "type": "Point",
        "coordinates": [
          -104.98751,
          39.7961
        ]
      },
      "properties": {
        "id": "025S21480CAM1ML1",
        "title": "I-25 MP 214.85 SB : 0.4 miles S of E 58th Ave",
        "snapshotUrl": "https://cocam.carsprogram.org/Snapshots/025S21480CAM1ML1.flv.png",
        "streamUrl": "https://publicstreamer1.cotrip.org:443/rtplive/025S21480CAM1ML1/playlist.m3u8",
        "cameraCode": "025S21480CAM1ML1",
        "source": "COtrip",
        "state": "Colorado"
      }
    },
    {
      "type": "Feature",
      "geometry": {
        "type": "Point",
        "coordinates": [
          -104.98299,
          39.80956
        ]
      },
      "properties": {
        "id": "025N21580CAM1ML1",
        "title": "I-25 MP 215.80 NB : 0.6 miles N of E 58th Ave",
        "snapshotUrl": "https://cocam.carsprogram.org/Snapshots/025N21580CAM1ML1.flv.png",
        "streamUrl": "https://publicstreamer1.cotrip.org:443/rtplive/025N21580CAM1ML1/playlist.m3u8",
        "cameraCode": "025N21580CAM1ML1",
        "source": "COtrip",
        "state": "Colorado"
      }
    },
    {
      "type": "Feature",
      "geometry": {
        "type": "Point",
        "coordinates": [
          -104.98274,
          39.82688
        ]
      },
      "properties": {
        "id": "025S21695CAM2ML2",
        "title": "I-25 MP 216.95 SB at I-25 HOV N Lane Split",
        "snapshotUrl": "https://cocam.carsprogram.org/Snapshots/025S21695CAM2ML2.flv.png",
        "streamUrl": "https://publicstreamer1.cotrip.org:443/rtplive/025S21695CAM2ML2/playlist.m3u8",
        "cameraCode": "025S21695CAM2ML2",
        "source": "COtrip",
        "state": "Colorado"
      }
    },
    {
      "type": "Feature",
      "geometry": {
        "type": "Point",
        "coordinates": [
          -104.98311,
          39.83684
        ]
      },
      "properties": {
        "id": "025N21760CAM1RHS",
        "title": "I-25 MP 217.60 NB : 0.6 miles N of US 36/I-270",
        "snapshotUrl": "https://cocam.carsprogram.org/Snapshots/025N21760CAM1RHS.flv.png",
        "streamUrl": "https://publicstreamer3.cotrip.org:443/rtplive/025N21760CAM1RHS/playlist.m3u8",
        "cameraCode": "025N21760CAM1RHS",
        "source": "COtrip",
        "state": "Colorado"
      }
    },
    {
      "type": "Feature",
      "geometry": {
        "type": "Point",
        "coordinates": [
          -104.98428,
          39.84163
        ]
      },
      "properties": {
        "id": "025S21795CAM1RHS",
        "title": "I-25 MP 217.95 SB : 0.5 miles S of 84th Ave",
        "snapshotUrl": "https://cocam.carsprogram.org/Snapshots/025S21795CAM1RHS.flv.png",
        "streamUrl": "https://publicstreamer4.cotrip.org:443/rtplive/025S21795CAM1RHS/playlist.m3u8",
        "cameraCode": "025S21795CAM1RHS",
        "source": "COtrip",
        "state": "Colorado"
      }
    },
    {
      "type": "Feature",
      "geometry": {
        "type": "Point",
        "coordinates": [
          -104.98611,
          39.84861
        ]
      },
      "properties": {
        "id": "025S21830CAM1RHS",
        "title": "I-25 MP 218.30 SB : 0.2 miles S of 84th Ave",
        "snapshotUrl": "https://cocam.carsprogram.org/Snapshots/025S21830CAM1RHS.flv.png",
        "streamUrl": "https://publicstreamer3.cotrip.org:443/rtplive/025S21830CAM1RHS/playlist.m3u8",
        "cameraCode": "025S21830CAM1RHS",
        "source": "COtrip",
        "state": "Colorado"
      }
    },
    {
      "type": "Feature",
      "geometry": {
        "type": "Point",
        "coordinates": [
          -104.98681,
          39.85345
        ]
      },
      "properties": {
        "id": "025S21875CAM1RHS",
        "title": "I-25 MP 218.75 SB : 0.3 miles N of 84th Ave",
        "snapshotUrl": "https://cocam.carsprogram.org/Snapshots/025S21875CAM1RHS.flv.png",
        "streamUrl": "https://publicstreamer4.cotrip.org:443/rtplive/025S21875CAM1RHS/playlist.m3u8",
        "cameraCode": "025S21875CAM1RHS",
        "source": "COtrip",
        "state": "Colorado"
      }
    },
    {
      "type": "Feature",
      "geometry": {
        "type": "Point",
        "coordinates": [
          -104.98661,
          39.86768
        ]
      },
      "properties": {
        "id": "025N21985CAM1RP1",
        "title": "I-25 MP 219.85 NB at Thornton Pkwy",
        "snapshotUrl": "https://cocam.carsprogram.org/Snapshots/025N21985CAM1RP1.flv.png",
        "streamUrl": "https://publicstreamer3.cotrip.org:443/rtplive/025N21985CAM1RP1/playlist.m3u8",
        "cameraCode": "025N21985CAM1RP1",
        "source": "COtrip",
        "state": "Colorado"
      }
    },
    {
      "type": "Feature",
      "geometry": {
        "type": "Point",
        "coordinates": [
          -104.98728,
          39.87421
        ]
      },
      "properties": {
        "id": "025N22030CAM1GP2",
        "title": "I-25 MP 220.30 NB : 0.4 miles N of Thornton Pkwy",
        "snapshotUrl": "https://cocam.carsprogram.org/Snapshots/025N22030CAM1GP2.flv.png",
        "streamUrl": "https://publicstreamer3.cotrip.org:443/rtplive/025N22030CAM1GP2/playlist.m3u8",
        "cameraCode": "025N22030CAM1GP2",
        "source": "COtrip",
        "state": "Colorado"
      }
    },
    {
      "type": "Feature",
      "geometry": {
        "type": "Point",
        "coordinates": [
          -104.98787,
          39.87809
        ]
      },
      "properties": {
        "id": "025S22055CAM1RHS",
        "title": "I-25 MP 220.55 SB : 0.5 miles S of E 104th Ave",
        "snapshotUrl": "https://cocam.carsprogram.org/Snapshots/025S22055CAM1RHS.flv.png",
        "streamUrl": "https://publicstreamer4.cotrip.org:443/rtplive/025S22055CAM1RHS/playlist.m3u8",
        "cameraCode": "025S22055CAM1RHS",
        "source": "COtrip",
        "state": "Colorado"
      }
    },
    {
      "type": "Feature",
      "geometry": {
        "type": "Point",
        "coordinates": [
          -104.988,
          39.88487
        ]
      },
      "properties": {
        "id": "025S22100CAM1RP1",
        "title": "I-25 MP 221.00 SB at E 104th Ave",
        "snapshotUrl": "https://cocam.carsprogram.org/Snapshots/025S22100CAM1RP1.flv.png",
        "streamUrl": "https://publicstreamer2.cotrip.org:443/rtplive/025S22100CAM1RP1/playlist.m3u8",
        "cameraCode": "025S22100CAM1RP1",
        "source": "COtrip",
        "state": "Colorado"
      }
    },
    {
      "type": "Feature",
      "geometry": {
        "type": "Point",
        "coordinates": [
          -104.988,
          39.89867
        ]
      },
      "properties": {
        "id": "025S22195CAM1RHS",
        "title": "I-25 MP 221.95 SB : 0.9 miles N of E 104th Ave",
        "snapshotUrl": "https://cocam.carsprogram.org/Snapshots/025S22195CAM1RHS.flv.png",
        "streamUrl": "https://publicstreamer1.cotrip.org:443/rtplive/025S22195CAM1RHS/playlist.m3u8",
        "cameraCode": "025S22195CAM1RHS",
        "source": "COtrip",
        "state": "Colorado"
      }
    },
    {
      "type": "Feature",
      "geometry": {
        "type": "Point",
        "coordinates": [
          -104.98892,
          39.90175
        ]
      },
      "properties": {
        "id": "025S22220CAM1RHS",
        "title": "I-25 MP 222.20 SB : 0.9 miles N of E 104th Ave",
        "snapshotUrl": "https://cocam.carsprogram.org/Snapshots/025S22220CAM1RHS.flv.png",
        "streamUrl": "https://publicstreamer1.cotrip.org:443/rtplive/025S22220CAM1RHS/playlist.m3u8",
        "cameraCode": "025S22220CAM1RHS",
        "source": "COtrip",
        "state": "Colorado"
      }
    },
    {
      "type": "Feature",
      "geometry": {
        "type": "Point",
        "coordinates": [
          -104.9904,
          39.91358
        ]
      },
      "properties": {
        "id": "025N22305CAM1GP2",
        "title": "I-25 MP 223.05 NB at 120th Ave/CO 128",
        "snapshotUrl": "https://cocam.carsprogram.org/Snapshots/025N22305CAM1GP2.flv.png",
        "streamUrl": "https://publicstreamer2.cotrip.org:443/rtplive/025N22305CAM1GP2/playlist.m3u8",
        "cameraCode": "025N22305CAM1GP2",
        "source": "COtrip",
        "state": "Colorado"
      }
    },
    {
      "type": "Feature",
      "geometry": {
        "type": "Point",
        "coordinates": [
          -104.98805,
          39.92889
        ]
      },
      "properties": {
        "id": "025S22410CAM1RHS",
        "title": "I-25 MP 224.10 SB at 128th Ave",
        "snapshotUrl": "https://cocam.carsprogram.org/Snapshots/025S22410CAM1RHS.flv.png",
        "streamUrl": "https://publicstreamer1.cotrip.org:443/rtplive/025S22410CAM1RHS/playlist.m3u8",
        "cameraCode": "025S22410CAM1RHS",
        "source": "COtrip",
        "state": "Colorado"
      }
    },
    {
      "type": "Feature",
      "geometry": {
        "type": "Point",
        "coordinates": [
          -104.9882,
          39.94352
        ]
      },
      "properties": {
        "id": "025S22510CAM1RHS",
        "title": "I-25 MP 225.10 SB at E 136th Ave",
        "snapshotUrl": "https://cocam.carsprogram.org/Snapshots/025S22510CAM1RHS.flv.png",
        "streamUrl": "https://publicstreamer3.cotrip.org:443/rtplive/025S22510CAM1RHS/playlist.m3u8",
        "cameraCode": "025S22510CAM1RHS",
        "source": "COtrip",
        "state": "Colorado"
      }
    },
    {
      "type": "Feature",
      "geometry": {
        "type": "Point",
        "coordinates": [
          -104.98836,
          39.95804
        ]
      },
      "properties": {
        "id": "025S22610CAM1RHS",
        "title": "I-25 MP 226.10 SB at W 144th Ave",
        "snapshotUrl": "https://cocam.carsprogram.org/Snapshots/025S22610CAM1RHS.flv.png",
        "streamUrl": "https://publicstreamer2.cotrip.org:443/rtplive/025S22610CAM1RHS/playlist.m3u8",
        "cameraCode": "025S22610CAM1RHS",
        "source": "COtrip",
        "state": "Colorado"
      }
    },
    {
      "type": "Feature",
      "geometry": {
        "type": "Point",
        "coordinates": [
          -104.98832,
          39.97192
        ]
      },
      "properties": {
        "id": "025S22705CAM1GP3",
        "title": "I-25 MP 227.05 SB : 0.7 miles S of Northwest Pkwy",
        "snapshotUrl": "https://cocam.carsprogram.org/Snapshots/025S22705CAM1GP3.flv.png",
        "streamUrl": "https://publicstreamer1.cotrip.org:443/rtplive/025S22705CAM1GP3/playlist.m3u8",
        "cameraCode": "025S22705CAM1GP3",
        "source": "COtrip",
        "state": "Colorado"
      }
    },
    {
      "type": "Feature",
      "geometry": {
        "type": "Point",
        "coordinates": [
          -104.98682,
          39.98848
        ]
      },
      "properties": {
        "id": "025N22825CAM1RHS",
        "title": "I-25 MP 228.25 NB : 0.5 miles N of Northwest Pkwy",
        "snapshotUrl": "https://cocam.carsprogram.org/Snapshots/025N22825CAM1RHS.flv.png",
        "streamUrl": "https://publicstreamer3.cotrip.org:443/rtplive/025N22825CAM1RHS/playlist.m3u8",
        "cameraCode": "025N22825CAM1RHS",
        "source": "COtrip",
        "state": "Colorado"
      }
    },
    {
      "type": "Feature",
      "geometry": {
        "type": "Point",
        "coordinates": [
          -104.98147,
          40.0003
        ]
      },
      "properties": {
        "id": "025S22910CAM1RP1",
        "title": "I-25 MP 229.10 SB at E Baseline Rd/CO 7",
        "snapshotUrl": "https://cocam.carsprogram.org/Snapshots/025S22910CAM1RP1.flv.png",
        "streamUrl": "https://publicstreamer3.cotrip.org:443/rtplive/025S22910CAM1RP1/playlist.m3u8",
        "cameraCode": "025S22910CAM1RP1",
        "source": "COtrip",
        "state": "Colorado"
      }
    },
    {
      "type": "Feature",
      "geometry": {
        "type": "Point",
        "coordinates": [
          -104.98106,
          40.02143
        ]
      },
      "properties": {
        "id": "025S23055CAM1GP3",
        "title": "I-25 MP 230.55 SB : 1.9 miles N of E Baseline Rd/CO 7",
        "snapshotUrl": "https://cocam.carsprogram.org/Snapshots/025S23055CAM1GP3.flv.png",
        "streamUrl": "https://publicstreamer4.cotrip.org:443/rtplive/025S23055CAM1GP3/playlist.m3u8",
        "cameraCode": "025S23055CAM1GP3",
        "source": "COtrip",
        "state": "Colorado"
      }
    },
    {
      "type": "Feature",
      "geometry": {
        "type": "Point",
        "coordinates": [
          -104.98102,
          40.04423
        ]
      },
      "properties": {
        "id": "025S23210CAM1RHS",
        "title": "I-25 MP 232.10 SB at Erie Pkwy/Summit Blvd",
        "snapshotUrl": "https://cocam.carsprogram.org/Snapshots/025S23210CAM1RHS.flv.png",
        "streamUrl": "https://publicstreamer2.cotrip.org:443/rtplive/025S23210CAM1RHS/playlist.m3u8",
        "cameraCode": "025S23210CAM1RHS",
        "source": "COtrip",
        "state": "Colorado"
      }
    },
    {
      "type": "Feature",
      "geometry": {
        "type": "Point",
        "coordinates": [
          -104.98108,
          40.07319
        ]
      },
      "properties": {
        "id": "025S23410CAM1RHS",
        "title": "I-25 MP 234.10 SB : 1.3 miles S of CO 52",
        "snapshotUrl": "https://cocam.carsprogram.org/Snapshots/025S23410CAM1RHS.flv.png",
        "streamUrl": "https://publicstreamer4.cotrip.org:443/rtplive/025S23410CAM1RHS/playlist.m3u8",
        "cameraCode": "025S23410CAM1RHS",
        "source": "COtrip",
        "state": "Colorado"
      }
    },
    {
      "type": "Feature",
      "geometry": {
        "type": "Point",
        "coordinates": [
          -104.98082,
          40.08806
        ]
      },
      "properties": {
        "id": "025S23515CAM1RHS",
        "title": "I-25 MP 235.15 SB at CO 52",
        "snapshotUrl": "https://cocam.carsprogram.org/Snapshots/025S23515CAM1RHS.flv.png",
        "streamUrl": "https://publicstreamer2.cotrip.org:443/rtplive/025S23515CAM1RHS/playlist.m3u8",
        "cameraCode": "025S23515CAM1RHS",
        "source": "COtrip",
        "state": "Colorado"
      }
    },
    {
      "type": "Feature",
      "geometry": {
        "type": "Point",
        "coordinates": [
          -104.98037,
          40.11652
        ]
      },
      "properties": {
        "id": "025S23710CAM1GP3",
        "title": "I-25 MP 237.10 SB : 2.6 miles N of CO 52",
        "snapshotUrl": "https://cocam.carsprogram.org/Snapshots/025S23710CAM1GP3.flv.png",
        "streamUrl": "https://publicstreamer2.cotrip.org:443/rtplive/025S23710CAM1GP3/playlist.m3u8",
        "cameraCode": "025S23710CAM1GP3",
        "source": "COtrip",
        "state": "Colorado"
      }
    },
    {
      "type": "Feature",
      "geometry": {
        "type": "Point",
        "coordinates": [
          -104.97996,
          40.14003
        ]
      },
      "properties": {
        "id": "025N23875CAM1GP3",
        "title": "I-25 MP 238.75 NB : 1.9 miles S of CO 119",
        "snapshotUrl": "https://cocam.carsprogram.org/Snapshots/025N23875CAM1GP3.flv.png",
        "streamUrl": "https://publicstreamer1.cotrip.org:443/rtplive/025N23875CAM1GP3/playlist.m3u8",
        "cameraCode": "025N23875CAM1GP3",
        "source": "COtrip",
        "state": "Colorado"
      }
    },
    {
      "type": "Feature",
      "geometry": {
        "type": "Point",
        "coordinates": [
          -104.97929,
          40.16112
        ]
      },
      "properties": {
        "id": "025S24015CAM1RHS",
        "title": "I-25 MP 240.15 SB at CO 119",
        "snapshotUrl": "https://cocam.carsprogram.org/Snapshots/025S24015CAM1RHS.flv.png",
        "streamUrl": "https://publicstreamer2.cotrip.org:443/rtplive/025S24015CAM1RHS/playlist.m3u8",
        "cameraCode": "025S24015CAM1RHS",
        "source": "COtrip",
        "state": "Colorado"
      }
    },
    {
      "type": "Feature",
      "geometry": {
        "type": "Point",
        "coordinates": [
          -104.97936,
          40.17557
        ]
      },
      "properties": {
        "id": "025N24115CAM1RHS",
        "title": "I-25 MP 241.15 NB : 1.3 miles N of CO 119",
        "snapshotUrl": "https://cocam.carsprogram.org/Snapshots/025N24115CAM1RHS.flv.png",
        "streamUrl": "https://publicstreamer4.cotrip.org:443/rtplive/025N24115CAM1RHS/playlist.m3u8",
        "cameraCode": "025N24115CAM1RHS",
        "source": "COtrip",
        "state": "Colorado"
      }
    },
    {
      "type": "Feature",
      "geometry": {
        "type": "Point",
        "coordinates": [
          -104.97982,
          40.18323
        ]
      },
      "properties": {
        "id": "025N24170CAM1RHS",
        "title": "I-25 MP 241.70 NB : 1.9 miles S of CO 66",
        "snapshotUrl": "https://cocam.carsprogram.org/Snapshots/025N24170CAM1RHS.flv.png",
        "streamUrl": "https://publicstreamer1.cotrip.org:443/rtplive/025N24170CAM1RHS/playlist.m3u8",
        "cameraCode": "025N24170CAM1RHS",
        "source": "COtrip",
        "state": "Colorado"
      }
    },
    {
      "type": "Feature",
      "geometry": {
        "type": "Point",
        "coordinates": [
          -104.98057,
          40.18997
        ]
      },
      "properties": {
        "id": "025S24215CAM1RHS",
        "title": "I-25 MP 242.15 SB : 1.3 miles S of CO 66",
        "snapshotUrl": "https://cocam.carsprogram.org/Snapshots/025S24215CAM1RHS.flv.png",
        "streamUrl": "https://publicstreamer2.cotrip.org:443/rtplive/025S24215CAM1RHS/playlist.m3u8",
        "cameraCode": "025S24215CAM1RHS",
        "source": "COtrip",
        "state": "Colorado"
      }
    },
    {
      "type": "Feature",
      "geometry": {
        "type": "Point",
        "coordinates": [
          -104.97915,
          40.2044
        ]
      },
      "properties": {
        "id": "025N24315CAM1NWC",
        "title": "I-25 MP 243.15 NB at CO 66 NB I-25 Ramp",
        "snapshotUrl": "https://cocam.carsprogram.org/Snapshots/025N24315CAM1NWC.flv.png",
        "streamUrl": "https://publicstreamer3.cotrip.org:443/rtplive/025N24315CAM1NWC/playlist.m3u8",
        "cameraCode": "025N24315CAM1NWC",
        "source": "COtrip",
        "state": "Colorado"
      }
    },
    {
      "type": "Feature",
      "geometry": {
        "type": "Point",
        "coordinates": [
          -104.97935,
          40.2336
        ]
      },
      "properties": {
        "id": "025N24520CAM1RP1",
        "title": "I-25 MP 245.20 NB at WCR 34 Mead",
        "snapshotUrl": "https://cocam.carsprogram.org/Snapshots/025N24520CAM1RP1.flv.png",
        "streamUrl": "https://publicstreamer2.cotrip.org:443/rtplive/025N24520CAM1RP1/playlist.m3u8",
        "cameraCode": "025N24520CAM1RP1",
        "source": "COtrip",
        "state": "Colorado"
      }
    },
    {
      "type": "Feature",
      "geometry": {
        "type": "Point",
        "coordinates": [
          -104.9797,
          40.26853
        ]
      },
      "properties": {
        "id": "025N24760CAM1RHS",
        "title": "I-25 MP 247.60 NB : 3.2 miles N of WCR 34 on Frontage Rd",
        "snapshotUrl": "https://cocam.carsprogram.org/Snapshots/025N24760CAM1RHS.flv.png",
        "streamUrl": "https://publicstreamer1.cotrip.org:443/rtplive/025N24760CAM1RHS/playlist.m3u8",
        "cameraCode": "025N24760CAM1RHS",
        "source": "COtrip",
        "state": "Colorado"
      }
    },
    {
      "type": "Feature",
      "geometry": {
        "type": "Point",
        "coordinates": [
          -104.97958,
          40.29131
        ]
      },
      "properties": {
        "id": "025N24920CAM1RHS",
        "title": "I-25 MP 249.20 NB : 1.0 mile S of CO 56 on Frontage Rd",
        "snapshotUrl": "https://cocam.carsprogram.org/Snapshots/025N24920CAM1RHS.flv.png",
        "streamUrl": "https://publicstreamer2.cotrip.org:443/rtplive/025N24920CAM1RHS/playlist.m3u8",
        "cameraCode": "025N24920CAM1RHS",
        "source": "COtrip",
        "state": "Colorado"
      }
    },
    {
      "type": "Feature",
      "geometry": {
        "type": "Point",
        "coordinates": [
          -104.97986,
          40.30758
        ]
      },
      "properties": {
        "id": "025N25030CAM1RHS",
        "title": "I-25 MP 250.30 NB at CO 56/WCR 44 in Berthoud (1)",
        "snapshotUrl": "https://cocam.carsprogram.org/Snapshots/025N25030CAM1RHS.flv.png",
        "streamUrl": "https://publicstreamer4.cotrip.org:443/rtplive/025N25030CAM1RHS/playlist.m3u8",
        "cameraCode": "025N25030CAM1RHS",
        "source": "COtrip",
        "state": "Colorado"
      }
    },
    {
      "type": "Feature",
      "geometry": {
        "type": "Point",
        "coordinates": [
          -104.97986,
          40.30758
        ]
      },
      "properties": {
        "id": "025N25030CAM2RHS",
        "title": "I-25 MP 250.30 NB at CO 56/WCR 44 in Berthoud (2)",
        "snapshotUrl": "https://cocam.carsprogram.org/Snapshots/025N25030CAM2RHS.flv.png",
        "streamUrl": "https://publicstreamer4.cotrip.org:443/rtplive/025N25030CAM2RHS/playlist.m3u8",
        "cameraCode": "025N25030CAM2RHS",
        "source": "COtrip",
        "state": "Colorado"
      }
    },
    {
      "type": "Feature",
      "geometry": {
        "type": "Point",
        "coordinates": [
          -104.97992,
          40.31664
        ]
      },
      "properties": {
        "id": "025N25090CAM1RHS",
        "title": "I-25 MP 250.90 NB : 0.7 miles N of CO 56/WCR 44 in Berthoud (1)",
        "snapshotUrl": "https://cocam.carsprogram.org/Snapshots/025N25090CAM1RHS.flv.png",
        "streamUrl": "https://publicstreamer4.cotrip.org:443/rtplive/025N25090CAM1RHS/playlist.m3u8",
        "cameraCode": "025N25090CAM1RHS",
        "source": "COtrip",
        "state": "Colorado"
      }
    },
    {
      "type": "Feature",
      "geometry": {
        "type": "Point",
        "coordinates": [
          -104.98005,
          40.32118
        ]
      },
      "properties": {
        "id": "025N25125CAM1RHS",
        "title": "I-25 MP 251.25 NB : 1.1 miles N of CO 56/WCR 44",
        "snapshotUrl": "https://cocam.carsprogram.org/Snapshots/025N25125CAM1RHS.flv.png",
        "streamUrl": "https://publicstreamer1.cotrip.org:443/rtplive/025N25125CAM1RHS/playlist.m3u8",
        "cameraCode": "025N25125CAM1RHS",
        "source": "COtrip",
        "state": "Colorado"
      }
    },
    {
      "type": "Feature",
      "geometry": {
        "type": "Point",
        "coordinates": [
          -104.97918,
          40.33598
        ]
      },
      "properties": {
        "id": "025N25230CAM1NEC",
        "title": "I-25 MP 252.30 NB at CO 60/CR 48 to NB I-25 Ramp in Johnstown",
        "snapshotUrl": "https://cocam.carsprogram.org/Snapshots/025N25230CAM1NEC.flv.png",
        "streamUrl": "https://publicstreamer1.cotrip.org:443/rtplive/025N25230CAM1NEC/playlist.m3u8",
        "cameraCode": "025N25230CAM1NEC",
        "source": "COtrip",
        "state": "Colorado"
      }
    },
    {
      "type": "Feature",
      "geometry": {
        "type": "Point",
        "coordinates": [
          -104.98166,
          40.35028
        ]
      },
      "properties": {
        "id": "025S25330CAM1RHS",
        "title": "I-25 MP 253.30 SB : 1.0 mile S of E CR 16 Johnsons Corner",
        "snapshotUrl": "https://cocam.carsprogram.org/Snapshots/025S25330CAM1RHS.flv.png",
        "streamUrl": "https://publicstreamer1.cotrip.org:443/rtplive/025S25330CAM1RHS/playlist.m3u8",
        "cameraCode": "025S25330CAM1RHS",
        "source": "COtrip",
        "state": "Colorado"
      }
    },
    {
      "type": "Feature",
      "geometry": {
        "type": "Point",
        "coordinates": [
          -104.98616,
          40.36383
        ]
      },
      "properties": {
        "id": "025S25425CAM1RHS",
        "title": "I-25 MP 254.25 SB at ECR 16 at Johnsons Corner",
        "snapshotUrl": "https://cocam.carsprogram.org/Snapshots/025S25425CAM1RHS.flv.png",
        "streamUrl": "https://publicstreamer4.cotrip.org:443/rtplive/025S25425CAM1RHS/playlist.m3u8",
        "cameraCode": "025S25425CAM1RHS",
        "source": "COtrip",
        "state": "Colorado"
      }
    },
    {
      "type": "Feature",
      "geometry": {
        "type": "Point",
        "coordinates": [
          -104.99294,
          40.37486
        ]
      },
      "properties": {
        "id": "025S25505CAM1RP1",
        "title": "I-25 MP 255.05 SB at Loveland Park and Ride",
        "snapshotUrl": "https://cocam.carsprogram.org/Snapshots/025S25505CAM1RP1.flv.png",
        "streamUrl": "https://publicstreamer4.cotrip.org:443/rtplive/025S25505CAM1RP1/playlist.m3u8",
        "cameraCode": "025S25505CAM1RP1",
        "source": "COtrip",
        "state": "Colorado"
      }
    },
    {
      "type": "Feature",
      "geometry": {
        "type": "Point",
        "coordinates": [
          -104.99331,
          40.37828
        ]
      },
      "properties": {
        "id": "025S25530CAM1RHS",
        "title": "I-25 MP 255.30 SB at CO 402 in Johnstown",
        "snapshotUrl": "https://cocam.carsprogram.org/Snapshots/025S25530CAM1RHS.flv.png",
        "streamUrl": "https://publicstreamer3.cotrip.org:443/rtplive/025S25530CAM1RHS/playlist.m3u8",
        "cameraCode": "025S25530CAM1RHS",
        "source": "COtrip",
        "state": "Colorado"
      }
    },
    {
      "type": "Feature",
      "geometry": {
        "type": "Point",
        "coordinates": [
          -104.99339,
          40.38934
        ]
      },
      "properties": {
        "id": "025S25605CAM1MED",
        "title": "I-25 MP 256.05 SB : 0.8 miles N of CO 402 in Johnstown",
        "snapshotUrl": "https://cocam.carsprogram.org/Snapshots/025S25605CAM1MED.flv.png",
        "streamUrl": "https://publicstreamer3.cotrip.org:443/rtplive/025S25605CAM1MED/playlist.m3u8",
        "cameraCode": "025S25605CAM1MED",
        "source": "COtrip",
        "state": "Colorado"
      }
    },
    {
      "type": "Feature",
      "geometry": {
        "type": "Point",
        "coordinates": [
          -104.99382,
          40.40756
        ]
      },
      "properties": {
        "id": "025S25735CAM1RP1",
        "title": "I-25 MP 257.35 SB at US 34 in Loveland",
        "snapshotUrl": "https://cocam.carsprogram.org/Snapshots/025S25735CAM1RP1.flv.png",
        "streamUrl": "https://publicstreamer3.cotrip.org:443/rtplive/025S25735CAM1RP1/playlist.m3u8",
        "cameraCode": "025S25735CAM1RP1",
        "source": "COtrip",
        "state": "Colorado"
      }
    },
    {
      "type": "Feature",
      "geometry": {
        "type": "Point",
        "coordinates": [
          -104.99312,
          40.42259
        ]
      },
      "properties": {
        "id": "025S25830CAM1RHS",
        "title": "I-25 MP 258.30 SB : 1.0 mile N of US 34 in Loveland",
        "snapshotUrl": "https://cocam.carsprogram.org/Snapshots/025S25830CAM1RHS.flv.png",
        "streamUrl": "https://publicstreamer2.cotrip.org:443/rtplive/025S25830CAM1RHS/playlist.m3u8",
        "cameraCode": "025S25830CAM1RHS",
        "source": "COtrip",
        "state": "Colorado"
      }
    },
    {
      "type": "Feature",
      "geometry": {
        "type": "Point",
        "coordinates": [
          -104.99209,
          40.43636
        ]
      },
      "properties": {
        "id": "025S25935CAM1RHS",
        "title": "I-25 MP 259.35 SB at Crossroads Blvd",
        "snapshotUrl": "https://cocam.carsprogram.org/Snapshots/025S25935CAM1RHS.flv.png",
        "streamUrl": "https://publicstreamer2.cotrip.org:443/rtplive/025S25935CAM1RHS/playlist.m3u8",
        "cameraCode": "025S25935CAM1RHS",
        "source": "COtrip",
        "state": "Colorado"
      }
    },
    {
      "type": "Feature",
      "geometry": {
        "type": "Point",
        "coordinates": [
          -104.99157,
          40.45067
        ]
      },
      "properties": {
        "id": "025N26030CAM1RHS",
        "title": "I-25 MP 260.30 NB : 1.0 mile N of Crossroads Blvd",
        "snapshotUrl": "https://cocam.carsprogram.org/Snapshots/025N26030CAM1RHS.flv.png",
        "streamUrl": "https://publicstreamer1.cotrip.org:443/rtplive/025N26030CAM1RHS/playlist.m3u8",
        "cameraCode": "025N26030CAM1RHS",
        "source": "COtrip",
        "state": "Colorado"
      }
    },
    {
      "type": "Feature",
      "geometry": {
        "type": "Point",
        "coordinates": [
          -104.99152,
          40.46521
        ]
      },
      "properties": {
        "id": "025N26130CAM1RHS",
        "title": "I-25 MP 261.30 NB : 1.0 miles S of CO 392/E CR 32 in Loveland",
        "snapshotUrl": "https://cocam.carsprogram.org/Snapshots/025N26130CAM1RHS.flv.png",
        "streamUrl": "https://publicstreamer1.cotrip.org:443/rtplive/025N26130CAM1RHS/playlist.m3u8",
        "cameraCode": "025N26130CAM1RHS",
        "source": "COtrip",
        "state": "Colorado"
      }
    },
    {
      "type": "Feature",
      "geometry": {
        "type": "Point",
        "coordinates": [
          -104.99258,
          40.47991
        ]
      },
      "properties": {
        "id": "025S26230CAM1RP1",
        "title": "I-25 MP 262.30 SB at CO 392/ECR 32",
        "snapshotUrl": "https://cocam.carsprogram.org/Snapshots/025S26230CAM1RP1.flv.png",
        "streamUrl": "https://publicstreamer3.cotrip.org:443/rtplive/025S26230CAM1RP1/playlist.m3u8",
        "cameraCode": "025S26230CAM1RP1",
        "source": "COtrip",
        "state": "Colorado"
      }
    },
    {
      "type": "Feature",
      "geometry": {
        "type": "Point",
        "coordinates": [
          -104.99127,
          40.49374
        ]
      },
      "properties": {
        "id": "025N26330CAM1RHS",
        "title": "I-25 MP 263.30 NB : 1.0 mile N of CO 392/E CR 32",
        "snapshotUrl": "https://cocam.carsprogram.org/Snapshots/025N26330CAM1RHS.flv.png",
        "streamUrl": "https://publicstreamer1.cotrip.org:443/rtplive/025N26330CAM1RHS/playlist.m3u8",
        "cameraCode": "025N26330CAM1RHS",
        "source": "COtrip",
        "state": "Colorado"
      }
    },
    {
      "type": "Feature",
      "geometry": {
        "type": "Point",
        "coordinates": [
          -104.992,
          40.50919
        ]
      },
      "properties": {
        "id": "025S26435CAM1RHS",
        "title": "I-25 MP 264.35 SB : 1.0 mile S of E Harmony Rd",
        "snapshotUrl": "https://cocam.carsprogram.org/Snapshots/025S26435CAM1RHS.flv.png",
        "streamUrl": "https://publicstreamer2.cotrip.org:443/rtplive/025S26435CAM1RHS/playlist.m3u8",
        "cameraCode": "025S26435CAM1RHS",
        "source": "COtrip",
        "state": "Colorado"
      }
    },
    {
      "type": "Feature",
      "geometry": {
        "type": "Point",
        "coordinates": [
          -104.99341,
          40.52373
        ]
      },
      "properties": {
        "id": "025S26535CAM1RP1",
        "title": "I-25 MP 265.35 SB at E Harmony Rd",
        "snapshotUrl": "https://cocam.carsprogram.org/Snapshots/025S26535CAM1RP1.flv.png",
        "streamUrl": "https://publicstreamer1.cotrip.org:443/rtplive/025S26535CAM1RP1/playlist.m3u8",
        "cameraCode": "025S26535CAM1RP1",
        "source": "COtrip",
        "state": "Colorado"
      }
    },
    {
      "type": "Feature",
      "geometry": {
        "type": "Point",
        "coordinates": [
          -104.99624,
          40.53996
        ]
      },
      "properties": {
        "id": "025S26650CAM1RHS",
        "title": "I-25 MP 266.50 SB : 1.2 miles N of E Harmony Rd in Fort Collins",
        "snapshotUrl": "https://cocam.carsprogram.org/Snapshots/025S26650CAM1RHS.flv.png",
        "streamUrl": "https://publicstreamer1.cotrip.org:443/rtplive/025S26650CAM1RHS/playlist.m3u8",
        "cameraCode": "025S26650CAM1RHS",
        "source": "COtrip",
        "state": "Colorado"
      }
    },
    {
      "type": "Feature",
      "geometry": {
        "type": "Point",
        "coordinates": [
          -104.99983,
          40.55034
        ]
      },
      "properties": {
        "id": "025S26725CAM1RP2",
        "title": "I-25 MP 267.25 SB : 1.1 miles S of E Prospect Rd Port of Entry",
        "snapshotUrl": "https://cocam.carsprogram.org/Snapshots/025S26725CAM1RP2.flv.png",
        "streamUrl": "https://publicstreamer1.cotrip.org:443/rtplive/025S26725CAM1RP2/playlist.m3u8",
        "cameraCode": "025S26725CAM1RP2",
        "source": "COtrip",
        "state": "Colorado"
      }
    },
    {
      "type": "Feature",
      "geometry": {
        "type": "Point",
        "coordinates": [
          -105.00198,
          40.56565
        ]
      },
      "properties": {
        "id": "025S26840CAM1RHS",
        "title": "I-25 MP 268.40 SB at E Prospect Rd in Fort Collins",
        "snapshotUrl": "https://cocam.carsprogram.org/Snapshots/025S26840CAM1RHS.flv.png",
        "streamUrl": "https://publicstreamer4.cotrip.org:443/rtplive/025S26840CAM1RHS/playlist.m3u8",
        "cameraCode": "025S26840CAM1RHS",
        "source": "COtrip",
        "state": "Colorado"
      }
    },
    {
      "type": "Feature",
      "geometry": {
        "type": "Point",
        "coordinates": [
          -105.00217,
          40.5813
        ]
      },
      "properties": {
        "id": "025S26940CAM1RP1",
        "title": "I-25 MP 269.40 SB at CO 14/E Mulberry St",
        "snapshotUrl": "https://cocam.carsprogram.org/Snapshots/025S26940CAM1RP1.flv.png",
        "streamUrl": "https://publicstreamer3.cotrip.org:443/rtplive/025S26940CAM1RP1/playlist.m3u8",
        "cameraCode": "025S26940CAM1RP1",
        "source": "COtrip",
        "state": "Colorado"
      }
    },
    {
      "type": "Feature",
      "geometry": {
        "type": "Point",
        "coordinates": [
          -105.00245,
          40.61041
        ]
      },
      "properties": {
        "id": "025S27140CAM1RP1",
        "title": "I-25 MP 271.40 SB at ECR 50/Mountain Vista Dr",
        "snapshotUrl": "https://cocam.carsprogram.org/Snapshots/025S27140CAM1RP1.flv.png",
        "streamUrl": "https://publicstreamer4.cotrip.org:443/rtplive/025S27140CAM1RP1/playlist.m3u8",
        "cameraCode": "025S27140CAM1RP1",
        "source": "COtrip",
        "state": "Colorado"
      }
    },
    {
      "type": "Feature",
      "geometry": {
        "type": "Point",
        "coordinates": [
          -105.0013,
          40.64078
        ]
      },
      "properties": {
        "id": "025S27350CAM1RHS",
        "title": "I-25 MP 273.50 SB : 2.1 miles N of ECR 50/Mountain Vista Dr",
        "snapshotUrl": "https://cocam.carsprogram.org/Snapshots/025S27350CAM1RHS.flv.png",
        "streamUrl": "https://publicstreamer1.cotrip.org:443/rtplive/025S27350CAM1RHS/playlist.m3u8",
        "cameraCode": "025S27350CAM1RHS",
        "source": "COtrip",
        "state": "Colorado"
      }
    },
    {
      "type": "Feature",
      "geometry": {
        "type": "Point",
        "coordinates": [
          -105.00046,
          40.68279
        ]
      },
      "properties": {
        "id": "025N27640CAM1GP2",
        "title": "I-25 MP 276.40 NB : 1.9 miles S of Cleveland Ave/CO 1",
        "snapshotUrl": "https://cocam.carsprogram.org/Snapshots/025N27640CAM1GP2.flv.png",
        "streamUrl": "https://publicstreamer4.cotrip.org:443/rtplive/025N27640CAM1GP2/playlist.m3u8",
        "cameraCode": "025N27640CAM1GP2",
        "source": "COtrip",
        "state": "Colorado"
      }
    },
    {
      "type": "Feature",
      "geometry": {
        "type": "Point",
        "coordinates": [
          -104.99828,
          40.70402
        ]
      },
      "properties": {
        "id": "025S27790CAM1NEC",
        "title": "I-25 MP 277.90 SB at Cleveland Ave/CO 1",
        "snapshotUrl": "https://cocam.carsprogram.org/Snapshots/025S27790CAM1NEC.flv.png",
        "streamUrl": "https://publicstreamer1.cotrip.org:443/rtplive/025S27790CAM1NEC/playlist.m3u8",
        "cameraCode": "025S27790CAM1NEC",
        "source": "COtrip",
        "state": "Colorado"
      }
    },
    {
      "type": "Feature",
      "geometry": {
        "type": "Point",
        "coordinates": [
          -104.99391,
          40.7265
        ]
      },
      "properties": {
        "id": "025S27945CAM1GP2",
        "title": "I-25 MP 279.45 SB : 2.0 miles N of Cleveland Ave/CO 1",
        "snapshotUrl": "https://cocam.carsprogram.org/Snapshots/025S27945CAM1GP2.flv.png",
        "streamUrl": "https://publicstreamer4.cotrip.org:443/rtplive/025S27945CAM1GP2/playlist.m3u8",
        "cameraCode": "025S27945CAM1GP2",
        "source": "COtrip",
        "state": "Colorado"
      }
    },
    {
      "type": "Feature",
      "geometry": {
        "type": "Point",
        "coordinates": [
          -104.99341,
          40.75518
        ]
      },
      "properties": {
        "id": "025S28135CAM1RP1",
        "title": "I-25 MP 281.35 SB at Owl Canyon Rd/ECR 70",
        "snapshotUrl": "https://cocam.carsprogram.org/Snapshots/025S28135CAM1RP1.flv.png",
        "streamUrl": "https://publicstreamer1.cotrip.org:443/rtplive/025S28135CAM1RP1/playlist.m3u8",
        "cameraCode": "025S28135CAM1RP1",
        "source": "COtrip",
        "state": "Colorado"
      }
    },
    {
      "type": "Feature",
      "geometry": {
        "type": "Point",
        "coordinates": [
          -104.96633,
          40.84159
        ]
      },
      "properties": {
        "id": "025S28755CAM1RHS",
        "title": "I-25 MP 287.55 SB at Buckeye Rd/CR 82",
        "snapshotUrl": "https://cocam.carsprogram.org/Snapshots/025S28755CAM1RHS.flv.png",
        "streamUrl": "https://publicstreamer2.cotrip.org:443/rtplive/025S28755CAM1RHS/playlist.m3u8",
        "cameraCode": "025S28755CAM1RHS",
        "source": "COtrip",
        "state": "Colorado"
      }
    },
    {
      "type": "Feature",
      "geometry": {
        "type": "Point",
        "coordinates": [
          -104.93844,
          40.91154
        ]
      },
      "properties": {
        "id": "025S29260CAM1RP1",
        "title": "I-25 MP 292.60 SB at WCR 126.5 in Carr",
        "snapshotUrl": "https://cocam.carsprogram.org/Snapshots/025S29260CAM1RP1.flv.png",
        "streamUrl": "https://publicstreamer2.cotrip.org:443/rtplive/025S29260CAM1RP1/playlist.m3u8",
        "cameraCode": "025S29260CAM1RP1",
        "source": "COtrip",
        "state": "Colorado"
      }
    },
    {
      "type": "Feature",
      "geometry": {
        "type": "Point",
        "coordinates": [
          -104.91094,
          40.98893
        ]
      },
      "properties": {
        "id": "025S29820CAM1GP2",
        "title": "I-25 MP 298.20 SB : 0.9 miles S of Wyoming Border",
        "snapshotUrl": "https://cocam.carsprogram.org/Snapshots/025S29820CAM1GP2.flv.png",
        "streamUrl": "https://publicstreamer1.cotrip.org:443/rtplive/025S29820CAM1GP2/playlist.m3u8",
        "cameraCode": "025S29820CAM1GP2",
        "source": "COtrip",
        "state": "Colorado"
      }
    },
    {
      "type": "Feature",
      "geometry": {
        "type": "Point",
        "coordinates": [
          -104.95899,
          39.81829
        ]
      },
      "properties": {
        "id": "270E00050CAM1RP1",
        "title": "I-270 MP 000.50 EB at York St",
        "snapshotUrl": "https://cocam.carsprogram.org/Snapshots/270E00050CAM1RP1.flv.png",
        "streamUrl": "https://publicstreamer2.cotrip.org:443/rtplive/270E00050CAM1RP1/playlist.m3u8",
        "cameraCode": "270E00050CAM1RP1",
        "source": "COtrip",
        "state": "Colorado"
      }
    },
    {
      "type": "Feature",
      "geometry": {
        "type": "Point",
        "coordinates": [
          -104.93346,
          39.79993
        ]
      },
      "properties": {
        "id": "270E00240CAM1RP1",
        "title": "I-270 MP 002.40 EB at Vasquez Blvd",
        "snapshotUrl": "https://cocam.carsprogram.org/Snapshots/270E00240CAM1RP1.flv.png",
        "streamUrl": "https://publicstreamer2.cotrip.org:443/rtplive/270E00240CAM1RP1/playlist.m3u8",
        "cameraCode": "270E00240CAM1RP1",
        "source": "COtrip",
        "state": "Colorado"
      }
    },
    {
      "type": "Feature",
      "geometry": {
        "type": "Point",
        "coordinates": [
          -104.90674,
          39.78948
        ]
      },
      "properties": {
        "id": "270W00395CAM1MED",
        "title": "I-270 MP 003.95 WB : 0.7 miles W of Quebec St",
        "snapshotUrl": "https://cocam.carsprogram.org/Snapshots/270W00395CAM1MED.flv.png",
        "streamUrl": "https://publicstreamer2.cotrip.org:443/rtplive/270W00395CAM1MED/playlist.m3u8",
        "cameraCode": "270W00395CAM1MED",
        "source": "COtrip",
        "state": "Colorado"
      }
    },
    {
      "type": "Feature",
      "geometry": {
        "type": "Point",
        "coordinates": [
          -108.64445,
          39.11195
        ]
      },
      "properties": {
        "id": "070E02550CAM1RHS",
        "title": "I-70 MP 025.50 EB at US 6/I-70BL in Grand Junction",
        "snapshotUrl": "https://cocam.carsprogram.org/Snapshots/070E02550CAM1RHS.flv.png",
        "streamUrl": "https://publicstreamer3.cotrip.org:443/rtplive/070E02550CAM1RHS/playlist.m3u8",
        "cameraCode": "070E02550CAM1RHS",
        "source": "COtrip",
        "state": "Colorado"
      }
    },
    {
      "type": "Feature",
      "geometry": {
        "type": "Point",
        "coordinates": [
          -108.52588,
          39.10549
        ]
      },
      "properties": {
        "id": "070E03235CAM1GP2",
        "title": "I-70 MP 032.35 EB : 1.1 miles E of Horizon Dr in Grand Junction",
        "snapshotUrl": "https://cocam.carsprogram.org/Snapshots/070E03235CAM1GP2.flv.png",
        "streamUrl": "https://publicstreamer1.cotrip.org:443/rtplive/070E03235CAM1GP2/playlist.m3u8",
        "cameraCode": "070E03235CAM1GP2",
        "source": "COtrip",
        "state": "Colorado"
      }
    },
    {
      "type": "Feature",
      "geometry": {
        "type": "Point",
        "coordinates": [
          -108.32255,
          39.12519
        ]
      },
      "properties": {
        "id": "070E04375CAM1RHS",
        "title": "I-70 MP 043.75 EB at US 6 in Palisade",
        "snapshotUrl": "https://cocam.carsprogram.org/Snapshots/070E04375CAM1RHS.flv.png",
        "streamUrl": "https://publicstreamer3.cotrip.org:443/rtplive/070E04375CAM1RHS/playlist.m3u8",
        "cameraCode": "070E04375CAM1RHS",
        "source": "COtrip",
        "state": "Colorado"
      }
    },
    {
      "type": "Feature",
      "geometry": {
        "type": "Point",
        "coordinates": [
          -108.27151,
          39.19536
        ]
      },
      "properties": {
        "id": "070E05035CAM1RHS",
        "title": "I-70 MP 050.35 EB at W Beavertail Tunnel",
        "snapshotUrl": "https://cocam.carsprogram.org/Snapshots/070E05035CAM1RHS.flv.png",
        "streamUrl": "https://publicstreamer3.cotrip.org:443/rtplive/070E05035CAM1RHS/playlist.m3u8",
        "cameraCode": "070E05035CAM1RHS",
        "source": "COtrip",
        "state": "Colorado"
      }
    },
    {
      "type": "Feature",
      "geometry": {
        "type": "Point",
        "coordinates": [
          -108.26701,
          39.23901
        ]
      },
      "properties": {
        "id": "070W05440CAM1RHS",
        "title": "I-70 MP 054.40 WB : 3.8 miles E of Beavertail Tunnel",
        "snapshotUrl": "https://cocam.carsprogram.org/Snapshots/070W05440CAM1RHS.flv.png",
        "streamUrl": "https://publicstreamer3.cotrip.org:443/rtplive/070W05440CAM1RHS/playlist.m3u8",
        "cameraCode": "070W05440CAM1RHS",
        "source": "COtrip",
        "state": "Colorado"
      }
    },
    {
      "type": "Feature",
      "geometry": {
        "type": "Point",
        "coordinates": [
          -108.19387,
          39.33745
        ]
      },
      "properties": {
        "id": "070W06280CAM1GP2",
        "title": "I-70 MP 062.80 WB : 1.5 miles E of Roan Creek Rd in De Beque",
        "snapshotUrl": "https://cocam.carsprogram.org/Snapshots/070W06280CAM1GP2.flv.png",
        "streamUrl": "https://publicstreamer1.cotrip.org:443/rtplive/070W06280CAM1GP2/playlist.m3u8",
        "cameraCode": "070W06280CAM1GP2",
        "source": "COtrip",
        "state": "Colorado"
      }
    },
    {
      "type": "Feature",
      "geometry": {
        "type": "Point",
        "coordinates": [
          -107.85776,
          39.51643
        ]
      },
      "properties": {
        "id": "070E08610CAM1GP2",
        "title": "I-70 MP 086.10 EB : 0.8 miles W of US 6 in Rifle",
        "snapshotUrl": "https://cocam.carsprogram.org/Snapshots/070E08610CAM1GP2.flv.png",
        "streamUrl": "https://publicstreamer3.cotrip.org:443/rtplive/070E08610CAM1GP2/playlist.m3u8",
        "cameraCode": "070E08610CAM1GP2",
        "source": "COtrip",
        "state": "Colorado"
      }
    },
    {
      "type": "Feature",
      "geometry": {
        "type": "Point",
        "coordinates": [
          -107.67177,
          39.54332
        ]
      },
      "properties": {
        "id": "070E09640CAM1RHS",
        "title": "I-70 MP 096.40 EB : 1.2 miles W of 9th St in Silt",
        "snapshotUrl": "https://cocam.carsprogram.org/Snapshots/070E09640CAM1RHS.flv.png",
        "streamUrl": "https://publicstreamer2.cotrip.org:443/rtplive/070E09640CAM1RHS/playlist.m3u8",
        "cameraCode": "070E09640CAM1RHS",
        "source": "COtrip",
        "state": "Colorado"
      }
    },
    {
      "type": "Feature",
      "geometry": {
        "type": "Point",
        "coordinates": [
          -107.45295,
          39.57387
        ]
      },
      "properties": {
        "id": "070W10895CAM1RP1",
        "title": "I-70 MP 108.95 WB at Canyon Creek Rd in Glenwood Springs",
        "snapshotUrl": "https://cocam.carsprogram.org/Snapshots/070W10895CAM1RP1.flv.png",
        "streamUrl": "https://publicstreamer2.cotrip.org:443/rtplive/070W10895CAM1RP1/playlist.m3u8",
        "cameraCode": "070W10895CAM1RP1",
        "source": "COtrip",
        "state": "Colorado"
      }
    },
    {
      "type": "Feature",
      "geometry": {
        "type": "Point",
        "coordinates": [
          -107.33413,
          39.55392
        ]
      },
      "properties": {
        "id": "070E11595CAM1GP2",
        "title": "I-70 MP 115.95 EB : 0.8 miles W of CO 82 in Glenwood Springs",
        "snapshotUrl": "https://cocam.carsprogram.org/Snapshots/070E11595CAM1GP2.flv.png",
        "streamUrl": "https://publicstreamer2.cotrip.org:443/rtplive/070E11595CAM1GP2/playlist.m3u8",
        "cameraCode": "070E11595CAM1GP2",
        "source": "COtrip",
        "state": "Colorado"
      }
    },
    {
      "type": "Feature",
      "geometry": {
        "type": "Point",
        "coordinates": [
          -107.33064,
          39.55097
        ]
      },
      "properties": {
        "id": "070E11620CAM1RHS",
        "title": "I-70 MP 116.20 EB : 0.4 miles W of CO 82 in Glenwood Springs",
        "snapshotUrl": "https://cocam.carsprogram.org/Snapshots/070E11620CAM1RHS.flv.png",
        "streamUrl": "https://publicstreamer2.cotrip.org:443/rtplive/070E11620CAM1RHS/playlist.m3u8",
        "cameraCode": "070E11620CAM1RHS",
        "source": "COtrip",
        "state": "Colorado"
      }
    },
    {
      "type": "Feature",
      "geometry": {
        "type": "Point",
        "coordinates": [
          -107.32469,
          39.54831
        ]
      },
      "properties": {
        "id": "070E11660CAM1RHS",
        "title": "I-70 MP 116.60 EB at Grand Ave in Glenwood Springs",
        "snapshotUrl": "https://cocam.carsprogram.org/Snapshots/070E11660CAM1RHS.flv.png",
        "streamUrl": "https://publicstreamer3.cotrip.org:443/rtplive/070E11660CAM1RHS/playlist.m3u8",
        "cameraCode": "070E11660CAM1RHS",
        "source": "COtrip",
        "state": "Colorado"
      }
    },
    {
      "type": "Feature",
      "geometry": {
        "type": "Point",
        "coordinates": [
          -107.32,
          39.55036
        ]
      },
      "properties": {
        "id": "070E11685CAM1RHS",
        "title": "I-70 MP 116.85 EB : 0.4 miles E of Grand Ave in Glenwood Springs",
        "snapshotUrl": "https://cocam.carsprogram.org/Snapshots/070E11685CAM1RHS.flv.png",
        "streamUrl": "https://publicstreamer4.cotrip.org:443/rtplive/070E11685CAM1RHS/playlist.m3u8",
        "cameraCode": "070E11685CAM1RHS",
        "source": "COtrip",
        "state": "Colorado"
      }
    },
    {
      "type": "Feature",
      "geometry": {
        "type": "Point",
        "coordinates": [
          -107.3105,
          39.56098
        ]
      },
      "properties": {
        "id": "070W11765CAM1RHS",
        "title": "I-70 MP 117.65 WB at W No Name Tunnel",
        "snapshotUrl": "https://cocam.carsprogram.org/Snapshots/070W11765CAM1RHS.flv.png",
        "streamUrl": "https://publicstreamer3.cotrip.org:443/rtplive/070W11765CAM1RHS/playlist.m3u8",
        "cameraCode": "070W11765CAM1RHS",
        "source": "COtrip",
        "state": "Colorado"
      }
    },
    {
      "type": "Feature",
      "geometry": {
        "type": "Point",
        "coordinates": [
          -107.29864,
          39.56304
        ]
      },
      "properties": {
        "id": "070E11800CAM1RHS",
        "title": "I-70 MP 118.00 EB at E No Name Tunnel",
        "snapshotUrl": "/images/icon-camera-closed-fill-solid-padded.svg",
        "streamUrl": "https://publicstreamer4.cotrip.org:443/rtplive/070E11800CAM1RHS/playlist.m3u8",
        "cameraCode": "070E11800CAM1RHS",
        "source": "COtrip",
        "state": "Colorado"
      }
    },
    {
      "type": "Feature",
      "geometry": {
        "type": "Point",
        "coordinates": [
          -107.3011,
          39.56214
        ]
      },
      "properties": {
        "id": "070E11825CAM1MED",
        "title": "I-70 MP 118.25 EB : 0.3 miles E of No Name Tunnel",
        "snapshotUrl": "https://cocam.carsprogram.org/Snapshots/070E11825CAM1MED.flv.png",
        "streamUrl": "https://publicstreamer4.cotrip.org:443/rtplive/070E11825CAM1MED/playlist.m3u8",
        "cameraCode": "070E11825CAM1MED",
        "source": "COtrip",
        "state": "Colorado"
      }
    },
    {
      "type": "Feature",
      "geometry": {
        "type": "Point",
        "coordinates": [
          -107.257,
          39.56221
        ]
      },
      "properties": {
        "id": "070W12085CAM1RHS",
        "title": "I-70 MP 120.85 WB : 0.2 miles W of Grizzly Creek Rest Area",
        "snapshotUrl": "https://cocam.carsprogram.org/Snapshots/070W12085CAM1RHS.flv.png",
        "streamUrl": "https://publicstreamer3.cotrip.org:443/rtplive/070W12085CAM1RHS/playlist.m3u8",
        "cameraCode": "070W12085CAM1RHS",
        "source": "COtrip",
        "state": "Colorado"
      }
    },
    {
      "type": "Feature",
      "geometry": {
        "type": "Point",
        "coordinates": [
          -107.2315,
          39.56726
        ]
      },
      "properties": {
        "id": "070W12250CAM1RHS",
        "title": "I-70 MP 122.50 WB : 1.5 miles E of Grizzly Creek",
        "snapshotUrl": "https://cocam.carsprogram.org/Snapshots/070W12250CAM1RHS.flv.png",
        "streamUrl": "https://publicstreamer4.cotrip.org:443/rtplive/070W12250CAM1RHS/playlist.m3u8",
        "cameraCode": "070W12250CAM1RHS",
        "source": "COtrip",
        "state": "Colorado"
      }
    },
    {
      "type": "Feature",
      "geometry": {
        "type": "Point",
        "coordinates": [
          -107.2237,
          39.57357
        ]
      },
      "properties": {
        "id": "070E12315CAM1MED",
        "title": "I-70 MP 123.15 EB : 2.2 miles E of Grizzly Creek",
        "snapshotUrl": "https://cocam.carsprogram.org/Snapshots/070E12315CAM1MED.flv.png",
        "streamUrl": "https://publicstreamer2.cotrip.org:443/rtplive/070E12315CAM1MED/playlist.m3u8",
        "cameraCode": "070E12315CAM1MED",
        "source": "COtrip",
        "state": "Colorado"
      }
    },
    {
      "type": "Feature",
      "geometry": {
        "type": "Point",
        "coordinates": [
          -107.14649,
          39.61053
        ]
      },
      "properties": {
        "id": "070W12810CAM1RHS",
        "title": "I-70 MP 128.10 WB : 0.5 miles W of Bair Ranch Rest Area",
        "snapshotUrl": "https://cocam.carsprogram.org/Snapshots/070W12810CAM1RHS.flv.png",
        "streamUrl": "https://publicstreamer4.cotrip.org:443/rtplive/070W12810CAM1RHS/playlist.m3u8",
        "cameraCode": "070W12810CAM1RHS",
        "source": "COtrip",
        "state": "Colorado"
      }
    },
    {
      "type": "Feature",
      "geometry": {
        "type": "Point",
        "coordinates": [
          -107.1359,
          39.61545
        ]
      },
      "properties": {
        "id": "070E12880CAM1RHS",
        "title": "I-70 MP 128.80 EB : 0.2 miles E of Bair Ranch Rest Area",
        "snapshotUrl": "https://cocam.carsprogram.org/Snapshots/070E12880CAM1RHS.flv.png",
        "streamUrl": "https://publicstreamer1.cotrip.org:443/rtplive/070E12880CAM1RHS/playlist.m3u8",
        "cameraCode": "070E12880CAM1RHS",
        "source": "COtrip",
        "state": "Colorado"
      }
    },
    {
      "type": "Feature",
      "geometry": {
        "type": "Point",
        "coordinates": [
          -107.10361,
          39.62931
        ]
      },
      "properties": {
        "id": "070W13095CAM1RHS",
        "title": "I-70 MP 130.95 WB : 3.0 miles W of Colorado River Rd in Dotsero",
        "snapshotUrl": "https://cocam.carsprogram.org/Snapshots/070W13095CAM1RHS.flv.png",
        "streamUrl": "https://publicstreamer2.cotrip.org:443/rtplive/070W13095CAM1RHS/playlist.m3u8",
        "cameraCode": "070W13095CAM1RHS",
        "source": "COtrip",
        "state": "Colorado"
      }
    },
    {
      "type": "Feature",
      "geometry": {
        "type": "Point",
        "coordinates": [
          -107.08333,
          39.64167
        ]
      },
      "properties": {
        "id": "070E13230CAM1GP2",
        "title": "I-70 MP 132.30 EB : 1.3 miles W of Colorado River Rd in Dotsero",
        "snapshotUrl": "https://cocam.carsprogram.org/Snapshots/070E13230CAM1GP2.flv.png",
        "streamUrl": "https://publicstreamer3.cotrip.org:443/rtplive/070E13230CAM1GP2/playlist.m3u8",
        "cameraCode": "070E13230CAM1GP2",
        "source": "COtrip",
        "state": "Colorado"
      }
    },
    {
      "type": "Feature",
      "geometry": {
        "type": "Point",
        "coordinates": [
          -107.06594,
          39.64779
        ]
      },
      "properties": {
        "id": "070W13335CAM1RHS",
        "title": "I-70 MP 133.35 WB at Colorado River Rd",
        "snapshotUrl": "https://cocam.carsprogram.org/Snapshots/070W13335CAM1RHS.flv.png",
        "streamUrl": "https://publicstreamer2.cotrip.org:443/rtplive/070W13335CAM1RHS/playlist.m3u8",
        "cameraCode": "070W13335CAM1RHS",
        "source": "COtrip",
        "state": "Colorado"
      }
    },
    {
      "type": "Feature",
      "geometry": {
        "type": "Point",
        "coordinates": [
          -107.05345,
          39.64879
        ]
      },
      "properties": {
        "id": "070W13405CAM1RHS",
        "title": "I-70 MP 134.05 WB at US 6 in Dotsero",
        "snapshotUrl": "https://cocam.carsprogram.org/Snapshots/070W13405CAM1RHS.flv.png",
        "streamUrl": "https://publicstreamer4.cotrip.org:443/rtplive/070W13405CAM1RHS/playlist.m3u8",
        "cameraCode": "070W13405CAM1RHS",
        "source": "COtrip",
        "state": "Colorado"
      }
    },
    {
      "type": "Feature",
      "geometry": {
        "type": "Point",
        "coordinates": [
          -106.99897,
          39.64845
        ]
      },
      "properties": {
        "id": "070E13705CAM1RHS",
        "title": "I-70 MP 137.05 EB : 3.0 miles W of Trail Gulch Rd in Gypsum",
        "snapshotUrl": "https://cocam.carsprogram.org/Snapshots/070E13705CAM1RHS.flv.png",
        "streamUrl": "https://publicstreamer4.cotrip.org:443/rtplive/070E13705CAM1RHS/playlist.m3u8",
        "cameraCode": "070E13705CAM1RHS",
        "source": "COtrip",
        "state": "Colorado"
      }
    },
    {
      "type": "Feature",
      "geometry": {
        "type": "Point",
        "coordinates": [
          -106.95508,
          39.65169
        ]
      },
      "properties": {
        "id": "070E13955CAM1RP1",
        "title": "I-70 MP 139.55 EB at Trail Gulch Rd in Gypsum",
        "snapshotUrl": "https://cocam.carsprogram.org/Snapshots/070E13955CAM1RP1.flv.png",
        "streamUrl": "https://publicstreamer2.cotrip.org:443/rtplive/070E13955CAM1RP1/playlist.m3u8",
        "cameraCode": "070E13955CAM1RP1",
        "source": "COtrip",
        "state": "Colorado"
      }
    },
    {
      "type": "Feature",
      "geometry": {
        "type": "Point",
        "coordinates": [
          -106.8406,
          39.65398
        ]
      },
      "properties": {
        "id": "070E14580CAM1GP2",
        "title": "I-70 MP 145.80 EB : 1.0 mile W of Eby Creek Rd",
        "snapshotUrl": "https://cocam.carsprogram.org/Snapshots/070E14580CAM1GP2.flv.png",
        "streamUrl": "https://publicstreamer2.cotrip.org:443/rtplive/070E14580CAM1GP2/playlist.m3u8",
        "cameraCode": "070E14580CAM1GP2",
        "source": "COtrip",
        "state": "Colorado"
      }
    },
    {
      "type": "Feature",
      "geometry": {
        "type": "Point",
        "coordinates": [
          -106.70725,
          39.71093
        ]
      },
      "properties": {
        "id": "070E15420CAM1GP2",
        "title": "I-70 MP 154.20 EB : 2.8 miles W of CO 131",
        "snapshotUrl": "https://cocam.carsprogram.org/Snapshots/070E15420CAM1GP2.flv.png",
        "streamUrl": "https://publicstreamer2.cotrip.org:443/rtplive/070E15420CAM1GP2/playlist.m3u8",
        "cameraCode": "070E15420CAM1GP2",
        "source": "COtrip",
        "state": "Colorado"
      }
    },
    {
      "type": "Feature",
      "geometry": {
        "type": "Point",
        "coordinates": [
          -106.6843,
          39.70091
        ]
      },
      "properties": {
        "id": "070W15580CAM1RHS",
        "title": "I-70 MP 155.80 WB : 0.9 miles W of CO 131",
        "snapshotUrl": "https://cocam.carsprogram.org/Snapshots/070W15580CAM1RHS.flv.png",
        "streamUrl": "https://publicstreamer2.cotrip.org:443/rtplive/070W15580CAM1RHS/playlist.m3u8",
        "cameraCode": "070W15580CAM1RHS",
        "source": "COtrip",
        "state": "Colorado"
      }
    },
    {
      "type": "Feature",
      "geometry": {
        "type": "Point",
        "coordinates": [
          -106.67079,
          39.69703
        ]
      },
      "properties": {
        "id": "070W15660CAM1RHS",
        "title": "I-70 MP 156.60 WB at CO 131",
        "snapshotUrl": "https://cocam.carsprogram.org/Snapshots/070W15660CAM1RHS.flv.png",
        "streamUrl": "https://publicstreamer3.cotrip.org:443/rtplive/070W15660CAM1RHS/playlist.m3u8",
        "cameraCode": "070W15660CAM1RHS",
        "source": "COtrip",
        "state": "Colorado"
      }
    },
    {
      "type": "Feature",
      "geometry": {
        "type": "Point",
        "coordinates": [
          -106.66425,
          39.69228
        ]
      },
      "properties": {
        "id": "070W15710CAM1GP2",
        "title": "I-70 MP 157.10 WB : 0.7 miles E of CO 131",
        "snapshotUrl": "https://cocam.carsprogram.org/Snapshots/070W15710CAM1GP2.flv.png",
        "streamUrl": "https://publicstreamer2.cotrip.org:443/rtplive/070W15710CAM1GP2/playlist.m3u8",
        "cameraCode": "070W15710CAM1GP2",
        "source": "COtrip",
        "state": "Colorado"
      }
    },
    {
      "type": "Feature",
      "geometry": {
        "type": "Point",
        "coordinates": [
          -106.65275,
          39.68263
        ]
      },
      "properties": {
        "id": "070W15810CAM1RHS",
        "title": "I-70 MP 158.10 WB : 1.8 miles E of CO 131",
        "snapshotUrl": "https://cocam.carsprogram.org/Snapshots/070W15810CAM1RHS.flv.png",
        "streamUrl": "https://publicstreamer1.cotrip.org:443/rtplive/070W15810CAM1RHS/playlist.m3u8",
        "cameraCode": "070W15810CAM1RHS",
        "source": "COtrip",
        "state": "Colorado"
      }
    },
    {
      "type": "Feature",
      "geometry": {
        "type": "Point",
        "coordinates": [
          -106.6343,
          39.65844
        ]
      },
      "properties": {
        "id": "070W16015CAM1RHS",
        "title": "I-70 MP 160.15 WB at Wilmore Lake",
        "snapshotUrl": "https://cocam.carsprogram.org/Snapshots/070W16015CAM1RHS.flv.png",
        "streamUrl": "https://publicstreamer4.cotrip.org:443/rtplive/070W16015CAM1RHS/playlist.m3u8",
        "cameraCode": "070W16015CAM1RHS",
        "source": "COtrip",
        "state": "Colorado"
      }
    },
    {
      "type": "Feature",
      "geometry": {
        "type": "Point",
        "coordinates": [
          -106.58664,
          39.64937
        ]
      },
      "properties": {
        "id": "070W16285CAM1RHS",
        "title": "I-70 MP 162.85 WB at Beard Creek Rd in Edwards",
        "snapshotUrl": "https://cocam.carsprogram.org/Snapshots/070W16285CAM1RHS.flv.png",
        "streamUrl": "https://publicstreamer4.cotrip.org:443/rtplive/070W16285CAM1RHS/playlist.m3u8",
        "cameraCode": "070W16285CAM1RHS",
        "source": "COtrip",
        "state": "Colorado"
      }
    },
    {
      "type": "Feature",
      "geometry": {
        "type": "Point",
        "coordinates": [
          -106.53334,
          39.64072
        ]
      },
      "properties": {
        "id": "070W16595CAM1RHS",
        "title": "I-70 MP 165.95 WB : 0.9 miles W of Avon Rd",
        "snapshotUrl": "https://cocam.carsprogram.org/Snapshots/070W16595CAM1RHS.flv.png",
        "streamUrl": "https://publicstreamer4.cotrip.org:443/rtplive/070W16595CAM1RHS/playlist.m3u8",
        "cameraCode": "070W16595CAM1RHS",
        "source": "COtrip",
        "state": "Colorado"
      }
    },
    {
      "type": "Feature",
      "geometry": {
        "type": "Point",
        "coordinates": [
          -106.5208,
          39.63735
        ]
      },
      "properties": {
        "id": "070W16665CAM1RHS",
        "title": "I-70 MP 166.65 WB at Avon Rd",
        "snapshotUrl": "https://cocam.carsprogram.org/Snapshots/070W16665CAM1RHS.flv.png",
        "streamUrl": "https://publicstreamer3.cotrip.org:443/rtplive/070W16665CAM1RHS/playlist.m3u8",
        "cameraCode": "070W16665CAM1RHS",
        "source": "COtrip",
        "state": "Colorado"
      }
    },
    {
      "type": "Feature",
      "geometry": {
        "type": "Point",
        "coordinates": [
          -106.4832,
          39.62233
        ]
      },
      "properties": {
        "id": "070W16895CAM1RHS",
        "title": "I-70 MP 168.95 WB at US 6 in Eagle",
        "snapshotUrl": "https://cocam.carsprogram.org/Snapshots/070W16895CAM1RHS.flv.png",
        "streamUrl": "https://publicstreamer3.cotrip.org:443/rtplive/070W16895CAM1RHS/playlist.m3u8",
        "cameraCode": "070W16895CAM1RHS",
        "source": "COtrip",
        "state": "Colorado"
      }
    },
    {
      "type": "Feature",
      "geometry": {
        "type": "Point",
        "coordinates": [
          -106.47161,
          39.62011
        ]
      },
      "properties": {
        "id": "070E16955CAM1GP2",
        "title": "I-70 MP 169.55 EB : 0.9 miles E of US 6 in Eagle",
        "snapshotUrl": "https://cocam.carsprogram.org/Snapshots/070E16955CAM1GP2.flv.png",
        "streamUrl": "https://publicstreamer1.cotrip.org:443/rtplive/070E16955CAM1GP2/playlist.m3u8",
        "cameraCode": "070E16955CAM1GP2",
        "source": "COtrip",
        "state": "Colorado"
      }
    },
    {
      "type": "Feature",
      "geometry": {
        "type": "Point",
        "coordinates": [
          -106.45896,
          39.6126
        ]
      },
      "properties": {
        "id": "070W17045CAM1RHS",
        "title": "I-70 MP 170.45 WB : 0.8 miles W of Dowd Junction",
        "snapshotUrl": "https://cocam.carsprogram.org/Snapshots/070W17045CAM1RHS.flv.png",
        "streamUrl": "https://publicstreamer2.cotrip.org:443/rtplive/070W17045CAM1RHS/playlist.m3u8",
        "cameraCode": "070W17045CAM1RHS",
        "source": "COtrip",
        "state": "Colorado"
      }
    },
    {
      "type": "Feature",
      "geometry": {
        "type": "Point",
        "coordinates": [
          -106.44914,
          39.60802
        ]
      },
      "properties": {
        "id": "070E17110CAM1RP1",
        "title": "I-70 MP 171.10 EB at Dowd Junction",
        "snapshotUrl": "https://cocam.carsprogram.org/Snapshots/070E17110CAM1RP1.flv.png",
        "streamUrl": "https://publicstreamer3.cotrip.org:443/rtplive/070E17110CAM1RP1/playlist.m3u8",
        "cameraCode": "070E17110CAM1RP1",
        "source": "COtrip",
        "state": "Colorado"
      }
    },
    {
      "type": "Feature",
      "geometry": {
        "type": "Point",
        "coordinates": [
          -106.44255,
          39.61472
        ]
      },
      "properties": {
        "id": "070W17175CAM1RHS",
        "title": "I-70 MP 171.75 WB : 0.7 miles E of Dowd Junction",
        "snapshotUrl": "https://cocam.carsprogram.org/Snapshots/070W17175CAM1RHS.flv.png",
        "streamUrl": "https://publicstreamer3.cotrip.org:443/rtplive/070W17175CAM1RHS/playlist.m3u8",
        "cameraCode": "070W17175CAM1RHS",
        "source": "COtrip",
        "state": "Colorado"
      }
    },
    {
      "type": "Feature",
      "geometry": {
        "type": "Point",
        "coordinates": [
          -106.43809,
          39.61623
        ]
      },
      "properties": {
        "id": "070W17210CAM1RHS",
        "title": "I-70 MP 172.10 WB : 1.0 mile E of Dowd Junction",
        "snapshotUrl": "https://cocam.carsprogram.org/Snapshots/070W17210CAM1RHS.flv.png",
        "streamUrl": "https://publicstreamer4.cotrip.org:443/rtplive/070W17210CAM1RHS/playlist.m3u8",
        "cameraCode": "070W17210CAM1RHS",
        "source": "COtrip",
        "state": "Colorado"
      }
    },
    {
      "type": "Feature",
      "geometry": {
        "type": "Point",
        "coordinates": [
          -106.41671,
          39.63073
        ]
      },
      "properties": {
        "id": "070W17365CAM1GP2",
        "title": "I-70 MP 173.65 WB : 0.4 miles E of Charmonix Rd in Vail",
        "snapshotUrl": "https://cocam.carsprogram.org/Snapshots/070W17365CAM1GP2.flv.png",
        "streamUrl": "https://publicstreamer4.cotrip.org:443/rtplive/070W17365CAM1GP2/playlist.m3u8",
        "cameraCode": "070W17365CAM1GP2",
        "source": "COtrip",
        "state": "Colorado"
      }
    },
    {
      "type": "Feature",
      "geometry": {
        "type": "Point",
        "coordinates": [
          -106.39266,
          39.64414
        ]
      },
      "properties": {
        "id": "070E17530CAM1GP2",
        "title": "I-70 MP 175.30 EB : 1.0 mile W of Vail Rd",
        "snapshotUrl": "https://cocam.carsprogram.org/Snapshots/070E17530CAM1GP2.flv.png",
        "streamUrl": "https://publicstreamer1.cotrip.org:443/rtplive/070E17530CAM1GP2/playlist.m3u8",
        "cameraCode": "070E17530CAM1GP2",
        "source": "COtrip",
        "state": "Colorado"
      }
    },
    {
      "type": "Feature",
      "geometry": {
        "type": "Point",
        "coordinates": [
          -106.38196,
          39.64536
        ]
      },
      "properties": {
        "id": "070W17585CAM1RHS",
        "title": "I-70 MP 175.85 WB : 0.3 miles W of Vail Rd",
        "snapshotUrl": "https://cocam.carsprogram.org/Snapshots/070W17585CAM1RHS.flv.png",
        "streamUrl": "https://publicstreamer4.cotrip.org:443/rtplive/070W17585CAM1RHS/playlist.m3u8",
        "cameraCode": "070W17585CAM1RHS",
        "source": "COtrip",
        "state": "Colorado"
      }
    },
    {
      "type": "Feature",
      "geometry": {
        "type": "Point",
        "coordinates": [
          -106.34293,
          39.64381
        ]
      },
      "properties": {
        "id": "070E17790CAM1RHS",
        "title": "I-70 MP 177.90 EB at West Vail Chain Station",
        "snapshotUrl": "https://cocam.carsprogram.org/Snapshots/070E17790CAM1RHS.flv.png",
        "streamUrl": "https://publicstreamer1.cotrip.org:443/rtplive/070E17790CAM1RHS/playlist.m3u8",
        "cameraCode": "070E17790CAM1RHS",
        "source": "COtrip",
        "state": "Colorado"
      }
    },
    {
      "type": "Feature",
      "geometry": {
        "type": "Point",
        "coordinates": [
          -106.3384,
          39.64473
        ]
      },
      "properties": {
        "id": "070E17820CAM1RHS",
        "title": "I-70 MP 178.20 EB at West Central Vail Chain Station",
        "snapshotUrl": "https://cocam.carsprogram.org/Snapshots/070E17820CAM1RHS.flv.png",
        "streamUrl": "https://publicstreamer1.cotrip.org:443/rtplive/070E17820CAM1RHS/playlist.m3u8",
        "cameraCode": "070E17820CAM1RHS",
        "source": "COtrip",
        "state": "Colorado"
      }
    },
    {
      "type": "Feature",
      "geometry": {
        "type": "Point",
        "coordinates": [
          -106.33356,
          39.64587
        ]
      },
      "properties": {
        "id": "070E17845CAM1RHS",
        "title": "I-70 MP 178.45 EB at East Central Vail Chain Station",
        "snapshotUrl": "https://cocam.carsprogram.org/Snapshots/070E17845CAM1RHS.flv.png",
        "streamUrl": "https://publicstreamer3.cotrip.org:443/rtplive/070E17845CAM1RHS/playlist.m3u8",
        "cameraCode": "070E17845CAM1RHS",
        "source": "COtrip",
        "state": "Colorado"
      }
    },
    {
      "type": "Feature",
      "geometry": {
        "type": "Point",
        "coordinates": [
          -106.32941,
          39.64676
        ]
      },
      "properties": {
        "id": "070E17865CAM1RHS",
        "title": "I-70 MP 178.65 EB at East Vail Chain Station",
        "snapshotUrl": "https://cocam.carsprogram.org/Snapshots/070E17865CAM1RHS.flv.png",
        "streamUrl": "https://publicstreamer1.cotrip.org:443/rtplive/070E17865CAM1RHS/playlist.m3u8",
        "cameraCode": "070E17865CAM1RHS",
        "source": "COtrip",
        "state": "Colorado"
      }
    },
    {
      "type": "Feature",
      "geometry": {
        "type": "Point",
        "coordinates": [
          -106.31233,
          39.64668
        ]
      },
      "properties": {
        "id": "070W17990CAM1RHS",
        "title": "I-70 MP 179.90 WB at Big Horn Rd in Vail",
        "snapshotUrl": "https://cocam.carsprogram.org/Snapshots/070W17990CAM1RHS.flv.png",
        "streamUrl": "https://publicstreamer1.cotrip.org:443/rtplive/070W17990CAM1RHS/playlist.m3u8",
        "cameraCode": "070W17990CAM1RHS",
        "source": "COtrip",
        "state": "Colorado"
      }
    },
    {
      "type": "Feature",
      "geometry": {
        "type": "Point",
        "coordinates": [
          -106.2785,
          39.62122
        ]
      },
      "properties": {
        "id": "070E18215CAM1RHS",
        "title": "I-70 MP 182.15 WB : 2.2 miles E of Big Horn Rd in Vail",
        "snapshotUrl": "https://cocam.carsprogram.org/Snapshots/070E18215CAM1RHS.flv.png",
        "streamUrl": "https://publicstreamer1.cotrip.org:443/rtplive/070E18215CAM1RHS/playlist.m3u8",
        "cameraCode": "070E18215CAM1RHS",
        "source": "COtrip",
        "state": "Colorado"
      }
    },
    {
      "type": "Feature",
      "geometry": {
        "type": "Point",
        "coordinates": [
          -106.27896,
          39.61331
        ]
      },
      "properties": {
        "id": "070E18280CAM1RHS",
        "title": "I-70 MP 182.80 EB : 2.6 miles E of Big Horn Rd in Vail",
        "snapshotUrl": "https://cocam.carsprogram.org/Snapshots/070E18280CAM1RHS.flv.png",
        "streamUrl": "https://publicstreamer1.cotrip.org:443/rtplive/070E18280CAM1RHS/playlist.m3u8",
        "cameraCode": "070E18280CAM1RHS",
        "source": "COtrip",
        "state": "Colorado"
      }
    },
    {
      "type": "Feature",
      "geometry": {
        "type": "Point",
        "coordinates": [
          -106.27353,
          39.60159
        ]
      },
      "properties": {
        "id": "070E18365CAM1RHS",
        "title": "I-70 MP 183.65 EB : 4.5 miles E of Big Horn Rd in Vail",
        "snapshotUrl": "https://cocam.carsprogram.org/Snapshots/070E18365CAM1RHS.flv.png",
        "streamUrl": "https://publicstreamer1.cotrip.org:443/rtplive/070E18365CAM1RHS/playlist.m3u8",
        "cameraCode": "070E18365CAM1RHS",
        "source": "COtrip",
        "state": "Colorado"
      }
    },
    {
      "type": "Feature",
      "geometry": {
        "type": "Point",
        "coordinates": [
          -106.24956,
          39.57973
        ]
      },
      "properties": {
        "id": "070E18610CAM1RHS",
        "title": "I-70 MP 186.10 EB : 3.5 miles W of Vail Pass Summit",
        "snapshotUrl": "https://cocam.carsprogram.org/Snapshots/070E18610CAM1RHS.flv.png",
        "streamUrl": "https://publicstreamer1.cotrip.org:443/rtplive/070E18610CAM1RHS/playlist.m3u8",
        "cameraCode": "070E18610CAM1RHS",
        "source": "COtrip",
        "state": "Colorado"
      }
    },
    {
      "type": "Feature",
      "geometry": {
        "type": "Point",
        "coordinates": [
          -106.24842,
          39.57617
        ]
      },
      "properties": {
        "id": "070E18635CAM1RHS",
        "title": "I-70 MP 186.35 EB : 3.3 miles W of Vail Pass Summit",
        "snapshotUrl": "https://cocam.carsprogram.org/Snapshots/070E18635CAM1RHS.flv.png",
        "streamUrl": "https://publicstreamer3.cotrip.org:443/rtplive/070E18635CAM1RHS/playlist.m3u8",
        "cameraCode": "070E18635CAM1RHS",
        "source": "COtrip",
        "state": "Colorado"
      }
    },
    {
      "type": "Feature",
      "geometry": {
        "type": "Point",
        "coordinates": [
          -106.2423,
          39.57125
        ]
      },
      "properties": {
        "id": "070W18680CAM1RHS",
        "title": "I-70 MP 186.80 WB : 3.1 miles W of Vail Pass Summit",
        "snapshotUrl": "https://cocam.carsprogram.org/Snapshots/070W18680CAM1RHS.flv.png",
        "streamUrl": "https://publicstreamer3.cotrip.org:443/rtplive/070W18680CAM1RHS/playlist.m3u8",
        "cameraCode": "070W18680CAM1RHS",
        "source": "COtrip",
        "state": "Colorado"
      }
    },
    {
      "type": "Feature",
      "geometry": {
        "type": "Point",
        "coordinates": [
          -106.23739,
          39.56594
        ]
      },
      "properties": {
        "id": "070W18725CAM1RHS",
        "title": "I-70 MP 187.25 WB : 2.6 miles W of Vail Pass Summit",
        "snapshotUrl": "https://cocam.carsprogram.org/Snapshots/070W18725CAM1RHS.flv.png",
        "streamUrl": "https://publicstreamer2.cotrip.org:443/rtplive/070W18725CAM1RHS/playlist.m3u8",
        "cameraCode": "070W18725CAM1RHS",
        "source": "COtrip",
        "state": "Colorado"
      }
    },
    {
      "type": "Feature",
      "geometry": {
        "type": "Point",
        "coordinates": [
          -106.23257,
          39.5591
        ]
      },
      "properties": {
        "id": "070E18780CAM1RHS",
        "title": "I-70 MP 187.80 EB : 2.1 miles W of Vail Pass Summit",
        "snapshotUrl": "https://cocam.carsprogram.org/Snapshots/070E18780CAM1RHS.flv.png",
        "streamUrl": "https://publicstreamer3.cotrip.org:443/rtplive/070E18780CAM1RHS/playlist.m3u8",
        "cameraCode": "070E18780CAM1RHS",
        "source": "COtrip",
        "state": "Colorado"
      }
    },
    {
      "type": "Feature",
      "geometry": {
        "type": "Point",
        "coordinates": [
          -106.21765,
          39.54395
        ]
      },
      "properties": {
        "id": "070W18915CAM1GP2",
        "title": "I-70 MP 189.15 WB : 1.0 mile W of Vail Pass Summit",
        "snapshotUrl": "https://cocam.carsprogram.org/Snapshots/070W18915CAM1GP2.flv.png",
        "streamUrl": "https://publicstreamer1.cotrip.org:443/rtplive/070W18915CAM1GP2/playlist.m3u8",
        "cameraCode": "070W18915CAM1GP2",
        "source": "COtrip",
        "state": "Colorado"
      }
    },
    {
      "type": "Feature",
      "geometry": {
        "type": "Point",
        "coordinates": [
          -106.21543,
          39.54055
        ]
      },
      "properties": {
        "id": "070E18945CAM1LHS",
        "title": "I-70 MP 189.45 EB : 0.7 miles W of Vail Pass Summit",
        "snapshotUrl": "https://cocam.carsprogram.org/Snapshots/070E18945CAM1LHS.flv.png",
        "streamUrl": "https://publicstreamer3.cotrip.org:443/rtplive/070E18945CAM1LHS/playlist.m3u8",
        "cameraCode": "070E18945CAM1LHS",
        "source": "COtrip",
        "state": "Colorado"
      }
    },
    {
      "type": "Feature",
      "geometry": {
        "type": "Point",
        "coordinates": [
          -106.21516,
          39.53976
        ]
      },
      "properties": {
        "id": "070W18945CAM1RHS",
        "title": "I-70 MP 189.45 WB : 0.7 miles W of Vail Pass Summit",
        "snapshotUrl": "https://cocam.carsprogram.org/Snapshots/070W18945CAM1RHS.flv.png",
        "streamUrl": "https://publicstreamer4.cotrip.org:443/rtplive/070W18945CAM1RHS/playlist.m3u8",
        "cameraCode": "070W18945CAM1RHS",
        "source": "COtrip",
        "state": "Colorado"
      }
    },
    {
      "type": "Feature",
      "geometry": {
        "type": "Point",
        "coordinates": [
          -106.21727,
          39.52942
        ]
      },
      "properties": {
        "id": "070E19010CAM1RP1",
        "title": "I-70 MP 190.10 EB at Vail Pass Summit",
        "snapshotUrl": "https://cocam.carsprogram.org/Snapshots/070E19010CAM1RP1.flv.png",
        "streamUrl": "https://publicstreamer1.cotrip.org:443/rtplive/070E19010CAM1RP1/playlist.m3u8",
        "cameraCode": "070E19010CAM1RP1",
        "source": "COtrip",
        "state": "Colorado"
      }
    },
    {
      "type": "Feature",
      "geometry": {
        "type": "Point",
        "coordinates": [
          -106.2153,
          39.52512
        ]
      },
      "properties": {
        "id": "070W19045CAM1GP1",
        "title": "I-70 MP 190.45 WB : 0.4 miles E of Vail Pass Summit",
        "snapshotUrl": "https://cocam.carsprogram.org/Snapshots/070W19045CAM1GP1.flv.png",
        "streamUrl": "https://publicstreamer3.cotrip.org:443/rtplive/070W19045CAM1GP1/playlist.m3u8",
        "cameraCode": "070W19045CAM1GP1",
        "source": "COtrip",
        "state": "Colorado"
      }
    },
    {
      "type": "Feature",
      "geometry": {
        "type": "Point",
        "coordinates": [
          -106.20159,
          39.50922
        ]
      },
      "properties": {
        "id": "070W19175CAM1RHS",
        "title": "I-70 MP 191.75 WB : 1.6 miles E of Vail Pass Summit",
        "snapshotUrl": "https://cocam.carsprogram.org/Snapshots/070W19175CAM1RHS.flv.png",
        "streamUrl": "https://publicstreamer2.cotrip.org:443/rtplive/070W19175CAM1RHS/playlist.m3u8",
        "cameraCode": "070W19175CAM1RHS",
        "source": "COtrip",
        "state": "Colorado"
      }
    },
    {
      "type": "Feature",
      "geometry": {
        "type": "Point",
        "coordinates": [
          -106.19981,
          39.50739
        ]
      },
      "properties": {
        "id": "070W19210CAM1RHS",
        "title": "I-70 MP 192.10 WB : 1.8 miles E Vail Pass Summit",
        "snapshotUrl": "https://cocam.carsprogram.org/Snapshots/070W19210CAM1RHS.flv.png",
        "streamUrl": "https://publicstreamer2.cotrip.org:443/rtplive/070W19210CAM1RHS/playlist.m3u8",
        "cameraCode": "070W19210CAM1RHS",
        "source": "COtrip",
        "state": "Colorado"
      }
    },
    {
      "type": "Feature",
      "geometry": {
        "type": "Point",
        "coordinates": [
          -106.18063,
          39.50553
        ]
      },
      "properties": {
        "id": "070W19310CAM1RHS",
        "title": "I-70 MP 193.10 WB : 2.0 miles W of CO 91 Copper Mountain",
        "snapshotUrl": "https://cocam.carsprogram.org/Snapshots/070W19310CAM1RHS.flv.png",
        "streamUrl": "https://publicstreamer4.cotrip.org:443/rtplive/070W19310CAM1RHS/playlist.m3u8",
        "cameraCode": "070W19310CAM1RHS",
        "source": "COtrip",
        "state": "Colorado"
      }
    },
    {
      "type": "Feature",
      "geometry": {
        "type": "Point",
        "coordinates": [
          -106.14346,
          39.50647
        ]
      },
      "properties": {
        "id": "070E19525CAM2RHS",
        "title": "I-70 MP 195.25 EB at CO 91 in Copper Mountain",
        "snapshotUrl": "https://cocam.carsprogram.org/Snapshots/070E19525CAM2RHS.flv.png",
        "streamUrl": "https://publicstreamer4.cotrip.org:443/rtplive/070E19525CAM2RHS/playlist.m3u8",
        "cameraCode": "070E19525CAM2RHS",
        "source": "COtrip",
        "state": "Colorado"
      }
    },
    {
      "type": "Feature",
      "geometry": {
        "type": "Point",
        "coordinates": [
          -106.14549,
          39.51497
        ]
      },
      "properties": {
        "id": "070W19585CAM1MED",
        "title": "I-70 MP 195.85 WB : 0.6 miles E of CO 91 Copper Mountain",
        "snapshotUrl": "https://cocam.carsprogram.org/Snapshots/070W19585CAM1MED.flv.png",
        "streamUrl": "https://publicstreamer4.cotrip.org:443/rtplive/070W19585CAM1MED/playlist.m3u8",
        "cameraCode": "070W19585CAM1MED",
        "source": "COtrip",
        "state": "Colorado"
      }
    },
    {
      "type": "Feature",
      "geometry": {
        "type": "Point",
        "coordinates": [
          -106.14344,
          39.53691
        ]
      },
      "properties": {
        "id": "070W19780CAM1RHS",
        "title": "I-70 MP 197.80 WB at Officers Gulch",
        "snapshotUrl": "https://cocam.carsprogram.org/Snapshots/070W19780CAM1RHS.flv.png",
        "streamUrl": "https://publicstreamer1.cotrip.org:443/rtplive/070W19780CAM1RHS/playlist.m3u8",
        "cameraCode": "070W19780CAM1RHS",
        "source": "COtrip",
        "state": "Colorado"
      }
    },
    {
      "type": "Feature",
      "geometry": {
        "type": "Point",
        "coordinates": [
          -106.13907,
          39.54418
        ]
      },
      "properties": {
        "id": "070E19840CAM1RHS",
        "title": "I-70 MP 198.40 EB : 0.5 miles E of Officers Gulch",
        "snapshotUrl": "https://cocam.carsprogram.org/Snapshots/070E19840CAM1RHS.flv.png",
        "streamUrl": "https://publicstreamer4.cotrip.org:443/rtplive/070E19840CAM1RHS/playlist.m3u8",
        "cameraCode": "070E19840CAM1RHS",
        "source": "COtrip",
        "state": "Colorado"
      }
    },
    {
      "type": "Feature",
      "geometry": {
        "type": "Point",
        "coordinates": [
          -106.13833,
          39.54834
        ]
      },
      "properties": {
        "id": "070W19870CAM1RHS",
        "title": "I-70 MP 198.70 WB : 0.8 miles E of Officers Gulch",
        "snapshotUrl": "https://cocam.carsprogram.org/Snapshots/070W19870CAM1RHS.flv.png",
        "streamUrl": "https://publicstreamer4.cotrip.org:443/rtplive/070W19870CAM1RHS/playlist.m3u8",
        "cameraCode": "070W19870CAM1RHS",
        "source": "COtrip",
        "state": "Colorado"
      }
    },
    {
      "type": "Feature",
      "geometry": {
        "type": "Point",
        "coordinates": [
          -106.12958,
          39.56317
        ]
      },
      "properties": {
        "id": "070W19960CAM1RHS",
        "title": "I-70 MP 199.60 WB : 1.3 miles W of Main St in Frisco",
        "snapshotUrl": "https://cocam.carsprogram.org/Snapshots/070W19960CAM1RHS.flv.png",
        "streamUrl": "https://publicstreamer4.cotrip.org:443/rtplive/070W19960CAM1RHS/playlist.m3u8",
        "cameraCode": "070W19960CAM1RHS",
        "source": "COtrip",
        "state": "Colorado"
      }
    },
    {
      "type": "Feature",
      "geometry": {
        "type": "Point",
        "coordinates": [
          -106.11324,
          39.57311
        ]
      },
      "properties": {
        "id": "070E20075CAM1RHS",
        "title": "I-70 MP 200.75 EB : 0.2 miles W of Main St in Frisco",
        "snapshotUrl": "https://cocam.carsprogram.org/Snapshots/070E20075CAM1RHS.flv.png",
        "streamUrl": "https://publicstreamer1.cotrip.org:443/rtplive/070E20075CAM1RHS/playlist.m3u8",
        "cameraCode": "070E20075CAM1RHS",
        "source": "COtrip",
        "state": "Colorado"
      }
    },
    {
      "type": "Feature",
      "geometry": {
        "type": "Point",
        "coordinates": [
          -106.10909,
          39.58389
        ]
      },
      "properties": {
        "id": "070E20145CAM1GP2",
        "title": "I-70 MP 201.45 EB : 0.6 miles E of Main St in Frisco",
        "snapshotUrl": "https://cocam.carsprogram.org/Snapshots/070E20145CAM1GP2.flv.png",
        "streamUrl": "https://publicstreamer3.cotrip.org:443/rtplive/070E20145CAM1GP2/playlist.m3u8",
        "cameraCode": "070E20145CAM1GP2",
        "source": "COtrip",
        "state": "Colorado"
      }
    },
    {
      "type": "Feature",
      "geometry": {
        "type": "Point",
        "coordinates": [
          -106.09606,
          39.59224
        ]
      },
      "properties": {
        "id": "070E20235CAM1RP1",
        "title": "I-70 MP 202.35 EB at CO 9 in Frisco",
        "snapshotUrl": "https://cocam.carsprogram.org/Snapshots/070E20235CAM1RP1.flv.png",
        "streamUrl": "https://publicstreamer3.cotrip.org:443/rtplive/070E20235CAM1RP1/playlist.m3u8",
        "cameraCode": "070E20235CAM1RP1",
        "source": "COtrip",
        "state": "Colorado"
      }
    },
    {
      "type": "Feature",
      "geometry": {
        "type": "Point",
        "coordinates": [
          -106.08568,
          39.60247
        ]
      },
      "properties": {
        "id": "070E20320CAM1RP1",
        "title": "I-70 MP 203.20 EB : 0.9 miles E of CO 9 in Frisco",
        "snapshotUrl": "https://cocam.carsprogram.org/Snapshots/070E20320CAM1RP1.flv.png",
        "streamUrl": "https://publicstreamer3.cotrip.org:443/rtplive/070E20320CAM1RP1/playlist.m3u8",
        "cameraCode": "070E20320CAM1RP1",
        "source": "COtrip",
        "state": "Colorado"
      }
    },
    {
      "type": "Feature",
      "geometry": {
        "type": "Point",
        "coordinates": [
          -106.07284,
          39.61981
        ]
      },
      "properties": {
        "id": "070E20465CAM1GP2",
        "title": "I-70 MP 204.65 EB : 0.7 miles W of US 6/CO 9 in Silverthorne",
        "snapshotUrl": "https://cocam.carsprogram.org/Snapshots/070E20465CAM1GP2.flv.png",
        "streamUrl": "https://publicstreamer3.cotrip.org:443/rtplive/070E20465CAM1GP2/playlist.m3u8",
        "cameraCode": "070E20465CAM1GP2",
        "source": "COtrip",
        "state": "Colorado"
      }
    },
    {
      "type": "Feature",
      "geometry": {
        "type": "Point",
        "coordinates": [
          -106.07185,
          39.62449
        ]
      },
      "properties": {
        "id": "070W20495CAM1MED",
        "title": "I-70 MP 204.95 EB : 0.4 miles W of US 6/CO 9 in Silverthorne",
        "snapshotUrl": "https://cocam.carsprogram.org/Snapshots/070W20495CAM1MED.flv.png",
        "streamUrl": "https://publicstreamer4.cotrip.org:443/rtplive/070W20495CAM1MED/playlist.m3u8",
        "cameraCode": "070W20495CAM1MED",
        "source": "COtrip",
        "state": "Colorado"
      }
    },
    {
      "type": "Feature",
      "geometry": {
        "type": "Point",
        "coordinates": [
          -106.06273,
          39.63075
        ]
      },
      "properties": {
        "id": "070W20575CAM1RHS",
        "title": "I-70 MP 205.75 WB : 0.3 miles E of US 6/CO 9 in Silverthorne",
        "snapshotUrl": "https://cocam.carsprogram.org/Snapshots/070W20575CAM1RHS.flv.png",
        "streamUrl": "https://publicstreamer2.cotrip.org:443/rtplive/070W20575CAM1RHS/playlist.m3u8",
        "cameraCode": "070W20575CAM1RHS",
        "source": "COtrip",
        "state": "Colorado"
      }
    },
    {
      "type": "Feature",
      "geometry": {
        "type": "Point",
        "coordinates": [
          -106.0454,
          39.63972
        ]
      },
      "properties": {
        "id": "070E20685CAM1MED",
        "title": "I-70 MP 206.85 EB : 1.4 miles E of US 6/CO 9 in Silverthorne",
        "snapshotUrl": "https://cocam.carsprogram.org/Snapshots/070E20685CAM1MED.flv.png",
        "streamUrl": "https://publicstreamer3.cotrip.org:443/rtplive/070E20685CAM1MED/playlist.m3u8",
        "cameraCode": "070E20685CAM1MED",
        "source": "COtrip",
        "state": "Colorado"
      }
    },
    {
      "type": "Feature",
      "geometry": {
        "type": "Point",
        "coordinates": [
          -106.04239,
          39.64138
        ]
      },
      "properties": {
        "id": "070W20705CAM1RHS",
        "title": "I-70 MP 207.05 WB : 1.6 miles E of US 6/CO 9 in Silverthorne",
        "snapshotUrl": "https://cocam.carsprogram.org/Snapshots/070W20705CAM1RHS.flv.png",
        "streamUrl": "https://publicstreamer3.cotrip.org:443/rtplive/070W20705CAM1RHS/playlist.m3u8",
        "cameraCode": "070W20705CAM1RHS",
        "source": "COtrip",
        "state": "Colorado"
      }
    },
    {
      "type": "Feature",
      "geometry": {
        "type": "Point",
        "coordinates": [
          -106.02643,
          39.64654
        ]
      },
      "properties": {
        "id": "070W20800CAM1RHS",
        "title": "I-70 MP 208.00 WB : 2.4 miles E of US 6/CO 9 in Silverthorne",
        "snapshotUrl": "https://cocam.carsprogram.org/Snapshots/070W20800CAM1RHS.flv.png",
        "streamUrl": "https://publicstreamer3.cotrip.org:443/rtplive/070W20800CAM1RHS/playlist.m3u8",
        "cameraCode": "070W20800CAM1RHS",
        "source": "COtrip",
        "state": "Colorado"
      }
    },
    {
      "type": "Feature",
      "geometry": {
        "type": "Point",
        "coordinates": [
          -106.00886,
          39.65359
        ]
      },
      "properties": {
        "id": "070W20890CAM1RHS-1",
        "title": "I-70 MP 208.90 WB : 3.3 miles E of US 6/CO 9 1 in Silverthorne",
        "snapshotUrl": "https://cocam.carsprogram.org/Snapshots/070W20890CAM1RHS-1.flv.png",
        "streamUrl": "https://publicstreamer4.cotrip.org:443/rtplive/070W20890CAM1RHS-1/playlist.m3u8",
        "cameraCode": "070W20890CAM1RHS-1",
        "source": "COtrip",
        "state": "Colorado"
      }
    },
    {
      "type": "Feature",
      "geometry": {
        "type": "Point",
        "coordinates": [
          -106.00886,
          39.65359
        ]
      },
      "properties": {
        "id": "070W20890CAM1RHS-2",
        "title": "I-70 MP 208.90 WB : 3.3 miles E of US 6/CO 9 2 in Silverthorne",
        "snapshotUrl": "https://cocam.carsprogram.org/Snapshots/070W20890CAM1RHS-2.flv.png",
        "streamUrl": "https://publicstreamer2.cotrip.org:443/rtplive/070W20890CAM1RHS-2/playlist.m3u8",
        "cameraCode": "070W20890CAM1RHS-2",
        "source": "COtrip",
        "state": "Colorado"
      }
    },
    {
      "type": "Feature",
      "geometry": {
        "type": "Point",
        "coordinates": [
          -106.00886,
          39.65359
        ]
      },
      "properties": {
        "id": "070W20890CAM1RHS-3",
        "title": "I-70 MP 208.90 WB : 3.3 miles E of US 6/CO 9 3 in Silverthorne",
        "snapshotUrl": "https://cocam.carsprogram.org/Snapshots/070W20890CAM1RHS-3.flv.png",
        "streamUrl": "https://publicstreamer3.cotrip.org:443/rtplive/070W20890CAM1RHS-3/playlist.m3u8",
        "cameraCode": "070W20890CAM1RHS-3",
        "source": "COtrip",
        "state": "Colorado"
      }
    },
    {
      "type": "Feature",
      "geometry": {
        "type": "Point",
        "coordinates": [
          -106.00886,
          39.65359
        ]
      },
      "properties": {
        "id": "070W20890CAM1RHS-4",
        "title": "I-70 MP 208.90 WB : 3.3 miles E of US 6/CO 9 4 in Silverthorne",
        "snapshotUrl": "https://cocam.carsprogram.org/Snapshots/070W20890CAM1RHS-4.flv.png",
        "streamUrl": "https://publicstreamer1.cotrip.org:443/rtplive/070W20890CAM1RHS-4/playlist.m3u8",
        "cameraCode": "070W20890CAM1RHS-4",
        "source": "COtrip",
        "state": "Colorado"
      }
    },
    {
      "type": "Feature",
      "geometry": {
        "type": "Point",
        "coordinates": [
          -106.00886,
          39.65359
        ]
      },
      "properties": {
        "id": "070W20890CAM2RHS",
        "title": "I-70 MP 208.90 WB : 3.3 miles E of US 6/CO 9 in Silverthorne",
        "snapshotUrl": "https://cocam.carsprogram.org/Snapshots/070W20890CAM2RHS.flv.png",
        "streamUrl": "https://publicstreamer3.cotrip.org:443/rtplive/070W20890CAM2RHS/playlist.m3u8",
        "cameraCode": "070W20890CAM2RHS",
        "source": "COtrip",
        "state": "Colorado"
      }
    },
    {
      "type": "Feature",
      "geometry": {
        "type": "Point",
        "coordinates": [
          -105.99598,
          39.65664
        ]
      },
      "properties": {
        "id": "070W20985CAM1RHS",
        "title": "I-70 MP 209.85 WB : 3.8 miles W of Eisenhower Tunnel",
        "snapshotUrl": "https://cocam.carsprogram.org/Snapshots/070W20985CAM1RHS.flv.png",
        "streamUrl": "https://publicstreamer2.cotrip.org:443/rtplive/070W20985CAM1RHS/playlist.m3u8",
        "cameraCode": "070W20985CAM1RHS",
        "source": "COtrip",
        "state": "Colorado"
      }
    },
    {
      "type": "Feature",
      "geometry": {
        "type": "Point",
        "coordinates": [
          -105.98276,
          39.66205
        ]
      },
      "properties": {
        "id": "070E21065CAM1RHS",
        "title": "I-70 MP 210.65 EB : 2.9 miles W of Eisenhower Tunnel",
        "snapshotUrl": "https://cocam.carsprogram.org/Snapshots/070E21065CAM1RHS.flv.png",
        "streamUrl": "https://publicstreamer3.cotrip.org:443/rtplive/070E21065CAM1RHS/playlist.m3u8",
        "cameraCode": "070E21065CAM1RHS",
        "source": "COtrip",
        "state": "Colorado"
      }
    },
    {
      "type": "Feature",
      "geometry": {
        "type": "Point",
        "coordinates": [
          -105.96589,
          39.67405
        ]
      },
      "properties": {
        "id": "070W21180CAM1RHS",
        "title": "I-70 MP 211.80 WB : 1.7 miles W of Eisenhower Tunnel",
        "snapshotUrl": "https://cocam.carsprogram.org/Snapshots/070W21180CAM1RHS.flv.png",
        "streamUrl": "https://publicstreamer2.cotrip.org:443/rtplive/070W21180CAM1RHS/playlist.m3u8",
        "cameraCode": "070W21180CAM1RHS",
        "source": "COtrip",
        "state": "Colorado"
      }
    },
    {
      "type": "Feature",
      "geometry": {
        "type": "Point",
        "coordinates": [
          -105.93889,
          39.67747
        ]
      },
      "properties": {
        "id": "070E21345CAM1RHS-T",
        "title": "I-70 MP 213.45 EB : 0.1 miles W of Eisenhower Tunnel",
        "snapshotUrl": "https://cocam.carsprogram.org/Snapshots/070E21345CAM1RHS-T.flv.png",
        "streamUrl": "https://publicstreamer4.cotrip.org:443/rtplive/070E21345CAM1RHS-T/playlist.m3u8",
        "cameraCode": "070E21345CAM1RHS-T",
        "source": "COtrip",
        "state": "Colorado"
      }
    },
    {
      "type": "Feature",
      "geometry": {
        "type": "Point",
        "coordinates": [
          -105.93889,
          39.67747
        ]
      },
      "properties": {
        "id": "070E21345CAM1RHS-V",
        "title": "I-70 MP 213.45 EB : 0.1 miles W of Eisenhower Tunnel",
        "snapshotUrl": "https://cocam.carsprogram.org/Snapshots/070E21345CAM1RHS-V.flv.png",
        "streamUrl": "https://publicstreamer1.cotrip.org:443/rtplive/070E21345CAM1RHS-V/playlist.m3u8",
        "cameraCode": "070E21345CAM1RHS-V",
        "source": "COtrip",
        "state": "Colorado"
      }
    },
    {
      "type": "Feature",
      "geometry": {
        "type": "Point",
        "coordinates": [
          -105.89888,
          39.68094
        ]
      },
      "properties": {
        "id": "070E21560CAM1GP2",
        "title": "I-70 MP 215.60 EB : 0.3 miles E of Eisenhower Tunnel",
        "snapshotUrl": "https://cocam.carsprogram.org/Snapshots/070E21560CAM1GP2.flv.png",
        "streamUrl": "https://publicstreamer4.cotrip.org:443/rtplive/070E21560CAM1GP2/playlist.m3u8",
        "cameraCode": "070E21560CAM1GP2",
        "source": "COtrip",
        "state": "Colorado"
      }
    },
    {
      "type": "Feature",
      "geometry": {
        "type": "Point",
        "coordinates": [
          -105.89355,
          39.68186
        ]
      },
      "properties": {
        "id": "070W21590CAM1RHS",
        "title": "I-70 MP 215.90 WB : 0.7 miles E of Eisenhower Tunnel",
        "snapshotUrl": "https://cocam.carsprogram.org/Snapshots/070W21590CAM1RHS.flv.png",
        "streamUrl": "https://publicstreamer1.cotrip.org:443/rtplive/070W21590CAM1RHS/playlist.m3u8",
        "cameraCode": "070W21590CAM1RHS",
        "source": "COtrip",
        "state": "Colorado"
      }
    },
    {
      "type": "Feature",
      "geometry": {
        "type": "Point",
        "coordinates": [
          -105.88261,
          39.68473
        ]
      },
      "properties": {
        "id": "070E21660CAM1RHS-2",
        "title": "I-70 MP 216.60 EB : 0.4 miles E of US 6 Loveland Pass 2",
        "snapshotUrl": "/images/icon-camera-closed-fill-solid-padded.svg",
        "streamUrl": "https://publicstreamer3.cotrip.org:443/rtplive/070E21660CAM1RHS-2/playlist.m3u8",
        "cameraCode": "070E21660CAM1RHS-2",
        "source": "COtrip",
        "state": "Colorado"
      }
    },
    {
      "type": "Feature",
      "geometry": {
        "type": "Point",
        "coordinates": [
          -105.88261,
          39.68473
        ]
      },
      "properties": {
        "id": "070E21660CAM1RHS-3",
        "title": "I-70 MP 216.60 EB : 0.4 miles E of US 6 Loveland Pass 3",
        "snapshotUrl": "/images/icon-camera-closed-fill-solid-padded.svg",
        "streamUrl": "https://publicstreamer1.cotrip.org:443/rtplive/070E21660CAM1RHS-3/playlist.m3u8",
        "cameraCode": "070E21660CAM1RHS-3",
        "source": "COtrip",
        "state": "Colorado"
      }
    },
    {
      "type": "Feature",
      "geometry": {
        "type": "Point",
        "coordinates": [
          -105.88261,
          39.68473
        ]
      },
      "properties": {
        "id": "070E21660CAM1RHS-4",
        "title": "I-70 MP 216.60 EB : 0.4 miles E of US 6 Loveland Pass 4",
        "snapshotUrl": "/images/icon-camera-closed-fill-solid-padded.svg",
        "streamUrl": "https://publicstreamer3.cotrip.org:443/rtplive/070E21660CAM1RHS-4/playlist.m3u8",
        "cameraCode": "070E21660CAM1RHS-4",
        "source": "COtrip",
        "state": "Colorado"
      }
    },
    {
      "type": "Feature",
      "geometry": {
        "type": "Point",
        "coordinates": [
          -105.87317,
          39.69658
        ]
      },
      "properties": {
        "id": "070W21740CAM1GP2",
        "title": "I-70 MP 217.40 WB : 1.0 mile W of Herman Gulch Rd",
        "snapshotUrl": "https://cocam.carsprogram.org/Snapshots/070W21740CAM1GP2.flv.png",
        "streamUrl": "https://publicstreamer1.cotrip.org:443/rtplive/070W21740CAM1GP2/playlist.m3u8",
        "cameraCode": "070W21740CAM1GP2",
        "source": "COtrip",
        "state": "Colorado"
      }
    },
    {
      "type": "Feature",
      "geometry": {
        "type": "Point",
        "coordinates": [
          -105.86603,
          39.70001
        ]
      },
      "properties": {
        "id": "070E21785CAM1RHS",
        "title": "I-70 MP 217.85 EB : 0.6 miles W of Herman Gulch Rd",
        "snapshotUrl": "https://cocam.carsprogram.org/Snapshots/070E21785CAM1RHS.flv.png",
        "streamUrl": "https://publicstreamer1.cotrip.org:443/rtplive/070E21785CAM1RHS/playlist.m3u8",
        "cameraCode": "070E21785CAM1RHS",
        "source": "COtrip",
        "state": "Colorado"
      }
    },
    {
      "type": "Feature",
      "geometry": {
        "type": "Point",
        "coordinates": [
          -105.83282,
          39.69867
        ]
      },
      "properties": {
        "id": "070W21970CAM1RHS",
        "title": "I-70 MP 219.70 WB : 1.3 miles E of Herman Gulch Rd",
        "snapshotUrl": "https://cocam.carsprogram.org/Snapshots/070W21970CAM1RHS.flv.png",
        "streamUrl": "https://publicstreamer1.cotrip.org:443/rtplive/070W21970CAM1RHS/playlist.m3u8",
        "cameraCode": "070W21970CAM1RHS",
        "source": "COtrip",
        "state": "Colorado"
      }
    },
    {
      "type": "Feature",
      "geometry": {
        "type": "Point",
        "coordinates": [
          -105.82109,
          39.69359
        ]
      },
      "properties": {
        "id": "070W22045CAM1RHS",
        "title": "I-70 MP 220.45 WB : 0.9 miles W of Stevens Gulch Rd in Bakerville",
        "snapshotUrl": "https://cocam.carsprogram.org/Snapshots/070W22045CAM1RHS.flv.png",
        "streamUrl": "https://publicstreamer2.cotrip.org:443/rtplive/070W22045CAM1RHS/playlist.m3u8",
        "cameraCode": "070W22045CAM1RHS",
        "source": "COtrip",
        "state": "Colorado"
      }
    },
    {
      "type": "Feature",
      "geometry": {
        "type": "Point",
        "coordinates": [
          -105.80532,
          39.6922
        ]
      },
      "properties": {
        "id": "070E22130CAM1RP1",
        "title": "I-70 MP 221.30 EB at Stevens Gulch Rd in Bakerville",
        "snapshotUrl": "https://cocam.carsprogram.org/Snapshots/070E22130CAM1RP1.flv.png",
        "streamUrl": "https://publicstreamer2.cotrip.org:443/rtplive/070E22130CAM1RP1/playlist.m3u8",
        "cameraCode": "070E22130CAM1RP1",
        "source": "COtrip",
        "state": "Colorado"
      }
    },
    {
      "type": "Feature",
      "geometry": {
        "type": "Point",
        "coordinates": [
          -105.78794,
          39.69479
        ]
      },
      "properties": {
        "id": "070W22225CAM1RHS",
        "title": "I-70 MP 222.25 WB : 1.1 miles E of Stevens Gulch Rd in Bakerville",
        "snapshotUrl": "https://cocam.carsprogram.org/Snapshots/070W22225CAM1RHS.flv.png",
        "streamUrl": "https://publicstreamer4.cotrip.org:443/rtplive/070W22225CAM1RHS/playlist.m3u8",
        "cameraCode": "070W22225CAM1RHS",
        "source": "COtrip",
        "state": "Colorado"
      }
    },
    {
      "type": "Feature",
      "geometry": {
        "type": "Point",
        "coordinates": [
          -105.78527,
          39.69457
        ]
      },
      "properties": {
        "id": "070W22240CAM1RHS",
        "title": "I-70 MP 222.40 WB : 1.2 miles E of Stevens Gulch Rd in Bakerville",
        "snapshotUrl": "https://cocam.carsprogram.org/Snapshots/070W22240CAM1RHS.flv.png",
        "streamUrl": "https://publicstreamer4.cotrip.org:443/rtplive/070W22240CAM1RHS/playlist.m3u8",
        "cameraCode": "070W22240CAM1RHS",
        "source": "COtrip",
        "state": "Colorado"
      }
    },
    {
      "type": "Feature",
      "geometry": {
        "type": "Point",
        "coordinates": [
          -105.77123,
          39.69545
        ]
      },
      "properties": {
        "id": "070W22320CAM1GP2",
        "title": "I-70 MP 223.20 WB : 1.9 miles E of Stevens Gulch Rd in Bakerville",
        "snapshotUrl": "https://cocam.carsprogram.org/Snapshots/070W22320CAM1GP2.flv.png",
        "streamUrl": "https://publicstreamer4.cotrip.org:443/rtplive/070W22320CAM1GP2/playlist.m3u8",
        "cameraCode": "070W22320CAM1GP2",
        "source": "COtrip",
        "state": "Colorado"
      }
    },
    {
      "type": "Feature",
      "geometry": {
        "type": "Point",
        "coordinates": [
          -105.76787,
          39.6963
        ]
      },
      "properties": {
        "id": "070W22335CAM1RHS",
        "title": "I-70 MP 223.35 WB : 2.1 miles E of Stevens Gulch Rd in Bakerville",
        "snapshotUrl": "https://cocam.carsprogram.org/Snapshots/070W22335CAM1RHS.flv.png",
        "streamUrl": "https://publicstreamer1.cotrip.org:443/rtplive/070W22335CAM1RHS/playlist.m3u8",
        "cameraCode": "070W22335CAM1RHS",
        "source": "COtrip",
        "state": "Colorado"
      }
    },
    {
      "type": "Feature",
      "geometry": {
        "type": "Point",
        "coordinates": [
          -105.75528,
          39.69668
        ]
      },
      "properties": {
        "id": "070W22405CAM1GP2",
        "title": "I-70 MP 224.05 WB : 2.0 miles W of Woodward St in Silver Plume",
        "snapshotUrl": "https://cocam.carsprogram.org/Snapshots/070W22405CAM1GP2.flv.png",
        "streamUrl": "https://publicstreamer1.cotrip.org:443/rtplive/070W22405CAM1GP2/playlist.m3u8",
        "cameraCode": "070W22405CAM1GP2",
        "source": "COtrip",
        "state": "Colorado"
      }
    },
    {
      "type": "Feature",
      "geometry": {
        "type": "Point",
        "coordinates": [
          -105.75495,
          39.69643
        ]
      },
      "properties": {
        "id": "070W22550CAM1RHS",
        "title": "I-70 MP 225.50 WB : 0.2 miles W of Woodward St in Silver Plume",
        "snapshotUrl": "https://cocam.carsprogram.org/Snapshots/070W22550CAM1RHS.flv.png",
        "streamUrl": "https://publicstreamer2.cotrip.org:443/rtplive/070W22550CAM1RHS/playlist.m3u8",
        "cameraCode": "070W22550CAM1RHS",
        "source": "COtrip",
        "state": "Colorado"
      }
    },
    {
      "type": "Feature",
      "geometry": {
        "type": "Point",
        "coordinates": [
          -105.72462,
          39.69561
        ]
      },
      "properties": {
        "id": "070W22580CAM1RHS",
        "title": "I-70 MP 225.80 WB : 0.1 miles E of Woodward St in Silver Plume",
        "snapshotUrl": "https://cocam.carsprogram.org/Snapshots/070W22580CAM1RHS.flv.png",
        "streamUrl": "https://publicstreamer2.cotrip.org:443/rtplive/070W22580CAM1RHS/playlist.m3u8",
        "cameraCode": "070W22580CAM1RHS",
        "source": "COtrip",
        "state": "Colorado"
      }
    },
    {
      "type": "Feature",
      "geometry": {
        "type": "Point",
        "coordinates": [
          -105.71081,
          39.69949
        ]
      },
      "properties": {
        "id": "070E22650CAM1RP1",
        "title": "I-70 MP 226.50 EB : 0.9 miles E of Woodward St in Silver Plume",
        "snapshotUrl": "https://cocam.carsprogram.org/Snapshots/070E22650CAM1RP1.flv.png",
        "streamUrl": "https://publicstreamer4.cotrip.org:443/rtplive/070E22650CAM1RP1/playlist.m3u8",
        "cameraCode": "070E22650CAM1RP1",
        "source": "COtrip",
        "state": "Colorado"
      }
    },
    {
      "type": "Feature",
      "geometry": {
        "type": "Point",
        "coordinates": [
          -105.70414,
          39.70397
        ]
      },
      "properties": {
        "id": "070E22700CAM1RHS",
        "title": "I-70 MP 227.00 EB : 0.9 miles W of 15th St in Georgetown",
        "snapshotUrl": "https://cocam.carsprogram.org/Snapshots/070E22700CAM1RHS.flv.png",
        "streamUrl": "https://publicstreamer4.cotrip.org:443/rtplive/070E22700CAM1RHS/playlist.m3u8",
        "cameraCode": "070E22700CAM1RHS",
        "source": "COtrip",
        "state": "Colorado"
      }
    },
    {
      "type": "Feature",
      "geometry": {
        "type": "Point",
        "coordinates": [
          -105.69703,
          39.71716
        ]
      },
      "properties": {
        "id": "070W22800CAM1RHS",
        "title": "I-70 MP 228.00 WB : 0.1 miles E of 15th St in Georgetown",
        "snapshotUrl": "https://cocam.carsprogram.org/Snapshots/070W22800CAM1RHS.flv.png",
        "streamUrl": "https://publicstreamer4.cotrip.org:443/rtplive/070W22800CAM1RHS/playlist.m3u8",
        "cameraCode": "070W22800CAM1RHS",
        "source": "COtrip",
        "state": "Colorado"
      }
    },
    {
      "type": "Feature",
      "geometry": {
        "type": "Point",
        "coordinates": [
          -105.69544,
          39.72433
        ]
      },
      "properties": {
        "id": "070W22850CAM1RP1",
        "title": "I-70 MP 228.50 WB at Georgetown Truck Parking W",
        "snapshotUrl": "https://cocam.carsprogram.org/Snapshots/070W22850CAM1RP1.flv.png",
        "streamUrl": "https://publicstreamer2.cotrip.org:443/rtplive/070W22850CAM1RP1/playlist.m3u8",
        "cameraCode": "070W22850CAM1RP1",
        "source": "COtrip",
        "state": "Colorado"
      }
    },
    {
      "type": "Feature",
      "geometry": {
        "type": "Point",
        "coordinates": [
          -105.69501,
          39.7255
        ]
      },
      "properties": {
        "id": "070W22860CAM1RP1",
        "title": "I-70 MP 228.60 WB at Georgetown Truck Parking E",
        "snapshotUrl": "https://cocam.carsprogram.org/Snapshots/070W22860CAM1RP1.flv.png",
        "streamUrl": "https://publicstreamer4.cotrip.org:443/rtplive/070W22860CAM1RP1/playlist.m3u8",
        "cameraCode": "070W22860CAM1RP1",
        "source": "COtrip",
        "state": "Colorado"
      }
    },
    {
      "type": "Feature",
      "geometry": {
        "type": "Point",
        "coordinates": [
          -105.69371,
          39.72827
        ]
      },
      "properties": {
        "id": "070W22880CAM1RHS",
        "title": "I-70 MP 228.80 WB : 0.9 miles E of 15th St in Georgetown",
        "snapshotUrl": "https://cocam.carsprogram.org/Snapshots/070W22880CAM1RHS.flv.png",
        "streamUrl": "https://publicstreamer1.cotrip.org:443/rtplive/070W22880CAM1RHS/playlist.m3u8",
        "cameraCode": "070W22880CAM1RHS",
        "source": "COtrip",
        "state": "Colorado"
      }
    },
    {
      "type": "Feature",
      "geometry": {
        "type": "Point",
        "coordinates": [
          -105.68684,
          39.73766
        ]
      },
      "properties": {
        "id": "070W22960CAM1RHS",
        "title": "I-70 MP 229.60 WB : 1.7 miles E of 15th St in Georgetown",
        "snapshotUrl": "https://cocam.carsprogram.org/Snapshots/070W22960CAM1RHS.flv.png",
        "streamUrl": "https://publicstreamer3.cotrip.org:443/rtplive/070W22960CAM1RHS/playlist.m3u8",
        "cameraCode": "070W22960CAM1RHS",
        "source": "COtrip",
        "state": "Colorado"
      }
    },
    {
      "type": "Feature",
      "geometry": {
        "type": "Point",
        "coordinates": [
          -105.67604,
          39.74642
        ]
      },
      "properties": {
        "id": "070E23045CAM1MED",
        "title": "I-70 MP 230.45 EB : 1.4 miles W of US 40",
        "snapshotUrl": "https://cocam.carsprogram.org/Snapshots/070E23045CAM1MED.flv.png",
        "streamUrl": "https://publicstreamer2.cotrip.org:443/rtplive/070E23045CAM1MED/playlist.m3u8",
        "cameraCode": "070E23045CAM1MED",
        "source": "COtrip",
        "state": "Colorado"
      }
    },
    {
      "type": "Feature",
      "geometry": {
        "type": "Point",
        "coordinates": [
          -105.66315,
          39.75177
        ]
      },
      "properties": {
        "id": "070W23125CAM1RHS",
        "title": "I-70 MP 231.25 WB : 0.6 miles W of US 40",
        "snapshotUrl": "https://cocam.carsprogram.org/Snapshots/070W23125CAM1RHS.flv.png",
        "streamUrl": "https://publicstreamer2.cotrip.org:443/rtplive/070W23125CAM1RHS/playlist.m3u8",
        "cameraCode": "070W23125CAM1RHS",
        "source": "COtrip",
        "state": "Colorado"
      }
    },
    {
      "type": "Feature",
      "geometry": {
        "type": "Point",
        "coordinates": [
          -105.58977,
          39.76429
        ]
      },
      "properties": {
        "id": "070E23175CAM1MED",
        "title": "I-70 MP 231.75 EB : 0.1 miles W of US 40",
        "snapshotUrl": "https://cocam.carsprogram.org/Snapshots/070E23175CAM1MED.flv.png",
        "streamUrl": "https://publicstreamer2.cotrip.org:443/rtplive/070E23175CAM1MED/playlist.m3u8",
        "cameraCode": "070E23175CAM1MED",
        "source": "COtrip",
        "state": "Colorado"
      }
    },
    {
      "type": "Feature",
      "geometry": {
        "type": "Point",
        "coordinates": [
          -105.65484,
          39.75866
        ]
      },
      "properties": {
        "id": "070E23190CAM1RHS",
        "title": "I-70 MP 231.90 EB at US 40",
        "snapshotUrl": "https://cocam.carsprogram.org/Snapshots/070E23190CAM1RHS.flv.png",
        "streamUrl": "https://publicstreamer2.cotrip.org:443/rtplive/070E23190CAM1RHS/playlist.m3u8",
        "cameraCode": "070E23190CAM1RHS",
        "source": "COtrip",
        "state": "Colorado"
      }
    },
    {
      "type": "Feature",
      "geometry": {
        "type": "Point",
        "coordinates": [
          -105.64428,
          39.76235
        ]
      },
      "properties": {
        "id": "070W23260CAM1MED",
        "title": "I-70 MP 232.60 WB : 0.7 miles E of US 40",
        "snapshotUrl": "https://cocam.carsprogram.org/Snapshots/070W23260CAM1MED.flv.png",
        "streamUrl": "https://publicstreamer4.cotrip.org:443/rtplive/070W23260CAM1MED/playlist.m3u8",
        "cameraCode": "070W23260CAM1MED",
        "source": "COtrip",
        "state": "Colorado"
      }
    },
    {
      "type": "Feature",
      "geometry": {
        "type": "Point",
        "coordinates": [
          -105.63099,
          39.7654
        ]
      },
      "properties": {
        "id": "070W23330CAM1RHS",
        "title": "I-70 MP 233.30 WB : 0.9 miles W of Mountain St in Dumont",
        "snapshotUrl": "https://cocam.carsprogram.org/Snapshots/070W23330CAM1RHS.flv.png",
        "streamUrl": "https://publicstreamer3.cotrip.org:443/rtplive/070W23330CAM1RHS/playlist.m3u8",
        "cameraCode": "070W23330CAM1RHS",
        "source": "COtrip",
        "state": "Colorado"
      }
    },
    {
      "type": "Feature",
      "geometry": {
        "type": "Point",
        "coordinates": [
          -105.62402,
          39.76666
        ]
      },
      "properties": {
        "id": "070W23365CAM1RHS",
        "title": "I-70 MP 233.65 WB : 0.7 miles W of Mountain St in Dumont",
        "snapshotUrl": "https://cocam.carsprogram.org/Snapshots/070W23365CAM1RHS.flv.png",
        "streamUrl": "https://publicstreamer2.cotrip.org:443/rtplive/070W23365CAM1RHS/playlist.m3u8",
        "cameraCode": "070W23365CAM1RHS",
        "source": "COtrip",
        "state": "Colorado"
      }
    },
    {
      "type": "Feature",
      "geometry": {
        "type": "Point",
        "coordinates": [
          -105.61405,
          39.76553
        ]
      },
      "properties": {
        "id": "070E23420CAM1MED",
        "title": "I-70 MP 234.20 EB at Mountain St in Dumont",
        "snapshotUrl": "https://cocam.carsprogram.org/Snapshots/070E23420CAM1MED.flv.png",
        "streamUrl": "https://publicstreamer3.cotrip.org:443/rtplive/070E23420CAM1MED/playlist.m3u8",
        "cameraCode": "070E23420CAM1MED",
        "source": "COtrip",
        "state": "Colorado"
      }
    },
    {
      "type": "Feature",
      "geometry": {
        "type": "Point",
        "coordinates": [
          -105.59896,
          39.76435
        ]
      },
      "properties": {
        "id": "070W23500CAM1RP1",
        "title": "I-70 MP 235.00 WB at Stanley Rd in Dumont",
        "snapshotUrl": "https://cocam.carsprogram.org/Snapshots/070W23500CAM1RP1.flv.png",
        "streamUrl": "https://publicstreamer1.cotrip.org:443/rtplive/070W23500CAM1RP1/playlist.m3u8",
        "cameraCode": "070W23500CAM1RP1",
        "source": "COtrip",
        "state": "Colorado"
      }
    },
    {
      "type": "Feature",
      "geometry": {
        "type": "Point",
        "coordinates": [
          -105.65706,
          39.7571
        ]
      },
      "properties": {
        "id": "070E23550CAM1ML1",
        "title": "I-70 MP 235.50 EB : 0.6 miles E of Stanley Rd in Dumont",
        "snapshotUrl": "https://cocam.carsprogram.org/Snapshots/070E23550CAM1ML1.flv.png",
        "streamUrl": "https://publicstreamer2.cotrip.org:443/rtplive/070E23550CAM1ML1/playlist.m3u8",
        "cameraCode": "070E23550CAM1ML1",
        "source": "COtrip",
        "state": "Colorado"
      }
    },
    {
      "type": "Feature",
      "geometry": {
        "type": "Point",
        "coordinates": [
          -105.58375,
          39.76387
        ]
      },
      "properties": {
        "id": "070W23585CAM1RHS",
        "title": "I-70 MP 235.85 WB : 0.8 miles E of Stanley Rd in Dumont",
        "snapshotUrl": "https://cocam.carsprogram.org/Snapshots/070W23585CAM1RHS.flv.png",
        "streamUrl": "https://publicstreamer4.cotrip.org:443/rtplive/070W23585CAM1RHS/playlist.m3u8",
        "cameraCode": "070W23585CAM1RHS",
        "source": "COtrip",
        "state": "Colorado"
      }
    },
    {
      "type": "Feature",
      "geometry": {
        "type": "Point",
        "coordinates": [
          -105.57205,
          39.75969
        ]
      },
      "properties": {
        "id": "070E23655CAM1GP2",
        "title": "I-70 MP 236.55 EB : 1.1 miles W of Fall River Rd",
        "snapshotUrl": "https://cocam.carsprogram.org/Snapshots/070E23655CAM1GP2.flv.png",
        "streamUrl": "https://publicstreamer2.cotrip.org:443/rtplive/070E23655CAM1GP2/playlist.m3u8",
        "cameraCode": "070E23655CAM1GP2",
        "source": "COtrip",
        "state": "Colorado"
      }
    },
    {
      "type": "Feature",
      "geometry": {
        "type": "Point",
        "coordinates": [
          -105.56108,
          39.75528
        ]
      },
      "properties": {
        "id": "070E23725CAM1RHS",
        "title": "I-70 MP 237.25 EB : 0.4 miles W of Fall River Rd",
        "snapshotUrl": "https://cocam.carsprogram.org/Snapshots/070E23725CAM1RHS.flv.png",
        "streamUrl": "https://publicstreamer3.cotrip.org:443/rtplive/070E23725CAM1RHS/playlist.m3u8",
        "cameraCode": "070E23725CAM1RHS",
        "source": "COtrip",
        "state": "Colorado"
      }
    },
    {
      "type": "Feature",
      "geometry": {
        "type": "Point",
        "coordinates": [
          -105.55402,
          39.75221
        ]
      },
      "properties": {
        "id": "070E23765CAM1RP1",
        "title": "I-70 MP 237.65 EB at Fall River Rd",
        "snapshotUrl": "https://cocam.carsprogram.org/Snapshots/070E23765CAM1RP1.flv.png",
        "streamUrl": "https://publicstreamer2.cotrip.org:443/rtplive/070E23765CAM1RP1/playlist.m3u8",
        "cameraCode": "070E23765CAM1RP1",
        "source": "COtrip",
        "state": "Colorado"
      }
    },
    {
      "type": "Feature",
      "geometry": {
        "type": "Point",
        "coordinates": [
          -105.54823,
          39.7492
        ]
      },
      "properties": {
        "id": "070E23805CAM1MED",
        "title": "I-70 MP 238.05 EB : 0.3 miles E of Fall River Rd",
        "snapshotUrl": "https://cocam.carsprogram.org/Snapshots/070E23805CAM1MED.flv.png",
        "streamUrl": "https://publicstreamer2.cotrip.org:443/rtplive/070E23805CAM1MED/playlist.m3u8",
        "cameraCode": "070E23805CAM1MED",
        "source": "COtrip",
        "state": "Colorado"
      }
    },
    {
      "type": "Feature",
      "geometry": {
        "type": "Point",
        "coordinates": [
          -105.54111,
          39.74616
        ]
      },
      "properties": {
        "id": "070W23850CAM1MED",
        "title": "I-70 MP 238.50 WB : 0.5 miles W of Stanley Rd/CR 312",
        "snapshotUrl": "https://cocam.carsprogram.org/Snapshots/070W23850CAM1MED.flv.png",
        "streamUrl": "https://publicstreamer3.cotrip.org:443/rtplive/070W23850CAM1MED/playlist.m3u8",
        "cameraCode": "070W23850CAM1MED",
        "source": "COtrip",
        "state": "Colorado"
      }
    },
    {
      "type": "Feature",
      "geometry": {
        "type": "Point",
        "coordinates": [
          -105.53614,
          39.74438
        ]
      },
      "properties": {
        "id": "070E23890CAM1RHS",
        "title": "I-70 MP 238.90 EB at Stanley Rd/CR 312 in Idaho Springs",
        "snapshotUrl": "https://cocam.carsprogram.org/Snapshots/070E23890CAM1RHS.flv.png",
        "streamUrl": "https://publicstreamer3.cotrip.org:443/rtplive/070E23890CAM1RHS/playlist.m3u8",
        "cameraCode": "070E23890CAM1RHS",
        "source": "COtrip",
        "state": "Colorado"
      }
    },
    {
      "type": "Feature",
      "geometry": {
        "type": "Point",
        "coordinates": [
          -105.53227,
          39.74342
        ]
      },
      "properties": {
        "id": "070E23900CAM1RHS",
        "title": "I-70 MP 239.00 EB : 0.1 miles E of Stanley Rd/CR 312",
        "snapshotUrl": "https://cocam.carsprogram.org/Snapshots/070E23900CAM1RHS.flv.png",
        "streamUrl": "https://publicstreamer1.cotrip.org:443/rtplive/070E23900CAM1RHS/playlist.m3u8",
        "cameraCode": "070E23900CAM1RHS",
        "source": "COtrip",
        "state": "Colorado"
      }
    },
    {
      "type": "Feature",
      "geometry": {
        "type": "Point",
        "coordinates": [
          -105.52901,
          39.74318
        ]
      },
      "properties": {
        "id": "070W23915CAM1RP1",
        "title": "I-70 MP 239.15 WB : 0.3 miles E of Stanley Rd/CR 312",
        "snapshotUrl": "https://cocam.carsprogram.org/Snapshots/070W23915CAM1RP1.flv.png",
        "streamUrl": "https://publicstreamer1.cotrip.org:443/rtplive/070W23915CAM1RP1/playlist.m3u8",
        "cameraCode": "070W23915CAM1RP1",
        "source": "COtrip",
        "state": "Colorado"
      }
    },
    {
      "type": "Feature",
      "geometry": {
        "type": "Point",
        "coordinates": [
          -105.52074,
          39.74076
        ]
      },
      "properties": {
        "id": "070E23965CAM1RHS",
        "title": "I-70 MP 239.65 EB at CO 103/13th Ave in Idaho Springs",
        "snapshotUrl": "https://cocam.carsprogram.org/Snapshots/070E23965CAM1RHS.flv.png",
        "streamUrl": "https://publicstreamer1.cotrip.org:443/rtplive/070E23965CAM1RHS/playlist.m3u8",
        "cameraCode": "070E23965CAM1RHS",
        "source": "COtrip",
        "state": "Colorado"
      }
    },
    {
      "type": "Feature",
      "geometry": {
        "type": "Point",
        "coordinates": [
          -105.50344,
          39.74046
        ]
      },
      "properties": {
        "id": "070W24060CAM1RHS",
        "title": "I-70 MP 240.60 WB : 0.5 miles W of Colorado Blvd E Exit in Idaho Springs",
        "snapshotUrl": "https://cocam.carsprogram.org/Snapshots/070W24060CAM1RHS.flv.png",
        "streamUrl": "https://publicstreamer4.cotrip.org:443/rtplive/070W24060CAM1RHS/playlist.m3u8",
        "cameraCode": "070W24060CAM1RHS",
        "source": "COtrip",
        "state": "Colorado"
      }
    },
    {
      "type": "Feature",
      "geometry": {
        "type": "Point",
        "coordinates": [
          -105.49517,
          39.74203
        ]
      },
      "properties": {
        "id": "070W24105CAM1RP1",
        "title": "I-70 MP 241.05 WB at Colorado Blvd E Exit in Idaho Springs",
        "snapshotUrl": "https://cocam.carsprogram.org/Snapshots/070W24105CAM1RP1.flv.png",
        "streamUrl": "https://publicstreamer4.cotrip.org:443/rtplive/070W24105CAM1RP1/playlist.m3u8",
        "cameraCode": "070W24105CAM1RP1",
        "source": "COtrip",
        "state": "Colorado"
      }
    },
    {
      "type": "Feature",
      "geometry": {
        "type": "Point",
        "coordinates": [
          -105.47114,
          39.74549
        ]
      },
      "properties": {
        "id": "070W24245CAM1RHS",
        "title": "I-70 MP 242.45 WB at E Veterans Memorial Tunnels",
        "snapshotUrl": "https://cocam.carsprogram.org/Snapshots/070W24245CAM1RHS.flv.png",
        "streamUrl": "https://publicstreamer4.cotrip.org:443/rtplive/070W24245CAM1RHS/playlist.m3u8",
        "cameraCode": "070W24245CAM1RHS",
        "source": "COtrip",
        "state": "Colorado"
      }
    },
    {
      "type": "Feature",
      "geometry": {
        "type": "Point",
        "coordinates": [
          -105.46388,
          39.74697
        ]
      },
      "properties": {
        "id": "070W24285CAM1RHS",
        "title": "I-70 MP 242.85 WB : 0.2 miles W of Central City Pkwy",
        "snapshotUrl": "https://cocam.carsprogram.org/Snapshots/070W24285CAM1RHS.flv.png",
        "streamUrl": "https://publicstreamer1.cotrip.org:443/rtplive/070W24285CAM1RHS/playlist.m3u8",
        "cameraCode": "070W24285CAM1RHS",
        "source": "COtrip",
        "state": "Colorado"
      }
    },
    {
      "type": "Feature",
      "geometry": {
        "type": "Point",
        "coordinates": [
          -105.45663,
          39.74487
        ]
      },
      "properties": {
        "id": "070W24325CAM1RHS",
        "title": "I-70 MP 243.25 WB : 0.3 miles E of Central City Pkwy",
        "snapshotUrl": "https://cocam.carsprogram.org/Snapshots/070W24325CAM1RHS.flv.png",
        "streamUrl": "https://publicstreamer1.cotrip.org:443/rtplive/070W24325CAM1RHS/playlist.m3u8",
        "cameraCode": "070W24325CAM1RHS",
        "source": "COtrip",
        "state": "Colorado"
      }
    },
    {
      "type": "Feature",
      "geometry": {
        "type": "Point",
        "coordinates": [
          -105.43792,
          39.74564
        ]
      },
      "properties": {
        "id": "070E24435CAM1MED",
        "title": "I-70 MP 244.35 EB at US 6/US 40",
        "snapshotUrl": "https://cocam.carsprogram.org/Snapshots/070E24435CAM1MED.flv.png",
        "streamUrl": "https://publicstreamer4.cotrip.org:443/rtplive/070E24435CAM1MED/playlist.m3u8",
        "cameraCode": "070E24435CAM1MED",
        "source": "COtrip",
        "state": "Colorado"
      }
    },
    {
      "type": "Feature",
      "geometry": {
        "type": "Point",
        "coordinates": [
          -105.36694,
          39.71282
        ]
      },
      "properties": {
        "id": "070E24905CAM1RHS",
        "title": "I-70 MP 249.05 EB : 1.4 miles E of CR 65",
        "snapshotUrl": "https://cocam.carsprogram.org/Snapshots/070E24905CAM1RHS.flv.png",
        "streamUrl": "https://publicstreamer1.cotrip.org:443/rtplive/070E24905CAM1RHS/playlist.m3u8",
        "cameraCode": "070E24905CAM1RHS",
        "source": "COtrip",
        "state": "Colorado"
      }
    },
    {
      "type": "Feature",
      "geometry": {
        "type": "Point",
        "coordinates": [
          -105.36611,
          39.71295
        ]
      },
      "properties": {
        "id": "070W24910CAM1RHS",
        "title": "I-70 MP 249.10 WB : 1.4 miles E of CR 65 ",
        "snapshotUrl": "https://cocam.carsprogram.org/Snapshots/070W24910CAM1RHS.flv.png",
        "streamUrl": "https://publicstreamer1.cotrip.org:443/rtplive/070W24910CAM1RHS/playlist.m3u8",
        "cameraCode": "070W24910CAM1RHS",
        "source": "COtrip",
        "state": "Colorado"
      }
    },
    {
      "type": "Feature",
      "geometry": {
        "type": "Point",
        "coordinates": [
          -105.34786,
          39.70896
        ]
      },
      "properties": {
        "id": "070W25015CAM1GP2",
        "title": "I-70 MP 250.15 WB : 0.8 miles W of El Rancho in Evergreen",
        "snapshotUrl": "https://cocam.carsprogram.org/Snapshots/070W25015CAM1GP2.flv.png",
        "streamUrl": "https://publicstreamer2.cotrip.org:443/rtplive/070W25015CAM1GP2/playlist.m3u8",
        "cameraCode": "070W25015CAM1GP2",
        "source": "COtrip",
        "state": "Colorado"
      }
    },
    {
      "type": "Feature",
      "geometry": {
        "type": "Point",
        "coordinates": [
          -105.33904,
          39.70226
        ]
      },
      "properties": {
        "id": "070E25075CAM1RP1",
        "title": "I-70 MP 250.75 EB at El Rancho in Evergreen",
        "snapshotUrl": "https://cocam.carsprogram.org/Snapshots/070E25075CAM1RP1.flv.png",
        "streamUrl": "https://publicstreamer1.cotrip.org:443/rtplive/070E25075CAM1RP1/playlist.m3u8",
        "cameraCode": "070E25075CAM1RP1",
        "source": "COtrip",
        "state": "Colorado"
      }
    },
    {
      "type": "Feature",
      "geometry": {
        "type": "Point",
        "coordinates": [
          -105.32392,
          39.7057
        ]
      },
      "properties": {
        "id": "070E25165CAM1RHS",
        "title": "I-70 MP 251.65 EB : 0.3 miles E of in Evergreen Pkwy in Evergreen",
        "snapshotUrl": "https://cocam.carsprogram.org/Snapshots/070E25165CAM1RHS.flv.png",
        "streamUrl": "https://publicstreamer1.cotrip.org:443/rtplive/070E25165CAM1RHS/playlist.m3u8",
        "cameraCode": "070E25165CAM1RHS",
        "source": "COtrip",
        "state": "Colorado"
      }
    },
    {
      "type": "Feature",
      "geometry": {
        "type": "Point",
        "coordinates": [
          -105.29436,
          39.71049
        ]
      },
      "properties": {
        "id": "070W25355CAM1RP1",
        "title": "I-70 MP 253.55 WB at Genesee Park",
        "snapshotUrl": "https://cocam.carsprogram.org/Snapshots/070W25355CAM1RP1.flv.png",
        "streamUrl": "https://publicstreamer1.cotrip.org:443/rtplive/070W25355CAM1RP1/playlist.m3u8",
        "cameraCode": "070W25355CAM1RP1",
        "source": "COtrip",
        "state": "Colorado"
      }
    },
    {
      "type": "Feature",
      "geometry": {
        "type": "Point",
        "coordinates": [
          -105.28707,
          39.70895
        ]
      },
      "properties": {
        "id": "070E25395CAM1RHS",
        "title": "I-70 MP 253.95 EB : 0.4 miles E of Genesee Park",
        "snapshotUrl": "https://cocam.carsprogram.org/Snapshots/070E25395CAM1RHS.flv.png",
        "streamUrl": "https://publicstreamer2.cotrip.org:443/rtplive/070E25395CAM1RHS/playlist.m3u8",
        "cameraCode": "070E25395CAM1RHS",
        "source": "COtrip",
        "state": "Colorado"
      }
    },
    {
      "type": "Feature",
      "geometry": {
        "type": "Point",
        "coordinates": [
          -105.27523,
          39.70608
        ]
      },
      "properties": {
        "id": "070W25465CAM1RHS",
        "title": "I-70 MP 254.65 WB : 1.1 miles E of Genesee Park",
        "snapshotUrl": "https://cocam.carsprogram.org/Snapshots/070W25465CAM1RHS.flv.png",
        "streamUrl": "https://publicstreamer4.cotrip.org:443/rtplive/070W25465CAM1RHS/playlist.m3u8",
        "cameraCode": "070W25465CAM1RHS",
        "source": "COtrip",
        "state": "Colorado"
      }
    },
    {
      "type": "Feature",
      "geometry": {
        "type": "Point",
        "coordinates": [
          -105.25058,
          39.7043
        ]
      },
      "properties": {
        "id": "070W25600CAM1RP1",
        "title": "I-70 MP 256.00 WB at Lookout Mountain",
        "snapshotUrl": "https://cocam.carsprogram.org/Snapshots/070W25600CAM1RP1.flv.png",
        "streamUrl": "https://publicstreamer1.cotrip.org:443/rtplive/070W25600CAM1RP1/playlist.m3u8",
        "cameraCode": "070W25600CAM1RP1",
        "source": "COtrip",
        "state": "Colorado"
      }
    },
    {
      "type": "Feature",
      "geometry": {
        "type": "Point",
        "coordinates": [
          -105.24034,
          39.70132
        ]
      },
      "properties": {
        "id": "070W25660CAM1RHS",
        "title": "I-70 MP 256.60 WB : 0.6 miles E of Lookout Mountain",
        "snapshotUrl": "https://cocam.carsprogram.org/Snapshots/070W25660CAM1RHS.flv.png",
        "streamUrl": "https://publicstreamer3.cotrip.org:443/rtplive/070W25660CAM1RHS/playlist.m3u8",
        "cameraCode": "070W25660CAM1RHS",
        "source": "COtrip",
        "state": "Colorado"
      }
    },
    {
      "type": "Feature",
      "geometry": {
        "type": "Point",
        "coordinates": [
          -105.23722,
          39.69834
        ]
      },
      "properties": {
        "id": "070E25685CAM1RHS",
        "title": "I-70 MP 256.85 EB : 0.8 miles E of Lookout Mountain",
        "snapshotUrl": "https://cocam.carsprogram.org/Snapshots/070E25685CAM1RHS.flv.png",
        "streamUrl": "https://publicstreamer3.cotrip.org:443/rtplive/070E25685CAM1RHS/playlist.m3u8",
        "cameraCode": "070E25685CAM1RHS",
        "source": "COtrip",
        "state": "Colorado"
      }
    },
    {
      "type": "Feature",
      "geometry": {
        "type": "Point",
        "coordinates": [
          -105.20422,
          39.69845
        ]
      },
      "properties": {
        "id": "070E25875CAM1MED",
        "title": "I-70 MP 258.75 EB at EB I-70 Ramp to CR 93 in Golden",
        "snapshotUrl": "https://cocam.carsprogram.org/Snapshots/070E25875CAM1MED.flv.png",
        "streamUrl": "https://publicstreamer4.cotrip.org:443/rtplive/070E25875CAM1MED/playlist.m3u8",
        "cameraCode": "070E25875CAM1MED",
        "source": "COtrip",
        "state": "Colorado"
      }
    },
    {
      "type": "Feature",
      "geometry": {
        "type": "Point",
        "coordinates": [
          -105.20135,
          39.70301
        ]
      },
      "properties": {
        "id": "070W25910CAM1MED",
        "title": "I-70 MP 259.10 WB : 0.3 miles E of US 40/CR 93 in Golden",
        "snapshotUrl": "https://cocam.carsprogram.org/Snapshots/070W25910CAM1MED.flv.png",
        "streamUrl": "https://publicstreamer2.cotrip.org:443/rtplive/070W25910CAM1MED/playlist.m3u8",
        "cameraCode": "070W25910CAM1MED",
        "source": "COtrip",
        "state": "Colorado"
      }
    },
    {
      "type": "Feature",
      "geometry": {
        "type": "Point",
        "coordinates": [
          -105.1948,
          39.71248
        ]
      },
      "properties": {
        "id": "070W25975CAM1RHS",
        "title": "I-70 MP 259.75 WB at C-470",
        "snapshotUrl": "https://cocam.carsprogram.org/Snapshots/070W25975CAM1RHS.flv.png",
        "streamUrl": "https://publicstreamer1.cotrip.org:443/rtplive/070W25975CAM1RHS/playlist.m3u8",
        "cameraCode": "070W25975CAM1RHS",
        "source": "COtrip",
        "state": "Colorado"
      }
    },
    {
      "type": "Feature",
      "geometry": {
        "type": "Point",
        "coordinates": [
          -105.19109,
          39.71627
        ]
      },
      "properties": {
        "id": "070E26015CAM1MED",
        "title": "I-70 MP 260.15 EB : 0.1 miles E of C-470",
        "snapshotUrl": "https://cocam.carsprogram.org/Snapshots/070E26015CAM1MED.flv.png",
        "streamUrl": "https://publicstreamer1.cotrip.org:443/rtplive/070E26015CAM1MED/playlist.m3u8",
        "cameraCode": "070E26015CAM1MED",
        "source": "COtrip",
        "state": "Colorado"
      }
    },
    {
      "type": "Feature",
      "geometry": {
        "type": "Point",
        "coordinates": [
          -105.18163,
          39.72342
        ]
      },
      "properties": {
        "id": "070E26085CAM1RHS",
        "title": "I-70 MP 260.85 EB : 0.2 miles W of W 6th Ave",
        "snapshotUrl": "https://cocam.carsprogram.org/Snapshots/070E26085CAM1RHS.flv.png",
        "streamUrl": "https://publicstreamer2.cotrip.org:443/rtplive/070E26085CAM1RHS/playlist.m3u8",
        "cameraCode": "070E26085CAM1RHS",
        "source": "COtrip",
        "state": "Colorado"
      }
    },
    {
      "type": "Feature",
      "geometry": {
        "type": "Point",
        "coordinates": [
          -105.14853,
          39.74985
        ]
      },
      "properties": {
        "id": "070E26350CAM1RHS",
        "title": "I-70 MP 263.50 EB : 1.2 miles E of Denver West Colorado Mills Pkwy",
        "snapshotUrl": "https://cocam.carsprogram.org/Snapshots/070E26350CAM1RHS.flv.png",
        "streamUrl": "https://publicstreamer1.cotrip.org:443/rtplive/070E26350CAM1RHS/playlist.m3u8",
        "cameraCode": "070E26350CAM1RHS",
        "source": "COtrip",
        "state": "Colorado"
      }
    },
    {
      "type": "Feature",
      "geometry": {
        "type": "Point",
        "coordinates": [
          -105.14305,
          39.75919
        ]
      },
      "properties": {
        "id": "070E26415CAM1RHS",
        "title": "I-70 MP 264.15 EB : 0.2 miles W of W 32nd Ave",
        "snapshotUrl": "https://cocam.carsprogram.org/Snapshots/070E26415CAM1RHS.flv.png",
        "streamUrl": "https://publicstreamer1.cotrip.org:443/rtplive/070E26415CAM1RHS/playlist.m3u8",
        "cameraCode": "070E26415CAM1RHS",
        "source": "COtrip",
        "state": "Colorado"
      }
    },
    {
      "type": "Feature",
      "geometry": {
        "type": "Point",
        "coordinates": [
          -105.14312,
          39.76675
        ]
      },
      "properties": {
        "id": "070W26470CAM1MED",
        "title": "I-70 MP 264.70 WB : 0.4 miles E of W 32nd Ave",
        "snapshotUrl": "https://cocam.carsprogram.org/Snapshots/070W26470CAM1MED.flv.png",
        "streamUrl": "https://publicstreamer4.cotrip.org:443/rtplive/070W26470CAM1MED/playlist.m3u8",
        "cameraCode": "070W26470CAM1MED",
        "source": "COtrip",
        "state": "Colorado"
      }
    },
    {
      "type": "Feature",
      "geometry": {
        "type": "Point",
        "coordinates": [
          -105.13847,
          39.77985
        ]
      },
      "properties": {
        "id": "070W26570CAM1RHS",
        "title": "I-70 MP 265.70 WB at Ward Rd",
        "snapshotUrl": "https://cocam.carsprogram.org/Snapshots/070W26570CAM1RHS.flv.png",
        "streamUrl": "https://publicstreamer3.cotrip.org:443/rtplive/070W26570CAM1RHS/playlist.m3u8",
        "cameraCode": "070W26570CAM1RHS",
        "source": "COtrip",
        "state": "Colorado"
      }
    },
    {
      "type": "Feature",
      "geometry": {
        "type": "Point",
        "coordinates": [
          -105.13253,
          39.77846
        ]
      },
      "properties": {
        "id": "070E26605CAM1NWC",
        "title": "I-70 MP 266.05 EB at EB I-70 Ramp to W 44th Ave",
        "snapshotUrl": "https://cocam.carsprogram.org/Snapshots/070E26605CAM1NWC.flv.png",
        "streamUrl": "https://publicstreamer4.cotrip.org:443/rtplive/070E26605CAM1NWC/playlist.m3u8",
        "cameraCode": "070E26605CAM1NWC",
        "source": "COtrip",
        "state": "Colorado"
      }
    },
    {
      "type": "Feature",
      "geometry": {
        "type": "Point",
        "coordinates": [
          -105.11775,
          39.78442
        ]
      },
      "properties": {
        "id": "070W26695CAM1MED",
        "title": "I-70 MP 266.95 WB : 0.4 miles W of Kipling St",
        "snapshotUrl": "https://cocam.carsprogram.org/Snapshots/070W26695CAM1MED.flv.png",
        "streamUrl": "https://publicstreamer2.cotrip.org:443/rtplive/070W26695CAM1MED/playlist.m3u8",
        "cameraCode": "070W26695CAM1MED",
        "source": "COtrip",
        "state": "Colorado"
      }
    },
    {
      "type": "Feature",
      "geometry": {
        "type": "Point",
        "coordinates": [
          -105.10964,
          39.78381
        ]
      },
      "properties": {
        "id": "070E26740CAM1NEC",
        "title": "I-70 MP 267.40 EB at Kipling St to EB I-70 Ramp",
        "snapshotUrl": "https://cocam.carsprogram.org/Snapshots/070E26740CAM1NEC.flv.png",
        "streamUrl": "https://publicstreamer2.cotrip.org:443/rtplive/070E26740CAM1NEC/playlist.m3u8",
        "cameraCode": "070E26740CAM1NEC",
        "source": "COtrip",
        "state": "Colorado"
      }
    },
    {
      "type": "Feature",
      "geometry": {
        "type": "Point",
        "coordinates": [
          -105.10942,
          39.78453
        ]
      },
      "properties": {
        "id": "070W26740CAM1SEC",
        "title": "I-70 MP 267.40 WB at EB I-70 Ramp to Kipling St",
        "snapshotUrl": "https://cocam.carsprogram.org/Snapshots/070W26740CAM1SEC.flv.png",
        "streamUrl": "https://publicstreamer4.cotrip.org:443/rtplive/070W26740CAM1SEC/playlist.m3u8",
        "cameraCode": "070W26740CAM1SEC",
        "source": "COtrip",
        "state": "Colorado"
      }
    },
    {
      "type": "Feature",
      "geometry": {
        "type": "Point",
        "coordinates": [
          -105.09579,
          39.78393
        ]
      },
      "properties": {
        "id": "070W26805CAM1RHS",
        "title": "I-70 MP 268.05 WB : 0.9 miles W of Kipling St",
        "snapshotUrl": "https://cocam.carsprogram.org/Snapshots/070W26805CAM1RHS.flv.png",
        "streamUrl": "https://publicstreamer1.cotrip.org:443/rtplive/070W26805CAM1RHS/playlist.m3u8",
        "cameraCode": "070W26805CAM1RHS",
        "source": "COtrip",
        "state": "Colorado"
      }
    },
    {
      "type": "Feature",
      "geometry": {
        "type": "Point",
        "coordinates": [
          -105.07632,
          39.78664
        ]
      },
      "properties": {
        "id": "070W26935CAM1RHS",
        "title": "I-70 MP 269.35 WB at WB I-76 to WB I-70 Ramp",
        "snapshotUrl": "https://cocam.carsprogram.org/Snapshots/070W26935CAM1RHS.flv.png",
        "streamUrl": "https://publicstreamer4.cotrip.org:443/rtplive/070W26935CAM1RHS/playlist.m3u8",
        "cameraCode": "070W26935CAM1RHS",
        "source": "COtrip",
        "state": "Colorado"
      }
    },
    {
      "type": "Feature",
      "geometry": {
        "type": "Point",
        "coordinates": [
          -105.06467,
          39.78357
        ]
      },
      "properties": {
        "id": "070W26995CAM1RP1",
        "title": "I-70 MP 269.95 WB : 0.1 miles W of N Harlan St",
        "snapshotUrl": "https://cocam.carsprogram.org/Snapshots/070W26995CAM1RP1.flv.png",
        "streamUrl": "https://publicstreamer1.cotrip.org:443/rtplive/070W26995CAM1RP1/playlist.m3u8",
        "cameraCode": "070W26995CAM1RP1",
        "source": "COtrip",
        "state": "Colorado"
      }
    },
    {
      "type": "Feature",
      "geometry": {
        "type": "Point",
        "coordinates": [
          -105.03834,
          39.78372
        ]
      },
      "properties": {
        "id": "070W27135CAM1RHS",
        "title": "I-70 MP 271.35 WB : 0.2 miles W of Lowell Blvd",
        "snapshotUrl": "https://cocam.carsprogram.org/Snapshots/070W27135CAM1RHS.flv.png",
        "streamUrl": "https://publicstreamer3.cotrip.org:443/rtplive/070W27135CAM1RHS/playlist.m3u8",
        "cameraCode": "070W27135CAM1RHS",
        "source": "COtrip",
        "state": "Colorado"
      }
    },
    {
      "type": "Feature",
      "geometry": {
        "type": "Point",
        "coordinates": [
          -105.00755,
          39.7835
        ]
      },
      "properties": {
        "id": "070W27280CAM1RHS",
        "title": "I-70 MP 272.80 WB : 0.3 miles W of N Pecos St",
        "snapshotUrl": "https://cocam.carsprogram.org/Snapshots/070W27280CAM1RHS.flv.png",
        "streamUrl": "https://publicstreamer3.cotrip.org:443/rtplive/070W27280CAM1RHS/playlist.m3u8",
        "cameraCode": "070W27280CAM1RHS",
        "source": "COtrip",
        "state": "Colorado"
      }
    },
    {
      "type": "Feature",
      "geometry": {
        "type": "Point",
        "coordinates": [
          -105.00608,
          39.78303
        ]
      },
      "properties": {
        "id": "070E27305CAM1RHS",
        "title": "I-70 MP 273.05 EB at N Pecos St",
        "snapshotUrl": "https://cocam.carsprogram.org/Snapshots/070E27305CAM1RHS.flv.png",
        "streamUrl": "https://publicstreamer3.cotrip.org:443/rtplive/070E27305CAM1RHS/playlist.m3u8",
        "cameraCode": "070E27305CAM1RHS",
        "source": "COtrip",
        "state": "Colorado"
      }
    },
    {
      "type": "Feature",
      "geometry": {
        "type": "Point",
        "coordinates": [
          -104.9959,
          39.78148
        ]
      },
      "properties": {
        "id": "070E27365CAM1RP2",
        "title": "I-70 MP 273.65 EB : 0.4 miles W of I-25",
        "snapshotUrl": "https://cocam.carsprogram.org/Snapshots/070E27365CAM1RP2.flv.png",
        "streamUrl": "https://publicstreamer2.cotrip.org:443/rtplive/070E27365CAM1RP2/playlist.m3u8",
        "cameraCode": "070E27365CAM1RP2",
        "source": "COtrip",
        "state": "Colorado"
      }
    },
    {
      "type": "Feature",
      "geometry": {
        "type": "Point",
        "coordinates": [
          -104.99128,
          39.78099
        ]
      },
      "properties": {
        "id": "070W27395CAM1RP1",
        "title": "I-70 MP 273.95 WB at SB I-25 to EB I-70 Ramp",
        "snapshotUrl": "https://cocam.carsprogram.org/Snapshots/070W27395CAM1RP1.flv.png",
        "streamUrl": "https://publicstreamer2.cotrip.org:443/rtplive/070W27395CAM1RP1/playlist.m3u8",
        "cameraCode": "070W27395CAM1RP1",
        "source": "COtrip",
        "state": "Colorado"
      }
    },
    {
      "type": "Feature",
      "geometry": {
        "type": "Point",
        "coordinates": [
          -104.99114,
          39.7792
        ]
      },
      "properties": {
        "id": "070E27400CAM1GOR",
        "title": "I-70 MP 274.00 EB at Washington St and SB I-25 Ramps",
        "snapshotUrl": "https://cocam.carsprogram.org/Snapshots/070E27400CAM1GOR.flv.png",
        "streamUrl": "https://publicstreamer2.cotrip.org:443/rtplive/070E27400CAM1GOR/playlist.m3u8",
        "cameraCode": "070E27400CAM1GOR",
        "source": "COtrip",
        "state": "Colorado"
      }
    },
    {
      "type": "Feature",
      "geometry": {
        "type": "Point",
        "coordinates": [
          -104.98867,
          39.77987
        ]
      },
      "properties": {
        "id": "070E27410CAM1RHS",
        "title": "I-70 MP 274.10 EB at I-25",
        "snapshotUrl": "https://cocam.carsprogram.org/Snapshots/070E27410CAM1RHS.flv.png",
        "streamUrl": "https://publicstreamer4.cotrip.org:443/rtplive/070E27410CAM1RHS/playlist.m3u8",
        "cameraCode": "070E27410CAM1RHS",
        "source": "COtrip",
        "state": "Colorado"
      }
    },
    {
      "type": "Feature",
      "geometry": {
        "type": "Point",
        "coordinates": [
          -104.97887,
          39.77927
        ]
      },
      "properties": {
        "id": "070E27460CAM1RHS",
        "title": "I-70 MP 274.60 EB at Washington St",
        "snapshotUrl": "https://cocam.carsprogram.org/Snapshots/070E27460CAM1RHS.flv.png",
        "streamUrl": "https://publicstreamer2.cotrip.org:443/rtplive/070E27460CAM1RHS/playlist.m3u8",
        "cameraCode": "070E27460CAM1RHS",
        "source": "COtrip",
        "state": "Colorado"
      }
    },
    {
      "type": "Feature",
      "geometry": {
        "type": "Point",
        "coordinates": [
          -104.97648,
          39.77987
        ]
      },
      "properties": {
        "id": "070W27475CAM1RHS",
        "title": "I-70 MP 274.75 WB : 0.1 miles E of Washington St",
        "snapshotUrl": "https://cocam.carsprogram.org/Snapshots/070W27475CAM1RHS.flv.png",
        "streamUrl": "https://publicstreamer2.cotrip.org:443/rtplive/070W27475CAM1RHS/playlist.m3u8",
        "cameraCode": "070W27475CAM1RHS",
        "source": "COtrip",
        "state": "Colorado"
      }
    },
    {
      "type": "Feature",
      "geometry": {
        "type": "Point",
        "coordinates": [
          -104.96808,
          39.78025
        ]
      },
      "properties": {
        "id": "070W27520CAM1RHS",
        "title": "I-70 MP 275.20 WB : 0.1 miles W of Brighton Blvd",
        "snapshotUrl": "https://cocam.carsprogram.org/Snapshots/070W27520CAM1RHS.flv.png",
        "streamUrl": "https://publicstreamer2.cotrip.org:443/rtplive/070W27520CAM1RHS/playlist.m3u8",
        "cameraCode": "070W27520CAM1RHS",
        "source": "COtrip",
        "state": "Colorado"
      }
    },
    {
      "type": "Feature",
      "geometry": {
        "type": "Point",
        "coordinates": [
          -104.96678,
          39.77982
        ]
      },
      "properties": {
        "id": "070E27525CAM1RHS",
        "title": "I-70 MP 275.25 EB at Brighton Blvd",
        "snapshotUrl": "https://cocam.carsprogram.org/Snapshots/070E27525CAM1RHS.flv.png",
        "streamUrl": "https://publicstreamer4.cotrip.org:443/rtplive/070E27525CAM1RHS/playlist.m3u8",
        "cameraCode": "070E27525CAM1RHS",
        "source": "COtrip",
        "state": "Colorado"
      }
    },
    {
      "type": "Feature",
      "geometry": {
        "type": "Point",
        "coordinates": [
          -104.95952,
          39.7801
        ]
      },
      "properties": {
        "id": "070E27555CAM1RP1",
        "title": "I-70 MP 275.55 EB at York St",
        "snapshotUrl": "https://cocam.carsprogram.org/Snapshots/070E27555CAM1RP1.flv.png",
        "streamUrl": "https://publicstreamer2.cotrip.org:443/rtplive/070E27555CAM1RP1/playlist.m3u8",
        "cameraCode": "070E27555CAM1RP1",
        "source": "COtrip",
        "state": "Colorado"
      }
    },
    {
      "type": "Feature",
      "geometry": {
        "type": "Point",
        "coordinates": [
          -104.95746,
          39.78034
        ]
      },
      "properties": {
        "id": "070E27565CAM1MED",
        "title": "I-70 MP 275.65 EB at W Cover on I-70",
        "snapshotUrl": "https://cocam.carsprogram.org/Snapshots/070E27565CAM1MED.flv.png",
        "streamUrl": "https://publicstreamer2.cotrip.org:443/rtplive/070E27565CAM1MED/playlist.m3u8",
        "cameraCode": "070E27565CAM1MED",
        "source": "COtrip",
        "state": "Colorado"
      }
    },
    {
      "type": "Feature",
      "geometry": {
        "type": "Point",
        "coordinates": [
          -104.95018,
          39.78056
        ]
      },
      "properties": {
        "id": "070W27605CAM1RP1",
        "title": "I-70 MP 276.05 WB at SB Steele St Ramp to WB I-70",
        "snapshotUrl": "https://cocam.carsprogram.org/Snapshots/070W27605CAM1RP1.flv.png",
        "streamUrl": "https://publicstreamer1.cotrip.org:443/rtplive/070W27605CAM1RP1/playlist.m3u8",
        "cameraCode": "070W27605CAM1RP1",
        "source": "COtrip",
        "state": "Colorado"
      }
    },
    {
      "type": "Feature",
      "geometry": {
        "type": "Point",
        "coordinates": [
          -104.9499,
          39.78069
        ]
      },
      "properties": {
        "id": "070W27605CAM2SWC",
        "title": "I-70 MP 276.05 WB at Steele St to WB I-70 Ramp",
        "snapshotUrl": "https://cocam.carsprogram.org/Snapshots/070W27605CAM2SWC.flv.png",
        "streamUrl": "https://publicstreamer3.cotrip.org:443/rtplive/070W27605CAM2SWC/playlist.m3u8",
        "cameraCode": "070W27605CAM2SWC",
        "source": "COtrip",
        "state": "Colorado"
      }
    },
    {
      "type": "Feature",
      "geometry": {
        "type": "Point",
        "coordinates": [
          -104.94527,
          39.78
        ]
      },
      "properties": {
        "id": "070E27635CAM1RP1",
        "title": "I-70 MP 276.35 EB at Monroe St Overpass",
        "snapshotUrl": "https://cocam.carsprogram.org/Snapshots/070E27635CAM1RP1.flv.png",
        "streamUrl": "https://publicstreamer2.cotrip.org:443/rtplive/070E27635CAM1RP1/playlist.m3u8",
        "cameraCode": "070E27635CAM1RP1",
        "source": "COtrip",
        "state": "Colorado"
      }
    },
    {
      "type": "Feature",
      "geometry": {
        "type": "Point",
        "coordinates": [
          -104.94132,
          39.78053
        ]
      },
      "properties": {
        "id": "070W27655CAM1SWC",
        "title": "I-70 MP 276.55 WB at Colorado Blvd to WB I-70 Ramp",
        "snapshotUrl": "https://cocam.carsprogram.org/Snapshots/070W27655CAM1SWC.flv.png",
        "streamUrl": "https://publicstreamer2.cotrip.org:443/rtplive/070W27655CAM1SWC/playlist.m3u8",
        "cameraCode": "070W27655CAM1SWC",
        "source": "COtrip",
        "state": "Colorado"
      }
    },
    {
      "type": "Feature",
      "geometry": {
        "type": "Point",
        "coordinates": [
          -104.94055,
          39.77983
        ]
      },
      "properties": {
        "id": "070E27660CAM1NEC",
        "title": "I-70 MP 276.60 EB at Colorado Blvd to EB I-70 Ramp",
        "snapshotUrl": "https://cocam.carsprogram.org/Snapshots/070E27660CAM1NEC.flv.png",
        "streamUrl": "https://publicstreamer2.cotrip.org:443/rtplive/070E27660CAM1NEC/playlist.m3u8",
        "cameraCode": "070E27660CAM1NEC",
        "source": "COtrip",
        "state": "Colorado"
      }
    },
    {
      "type": "Feature",
      "geometry": {
        "type": "Point",
        "coordinates": [
          -104.93141,
          39.78034
        ]
      },
      "properties": {
        "id": "070W27705CAM1RHS",
        "title": "I-70 MP 277.05 WB at Dahlia St",
        "snapshotUrl": "https://cocam.carsprogram.org/Snapshots/070W27705CAM1RHS.flv.png",
        "streamUrl": "https://publicstreamer2.cotrip.org:443/rtplive/070W27705CAM1RHS/playlist.m3u8",
        "cameraCode": "070W27705CAM1RHS",
        "source": "COtrip",
        "state": "Colorado"
      }
    },
    {
      "type": "Feature",
      "geometry": {
        "type": "Point",
        "coordinates": [
          -104.92252,
          39.77819
        ]
      },
      "properties": {
        "id": "070E27750CAM1RHS",
        "title": "I-70 MP 277.50 EB at Holly St",
        "snapshotUrl": "https://cocam.carsprogram.org/Snapshots/070E27750CAM1RHS.flv.png",
        "streamUrl": "https://publicstreamer1.cotrip.org:443/rtplive/070E27750CAM1RHS/playlist.m3u8",
        "cameraCode": "070E27750CAM1RHS",
        "source": "COtrip",
        "state": "Colorado"
      }
    },
    {
      "type": "Feature",
      "geometry": {
        "type": "Point",
        "coordinates": [
          -104.9154,
          39.77808
        ]
      },
      "properties": {
        "id": "070E27790CAM1RHS",
        "title": "I-70 MP 277.90 EB : 0.8 miles E of Quebec St",
        "snapshotUrl": "https://cocam.carsprogram.org/Snapshots/070E27790CAM1RHS.flv.png",
        "streamUrl": "https://publicstreamer2.cotrip.org:443/rtplive/070E27790CAM1RHS/playlist.m3u8",
        "cameraCode": "070E27790CAM1RHS",
        "source": "COtrip",
        "state": "Colorado"
      }
    },
    {
      "type": "Feature",
      "geometry": {
        "type": "Point",
        "coordinates": [
          -104.90597,
          39.7786
        ]
      },
      "properties": {
        "id": "070W27840CAM1RHS",
        "title": "I-70 MP 278.40 WB : 0.2 miles W of Quebec St",
        "snapshotUrl": "https://cocam.carsprogram.org/Snapshots/070W27840CAM1RHS.flv.png",
        "streamUrl": "https://publicstreamer3.cotrip.org:443/rtplive/070W27840CAM1RHS/playlist.m3u8",
        "cameraCode": "070W27840CAM1RHS",
        "source": "COtrip",
        "state": "Colorado"
      }
    },
    {
      "type": "Feature",
      "geometry": {
        "type": "Point",
        "coordinates": [
          -104.90382,
          39.77863
        ]
      },
      "properties": {
        "id": "070W27855CAM1RHS",
        "title": "I-70 MP 278.55 WB at Quebec St",
        "snapshotUrl": "https://cocam.carsprogram.org/Snapshots/070W27855CAM1RHS.flv.png",
        "streamUrl": "https://publicstreamer3.cotrip.org:443/rtplive/070W27855CAM1RHS/playlist.m3u8",
        "cameraCode": "070W27855CAM1RHS",
        "source": "COtrip",
        "state": "Colorado"
      }
    },
    {
      "type": "Feature",
      "geometry": {
        "type": "Point",
        "coordinates": [
          -104.88247,
          39.77681
        ]
      },
      "properties": {
        "id": "070E27960CAM1RHS",
        "title": "I-70 MP 279.60 EB at Central Park Blvd",
        "snapshotUrl": "https://cocam.carsprogram.org/Snapshots/070E27960CAM1RHS.flv.png",
        "streamUrl": "https://publicstreamer3.cotrip.org:443/rtplive/070E27960CAM1RHS/playlist.m3u8",
        "cameraCode": "070E27960CAM1RHS",
        "source": "COtrip",
        "state": "Colorado"
      }
    },
    {
      "type": "Feature",
      "geometry": {
        "type": "Point",
        "coordinates": [
          -104.86563,
          39.77604
        ]
      },
      "properties": {
        "id": "070W28060CAM1RHS",
        "title": "I-70 MP 280.60 WB at Havana St Underpass",
        "snapshotUrl": "https://cocam.carsprogram.org/Snapshots/070W28060CAM1RHS.flv.png",
        "streamUrl": "https://publicstreamer2.cotrip.org:443/rtplive/070W28060CAM1RHS/playlist.m3u8",
        "cameraCode": "070W28060CAM1RHS",
        "source": "COtrip",
        "state": "Colorado"
      }
    },
    {
      "type": "Feature",
      "geometry": {
        "type": "Point",
        "coordinates": [
          -104.85673,
          39.77467
        ]
      },
      "properties": {
        "id": "070E28105CAM1RHS",
        "title": "I-70 MP 281.05 EB : 0.6 miles E of Havana St",
        "snapshotUrl": "https://cocam.carsprogram.org/Snapshots/070E28105CAM1RHS.flv.png",
        "streamUrl": "https://publicstreamer2.cotrip.org:443/rtplive/070E28105CAM1RHS/playlist.m3u8",
        "cameraCode": "070E28105CAM1RHS",
        "source": "COtrip",
        "state": "Colorado"
      }
    },
    {
      "type": "Feature",
      "geometry": {
        "type": "Point",
        "coordinates": [
          -104.84781,
          39.77385
        ]
      },
      "properties": {
        "id": "070E28150CAM1RHS",
        "title": "I-70 MP 281.50 EB at Peoria St",
        "snapshotUrl": "https://cocam.carsprogram.org/Snapshots/070E28150CAM1RHS.flv.png",
        "streamUrl": "https://publicstreamer2.cotrip.org:443/rtplive/070E28150CAM1RHS/playlist.m3u8",
        "cameraCode": "070E28150CAM1RHS",
        "source": "COtrip",
        "state": "Colorado"
      }
    },
    {
      "type": "Feature",
      "geometry": {
        "type": "Point",
        "coordinates": [
          -104.83526,
          39.77331
        ]
      },
      "properties": {
        "id": "070W28220CAM1RHS",
        "title": "I-70 MP 282.20 WB : 0.4 miles W of I-225",
        "snapshotUrl": "https://cocam.carsprogram.org/Snapshots/070W28220CAM1RHS.flv.png",
        "streamUrl": "https://publicstreamer2.cotrip.org:443/rtplive/070W28220CAM1RHS/playlist.m3u8",
        "cameraCode": "070W28220CAM1RHS",
        "source": "COtrip",
        "state": "Colorado"
      }
    },
    {
      "type": "Feature",
      "geometry": {
        "type": "Point",
        "coordinates": [
          -104.82426,
          39.7724
        ]
      },
      "properties": {
        "id": "070W28280CAM1RHS",
        "title": "I-70 MP 282.80 WB at I-225",
        "snapshotUrl": "https://cocam.carsprogram.org/Snapshots/070W28280CAM1RHS.flv.png",
        "streamUrl": "https://publicstreamer2.cotrip.org:443/rtplive/070W28280CAM1RHS/playlist.m3u8",
        "cameraCode": "070W28280CAM1RHS",
        "source": "COtrip",
        "state": "Colorado"
      }
    },
    {
      "type": "Feature",
      "geometry": {
        "type": "Point",
        "coordinates": [
          -104.81014,
          39.77147
        ]
      },
      "properties": {
        "id": "070W28350CAM1SWC",
        "title": "I-70 MP 283.50 WB at Chambers Rd",
        "snapshotUrl": "https://cocam.carsprogram.org/Snapshots/070W28350CAM1SWC.flv.png",
        "streamUrl": "https://publicstreamer2.cotrip.org:443/rtplive/070W28350CAM1SWC/playlist.m3u8",
        "cameraCode": "070W28350CAM1SWC",
        "source": "COtrip",
        "state": "Colorado"
      }
    },
    {
      "type": "Feature",
      "geometry": {
        "type": "Point",
        "coordinates": [
          -104.80944,
          39.77057
        ]
      },
      "properties": {
        "id": "070E28355CAM1RP2",
        "title": "I-70 MP 283.55 EB at Pena Blvd Ramp",
        "snapshotUrl": "https://cocam.carsprogram.org/Snapshots/070E28355CAM1RP2.flv.png",
        "streamUrl": "https://publicstreamer2.cotrip.org:443/rtplive/070E28355CAM1RP2/playlist.m3u8",
        "cameraCode": "070E28355CAM1RP2",
        "source": "COtrip",
        "state": "Colorado"
      }
    },
    {
      "type": "Feature",
      "geometry": {
        "type": "Point",
        "coordinates": [
          -104.79155,
          39.7662
        ]
      },
      "properties": {
        "id": "070W28460CAM1RHS",
        "title": "I-70 MP 284.60 WB at N Airport Blvd",
        "snapshotUrl": "https://cocam.carsprogram.org/Snapshots/070W28460CAM1RHS.flv.png",
        "streamUrl": "https://publicstreamer3.cotrip.org:443/rtplive/070W28460CAM1RHS/playlist.m3u8",
        "cameraCode": "070W28460CAM1RHS",
        "source": "COtrip",
        "state": "Colorado"
      }
    },
    {
      "type": "Feature",
      "geometry": {
        "type": "Point",
        "coordinates": [
          -104.7812,
          39.76217
        ]
      },
      "properties": {
        "id": "070E28520CAM1RP2",
        "title": "I-70 MP 285.20 EB : 0.5 miles W of Tower Rd",
        "snapshotUrl": "https://cocam.carsprogram.org/Snapshots/070E28520CAM1RP2.flv.png",
        "streamUrl": "https://publicstreamer2.cotrip.org:443/rtplive/070E28520CAM1RP2/playlist.m3u8",
        "cameraCode": "070E28520CAM1RP2",
        "source": "COtrip",
        "state": "Colorado"
      }
    },
    {
      "type": "Feature",
      "geometry": {
        "type": "Point",
        "coordinates": [
          -104.72589,
          39.74001
        ]
      },
      "properties": {
        "id": "070E28855CAM1GP2",
        "title": "I-70 MP 288.55 EB : 0.4 miles W of E-470",
        "snapshotUrl": "https://cocam.carsprogram.org/Snapshots/070E28855CAM1GP2.flv.png",
        "streamUrl": "https://publicstreamer4.cotrip.org:443/rtplive/070E28855CAM1GP2/playlist.m3u8",
        "cameraCode": "070E28855CAM1GP2",
        "source": "COtrip",
        "state": "Colorado"
      }
    },
    {
      "type": "Feature",
      "geometry": {
        "type": "Point",
        "coordinates": [
          -104.71618,
          39.73948
        ]
      },
      "properties": {
        "id": "070E28915CAM1SWC",
        "title": "I-70 MP 289.15 EB at EB I-70 Ramp to E-470",
        "snapshotUrl": "https://cocam.carsprogram.org/Snapshots/070E28915CAM1SWC.flv.png",
        "streamUrl": "https://publicstreamer2.cotrip.org:443/rtplive/070E28915CAM1SWC/playlist.m3u8",
        "cameraCode": "070E28915CAM1SWC",
        "source": "COtrip",
        "state": "Colorado"
      }
    },
    {
      "type": "Feature",
      "geometry": {
        "type": "Point",
        "coordinates": [
          -104.68043,
          39.73994
        ]
      },
      "properties": {
        "id": "070E29110CAM1GP2",
        "title": "I-70 MP 291.10 EB : 0.1 miles W of Powhaton Rd",
        "snapshotUrl": "https://cocam.carsprogram.org/Snapshots/070E29110CAM1GP2.flv.png",
        "streamUrl": "https://publicstreamer1.cotrip.org:443/rtplive/070E29110CAM1GP2/playlist.m3u8",
        "cameraCode": "070E29110CAM1GP2",
        "source": "COtrip",
        "state": "Colorado"
      }
    },
    {
      "type": "Feature",
      "geometry": {
        "type": "Point",
        "coordinates": [
          -104.63349,
          39.73859
        ]
      },
      "properties": {
        "id": "070E29365CAM1RHS",
        "title": "I-70 MP 293.65 EB : 1.9 miles E of CO-36 in Aurora",
        "snapshotUrl": "https://cocam.carsprogram.org/Snapshots/070E29365CAM1RHS.flv.png",
        "streamUrl": "https://publicstreamer4.cotrip.org:443/rtplive/070E29365CAM1RHS/playlist.m3u8",
        "cameraCode": "070E29365CAM1RHS",
        "source": "COtrip",
        "state": "Colorado"
      }
    },
    {
      "type": "Feature",
      "geometry": {
        "type": "Point",
        "coordinates": [
          -104.5839,
          39.73958
        ]
      },
      "properties": {
        "id": "070E29625CAM1RHS",
        "title": "I-70 MP 296.25 EB : 1.3 miles E of Watkins Rd",
        "snapshotUrl": "https://cocam.carsprogram.org/Snapshots/070E29625CAM1RHS.flv.png",
        "streamUrl": "https://publicstreamer4.cotrip.org:443/rtplive/070E29625CAM1RHS/playlist.m3u8",
        "cameraCode": "070E29625CAM1RHS",
        "source": "COtrip",
        "state": "Colorado"
      }
    },
    {
      "type": "Feature",
      "geometry": {
        "type": "Point",
        "coordinates": [
          -104.5642,
          39.73954
        ]
      },
      "properties": {
        "id": "070E29735CAM1MED",
        "title": "I-70 MP 297.35 EB : 2.7 miles E of Watkins Rd",
        "snapshotUrl": "https://cocam.carsprogram.org/Snapshots/070E29735CAM1MED.flv.png",
        "streamUrl": "https://publicstreamer4.cotrip.org:443/rtplive/070E29735CAM1MED/playlist.m3u8",
        "cameraCode": "070E29735CAM1MED",
        "source": "COtrip",
        "state": "Colorado"
      }
    },
    {
      "type": "Feature",
      "geometry": {
        "type": "Point",
        "coordinates": [
          -104.5266,
          39.73859
        ]
      },
      "properties": {
        "id": "070E29935CAM1RHS",
        "title": "I-70 MP 299.35 EB at N Manila Rd in Bennett",
        "snapshotUrl": "https://cocam.carsprogram.org/Snapshots/070E29935CAM1RHS.flv.png",
        "streamUrl": "https://publicstreamer4.cotrip.org:443/rtplive/070E29935CAM1RHS/playlist.m3u8",
        "cameraCode": "070E29935CAM1RHS",
        "source": "COtrip",
        "state": "Colorado"
      }
    },
    {
      "type": "Feature",
      "geometry": {
        "type": "Point",
        "coordinates": [
          -104.4713,
          39.73808
        ]
      },
      "properties": {
        "id": "070E30230CAM1RHS",
        "title": "I-70 MP 302.30 EB : 2.6 miles W of S 1st St in Bennett",
        "snapshotUrl": "https://cocam.carsprogram.org/Snapshots/070E30230CAM1RHS.flv.png",
        "streamUrl": "https://publicstreamer4.cotrip.org:443/rtplive/070E30230CAM1RHS/playlist.m3u8",
        "cameraCode": "070E30230CAM1RHS",
        "source": "COtrip",
        "state": "Colorado"
      }
    },
    {
      "type": "Feature",
      "geometry": {
        "type": "Point",
        "coordinates": [
          -104.4333,
          39.7387
        ]
      },
      "properties": {
        "id": "070W30435CAM1RP1",
        "title": "I-70 MP 304.35WB at S 1st St Bennett",
        "snapshotUrl": "https://cocam.carsprogram.org/Snapshots/070W30435CAM1RP1.flv.png",
        "streamUrl": "https://publicstreamer2.cotrip.org:443/rtplive/070W30435CAM1RP1/playlist.m3u8",
        "cameraCode": "070W30435CAM1RP1",
        "source": "COtrip",
        "state": "Colorado"
      }
    },
    {
      "type": "Feature",
      "geometry": {
        "type": "Point",
        "coordinates": [
          -104.39479,
          39.73546
        ]
      },
      "properties": {
        "id": "070E30640CAM1RHS",
        "title": "I-70 MP 306.40 EB : 0.8 miles E of CR 2/15th Ave in Bennett",
        "snapshotUrl": "https://cocam.carsprogram.org/Snapshots/070E30640CAM1RHS.flv.png",
        "streamUrl": "https://publicstreamer4.cotrip.org:443/rtplive/070E30640CAM1RHS/playlist.m3u8",
        "cameraCode": "070E30640CAM1RHS",
        "source": "COtrip",
        "state": "Colorado"
      }
    },
    {
      "type": "Feature",
      "geometry": {
        "type": "Point",
        "coordinates": [
          -104.34252,
          39.73464
        ]
      },
      "properties": {
        "id": "070W30930CAM1GP2",
        "title": "I-70 MP 309.30 WB : 0.9 miles W of Wagner St in Strasburg",
        "snapshotUrl": "https://cocam.carsprogram.org/Snapshots/070W30930CAM1GP2.flv.png",
        "streamUrl": "https://publicstreamer2.cotrip.org:443/rtplive/070W30930CAM1GP2/playlist.m3u8",
        "cameraCode": "070W30930CAM1GP2",
        "source": "COtrip",
        "state": "Colorado"
      }
    },
    {
      "type": "Feature",
      "geometry": {
        "type": "Point",
        "coordinates": [
          -104.13548,
          39.69032
        ]
      },
      "properties": {
        "id": "070E32090CAM1MED",
        "title": "I-70 MP 320.90 EB : 1.6 miles W of Peoria Rd/CR 201",
        "snapshotUrl": "https://cocam.carsprogram.org/Snapshots/070E32090CAM1MED.flv.png",
        "streamUrl": "https://publicstreamer4.cotrip.org:443/rtplive/070E32090CAM1MED/playlist.m3u8",
        "cameraCode": "070E32090CAM1MED",
        "source": "COtrip",
        "state": "Colorado"
      }
    },
    {
      "type": "Feature",
      "geometry": {
        "type": "Point",
        "coordinates": [
          -104.0382,
          39.61025
        ]
      },
      "properties": {
        "id": "070E32865CAM1RHS",
        "title": "I-70 MP 328.65 EB : 0.3 miles E of Cedar St Deer Trail",
        "snapshotUrl": "https://cocam.carsprogram.org/Snapshots/070E32865CAM1RHS.flv.png",
        "streamUrl": "https://publicstreamer2.cotrip.org:443/rtplive/070E32865CAM1RHS/playlist.m3u8",
        "cameraCode": "070E32865CAM1RHS",
        "source": "COtrip",
        "state": "Colorado"
      }
    },
    {
      "type": "Feature",
      "geometry": {
        "type": "Point",
        "coordinates": [
          -103.938,
          39.46199
        ]
      },
      "properties": {
        "id": "070E34035CAM1RP1",
        "title": "I-70 MP 340.35 EB at CR 166 Ramp to EB I-70 in Agate",
        "snapshotUrl": "https://cocam.carsprogram.org/Snapshots/070E34035CAM1RP1.flv.png",
        "streamUrl": "https://publicstreamer4.cotrip.org:443/rtplive/070E34035CAM1RP1/playlist.m3u8",
        "cameraCode": "070E34035CAM1RP1",
        "source": "COtrip",
        "state": "Colorado"
      }
    },
    {
      "type": "Feature",
      "geometry": {
        "type": "Point",
        "coordinates": [
          -103.72422,
          39.27347
        ]
      },
      "properties": {
        "id": "070W35855CAM1GP2",
        "title": "I-70 MP 358.55 WB : 1.2 miles W of Williams Ave in Limon",
        "snapshotUrl": "https://cocam.carsprogram.org/Snapshots/070W35855CAM1GP2.flv.png",
        "streamUrl": "https://publicstreamer4.cotrip.org:443/rtplive/070W35855CAM1GP2/playlist.m3u8",
        "cameraCode": "070W35855CAM1GP2",
        "source": "COtrip",
        "state": "Colorado"
      }
    },
    {
      "type": "Feature",
      "geometry": {
        "type": "Point",
        "coordinates": [
          -103.65945,
          39.26124
        ]
      },
      "properties": {
        "id": "070W36230CAM1GP2",
        "title": "I-70 MP 362.30 WB : 0.5 miles E of US 40/US 287W in Limon",
        "snapshotUrl": "https://cocam.carsprogram.org/Snapshots/070W36230CAM1GP2.flv.png",
        "streamUrl": "https://publicstreamer4.cotrip.org:443/rtplive/070W36230CAM1GP2/playlist.m3u8",
        "cameraCode": "070W36230CAM1GP2",
        "source": "COtrip",
        "state": "Colorado"
      }
    },
    {
      "type": "Feature",
      "geometry": {
        "type": "Point",
        "coordinates": [
          -103.605,
          39.26644
        ]
      },
      "properties": {
        "id": "070E36530CAM1RHS",
        "title": "I-70 MP 365.30 EB : 2.9 miles E of US 40/US 287 on Frontage Rd in Limon",
        "snapshotUrl": "https://cocam.carsprogram.org/Snapshots/070E36530CAM1RHS.flv.png",
        "streamUrl": "https://publicstreamer4.cotrip.org:443/rtplive/070E36530CAM1RHS/playlist.m3u8",
        "cameraCode": "070E36530CAM1RHS",
        "source": "COtrip",
        "state": "Colorado"
      }
    },
    {
      "type": "Feature",
      "geometry": {
        "type": "Point",
        "coordinates": [
          -103.49142,
          39.27423
        ]
      },
      "properties": {
        "id": "070E37150CAM1RP1",
        "title": "I-70 MP 371.50 EB at CR 31/CR 109 in Genoa",
        "snapshotUrl": "https://cocam.carsprogram.org/Snapshots/070E37150CAM1RP1.flv.png",
        "streamUrl": "https://publicstreamer4.cotrip.org:443/rtplive/070E37150CAM1RP1/playlist.m3u8",
        "cameraCode": "070E37150CAM1RP1",
        "source": "COtrip",
        "state": "Colorado"
      }
    },
    {
      "type": "Feature",
      "geometry": {
        "type": "Point",
        "coordinates": [
          -103.26735,
          39.28201
        ]
      },
      "properties": {
        "id": "070E38350CAM1RP1",
        "title": "I-70 MP 383.50 EB at CR 43 to EB I-70 Ramp in Arriba",
        "snapshotUrl": "https://cocam.carsprogram.org/Snapshots/070E38350CAM1RP1.flv.png",
        "streamUrl": "https://publicstreamer1.cotrip.org:443/rtplive/070E38350CAM1RP1/playlist.m3u8",
        "cameraCode": "070E38350CAM1RP1",
        "source": "COtrip",
        "state": "Colorado"
      }
    },
    {
      "type": "Feature",
      "geometry": {
        "type": "Point",
        "coordinates": [
          -102.87405,
          39.29299
        ]
      },
      "properties": {
        "id": "070E40505CAM1RP1",
        "title": "I-70 MP 405.05 Ebb at CO-59 Ramp to EB I-70 in Seibert",
        "snapshotUrl": "https://cocam.carsprogram.org/Snapshots/070E40505CAM1RP1.flv.png",
        "streamUrl": "https://publicstreamer1.cotrip.org:443/rtplive/070E40505CAM1RP1/playlist.m3u8",
        "cameraCode": "070E40505CAM1RP1",
        "source": "COtrip",
        "state": "Colorado"
      }
    },
    {
      "type": "Feature",
      "geometry": {
        "type": "Point",
        "coordinates": [
          -102.59649,
          39.29427
        ]
      },
      "properties": {
        "id": "070E41985CAM1RHS",
        "title": "I-70 MP 419.85 EB : 0.5 miles E of Colorado Ave/Rd 30.5 in Stratton",
        "snapshotUrl": "https://cocam.carsprogram.org/Snapshots/070E41985CAM1RHS.flv.png",
        "streamUrl": "https://publicstreamer3.cotrip.org:443/rtplive/070E41985CAM1RHS/playlist.m3u8",
        "cameraCode": "070E41985CAM1RHS",
        "source": "COtrip",
        "state": "Colorado"
      }
    },
    {
      "type": "Feature",
      "geometry": {
        "type": "Point",
        "coordinates": [
          -102.42791,
          39.29349
        ]
      },
      "properties": {
        "id": "070E42885CAM1RP1",
        "title": "I-70 MP 428.85 EB at CR 40 to EB I-70 Ramp in Bethune",
        "snapshotUrl": "https://cocam.carsprogram.org/Snapshots/070E42885CAM1RP1.flv.png",
        "streamUrl": "https://publicstreamer4.cotrip.org:443/rtplive/070E42885CAM1RP1/playlist.m3u8",
        "cameraCode": "070E42885CAM1RP1",
        "source": "COtrip",
        "state": "Colorado"
      }
    },
    {
      "type": "Feature",
      "geometry": {
        "type": "Point",
        "coordinates": [
          -102.27858,
          39.29472
        ]
      },
      "properties": {
        "id": "070W43680CAM1RP1",
        "title": "I-70 MP 436.80 WB at S Lincoln St/US 385 in Burlington",
        "snapshotUrl": "https://cocam.carsprogram.org/Snapshots/070W43680CAM1RP1.flv.png",
        "streamUrl": "https://publicstreamer3.cotrip.org:443/rtplive/070W43680CAM1RP1/playlist.m3u8",
        "cameraCode": "070W43680CAM1RP1",
        "source": "COtrip",
        "state": "Colorado"
      }
    },
    {
      "type": "Feature",
      "geometry": {
        "type": "Point",
        "coordinates": [
          -102.25221,
          39.30273
        ]
      },
      "properties": {
        "id": "070E43845CAM1RP1",
        "title": "I-70 MP 438.45 EB : 0.2 miles E of Rose Ave in Burlington",
        "snapshotUrl": "https://cocam.carsprogram.org/Snapshots/070E43845CAM1RP1.flv.png",
        "streamUrl": "https://publicstreamer2.cotrip.org:443/rtplive/070E43845CAM1RP1/playlist.m3u8",
        "cameraCode": "070E43845CAM1RP1",
        "source": "COtrip",
        "state": "Colorado"
      }
    },
    {
      "type": "Feature",
      "geometry": {
        "type": "Point",
        "coordinates": [
          -105.05396,
          39.79639
        ]
      },
      "properties": {
        "id": "076W00175CAM1RHS",
        "title": "I-76 MP 001.75 WB at Sheridan Blvd/CO 95",
        "snapshotUrl": "https://cocam.carsprogram.org/Snapshots/076W00175CAM1RHS.flv.png",
        "streamUrl": "https://publicstreamer2.cotrip.org:443/rtplive/076W00175CAM1RHS/playlist.m3u8",
        "cameraCode": "076W00175CAM1RHS",
        "source": "COtrip",
        "state": "Colorado"
      }
    },
    {
      "type": "Feature",
      "geometry": {
        "type": "Point",
        "coordinates": [
          -105.02584,
          39.80068
        ]
      },
      "properties": {
        "id": "076W00320CAM1RHS",
        "title": "I-76 MP 003.20 WB at Federal Blvd/US 287",
        "snapshotUrl": "https://cocam.carsprogram.org/Snapshots/076W00320CAM1RHS.flv.png",
        "streamUrl": "https://publicstreamer1.cotrip.org:443/rtplive/076W00320CAM1RHS/playlist.m3u8",
        "cameraCode": "076W00320CAM1RHS",
        "source": "COtrip",
        "state": "Colorado"
      }
    },
    {
      "type": "Feature",
      "geometry": {
        "type": "Point",
        "coordinates": [
          -105.00693,
          39.80897
        ]
      },
      "properties": {
        "id": "076W00440CAM1RHS",
        "title": "I-76 MP 004.40 WB at N Pecos St",
        "snapshotUrl": "https://cocam.carsprogram.org/Snapshots/076W00440CAM1RHS.flv.png",
        "streamUrl": "https://publicstreamer4.cotrip.org:443/rtplive/076W00440CAM1RHS/playlist.m3u8",
        "cameraCode": "076W00440CAM1RHS",
        "source": "COtrip",
        "state": "Colorado"
      }
    },
    {
      "type": "Feature",
      "geometry": {
        "type": "Point",
        "coordinates": [
          -104.98305,
          39.81742
        ]
      },
      "properties": {
        "id": "076W00570CAM1RHS",
        "title": "I-76 MP 005.70 WB at I-25",
        "snapshotUrl": "https://cocam.carsprogram.org/Snapshots/076W00570CAM1RHS.flv.png",
        "streamUrl": "https://publicstreamer4.cotrip.org:443/rtplive/076W00570CAM1RHS/playlist.m3u8",
        "cameraCode": "076W00570CAM1RHS",
        "source": "COtrip",
        "state": "Colorado"
      }
    },
    {
      "type": "Feature",
      "geometry": {
        "type": "Point",
        "coordinates": [
          -104.97197,
          39.82285
        ]
      },
      "properties": {
        "id": "076W00640CAM1RHS",
        "title": "I-76 MP 006.40 WB : 0.4 miles W of I-270",
        "snapshotUrl": "https://cocam.carsprogram.org/Snapshots/076W00640CAM1RHS.flv.png",
        "streamUrl": "https://publicstreamer4.cotrip.org:443/rtplive/076W00640CAM1RHS/playlist.m3u8",
        "cameraCode": "076W00640CAM1RHS",
        "source": "COtrip",
        "state": "Colorado"
      }
    },
    {
      "type": "Feature",
      "geometry": {
        "type": "Point",
        "coordinates": [
          -104.96224,
          39.82359
        ]
      },
      "properties": {
        "id": "076E00695CAM1RP1",
        "title": "I-76 MP 006.95 EB : EB I-270 Ramp to EB I-76",
        "snapshotUrl": "https://cocam.carsprogram.org/Snapshots/076E00695CAM1RP1.flv.png",
        "streamUrl": "https://publicstreamer3.cotrip.org:443/rtplive/076E00695CAM1RP1/playlist.m3u8",
        "cameraCode": "076E00695CAM1RP1",
        "source": "COtrip",
        "state": "Colorado"
      }
    },
    {
      "type": "Feature",
      "geometry": {
        "type": "Point",
        "coordinates": [
          -104.92451,
          39.84574
        ]
      },
      "properties": {
        "id": "076E00945CAM1GP2",
        "title": "I-76 MP 009.45 EB at Vasquez Blvd/US 6",
        "snapshotUrl": "https://cocam.carsprogram.org/Snapshots/076E00945CAM1GP2.flv.png",
        "streamUrl": "https://publicstreamer4.cotrip.org:443/rtplive/076E00945CAM1GP2/playlist.m3u8",
        "cameraCode": "076E00945CAM1GP2",
        "source": "COtrip",
        "state": "Colorado"
      }
    },
    {
      "type": "Feature",
      "geometry": {
        "type": "Point",
        "coordinates": [
          -104.91205,
          39.85743
        ]
      },
      "properties": {
        "id": "076E01045CAM1SEC",
        "title": "I-76 MP 010.45 EB at E 88th Ave and I-76 EB Ramp",
        "snapshotUrl": "https://cocam.carsprogram.org/Snapshots/076E01045CAM1SEC.flv.png",
        "streamUrl": "https://publicstreamer4.cotrip.org:443/rtplive/076E01045CAM1SEC/playlist.m3u8",
        "cameraCode": "076E01045CAM1SEC",
        "source": "COtrip",
        "state": "Colorado"
      }
    },
    {
      "type": "Feature",
      "geometry": {
        "type": "Point",
        "coordinates": [
          -104.90694,
          39.86499
        ]
      },
      "properties": {
        "id": "076W01110CAM1GP3",
        "title": "I-76 MP 011.10 WB : 0.6 miles W of E 96th Ave",
        "snapshotUrl": "https://cocam.carsprogram.org/Snapshots/076W01110CAM1GP3.flv.png",
        "streamUrl": "https://publicstreamer3.cotrip.org:443/rtplive/076W01110CAM1GP3/playlist.m3u8",
        "cameraCode": "076W01110CAM1GP3",
        "source": "COtrip",
        "state": "Colorado"
      }
    },
    {
      "type": "Feature",
      "geometry": {
        "type": "Point",
        "coordinates": [
          -104.8247,
          39.90881
        ]
      },
      "properties": {
        "id": "076E01650CAM1RP1",
        "title": "I-76 MP 016.50 EB at Sable Blvd/CO 2",
        "snapshotUrl": "https://cocam.carsprogram.org/Snapshots/076E01650CAM1RP1.flv.png",
        "streamUrl": "https://publicstreamer3.cotrip.org:443/rtplive/076E01650CAM1RP1/playlist.m3u8",
        "cameraCode": "076E01650CAM1RP1",
        "source": "COtrip",
        "state": "Colorado"
      }
    },
    {
      "type": "Feature",
      "geometry": {
        "type": "Point",
        "coordinates": [
          -104.78511,
          39.94342
        ]
      },
      "properties": {
        "id": "076W01975CAM1RP1",
        "title": "I-76 MP 019.75 WB at E 136th Ave",
        "snapshotUrl": "https://cocam.carsprogram.org/Snapshots/076W01975CAM1RP1.flv.png",
        "streamUrl": "https://publicstreamer4.cotrip.org:443/rtplive/076W01975CAM1RP1/playlist.m3u8",
        "cameraCode": "076W01975CAM1RP1",
        "source": "COtrip",
        "state": "Colorado"
      }
    },
    {
      "type": "Feature",
      "geometry": {
        "type": "Point",
        "coordinates": [
          -104.7155,
          40.00059
        ]
      },
      "properties": {
        "id": "076W02515CAM1RP1",
        "title": "I-76 MP 025.15 WB at E 168th Ave",
        "snapshotUrl": "https://cocam.carsprogram.org/Snapshots/076W02515CAM1RP1.flv.png",
        "streamUrl": "https://publicstreamer1.cotrip.org:443/rtplive/076W02515CAM1RP1/playlist.m3u8",
        "cameraCode": "076W02515CAM1RP1",
        "source": "COtrip",
        "state": "Colorado"
      }
    },
    {
      "type": "Feature",
      "geometry": {
        "type": "Point",
        "coordinates": [
          -104.67174,
          40.04454
        ]
      },
      "properties": {
        "id": "076W02895CAM1RP1",
        "title": "I-76 MP 028.95 WB at CR 8",
        "snapshotUrl": "https://cocam.carsprogram.org/Snapshots/076W02895CAM1RP1.flv.png",
        "streamUrl": "https://publicstreamer2.cotrip.org:443/rtplive/076W02895CAM1RP1/playlist.m3u8",
        "cameraCode": "076W02895CAM1RP1",
        "source": "COtrip",
        "state": "Colorado"
      }
    },
    {
      "type": "Feature",
      "geometry": {
        "type": "Point",
        "coordinates": [
          -104.6494,
          40.0758
        ]
      },
      "properties": {
        "id": "076W03150CAM1RP1",
        "title": "I-76 MP 031.50 WB at Main St/CO 52 in Hudson",
        "snapshotUrl": "https://cocam.carsprogram.org/Snapshots/076W03150CAM1RP1.flv.png",
        "streamUrl": "https://publicstreamer4.cotrip.org:443/rtplive/076W03150CAM1RP1/playlist.m3u8",
        "cameraCode": "076W03150CAM1RP1",
        "source": "COtrip",
        "state": "Colorado"
      }
    },
    {
      "type": "Feature",
      "geometry": {
        "type": "Point",
        "coordinates": [
          -104.60217,
          40.10225
        ]
      },
      "properties": {
        "id": "076W03445CAM1MED",
        "title": "I-76 MP 034.45 WB at CR 49 in Hudson",
        "snapshotUrl": "https://cocam.carsprogram.org/Snapshots/076W03445CAM1MED.flv.png",
        "streamUrl": "https://publicstreamer4.cotrip.org:443/rtplive/076W03445CAM1MED/playlist.m3u8",
        "cameraCode": "076W03445CAM1MED",
        "source": "COtrip",
        "state": "Colorado"
      }
    },
    {
      "type": "Feature",
      "geometry": {
        "type": "Point",
        "coordinates": [
          -104.56578,
          40.11023
        ]
      },
      "properties": {
        "id": "076E03650CAM1RHS",
        "title": "I-76 MP 036.50 EB at CR 53 in Keenesburg",
        "snapshotUrl": "https://cocam.carsprogram.org/Snapshots/076E03650CAM1RHS.flv.png",
        "streamUrl": "https://publicstreamer2.cotrip.org:443/rtplive/076E03650CAM1RHS/playlist.m3u8",
        "cameraCode": "076E03650CAM1RHS",
        "source": "COtrip",
        "state": "Colorado"
      }
    },
    {
      "type": "Feature",
      "geometry": {
        "type": "Point",
        "coordinates": [
          -104.52151,
          40.1139
        ]
      },
      "properties": {
        "id": "076E03890CAM1MED",
        "title": "I-76 MP 038.90 EB at Market St in Keenesburg",
        "snapshotUrl": "https://cocam.carsprogram.org/Snapshots/076E03890CAM1MED.flv.png",
        "streamUrl": "https://publicstreamer1.cotrip.org:443/rtplive/076E03890CAM1MED/playlist.m3u8",
        "cameraCode": "076E03890CAM1MED",
        "source": "COtrip",
        "state": "Colorado"
      }
    },
    {
      "type": "Feature",
      "geometry": {
        "type": "Point",
        "coordinates": [
          -104.3911,
          40.16745
        ]
      },
      "properties": {
        "id": "076E04720CAM1RHS",
        "title": "I-76 MP 047.20 EB : 0.8 miles W of CR 73 in Roggen",
        "snapshotUrl": "https://cocam.carsprogram.org/Snapshots/076E04720CAM1RHS.flv.png",
        "streamUrl": "https://publicstreamer1.cotrip.org:443/rtplive/076E04720CAM1RHS/playlist.m3u8",
        "cameraCode": "076E04720CAM1RHS",
        "source": "COtrip",
        "state": "Colorado"
      }
    },
    {
      "type": "Feature",
      "geometry": {
        "type": "Point",
        "coordinates": [
          -104.36102,
          40.17115
        ]
      },
      "properties": {
        "id": "076W04880CAM1RHS",
        "title": "I-76 MP 048.80 WB : 1.0 mile E of CR 73 in Roggen",
        "snapshotUrl": "https://cocam.carsprogram.org/Snapshots/076W04880CAM1RHS.flv.png",
        "streamUrl": "https://publicstreamer1.cotrip.org:443/rtplive/076W04880CAM1RHS/playlist.m3u8",
        "cameraCode": "076W04880CAM1RHS",
        "source": "COtrip",
        "state": "Colorado"
      }
    },
    {
      "type": "Feature",
      "geometry": {
        "type": "Point",
        "coordinates": [
          -104.18991,
          40.22517
        ]
      },
      "properties": {
        "id": "076W05865CAM1RHS",
        "title": "I-76 MP 058.65 WB : 1.5 miles W of CR 36 in Wiggins",
        "snapshotUrl": "https://cocam.carsprogram.org/Snapshots/076W05865CAM1RHS.flv.png",
        "streamUrl": "https://publicstreamer1.cotrip.org:443/rtplive/076W05865CAM1RHS/playlist.m3u8",
        "cameraCode": "076W05865CAM1RHS",
        "source": "COtrip",
        "state": "Colorado"
      }
    },
    {
      "type": "Feature",
      "geometry": {
        "type": "Point",
        "coordinates": [
          -104.13163,
          40.23237
        ]
      },
      "properties": {
        "id": "076W06180CAM1RHS",
        "title": "I-76 MP 061.80 WB at CO 144/CR 1 in Wiggins",
        "snapshotUrl": "https://cocam.carsprogram.org/Snapshots/076W06180CAM1RHS.flv.png",
        "streamUrl": "https://publicstreamer4.cotrip.org:443/rtplive/076W06180CAM1RHS/playlist.m3u8",
        "cameraCode": "076W06180CAM1RHS",
        "source": "COtrip",
        "state": "Colorado"
      }
    },
    {
      "type": "Feature",
      "geometry": {
        "type": "Point",
        "coordinates": [
          -104.0519,
          40.24606
        ]
      },
      "properties": {
        "id": "076E06630CAM1RP1",
        "title": "I-76 MP 066.30 EB : 0.3 miles E of CO 39/CO 52 EB US 34 Ramp to EB I-76 in Wiggins",
        "snapshotUrl": "https://cocam.carsprogram.org/Snapshots/076E06630CAM1RP1.flv.png",
        "streamUrl": "https://publicstreamer3.cotrip.org:443/rtplive/076E06630CAM1RP1/playlist.m3u8",
        "cameraCode": "076E06630CAM1RP1",
        "source": "COtrip",
        "state": "Colorado"
      }
    },
    {
      "type": "Feature",
      "geometry": {
        "type": "Point",
        "coordinates": [
          -104.00932,
          40.25005
        ]
      },
      "properties": {
        "id": "076W06860CAM1RHS",
        "title": "I-76 MP 068.60 WB : 2.5 miles E of CO 39/CO 52 on Frontage Rd",
        "snapshotUrl": "https://cocam.carsprogram.org/Snapshots/076W06860CAM1RHS.flv.png",
        "streamUrl": "https://publicstreamer3.cotrip.org:443/rtplive/076W06860CAM1RHS/playlist.m3u8",
        "cameraCode": "076W06860CAM1RHS",
        "source": "COtrip",
        "state": "Colorado"
      }
    },
    {
      "type": "Feature",
      "geometry": {
        "type": "Point",
        "coordinates": [
          -103.92413,
          40.24342
        ]
      },
      "properties": {
        "id": "076W07315CAM1RHS",
        "title": "I-76 MP 073.15 WB at Long Bridge",
        "snapshotUrl": "https://cocam.carsprogram.org/Snapshots/076W07315CAM1RHS.flv.png",
        "streamUrl": "https://publicstreamer3.cotrip.org:443/rtplive/076W07315CAM1RHS/playlist.m3u8",
        "cameraCode": "076W07315CAM1RHS",
        "source": "COtrip",
        "state": "Colorado"
      }
    },
    {
      "type": "Feature",
      "geometry": {
        "type": "Point",
        "coordinates": [
          -103.89868,
          40.24432
        ]
      },
      "properties": {
        "id": "076E07450CAM1RP1",
        "title": "I-76 MP 074.50 EB : 1.3 miles E of Long Bridge Rd Port of Entry",
        "snapshotUrl": "https://cocam.carsprogram.org/Snapshots/076E07450CAM1RP1.flv.png",
        "streamUrl": "https://publicstreamer1.cotrip.org:443/rtplive/076E07450CAM1RP1/playlist.m3u8",
        "cameraCode": "076E07450CAM1RP1",
        "source": "COtrip",
        "state": "Colorado"
      }
    },
    {
      "type": "Feature",
      "geometry": {
        "type": "Point",
        "coordinates": [
          -103.88014,
          40.25411
        ]
      },
      "properties": {
        "id": "076E07570CAM1RHS",
        "title": "I-76 MP 075.70 EB at US 34 in Fort Morgan",
        "snapshotUrl": "https://cocam.carsprogram.org/Snapshots/076E07570CAM1RHS.flv.png",
        "streamUrl": "https://publicstreamer1.cotrip.org:443/rtplive/076E07570CAM1RHS/playlist.m3u8",
        "cameraCode": "076E07570CAM1RHS",
        "source": "COtrip",
        "state": "Colorado"
      }
    },
    {
      "type": "Feature",
      "geometry": {
        "type": "Point",
        "coordinates": [
          -103.84906,
          40.26549
        ]
      },
      "properties": {
        "id": "076E07760CAM1MED",
        "title": "I-76 MP 077.60 EB : 1.8 miles E of US 34 in Fort Morgan",
        "snapshotUrl": "https://cocam.carsprogram.org/Snapshots/076E07760CAM1MED.flv.png",
        "streamUrl": "https://publicstreamer1.cotrip.org:443/rtplive/076E07760CAM1MED/playlist.m3u8",
        "cameraCode": "076E07760CAM1MED",
        "source": "COtrip",
        "state": "Colorado"
      }
    },
    {
      "type": "Feature",
      "geometry": {
        "type": "Point",
        "coordinates": [
          -103.80206,
          40.26399
        ]
      },
      "properties": {
        "id": "076E08010CAM1MED",
        "title": "I-76 MP 080.10 EB at CO 52/Main St in Fort Morgan",
        "snapshotUrl": "https://cocam.carsprogram.org/Snapshots/076E08010CAM1MED.flv.png",
        "streamUrl": "https://publicstreamer1.cotrip.org:443/rtplive/076E08010CAM1MED/playlist.m3u8",
        "cameraCode": "076E08010CAM1MED",
        "source": "COtrip",
        "state": "Colorado"
      }
    },
    {
      "type": "Feature",
      "geometry": {
        "type": "Point",
        "coordinates": [
          -103.78621,
          40.26314
        ]
      },
      "properties": {
        "id": "076E08095CAM1RHS",
        "title": "I-76 MP 080.95 EB : 0.8 miles E of Main St/CO 52 in Fort Morgan",
        "snapshotUrl": "https://cocam.carsprogram.org/Snapshots/076E08095CAM1RHS.flv.png",
        "streamUrl": "https://publicstreamer3.cotrip.org:443/rtplive/076E08095CAM1RHS/playlist.m3u8",
        "cameraCode": "076E08095CAM1RHS",
        "source": "COtrip",
        "state": "Colorado"
      }
    },
    {
      "type": "Feature",
      "geometry": {
        "type": "Point",
        "coordinates": [
          -103.77309,
          40.2631
        ]
      },
      "properties": {
        "id": "076E08165CAM1MED",
        "title": "I-76 MP 081.65 EB at Barlow Rd in Fort Morgan",
        "snapshotUrl": "https://cocam.carsprogram.org/Snapshots/076E08165CAM1MED.flv.png",
        "streamUrl": "https://publicstreamer3.cotrip.org:443/rtplive/076E08165CAM1MED/playlist.m3u8",
        "cameraCode": "076E08165CAM1MED",
        "source": "COtrip",
        "state": "Colorado"
      }
    },
    {
      "type": "Feature",
      "geometry": {
        "type": "Point",
        "coordinates": [
          -103.68223,
          40.26829
        ]
      },
      "properties": {
        "id": "076W08650CAM1RHS",
        "title": "I-76 MP 086.50 WB : 0.8 miles E of CR 24 in Brush",
        "snapshotUrl": "https://cocam.carsprogram.org/Snapshots/076W08650CAM1RHS.flv.png",
        "streamUrl": "https://publicstreamer3.cotrip.org:443/rtplive/076W08650CAM1RHS/playlist.m3u8",
        "cameraCode": "076W08650CAM1RHS",
        "source": "COtrip",
        "state": "Colorado"
      }
    },
    {
      "type": "Feature",
      "geometry": {
        "type": "Point",
        "coordinates": [
          -103.64107,
          40.2685
        ]
      },
      "properties": {
        "id": "076W08870CAM1MED",
        "title": "I-76 MP 088.70 WB at Hospital Rd/CR 27 in Brush",
        "snapshotUrl": "https://cocam.carsprogram.org/Snapshots/076W08870CAM1MED.flv.png",
        "streamUrl": "https://publicstreamer1.cotrip.org:443/rtplive/076W08870CAM1MED/playlist.m3u8",
        "cameraCode": "076W08870CAM1MED",
        "source": "COtrip",
        "state": "Colorado"
      }
    },
    {
      "type": "Feature",
      "geometry": {
        "type": "Point",
        "coordinates": [
          -103.58394,
          40.27146
        ]
      },
      "properties": {
        "id": "076E09170CAM1RHS",
        "title": "I-76 MP 091.70 EB at US 6/US 34/I-76BUS in Brush",
        "snapshotUrl": "https://cocam.carsprogram.org/Snapshots/076E09170CAM1RHS.flv.png",
        "streamUrl": "https://publicstreamer1.cotrip.org:443/rtplive/076E09170CAM1RHS/playlist.m3u8",
        "cameraCode": "076E09170CAM1RHS",
        "source": "COtrip",
        "state": "Colorado"
      }
    },
    {
      "type": "Feature",
      "geometry": {
        "type": "Point",
        "coordinates": [
          -103.52715,
          40.30171
        ]
      },
      "properties": {
        "id": "076W09540CAM1MED",
        "title": "I-76 MP 095.40 WB at CR 33 in Hillrose",
        "snapshotUrl": "https://cocam.carsprogram.org/Snapshots/076W09540CAM1MED.flv.png",
        "streamUrl": "https://publicstreamer3.cotrip.org:443/rtplive/076W09540CAM1MED/playlist.m3u8",
        "cameraCode": "076W09540CAM1MED",
        "source": "COtrip",
        "state": "Colorado"
      }
    },
    {
      "type": "Feature",
      "geometry": {
        "type": "Point",
        "coordinates": [
          -103.43699,
          40.35376
        ]
      },
      "properties": {
        "id": "076E10135CAM1RHS",
        "title": "I-76 MP 101.35 EB : 0.8 miles W of CR Q",
        "snapshotUrl": "https://cocam.carsprogram.org/Snapshots/076E10135CAM1RHS.flv.png",
        "streamUrl": "https://publicstreamer3.cotrip.org:443/rtplive/076E10135CAM1RHS/playlist.m3u8",
        "cameraCode": "076E10135CAM1RHS",
        "source": "COtrip",
        "state": "Colorado"
      }
    },
    {
      "type": "Feature",
      "geometry": {
        "type": "Point",
        "coordinates": [
          -103.34048,
          40.41408
        ]
      },
      "properties": {
        "id": "076E10795CAM1RHS",
        "title": "I-76 MP 107.95 EB : 5.8 miles E of CR Q in Merino",
        "snapshotUrl": "https://cocam.carsprogram.org/Snapshots/076E10795CAM1RHS.flv.png",
        "streamUrl": "https://publicstreamer3.cotrip.org:443/rtplive/076E10795CAM1RHS/playlist.m3u8",
        "cameraCode": "076E10795CAM1RHS",
        "source": "COtrip",
        "state": "Colorado"
      }
    },
    {
      "type": "Feature",
      "geometry": {
        "type": "Point",
        "coordinates": [
          -103.28253,
          40.4767
        ]
      },
      "properties": {
        "id": "076E11320CAM1RHS",
        "title": "I-76 MP 113.20 EB : 2.0 miles W of CO 63 in Atwood",
        "snapshotUrl": "https://cocam.carsprogram.org/Snapshots/076E11320CAM1RHS.flv.png",
        "streamUrl": "https://publicstreamer1.cotrip.org:443/rtplive/076E11320CAM1RHS/playlist.m3u8",
        "cameraCode": "076E11320CAM1RHS",
        "source": "COtrip",
        "state": "Colorado"
      }
    },
    {
      "type": "Feature",
      "geometry": {
        "type": "Point",
        "coordinates": [
          -103.26072,
          40.50101
        ]
      },
      "properties": {
        "id": "076W11525CAM1RHS",
        "title": "I-76 MP 115.25 WB at CO 63 in Atwood",
        "snapshotUrl": "https://cocam.carsprogram.org/Snapshots/076W11525CAM1RHS.flv.png",
        "streamUrl": "https://publicstreamer1.cotrip.org:443/rtplive/076W11525CAM1RHS/playlist.m3u8",
        "cameraCode": "076W11525CAM1RHS",
        "source": "COtrip",
        "state": "Colorado"
      }
    },
    {
      "type": "Feature",
      "geometry": {
        "type": "Point",
        "coordinates": [
          -103.25038,
          40.51203
        ]
      },
      "properties": {
        "id": "076W11620CAM1RHS",
        "title": "I-76 MP 116.20 WB : 1.0 mile E of CR 63 in Atwood",
        "snapshotUrl": "https://cocam.carsprogram.org/Snapshots/076W11620CAM1RHS.flv.png",
        "streamUrl": "https://publicstreamer3.cotrip.org:443/rtplive/076W11620CAM1RHS/playlist.m3u8",
        "cameraCode": "076W11620CAM1RHS",
        "source": "COtrip",
        "state": "Colorado"
      }
    },
    {
      "type": "Feature",
      "geometry": {
        "type": "Point",
        "coordinates": [
          -106.82919,
          37.48654
        ]
      },
      "properties": {
        "id": "160E16515CAM2RHS",
        "title": "US 160 MP 165.15 EB : 2.6 miles W of Wolf Creek Ski Area",
        "snapshotUrl": "https://cocam.carsprogram.org/Snapshots/160E16515CAM2RHS.flv.png",
        "streamUrl": "https://publicstreamer4.cotrip.org:443/rtplive/160E16515CAM2RHS/playlist.m3u8",
        "cameraCode": "160E16515CAM2RHS",
        "source": "COtrip",
        "state": "Colorado"
      }
    },
    {
      "type": "Feature",
      "geometry": {
        "type": "Point",
        "coordinates": [
          -106.641,
          37.66917
        ]
      },
      "properties": {
        "id": "160W18610CAM1RHS",
        "title": "US 160 MP 186.10 WB at CO 149 in South Fork",
        "snapshotUrl": "https://cocam.carsprogram.org/Snapshots/160W18610CAM1RHS.flv.png",
        "streamUrl": "https://publicstreamer1.cotrip.org:443/rtplive/160W18610CAM1RHS/playlist.m3u8",
        "cameraCode": "160W18610CAM1RHS",
        "source": "COtrip",
        "state": "Colorado"
      }
    },
    {
      "type": "Feature",
      "geometry": {
        "type": "Point",
        "coordinates": [
          -105.06928,
          38.98152
        ]
      },
      "properties": {
        "id": "024W28375CAM1NWC",
        "title": "US 24 MP 283.75 WB at Trout Creek Rd/CR 25 in Woodland Park",
        "snapshotUrl": "https://cocam.carsprogram.org/Snapshots/024W28375CAM1NWC.flv.png",
        "streamUrl": "https://publicstreamer1.cotrip.org:443/rtplive/024W28375CAM1NWC/playlist.m3u8",
        "cameraCode": "024W28375CAM1NWC",
        "source": "COtrip",
        "state": "Colorado"
      }
    },
    {
      "type": "Feature",
      "geometry": {
        "type": "Point",
        "coordinates": [
          -105.05699,
          38.99421
        ]
      },
      "properties": {
        "id": "024W28505CAM1NWC",
        "title": "US 24 MP 285.05 WB at West St in Woodland Park",
        "snapshotUrl": "https://cocam.carsprogram.org/Snapshots/024W28505CAM1NWC.flv.png",
        "streamUrl": "https://publicstreamer3.cotrip.org:443/rtplive/024W28505CAM1NWC/playlist.m3u8",
        "cameraCode": "024W28505CAM1NWC",
        "source": "COtrip",
        "state": "Colorado"
      }
    },
    {
      "type": "Feature",
      "geometry": {
        "type": "Point",
        "coordinates": [
          -105.04436,
          38.98173
        ]
      },
      "properties": {
        "id": "024W28610CAM1SEC",
        "title": "US 24 MP 286.10 WB at Paradise Cir in Woodland Park",
        "snapshotUrl": "https://cocam.carsprogram.org/Snapshots/024W28610CAM1SEC.flv.png",
        "streamUrl": "https://publicstreamer3.cotrip.org:443/rtplive/024W28610CAM1SEC/playlist.m3u8",
        "cameraCode": "024W28610CAM1SEC",
        "source": "COtrip",
        "state": "Colorado"
      }
    },
    {
      "type": "Feature",
      "geometry": {
        "type": "Point",
        "coordinates": [
          -105.03873,
          38.97419
        ]
      },
      "properties": {
        "id": "024E28700CAM1SWC",
        "title": "US 24 MP 287.00 EB at Morning Sun Dr in Woodland Park",
        "snapshotUrl": "https://cocam.carsprogram.org/Snapshots/024E28700CAM1SWC.flv.png",
        "streamUrl": "https://publicstreamer4.cotrip.org:443/rtplive/024E28700CAM1SWC/playlist.m3u8",
        "cameraCode": "024E28700CAM1SWC",
        "source": "COtrip",
        "state": "Colorado"
      }
    },
    {
      "type": "Feature",
      "geometry": {
        "type": "Point",
        "coordinates": [
          -105.01381,
          38.93987
        ]
      },
      "properties": {
        "id": "024E28970CAM1RHS",
        "title": "US 24 MP 289.70 EB : 0.2 miles E of Green Mountain Falls Rd",
        "snapshotUrl": "https://cocam.carsprogram.org/Snapshots/024E28970CAM1RHS.flv.png",
        "streamUrl": "https://publicstreamer2.cotrip.org:443/rtplive/024E28970CAM1RHS/playlist.m3u8",
        "cameraCode": "024E28970CAM1RHS",
        "source": "COtrip",
        "state": "Colorado"
      }
    },
    {
      "type": "Feature",
      "geometry": {
        "type": "Point",
        "coordinates": [
          -104.988,
          38.92016
        ]
      },
      "properties": {
        "id": "024E29160CAM1RHS",
        "title": "US 24 MP 291.60 EB at Chipita Park Rd",
        "snapshotUrl": "https://cocam.carsprogram.org/Snapshots/024E29160CAM1RHS.flv.png",
        "streamUrl": "https://publicstreamer4.cotrip.org:443/rtplive/024E29160CAM1RHS/playlist.m3u8",
        "cameraCode": "024E29160CAM1RHS",
        "source": "COtrip",
        "state": "Colorado"
      }
    },
    {
      "type": "Feature",
      "geometry": {
        "type": "Point",
        "coordinates": [
          -104.97751,
          38.91242
        ]
      },
      "properties": {
        "id": "024E29240CAM1RHS",
        "title": "US 24 MP 292.40 EB : 0.8 miles E of Chipita Park Rd in Cascade",
        "snapshotUrl": "https://cocam.carsprogram.org/Snapshots/024E29240CAM1RHS.flv.png",
        "streamUrl": "https://publicstreamer4.cotrip.org:443/rtplive/024E29240CAM1RHS/playlist.m3u8",
        "cameraCode": "024E29240CAM1RHS",
        "source": "COtrip",
        "state": "Colorado"
      }
    },
    {
      "type": "Feature",
      "geometry": {
        "type": "Point",
        "coordinates": [
          -104.97144,
          38.89694
        ]
      },
      "properties": {
        "id": "024E29365CAM1SWC",
        "title": "US 24 MP 293.65 EB at Fountain Ave in Cascade",
        "snapshotUrl": "https://cocam.carsprogram.org/Snapshots/024E29365CAM1SWC.flv.png",
        "streamUrl": "https://publicstreamer3.cotrip.org:443/rtplive/024E29365CAM1SWC/playlist.m3u8",
        "cameraCode": "024E29365CAM1SWC",
        "source": "COtrip",
        "state": "Colorado"
      }
    },
    {
      "type": "Feature",
      "geometry": {
        "type": "Point",
        "coordinates": [
          -104.92147,
          38.86551
        ]
      },
      "properties": {
        "id": "024E29755CAM1SWC",
        "title": "US 24 MP 297.55 EB at Cave of the Winds Rd in Manitou Springs",
        "snapshotUrl": "https://cocam.carsprogram.org/Snapshots/024E29755CAM1SWC.flv.png",
        "streamUrl": "https://publicstreamer2.cotrip.org:443/rtplive/024E29755CAM1SWC/playlist.m3u8",
        "cameraCode": "024E29755CAM1SWC",
        "source": "COtrip",
        "state": "Colorado"
      }
    },
    {
      "type": "Feature",
      "geometry": {
        "type": "Point",
        "coordinates": [
          -104.91611,
          38.86322
        ]
      },
      "properties": {
        "id": "024W29785CAM1RHS",
        "title": "US 24 MP 297.85 WB at Canon Ave in Manitou Springs",
        "snapshotUrl": "https://cocam.carsprogram.org/Snapshots/024W29785CAM1RHS.flv.png",
        "streamUrl": "https://publicstreamer4.cotrip.org:443/rtplive/024W29785CAM1RHS/playlist.m3u8",
        "cameraCode": "024W29785CAM1RHS",
        "source": "COtrip",
        "state": "Colorado"
      }
    },
    {
      "type": "Feature",
      "geometry": {
        "type": "Point",
        "coordinates": [
          -104.68175,
          38.85216
        ]
      },
      "properties": {
        "id": "024E31320CAM2SEC",
        "title": "US 24 MP 313.20 EB at Marksheffel Rd in Colorado Springs TSG",
        "snapshotUrl": "https://cocam.carsprogram.org/Snapshots/024E31320CAM2SEC.flv.png",
        "streamUrl": "https://publicstreamer3.cotrip.org:443/rtplive/024E31320CAM2SEC/playlist.m3u8",
        "cameraCode": "024E31320CAM2SEC",
        "source": "COtrip",
        "state": "Colorado"
      }
    },
    {
      "type": "Feature",
      "geometry": {
        "type": "Point",
        "coordinates": [
          -104.66395,
          38.86388
        ]
      },
      "properties": {
        "id": "024W31455CAM1SWC",
        "title": "US 24 MP 314.55 WB at Constitution Ave in Colorado Springs",
        "snapshotUrl": "https://cocam.carsprogram.org/Snapshots/024W31455CAM1SWC.flv.png",
        "streamUrl": "https://publicstreamer3.cotrip.org:443/rtplive/024W31455CAM1SWC/playlist.m3u8",
        "cameraCode": "024W31455CAM1SWC",
        "source": "COtrip",
        "state": "Colorado"
      }
    },
    {
      "type": "Feature",
      "geometry": {
        "type": "Point",
        "coordinates": [
          -104.60149,
          38.93811
        ]
      },
      "properties": {
        "id": "024W32085CAM1SWC",
        "title": "US 24 MP 320.85 WB at E Woodmen Rd in Falcon",
        "snapshotUrl": "https://cocam.carsprogram.org/Snapshots/024W32085CAM1SWC.flv.png",
        "streamUrl": "https://publicstreamer1.cotrip.org:443/rtplive/024W32085CAM1SWC/playlist.m3u8",
        "cameraCode": "024W32085CAM1SWC",
        "source": "COtrip",
        "state": "Colorado"
      }
    },
    {
      "type": "Feature",
      "geometry": {
        "type": "Point",
        "coordinates": [
          -104.57835,
          38.95519
        ]
      },
      "properties": {
        "id": "024W32255CAM1NWC",
        "title": "US 24 MP 322.55 WB at Judge Orr Rd in Falcon",
        "snapshotUrl": "https://cocam.carsprogram.org/Snapshots/024W32255CAM1NWC.flv.png",
        "streamUrl": "https://publicstreamer1.cotrip.org:443/rtplive/024W32255CAM1NWC/playlist.m3u8",
        "cameraCode": "024W32255CAM1NWC",
        "source": "COtrip",
        "state": "Colorado"
      }
    },
    {
      "type": "Feature",
      "geometry": {
        "type": "Point",
        "coordinates": [
          -105.23044,
          39.58189
        ]
      },
      "properties": {
        "id": "285S24315CAM1RHS",
        "title": "US 285 MP 243.15 SB : 0.9 miles S of N Turkey Creek Rd",
        "snapshotUrl": "https://cocam.carsprogram.org/Snapshots/285S24315CAM1RHS.flv.png",
        "streamUrl": "https://publicstreamer4.cotrip.org:443/rtplive/285S24315CAM1RHS/playlist.m3u8",
        "cameraCode": "285S24315CAM1RHS",
        "source": "COtrip",
        "state": "Colorado"
      }
    },
    {
      "type": "Feature",
      "geometry": {
        "type": "Point",
        "coordinates": [
          -105.2262,
          39.59901
        ]
      },
      "properties": {
        "id": "285N24465CAM1RHS",
        "title": "US 285 MP 244.65 NB : 0.6 miles N of N Turkey Creek Rd",
        "snapshotUrl": "https://cocam.carsprogram.org/Snapshots/285N24465CAM1RHS.flv.png",
        "streamUrl": "https://publicstreamer2.cotrip.org:443/rtplive/285N24465CAM1RHS/playlist.m3u8",
        "cameraCode": "285N24465CAM1RHS",
        "source": "COtrip",
        "state": "Colorado"
      }
    },
    {
      "type": "Feature",
      "geometry": {
        "type": "Point",
        "coordinates": [
          -105.22946,
          39.60657
        ]
      },
      "properties": {
        "id": "285N24515CAM1RHS",
        "title": "US 285 MP 245.15 NB at Twin Forks",
        "snapshotUrl": "https://cocam.carsprogram.org/Snapshots/285N24515CAM1RHS.flv.png",
        "streamUrl": "https://publicstreamer2.cotrip.org:443/rtplive/285N24515CAM1RHS/playlist.m3u8",
        "cameraCode": "285N24515CAM1RHS",
        "source": "COtrip",
        "state": "Colorado"
      }
    },
    {
      "type": "Feature",
      "geometry": {
        "type": "Point",
        "coordinates": [
          -105.2324,
          39.61612
        ]
      },
      "properties": {
        "id": "285S24590CAM1RHS",
        "title": "US 285 MP 245.90 SB at Parmalee Gulch Rd in Indian Hills",
        "snapshotUrl": "https://cocam.carsprogram.org/Snapshots/285S24590CAM1RHS.flv.png",
        "streamUrl": "https://publicstreamer4.cotrip.org:443/rtplive/285S24590CAM1RHS/playlist.m3u8",
        "cameraCode": "285S24590CAM1RHS",
        "source": "COtrip",
        "state": "Colorado"
      }
    },
    {
      "type": "Feature",
      "geometry": {
        "type": "Point",
        "coordinates": [
          -105.15424,
          39.63885
        ]
      },
      "properties": {
        "id": "285S25065CAM1GP2",
        "title": "US 285 MP 250.65 SB : 0.8 miles E of C-470",
        "snapshotUrl": "https://cocam.carsprogram.org/Snapshots/285S25065CAM1GP2.flv.png",
        "streamUrl": "https://publicstreamer1.cotrip.org:443/rtplive/285S25065CAM1GP2/playlist.m3u8",
        "cameraCode": "285S25065CAM1GP2",
        "source": "COtrip",
        "state": "Colorado"
      }
    },
    {
      "type": "Feature",
      "geometry": {
        "type": "Point",
        "coordinates": [
          -105.02496,
          39.83854
        ]
      },
      "properties": {
        "id": "287S28955CAM1SWC",
        "title": "US 287 MP 289.55 SB at Cottonwood Dr/WB US 36 Ramp",
        "snapshotUrl": "https://cocam.carsprogram.org/Snapshots/287S28955CAM1SWC.flv.png",
        "streamUrl": "https://publicstreamer1.cotrip.org:443/rtplive/287S28955CAM1SWC/playlist.m3u8",
        "cameraCode": "287S28955CAM1SWC",
        "source": "COtrip",
        "state": "Colorado"
      }
    },
    {
      "type": "Feature",
      "geometry": {
        "type": "Point",
        "coordinates": [
          -105.03417,
          39.91426
        ]
      },
      "properties": {
        "id": "287N29505CAM1NEC",
        "title": "US 287 MP 295.05 NB at N Lowell Blvd",
        "snapshotUrl": "https://cocam.carsprogram.org/Snapshots/287N29505CAM1NEC.flv.png",
        "streamUrl": "https://publicstreamer1.cotrip.org:443/rtplive/287N29505CAM1NEC/playlist.m3u8",
        "cameraCode": "287N29505CAM1NEC",
        "source": "COtrip",
        "state": "Colorado"
      }
    },
    {
      "type": "Feature",
      "geometry": {
        "type": "Point",
        "coordinates": [
          -105.07173,
          39.91432
        ]
      },
      "properties": {
        "id": "287N29700CAM1NEC",
        "title": "US 287 MP 297.00 NB at Main St in Broomfield",
        "snapshotUrl": "https://cocam.carsprogram.org/Snapshots/287N29700CAM1NEC.flv.png",
        "streamUrl": "https://publicstreamer3.cotrip.org:443/rtplive/287N29700CAM1NEC/playlist.m3u8",
        "cameraCode": "287N29700CAM1NEC",
        "source": "COtrip",
        "state": "Colorado"
      }
    },
    {
      "type": "Feature",
      "geometry": {
        "type": "Point",
        "coordinates": [
          -105.0905,
          39.92869
        ]
      },
      "properties": {
        "id": "287N29885CAM1SEC",
        "title": "US 287 MP 298.85 NB at W 10th Ave",
        "snapshotUrl": "https://cocam.carsprogram.org/Snapshots/287N29885CAM1SEC.flv.png",
        "streamUrl": "https://publicstreamer2.cotrip.org:443/rtplive/287N29885CAM1SEC/playlist.m3u8",
        "cameraCode": "287N29885CAM1SEC",
        "source": "COtrip",
        "state": "Colorado"
      }
    },
    {
      "type": "Feature",
      "geometry": {
        "type": "Point",
        "coordinates": [
          -105.09002,
          39.95811
        ]
      },
      "properties": {
        "id": "287N30085CAM1NEC",
        "title": "US 287 MP 300.85 NB at W Dillon Rd/NW Pkwy South Ramp",
        "snapshotUrl": "https://cocam.carsprogram.org/Snapshots/287N30085CAM1NEC.flv.png",
        "streamUrl": "https://publicstreamer2.cotrip.org:443/rtplive/287N30085CAM1NEC/playlist.m3u8",
        "cameraCode": "287N30085CAM1NEC",
        "source": "COtrip",
        "state": "Colorado"
      }
    },
    {
      "type": "Feature",
      "geometry": {
        "type": "Point",
        "coordinates": [
          -105.09021,
          39.95969
        ]
      },
      "properties": {
        "id": "287N30095CAM1MED",
        "title": "US 287 MP 300.95 NB at W Dillon Rd/NW Pkwy North Ramp",
        "snapshotUrl": "https://cocam.carsprogram.org/Snapshots/287N30095CAM1MED.flv.png",
        "streamUrl": "https://publicstreamer2.cotrip.org:443/rtplive/287N30095CAM1MED/playlist.m3u8",
        "cameraCode": "287N30095CAM1MED",
        "source": "COtrip",
        "state": "Colorado"
      }
    },
    {
      "type": "Feature",
      "geometry": {
        "type": "Point",
        "coordinates": [
          -105.09004,
          39.97225
        ]
      },
      "properties": {
        "id": "287N30180CAM1SEC",
        "title": "US 287 MP 301.80 NB at Empire Rd/CO 42",
        "snapshotUrl": "https://cocam.carsprogram.org/Snapshots/287N30180CAM1SEC.flv.png",
        "streamUrl": "https://publicstreamer2.cotrip.org:443/rtplive/287N30180CAM1SEC/playlist.m3u8",
        "cameraCode": "287N30180CAM1SEC",
        "source": "COtrip",
        "state": "Colorado"
      }
    },
    {
      "type": "Feature",
      "geometry": {
        "type": "Point",
        "coordinates": [
          -105.09378,
          39.97778
        ]
      },
      "properties": {
        "id": "287S30230CAM1SWC",
        "title": "US 287 MP 302.30 SB at S Public Rd in Lafayette",
        "snapshotUrl": "https://cocam.carsprogram.org/Snapshots/287S30230CAM1SWC.flv.png",
        "streamUrl": "https://publicstreamer2.cotrip.org:443/rtplive/287S30230CAM1SWC/playlist.m3u8",
        "cameraCode": "287S30230CAM1SWC",
        "source": "COtrip",
        "state": "Colorado"
      }
    },
    {
      "type": "Feature",
      "geometry": {
        "type": "Point",
        "coordinates": [
          -105.09859,
          39.98709
        ]
      },
      "properties": {
        "id": "287S30315CAM1NWC",
        "title": "US 287 MP 303.15 SB at W South Boulder Rd",
        "snapshotUrl": "https://cocam.carsprogram.org/Snapshots/287S30315CAM1NWC.flv.png",
        "streamUrl": "https://publicstreamer2.cotrip.org:443/rtplive/287S30315CAM1NWC/playlist.m3u8",
        "cameraCode": "287S30315CAM1NWC",
        "source": "COtrip",
        "state": "Colorado"
      }
    },
    {
      "type": "Feature",
      "geometry": {
        "type": "Point",
        "coordinates": [
          -104.99025,
          40.40751
        ]
      },
      "properties": {
        "id": "034W09640CAM1RP1",
        "title": "US 34 MP 096.40 WB at WB US 34 to NB I-25 Ramp in Loveland",
        "snapshotUrl": "https://cocam.carsprogram.org/Snapshots/034W09640CAM1RP1.flv.png",
        "streamUrl": "https://publicstreamer2.cotrip.org:443/rtplive/034W09640CAM1RP1/playlist.m3u8",
        "cameraCode": "034W09640CAM1RP1",
        "source": "COtrip",
        "state": "Colorado"
      }
    },
    {
      "type": "Feature",
      "geometry": {
        "type": "Point",
        "coordinates": [
          -104.96749,
          40.40726
        ]
      },
      "properties": {
        "id": "034E09765CAM1RHS",
        "title": "US 34 MP 097.65 EB : 0.2 miles W of N CR 3",
        "snapshotUrl": "https://cocam.carsprogram.org/Snapshots/034E09765CAM1RHS.flv.png",
        "streamUrl": "https://publicstreamer2.cotrip.org:443/rtplive/034E09765CAM1RHS/playlist.m3u8",
        "cameraCode": "034E09765CAM1RHS",
        "source": "COtrip",
        "state": "Colorado"
      }
    },
    {
      "type": "Feature",
      "geometry": {
        "type": "Point",
        "coordinates": [
          -104.9444,
          40.40654
        ]
      },
      "properties": {
        "id": "034W09880CAM1NWC",
        "title": "US 34 MP 098.80 WB at LCR 1/WCR 13",
        "snapshotUrl": "https://cocam.carsprogram.org/Snapshots/034W09880CAM1NWC.flv.png",
        "streamUrl": "https://publicstreamer2.cotrip.org:443/rtplive/034W09880CAM1NWC/playlist.m3u8",
        "cameraCode": "034W09880CAM1NWC",
        "source": "COtrip",
        "state": "Colorado"
      }
    },
    {
      "type": "Feature",
      "geometry": {
        "type": "Point",
        "coordinates": [
          -104.9079,
          40.40645
        ]
      },
      "properties": {
        "id": "034W10085CAM1RHS",
        "title": "US 34 MP 100.85 WB at WCR 17",
        "snapshotUrl": "https://cocam.carsprogram.org/Snapshots/034W10085CAM1RHS.flv.png",
        "streamUrl": "https://publicstreamer2.cotrip.org:443/rtplive/034W10085CAM1RHS/playlist.m3u8",
        "cameraCode": "034W10085CAM1RHS",
        "source": "COtrip",
        "state": "Colorado"
      }
    },
    {
      "type": "Feature",
      "geometry": {
        "type": "Point",
        "coordinates": [
          -104.87015,
          40.40578
        ]
      },
      "properties": {
        "id": "034W10280CAM1RP1",
        "title": "US 34 MP 102.80 WB at CO 257",
        "snapshotUrl": "https://cocam.carsprogram.org/Snapshots/034W10280CAM1RP1.flv.png",
        "streamUrl": "https://publicstreamer2.cotrip.org:443/rtplive/034W10280CAM1RP1/playlist.m3u8",
        "cameraCode": "034W10280CAM1RP1",
        "source": "COtrip",
        "state": "Colorado"
      }
    },
    {
      "type": "Feature",
      "geometry": {
        "type": "Point",
        "coordinates": [
          -105.25886,
          40.00645
        ]
      },
      "properties": {
        "id": "036E03715CAM1RHS",
        "title": "US 36 MP 037.15 EB : 0.1 miles E of Colorado Ave",
        "snapshotUrl": "https://cocam.carsprogram.org/Snapshots/036E03715CAM1RHS.flv.png",
        "streamUrl": "https://publicstreamer2.cotrip.org:443/rtplive/036E03715CAM1RHS/playlist.m3u8",
        "cameraCode": "036E03715CAM1RHS",
        "source": "COtrip",
        "state": "Colorado"
      }
    },
    {
      "type": "Feature",
      "geometry": {
        "type": "Point",
        "coordinates": [
          -105.2593,
          40.00133
        ]
      },
      "properties": {
        "id": "036E03750CAM1RP1",
        "title": "US 36 MP 037.50 EB at Baseline Rd WB Ramp to US 36 EB",
        "snapshotUrl": "https://cocam.carsprogram.org/Snapshots/036E03750CAM1RP1.flv.png",
        "streamUrl": "https://publicstreamer2.cotrip.org:443/rtplive/036E03750CAM1RP1/playlist.m3u8",
        "cameraCode": "036E03750CAM1RP1",
        "source": "COtrip",
        "state": "Colorado"
      }
    },
    {
      "type": "Feature",
      "geometry": {
        "type": "Point",
        "coordinates": [
          -105.24929,
          39.99465
        ]
      },
      "properties": {
        "id": "036E03815CAM1RHS",
        "title": "US 36 MP 038.15 EB : 0.6 miles E of Baseline Rd",
        "snapshotUrl": "https://cocam.carsprogram.org/Snapshots/036E03815CAM1RHS.flv.png",
        "streamUrl": "https://publicstreamer2.cotrip.org:443/rtplive/036E03815CAM1RHS/playlist.m3u8",
        "cameraCode": "036E03815CAM1RHS",
        "source": "COtrip",
        "state": "Colorado"
      }
    },
    {
      "type": "Feature",
      "geometry": {
        "type": "Point",
        "coordinates": [
          -105.23262,
          39.98517
        ]
      },
      "properties": {
        "id": "036E03920CAM1RP1",
        "title": "US 36 MP 039.20 EB at CO 157/Foothills Pkwy",
        "snapshotUrl": "https://cocam.carsprogram.org/Snapshots/036E03920CAM1RP1.flv.png",
        "streamUrl": "https://publicstreamer2.cotrip.org:443/rtplive/036E03920CAM1RP1/playlist.m3u8",
        "cameraCode": "036E03920CAM1RP1",
        "source": "COtrip",
        "state": "Colorado"
      }
    },
    {
      "type": "Feature",
      "geometry": {
        "type": "Point",
        "coordinates": [
          -105.18859,
          39.96656
        ]
      },
      "properties": {
        "id": "036E04190CAM1RHS",
        "title": "US 36 MP 041.90 EB : 1.7 W of McCaslin Blvd",
        "snapshotUrl": "https://cocam.carsprogram.org/Snapshots/036E04190CAM1RHS.flv.png",
        "streamUrl": "https://publicstreamer2.cotrip.org:443/rtplive/036E04190CAM1RHS/playlist.m3u8",
        "cameraCode": "036E04190CAM1RHS",
        "source": "COtrip",
        "state": "Colorado"
      }
    },
    {
      "type": "Feature",
      "geometry": {
        "type": "Point",
        "coordinates": [
          -105.16602,
          39.95751
        ]
      },
      "properties": {
        "id": "036W04315CAM1RP1",
        "title": "US 36 MP 043.15 WB at McCaslin Blvd to WB US 36 Ramp",
        "snapshotUrl": "https://cocam.carsprogram.org/Snapshots/036W04315CAM1RP1.flv.png",
        "streamUrl": "https://publicstreamer2.cotrip.org:443/rtplive/036W04315CAM1RP1/playlist.m3u8",
        "cameraCode": "036W04315CAM1RP1",
        "source": "COtrip",
        "state": "Colorado"
      }
    },
    {
      "type": "Feature",
      "geometry": {
        "type": "Point",
        "coordinates": [
          -105.14946,
          39.94699
        ]
      },
      "properties": {
        "id": "036E04440CAM1RHS",
        "title": "US 36 MP 044.40 EB : 0.1 miles W of S 88th St",
        "snapshotUrl": "https://cocam.carsprogram.org/Snapshots/036E04440CAM1RHS.flv.png",
        "streamUrl": "https://publicstreamer2.cotrip.org:443/rtplive/036E04440CAM1RHS/playlist.m3u8",
        "cameraCode": "036E04440CAM1RHS",
        "source": "COtrip",
        "state": "Colorado"
      }
    },
    {
      "type": "Feature",
      "geometry": {
        "type": "Point",
        "coordinates": [
          -105.12222,
          39.93278
        ]
      },
      "properties": {
        "id": "036W04615CAM1RP1",
        "title": "US 36 MP 046.15 WB : 0.4 miles E of NW Pkwy/Interlocken Loop",
        "snapshotUrl": "https://cocam.carsprogram.org/Snapshots/036W04615CAM1RP1.flv.png",
        "streamUrl": "https://publicstreamer3.cotrip.org:443/rtplive/036W04615CAM1RP1/playlist.m3u8",
        "cameraCode": "036W04615CAM1RP1",
        "source": "COtrip",
        "state": "Colorado"
      }
    },
    {
      "type": "Feature",
      "geometry": {
        "type": "Point",
        "coordinates": [
          -105.10871,
          39.92347
        ]
      },
      "properties": {
        "id": "036E04715CAM1RHS",
        "title": "US 36 MP 047.15 EB : 1.1 miles W of CO 121/Wadsworth Pkwy",
        "snapshotUrl": "https://cocam.carsprogram.org/Snapshots/036E04715CAM1RHS.flv.png",
        "streamUrl": "https://publicstreamer3.cotrip.org:443/rtplive/036E04715CAM1RHS/playlist.m3u8",
        "cameraCode": "036E04715CAM1RHS",
        "source": "COtrip",
        "state": "Colorado"
      }
    },
    {
      "type": "Feature",
      "geometry": {
        "type": "Point",
        "coordinates": [
          -105.095,
          39.91655
        ]
      },
      "properties": {
        "id": "036E04795CAM1RHS",
        "title": "US 36 MP 047.95 EB at CO 121/Wadsworth Pkwy",
        "snapshotUrl": "https://cocam.carsprogram.org/Snapshots/036E04795CAM1RHS.flv.png",
        "streamUrl": "https://publicstreamer3.cotrip.org:443/rtplive/036E04795CAM1RHS/playlist.m3u8",
        "cameraCode": "036E04795CAM1RHS",
        "source": "COtrip",
        "state": "Colorado"
      }
    },
    {
      "type": "Feature",
      "geometry": {
        "type": "Point",
        "coordinates": [
          -105.09181,
          39.91504
        ]
      },
      "properties": {
        "id": "036W04820CAM1RHS",
        "title": "US 36 MP 048.20 WB : 0.2 miles E of CO 121/Wadsworth Pkwy",
        "snapshotUrl": "https://cocam.carsprogram.org/Snapshots/036W04820CAM1RHS.flv.png",
        "streamUrl": "https://publicstreamer3.cotrip.org:443/rtplive/036W04820CAM1RHS/playlist.m3u8",
        "cameraCode": "036W04820CAM1RHS",
        "source": "COtrip",
        "state": "Colorado"
      }
    },
    {
      "type": "Feature",
      "geometry": {
        "type": "Point",
        "coordinates": [
          -105.08356,
          39.9035
        ]
      },
      "properties": {
        "id": "036E04915CAM1RHS",
        "title": "US 36 MP 049.15 EB : 1.4 miles E of CO 121/Wadsworth Pkwy",
        "snapshotUrl": "https://cocam.carsprogram.org/Snapshots/036E04915CAM1RHS.flv.png",
        "streamUrl": "https://publicstreamer3.cotrip.org:443/rtplive/036E04915CAM1RHS/playlist.m3u8",
        "cameraCode": "036E04915CAM1RHS",
        "source": "COtrip",
        "state": "Colorado"
      }
    },
    {
      "type": "Feature",
      "geometry": {
        "type": "Point",
        "coordinates": [
          -105.0749,
          39.89067
        ]
      },
      "properties": {
        "id": "036E05005CAM1RHS",
        "title": "US 36 MP 050.05 EB : 0.4 miles W of W 104th Ave",
        "snapshotUrl": "https://cocam.carsprogram.org/Snapshots/036E05005CAM1RHS.flv.png",
        "streamUrl": "https://publicstreamer3.cotrip.org:443/rtplive/036E05005CAM1RHS/playlist.m3u8",
        "cameraCode": "036E05005CAM1RHS",
        "source": "COtrip",
        "state": "Colorado"
      }
    },
    {
      "type": "Feature",
      "geometry": {
        "type": "Point",
        "coordinates": [
          -105.07023,
          39.88438
        ]
      },
      "properties": {
        "id": "036E05055CAM1RHS",
        "title": "US 36 MP 050.55 EB : 0.2 miles E of W 104th Ave",
        "snapshotUrl": "https://cocam.carsprogram.org/Snapshots/036E05055CAM1RHS.flv.png",
        "streamUrl": "https://publicstreamer3.cotrip.org:443/rtplive/036E05055CAM1RHS/playlist.m3u8",
        "cameraCode": "036E05055CAM1RHS",
        "source": "COtrip",
        "state": "Colorado"
      }
    },
    {
      "type": "Feature",
      "geometry": {
        "type": "Point",
        "coordinates": [
          -105.05828,
          39.86799
        ]
      },
      "properties": {
        "id": "036W05200CAM1RHS",
        "title": "US 36 MP 052.00 WB : 0.4 miles W of 92nd Ave",
        "snapshotUrl": "https://cocam.carsprogram.org/Snapshots/036W05200CAM1RHS.flv.png",
        "streamUrl": "https://publicstreamer3.cotrip.org:443/rtplive/036W05200CAM1RHS/playlist.m3u8",
        "cameraCode": "036W05200CAM1RHS",
        "source": "COtrip",
        "state": "Colorado"
      }
    },
    {
      "type": "Feature",
      "geometry": {
        "type": "Point",
        "coordinates": [
          -105.05543,
          39.85938
        ]
      },
      "properties": {
        "id": "036E05260CAM1RHS",
        "title": "US 36 MP 052.60 EB at Sheridan Blvd",
        "snapshotUrl": "https://cocam.carsprogram.org/Snapshots/036E05260CAM1RHS.flv.png",
        "streamUrl": "https://publicstreamer3.cotrip.org:443/rtplive/036E05260CAM1RHS/playlist.m3u8",
        "cameraCode": "036E05260CAM1RHS",
        "source": "COtrip",
        "state": "Colorado"
      }
    },
    {
      "type": "Feature",
      "geometry": {
        "type": "Point",
        "coordinates": [
          -105.04962,
          39.85241
        ]
      },
      "properties": {
        "id": "036W05315CAM1RHS",
        "title": "US 36 MP 053.15 WB : 0.7 miles E of Sheridan Blvd",
        "snapshotUrl": "https://cocam.carsprogram.org/Snapshots/036W05315CAM1RHS.flv.png",
        "streamUrl": "https://publicstreamer3.cotrip.org:443/rtplive/036W05315CAM1RHS/playlist.m3u8",
        "cameraCode": "036W05315CAM1RHS",
        "source": "COtrip",
        "state": "Colorado"
      }
    },
    {
      "type": "Feature",
      "geometry": {
        "type": "Point",
        "coordinates": [
          -105.03127,
          39.83827
        ]
      },
      "properties": {
        "id": "036W05450CAM1RHS",
        "title": "US 36 MP 054.50 WB : 0.5 miles W of Federal Blvd",
        "snapshotUrl": "https://cocam.carsprogram.org/Snapshots/036W05450CAM1RHS.flv.png",
        "streamUrl": "https://publicstreamer3.cotrip.org:443/rtplive/036W05450CAM1RHS/playlist.m3u8",
        "cameraCode": "036W05450CAM1RHS",
        "source": "COtrip",
        "state": "Colorado"
      }
    },
    {
      "type": "Feature",
      "geometry": {
        "type": "Point",
        "coordinates": [
          -105.03049,
          39.83724
        ]
      },
      "properties": {
        "id": "036W05465CAM1MED",
        "title": "US 36 MP 054.65 WB : 0.3 miles W of Federal Blvd",
        "snapshotUrl": "https://cocam.carsprogram.org/Snapshots/036W05465CAM1MED.flv.png",
        "streamUrl": "https://publicstreamer3.cotrip.org:443/rtplive/036W05465CAM1MED/playlist.m3u8",
        "cameraCode": "036W05465CAM1MED",
        "source": "COtrip",
        "state": "Colorado"
      }
    },
    {
      "type": "Feature",
      "geometry": {
        "type": "Point",
        "coordinates": [
          -105.02044,
          39.83497
        ]
      },
      "properties": {
        "id": "036W05510CAM1ML1",
        "title": "US 36 MP 055.10 WB : 0.3 miles E of Federal Blvd",
        "snapshotUrl": "https://cocam.carsprogram.org/Snapshots/036W05510CAM1ML1.flv.png",
        "streamUrl": "https://publicstreamer3.cotrip.org:443/rtplive/036W05510CAM1ML1/playlist.m3u8",
        "cameraCode": "036W05510CAM1ML1",
        "source": "COtrip",
        "state": "Colorado"
      }
    },
    {
      "type": "Feature",
      "geometry": {
        "type": "Point",
        "coordinates": [
          -105.00767,
          39.83125
        ]
      },
      "properties": {
        "id": "036E05585CAM1RHS",
        "title": "US 36 MP 055.85 EB : 0.1 miles W of N Pecos St",
        "snapshotUrl": "https://cocam.carsprogram.org/Snapshots/036E05585CAM1RHS.flv.png",
        "streamUrl": "https://publicstreamer3.cotrip.org:443/rtplive/036E05585CAM1RHS/playlist.m3u8",
        "cameraCode": "036E05585CAM1RHS",
        "source": "COtrip",
        "state": "Colorado"
      }
    },
    {
      "type": "Feature",
      "geometry": {
        "type": "Point",
        "coordinates": [
          -105.0047,
          39.83034
        ]
      },
      "properties": {
        "id": "036E05600CAM1ML1",
        "title": "US 36 MP 056.00 EB : 0.1 miles E of N Pecos St",
        "snapshotUrl": "https://cocam.carsprogram.org/Snapshots/036E05600CAM1ML1.flv.png",
        "streamUrl": "https://publicstreamer3.cotrip.org:443/rtplive/036E05600CAM1ML1/playlist.m3u8",
        "cameraCode": "036E05600CAM1ML1",
        "source": "COtrip",
        "state": "Colorado"
      }
    },
    {
      "type": "Feature",
      "geometry": {
        "type": "Point",
        "coordinates": [
          -104.98391,
          39.82751
        ]
      },
      "properties": {
        "id": "036E05720CAM1LHS",
        "title": "US 36 MP 057.20 EB at I-25",
        "snapshotUrl": "https://cocam.carsprogram.org/Snapshots/036E05720CAM1LHS.flv.png",
        "streamUrl": "https://publicstreamer4.cotrip.org:443/rtplive/036E05720CAM1LHS/playlist.m3u8",
        "cameraCode": "036E05720CAM1LHS",
        "source": "COtrip",
        "state": "Colorado"
      }
    },
    {
      "type": "Feature",
      "geometry": {
        "type": "Point",
        "coordinates": [
          -104.98014,
          39.8273
        ]
      },
      "properties": {
        "id": "036E05735CAM1RP1",
        "title": "US 36 MP 057.35 EB at EB US 36 to NB I-25 Ramp",
        "snapshotUrl": "https://cocam.carsprogram.org/Snapshots/036E05735CAM1RP1.flv.png",
        "streamUrl": "https://publicstreamer3.cotrip.org:443/rtplive/036E05735CAM1RP1/playlist.m3u8",
        "cameraCode": "036E05735CAM1RP1",
        "source": "COtrip",
        "state": "Colorado"
      }
    },
    {
      "type": "Feature",
      "geometry": {
        "type": "Point",
        "coordinates": [
          -105.65849,
          39.76007
        ]
      },
      "properties": {
        "id": "040W25750CAM1RHS",
        "title": "US 40 MP 257.50 WB at Empire Junction",
        "snapshotUrl": "https://cocam.carsprogram.org/Snapshots/040W25750CAM1RHS.flv.png",
        "streamUrl": "https://publicstreamer4.cotrip.org:443/rtplive/040W25750CAM1RHS/playlist.m3u8",
        "cameraCode": "040W25750CAM1RHS",
        "source": "COtrip",
        "state": "Colorado"
      }
    },
    {
      "type": "Feature",
      "geometry": {
        "type": "Point",
        "coordinates": [
          -105.20427,
          39.70119
        ]
      },
      "properties": {
        "id": "040E28490CAM1SEC",
        "title": "US 40 MP 284.90 EB at T-Rex Park and Ride in Golden",
        "snapshotUrl": "https://cocam.carsprogram.org/Snapshots/040E28490CAM1SEC.flv.png",
        "streamUrl": "https://publicstreamer4.cotrip.org:443/rtplive/040E28490CAM1SEC/playlist.m3u8",
        "cameraCode": "040E28490CAM1SEC",
        "source": "COtrip",
        "state": "Colorado"
      }
    },
    {
      "type": "Feature",
      "geometry": {
        "type": "Point",
        "coordinates": [
          -105.19224,
          39.72405
        ]
      },
      "properties": {
        "id": "040W28665CAM1NEC",
        "title": "US 40 MP 286.65 WB at Interplaza W in Golden",
        "snapshotUrl": "https://cocam.carsprogram.org/Snapshots/040W28665CAM1NEC.flv.png",
        "streamUrl": "https://publicstreamer4.cotrip.org:443/rtplive/040W28665CAM1NEC/playlist.m3u8",
        "cameraCode": "040W28665CAM1NEC",
        "source": "COtrip",
        "state": "Colorado"
      }
    },
    {
      "type": "Feature",
      "geometry": {
        "type": "Point",
        "coordinates": [
          -105.25342,
          38.44135
        ]
      },
      "properties": {
        "id": "050E27700CAM1RHS",
        "title": "US 50 MP 277.00 EB at Pueblo Community College Fremont Campus",
        "snapshotUrl": "https://cocam.carsprogram.org/Snapshots/050E27700CAM1RHS.flv.png",
        "streamUrl": "https://publicstreamer4.cotrip.org:443/rtplive/050E27700CAM1RHS/playlist.m3u8",
        "cameraCode": "050E27700CAM1RHS",
        "source": "COtrip",
        "state": "Colorado"
      }
    },
    {
      "type": "Feature",
      "geometry": {
        "type": "Point",
        "coordinates": [
          -105.23492,
          38.44205
        ]
      },
      "properties": {
        "id": "050E27870CAM1SWC",
        "title": "US 50 MP 278.70 EB at 9th St",
        "snapshotUrl": "https://cocam.carsprogram.org/Snapshots/050E27870CAM1SWC.flv.png",
        "streamUrl": "https://publicstreamer2.cotrip.org:443/rtplive/050E27870CAM1SWC/playlist.m3u8",
        "cameraCode": "050E27870CAM1SWC",
        "source": "COtrip",
        "state": "Colorado"
      }
    },
    {
      "type": "Feature",
      "geometry": {
        "type": "Point",
        "coordinates": [
          -105.1567,
          38.44803
        ]
      },
      "properties": {
        "id": "050E28315CAM1RHS",
        "title": "US 50 MP 283.15 EB at Four Mile Pkwy in Canon City",
        "snapshotUrl": "https://cocam.carsprogram.org/Snapshots/050E28315CAM1RHS.flv.png",
        "streamUrl": "https://publicstreamer1.cotrip.org:443/rtplive/050E28315CAM1RHS/playlist.m3u8",
        "cameraCode": "050E28315CAM1RHS",
        "source": "COtrip",
        "state": "Colorado"
      }
    },
    {
      "type": "Feature",
      "geometry": {
        "type": "Point",
        "coordinates": [
          -105.11243,
          38.43675
        ]
      },
      "properties": {
        "id": "050E28570CAM1RHS",
        "title": "US 50 MP 285.70 EB at Phantom Canyon Rd/CO 67 in Penrose",
        "snapshotUrl": "https://cocam.carsprogram.org/Snapshots/050E28570CAM1RHS.flv.png",
        "streamUrl": "https://publicstreamer4.cotrip.org:443/rtplive/050E28570CAM1RHS/playlist.m3u8",
        "cameraCode": "050E28570CAM1RHS",
        "source": "COtrip",
        "state": "Colorado"
      }
    },
    {
      "type": "Feature",
      "geometry": {
        "type": "Point",
        "coordinates": [
          -105.10342,
          38.43448
        ]
      },
      "properties": {
        "id": "050E28625CAM1RHS",
        "title": "US 50 MP 286.25 EB : 0.7 miles E of Phantom Canyon Rd/CO 67 in Penrose",
        "snapshotUrl": "https://cocam.carsprogram.org/Snapshots/050E28625CAM1RHS.flv.png",
        "streamUrl": "https://publicstreamer4.cotrip.org:443/rtplive/050E28625CAM1RHS/playlist.m3u8",
        "cameraCode": "050E28625CAM1RHS",
        "source": "COtrip",
        "state": "Colorado"
      }
    },
    {
      "type": "Feature",
      "geometry": {
        "type": "Point",
        "coordinates": [
          -105.04391,
          38.41891
        ]
      },
      "properties": {
        "id": "050E28970CAM1RHS",
        "title": "US 50 MP 289.70 EB : 0.1 miles W of CO 115",
        "snapshotUrl": "https://cocam.carsprogram.org/Snapshots/050E28970CAM1RHS.flv.png",
        "streamUrl": "https://publicstreamer4.cotrip.org:443/rtplive/050E28970CAM1RHS/playlist.m3u8",
        "cameraCode": "050E28970CAM1RHS",
        "source": "COtrip",
        "state": "Colorado"
      }
    },
    {
      "type": "Feature",
      "geometry": {
        "type": "Point",
        "coordinates": [
          -105.00041,
          38.40792
        ]
      },
      "properties": {
        "id": "050W29215CAM1RHS",
        "title": "US 50 MP 292.15 WB at K St in Penrose",
        "snapshotUrl": "https://cocam.carsprogram.org/Snapshots/050W29215CAM1RHS.flv.png",
        "streamUrl": "https://publicstreamer4.cotrip.org:443/rtplive/050W29215CAM1RHS/playlist.m3u8",
        "cameraCode": "050W29215CAM1RHS",
        "source": "COtrip",
        "state": "Colorado"
      }
    },
    {
      "type": "Feature",
      "geometry": {
        "type": "Point",
        "coordinates": [
          -104.94302,
          38.37288
        ]
      },
      "properties": {
        "id": "050E29605CAM1RHS",
        "title": "US 50 MP 296.05 EB : 0.5 miles W of Old Portland Rd/CO 120",
        "snapshotUrl": "https://cocam.carsprogram.org/Snapshots/050E29605CAM1RHS.flv.png",
        "streamUrl": "https://publicstreamer4.cotrip.org:443/rtplive/050E29605CAM1RHS/playlist.m3u8",
        "cameraCode": "050E29605CAM1RHS",
        "source": "COtrip",
        "state": "Colorado"
      }
    },
    {
      "type": "Feature",
      "geometry": {
        "type": "Point",
        "coordinates": [
          -104.87288,
          38.36073
        ]
      },
      "properties": {
        "id": "050W30005CAM1RHS",
        "title": "US 50 MP 300.05 WB : 0.4 miles W of Stone City Rd in Pueblo",
        "snapshotUrl": "https://cocam.carsprogram.org/Snapshots/050W30005CAM1RHS.flv.png",
        "streamUrl": "https://publicstreamer4.cotrip.org:443/rtplive/050W30005CAM1RHS/playlist.m3u8",
        "cameraCode": "050W30005CAM1RHS",
        "source": "COtrip",
        "state": "Colorado"
      }
    },
    {
      "type": "Feature",
      "geometry": {
        "type": "Point",
        "coordinates": [
          -104.82348,
          38.35207
        ]
      },
      "properties": {
        "id": "050E30280CAM1RHS",
        "title": "US 50 MP 302.80 EB : 3.7 miles W of S McCulloch Blvd W in Pueblo",
        "snapshotUrl": "https://cocam.carsprogram.org/Snapshots/050E30280CAM1RHS.flv.png",
        "streamUrl": "https://publicstreamer4.cotrip.org:443/rtplive/050E30280CAM1RHS/playlist.m3u8",
        "cameraCode": "050E30280CAM1RHS",
        "source": "COtrip",
        "state": "Colorado"
      }
    },
    {
      "type": "Feature",
      "geometry": {
        "type": "Point",
        "coordinates": [
          -104.76792,
          38.34195
        ]
      },
      "properties": {
        "id": "050E30590CAM1RHS",
        "title": "US 50 MP 305.90 EB at S McCulloch Blvd W in Pueblo",
        "snapshotUrl": "https://cocam.carsprogram.org/Snapshots/050E30590CAM1RHS.flv.png",
        "streamUrl": "https://publicstreamer4.cotrip.org:443/rtplive/050E30590CAM1RHS/playlist.m3u8",
        "cameraCode": "050E30590CAM1RHS",
        "source": "COtrip",
        "state": "Colorado"
      }
    },
    {
      "type": "Feature",
      "geometry": {
        "type": "Point",
        "coordinates": [
          -104.72715,
          38.3312
        ]
      },
      "properties": {
        "id": "050W30825CAM1RHS",
        "title": "US 50 MP 308.25 WB : 1.2 miles E of McCulloch Blvd in Pueblo",
        "snapshotUrl": "https://cocam.carsprogram.org/Snapshots/050W30825CAM1RHS.flv.png",
        "streamUrl": "https://publicstreamer4.cotrip.org:443/rtplive/050W30825CAM1RHS/playlist.m3u8",
        "cameraCode": "050W30825CAM1RHS",
        "source": "COtrip",
        "state": "Colorado"
      }
    },
    {
      "type": "Feature",
      "geometry": {
        "type": "Point",
        "coordinates": [
          -104.66088,
          38.31426
        ]
      },
      "properties": {
        "id": "050W31210CAM1NEC",
        "title": "US 50 MP 312.10 WB at Pueblo Blvd/CO 45",
        "snapshotUrl": "https://cocam.carsprogram.org/Snapshots/050W31210CAM1NEC.flv.png",
        "streamUrl": "https://publicstreamer4.cotrip.org:443/rtplive/050W31210CAM1NEC/playlist.m3u8",
        "cameraCode": "050W31210CAM1NEC",
        "source": "COtrip",
        "state": "Colorado"
      }
    },
    {
      "type": "Feature",
      "geometry": {
        "type": "Point",
        "coordinates": [
          -104.64163,
          38.31103
        ]
      },
      "properties": {
        "id": "050E31315CAM1SEC",
        "title": "US 50 MP 313.15 EB at Wills Blvd Pueblo",
        "snapshotUrl": "https://cocam.carsprogram.org/Snapshots/050E31315CAM1SEC.flv.png",
        "streamUrl": "https://publicstreamer1.cotrip.org:443/rtplive/050E31315CAM1SEC/playlist.m3u8",
        "cameraCode": "050E31315CAM1SEC",
        "source": "COtrip",
        "state": "Colorado"
      }
    },
    {
      "type": "Feature",
      "geometry": {
        "type": "Point",
        "coordinates": [
          -104.63518,
          38.31012
        ]
      },
      "properties": {
        "id": "050E31355CAM1SEC",
        "title": "US 50 MP 313.55 EB at Baltimore Ave in Pueblo",
        "snapshotUrl": "https://cocam.carsprogram.org/Snapshots/050E31355CAM1SEC.flv.png",
        "streamUrl": "https://publicstreamer4.cotrip.org:443/rtplive/050E31355CAM1SEC/playlist.m3u8",
        "cameraCode": "050E31355CAM1SEC",
        "source": "COtrip",
        "state": "Colorado"
      }
    },
    {
      "type": "Feature",
      "geometry": {
        "type": "Point",
        "coordinates": [
          -104.61613,
          38.30792
        ]
      },
      "properties": {
        "id": "050W31450CAM1NWC",
        "title": "US 50 MP 314.50 WB at N Elizabeth St Pueblo",
        "snapshotUrl": "https://cocam.carsprogram.org/Snapshots/050W31450CAM1NWC.flv.png",
        "streamUrl": "https://publicstreamer1.cotrip.org:443/rtplive/050W31450CAM1NWC/playlist.m3u8",
        "cameraCode": "050W31450CAM1NWC",
        "source": "COtrip",
        "state": "Colorado"
      }
    },
    {
      "type": "Feature",
      "geometry": {
        "type": "Point",
        "coordinates": [
          -107.87913,
          37.27865
        ]
      },
      "properties": {
        "id": "550E02170CAM1SWC",
        "title": "US 550 MP 021.70 EB at US-550/14th St in Durango",
        "snapshotUrl": "https://cocam.carsprogram.org/Snapshots/550E02170CAM1SWC.flv.png",
        "streamUrl": "https://publicstreamer4.cotrip.org:443/rtplive/550E02170CAM1SWC/playlist.m3u8",
        "cameraCode": "550E02170CAM1SWC",
        "source": "COtrip",
        "state": "Colorado"
      }
    },
    {
      "type": "Feature",
      "geometry": {
        "type": "Point",
        "coordinates": [
          -107.87801,
          37.28226
        ]
      },
      "properties": {
        "id": "550S02205CAM1NWC",
        "title": "US 550 MP 22.05 SB at W 17th St/E Park Ave in Durango",
        "snapshotUrl": "https://cocam.carsprogram.org/Snapshots/550S02205CAM1NWC.flv.png",
        "streamUrl": "https://publicstreamer3.cotrip.org:443/rtplive/550S02205CAM1NWC/playlist.m3u8",
        "cameraCode": "550S02205CAM1NWC",
        "source": "COtrip",
        "state": "Colorado"
      }
    },
    {
      "type": "Feature",
      "geometry": {
        "type": "Point",
        "coordinates": [
          -107.87508,
          37.28976
        ]
      },
      "properties": {
        "id": "550N02260CAM1NEC",
        "title": "US 550 MP 22.60 NB at W 24th St in Durango",
        "snapshotUrl": "https://cocam.carsprogram.org/Snapshots/550N02260CAM1NEC.flv.png",
        "streamUrl": "https://publicstreamer3.cotrip.org:443/rtplive/550N02260CAM1NEC/playlist.m3u8",
        "cameraCode": "550N02260CAM1NEC",
        "source": "COtrip",
        "state": "Colorado"
      }
    },
    {
      "type": "Feature",
      "geometry": {
        "type": "Point",
        "coordinates": [
          -107.87107,
          37.30078
        ]
      },
      "properties": {
        "id": "550S02340CAM1NWC",
        "title": "US 550 MP 23.40 SB at W 32nd St in Durango",
        "snapshotUrl": "https://cocam.carsprogram.org/Snapshots/550S02340CAM1NWC.flv.png",
        "streamUrl": "https://publicstreamer3.cotrip.org:443/rtplive/550S02340CAM1NWC/playlist.m3u8",
        "cameraCode": "550S02340CAM1NWC",
        "source": "COtrip",
        "state": "Colorado"
      }
    },
    {
      "type": "Feature",
      "geometry": {
        "type": "Point",
        "coordinates": [
          -107.86523,
          37.30661
        ]
      },
      "properties": {
        "id": "550N02415CAM1NWC",
        "title": "US 550 MP 24.15 NB at Hospital St in Durango",
        "snapshotUrl": "https://cocam.carsprogram.org/Snapshots/550N02415CAM1NWC.flv.png",
        "streamUrl": "https://publicstreamer3.cotrip.org:443/rtplive/550N02415CAM1NWC/playlist.m3u8",
        "cameraCode": "550N02415CAM1NWC",
        "source": "COtrip",
        "state": "Colorado"
      }
    },
    {
      "type": "Feature",
      "geometry": {
        "type": "Point",
        "coordinates": [
          -106.06615,
          39.62861
        ]
      },
      "properties": {
        "id": "006W20870CAM1RHS",
        "title": "US 6 MP 208.70 WB at I-70 in Silverthorne",
        "snapshotUrl": "https://cocam.carsprogram.org/Snapshots/006W20870CAM1RHS.flv.png",
        "streamUrl": "https://publicstreamer4.cotrip.org:443/rtplive/006W20870CAM1RHS/playlist.m3u8",
        "cameraCode": "006W20870CAM1RHS",
        "source": "COtrip",
        "state": "Colorado"
      }
    },
    {
      "type": "Feature",
      "geometry": {
        "type": "Point",
        "coordinates": [
          -105.87373,
          39.67862
        ]
      },
      "properties": {
        "id": "006W22625CAM2RHS",
        "title": "US 6 MP 226.25 WB : 2.5 miles W of Loveland Ski Area 2",
        "snapshotUrl": "https://cocam.carsprogram.org/Snapshots/006W22625CAM2RHS.flv.png",
        "streamUrl": "https://publicstreamer1.cotrip.org:443/rtplive/006W22625CAM2RHS/playlist.m3u8",
        "cameraCode": "006W22625CAM2RHS",
        "source": "COtrip",
        "state": "Colorado"
      }
    },
    {
      "type": "Feature",
      "geometry": {
        "type": "Point",
        "coordinates": [
          -105.41771,
          39.73681
        ]
      },
      "properties": {
        "id": "006W25870CAM1RHS",
        "title": "US 6 MP 258.70 WB : 0.4 miles W of Tunnel 6",
        "snapshotUrl": "https://cocam.carsprogram.org/Snapshots/006W25870CAM1RHS.flv.png",
        "streamUrl": "https://publicstreamer3.cotrip.org:443/rtplive/006W25870CAM1RHS/playlist.m3u8",
        "cameraCode": "006W25870CAM1RHS",
        "source": "COtrip",
        "state": "Colorado"
      }
    },
    {
      "type": "Feature",
      "geometry": {
        "type": "Point",
        "coordinates": [
          -105.41367,
          39.73996
        ]
      },
      "properties": {
        "id": "006E25900CAM1GP1",
        "title": "US 6 MP 259.00 EB at W Tunnel 6",
        "snapshotUrl": "https://cocam.carsprogram.org/Snapshots/006E25900CAM1GP1.flv.png",
        "streamUrl": "https://publicstreamer1.cotrip.org:443/rtplive/006E25900CAM1GP1/playlist.m3u8",
        "cameraCode": "006E25900CAM1GP1",
        "source": "COtrip",
        "state": "Colorado"
      }
    },
    {
      "type": "Feature",
      "geometry": {
        "type": "Point",
        "coordinates": [
          -105.41333,
          39.74016
        ]
      },
      "properties": {
        "id": "006E25905CAM1GP1",
        "title": "US 6 MP 259.05 EB at Center of Tunnel 6",
        "snapshotUrl": "https://cocam.carsprogram.org/Snapshots/006E25905CAM1GP1.flv.png",
        "streamUrl": "https://publicstreamer1.cotrip.org:443/rtplive/006E25905CAM1GP1/playlist.m3u8",
        "cameraCode": "006E25905CAM1GP1",
        "source": "COtrip",
        "state": "Colorado"
      }
    },
    {
      "type": "Feature",
      "geometry": {
        "type": "Point",
        "coordinates": [
          -105.41293,
          39.74026
        ]
      },
      "properties": {
        "id": "006W25905CAM1GP1",
        "title": "US 6 MP 259.05 WB at Center of Tunnel 6",
        "snapshotUrl": "https://cocam.carsprogram.org/Snapshots/006W25905CAM1GP1.flv.png",
        "streamUrl": "https://publicstreamer3.cotrip.org:443/rtplive/006W25905CAM1GP1/playlist.m3u8",
        "cameraCode": "006W25905CAM1GP1",
        "source": "COtrip",
        "state": "Colorado"
      }
    },
    {
      "type": "Feature",
      "geometry": {
        "type": "Point",
        "coordinates": [
          -105.40574,
          39.74679
        ]
      },
      "properties": {
        "id": "006W25970CAM1RHS",
        "title": "US 6 MP 259.70 WB : 0.2 miles E of Tunnel 5",
        "snapshotUrl": "https://cocam.carsprogram.org/Snapshots/006W25970CAM1RHS.flv.png",
        "streamUrl": "https://publicstreamer1.cotrip.org:443/rtplive/006W25970CAM1RHS/playlist.m3u8",
        "cameraCode": "006W25970CAM1RHS",
        "source": "COtrip",
        "state": "Colorado"
      }
    },
    {
      "type": "Feature",
      "geometry": {
        "type": "Point",
        "coordinates": [
          -105.39852,
          39.74589
        ]
      },
      "properties": {
        "id": "006W26030CAM1RHS",
        "title": "US 6 MP 260.30 WB at CO 119",
        "snapshotUrl": "https://cocam.carsprogram.org/Snapshots/006W26030CAM1RHS.flv.png",
        "streamUrl": "https://publicstreamer2.cotrip.org:443/rtplive/006W26030CAM1RHS/playlist.m3u8",
        "cameraCode": "006W26030CAM1RHS",
        "source": "COtrip",
        "state": "Colorado"
      }
    },
    {
      "type": "Feature",
      "geometry": {
        "type": "Point",
        "coordinates": [
          -105.39162,
          39.74225
        ]
      },
      "properties": {
        "id": "006E26070CAM1RHS",
        "title": "US 6 MP 260.70 EB : 0.5 miles E of CO 119",
        "snapshotUrl": "https://cocam.carsprogram.org/Snapshots/006E26070CAM1RHS.flv.png",
        "streamUrl": "https://publicstreamer3.cotrip.org:443/rtplive/006E26070CAM1RHS/playlist.m3u8",
        "cameraCode": "006E26070CAM1RHS",
        "source": "COtrip",
        "state": "Colorado"
      }
    },
    {
      "type": "Feature",
      "geometry": {
        "type": "Point",
        "coordinates": [
          -105.38785,
          39.7362
        ]
      },
      "properties": {
        "id": "006E26115CAM1RHS",
        "title": "US 6 MP 261.15 EB : 1.0 mile E of CO 119",
        "snapshotUrl": "https://cocam.carsprogram.org/Snapshots/006E26115CAM1RHS.flv.png",
        "streamUrl": "https://publicstreamer1.cotrip.org:443/rtplive/006E26115CAM1RHS/playlist.m3u8",
        "cameraCode": "006E26115CAM1RHS",
        "source": "COtrip",
        "state": "Colorado"
      }
    },
    {
      "type": "Feature",
      "geometry": {
        "type": "Point",
        "coordinates": [
          -105.38291,
          39.73755
        ]
      },
      "properties": {
        "id": "006E26150CAM1RHS",
        "title": "US 6 MP 261.50 EB : 1.3 miles E of CO 119",
        "snapshotUrl": "https://cocam.carsprogram.org/Snapshots/006E26150CAM1RHS.flv.png",
        "streamUrl": "https://publicstreamer2.cotrip.org:443/rtplive/006E26150CAM1RHS/playlist.m3u8",
        "cameraCode": "006E26150CAM1RHS",
        "source": "COtrip",
        "state": "Colorado"
      }
    },
    {
      "type": "Feature",
      "geometry": {
        "type": "Point",
        "coordinates": [
          -105.37089,
          39.73611
        ]
      },
      "properties": {
        "id": "006W26215CAM1RHS",
        "title": "US 6 MP 262.15 WB at Mayhem Gulch Trailhead",
        "snapshotUrl": "https://cocam.carsprogram.org/Snapshots/006W26215CAM1RHS.flv.png",
        "streamUrl": "https://publicstreamer3.cotrip.org:443/rtplive/006W26215CAM1RHS/playlist.m3u8",
        "cameraCode": "006W26215CAM1RHS",
        "source": "COtrip",
        "state": "Colorado"
      }
    },
    {
      "type": "Feature",
      "geometry": {
        "type": "Point",
        "coordinates": [
          -105.36647,
          39.73525
        ]
      },
      "properties": {
        "id": "006E26235CAM1RHS",
        "title": "US 6 MP 262.35 EB : 2.2 miles W of Tunnel 3",
        "snapshotUrl": "https://cocam.carsprogram.org/Snapshots/006E26235CAM1RHS.flv.png",
        "streamUrl": "https://publicstreamer4.cotrip.org:443/rtplive/006E26235CAM1RHS/playlist.m3u8",
        "cameraCode": "006E26235CAM1RHS",
        "source": "COtrip",
        "state": "Colorado"
      }
    },
    {
      "type": "Feature",
      "geometry": {
        "type": "Point",
        "coordinates": [
          -105.36018,
          39.73629
        ]
      },
      "properties": {
        "id": "006E26265CAM1RHS",
        "title": "US 6 MP 262.65 EB : 1.8 miles W of Tunnel 3",
        "snapshotUrl": "https://cocam.carsprogram.org/Snapshots/006E26265CAM1RHS.flv.png",
        "streamUrl": "https://publicstreamer3.cotrip.org:443/rtplive/006E26265CAM1RHS/playlist.m3u8",
        "cameraCode": "006E26265CAM1RHS",
        "source": "COtrip",
        "state": "Colorado"
      }
    },
    {
      "type": "Feature",
      "geometry": {
        "type": "Point",
        "coordinates": [
          -105.35295,
          39.74054
        ]
      },
      "properties": {
        "id": "006E26295CAM1RHS",
        "title": "US 6 MP 262.95 EB : 1.3 miles W of Tunnel 3",
        "snapshotUrl": "https://cocam.carsprogram.org/Snapshots/006E26295CAM1RHS.flv.png",
        "streamUrl": "https://publicstreamer2.cotrip.org:443/rtplive/006E26295CAM1RHS/playlist.m3u8",
        "cameraCode": "006E26295CAM1RHS",
        "source": "COtrip",
        "state": "Colorado"
      }
    },
    {
      "type": "Feature",
      "geometry": {
        "type": "Point",
        "coordinates": [
          -105.34361,
          39.74068
        ]
      },
      "properties": {
        "id": "006E26405CAM1RHS",
        "title": "US 6 MP 264.05 EB : 0.7 miles W of Tunnel 3",
        "snapshotUrl": "https://cocam.carsprogram.org/Snapshots/006E26405CAM1RHS.flv.png",
        "streamUrl": "https://publicstreamer1.cotrip.org:443/rtplive/006E26405CAM1RHS/playlist.m3u8",
        "cameraCode": "006E26405CAM1RHS",
        "source": "COtrip",
        "state": "Colorado"
      }
    },
    {
      "type": "Feature",
      "geometry": {
        "type": "Point",
        "coordinates": [
          -105.32779,
          39.74142
        ]
      },
      "properties": {
        "id": "006E26480CAM1GP1",
        "title": "US 6 MP 264.80 EB at Center of Tunnel 3",
        "snapshotUrl": "https://cocam.carsprogram.org/Snapshots/006E26480CAM1GP1.flv.png",
        "streamUrl": "https://publicstreamer1.cotrip.org:443/rtplive/006E26480CAM1GP1/playlist.m3u8",
        "cameraCode": "006E26480CAM1GP1",
        "source": "COtrip",
        "state": "Colorado"
      }
    },
    {
      "type": "Feature",
      "geometry": {
        "type": "Point",
        "coordinates": [
          -105.32661,
          39.74129
        ]
      },
      "properties": {
        "id": "006W26490CAM1GP1",
        "title": "US 6 MP 264.90 WB at E Tunnel 3",
        "snapshotUrl": "https://cocam.carsprogram.org/Snapshots/006W26490CAM1GP1.flv.png",
        "streamUrl": "https://publicstreamer1.cotrip.org:443/rtplive/006W26490CAM1GP1/playlist.m3u8",
        "cameraCode": "006W26490CAM1GP1",
        "source": "COtrip",
        "state": "Colorado"
      }
    },
    {
      "type": "Feature",
      "geometry": {
        "type": "Point",
        "coordinates": [
          -105.325,
          39.74068
        ]
      },
      "properties": {
        "id": "006W26500CAM1RHS",
        "title": "US 6 MP 265.00 WB at W Tunnel 2 and E Tunnel 3",
        "snapshotUrl": "https://cocam.carsprogram.org/Snapshots/006W26500CAM1RHS.flv.png",
        "streamUrl": "https://publicstreamer4.cotrip.org:443/rtplive/006W26500CAM1RHS/playlist.m3u8",
        "cameraCode": "006W26500CAM1RHS",
        "source": "COtrip",
        "state": "Colorado"
      }
    },
    {
      "type": "Feature",
      "geometry": {
        "type": "Point",
        "coordinates": [
          -105.3221,
          39.73954
        ]
      },
      "properties": {
        "id": "006E26510CAM1GP1",
        "title": "US 6 MP 265.10 EB at W Tunnel 2",
        "snapshotUrl": "https://cocam.carsprogram.org/Snapshots/006E26510CAM1GP1.flv.png",
        "streamUrl": "https://publicstreamer1.cotrip.org:443/rtplive/006E26510CAM1GP1/playlist.m3u8",
        "cameraCode": "006E26510CAM1GP1",
        "source": "COtrip",
        "state": "Colorado"
      }
    },
    {
      "type": "Feature",
      "geometry": {
        "type": "Point",
        "coordinates": [
          -105.32139,
          39.73912
        ]
      },
      "properties": {
        "id": "006E26515CAM1GP1",
        "title": "US 6 MP 265.15 EB at W Center of tunnel 2",
        "snapshotUrl": "https://cocam.carsprogram.org/Snapshots/006E26515CAM1GP1.flv.png",
        "streamUrl": "https://publicstreamer1.cotrip.org:443/rtplive/006E26515CAM1GP1/playlist.m3u8",
        "cameraCode": "006E26515CAM1GP1",
        "source": "COtrip",
        "state": "Colorado"
      }
    },
    {
      "type": "Feature",
      "geometry": {
        "type": "Point",
        "coordinates": [
          -105.32002,
          39.73828
        ]
      },
      "properties": {
        "id": "006W26525CAM1GP1",
        "title": "US 6 MP 265.25 WB at E Center of Tunnel 2",
        "snapshotUrl": "https://cocam.carsprogram.org/Snapshots/006W26525CAM1GP1.flv.png",
        "streamUrl": "https://publicstreamer1.cotrip.org:443/rtplive/006W26525CAM1GP1/playlist.m3u8",
        "cameraCode": "006W26525CAM1GP1",
        "source": "COtrip",
        "state": "Colorado"
      }
    },
    {
      "type": "Feature",
      "geometry": {
        "type": "Point",
        "coordinates": [
          -105.31954,
          39.738
        ]
      },
      "properties": {
        "id": "006W26535CAM1GP1",
        "title": "US 6 MP 265.35 WB at E Tunnel 2",
        "snapshotUrl": "https://cocam.carsprogram.org/Snapshots/006W26535CAM1GP1.flv.png",
        "streamUrl": "https://publicstreamer1.cotrip.org:443/rtplive/006W26535CAM1GP1/playlist.m3u8",
        "cameraCode": "006W26535CAM1GP1",
        "source": "COtrip",
        "state": "Colorado"
      }
    },
    {
      "type": "Feature",
      "geometry": {
        "type": "Point",
        "coordinates": [
          -105.31776,
          39.73661
        ]
      },
      "properties": {
        "id": "006E26555CAM1RHS",
        "title": "US 6 MP 265.55 EB : 0.2 miles E of Tunnel 2",
        "snapshotUrl": "https://cocam.carsprogram.org/Snapshots/006E26555CAM1RHS.flv.png",
        "streamUrl": "https://publicstreamer3.cotrip.org:443/rtplive/006E26555CAM1RHS/playlist.m3u8",
        "cameraCode": "006E26555CAM1RHS",
        "source": "COtrip",
        "state": "Colorado"
      }
    },
    {
      "type": "Feature",
      "geometry": {
        "type": "Point",
        "coordinates": [
          -105.31126,
          39.74169
        ]
      },
      "properties": {
        "id": "006W26610CAM1RHS",
        "title": "US 6 MP 266.10 WB : 0.7 miles E of Tunnel 2",
        "snapshotUrl": "https://cocam.carsprogram.org/Snapshots/006W26610CAM1RHS.flv.png",
        "streamUrl": "https://publicstreamer4.cotrip.org:443/rtplive/006W26610CAM1RHS/playlist.m3u8",
        "cameraCode": "006W26610CAM1RHS",
        "source": "COtrip",
        "state": "Colorado"
      }
    },
    {
      "type": "Feature",
      "geometry": {
        "type": "Point",
        "coordinates": [
          -105.30699,
          39.74688
        ]
      },
      "properties": {
        "id": "006E26670CAM1RHS",
        "title": "US 6 MP 266.70 EB : 1.3 miles E of Tunnel 2",
        "snapshotUrl": "https://cocam.carsprogram.org/Snapshots/006E26670CAM1RHS.flv.png",
        "streamUrl": "https://publicstreamer4.cotrip.org:443/rtplive/006E26670CAM1RHS/playlist.m3u8",
        "cameraCode": "006E26670CAM1RHS",
        "source": "COtrip",
        "state": "Colorado"
      }
    },
    {
      "type": "Feature",
      "geometry": {
        "type": "Point",
        "coordinates": [
          -105.29959,
          39.74376
        ]
      },
      "properties": {
        "id": "006W26725CAM1RHS",
        "title": "US 6 MP 267.25 WB : 1.8 miles E of Tunnel 2",
        "snapshotUrl": "https://cocam.carsprogram.org/Snapshots/006W26725CAM1RHS.flv.png",
        "streamUrl": "https://publicstreamer1.cotrip.org:443/rtplive/006W26725CAM1RHS/playlist.m3u8",
        "cameraCode": "006W26725CAM1RHS",
        "source": "COtrip",
        "state": "Colorado"
      }
    },
    {
      "type": "Feature",
      "geometry": {
        "type": "Point",
        "coordinates": [
          -105.29088,
          39.7441
        ]
      },
      "properties": {
        "id": "006W26775CAM1RHS",
        "title": "US 6 MP 267.75 WB : 2.3 miles E of Tunnel 2",
        "snapshotUrl": "https://cocam.carsprogram.org/Snapshots/006W26775CAM1RHS.flv.png",
        "streamUrl": "https://publicstreamer2.cotrip.org:443/rtplive/006W26775CAM1RHS/playlist.m3u8",
        "cameraCode": "006W26775CAM1RHS",
        "source": "COtrip",
        "state": "Colorado"
      }
    },
    {
      "type": "Feature",
      "geometry": {
        "type": "Point",
        "coordinates": [
          -105.27945,
          39.74077
        ]
      },
      "properties": {
        "id": "006E26840CAM1RHS",
        "title": "US 6 MP 268.40 EB : 2.1 miles W of Tunnel 1",
        "snapshotUrl": "https://cocam.carsprogram.org/Snapshots/006E26840CAM1RHS.flv.png",
        "streamUrl": "https://publicstreamer3.cotrip.org:443/rtplive/006E26840CAM1RHS/playlist.m3u8",
        "cameraCode": "006E26840CAM1RHS",
        "source": "COtrip",
        "state": "Colorado"
      }
    },
    {
      "type": "Feature",
      "geometry": {
        "type": "Point",
        "coordinates": [
          -105.27451,
          39.74303
        ]
      },
      "properties": {
        "id": "006E26870CAM1RHS",
        "title": "US 6 MP 268.70 EB : 1.7 miles W of Tunnel 1",
        "snapshotUrl": "https://cocam.carsprogram.org/Snapshots/006E26870CAM1RHS.flv.png",
        "streamUrl": "https://publicstreamer1.cotrip.org:443/rtplive/006E26870CAM1RHS/playlist.m3u8",
        "cameraCode": "006E26870CAM1RHS",
        "source": "COtrip",
        "state": "Colorado"
      }
    },
    {
      "type": "Feature",
      "geometry": {
        "type": "Point",
        "coordinates": [
          -105.27074,
          39.73963
        ]
      },
      "properties": {
        "id": "006E26910CAM1RHS",
        "title": "US 6 MP 269.10 EB : 1.3 miles W of Tunnel 1",
        "snapshotUrl": "https://cocam.carsprogram.org/Snapshots/006E26910CAM1RHS.flv.png",
        "streamUrl": "https://publicstreamer2.cotrip.org:443/rtplive/006E26910CAM1RHS/playlist.m3u8",
        "cameraCode": "006E26910CAM1RHS",
        "source": "COtrip",
        "state": "Colorado"
      }
    },
    {
      "type": "Feature",
      "geometry": {
        "type": "Point",
        "coordinates": [
          -105.26128,
          39.73845
        ]
      },
      "properties": {
        "id": "006E26945CAM1RHS",
        "title": "US 6 MP 269.45 EB : 0.7 miles W of Tunnel 1",
        "snapshotUrl": "https://cocam.carsprogram.org/Snapshots/006E26945CAM1RHS.flv.png",
        "streamUrl": "https://publicstreamer1.cotrip.org:443/rtplive/006E26945CAM1RHS/playlist.m3u8",
        "cameraCode": "006E26945CAM1RHS",
        "source": "COtrip",
        "state": "Colorado"
      }
    },
    {
      "type": "Feature",
      "geometry": {
        "type": "Point",
        "coordinates": [
          -105.25409,
          39.74242
        ]
      },
      "properties": {
        "id": "006E26975CAM1RHS",
        "title": "US 6 MP 269.75 EB : 0.2 miles W of Tunnel 1",
        "snapshotUrl": "https://cocam.carsprogram.org/Snapshots/006E26975CAM1RHS.flv.png",
        "streamUrl": "https://publicstreamer4.cotrip.org:443/rtplive/006E26975CAM1RHS/playlist.m3u8",
        "cameraCode": "006E26975CAM1RHS",
        "source": "COtrip",
        "state": "Colorado"
      }
    },
    {
      "type": "Feature",
      "geometry": {
        "type": "Point",
        "coordinates": [
          -105.25243,
          39.74962
        ]
      },
      "properties": {
        "id": "006W27035CAM1RHS",
        "title": "US 6 MP 270.35 WB : 0.2 miles E of Tunnel 1",
        "snapshotUrl": "https://cocam.carsprogram.org/Snapshots/006W27035CAM1RHS.flv.png",
        "streamUrl": "https://publicstreamer3.cotrip.org:443/rtplive/006W27035CAM1RHS/playlist.m3u8",
        "cameraCode": "006W27035CAM1RHS",
        "source": "COtrip",
        "state": "Colorado"
      }
    },
    {
      "type": "Feature",
      "geometry": {
        "type": "Point",
        "coordinates": [
          -105.23612,
          39.75454
        ]
      },
      "properties": {
        "id": "006W27160CAM1SEC",
        "title": "US 6 MP 271.60 WB at CO 58/CO 93 in Golden",
        "snapshotUrl": "https://cocam.carsprogram.org/Snapshots/006W27160CAM1SEC.flv.png",
        "streamUrl": "https://publicstreamer2.cotrip.org:443/rtplive/006W27160CAM1SEC/playlist.m3u8",
        "cameraCode": "006W27160CAM1SEC",
        "source": "COtrip",
        "state": "Colorado"
      }
    },
    {
      "type": "Feature",
      "geometry": {
        "type": "Point",
        "coordinates": [
          -105.23612,
          39.75454
        ]
      },
      "properties": {
        "id": "006W27160CAM1SEC",
        "title": "US 6 MP 271.60 WB at CO 58/CO 93 in Golden",
        "snapshotUrl": "https://cocam.carsprogram.org/Snapshots/006W27160CAM1SEC.flv.png",
        "streamUrl": "https://publicstreamer3.cotrip.org:443/rtplive/006W27160CAM1SEC/playlist.m3u8",
        "cameraCode": "006W27160CAM1SEC",
        "source": "COtrip",
        "state": "Colorado"
      }
    },
    {
      "type": "Feature",
      "geometry": {
        "type": "Point",
        "coordinates": [
          -105.22046,
          39.74146
        ]
      },
      "properties": {
        "id": "006E27295CAM1RHS",
        "title": "US 6 MP 272.95 EB : 0.3 miles E of 19th St in Golden",
        "snapshotUrl": "https://cocam.carsprogram.org/Snapshots/006E27295CAM1RHS.flv.png",
        "streamUrl": "https://publicstreamer3.cotrip.org:443/rtplive/006E27295CAM1RHS/playlist.m3u8",
        "cameraCode": "006E27295CAM1RHS",
        "source": "COtrip",
        "state": "Colorado"
      }
    },
    {
      "type": "Feature",
      "geometry": {
        "type": "Point",
        "coordinates": [
          -105.20944,
          39.72996
        ]
      },
      "properties": {
        "id": "006E27395CAM1SWC",
        "title": "US 6 MP 273.95 EB at Heritage Rd in Golden",
        "snapshotUrl": "https://cocam.carsprogram.org/Snapshots/006E27395CAM1SWC.flv.png",
        "streamUrl": "https://publicstreamer3.cotrip.org:443/rtplive/006E27395CAM1SWC/playlist.m3u8",
        "cameraCode": "006E27395CAM1SWC",
        "source": "COtrip",
        "state": "Colorado"
      }
    },
    {
      "type": "Feature",
      "geometry": {
        "type": "Point",
        "coordinates": [
          -105.19837,
          39.72491
        ]
      },
      "properties": {
        "id": "006E27465CAM1SEC",
        "title": "US 6 MP 274.65 EB at Johnson Rd in Golden",
        "snapshotUrl": "https://cocam.carsprogram.org/Snapshots/006E27465CAM1SEC.flv.png",
        "streamUrl": "https://publicstreamer3.cotrip.org:443/rtplive/006E27465CAM1SEC/playlist.m3u8",
        "cameraCode": "006E27465CAM1SEC",
        "source": "COtrip",
        "state": "Colorado"
      }
    },
    {
      "type": "Feature",
      "geometry": {
        "type": "Point",
        "coordinates": [
          -105.17461,
          39.72513
        ]
      },
      "properties": {
        "id": "006E27585CAM1RHS",
        "title": "US 6 MP 275.85 EB : 0.3 miles E of I-70",
        "snapshotUrl": "https://cocam.carsprogram.org/Snapshots/006E27585CAM1RHS.flv.png",
        "streamUrl": "https://publicstreamer1.cotrip.org:443/rtplive/006E27585CAM1RHS/playlist.m3u8",
        "cameraCode": "006E27585CAM1RHS",
        "source": "COtrip",
        "state": "Colorado"
      }
    },
    {
      "type": "Feature",
      "geometry": {
        "type": "Point",
        "coordinates": [
          -105.13992,
          39.7253
        ]
      },
      "properties": {
        "id": "006E27785CAM1RHS",
        "title": "US 6 MP 277.85 EB : 0.4 miles W of Union Blvd in Lakewood",
        "snapshotUrl": "https://cocam.carsprogram.org/Snapshots/006E27785CAM1RHS.flv.png",
        "streamUrl": "https://publicstreamer1.cotrip.org:443/rtplive/006E27785CAM1RHS/playlist.m3u8",
        "cameraCode": "006E27785CAM1RHS",
        "source": "COtrip",
        "state": "Colorado"
      }
    },
    {
      "type": "Feature",
      "geometry": {
        "type": "Point",
        "coordinates": [
          -105.11014,
          39.72554
        ]
      },
      "properties": {
        "id": "006W27930CAM1RP1",
        "title": "US 6 MP 279.30 WB at Kipling St/CO 391 in Lakewood",
        "snapshotUrl": "https://cocam.carsprogram.org/Snapshots/006W27930CAM1RP1.flv.png",
        "streamUrl": "https://publicstreamer2.cotrip.org:443/rtplive/006W27930CAM1RP1/playlist.m3u8",
        "cameraCode": "006W27930CAM1RP1",
        "source": "COtrip",
        "state": "Colorado"
      }
    },
    {
      "type": "Feature",
      "geometry": {
        "type": "Point",
        "coordinates": [
          -105.09993,
          39.72562
        ]
      },
      "properties": {
        "id": "006W27985CAM1RHS",
        "title": "US 6 MP 279.85 WB at Garrison St in Lakewood",
        "snapshotUrl": "https://cocam.carsprogram.org/Snapshots/006W27985CAM1RHS.flv.png",
        "streamUrl": "https://publicstreamer1.cotrip.org:443/rtplive/006W27985CAM1RHS/playlist.m3u8",
        "cameraCode": "006W27985CAM1RHS",
        "source": "COtrip",
        "state": "Colorado"
      }
    },
    {
      "type": "Feature",
      "geometry": {
        "type": "Point",
        "coordinates": [
          -105.08195,
          39.7256
        ]
      },
      "properties": {
        "id": "006W28085CAM1RP1",
        "title": "US 6 MP 280.85 WB at Wadsworth Blvd/CO 121 in Lakewood",
        "snapshotUrl": "https://cocam.carsprogram.org/Snapshots/006W28085CAM1RP1.flv.png",
        "streamUrl": "https://publicstreamer1.cotrip.org:443/rtplive/006W28085CAM1RP1/playlist.m3u8",
        "cameraCode": "006W28085CAM1RP1",
        "source": "COtrip",
        "state": "Colorado"
      }
    },
    {
      "type": "Feature",
      "geometry": {
        "type": "Point",
        "coordinates": [
          -105.05357,
          39.72583
        ]
      },
      "properties": {
        "id": "006E28230CAM1RHS",
        "title": "US 6 MP 282.30 EB at Sheridan Blvd/CO 95",
        "snapshotUrl": "https://cocam.carsprogram.org/Snapshots/006E28230CAM1RHS.flv.png",
        "streamUrl": "https://publicstreamer1.cotrip.org:443/rtplive/006E28230CAM1RHS/playlist.m3u8",
        "cameraCode": "006E28230CAM1RHS",
        "source": "COtrip",
        "state": "Colorado"
      }
    },
    {
      "type": "Feature",
      "geometry": {
        "type": "Point",
        "coordinates": [
          -105.03199,
          39.72581
        ]
      },
      "properties": {
        "id": "006W28350CAM1LHS",
        "title": "US 6 MP 283.50 WB at Knox Ct on Frontage Rd",
        "snapshotUrl": "https://cocam.carsprogram.org/Snapshots/006W28350CAM1LHS.flv.png",
        "streamUrl": "https://publicstreamer1.cotrip.org:443/rtplive/006W28350CAM1LHS/playlist.m3u8",
        "cameraCode": "006W28350CAM1LHS",
        "source": "COtrip",
        "state": "Colorado"
      }
    },
    {
      "type": "Feature",
      "geometry": {
        "type": "Point",
        "coordinates": [
          -105.02454,
          39.72592
        ]
      },
      "properties": {
        "id": "006W28400CAM1RHS",
        "title": "US 6 MP 284.00 WB : 0.1 miles E of Federal Blvd/CO 88",
        "snapshotUrl": "https://cocam.carsprogram.org/Snapshots/006W28400CAM1RHS.flv.png",
        "streamUrl": "https://publicstreamer1.cotrip.org:443/rtplive/006W28400CAM1RHS/playlist.m3u8",
        "cameraCode": "006W28400CAM1RHS",
        "source": "COtrip",
        "state": "Colorado"
      }
    },
    {
      "type": "Feature",
      "geometry": {
        "type": "Point",
        "coordinates": [
          -105.01501,
          39.72496
        ]
      },
      "properties": {
        "id": "006E28440CAM1RP1",
        "title": "US 6 MP 284.40 EB : SB I-25 Ramp to WB 6th Ave",
        "snapshotUrl": "https://cocam.carsprogram.org/Snapshots/006E28440CAM1RP1.flv.png",
        "streamUrl": "https://publicstreamer2.cotrip.org:443/rtplive/006E28440CAM1RP1/playlist.m3u8",
        "cameraCode": "006E28440CAM1RP1",
        "source": "COtrip",
        "state": "Colorado"
      }
    },
    {
      "type": "Feature",
      "geometry": {
        "type": "Point",
        "coordinates": [
          -105.03615,
          39.54786
        ]
      },
      "properties": {
        "id": "085N19920CAM1NEC",
        "title": "US 85 MP 199.20 NB at Town Center Dr",
        "snapshotUrl": "https://cocam.carsprogram.org/Snapshots/085N19920CAM1NEC.flv.png",
        "streamUrl": "https://publicstreamer4.cotrip.org:443/rtplive/085N19920CAM1NEC/playlist.m3u8",
        "cameraCode": "085N19920CAM1NEC",
        "source": "COtrip",
        "state": "Colorado"
      }
    },
    {
      "type": "Feature",
      "geometry": {
        "type": "Point",
        "coordinates": [
          -105.03632,
          39.56131
        ]
      },
      "properties": {
        "id": "085S20010CAM1NWC",
        "title": "US 85 MP 200.10 SB at Blakeland Dr TSG",
        "snapshotUrl": "https://cocam.carsprogram.org/Snapshots/085S20010CAM1NWC.flv.png",
        "streamUrl": "https://publicstreamer3.cotrip.org:443/rtplive/085S20010CAM1NWC/playlist.m3u8",
        "cameraCode": "085S20010CAM1NWC",
        "source": "COtrip",
        "state": "Colorado"
      }
    },
    {
      "type": "Feature",
      "geometry": {
        "type": "Point",
        "coordinates": [
          -105.03231,
          39.5668
        ]
      },
      "properties": {
        "id": "085S20055CAM1SWC",
        "title": "US 85 MP 200.55 SB at W County Line Rd in Littleton",
        "snapshotUrl": "https://cocam.carsprogram.org/Snapshots/085S20055CAM1SWC.flv.png",
        "streamUrl": "https://publicstreamer4.cotrip.org:443/rtplive/085S20055CAM1SWC/playlist.m3u8",
        "cameraCode": "085S20055CAM1SWC",
        "source": "COtrip",
        "state": "Colorado"
      }
    },
    {
      "type": "Feature",
      "geometry": {
        "type": "Point",
        "coordinates": [
          -104.999,
          39.6603
        ]
      },
      "properties": {
        "id": "085S20735CAM1SWC",
        "title": "US 85 MP 207.35 SB at W Dartmouth Ave",
        "snapshotUrl": "https://cocam.carsprogram.org/Snapshots/085S20735CAM1SWC.flv.png",
        "streamUrl": "https://publicstreamer2.cotrip.org:443/rtplive/085S20735CAM1SWC/playlist.m3u8",
        "cameraCode": "085S20735CAM1SWC",
        "source": "COtrip",
        "state": "Colorado"
      }
    },
    {
      "type": "Feature",
      "geometry": {
        "type": "Point",
        "coordinates": [
          -104.8457,
          39.93477
        ]
      },
      "properties": {
        "id": "085S23130CAM1GP2",
        "title": "US 85 MP 231.30 SB at E-470",
        "snapshotUrl": "https://cocam.carsprogram.org/Snapshots/085S23130CAM1GP2.flv.png",
        "streamUrl": "https://publicstreamer4.cotrip.org:443/rtplive/085S23130CAM1GP2/playlist.m3u8",
        "cameraCode": "085S23130CAM1GP2",
        "source": "COtrip",
        "state": "Colorado"
      }
    },
    {
      "type": "Feature",
      "geometry": {
        "type": "Point",
        "coordinates": [
          -104.82366,
          39.98654
        ]
      },
      "properties": {
        "id": "085N23510CAM1RHS",
        "title": "US 85 MP 235.10 NB at W Bridge St/CO 7 in Brighton",
        "snapshotUrl": "https://cocam.carsprogram.org/Snapshots/085N23510CAM1RHS.flv.png",
        "streamUrl": "https://publicstreamer2.cotrip.org:443/rtplive/085N23510CAM1RHS/playlist.m3u8",
        "cameraCode": "085N23510CAM1RHS",
        "source": "COtrip",
        "state": "Colorado"
      }
    },
    {
      "type": "Feature",
      "geometry": {
        "type": "Point",
        "coordinates": [
          -104.81956,
          40.08051
        ]
      },
      "properties": {
        "id": "085N24160CAM1RHS",
        "title": "US 85 MP 241.60 NB at 1st St/CO 52 in Fort Lupton",
        "snapshotUrl": "https://cocam.carsprogram.org/Snapshots/085N24160CAM1RHS.flv.png",
        "streamUrl": "https://publicstreamer1.cotrip.org:443/rtplive/085N24160CAM1RHS/playlist.m3u8",
        "cameraCode": "085N24160CAM1RHS",
        "source": "COtrip",
        "state": "Colorado"
      }
    },
    {
      "type": "Feature",
      "geometry": {
        "type": "Point",
        "coordinates": [
          -104.81073,
          40.0971
        ]
      },
      "properties": {
        "id": "085N24285CAM1RHS",
        "title": "US 85 MP 242.85 NB : 0.2 miles N of 14th St in Fort Lupton",
        "snapshotUrl": "https://cocam.carsprogram.org/Snapshots/085N24285CAM1RHS.flv.png",
        "streamUrl": "https://publicstreamer2.cotrip.org:443/rtplive/085N24285CAM1RHS/playlist.m3u8",
        "cameraCode": "085N24285CAM1RHS",
        "source": "COtrip",
        "state": "Colorado"
      }
    },
    {
      "type": "Feature",
      "geometry": {
        "type": "Point",
        "coordinates": [
          -104.81668,
          40.1737
        ]
      },
      "properties": {
        "id": "085S24820CAM1RHS",
        "title": "US 85 MP 248.20 SB at CR 26 in Platteville",
        "snapshotUrl": "https://cocam.carsprogram.org/Snapshots/085S24820CAM1RHS.flv.png",
        "streamUrl": "https://publicstreamer2.cotrip.org:443/rtplive/085S24820CAM1RHS/playlist.m3u8",
        "cameraCode": "085S24820CAM1RHS",
        "source": "COtrip",
        "state": "Colorado"
      }
    },
    {
      "type": "Feature",
      "geometry": {
        "type": "Point",
        "coordinates": [
          -104.82063,
          40.19203
        ]
      },
      "properties": {
        "id": "085S24950CAM1MED",
        "title": "US 85 MP 249.50 SB at Fort Vasquez Port of Entry in Platteville",
        "snapshotUrl": "https://cocam.carsprogram.org/Snapshots/085S24950CAM1MED.flv.png",
        "streamUrl": "https://publicstreamer2.cotrip.org:443/rtplive/085S24950CAM1MED/playlist.m3u8",
        "cameraCode": "085S24950CAM1MED",
        "source": "COtrip",
        "state": "Colorado"
      }
    },
    {
      "type": "Feature",
      "geometry": {
        "type": "Point",
        "coordinates": [
          -104.82124,
          40.23615
        ]
      },
      "properties": {
        "id": "085S25255CAM1RHS",
        "title": "US 85 MP 252.55 SB : 0.3 miles N of CR 34 in Platteville",
        "snapshotUrl": "https://cocam.carsprogram.org/Snapshots/085S25255CAM1RHS.flv.png",
        "streamUrl": "https://publicstreamer2.cotrip.org:443/rtplive/085S25255CAM1RHS/playlist.m3u8",
        "cameraCode": "085S25255CAM1RHS",
        "source": "COtrip",
        "state": "Colorado"
      }
    },
    {
      "type": "Feature",
      "geometry": {
        "type": "Point",
        "coordinates": [
          -104.75099,
          40.30566
        ]
      },
      "properties": {
        "id": "085S25865CAM1RHS",
        "title": "US 85 MP 258.65 SB : 0.1 miles S of WCR 44 in La Salle",
        "snapshotUrl": "https://cocam.carsprogram.org/Snapshots/085S25865CAM1RHS.flv.png",
        "streamUrl": "https://publicstreamer1.cotrip.org:443/rtplive/085S25865CAM1RHS/playlist.m3u8",
        "cameraCode": "085S25865CAM1RHS",
        "source": "COtrip",
        "state": "Colorado"
      }
    },
    {
      "type": "Feature",
      "geometry": {
        "type": "Point",
        "coordinates": [
          -104.68973,
          40.38584
        ]
      },
      "properties": {
        "id": "085N26535CAM1RHS",
        "title": "US 85 MP 265.35 NB : 0.1 miles N of 31st St in Evans",
        "snapshotUrl": "https://cocam.carsprogram.org/Snapshots/085N26535CAM1RHS.flv.png",
        "streamUrl": "https://publicstreamer2.cotrip.org:443/rtplive/085N26535CAM1RHS/playlist.m3u8",
        "cameraCode": "085N26535CAM1RHS",
        "source": "COtrip",
        "state": "Colorado"
      }
    },
    {
      "type": "Feature",
      "geometry": {
        "type": "Point",
        "coordinates": [
          -108.60985,
          37.31228
        ]
      },
      "properties": {
        "id": "160W03520CAM1NWC",
        "title": "US-160 MP 035.20 WB at US-160A/CR G, Cortez",
        "snapshotUrl": "https://cocam.carsprogram.org/Snapshots/160W03520CAM1NWC.flv.png",
        "streamUrl": "https://publicstreamer3.cotrip.org:443/rtplive/160W03520CAM1NWC/playlist.m3u8",
        "cameraCode": "160W03520CAM1NWC",
        "source": "COtrip",
        "state": "Colorado"
      }
    },
    {
      "type": "Feature",
      "geometry": {
        "type": "Point",
        "coordinates": [
          -108.59866,
          37.34139
        ]
      },
      "properties": {
        "id": "160W03740CAM1NWC",
        "title": "US-160 MP 037.40 WB at US-160A/7th St, Cortez",
        "snapshotUrl": "https://cocam.carsprogram.org/Snapshots/160W03740CAM1NWC.flv.png",
        "streamUrl": "https://publicstreamer3.cotrip.org:443/rtplive/160W03740CAM1NWC/playlist.m3u8",
        "cameraCode": "160W03740CAM1NWC",
        "source": "COtrip",
        "state": "Colorado"
      }
    },
    {
      "type": "Feature",
      "geometry": {
        "type": "Point",
        "coordinates": [
          -108.55773,
          37.34939
        ]
      },
      "properties": {
        "id": "160W03990CAM1NWC",
        "title": "US-160 MP 039.90 WB at US-160A/Hawkins St, Cortez",
        "snapshotUrl": "https://cocam.carsprogram.org/Snapshots/160W03990CAM1NWC.flv.png",
        "streamUrl": "https://publicstreamer3.cotrip.org:443/rtplive/160W03990CAM1NWC/playlist.m3u8",
        "cameraCode": "160W03990CAM1NWC",
        "source": "COtrip",
        "state": "Colorado"
      }
    },
    {
      "type": "Feature",
      "geometry": {
        "type": "Point",
        "coordinates": [
          -107.87256,
          37.2423
        ]
      },
      "properties": {
        "id": "160E08530CAM1SWC",
        "title": "US-160 MP 085.30 EB at US-160A/Sawyer St, Durango",
        "snapshotUrl": "https://cocam.carsprogram.org/Snapshots/160E08530CAM1SWC.flv.png",
        "streamUrl": "https://publicstreamer3.cotrip.org:443/rtplive/160E08530CAM1SWC/playlist.m3u8",
        "cameraCode": "160E08530CAM1SWC",
        "source": "COtrip",
        "state": "Colorado"
      }
    },
    {
      "type": "Feature",
      "geometry": {
        "type": "Point",
        "coordinates": [
          -104.95926,
          39.65287
        ]
      },
      "properties": {
        "id": "285N26175CAM1SEC",
        "title": "US-285 MP 257.65 NB at S University Blvd/CO-177",
        "snapshotUrl": "https://cocam.carsprogram.org/Snapshots/285N26175CAM1SEC.flv.png",
        "streamUrl": "https://publicstreamer1.cotrip.org:443/rtplive/285N26175CAM1SEC/playlist.m3u8",
        "cameraCode": "285N26175CAM1SEC",
        "source": "COtrip",
        "state": "Colorado"
      }
    },
    {
      "type": "Feature",
      "geometry": {
        "type": "Point",
        "coordinates": [
          -105.03215,
          39.65297
        ]
      },
      "properties": {
        "id": "285S25770CAM1NEC",
        "title": "US-285 MP 257.70 SB at S Knox Ct/S Lowell Blvd",
        "snapshotUrl": "https://cocam.carsprogram.org/Snapshots/285S25770CAM1NEC.flv.png",
        "streamUrl": "https://publicstreamer1.cotrip.org:443/rtplive/285S25770CAM1NEC/playlist.m3u8",
        "cameraCode": "285S25770CAM1NEC",
        "source": "COtrip",
        "state": "Colorado"
      }
    },
    {
      "type": "Feature",
      "geometry": {
        "type": "Point",
        "coordinates": [
          -105.0253,
          39.87505
        ]
      },
      "properties": {
        "id": "287S29205CAM1SWC",
        "title": "US-287 MP 292.05 SB at W 98th Ave/Pine St",
        "snapshotUrl": "https://cocam.carsprogram.org/Snapshots/287S29205CAM1SWC.flv.png",
        "streamUrl": "https://publicstreamer1.cotrip.org:443/rtplive/287S29205CAM1SWC/playlist.m3u8",
        "cameraCode": "287S29205CAM1SWC",
        "source": "COtrip",
        "state": "Colorado"
      }
    },
    {
      "type": "Feature",
      "geometry": {
        "type": "Point",
        "coordinates": [
          -105.07835,
          39.9139
        ]
      },
      "properties": {
        "id": "287S29745CAM1SEC",
        "title": "US-287 MP 297.45 SB at Upham St/CO-128",
        "snapshotUrl": "https://cocam.carsprogram.org/Snapshots/287S29745CAM1SEC.flv.png",
        "streamUrl": "https://publicstreamer2.cotrip.org:443/rtplive/287S29745CAM1SEC/playlist.m3u8",
        "cameraCode": "287S29745CAM1SEC",
        "source": "COtrip",
        "state": "Colorado"
      }
    },
    {
      "type": "Feature",
      "geometry": {
        "type": "Point",
        "coordinates": [
          -105.09051,
          39.92199
        ]
      },
      "properties": {
        "id": "287N29835CAM1SEC",
        "title": "US-287 MP 298.35 NB at W Midway Blvd",
        "snapshotUrl": "https://cocam.carsprogram.org/Snapshots/287N29835CAM1SEC.flv.png",
        "streamUrl": "https://publicstreamer1.cotrip.org:443/rtplive/287N29835CAM1SEC/playlist.m3u8",
        "cameraCode": "287N29835CAM1SEC",
        "source": "COtrip",
        "state": "Colorado"
      }
    },
    {
      "type": "Feature",
      "geometry": {
        "type": "Point",
        "coordinates": [
          -105.09103,
          39.92577
        ]
      },
      "properties": {
        "id": "287S29865CAM1NWC",
        "title": "US-287 MP 298.65 SB at W 6th Ave",
        "snapshotUrl": "https://cocam.carsprogram.org/Snapshots/287S29865CAM1NWC.flv.png",
        "streamUrl": "https://publicstreamer1.cotrip.org:443/rtplive/287S29865CAM1NWC/playlist.m3u8",
        "cameraCode": "287S29865CAM1NWC",
        "source": "COtrip",
        "state": "Colorado"
      }
    },
    {
      "type": "Feature",
      "geometry": {
        "type": "Point",
        "coordinates": [
          -105.2174,
          38.4481
        ]
      },
      "properties": {
        "id": "050W27980CAM1NEC",
        "title": "US-50 MP 279.80 WB at N Orchard Ave",
        "snapshotUrl": "https://cocam.carsprogram.org/Snapshots/050W27980CAM1NEC.flv.png",
        "streamUrl": "https://publicstreamer1.cotrip.org:443/rtplive/050W27980CAM1NEC/playlist.m3u8",
        "cameraCode": "050W27980CAM1NEC",
        "source": "COtrip",
        "state": "Colorado"
      }
    },
    {
      "type": "Feature",
      "geometry": {
        "type": "Point",
        "coordinates": [
          -105.20705,
          38.44776
        ]
      },
      "properties": {
        "id": "050E28030CAM1SWC",
        "title": "US-50 MP 280.30 EB at N Raynolds Ave",
        "snapshotUrl": "https://cocam.carsprogram.org/Snapshots/050E28030CAM1SWC.flv.png",
        "streamUrl": "https://publicstreamer1.cotrip.org:443/rtplive/050E28030CAM1SWC/playlist.m3u8",
        "cameraCode": "050E28030CAM1SWC",
        "source": "COtrip",
        "state": "Colorado"
      }
    },
    {
      "type": "Feature",
      "geometry": {
        "type": "Point",
        "coordinates": [
          -105.19263,
          38.44718
        ]
      },
      "properties": {
        "id": "050W28115CAM1NWC",
        "title": "US-50 MP 281.15 WB at Steinmeier Ave",
        "snapshotUrl": "https://cocam.carsprogram.org/Snapshots/050W28115CAM1NWC.flv.png",
        "streamUrl": "https://publicstreamer1.cotrip.org:443/rtplive/050W28115CAM1NWC/playlist.m3u8",
        "cameraCode": "050W28115CAM1NWC",
        "source": "COtrip",
        "state": "Colorado"
      }
    },
    {
      "type": "Feature",
      "geometry": {
        "type": "Point",
        "coordinates": [
          -105.17712,
          38.44705
        ]
      },
      "properties": {
        "id": "050E28195CAM1SEC",
        "title": "US-50 MP 281.95 EB at MacKenzie Ave",
        "snapshotUrl": "https://cocam.carsprogram.org/Snapshots/050E28195CAM1SEC.flv.png",
        "streamUrl": "https://publicstreamer1.cotrip.org:443/rtplive/050E28195CAM1SEC/playlist.m3u8",
        "cameraCode": "050E28195CAM1SEC",
        "source": "COtrip",
        "state": "Colorado"
      }
    },
    {
      "type": "Feature",
      "geometry": {
        "type": "Point",
        "coordinates": [
          -104.63029,
          38.30985
        ]
      },
      "properties": {
        "id": "050W31370CAM1SWC",
        "title": "US-50 MP 313.70 WB at Morris Ave/Fortino Blvd",
        "snapshotUrl": "https://cocam.carsprogram.org/Snapshots/050W31370CAM1SWC.flv.png",
        "streamUrl": "https://publicstreamer4.cotrip.org:443/rtplive/050W31370CAM1SWC/playlist.m3u8",
        "cameraCode": "050W31370CAM1SWC",
        "source": "COtrip",
        "state": "Colorado"
      }
    },
    {
      "type": "Feature",
      "geometry": {
        "type": "Point",
        "coordinates": [
          -107.88357,
          37.27392
        ]
      },
      "properties": {
        "id": "550E02130CAM1SWC",
        "title": "US-550 MP 021.30 EB at US-550B/9th St, Durango",
        "snapshotUrl": "https://cocam.carsprogram.org/Snapshots/550E02130CAM1SWC.flv.png",
        "streamUrl": "https://publicstreamer3.cotrip.org:443/rtplive/550E02130CAM1SWC/playlist.m3u8",
        "cameraCode": "550E02130CAM1SWC",
        "source": "COtrip",
        "state": "Colorado"
      }
    },
    {
      "type": "Feature",
      "geometry": {
        "type": "Point",
        "coordinates": [
          -107.88712,
          37.27533
        ]
      },
      "properties": {
        "id": "550E02135CAM1NEC",
        "title": "US-550 MP 021.35 EB at US-550B/Cemetery, Durango",
        "snapshotUrl": "https://cocam.carsprogram.org/Snapshots/550E02135CAM1NEC.flv.png",
        "streamUrl": "https://publicstreamer3.cotrip.org:443/rtplive/550E02135CAM1NEC/playlist.m3u8",
        "cameraCode": "550E02135CAM1NEC",
        "source": "COtrip",
        "state": "Colorado"
      }
    },
    {
      "type": "Feature",
      "geometry": {
        "type": "Point",
        "coordinates": [
          -105.01695,
          39.5103
        ]
      },
      "properties": {
        "id": "085N19620CAM1NWC",
        "title": "US-85 MP 196.20 NB at Titan Pkwy to NB US-85 Ramp",
        "snapshotUrl": "https://cocam.carsprogram.org/Snapshots/085N19620CAM1NWC.flv.png",
        "streamUrl": "https://publicstreamer1.cotrip.org:443/rtplive/085N19620CAM1NWC/playlist.m3u8",
        "cameraCode": "085N19620CAM1NWC",
        "source": "COtrip",
        "state": "Colorado"
      }
    },
    {
      "type": "Feature",
      "geometry": {
        "type": "Point",
        "coordinates": [
          -104.8817,
          39.88508
        ]
      },
      "properties": {
        "id": "085N22735CAM1SEC",
        "title": "US-85 MP 227.35 NB at E 104th Ave Commerce City",
        "snapshotUrl": "https://cocam.carsprogram.org/Snapshots/085N22735CAM1SEC.flv.png",
        "streamUrl": "https://publicstreamer1.cotrip.org:443/rtplive/085N22735CAM1SEC/playlist.m3u8",
        "cameraCode": "085N22735CAM1SEC",
        "source": "COtrip",
        "state": "Colorado"
      }
    }
  ]
}